bandwidth,cruise_speed,firm_obstacle,illuminance,obstacle_distance,obstacle_size,power,quality,smoke_intensity
21.152434534432135,3.884219178258865,1,22383.229579824692,1.8649691918314248,119.85962600160487,94,0,1
21.152434534432135,3.884219178258865,1,22383.229579824692,1.8649691918314248,119.85962600160487,69,0,1
21.152434534432135,3.884219178258865,1,22383.229579824692,1.8649691918314248,119.85962600160487,71,0,1
21.152434534432135,3.884219178258865,1,22383.229579824692,1.8649691918314248,119.85962600160487,82,0,1
21.152434534432135,3.884219178258865,1,22383.229579824692,1.8649691918314248,119.85962600160487,24,0,1
21.152434534432135,3.884219178258865,1,22383.229579824692,1.8649691918314248,119.85962600160487,34,0,1
21.152434534432135,3.884219178258865,1,22383.229579824692,1.8649691918314248,119.85962600160487,20,0,1
21.152434534432135,3.884219178258865,1,22383.229579824692,1.8649691918314248,119.85962600160487,4,0,1
21.152434534432135,3.884219178258865,1,22383.229579824692,1.8649691918314248,119.85962600160487,44,0,1
21.152434534432135,3.884219178258865,1,22383.229579824692,1.8649691918314248,119.85962600160487,57,0,1
21.152434534432135,3.884219178258865,1,22383.229579824692,1.8649691918314248,119.85962600160487,97,0,1
21.152434534432135,3.884219178258865,1,22383.229579824692,1.8649691918314248,119.85962600160487,14,0,1
21.152434534432135,3.884219178258865,1,22383.229579824692,1.8649691918314248,119.85962600160487,99,0,1
21.152434534432135,3.884219178258865,1,22383.229579824692,1.8649691918314248,119.85962600160487,72,0,1
21.152434534432135,3.884219178258865,1,22383.229579824692,1.8649691918314248,119.85962600160487,47,0,1
21.152434534432135,3.884219178258865,1,22383.229579824692,1.8649691918314248,119.85962600160487,34,0,1
21.152434534432135,3.884219178258865,1,22383.229579824692,1.8649691918314248,119.85962600160487,70,0,1
21.152434534432135,3.884219178258865,1,22383.229579824692,1.8649691918314248,119.85962600160487,46,0,1
21.152434534432135,3.884219178258865,1,22383.229579824692,1.8649691918314248,119.85962600160487,27,0,1
21.152434534432135,3.884219178258865,1,22383.229579824692,1.8649691918314248,119.85962600160487,98,0,1
21.152434534432135,3.884219178258865,1,22383.229579824692,1.8649691918314248,119.85962600160487,21,0,1
21.152434534432135,3.884219178258865,1,22383.229579824692,1.8649691918314248,119.85962600160487,78,0,1
21.152434534432135,3.884219178258865,1,22383.229579824692,1.8649691918314248,119.85962600160487,10,0,1
21.152434534432135,3.884219178258865,1,22383.229579824692,1.8649691918314248,119.85962600160487,85,0,1
21.152434534432135,3.884219178258865,1,22383.229579824692,1.8649691918314248,119.85962600160487,14,0,1
21.152434534432135,3.884219178258865,1,22383.229579824692,1.8649691918314248,119.85962600160487,56,0,1
21.152434534432135,3.884219178258865,1,22383.229579824692,1.8649691918314248,119.85962600160487,52,0,1
21.152434534432135,3.884219178258865,1,22383.229579824692,1.8649691918314248,119.85962600160487,95,0,1
21.152434534432135,3.884219178258865,1,22383.229579824692,1.8649691918314248,119.85962600160487,89,0,1
21.152434534432135,3.884219178258865,1,22383.229579824692,1.8649691918314248,119.85962600160487,1,0,1
10.811327808668349,4.445919529459307,0,46243.02486527485,7.488305078922695,67.24577724821195,100,0,1
10.811327808668349,1.9487924167495678,0,46243.02486527485,7.488305078922695,67.24577724821195,100,0,1
10.811327808668349,1.1587006394190702,0,46243.02486527485,7.488305078922695,67.24577724821195,100,0,1
10.811327808668349,2.6719711362668046,0,46243.02486527485,7.488305078922695,67.24577724821195,100,0,1
10.811327808668349,4.723451393263783,0,46243.02486527485,7.488305078922695,67.24577724821195,100,0,1
10.811327808668349,1.6549915540203364,0,46243.02486527485,7.488305078922695,67.24577724821195,100,0,1
10.811327808668349,4.5431059054434595,0,46243.02486527485,7.488305078922695,67.24577724821195,100,0,1
10.811327808668349,2.336658062525428,0,46243.02486527485,7.488305078922695,67.24577724821195,100,0,1
10.811327808668349,4.836438823943656,0,46243.02486527485,7.488305078922695,67.24577724821195,100,0,1
10.811327808668349,3.821134916995925,0,46243.02486527485,7.488305078922695,67.24577724821195,100,0,1
10.811327808668349,3.9167692383193704,0,46243.02486527485,7.488305078922695,67.24577724821195,100,0,1
10.811327808668349,1.8076374146537177,0,46243.02486527485,7.488305078922695,67.24577724821195,100,0,1
10.811327808668349,2.9389399510674945,0,46243.02486527485,7.488305078922695,67.24577724821195,100,0,1
10.811327808668349,1.24274579746266,0,46243.02486527485,7.488305078922695,67.24577724821195,100,0,1
10.811327808668349,4.000693250064859,0,46243.02486527485,7.488305078922695,67.24577724821195,100,0,1
10.811327808668349,1.292633062788206,0,46243.02486527485,7.488305078922695,67.24577724821195,100,0,1
10.811327808668349,3.363048498415063,0,46243.02486527485,7.488305078922695,67.24577724821195,100,0,1
10.811327808668349,0.37672717332276284,0,46243.02486527485,7.488305078922695,67.24577724821195,100,0,1
10.811327808668349,1.2343489637789573,0,46243.02486527485,7.488305078922695,67.24577724821195,100,0,1
10.811327808668349,1.790602187145514,0,46243.02486527485,7.488305078922695,67.24577724821195,100,0,1
10.811327808668349,0.8602773312303663,0,46243.02486527485,7.488305078922695,67.24577724821195,100,0,1
10.811327808668349,1.3014767682115584,0,46243.02486527485,7.488305078922695,67.24577724821195,100,0,1
10.811327808668349,1.0090162477169307,0,46243.02486527485,7.488305078922695,67.24577724821195,100,0,1
10.811327808668349,0.19881848556329462,0,46243.02486527485,7.488305078922695,67.24577724821195,100,0,1
10.811327808668349,1.714344991670378,0,46243.02486527485,7.488305078922695,67.24577724821195,100,0,1
10.811327808668349,2.3412484094353196,0,46243.02486527485,7.488305078922695,67.24577724821195,100,0,1
10.811327808668349,2.0867471700733593,0,46243.02486527485,7.488305078922695,67.24577724821195,100,0,1
10.811327808668349,4.497619541181023,0,46243.02486527485,7.488305078922695,67.24577724821195,100,0,1
10.811327808668349,0.44437183343807696,0,46243.02486527485,7.488305078922695,67.24577724821195,100,0,1
10.811327808668349,3.1198299720120386,0,46243.02486527485,7.488305078922695,67.24577724821195,100,0,1
23.94947092624699,0.5298286784907652,0,95942.75307207409,1.4477725387118812,34.263513701061505,16,0,0
11.038710377823788,0.5298286784907652,0,95942.75307207409,1.4477725387118812,34.263513701061505,16,0,0
40.91994008832372,0.5298286784907652,0,95942.75307207409,1.4477725387118812,34.263513701061505,16,0,0
26.88056978337866,0.5298286784907652,0,95942.75307207409,1.4477725387118812,34.263513701061505,16,0,0
49.04809498274561,0.5298286784907652,0,95942.75307207409,1.4477725387118812,34.263513701061505,16,0,0
40.980697627392594,0.5298286784907652,0,95942.75307207409,1.4477725387118812,34.263513701061505,16,0,0
44.75215972551346,0.5298286784907652,0,95942.75307207409,1.4477725387118812,34.263513701061505,16,0,0
32.639732608035104,0.5298286784907652,0,95942.75307207409,1.4477725387118812,34.263513701061505,16,0,0
23.58057149318206,0.5298286784907652,0,95942.75307207409,1.4477725387118812,34.263513701061505,16,0,0
44.17552432498378,0.5298286784907652,0,95942.75307207409,1.4477725387118812,34.263513701061505,16,0,0
26.526437505401773,0.5298286784907652,0,95942.75307207409,1.4477725387118812,34.263513701061505,16,0,0
44.85273368168272,0.5298286784907652,0,95942.75307207409,1.4477725387118812,34.263513701061505,16,0,0
46.528671175188535,0.5298286784907652,0,95942.75307207409,1.4477725387118812,34.263513701061505,16,0,0
24.165280339686028,0.5298286784907652,0,95942.75307207409,1.4477725387118812,34.263513701061505,16,0,0
39.00861750407884,0.5298286784907652,0,95942.75307207409,1.4477725387118812,34.263513701061505,16,0,0
42.548382186562925,0.5298286784907652,0,95942.75307207409,1.4477725387118812,34.263513701061505,16,0,0
49.91496449465177,0.5298286784907652,0,95942.75307207409,1.4477725387118812,34.263513701061505,16,0,0
28.298888555867055,0.5298286784907652,0,95942.75307207409,1.4477725387118812,34.263513701061505,16,0,0
18.028480665104105,0.5298286784907652,0,95942.75307207409,1.4477725387118812,34.263513701061505,16,0,0
20.329229558722677,0.5298286784907652,0,95942.75307207409,1.4477725387118812,34.263513701061505,16,0,0
25.267079757067762,0.5298286784907652,0,95942.75307207409,1.4477725387118812,34.263513701061505,16,0,0
12.856197407990662,0.5298286784907652,0,95942.75307207409,1.4477725387118812,34.263513701061505,16,0,0
37.72314120148132,0.5298286784907652,0,95942.75307207409,1.4477725387118812,34.263513701061505,16,0,0
12.274239493837511,0.5298286784907652,0,95942.75307207409,1.4477725387118812,34.263513701061505,16,0,0
28.59819694337613,0.5298286784907652,0,95942.75307207409,1.4477725387118812,34.263513701061505,16,0,0
49.91968562574395,0.5298286784907652,0,95942.75307207409,1.4477725387118812,34.263513701061505,16,0,0
26.131094859820582,0.5298286784907652,0,95942.75307207409,1.4477725387118812,34.263513701061505,16,0,0
18.42147527312417,0.5298286784907652,0,95942.75307207409,1.4477725387118812,34.263513701061505,16,0,0
26.345521160600207,0.5298286784907652,0,95942.75307207409,1.4477725387118812,34.263513701061505,16,0,0
20.45122849647357,0.5298286784907652,0,95942.75307207409,1.4477725387118812,34.263513701061505,16,0,0
43.579909925363445,0.09249314091721805,1,79724.26265783828,6.6420643827635715,98.51233127487703,71,1,2
43.579909925363445,0.09249314091721805,1,79724.26265783828,6.6420643827635715,98.51233127487703,71,0,2
43.579909925363445,0.09249314091721805,1,79724.26265783828,6.6420643827635715,98.51233127487703,71,0,2
43.579909925363445,0.09249314091721805,1,79724.26265783828,6.6420643827635715,98.51233127487703,71,0,2
43.579909925363445,0.09249314091721805,1,79724.26265783828,6.6420643827635715,98.51233127487703,71,2,2
43.579909925363445,0.09249314091721805,1,79724.26265783828,6.6420643827635715,98.51233127487703,71,0,2
43.579909925363445,0.09249314091721805,1,79724.26265783828,6.6420643827635715,98.51233127487703,71,0,2
43.579909925363445,0.09249314091721805,1,79724.26265783828,6.6420643827635715,98.51233127487703,71,1,2
43.579909925363445,0.09249314091721805,1,79724.26265783828,6.6420643827635715,98.51233127487703,71,1,2
43.579909925363445,0.09249314091721805,1,79724.26265783828,6.6420643827635715,98.51233127487703,71,0,2
43.579909925363445,0.09249314091721805,1,79724.26265783828,6.6420643827635715,98.51233127487703,71,0,2
43.579909925363445,0.09249314091721805,1,79724.26265783828,6.6420643827635715,98.51233127487703,71,1,2
43.579909925363445,0.09249314091721805,1,79724.26265783828,6.6420643827635715,98.51233127487703,71,1,2
43.579909925363445,0.09249314091721805,1,79724.26265783828,6.6420643827635715,98.51233127487703,71,2,2
43.579909925363445,0.09249314091721805,1,79724.26265783828,6.6420643827635715,98.51233127487703,71,2,2
43.579909925363445,0.09249314091721805,1,79724.26265783828,6.6420643827635715,98.51233127487703,71,0,2
43.579909925363445,0.09249314091721805,1,79724.26265783828,6.6420643827635715,98.51233127487703,71,1,2
43.579909925363445,0.09249314091721805,1,79724.26265783828,6.6420643827635715,98.51233127487703,71,1,2
43.579909925363445,0.09249314091721805,1,79724.26265783828,6.6420643827635715,98.51233127487703,71,0,2
43.579909925363445,0.09249314091721805,1,79724.26265783828,6.6420643827635715,98.51233127487703,71,1,2
43.579909925363445,0.09249314091721805,1,79724.26265783828,6.6420643827635715,98.51233127487703,71,2,2
43.579909925363445,0.09249314091721805,1,79724.26265783828,6.6420643827635715,98.51233127487703,71,1,2
43.579909925363445,0.09249314091721805,1,79724.26265783828,6.6420643827635715,98.51233127487703,71,1,2
43.579909925363445,0.09249314091721805,1,79724.26265783828,6.6420643827635715,98.51233127487703,71,1,2
43.579909925363445,0.09249314091721805,1,79724.26265783828,6.6420643827635715,98.51233127487703,71,0,2
43.579909925363445,0.09249314091721805,1,79724.26265783828,6.6420643827635715,98.51233127487703,71,0,2
43.579909925363445,0.09249314091721805,1,79724.26265783828,6.6420643827635715,98.51233127487703,71,2,2
43.579909925363445,0.09249314091721805,1,79724.26265783828,6.6420643827635715,98.51233127487703,71,2,2
43.579909925363445,0.09249314091721805,1,79724.26265783828,6.6420643827635715,98.51233127487703,71,1,2
43.579909925363445,0.09249314091721805,1,79724.26265783828,6.6420643827635715,98.51233127487703,71,2,2
13.418256830239802,1.1875632794548907,1,99476.10611840714,6.902419944196239,89.13310798357303,55,1,1
13.418256830239802,1.1875632794548907,1,70163.45559633293,6.902419944196239,89.13310798357303,55,1,1
13.418256830239802,1.1875632794548907,1,99975.71570598756,6.902419944196239,89.13310798357303,55,1,1
13.418256830239802,1.1875632794548907,1,80761.54130755694,6.902419944196239,89.13310798357303,55,1,1
13.418256830239802,1.1875632794548907,1,103879.01173422448,6.902419944196239,89.13310798357303,55,1,1
13.418256830239802,1.1875632794548907,1,59911.99615825895,6.902419944196239,89.13310798357303,55,1,1
13.418256830239802,1.1875632794548907,1,33897.169623937174,6.902419944196239,89.13310798357303,55,1,1
13.418256830239802,1.1875632794548907,1,66966.33135365635,6.902419944196239,89.13310798357303,55,1,1
13.418256830239802,1.1875632794548907,1,59488.62794065881,6.902419944196239,89.13310798357303,55,1,1
13.418256830239802,1.1875632794548907,1,25191.85807463716,6.902419944196239,89.13310798357303,55,1,1
13.418256830239802,1.1875632794548907,1,80768.52575319327,6.902419944196239,89.13310798357303,55,1,1
13.418256830239802,1.1875632794548907,1,87710.66059206014,6.902419944196239,89.13310798357303,55,1,1
13.418256830239802,1.1875632794548907,1,31708.523381576866,6.902419944196239,89.13310798357303,55,1,1
13.418256830239802,1.1875632794548907,1,19676.60627732813,6.902419944196239,89.13310798357303,55,1,1
13.418256830239802,1.1875632794548907,1,69777.56807618876,6.902419944196239,89.13310798357303,55,1,1
13.418256830239802,1.1875632794548907,1,55112.21850504001,6.902419944196239,89.13310798357303,55,1,1
13.418256830239802,1.1875632794548907,1,86989.55379749746,6.902419944196239,89.13310798357303,55,1,1
13.418256830239802,1.1875632794548907,1,89303.18867083486,6.902419944196239,89.13310798357303,55,1,1
13.418256830239802,1.1875632794548907,1,2355.5341182349125,6.902419944196239,89.13310798357303,55,1,1
13.418256830239802,1.1875632794548907,1,25288.748721706586,6.902419944196239,89.13310798357303,55,1,1
13.418256830239802,1.1875632794548907,1,103985.89334334065,6.902419944196239,89.13310798357303,55,1,1
13.418256830239802,1.1875632794548907,1,80692.17138615865,6.902419944196239,89.13310798357303,55,1,1
13.418256830239802,1.1875632794548907,1,94815.88788365846,6.902419944196239,89.13310798357303,55,1,1
13.418256830239802,1.1875632794548907,1,89318.74682592695,6.902419944196239,89.13310798357303,55,1,1
13.418256830239802,1.1875632794548907,1,71296.71510329984,6.902419944196239,89.13310798357303,55,1,1
13.418256830239802,1.1875632794548907,1,38851.97493085486,6.902419944196239,89.13310798357303,55,1,1
13.418256830239802,1.1875632794548907,1,34320.46822409053,6.902419944196239,89.13310798357303,55,1,1
13.418256830239802,1.1875632794548907,1,74517.41625983363,6.902419944196239,89.13310798357303,55,1,1
13.418256830239802,1.1875632794548907,1,74153.84099087134,6.902419944196239,89.13310798357303,55,1,1
13.418256830239802,1.1875632794548907,1,110229.2915234303,6.902419944196239,89.13310798357303,55,1,1
18.203839861072804,0.9092050012349279,0,113619.45420413326,8.546731779345691,49.529708284697946,20,0,0
18.203839861072804,0.9092050012349279,0,113619.45420413326,8.546731779345691,49.529708284697946,20,0,1
18.203839861072804,0.9092050012349279,0,113619.45420413326,8.546731779345691,49.529708284697946,20,0,1
18.203839861072804,0.9092050012349279,0,113619.45420413326,8.546731779345691,49.529708284697946,20,0,1
18.203839861072804,0.9092050012349279,0,113619.45420413326,8.546731779345691,49.529708284697946,20,0,0
18.203839861072804,0.9092050012349279,0,113619.45420413326,8.546731779345691,49.529708284697946,20,0,0
18.203839861072804,0.9092050012349279,0,113619.45420413326,8.546731779345691,49.529708284697946,20,0,0
18.203839861072804,0.9092050012349279,0,113619.45420413326,8.546731779345691,49.529708284697946,20,0,1
18.203839861072804,0.9092050012349279,0,113619.45420413326,8.546731779345691,49.529708284697946,20,0,1
18.203839861072804,0.9092050012349279,0,113619.45420413326,8.546731779345691,49.529708284697946,20,0,2
18.203839861072804,0.9092050012349279,0,113619.45420413326,8.546731779345691,49.529708284697946,20,0,0
18.203839861072804,0.9092050012349279,0,113619.45420413326,8.546731779345691,49.529708284697946,20,0,1
18.203839861072804,0.9092050012349279,0,113619.45420413326,8.546731779345691,49.529708284697946,20,0,2
18.203839861072804,0.9092050012349279,0,113619.45420413326,8.546731779345691,49.529708284697946,20,0,1
18.203839861072804,0.9092050012349279,0,113619.45420413326,8.546731779345691,49.529708284697946,20,0,1
18.203839861072804,0.9092050012349279,0,113619.45420413326,8.546731779345691,49.529708284697946,20,0,1
18.203839861072804,0.9092050012349279,0,113619.45420413326,8.546731779345691,49.529708284697946,20,0,1
18.203839861072804,0.9092050012349279,0,113619.45420413326,8.546731779345691,49.529708284697946,20,0,2
18.203839861072804,0.9092050012349279,0,113619.45420413326,8.546731779345691,49.529708284697946,20,0,2
18.203839861072804,0.9092050012349279,0,113619.45420413326,8.546731779345691,49.529708284697946,20,0,0
18.203839861072804,0.9092050012349279,0,113619.45420413326,8.546731779345691,49.529708284697946,20,0,2
18.203839861072804,0.9092050012349279,0,113619.45420413326,8.546731779345691,49.529708284697946,20,0,2
18.203839861072804,0.9092050012349279,0,113619.45420413326,8.546731779345691,49.529708284697946,20,0,1
18.203839861072804,0.9092050012349279,0,113619.45420413326,8.546731779345691,49.529708284697946,20,0,1
18.203839861072804,0.9092050012349279,0,113619.45420413326,8.546731779345691,49.529708284697946,20,0,2
18.203839861072804,0.9092050012349279,0,113619.45420413326,8.546731779345691,49.529708284697946,20,0,1
18.203839861072804,0.9092050012349279,0,113619.45420413326,8.546731779345691,49.529708284697946,20,0,1
18.203839861072804,0.9092050012349279,0,113619.45420413326,8.546731779345691,49.529708284697946,20,0,0
18.203839861072804,0.9092050012349279,0,113619.45420413326,8.546731779345691,49.529708284697946,20,0,0
18.203839861072804,0.9092050012349279,0,113619.45420413326,8.546731779345691,49.529708284697946,20,0,2
42.75490821358304,0.9006403254410383,1,50752.35444617167,4.586590187003595,53.80819065315595,24,1,0
42.75490821358304,0.9006403254410383,1,50752.35444617167,4.586590187003595,112.55104306826118,24,1,0
42.75490821358304,0.9006403254410383,1,50752.35444617167,4.586590187003595,114.79376519697189,24,1,0
42.75490821358304,0.9006403254410383,1,50752.35444617167,4.586590187003595,108.26717107943443,24,1,0
42.75490821358304,0.9006403254410383,1,50752.35444617167,4.586590187003595,82.2453885987115,24,1,0
42.75490821358304,0.9006403254410383,1,50752.35444617167,4.586590187003595,21.25134423467179,24,1,0
42.75490821358304,0.9006403254410383,1,50752.35444617167,4.586590187003595,23.89534697772515,24,1,0
42.75490821358304,0.9006403254410383,1,50752.35444617167,4.586590187003595,45.254330220007645,24,1,0
42.75490821358304,0.9006403254410383,1,50752.35444617167,4.586590187003595,21.016073642024363,24,1,0
42.75490821358304,0.9006403254410383,1,50752.35444617167,4.586590187003595,113.74839417105517,24,1,0
42.75490821358304,0.9006403254410383,1,50752.35444617167,4.586590187003595,53.07163551777614,24,1,0
42.75490821358304,0.9006403254410383,1,50752.35444617167,4.586590187003595,84.78636977427254,24,1,0
42.75490821358304,0.9006403254410383,1,50752.35444617167,4.586590187003595,19.420264520599577,24,1,0
42.75490821358304,0.9006403254410383,1,50752.35444617167,4.586590187003595,68.82665007920288,24,1,0
42.75490821358304,0.9006403254410383,1,50752.35444617167,4.586590187003595,11.368736352647272,24,1,0
42.75490821358304,0.9006403254410383,1,50752.35444617167,4.586590187003595,30.439508952141765,24,1,0
42.75490821358304,0.9006403254410383,1,50752.35444617167,4.586590187003595,97.85329307755134,24,1,0
42.75490821358304,0.9006403254410383,1,50752.35444617167,4.586590187003595,51.754577779971974,24,1,0
42.75490821358304,0.9006403254410383,1,50752.35444617167,4.586590187003595,97.23674567966918,24,1,0
42.75490821358304,0.9006403254410383,1,50752.35444617167,4.586590187003595,62.217759391196104,24,1,0
42.75490821358304,0.9006403254410383,1,50752.35444617167,4.586590187003595,59.82899590124015,24,1,0
42.75490821358304,0.9006403254410383,1,50752.35444617167,4.586590187003595,54.54775768428388,24,1,0
42.75490821358304,0.9006403254410383,1,50752.35444617167,4.586590187003595,44.869545990471934,24,1,0
42.75490821358304,0.9006403254410383,1,50752.35444617167,4.586590187003595,64.7545372426035,24,1,0
42.75490821358304,0.9006403254410383,1,50752.35444617167,4.586590187003595,34.4210261474544,24,1,0
42.75490821358304,0.9006403254410383,1,50752.35444617167,4.586590187003595,100.84637379605255,24,1,0
42.75490821358304,0.9006403254410383,1,50752.35444617167,4.586590187003595,28.792766638575475,24,1,0
42.75490821358304,0.9006403254410383,1,50752.35444617167,4.586590187003595,87.47656481251892,24,1,0
42.75490821358304,0.9006403254410383,1,50752.35444617167,4.586590187003595,44.803044486262806,24,1,0
42.75490821358304,0.9006403254410383,1,50752.35444617167,4.586590187003595,65.32490380181304,24,1,0
30.344589705599954,2.7636913212815912,0,99306.5913612688,1.4802973837902855,110.36210506070852,7,0,2
30.344589705599954,2.7636913212815912,0,99306.5913612688,9.271401645019147,110.36210506070852,7,0,2
30.344589705599954,2.7636913212815912,0,99306.5913612688,3.3316632634793955,110.36210506070852,7,0,2
30.344589705599954,2.7636913212815912,0,99306.5913612688,9.611400756292225,110.36210506070852,7,0,2
30.344589705599954,2.7636913212815912,0,99306.5913612688,1.6469539599499172,110.36210506070852,7,0,2
30.344589705599954,2.7636913212815912,0,99306.5913612688,3.2410573566932865,110.36210506070852,7,0,2
30.344589705599954,2.7636913212815912,0,99306.5913612688,6.272927820729716,110.36210506070852,7,0,2
30.344589705599954,2.7636913212815912,0,99306.5913612688,5.580808618085399,110.36210506070852,7,0,2
30.344589705599954,2.7636913212815912,0,99306.5913612688,8.564497544205986,110.36210506070852,7,0,2
30.344589705599954,2.7636913212815912,0,99306.5913612688,0.6809933847519756,110.36210506070852,7,0,2
30.344589705599954,2.7636913212815912,0,99306.5913612688,4.404849231038206,110.36210506070852,7,0,2
30.344589705599954,2.7636913212815912,0,99306.5913612688,5.4558621235772256,110.36210506070852,7,0,2
30.344589705599954,2.7636913212815912,0,99306.5913612688,5.294757193402676,110.36210506070852,7,0,2
30.344589705599954,2.7636913212815912,0,99306.5913612688,5.5845272113182345,110.36210506070852,7,0,2
30.344589705599954,2.7636913212815912,0,99306.5913612688,3.9713230939513045,110.36210506070852,7,0,2
30.344589705599954,2.7636913212815912,0,99306.5913612688,9.870646810078256,110.36210506070852,7,0,2
30.344589705599954,2.7636913212815912,0,99306.5913612688,1.9205627458119168,110.36210506070852,7,0,2
30.344589705599954,2.7636913212815912,0,99306.5913612688,3.153503000991673,110.36210506070852,7,0,2
30.344589705599954,2.7636913212815912,0,99306.5913612688,4.511502848193045,110.36210506070852,7,0,2
30.344589705599954,2.7636913212815912,0,99306.5913612688,9.609598066219755,110.36210506070852,7,0,2
30.344589705599954,2.7636913212815912,0,99306.5913612688,2.4980302436692723,110.36210506070852,7,0,2
30.344589705599954,2.7636913212815912,0,99306.5913612688,2.2849057437553935,110.36210506070852,7,0,2
30.344589705599954,2.7636913212815912,0,99306.5913612688,5.343989617680274,110.36210506070852,7,0,2
30.344589705599954,2.7636913212815912,0,99306.5913612688,5.303766661328474,110.36210506070852,7,0,2
30.344589705599954,2.7636913212815912,0,99306.5913612688,4.79070226737583,110.36210506070852,7,0,2
30.344589705599954,2.7636913212815912,0,99306.5913612688,5.256161953713892,110.36210506070852,7,0,2
30.344589705599954,2.7636913212815912,0,99306.5913612688,7.876370396620508,110.36210506070852,7,0,2
30.344589705599954,2.7636913212815912,0,99306.5913612688,7.9068046602364,110.36210506070852,7,0,2
30.344589705599954,2.7636913212815912,0,99306.5913612688,8.766754063389024,110.36210506070852,7,0,2
30.344589705599954,2.7636913212815912,0,99306.5913612688,3.7043051921197225,110.36210506070852,7,0,2
10.650865466035428,3.775958695019965,1,28349.00614032145,9.749915006416849,108.50692985143864,10,2,2
10.650865466035428,3.775958695019965,1,28349.00614032145,9.749915006416849,108.50692985143864,10,2,2
10.650865466035428,3.775958695019965,0,28349.00614032145,9.749915006416849,108.50692985143864,10,2,2
10.650865466035428,3.775958695019965,1,28349.00614032145,9.749915006416849,108.50692985143864,10,2,2
10.650865466035428,3.775958695019965,1,28349.00614032145,9.749915006416849,108.50692985143864,10,2,2
10.650865466035428,3.775958695019965,0,28349.00614032145,9.749915006416849,108.50692985143864,10,2,2
10.650865466035428,3.775958695019965,1,28349.00614032145,9.749915006416849,108.50692985143864,10,2,2
10.650865466035428,3.775958695019965,1,28349.00614032145,9.749915006416849,108.50692985143864,10,2,2
10.650865466035428,3.775958695019965,0,28349.00614032145,9.749915006416849,108.50692985143864,10,2,2
10.650865466035428,3.775958695019965,0,28349.00614032145,9.749915006416849,108.50692985143864,10,2,2
10.650865466035428,3.775958695019965,0,28349.00614032145,9.749915006416849,108.50692985143864,10,2,2
10.650865466035428,3.775958695019965,1,28349.00614032145,9.749915006416849,108.50692985143864,10,2,2
10.650865466035428,3.775958695019965,1,28349.00614032145,9.749915006416849,108.50692985143864,10,2,2
10.650865466035428,3.775958695019965,1,28349.00614032145,9.749915006416849,108.50692985143864,10,2,2
10.650865466035428,3.775958695019965,1,28349.00614032145,9.749915006416849,108.50692985143864,10,2,2
10.650865466035428,3.775958695019965,1,28349.00614032145,9.749915006416849,108.50692985143864,10,2,2
10.650865466035428,3.775958695019965,1,28349.00614032145,9.749915006416849,108.50692985143864,10,2,2
10.650865466035428,3.775958695019965,0,28349.00614032145,9.749915006416849,108.50692985143864,10,2,2
10.650865466035428,3.775958695019965,1,28349.00614032145,9.749915006416849,108.50692985143864,10,2,2
10.650865466035428,3.775958695019965,1,28349.00614032145,9.749915006416849,108.50692985143864,10,2,2
10.650865466035428,3.775958695019965,1,28349.00614032145,9.749915006416849,108.50692985143864,10,2,2
10.650865466035428,3.775958695019965,1,28349.00614032145,9.749915006416849,108.50692985143864,10,2,2
10.650865466035428,3.775958695019965,0,28349.00614032145,9.749915006416849,108.50692985143864,10,2,2
10.650865466035428,3.775958695019965,0,28349.00614032145,9.749915006416849,108.50692985143864,10,2,2
10.650865466035428,3.775958695019965,0,28349.00614032145,9.749915006416849,108.50692985143864,10,2,2
10.650865466035428,3.775958695019965,1,28349.00614032145,9.749915006416849,108.50692985143864,10,2,2
10.650865466035428,3.775958695019965,1,28349.00614032145,9.749915006416849,108.50692985143864,10,2,2
10.650865466035428,3.775958695019965,1,28349.00614032145,9.749915006416849,108.50692985143864,10,2,2
10.650865466035428,3.775958695019965,0,28349.00614032145,9.749915006416849,108.50692985143864,10,2,2
10.650865466035428,3.775958695019965,1,28349.00614032145,9.749915006416849,108.50692985143864,10,2,2
23.94947092624699,4.445919529459307,1,99476.10611840714,1.4802973837902855,53.80819065315595,94,1,0
11.038710377823788,1.9487924167495678,1,70163.45559633293,9.271401645019147,112.55104306826118,69,0,1
40.91994008832372,1.1587006394190702,0,99975.71570598756,3.3316632634793955,114.79376519697189,71,0,1
26.88056978337866,2.6719711362668046,1,80761.54130755694,9.611400756292225,108.26717107943443,82,0,1
49.04809498274561,4.723451393263783,1,103879.01173422448,1.6469539599499172,82.2453885987115,24,2,0
40.980697627392594,1.6549915540203364,0,59911.99615825895,3.2410573566932865,21.25134423467179,34,0,0
44.75215972551346,4.5431059054434595,1,33897.169623937174,6.272927820729716,23.89534697772515,20,0,0
32.639732608035104,2.336658062525428,1,66966.33135365635,5.580808618085399,45.254330220007645,4,1,1
23.58057149318206,4.836438823943656,0,59488.62794065881,8.564497544205986,21.016073642024363,44,1,1
44.17552432498378,3.821134916995925,0,25191.85807463716,0.6809933847519756,113.74839417105517,57,0,2
26.526437505401773,3.9167692383193704,0,80768.52575319327,4.404849231038206,53.07163551777614,97,0,0
44.85273368168272,1.8076374146537177,1,87710.66059206014,5.4558621235772256,84.78636977427254,14,1,1
46.528671175188535,2.9389399510674945,1,31708.523381576866,5.294757193402676,19.420264520599577,99,1,2
24.165280339686028,1.24274579746266,1,19676.60627732813,5.5845272113182345,68.82665007920288,72,2,1
39.00861750407884,4.000693250064859,1,69777.56807618876,3.9713230939513045,11.368736352647272,47,2,1
42.548382186562925,1.292633062788206,1,55112.21850504001,9.870646810078256,30.439508952141765,34,0,1
49.91496449465177,3.363048498415063,1,86989.55379749746,1.9205627458119168,97.85329307755134,70,1,1
28.298888555867055,0.37672717332276284,0,89303.18867083486,3.153503000991673,51.754577779971974,46,1,2
18.028480665104105,1.2343489637789573,1,2355.5341182349125,4.511502848193045,97.23674567966918,27,0,2
20.329229558722677,1.790602187145514,1,25288.748721706586,9.609598066219755,62.217759391196104,98,1,0
25.267079757067762,0.8602773312303663,1,103985.89334334065,2.4980302436692723,59.82899590124015,21,2,2
12.856197407990662,1.3014767682115584,1,80692.17138615865,2.2849057437553935,54.54775768428388,78,1,2
37.72314120148132,1.0090162477169307,0,94815.88788365846,5.343989617680274,44.869545990471934,10,1,1
12.274239493837511,0.19881848556329462,0,89318.74682592695,5.303766661328474,64.7545372426035,85,1,1
28.59819694337613,1.714344991670378,0,71296.71510329984,4.79070226737583,34.4210261474544,14,0,2
49.91968562574395,2.3412484094353196,1,38851.97493085486,5.256161953713892,100.84637379605255,56,0,1
26.131094859820582,2.0867471700733593,1,34320.46822409053,7.876370396620508,28.792766638575475,52,2,1
18.42147527312417,4.497619541181023,1,74517.41625983363,7.9068046602364,87.47656481251892,95,2,0
26.345521160600207,0.44437183343807696,0,74153.84099087134,8.766754063389024,44.803044486262806,89,1,0
20.45122849647357,3.1198299720120386,1,110229.2915234303,3.7043051921197225,65.32490380181304,1,2,2
44.54243456575709,0.2216188045231262,0,33897.169623937174,6.272927820729716,24.185627164788706,85,0,1
10.040440066061509,1.1595865026881902,0,81485.04708525652,3.3316632634793955,116.59811666849777,71,0,1
26.345521160600207,0.44437183343807696,1,72712.51921013648,8.766754063389024,43.106578902066914,89,1,0
18.028480665104105,1.1710085725993398,1,2355.5341182349125,4.511502848193045,96.72929123287425,27,0,2
10.9854527577794,1.9548337311977337,0,80768.52575319327,9.409427094594891,110.57077151784056,69,0,1
20.45122849647357,3.1198299720120386,1,110586.63200476982,3.7251423431689865,53.647017054994876,94,2,0
49.91968562574395,2.646552914599541,1,30537.357447508817,5.409701871273564,100.84637379605255,56,0,1
23.5993975529556,4.79541789683563,1,24811.202752808247,8.565503163834103,21.016073642024363,44,1,1
28.35934701389775,1.2729995270702514,1,20887.411079504323,3.153503000991673,70.04160346967015,47,1,2
46.329169346358675,3.821134916995925,0,25191.85807463716,0.585452466478722,116.62711411111552,57,1,2
42.44415352744059,1.292633062788206,1,55112.21850504001,9.875348092047748,30.439508952141765,34,0,1
39.26912301036188,3.9955040565917197,1,59911.99615825895,3.2410573566932865,21.718224216236386,34,0,0
37.91458460802255,0.8955473091660832,1,103985.89334334065,2.4980302436692723,59.82899590124015,21,2,2
25.833421387450194,3.4661583195733305,1,86895.13129370811,7.9542437998308095,29.24292157791575,51,1,1
18.42147527312417,4.497619541181023,1,74281.40240329182,7.9068046602364,79.42734851928294,95,2,0
12.274239493837511,4.561871902106852,1,89318.74682592695,5.303766661328474,64.46425966527947,20,1,0
43.963558200794736,1.3005909049424385,1,99182.84000260329,2.3035494028774295,44.81628510541082,78,1,2
44.448460186709546,1.8076374146537177,0,87459.67962371845,5.4558621235772256,84.78636977427254,14,1,1
32.639732608035104,2.3999984550621614,1,66966.33135365635,5.580808618085399,41.22697587220996,4,1,1
25.159839282875083,3.910727712422048,1,70163.45559633293,4.532047603794182,53.09228753542652,97,0,0
23.94947092624699,4.445919529459307,1,99476.10611840714,1.4594603114610134,65.4860773999741,2,1,2
26.88056978337866,2.366666631102584,1,80682.89552672404,9.453209696147365,110.28217125820547,82,0,1
20.310403498949135,2.3434285805350545,0,59966.17448770869,9.525870111735399,62.217759391196104,97,1,0
24.104821881655337,0.3464766108044628,0,88093.16037671332,5.5845272113182345,50.53962438950467,68,2,1
44.37502615380497,2.9389399510674945,1,31708.523381576866,5.3937528462112745,17.049286589659502,99,0,2
49.04809498274561,4.723451393263783,1,103879.01173422448,1.485140319348539,82.2453885987115,28,2,0
39.088226212453,1.6601788709010734,0,69777.56807618876,3.9713230939513045,10.901856377450326,47,2,1
25.075636339423838,1.0090162477169307,0,94815.88788365846,5.343989617680274,44.869545990471934,10,1,1
49.68814648010353,2.0867471700733593,1,40913.37601300649,1.8427214695490077,92.13591659877608,71,2,1
23.18259773262821,1.714344991670378,0,71532.72895984164,4.79070226737583,36.03087572354758,14,0,2
49.91968562574395,2.3412484094353196,1,38947.43034810889,5.470845319423942,114.5546819187182,58,0,1
32.639732608035104,1.6988372079886132,1,67216.68417968892,4.746535813319514,36.07028301560948,4,1,1
44.85273368168272,1.2568863674168131,1,23708.372703908444,5.4558621235772256,84.92485202363544,31,1,1
44.17552432498378,3.821134916995925,1,25191.85807463716,0.7699283163005843,113.74839417105517,57,0,2
43.728802264047324,1.8076374146537177,0,99860.16015738528,5.4558621235772256,84.30589473569385,14,1,1
12.274239493837511,4.511098459718015,1,86666.79203443571,5.303766661328474,64.52863310926335,20,1,0
23.5993975529556,0.7825291744923448,1,24811.202752808247,8.533624526365926,23.431164501983194,40,1,1
45.38996200947498,4.670355137372679,1,30161.45321424418,6.318548220996755,23.89534697772515,19,0,0
26.131094859820582,2.0867471700733593,1,34320.46822409053,7.780076490589486,28.792766638575475,57,2,2
39.00861750407884,4.000693250064859,1,96235.44013475098,4.093861964733161,11.368736352647272,47,2,1
39.26912301036188,4.059756154904319,1,61637.251468778566,3.2410573566932865,21.778519497765227,34,0,0
38.11704140059534,1.234657639298853,0,10871.936575918646,4.519732171703577,41.63261050017552,27,1,1
43.765985163359936,1.7149278355118207,1,100614.86858784893,5.263757707718971,44.807387438550464,4,1,1
29.78145944498073,1.292633062788206,1,55112.21850504001,9.72827201866888,34.4586566694771,34,0,1
49.91968562574395,2.646552914599541,1,30441.902030254787,5.263699045179777,100.84637379605255,56,0,1
23.18259773262821,2.4155062387439377,0,71282.37613380907,5.624975072141717,41.18756858014806,14,0,2
27.772453778759466,1.8237505743071805,1,92031.68653406604,3.153503000991673,69.903121220307,47,1,2
11.284237502761751,1.9487924167495678,0,62352.116504456644,9.271401645019147,112.55104306826118,69,0,1
24.66883653777871,4.445919529459307,1,96043.46788164524,1.4594603114610134,67.00974004217537,2,1,2
49.91496449465177,3.736120196633119,1,89641.5085889887,1.9205627458119168,97.85329307755134,70,1,1
37.91458460802255,4.866079900516974,1,103985.89334334065,2.5297237606237064,59.82899590124015,21,2,2
19.126561725172245,1.659804230859988,1,25318.82557431263,9.56220936301504,62.217759391196104,98,1,0
39.371594312631025,1.6993238906297865,0,59911.99615825895,3.0034270797706633,21.25134423467179,34,0,0
18.028480665104105,1.1105601239010632,1,2355.5341182349125,4.511502848193045,92.99180258471979,27,0,1
25.075636339423838,1.0090162477169307,0,68374.48281874119,5.221450746898417,44.869545990471934,20,1,1
42.548382186562925,1.2283645489571078,1,55112.21850504001,9.870646810078256,30.379213670612973,34,0,1
17.63464158227911,1.008707572197035,1,94815.88788365846,5.343989617680274,99.61755416349081,5,0,2
32.83730409735652,1.3005909049424385,1,65534.296344188,2.3035494028774295,52.99678134074315,78,1,2
42.504354019461374,1.953504328481603,0,71296.71510329984,4.277617632517893,30.401878430119062,14,0,2
11.736966259761587,3.975997668528942,1,89318.74682592695,5.330862173246163,64.46425966527947,20,2,0
42.293116044014944,4.653372956279719,1,53840.33988393536,6.318548220996755,23.081064341358847,26,0,0
49.937074245329796,2.3412484094353196,1,38851.97493085486,4.5276158379241505,97.04026883187238,27,0,1
37.97454672778271,1.7258495127660023,0,99860.16015738528,5.4558621235772256,84.83108819405017,14,1,2
45.24935880725448,1.4471793206291417,0,72463.53262649843,4.79070226737583,34.4210261474544,10,0,2
36.46188190508471,1.24225100656915,1,55112.21850504001,9.870646810078256,30.60053161618455,34,1,1
33.45487376083255,0.9673002751876818,0,80792.93591179622,5.25521712619847,45.06652448022101,21,1,1
18.028480665104105,1.1703812297796525,1,2355.5341182349125,4.511502848193045,92.99180258471979,27,0,1
38.11704140059534,1.3259594850147063,0,4451.294841241539,4.519732171703577,41.63261050017552,6,1,2
11.507787725742913,2.0449203994568,0,71296.71510329984,4.277617632517893,64.08327309110642,14,0,0
44.17552432498378,3.821134916995925,1,25191.85807463716,0.7699283163005843,113.74839417105517,17,1,1
44.75215972551346,4.5431059054434595,1,33897.169623937174,6.206067867747489,23.89534697772515,25,0,0
23.18259773262821,2.4184559609744154,0,71532.72895984164,4.79070226737583,36.03087572354758,14,0,2
49.91968562574395,2.3412484094353196,1,38947.43034810889,5.470845319423942,114.5546819187182,6,1,1
12.274239493837511,4.473532652404215,1,86884.97554908387,4.765183564130043,99.51738481254543,20,0,0
45.64522815189501,1.306560476302691,1,30381.15490032563,9.870646810078256,31.253791588508093,34,0,1
15.719871463722237,1.2343489637789573,1,2355.5341182349125,5.582967438243734,101.04285064384935,56,0,2
43.668840143374226,0.8955473091660832,1,103985.89334334065,2.4980302436692723,59.30380244250478,21,2,1
28.20123040380144,1.7159437834422242,1,23362.451502707678,5.4558621235772256,84.92485202363544,29,1,1
23.97686074230763,0.7825291744923448,1,24811.202752808247,8.533624526365926,23.20984655641162,40,0,1
25.16941087801165,2.4417144830652724,1,68410.1927020841,5.547042238785345,41.029997382460884,4,1,1
18.028480665104105,1.1111874667207506,1,2355.5341182349125,4.511502848193045,96.72929123287425,27,0,2
17.63464158227911,1.008707572197035,1,94815.88788365846,5.343989617680274,99.61755416349081,26,0,1
32.639732608035104,2.336658062525428,1,66966.33135365635,5.580808618085399,45.254330220007645,7,1,1
46.219114306511706,3.8845812018825807,1,89318.74682592695,5.330862173246163,28.530241408531722,20,2,2
44.18533253898154,1.8076374146537177,1,87710.66059206014,5.750972769705042,84.78636977427254,54,0,2
29.78145944498073,1.292633062788206,1,40644.3813834378,9.781570468672369,34.4586566694771,34,0,1
23.18259773262821,1.711395269439907,0,71282.37613380907,5.624975072141717,41.18756858014806,14,0,2
32.639732608035104,1.7324919204452742,1,67216.68417968892,4.746535813319514,36.07028301560948,56,0,1
49.91968562574395,2.509052144728389,1,30223.723404979948,5.263699045179777,65.85761688462333,55,1,1
23.078214892703727,2.5763165723505135,1,95659.66939074128,5.345384313245504,104.22323400080975,5,0,2
20.980627720721404,1.1105601239010632,1,23832.491626980503,4.511502848193045,92.99180258471979,27,0,1
12.274239493837511,4.61837982533244,1,86704.84426212059,4.765183564130043,99.51738481254543,6,0,0
42.293116044014944,4.498257410041356,1,53370.22976876076,5.411728057120369,82.40555710456557,26,1,0
11.736966259761587,3.975997668528942,1,89318.74682592695,5.330862173246163,64.46425966527947,20,0,2
37.86465058881755,0.8707694268415027,1,36942.55704584363,5.571557812211115,117.42941021401708,21,2,2
18.028480665104105,1.0004249087183315,1,2355.5341182349125,4.511502848193045,100.35014686431772,9,1,2
45.43841036938275,4.5431059054434595,1,33897.169623937174,6.272927820729716,23.89534697772515,20,0,0
28.435301938248934,1.7159437834422242,1,34533.54296841921,5.4558621235772256,27.821334365413463,27,1,1
38.49392684669501,2.0449203994568,0,71234.2936419518,4.277617632517893,64.16230458350475,14,0,0
12.274239493837511,4.300390904146358,1,86666.79203443571,4.522401699725269,64.52863310926335,20,0,0
45.99660885416767,1.2644956552000886,1,66966.33135365635,5.580808618085399,45.254330220007645,4,1,1
18.028480665104105,1.225551584808915,1,2354.666398954716,4.47851650900232,92.30617160178858,27,0,2
43.46117750841802,3.821134916995925,1,3731.4849149442325,0.7699283163005843,113.74839417105517,17,1,1
17.63464158227911,1.008707572197035,1,94815.88788365846,5.343989617680274,99.61755416349081,19,0,2
43.728802264047324,2.7565694787073762,0,100330.21493413621,7.788435968661039,24.98150997607224,14,0,1
18.028480665104105,1.1710085725993398,1,2355.5341182349125,4.511502848193045,96.72929123287425,27,2,0
49.771168846328266,2.3660264341423334,1,105983.30137739045,2.3626075079787983,56.40438192079395,6,1,1
32.639732608035104,2.570582213182159,1,66966.33135365635,5.78476228159482,45.254330220007645,25,0,1
45.153020341450315,4.632063604223362,1,30161.45321424418,6.318548220996755,23.89534697772515,19,0,0
46.25762732332298,1.292633062788206,1,55112.21850504001,9.870646810078256,30.439508952141765,34,0,1
44.51799101392424,4.5431059054434595,1,23552.213911422303,6.206067867747489,80.99894022103092,25,0,0
12.365377331529483,3.9955040565917197,1,59974.41761960698,3.2410573566932865,23.377572864104156,39,0,0
29.534663099420435,1.292633062788206,1,40644.3813834378,9.781570468672369,34.4586566694771,35,0,1
18.951897900711607,1.380344612377638,1,2355.5341182349125,5.29286780979625,92.99180258471979,33,1,1
31.49547079956825,2.329048774815585,1,23708.372703908444,5.4558621235772256,84.92485202363544,28,1,1
29.78145944498073,1.1129917226844057,1,63972.34298900617,9.738566243745435,38.8816713662235,35,0,1
36.15981260883723,2.336658062525428,1,66966.33135365635,5.580808618085399,45.254330220007645,4,0,0
42.03790408714493,1.202635883798555,1,50388.849166252694,4.3114165027039615,30.379213670612973,32,0,1
44.75215972551346,4.5431059054434595,1,33134.053658335746,6.272927820729716,23.89534697772515,15,1,1
18.538890678013342,1.225471299073671,1,9281.011208806669,9.928150024649756,96.72929123287425,27,0,2
23.94947092624699,4.445919529459307,1,99476.10611840714,1.4802973837902855,53.80819065315595,94,1,0
11.038710377823788,1.9487924167495678,1,70163.45559633293,9.271401645019147,112.55104306826118,69,0,1
40.91994008832372,1.1587006394190702,0,99975.71570598756,3.3316632634793955,114.79376519697189,71,0,1
26.88056978337866,2.6719711362668046,1,80761.54130755694,9.611400756292225,108.26717107943443,82,0,1
49.04809498274561,4.723451393263783,1,103879.01173422448,1.6469539599499172,82.2453885987115,24,2,0
40.980697627392594,1.6549915540203364,0,59911.99615825895,3.2410573566932865,21.25134423467179,34,0,0
44.75215972551346,4.5431059054434595,1,33897.169623937174,6.272927820729716,23.89534697772515,20,0,0
32.639732608035104,2.336658062525428,1,66966.33135365635,5.580808618085399,45.254330220007645,4,1,1
23.58057149318206,4.836438823943656,0,59488.62794065881,8.564497544205986,21.016073642024363,44,1,1
44.17552432498378,3.821134916995925,0,25191.85807463716,0.6809933847519756,113.74839417105517,57,0,2
26.526437505401773,3.9167692383193704,0,80768.52575319327,4.404849231038206,53.07163551777614,97,0,0
44.85273368168272,1.8076374146537177,1,87710.66059206014,5.4558621235772256,84.78636977427254,14,1,1
46.528671175188535,2.9389399510674945,1,31708.523381576866,5.294757193402676,19.420264520599577,99,1,2
24.165280339686028,1.24274579746266,1,19676.60627732813,5.5845272113182345,68.82665007920288,72,2,1
39.00861750407884,4.000693250064859,1,69777.56807618876,3.9713230939513045,11.368736352647272,47,2,1
42.548382186562925,1.292633062788206,1,55112.21850504001,9.870646810078256,30.439508952141765,34,0,1
49.91496449465177,3.363048498415063,1,86989.55379749746,1.9205627458119168,97.85329307755134,70,1,1
28.298888555867055,0.37672717332276284,0,89303.18867083486,3.153503000991673,51.754577779971974,46,1,2
18.028480665104105,1.2343489637789573,1,2355.5341182349125,4.511502848193045,97.23674567966918,27,0,2
20.329229558722677,1.790602187145514,1,25288.748721706586,9.609598066219755,62.217759391196104,98,1,0
25.267079757067762,0.8602773312303663,1,103985.89334334065,2.4980302436692723,59.82899590124015,21,2,2
12.856197407990662,1.3014767682115584,1,80692.17138615865,2.2849057437553935,54.54775768428388,78,1,2
37.72314120148132,1.0090162477169307,0,94815.88788365846,5.343989617680274,44.869545990471934,10,1,1
12.274239493837511,0.19881848556329462,0,89318.74682592695,5.303766661328474,64.7545372426035,85,1,1
28.59819694337613,1.714344991670378,0,71296.71510329984,4.79070226737583,34.4210261474544,14,0,2
49.91968562574395,2.3412484094353196,1,38851.97493085486,5.256161953713892,100.84637379605255,56,0,1
26.131094859820582,2.0867471700733593,1,34320.46822409053,7.876370396620508,28.792766638575475,52,2,1
18.42147527312417,4.497619541181023,1,74517.41625983363,7.9068046602364,87.47656481251892,95,2,0
26.345521160600207,0.44437183343807696,0,74153.84099087134,8.766754063389024,44.803044486262806,89,1,0
20.45122849647357,3.1198299720120386,1,110229.2915234303,3.7043051921197225,65.32490380181304,1,2,2
31.756745137624705,2.336658062525428,1,71263.06924844031,5.580808618085399,35.930703112066254,5,1,1
49.97993904147617,3.363048498415063,1,86989.55379749746,1.9692852211458303,97.7912652831273,70,1,1
45.03431581702739,3.825614430381285,1,25191.85807463716,0.6809933847519756,113.74839417105517,57,0,2
18.028480665104105,1.2346942138671546,1,11432.43805910619,4.511502848193045,67.17556379254532,28,0,2
36.80151479216678,3.8587819460548425,1,74517.41625983363,5.369006251022946,42.42128062935237,92,2,0
46.4646213135683,3.9167692383193704,0,31397.080408170154,4.15720662651743,51.375071968310166,99,0,2
12.858805359469546,1.3014767682115584,1,82813.6152230351,2.2849057437553935,62.32509919874777,78,1,2
49.91968562574395,1.6485618833594247,1,58293.39470016139,3.3120980062107153,103.8362540155435,56,0,1
28.298888555867055,0.4268789408607394,0,103963.40928870358,1.648403596106362,82.6711439428623,23,1,2
26.92883580127272,2.596357035145483,0,59488.62794065881,9.593205257558951,21.016073642024363,44,1,1
40.80405015921858,1.292633062788206,1,96172.12807315664,9.870646810078256,34.452823123116296,70,0,1
20.595319308908614,3.1198299720120386,1,111241.45702325077,3.593640616160759,113.53669477868951,1,2,2
42.56215783991851,0.8602773312303663,1,103985.89334334065,5.336460699274878,59.82899590124015,22,2,2
39.00861750407884,4.092911094889409,0,69777.56807618876,4.829411860830275,11.368736352647272,44,2,1
26.158399642136537,4.46897039551119,1,34437.283945576986,1.4802973837902855,53.80819065315595,94,1,0
13.168885130691729,0.19881848556329462,0,89318.74682592695,5.303766661328474,59.487461739482455,84,1,1
23.87198755781571,0.4796418113737938,0,74153.84099087134,8.717347646528587,44.865022321775214,89,1,0
44.814867807949554,4.538626368952186,0,33897.169623937174,5.736313999517064,26.370725050242843,20,0,0
24.41590244549399,1.2424005473744628,1,19676.60627732813,5.5845272113182345,98.25865595830139,71,2,1
18.77882479452509,1.0090162477169307,0,94815.88788365846,7.881788019558738,82.36031085146381,19,1,1
26.662415236988807,2.9389399510674945,1,81079.97041847471,5.294757193402676,19.420264520599577,97,1,0
20.32663483448205,1.790602187145514,1,26736.86847444833,9.609598066219755,54.440417876732205,98,1,0
40.980697627392594,2.347678080096242,0,39258.4000055674,5.1851213041993685,13.930857701694837,34,0,0
49.04809498274561,4.485290540433399,1,89218.79111383489,3.0137310201789225,51.32882243360698,43,2,0
23.532305475288005,4.895599152624206,1,80761.54130755694,8.582690854687279,108.26717107943443,82,0,1
42.66427211566806,1.1587006394190702,0,58915.784670681314,3.3316632634793955,114.79376519697189,35,0,1
11.817420705190811,1.9487924167495678,1,81655.49511011569,9.376181614427063,64.31159170589075,71,0,1
25.3103915971106,1.8076374146537177,1,87710.66059206014,2.617431673646635,84.78636977427254,14,1,1
28.59819694337613,1.714344991670378,1,71296.71510329984,3.9326135004968603,34.4210261474544,17,0,2
23.92216614393103,2.050487880975754,1,99358.89206910036,7.876370396620508,28.792766638575475,52,2,1
12.46243030914978,2.3605349419040658,1,81932.31187940045,5.611506390380905,36.11492969108769,5,1,1
18.835569788927415,3.019587248762571,1,110283.57117895708,3.7043051921197225,65.32490380181304,1,2,2
40.980697627392594,2.347678080096242,0,39258.4000055674,5.1851213041993685,14.695948055721487,34,0,0
25.622688405485736,1.7832812624623178,0,103963.40928870358,1.6492983217826065,87.06032258962077,14,1,2
37.33194627066285,1.0090162477169307,1,66083.08298050652,5.343989617680274,45.23231509463495,10,1,1
42.548382186562925,1.292633062788206,1,56641.225914263974,9.885194708122365,21.47262077274211,34,0,1
20.595319308908614,3.0975686361501973,1,21892.3315574133,3.593839646869165,118.21333173268046,1,2,2
45.03431581702739,3.819570636855908,1,25206.96146893219,0.6809933847519756,54.394036356103086,57,0,2
13.168885130691729,0.19881848556329462,0,58636.601780759745,5.303766661328474,111.32258614672637,84,1,1
24.165280339686028,1.24274579746266,1,19676.60627732813,5.5845272113182345,66.51500263009441,72,0,1
26.131094859820582,2.058598541853593,1,34299.68900056713,7.876370396620508,28.792766638575475,52,2,0
44.75215972551346,4.727530361665932,1,30009.67534394633,6.019308711768391,23.89534697772515,20,0,0
44.85273368168272,1.8310567526609367,1,75723.13274849593,5.361624338116544,84.78636977427254,17,1,1
26.555983776643057,2.5508629410759225,1,87710.66059206014,2.617431673646635,84.78636977427254,14,1,1
32.16617478551652,1.2775998889302116,1,72144.37259207497,2.2542080513144724,64.86658426500674,72,1,2
20.39448350207124,1.1092596185750339,0,94761.60761487538,7.881788019558738,82.36031085146381,19,1,1
41.60542405298919,1.6549915540203364,0,59911.99615825895,3.2410573566932865,21.25134423467179,34,0,0
29.001688205400082,0.3580023283574505,0,71761.40666966484,6.276620928210036,37.636338921126146,23,0,2
32.639732608035104,2.336658062525428,0,95699.13612251323,5.580808618085399,47.22954575336727,4,1,1
23.92216614393103,2.2322020502587483,1,99265.65617590201,7.8539721008768915,28.792766638575475,52,2,1
24.41590244549399,1.264661922267579,1,111979.33152031183,5.584328180610523,97.56051004165161,71,2,1
20.32663483448205,1.7966458364721205,1,26721.765080153302,9.609598066219755,113.74967516307683,98,1,0
42.91161612025094,0.6131518956767223,0,89597.92969876806,3.3316632634793955,62.90998823995193,35,0,1
18.660219115579658,0.716192231295526,1,11432.43805910619,4.511502848193045,67.17556379254532,28,2,2
45.772994862573164,4.566332967416853,0,37358.73136671219,5.290830060832768,26.370725050242843,20,0,1
49.04809498274561,4.539026937039702,1,103879.01173422448,1.9005848679865252,82.2453885987115,24,2,0
23.532305475288005,4.853948677150576,1,88099.11204208994,8.676921668113081,108.26717107943443,78,0,1
28.59819694337613,1.7588124574362651,1,71296.71510329984,4.133871071395132,34.48539973073226,17,0,2
44.47931244352065,3.825614430381285,1,25191.85807463716,0.663544657148104,113.40578563408303,57,0,1
25.864968397377137,1.8076374146537177,1,87710.66059206014,2.550467068138035,85.12755945903919,14,1,2
28.298888555867055,0.40492047734310843,0,99940.2479301211,1.648403596106362,80.12239606191429,23,1,2
20.595319308908614,0.30668982129936884,0,21892.3315574133,3.5451995079584924,118.21333173268046,1,2,2
35.92646772862666,4.5431059054434595,1,27152.90206538616,6.272927820729716,23.89534697772515,26,0,0
26.58874342267622,1.7595002315122619,1,87710.66059206014,2.617431673646635,84.78636977427254,14,1,1
33.124273707266866,1.6175975595233234,0,95645.80073744187,2.738224522522077,20.551475043093397,34,1,0
12.858805359469546,1.3014767682115584,1,82813.6152230351,2.2849057437553935,62.32509919874777,75,0,2
42.86150221701407,3.1415483243697784,1,75890.81598816796,3.5457523931664614,85.67698275760479,2,1,2
44.75215972551346,4.851331133818546,1,30009.67534394633,4.454793982424192,23.89534697772515,28,2,0
26.131094859820582,1.00687731854213,1,34353.83473596451,7.866624525525664,28.792766638575475,12,2,1
43.616365794971166,1.9084782164097032,1,57851.58535431612,4.511502848193045,64.50262607467153,28,0,2
46.43531924663906,4.566332967416853,0,26996.993804872378,5.292844730016836,26.370725050242843,20,0,1
48.8430116839323,4.895599152624206,1,81302.03984792306,1.9282025562168612,110.03156814089535,78,2,1
19.405334504017212,1.1238094383597632,1,2216.408805878577,4.511502848193045,95.18222002506565,27,0,2
37.72314120148132,1.0090162477169307,0,94815.88788365846,5.343989617680274,44.869545990471934,12,1,1
42.66427211566806,1.1587006394190702,0,58915.784670681314,3.3316632634793955,114.79376519697189,2,0,1
41.60542405298919,1.6769607442236787,0,63935.068564425164,3.2410573566932865,23.80028453585261,34,0,0
29.001688205400082,3.108362373607097,1,71761.40666966484,6.155481824152421,37.636338921126146,23,0,2
32.639732608035104,2.336658062525428,1,73710.60512177642,5.580808618085399,45.254330220007645,4,1,1
25.277631951077435,2.574599091704767,1,87710.66059206014,2.617431673646635,84.78636977427254,14,1,1
41.22493287990344,2.3740520570225003,0,59965.3309333785,5.653214847526205,47.92941523064564,4,0,1
28.59819694337613,1.714344991670378,1,83740.20498117461,3.9326135004968603,34.4210261474544,20,1,2
16.204228126315506,1.8093384003091848,1,110061.20139189542,6.0378823694239525,64.43429081842572,16,2,1
18.660219115579658,0.716192231295526,1,11432.43805910619,6.076017577537224,67.17556379254532,21,0,2
37.33194627066285,2.0888861001380654,1,66049.71647365401,5.353735483136905,45.23231509463495,50,1,1
18.149621531764353,1.292633062788206,1,10225.990513318004,9.885194708122365,24.145574195979083,31,0,1
40.980697627392594,2.347678080096242,0,38995.92850014192,5.1831066350153,13.930857701694837,34,0,0
23.601645731875855,4.539026937039702,1,103338.51289945735,8.554788391205605,80.48076597836578,24,0,0
43.65514870998184,4.058351660888832,1,25191.85807463716,0.6809933847519756,115.80023527519793,53,0,2
12.266510343551367,2.3605349419040658,1,81932.31187940045,5.611506390380905,36.25479052120299,36,1,1
21.75576622161248,2.0867471700733593,1,52582.78173159978,7.891217029065395,105.77644760001152,52,2,1
37.33194627066285,1.0090162477169307,1,66083.08298050652,5.343989617680274,45.23231509463495,10,0,1
25.41416720920559,0.9000877877570856,0,58915.784670681314,2.6319155308720035,112.6273112099066,2,0,1
18.028480665104105,1.248233239655764,1,2355.5341182349125,4.511502848193045,97.23674567966918,28,0,2
12.266510343551367,2.3605349419040658,1,5816.735128085755,5.639718355497649,35.45347170196871,36,1,1
42.593108761372065,1.8227088475376934,1,75916.77204821502,5.361624338116544,84.78636977427254,35,1,1
45.92482310118753,3.653745065979975,1,25191.85807463716,4.04424594156535,114.84849144871565,29,0,2
29.134167095604212,3.108362373607097,1,71761.40666966484,6.155481824152421,37.636338921126146,13,1,1
40.93609653129465,2.3371799151768786,0,42618.12019469228,5.1946442945808835,48.58892765595174,34,0,0
28.54707814925537,0.4963674852975215,0,71761.40666966484,6.276620928210036,37.636338921126146,24,2,2
46.43531924663906,4.566332967416853,0,26519.802454942965,5.5718706184443745,28.15346710094837,20,1,1
21.75576622161248,2.0867471700733593,1,47655.29362179434,7.891217029065395,105.77644760001152,52,2,1
20.45122849647357,1.19915589021966,1,113953.80753199194,9.870206086718934,24.617958375163322,1,2,2
42.548382186562925,1.4039122940322235,1,29523.803236172993,6.257963467759122,42.34222279747632,34,0,1
41.22493287990344,2.3740520570225003,1,59965.3309333785,5.653214847526205,47.92941523064564,4,0,1
18.513372161782605,1.2346942138671546,1,11596.987204044866,4.511502848193045,67.17556379254532,28,1,2
42.527721897977614,2.574599091704767,1,87216.48797783752,3.317179406254027,84.78636977427254,14,1,1
25.3103915971106,1.7937531387769325,1,87710.66059206014,2.617431673646635,84.78636977427254,14,1,1
18.660219115579658,0.716192231295526,1,87862.6326075983,6.076017577537224,67.97688261891228,21,0,2
44.923897035978584,1.1587006394190702,0,58722.14537096214,3.3316632634793955,114.79376519697189,17,0,1
18.5040080623904,1.1017209751841701,1,2216.408805878577,0.6038737389227955,94.08117810622977,55,0,2
26.58874342267622,1.7595002315122619,1,86496.02557059268,2.119235932402357,82.28941503067199,23,0,2
32.86727153278484,2.3471562274447906,0,92339.37912184806,5.571285627703884,15.98059511499033,4,1,1
21.049929365263417,2.9601467923951192,1,21892.3315574133,3.593839646869165,118.21333173268046,1,0,2
32.639732608035104,2.336658062525428,1,74187.80255045427,5.30178272965786,45.254330220007645,4,0,1
18.149621531764353,3.380239864116871,1,6445.592812134004,3.6402558821832036,64.85252217125776,31,0,1
35.92646772862666,4.5355979324956595,1,55127.57631683509,9.863596414346581,23.783185890578125,26,0,0
12.46243030914978,2.3605349419040658,0,81932.31187940045,5.611506390380905,36.11492969108769,5,1,1
44.75215972551346,4.5431059054434595,1,45350.577765238064,6.272927820729716,23.89534697772515,20,0,0
42.66427211566806,1.1587006394190702,0,62156.30821943468,3.3316632634793955,114.79376519697189,16,0,1
18.028480665104105,1.5376642663080227,1,2355.5341182349125,4.511502848193045,97.23674567966918,35,0,2
23.94947092624699,4.445919529459307,1,99476.10611840714,1.4802973837902855,53.80819065315595,94,1,0
11.038710377823788,1.9487924167495678,1,70163.45559633293,9.271401645019147,112.55104306826118,69,0,1
40.91994008832372,1.1587006394190702,0,99975.71570598756,3.3316632634793955,114.79376519697189,71,0,1
26.88056978337866,2.6719711362668046,1,80761.54130755694,9.611400756292225,108.26717107943443,82,0,1
49.04809498274561,4.723451393263783,1,103879.01173422448,1.6469539599499172,82.2453885987115,24,2,0
40.980697627392594,1.6549915540203364,0,59911.99615825895,3.2410573566932865,21.25134423467179,34,0,0
44.75215972551346,4.5431059054434595,1,33897.169623937174,6.272927820729716,23.89534697772515,20,0,0
32.639732608035104,2.336658062525428,1,66966.33135365635,5.580808618085399,45.254330220007645,4,1,1
23.58057149318206,4.836438823943656,0,59488.62794065881,8.564497544205986,21.016073642024363,44,1,1
44.17552432498378,3.821134916995925,0,25191.85807463716,0.6809933847519756,113.74839417105517,57,0,2
26.526437505401773,3.9167692383193704,0,80768.52575319327,4.404849231038206,53.07163551777614,97,0,0
44.85273368168272,1.8076374146537177,1,87710.66059206014,5.4558621235772256,84.78636977427254,14,1,1
46.528671175188535,2.9389399510674945,1,31708.523381576866,5.294757193402676,19.420264520599577,99,1,2
24.165280339686028,1.24274579746266,1,19676.60627732813,5.5845272113182345,68.82665007920288,72,2,1
39.00861750407884,4.000693250064859,1,69777.56807618876,3.9713230939513045,11.368736352647272,47,2,1
42.548382186562925,1.292633062788206,1,55112.21850504001,9.870646810078256,30.439508952141765,34,0,1
49.91496449465177,3.363048498415063,1,86989.55379749746,1.9205627458119168,97.85329307755134,70,1,1
28.298888555867055,0.37672717332276284,0,89303.18867083486,3.153503000991673,51.754577779971974,46,1,2
18.028480665104105,1.2343489637789573,1,2355.5341182349125,4.511502848193045,97.23674567966918,27,0,2
20.329229558722677,1.790602187145514,1,25288.748721706586,9.609598066219755,62.217759391196104,98,1,0
25.267079757067762,0.8602773312303663,1,103985.89334334065,2.4980302436692723,59.82899590124015,21,2,2
12.856197407990662,1.3014767682115584,1,80692.17138615865,2.2849057437553935,54.54775768428388,78,1,2
37.72314120148132,1.0090162477169307,0,94815.88788365846,5.343989617680274,44.869545990471934,10,1,1
12.274239493837511,0.19881848556329462,0,89318.74682592695,5.303766661328474,64.7545372426035,85,1,1
28.59819694337613,1.714344991670378,0,71296.71510329984,4.79070226737583,34.4210261474544,14,0,2
49.91968562574395,2.3412484094353196,1,38851.97493085486,5.256161953713892,100.84637379605255,56,0,1
26.131094859820582,2.0867471700733593,1,34320.46822409053,7.876370396620508,28.792766638575475,52,2,1
18.42147527312417,4.497619541181023,1,74517.41625983363,7.9068046602364,87.47656481251892,95,2,0
26.345521160600207,0.44437183343807696,0,74153.84099087134,8.766754063389024,44.803044486262806,89,1,0
20.45122849647357,3.1198299720120386,1,110229.2915234303,3.7043051921197225,65.32490380181304,1,2,2
40.980697627392594,1.6613694392424154,0,64208.76133232225,3.2410573566932865,45.33846004462058,81,0,0
18.557992732299375,0.5594673524365057,1,74517.41625983363,7.9068046602364,86.79661126548558,95,2,0
27.117175060763252,4.003152814175822,1,25256.710824208756,7.876370396620508,29.320211440375246,52,2,1
28.59819694337613,1.714344991670378,0,38906.94111949289,4.79070226737583,33.79239857258979,14,0,0
25.962157480675383,0.7651431655523188,0,80768.52575319327,4.404849231038206,53.885712859879646,94,0,1
25.751559767432994,2.676913600179934,1,80761.54130755694,5.060364273777728,105.67113847325408,78,1,1
11.038710377823788,1.9487924167495678,1,73733.73530935876,9.271156199455017,20.439944790885974,70,1,1
23.94947092624699,4.35550500506641,1,94750.66926343106,5.380189282848751,53.80819065315595,94,1,0
38.9364989387714,3.782259892430303,0,70842.17585135261,3.964715391317388,114.79376519697189,70,0,1
26.016346424186757,2.3522317856692494,1,38885.943198459514,5.256161953713892,102.80310624600159,65,1,1
20.362880481391038,1.2343489637789573,1,2355.5341182349125,9.866523049367217,66.83963386040732,30,0,2
32.783822457861234,2.336658062525428,1,66966.33135365635,5.31944799644356,45.254330220007645,4,1,1
18.132402147710483,3.1674322877124537,1,19676.60627732813,5.5845272113182345,68.89625914933582,72,2,2
48.68041761918954,0.2920831050770911,1,89318.74682592695,5.303766661328474,64.7545372426035,84,2,1
49.660394363511216,3.350019916025647,1,87744.72754391846,1.8763164886464125,98.0541251367582,70,1,1
12.856197407990662,1.2950988829894792,1,80692.17138615865,2.2849057437553935,16.008967569475118,34,1,2
28.298888555867055,4.350686111730779,0,89303.18867083486,3.153503000991673,52.43453129380217,46,1,2
44.15434601626376,1.9047278133245598,0,34255.61547451895,0.3278581089746002,114.72551128602046,57,0,2
44.988899228530656,4.5431059054434595,1,75363.84964930342,6.272927820729716,23.89534697772515,20,0,2
42.548382186562925,3.8088709472223954,1,55112.21850504001,9.870646810078256,22.101410181623002,37,0,0
47.68377757028093,2.9339974871543655,1,31708.523381576866,9.593327678571733,20.29164626839613,96,0,2
23.58057149318206,4.836438823943656,0,59488.62794065881,8.564742989584673,112.95054369866102,44,0,1
37.72314120148132,1.0988788869449027,0,98328.90852721,1.4441093146329438,40.33485249486091,10,1,1
40.99205865363117,1.194325238910357,1,98911.10733418124,3.1999239131012507,11.368736352647272,48,2,1
49.70774708855542,0.4334783926236412,0,74119.87272714669,8.766754063389024,42.84521267138912,79,0,0
17.994829742435748,1.790602187145514,1,25288.748721706586,4.148691238977172,96.62817729987974,95,1,0
26.045790082866425,0.8602773312303663,1,114580.03064998979,2.759390873377944,59.82899590124015,21,2,2
24.244971242248685,1.1951436245342821,1,110229.2915234303,3.7043051921197225,65.25529473168008,1,2,1
12.447475379853913,4.723451393263783,0,103879.01173422448,1.6469539599499172,82.2453885987115,23,1,0
45.05708524516543,1.8076374146537177,1,86955.48684563914,5.500109245227096,84.58553771504081,14,1,1
32.70353829321871,0.8602773312303663,1,114580.03064998979,2.759390873377944,55.93498781701686,21,2,2
39.430195090015864,1.6913068492010186,0,59911.99615825895,3.2388506902457683,39.09261774071251,50,0,0
24.826163675504752,4.836438823943656,0,59488.62794065881,8.564742989584673,84.86282249552117,44,0,1
42.548382186562925,3.8108377893176235,1,55112.21850504001,9.870646810078256,22.024843480675113,37,0,1
12.228800474660002,3.2637236013350144,1,20886.6767112253,1.7076998646368127,81.91304030863569,40,1,2
32.783822457861234,2.336658062525428,1,66966.33135365635,2.087410236383554,44.65047147338869,4,1,1
20.362880481391038,1.2343489637789573,1,1767.5782167723155,9.82023761825256,64.4852126040362,30,0,2
44.75215972551346,4.5431059054434595,1,33897.169623937174,6.272927820729716,27.110659751414325,20,0,0
27.025286642900415,2.3412484094353196,1,38851.97493085486,5.256161953713892,100.84637379605255,56,0,1
38.72548002857166,0.9742270840795089,0,111755.7714033157,5.343989617680274,46.8702437192723,10,1,1
28.59819694337613,1.7946654983677857,0,73633.86950621418,4.79070226737583,34.4210261474544,14,0,2
24.163187124754497,1.896059162909602,0,38906.94111949289,4.79070226737583,33.79239857258979,1,0,0
20.45122849647357,3.1198299720120386,0,110229.2915234303,3.7043051921197225,115.20901472488679,2,2,2
14.244878951915235,1.794877920341637,1,80692.17138615865,5.895269014024482,16.76239069055689,34,1,2
21.794113715891804,2.336658062525428,1,66966.33135365635,5.580808618085399,45.254330220007645,2,1,1
25.898818206320655,0.8239620369993406,1,106878.27349978365,2.0564842372148986,63.267066990811756,21,2,2
45.05708524516543,1.8076374146537177,1,86955.48684563914,5.500109245227096,112.67257596209893,14,1,1
42.548382186562925,1.3250061151452655,1,55112.21850504001,9.870646810078256,30.51607565308969,34,0,0
18.351102682189083,4.626995691498596,0,103879.01173422448,5.523784866369616,69.69332128580153,70,2,0
49.91496449465177,3.363048498415063,1,86989.55379749746,5.152600772425587,98.45706228607065,70,1,1
45.00905974839889,4.581148361090716,1,77015.10670635788,6.300181694343782,26.249772020493094,18,0,2
18.708141442381137,1.3349777496105535,1,2355.5341182349125,4.511502848193045,97.23674567966918,27,0,2
47.27311832233902,2.3522317856692494,1,37731.145569028864,5.399981018729022,102.80310624600159,65,1,1
48.033392580670466,4.747970145213305,1,103879.01173422448,1.6469539599499172,80.24469086066179,24,2,0
27.117175060763252,3.92283084821195,1,25256.710824208756,7.876370396620508,29.320211440375246,52,2,1
24.244971242248685,1.5501120497461027,1,110229.2915234303,3.632981497308772,65.25529473168008,14,2,1
44.17552432498378,3.8252349379379007,1,25191.85807463716,0.45603515453615073,48.85559892147269,56,0,2
43.49237505590611,1.3078583773015622,1,91432.62544855302,1.8455027977099174,84.78636977427254,14,1,1
17.414246691671792,1.790602187145514,1,25288.748721706586,4.148691238977172,96.62817729987974,95,1,0
28.59819694337613,2.1638210173737322,0,40347.9179942854,4.79070226737583,33.79239857258979,14,0,0
28.648299248040495,1.714344991670378,0,73487.18190337857,5.250391500011665,102.83541825209666,14,0,2
42.548382186562925,3.8088709472223954,1,46423.77738367757,9.332063586240531,22.101410181623002,20,0,0
19.401400487343693,2.336658062525428,1,65912.18343099953,4.559835136456925,89.6478402912859,11,1,2
28.645013022215164,2.33885542727423,0,39343.5682623163,2.9582799767106263,48.97560147467292,13,0,1
44.17552432498378,3.8252349379379007,1,25191.85807463716,0.45603515453615073,48.85559892147269,15,0,2
24.826163675504752,4.836438823943656,0,57231.31964525879,8.397892703909378,84.86282249552117,48,0,1
18.132402147710483,3.1674322877124537,1,19676.60627732813,9.269166103161208,64.48489524406875,72,0,2
19.87727550181603,1.3349777496105535,1,2355.5341182349125,4.511502848193045,97.23674567966918,27,0,2
24.163187124754497,1.896059162909602,1,40538.37958411445,4.79070226737583,33.79239857258979,1,0,1
40.980697627392594,1.6549915540203364,0,60456.37612236697,3.2410573566932865,84.83130621978596,37,0,0
32.783822457861234,2.336658062525428,1,66966.33135365635,9.73958107683583,44.71220792034638,2,0,1
12.856197407990662,1.2963934715005587,1,6003.451266190714,2.2849057437553935,67.83793693626774,30,0,2
44.896025021223096,1.7831138529383195,1,33897.169623937174,6.272927820729716,26.92206292087093,20,0,0
28.297622439733807,1.3263524333867764,1,25256.710824208756,6.3938613363784755,85.03081239704352,14,2,1
42.548382186562925,3.8108377893176235,1,55112.21850504001,9.870646810078256,22.832556579758506,37,0,1
25.57493339269037,2.3412484094353196,1,38851.97493085486,4.796472721078058,32.42895876886216,56,0,1
44.988899228530656,4.5431059054434595,1,75363.84964930342,6.272927820729716,23.89534697772515,37,0,2
31.266814091577686,1.2343489637789573,1,2355.5341182349125,5.5324763298215185,45.79381138988003,25,0,1
32.737006379022205,2.1616236526249297,1,67970.68108611116,4.79070226737583,33.5822978700044,0,1,0
44.85273368168272,1.8076374146537177,1,87710.66059206014,5.4558621235772256,84.78636977427254,55,1,1
24.244971242248685,1.1951436245342821,1,110229.2915234303,3.7043051921197225,65.25529473168008,3,2,1
20.362880481391038,1.2343489637789573,1,1767.5782167723155,6.121242430696678,68.89657650930326,30,2,2
43.58148292774885,4.5431059054434595,1,33897.169623937174,6.272927820729716,26.052184545896957,17,0,0
24.244971242248685,1.2440271475914182,0,108575.66941451344,3.632981497308772,65.6364580171112,16,2,0
45.33958526572878,1.8076374146537177,1,86411.10688049569,5.340668591686548,21.005908726296788,14,1,1
42.548382186562925,1.292633062788206,1,55112.21850504001,5.419296298908337,30.981631251804025,36,1,1
20.362880481391038,1.2330543752678778,1,82208.07170986787,9.866523049367217,15.011564197004859,34,1,2
17.848364096064362,4.550075602062467,1,26505.43537999307,4.148691238977172,96.81655678614321,95,1,0
43.49237505590611,3.984653661883259,1,91432.62544855302,2.1219665753882015,29.075777579553638,52,1,1
42.548382186562925,1.3250061151452655,1,51713.171996908815,9.870646810078256,30.51607565308969,34,0,0
21.37835433807434,1.2560595848412897,1,33897.169623937174,9.490135097078118,30.098691518698217,20,0,2
44.17552432498378,3.819060803607808,1,39823.84365000407,0.5379457981029061,56.73851694981328,56,0,2
42.54351281556142,3.8123275197465722,1,55112.21850504001,6.225010245969628,22.00281768969032,44,0,0
28.61439106410765,2.154744474114041,1,67970.68108611116,4.89912882732469,34.01379246833826,0,1,1
12.856197407990662,1.2963934715005587,1,6003.451266190714,2.2849057437553935,60.43453326103664,30,0,2
32.783822457861234,1.945318868467265,1,67464.61443158347,2.087410236383554,44.65047147338869,4,0,1
43.77905968935184,4.003152814175822,1,51358.02439848245,7.876370396620508,30.57925176402027,52,2,0
46.05989003383576,1.2776650881718097,1,2355.5341182349125,5.488949386687064,97.23674567966918,27,0,2
19.401400487343693,2.336658062525428,1,65912.18343099953,4.559835136456925,89.6478402912859,28,1,2
25.293488591541525,1.2343489637789573,1,34484.005839157144,9.866523049367217,66.83963386040732,30,0,2
44.77000851012652,1.4475433860890832,1,91432.62544855302,1.8455027977099174,84.78636977427254,12,1,0
20.764771564573326,1.3263524333867764,1,25256.710824208756,4.526739535849333,80.48031442537456,14,0,1
12.856197407990662,1.2950988829894792,1,80229.82441960157,2.2849057437553935,14.688549356636184,34,1,2
31.168777896085157,1.2343489637789573,1,1763.6766443959787,5.442352638040033,45.79381138988003,34,0,1
32.49026140131796,2.312504273142459,1,55112.21850504001,5.5863355393387675,21.515453562616706,4,0,0
43.73556535483404,4.686974696667466,1,1767.5782167723155,6.257129975145773,61.49718112631182,30,0,0
24.163187124754497,1.896059162909602,1,25906.394008764823,4.7119004439403005,34.37655265346498,1,0,1
46.269110042466146,4.541616148202664,1,32072.439393298264,9.68214859063369,26.074210336881745,17,0,1
32.76762833712972,2.218913312758414,0,39343.5682623163,2.950125953744106,49.27817594906017,12,0,0
42.548382186562925,3.8088709472223954,1,45925.494305751694,9.430601568606953,45.98146220546937,20,1,0
25.88638317492771,1.3250061151452655,1,23466.936713932544,9.048183956144522,29.257035329444662,34,0,1
17.010504319448074,1.7587444448704532,1,86955.48684563914,4.522662706733077,84.58553771504081,15,1,1
19.87727550181603,1.3349777496105535,1,2355.5341182349125,4.511502848193045,97.23674567966918,10,0,2
44.896025021223096,1.7831138529383195,1,3474.3140509801688,6.272927820729716,26.92206292087093,17,0,0
43.47452627129304,4.402557897502998,1,33897.169623937174,6.272927820729716,23.89534697772515,20,0,1
18.708141442381137,1.3349777496105535,1,2355.5341182349125,6.508403244029013,97.45410630793573,26,2,2
32.06167114669621,2.0762070027703143,1,67428.6783202134,5.31944799644356,43.802340366413205,4,1,1
42.646417968745794,1.3067391234028087,1,56256.538897842394,9.898728620769688,30.439508952141765,25,0,1
42.697853245247416,3.833024725145037,1,66966.33135365635,9.83616189287979,45.84028688821005,37,1,1
18.844315032627048,1.292633062788206,1,55112.21850504001,9.913870424805317,97.97656249377091,34,0,1
23.94947092624699,4.445919529459307,1,99476.10611840714,1.4802973837902855,53.80819065315595,94,1,0
11.038710377823788,1.9487924167495678,1,70163.45559633293,9.271401645019147,112.55104306826118,69,0,1
40.91994008832372,1.1587006394190702,0,99975.71570598756,3.3316632634793955,114.79376519697189,71,0,1
26.88056978337866,2.6719711362668046,1,80761.54130755694,9.611400756292225,108.26717107943443,82,0,1
49.04809498274561,4.723451393263783,1,103879.01173422448,1.6469539599499172,82.2453885987115,24,2,0
40.980697627392594,1.6549915540203364,0,59911.99615825895,3.2410573566932865,21.25134423467179,34,0,0
44.75215972551346,4.5431059054434595,1,33897.169623937174,6.272927820729716,23.89534697772515,20,0,0
32.639732608035104,2.336658062525428,1,66966.33135365635,5.580808618085399,45.254330220007645,4,1,1
23.58057149318206,4.836438823943656,0,59488.62794065881,8.564497544205986,21.016073642024363,44,1,1
44.17552432498378,3.821134916995925,0,25191.85807463716,0.6809933847519756,113.74839417105517,57,0,2
26.526437505401773,3.9167692383193704,0,80768.52575319327,4.404849231038206,53.07163551777614,97,0,0
44.85273368168272,1.8076374146537177,1,87710.66059206014,5.4558621235772256,84.78636977427254,14,1,1
46.528671175188535,2.9389399510674945,1,31708.523381576866,5.294757193402676,19.420264520599577,99,1,2
24.165280339686028,1.24274579746266,1,19676.60627732813,5.5845272113182345,68.82665007920288,72,2,1
39.00861750407884,4.000693250064859,1,69777.56807618876,3.9713230939513045,11.368736352647272,47,2,1
42.548382186562925,1.292633062788206,1,55112.21850504001,9.870646810078256,30.439508952141765,34,0,1
49.91496449465177,3.363048498415063,1,86989.55379749746,1.9205627458119168,97.85329307755134,70,1,1
28.298888555867055,0.37672717332276284,0,89303.18867083486,3.153503000991673,51.754577779971974,46,1,2
18.028480665104105,1.2343489637789573,1,2355.5341182349125,4.511502848193045,97.23674567966918,27,0,2
20.329229558722677,1.790602187145514,1,25288.748721706586,9.609598066219755,62.217759391196104,98,1,0
25.267079757067762,0.8602773312303663,1,103985.89334334065,2.4980302436692723,59.82899590124015,21,2,2
12.856197407990662,1.3014767682115584,1,80692.17138615865,2.2849057437553935,54.54775768428388,78,1,2
37.72314120148132,1.0090162477169307,0,94815.88788365846,5.343989617680274,44.869545990471934,10,1,1
12.274239493837511,0.19881848556329462,0,89318.74682592695,5.303766661328474,64.7545372426035,85,1,1
28.59819694337613,1.714344991670378,0,71296.71510329984,4.79070226737583,34.4210261474544,14,0,2
49.91968562574395,2.3412484094353196,1,38851.97493085486,5.256161953713892,100.84637379605255,56,0,1
26.131094859820582,2.0867471700733593,1,34320.46822409053,7.876370396620508,28.792766638575475,52,2,1
18.42147527312417,4.497619541181023,1,74517.41625983363,7.9068046602364,87.47656481251892,95,2,0
26.345521160600207,0.44437183343807696,0,74153.84099087134,8.766754063389024,44.803044486262806,89,1,0
20.45122849647357,3.1198299720120386,1,110229.2915234303,3.7043051921197225,65.32490380181304,1,2,2
44.75215972551346,4.591353082865211,1,38193.93770888594,6.272927820729716,75.98023028709284,23,0,0
18.557992732299375,3.412240136902471,1,74517.41625983363,7.9068046602364,97.65577626983588,95,1,0
26.235620945976656,0.9110246285640161,1,89407.49959589026,3.153503000991673,51.804676003629126,46,1,2
42.548382186562925,1.292633062788206,1,9356.274507847866,9.870646810078256,29.811757145542053,34,0,1
25.962157480675383,1.390933068983924,0,80768.52575319327,4.404849231038206,114.55407555274333,70,0,1
40.59765369054326,1.1916587213658678,0,99975.71570598756,3.090109008047928,111.8745517114115,99,0,2
20.45122849647357,3.1198299720120386,1,113028.19923127638,3.7038123600160304,54.47934171829762,2,1,2
28.59819694337613,1.7127936551673075,0,59752.66978685942,4.805221184510783,34.4210261474544,14,0,2
25.86771362294488,3.7273290456970267,1,69931.84953173774,8.717121168248864,44.803044486262806,89,1,1
23.572406970468084,4.839091418369904,1,19714.924876133373,5.5845272113182345,70.49687768609587,81,1,1
32.7668370150515,2.336658062525428,1,66966.33135365635,5.872626139406267,49.41629522004873,92,1,1
49.10405687913502,4.723451393263783,0,103879.01173422448,5.030551731271064,82.2453885987115,24,2,0
24.139385579450128,2.6803581700821355,1,80761.54130755694,9.611400756292225,108.41468456484439,82,0,1
44.12215158363399,1.8838668066104547,1,25288.748721706586,9.609598066219755,62.217759391196104,96,1,0
25.571722882592432,0.19143022440636148,0,91916.96424673354,5.271568451593252,65.30725162482103,85,1,1
44.85273368168272,1.7582860176571542,1,87710.66059206014,5.4558621235772256,18.196968550033546,14,1,1
49.91496449465177,4.480463670992055,1,86989.55379749746,1.9205627458119168,87.67408162023393,70,2,1
28.295346543969874,0.3259799878554902,0,103881.58241623119,1.963764728919006,62.254274393915985,21,2,2
18.279102771003082,1.2343489637789573,1,60849.41474367649,4.511502848193045,97.23674567966918,27,0,2
11.038710377823788,3.835852330531876,1,70163.45559633293,9.271401645019147,43.367789124617964,96,0,0
46.91199600926618,2.9059819121494685,1,31708.523381576866,5.288730869288964,20.35742522451055,67,1,1
12.856197407990662,1.3014767682115584,1,80692.17138615865,2.2853985758612803,65.3933197677993,78,2,2
40.980697627392594,1.656542890523407,0,70243.62527081989,3.2265384395584884,16.82945418021572,34,0,0
39.486424926615065,0.5461602768796476,0,73999.55953532236,3.8824847244743235,11.368736352647272,47,2,0
24.1734448624,1.2219551835202027,0,59450.31990262296,8.564497544205986,19.346007747203657,34,2,1
23.822366519259702,4.445919529459307,1,99476.10611840714,1.1886733465171746,53.659539816213936,6,1,0
38.50141880223615,1.0090162477169307,1,107003.86738072857,1.960393641296474,44.869545990471934,10,1,1
49.78035719718454,2.332861375619989,1,38851.97493085486,5.256161953713892,100.69886031060199,55,0,1
20.381980419340344,3.821134916995925,0,25191.85807463716,0.6809933847519756,113.74839417105517,57,0,2
12.835737394005907,2.0867471700733593,1,31722.223862404724,7.9085685927084555,28.240052552111763,52,2,1
23.94947092624699,4.445919529459307,1,99476.10611840714,1.3124985912206029,70.43747552534286,94,1,0
38.50141880223615,1.1791815281094253,1,107003.86738072857,6.126602660889294,44.869545990471934,10,1,1
17.062803815609126,3.1198299720120386,1,110229.2915234303,3.7043051921197225,45.18364913268235,1,1,2
42.548382186562925,1.292633062788206,1,106490.58985664515,9.870646810078256,30.439508952141765,34,0,2
39.60019479100937,4.541848260295377,1,87710.66059206014,5.690953223551255,18.196968550033546,17,1,1
18.028480665104105,1.2343489637789573,1,5959.722795401871,4.511502848193045,97.23674567966918,27,0,2
25.40646996968471,1.300547260390705,1,80968.37316817939,2.4980302436692723,59.77515322737177,21,2,2
44.23464530791835,3.500025200357199,0,25191.85807463716,0.6809933847519756,113.74839417105517,53,0,2
34.957723861151045,1.742582318536519,0,94815.88788365846,4.804799842715183,44.869545990471934,10,1,1
21.721659764348303,3.1332669756965696,1,113028.19923127638,3.7038123600160304,55.92774217499951,2,0,2
11.038710377823788,0.9729886263494364,1,70163.45559633293,9.271401645019147,52.74177023962008,69,0,1
21.845910906063025,3.821134916995925,0,25035.034004642715,0.6809933847519756,113.11504581651933,58,0,2
49.78035719718454,2.2842879301250036,1,41491.118648995034,5.256161953713892,100.69886031060199,69,2,1
24.165280339686028,1.1939802597880949,1,19676.60627732813,5.5845272113182345,68.82665007920288,72,1,1
26.131094859820582,2.1465916911890552,1,34320.46822409053,8.13199514082354,19.847612867385727,56,2,1
23.822366519259702,4.445919529459307,1,99476.10611840714,1.483013546449229,53.67088183241986,6,1,0
44.75215972551346,4.419320053547189,1,38193.93770888594,2.1067208107857027,75.98023028709284,23,0,0
35.482756423944,2.336658062525428,1,66966.33135365635,5.580808618085399,65.39558488913883,4,2,1
28.295346543969874,0.3259799878554902,0,52500.90458879356,1.7735112710944299,62.254274393915985,21,2,1
44.748970023621006,1.7590785984098054,1,33897.169623937174,5.948426914459228,23.89534697772515,20,0,0
24.22490700656535,1.0413035554190326,1,61238.26355283279,4.511502848193045,97.23674567966918,27,0,2
13.564828691679093,0.8612068390512819,1,103709.6912145031,2.2853985758612803,67.33169174953082,78,2,2
28.687398693130234,1.0111063490975714,0,59752.66978685942,5.344410959475874,34.4210261474544,14,0,2
39.71025839663877,1.6431058870177462,0,70243.62527081989,3.2265384395584884,15.381181898696614,34,1,0
26.235620945976656,1.886828420255013,1,89407.49959589026,4.640318105783273,113.93922413598135,46,1,2
49.91968562574395,2.3412484094353196,1,39008.799000856976,5.45099368183781,101.47971859137787,56,0,1
49.91496449465177,4.678959578400197,1,71049.70663958062,1.9205627458119168,87.67408162023393,56,0,1
44.12215158363399,1.8838668066104547,1,25288.748721706586,9.609598066219755,62.217759391196104,96,2,0
49.04809498274561,4.723451393263783,1,103879.01173422448,1.6469539599499172,82.99852382484927,26,2,0
49.04809498274561,1.2679148346995501,1,103936.91114908564,1.032530845145233,85.48132647926397,24,2,1
28.47356028209541,1.292633062788206,0,3009.5413815475795,9.506983645122016,34.605287337785484,34,0,2
26.081911121055537,0.2971947033558088,1,103936.91114908564,0.9641361723004405,66.14061790854898,24,2,1
42.67873528770588,1.0090162477169307,1,54183.950640826806,2.6829725172785404,44.869545990471934,35,0,1
44.75215972551346,4.5431059054434595,1,36543.83999906733,6.272927820729716,94.19282469897442,27,0,0
11.04591222618222,1.9487924167495678,1,70163.45559633293,7.094949868003022,112.55104306826118,69,0,1
23.822366519259702,4.621013456855627,1,101432.03210984071,6.3989046806894,57.29929329848605,6,1,0
26.475937626255536,0.8932881133312098,1,6244.233354573647,4.511502848193045,99.4464445939604,27,0,2
38.50141880223615,0.7404314761946906,1,31927.749797657016,5.90892282860314,26.70104201675049,20,1,1
48.870403645293194,4.72651176166145,1,103800.44136293945,1.7193605629833564,85.17639946151829,24,1,1
18.279102771003082,1.2343489637789573,1,60849.41474367649,4.601947158735074,73.94665695895063,32,0,2
48.94009353909493,4.723451393263783,1,103879.01173422448,1.6469539599499172,41.816041120039145,26,2,0
20.59675948211423,3.3756652969510035,1,37027.14703222964,5.45099368183781,101.47971859137787,3,1,1
17.342543948134047,3.821134916995925,0,25035.034004642715,0.6809933847519756,54.569527026728075,59,0,2
24.255499042858602,2.361345807334829,1,66832.40613483604,5.576401394765496,99.39599400049137,27,0,2
23.822366519259702,4.445919529459307,1,99476.10611840714,1.1886733465171746,53.659539816213936,8,0,0
42.673015574283916,1.7127936551673075,1,62796.36862230122,4.702138463885767,29.627495955210975,14,0,1
49.89421243474709,1.2967145266580968,0,52500.90458879356,1.8419059441621317,86.60686624253039,13,2,1
38.37106570108762,1.292633062788206,1,107928.95990066353,9.077306984140975,30.439508952141765,9,1,1
18.028480665104105,1.2343489637789573,1,2094.751060657913,4.511502848193045,26.93914714161842,20,0,2
32.72483971185725,2.3424855964333497,1,66966.33135365635,9.651828196850383,45.254330220007645,4,1,1
44.75215972551346,4.416259155468779,1,37647.22542042365,1.3571615053573725,75.98023028709284,25,0,0
17.78816400064993,1.2520854790117675,1,89282.93854511227,3.153503000991673,51.804676003629126,46,1,2
44.748970023621006,1.7590785984098054,1,108940.01800972605,6.130754568259545,44.99692133581671,10,0,0
39.77024648208481,4.538787891896345,1,87789.23095734883,5.690953223551255,15.271731385465024,17,2,0
44.75215972551346,4.419320053547189,1,38193.93770888594,2.016276520321602,99.27031886761073,23,0,0
21.667450119303957,3.1332669756965696,1,113028.19923127638,3.7038123600160304,82.97008607068271,2,0,2
49.225762207168586,2.344244779972835,1,114747.68176619147,3.7038123600160304,54.47934171829762,56,0,2
21.566170773556657,3.1198299720120386,1,110229.2915234303,3.5407253821483824,103.68859358990363,1,1,2
36.987122486758395,1.0166158227327968,1,61372.188771653084,4.58434082778795,63.23633109360496,4,2,1
49.78035719718454,2.332861375619989,1,39185.138821865534,5.256161953713892,100.69886031060199,44,1,1
45.16692647452751,4.409733246522608,1,36543.83999906733,6.272927820729716,94.41872159095544,35,0,0
18.028480665104105,1.2343489637789573,1,37279.81561924037,4.574328373689314,97.7021538821658,27,0,2
45.43917010642064,3.3756652969510035,1,37027.14703222964,5.518472197689504,98.12399621061107,4,0,1
44.74875272993643,4.435187924187112,1,41858.84909766451,5.930102396805105,23.04415027988939,21,0,0
14.619885726681586,3.12400130012061,1,113028.19923127638,3.7038123600160304,41.88690812054358,2,1,2
37.05856246822692,1.0413035554190326,1,61236.60978228906,4.511502848193045,97.23674567966918,27,2,2
26.168587561621727,3.1332669756965696,1,113028.19923127638,3.7038123600160304,83.78744134671591,2,0,2
16.585826131231414,1.2216504260962853,1,62796.36862230122,4.957982148964458,29.627495955210975,17,0,1
44.75215972551346,4.581098908921146,1,88378.78363610702,2.1067208107857027,19.647193634556444,23,0,0
32.69417248730112,2.3424855964333497,1,103586.42018353664,0.4635923320189477,67.24607467504434,24,2,1
38.50141880223615,0.7404314761946906,1,31927.749797657016,6.3497465579506915,26.70104201675049,20,0,1
24.255499042858602,1.2538673909586142,1,4470.234899782394,5.576401394765496,14.833351276594257,27,0,2
28.47356028209541,1.4463731803068232,0,3009.5413815475795,9.506983645122016,35.28130427155219,33,0,2
32.65575224494284,1.0090162477169307,1,111472.88525573537,1.960393641296474,44.869545990471934,14,1,1
24.021521577175754,4.3855769577205175,1,10076.837139447947,1.5390521792517315,29.811757145542053,6,0,0
42.26396853868589,1.141129028967898,1,54183.950640826806,2.6829725172785404,44.64363836174208,21,0,1
45.24892281365771,4.416259155468779,1,24673.472888418364,1.2943427839747645,75.51482207316846,25,0,0
20.39793149805182,4.419320053547189,1,29166.886836057263,2.016276520321602,99.27031886761073,23,1,0
40.154916865941246,1.7590785984098054,1,33897.169623937174,6.291252338383839,70.97176862369224,27,0,0
20.79007421624651,3.1198299720120386,1,110229.2915234303,3.7043051921197225,55.506492463857015,1,1,2
24.15346702181388,1.0166158227327968,1,61373.84254219681,4.58434082778795,63.23633109360496,4,0,1
21.974800183937802,0.8932881133312098,1,6244.233354573647,4.511502848193045,98.62908931745913,27,0,2
44.11453343810704,1.6172412366483035,1,2355.5341182349125,4.763158336376507,97.23674567966918,27,0,2
39.77024648208481,4.5408127315768025,1,37604.383047486306,5.690953223551255,78.73024991429394,17,2,0
26.112578345611702,0.2971947033558088,1,67316.79674835037,9.932287239559919,44.1488734535191,4,1,1
44.75215972551346,4.541699375654213,1,33897.169623937174,6.272927820729716,19.154315558965727,20,1,0
18.028480665104105,2.3418273803026164,1,64846.988855943855,4.511502848193045,111.32381234350018,20,0,2
23.822366519259702,4.418169374487945,1,99476.10611840714,0.8889091862479876,54.34450888951272,9,0,0
38.48539916532765,2.336658062525428,1,66966.33135365635,5.352833287347991,45.254330220007645,4,1,1
42.34920280451753,1.2389989935522319,1,98821.5439034297,9.7216518172289,53.67088183241986,34,1,1
23.94947092624699,4.445919529459307,1,99476.10611840714,1.4802973837902855,53.80819065315595,94,1,0
11.038710377823788,1.9487924167495678,1,70163.45559633293,9.271401645019147,112.55104306826118,69,0,1
40.91994008832372,1.1587006394190702,0,99975.71570598756,3.3316632634793955,114.79376519697189,71,0,1
26.88056978337866,2.6719711362668046,1,80761.54130755694,9.611400756292225,108.26717107943443,82,0,1
49.04809498274561,4.723451393263783,1,103879.01173422448,1.6469539599499172,82.2453885987115,24,2,0
40.980697627392594,1.6549915540203364,0,59911.99615825895,3.2410573566932865,21.25134423467179,34,0,0
44.75215972551346,4.5431059054434595,1,33897.169623937174,6.272927820729716,23.89534697772515,20,0,0
32.639732608035104,2.336658062525428,1,66966.33135365635,5.580808618085399,45.254330220007645,4,1,1
23.58057149318206,4.836438823943656,0,59488.62794065881,8.564497544205986,21.016073642024363,44,1,1
44.17552432498378,3.821134916995925,0,25191.85807463716,0.6809933847519756,113.74839417105517,57,0,2
26.526437505401773,3.9167692383193704,0,80768.52575319327,4.404849231038206,53.07163551777614,97,0,0
44.85273368168272,1.8076374146537177,1,87710.66059206014,5.4558621235772256,84.78636977427254,14,1,1
46.528671175188535,2.9389399510674945,1,31708.523381576866,5.294757193402676,19.420264520599577,99,1,2
24.165280339686028,1.24274579746266,1,19676.60627732813,5.5845272113182345,68.82665007920288,72,2,1
39.00861750407884,4.000693250064859,1,69777.56807618876,3.9713230939513045,11.368736352647272,47,2,1
42.548382186562925,1.292633062788206,1,55112.21850504001,9.870646810078256,30.439508952141765,34,0,1
49.91496449465177,3.363048498415063,1,86989.55379749746,1.9205627458119168,97.85329307755134,70,1,1
28.298888555867055,0.37672717332276284,0,89303.18867083486,3.153503000991673,51.754577779971974,46,1,2
18.028480665104105,1.2343489637789573,1,2355.5341182349125,4.511502848193045,97.23674567966918,27,0,2
20.329229558722677,1.790602187145514,1,25288.748721706586,9.609598066219755,62.217759391196104,98,1,0
25.267079757067762,0.8602773312303663,1,103985.89334334065,2.4980302436692723,59.82899590124015,21,2,2
12.856197407990662,1.3014767682115584,1,80692.17138615865,2.2849057437553935,54.54775768428388,78,1,2
37.72314120148132,1.0090162477169307,0,94815.88788365846,5.343989617680274,44.869545990471934,10,1,1
12.274239493837511,0.19881848556329462,0,89318.74682592695,5.303766661328474,64.7545372426035,85,1,1
28.59819694337613,1.714344991670378,0,71296.71510329984,4.79070226737583,34.4210261474544,14,0,2
49.91968562574395,2.3412484094353196,1,38851.97493085486,5.256161953713892,100.84637379605255,56,0,1
26.131094859820582,2.0867471700733593,1,34320.46822409053,7.876370396620508,28.792766638575475,52,2,1
18.42147527312417,4.497619541181023,1,74517.41625983363,7.9068046602364,87.47656481251892,95,2,0
26.345521160600207,0.44437183343807696,0,74153.84099087134,8.766754063389024,44.803044486262806,89,1,0
20.45122849647357,3.1198299720120386,1,110229.2915234303,3.7043051921197225,65.32490380181304,1,2,2
32.639732608035104,2.336658062525428,1,67576.77048433517,5.7265494239499795,41.97303212726467,4,1,1
26.88056978337866,2.6719711362668046,1,64943.58874656423,9.787123713047608,108.26717107943443,82,2,1
23.592553021180027,4.813024374795836,0,60174.129635537305,8.564497544205986,21.016073642024363,44,1,1
42.30872526737903,4.5431059054434595,1,33897.169623937174,7.177345913274051,26.790344514928737,20,0,1
49.7052393348954,3.363048498415063,1,71055.04860036365,1.9154973543674232,97.85329307755134,68,1,0
24.165280339686028,0.3984969404979697,1,20208.52077581945,5.443454963616879,68.75290218997662,93,1,1
20.45122849647357,3.049139437117403,1,99910.62349263966,3.6945653514405206,62.370349434607014,1,2,2
45.29510645533361,1.8076374146537177,0,87710.66059206014,5.444172584696538,68.13837680201351,14,1,1
29.23031923898713,2.9851467150487547,0,31708.523381576866,5.297675793893739,19.575222777448282,97,1,2
20.335192653971372,3.946456812050992,1,23350.747537525254,9.609598066219755,62.217759391196104,98,1,0
18.028480665104105,1.2468926032127903,1,87791.93903330114,4.350381502279593,48.51778778280807,47,0,2
40.980697627392594,1.6549915540203364,0,63923.969914241665,5.3973193786953555,42.8671743818578,34,0,0
11.038710377823788,2.349669178340419,1,38661.68152818305,9.271401645019147,112.55104306826118,69,0,1
21.70308282203017,4.444934955258222,1,99476.10611840714,1.4802973837902855,53.80819065315595,89,2,0
27.504352328532597,2.055047462907491,1,81404.88099610619,2.2849057437553935,54.87010216044669,78,1,2
44.17552432498378,3.821134916995925,0,24581.423640177287,0.8724871963636482,113.74839417105517,57,0,2
16.80726357332717,4.497619541181023,1,80642.68692350647,7.727911853552935,87.47656481251892,95,0,0
25.255098229069798,0.8651194133929032,1,103709.69005518101,2.568570199540689,59.82899590124015,21,2,2
44.99181664469606,1.3957738158097177,1,48675.02845985701,9.704266625017926,30.439508952141765,34,0,0
49.04809498274561,4.723451393263783,1,104486.52529467299,1.7146748778691552,82.2453885987115,26,2,1
26.345521160600207,1.2886216051921078,0,66060.07233379119,8.766754063389024,44.87679237549392,68,2,0
40.91994008832372,1.1587006394190702,0,110294.38372769025,3.3414031041585974,114.7398324672522,71,0,1
11.946092811151953,0.19881848556329462,1,89318.74682592695,5.214387840066739,85.19761352479169,85,1,1
44.38347527539219,1.6681382277416217,1,71296.71510329984,4.787783666884766,34.26606789090826,5,0,2
26.52047441015932,1.577825417732932,0,82706.66793198434,4.404849231038206,53.07163551777614,92,0,0
28.298888555867055,0.3641847796337165,0,4506.394002641951,3.153503000991673,100.4733413741576,27,1,2
37.72314120148132,1.0090162477169307,0,93155.8986466445,3.187727595697798,25.589846846910067,9,1,1
49.91968562574395,1.9403716478444681,1,70785.87734833975,5.256161953713892,100.84637379605255,56,0,1
39.00861750407884,4.00167782425158,1,69777.56807618876,3.9713230939513045,11.368736352647272,52,1,1
12.234555412242306,1.3331764753782083,1,33607.75922523643,7.793650224659729,40.983125489306516,52,2,1
44.367048221549744,4.753320896551803,1,105623.51710893986,4.787783666884766,34.26606789090826,5,2,2
42.30834734460083,4.5431059054434595,1,33897.169623937174,7.177345913274051,26.790344514928737,20,0,1
44.75215972551346,1.182631397602826,1,33897.169623937174,6.35993475035358,25.331615501927132,52,0,0
40.980697627392594,1.2796136048797586,0,59858.08057412924,3.2410573566932865,24.261138481056882,34,0,0
32.639732608035104,2.336658062525428,1,67576.77048433517,6.437302438276026,41.97303212726467,4,1,1
18.028480665104105,1.0880630769598496,1,66959.87197515676,5.2458546296090445,45.40870939284229,27,0,2
42.548382186562925,1.097263356547948,1,54977.55022323923,9.870646810078256,12.548896137434822,34,0,1
45.29510645533361,1.8076374146537177,0,89597.58025629967,5.444172584696538,70.790209252662,14,1,1
24.562579282950104,1.9403716478444681,1,19627.998416498445,5.256161953713892,70.32833244158488,56,0,1
20.329229558722677,2.5698299189410894,1,85808.28206115306,9.609598066219755,62.217759391196104,98,1,0
39.00861750407884,3.984329126445399,1,69777.56807618876,3.9255203072944735,11.368736352647272,52,1,1
25.255098229069798,0.8206315752394445,1,41589.56756044429,2.755119151592493,59.82899590124015,21,2,2
20.45122849647357,3.1198299720120386,1,111752.10229749786,3.7043051921197225,66.5353739106303,1,0,2
49.04809498274561,4.723451393263783,1,104486.52529467299,1.7146748778691552,82.2453885987115,30,2,1
20.45122849647357,3.049139437117403,1,100271.31381254063,2.5620797714804526,62.370349434607014,1,2,2
49.06414239436749,1.7911749121023472,1,69552.12384037042,1.6469539599499172,82.2453885987115,24,0,0
40.9810755501708,1.6549915540203364,0,63923.969914241665,5.3973193786953555,46.08248715379775,34,0,0
12.234555412242306,4.640779517155872,1,33607.75922523643,7.900470932808361,58.82490672894652,20,2,1
21.69640639963911,2.268461338465097,1,34374.38380857336,7.876370396620508,28.877466536839478,51,2,1
12.274239493837511,0.2302111156083686,0,76758.27389032254,5.303766661328474,64.7545372426035,85,1,1
32.639732608035104,2.3870292263391777,1,2724.3908114960395,4.521955947192643,97.08233222362264,4,1,1
39.00861750407884,4.002804655722203,1,69912.23635798955,3.9713230939513045,29.259350084651714,47,2,1
11.038710377823788,2.349669178340419,1,38669.34004955095,9.271401645019147,112.3760624869563,69,0,1
49.061051003970974,0.3984969404979697,1,74807.2250486222,5.443454963616879,93.92513455983513,93,1,1
11.946092811151953,0.1650104992059388,1,28799.275613372807,5.214387840066739,85.19761352479169,85,1,1
28.953936629188163,1.731692169256881,0,71296.71510329984,4.836505054032662,34.4210261474544,14,0,2
49.91968562574395,2.385736656028768,1,100970.72229490387,5.2814037068732915,100.84637379605255,57,0,1
44.99181664469606,1.3957738158097177,1,48739.38058489642,9.704266625017926,30.439508952141765,34,2,0
18.833510951757045,1.2468926032127903,1,89826.81772314233,4.350381502279593,48.51778778280807,47,0,2
24.881921669655092,0.7096744958677575,1,103625.20302343967,3.774335115767085,59.82899590124015,21,2,2
44.75215972551346,1.182631397602826,1,33897.169623937174,6.326343924703946,21.277073124990736,20,0,0
39.121095181271606,1.3331764753782083,1,32300.308826020442,7.793650224659729,42.98359134037226,46,2,1
42.30872526737903,3.0602045480847284,1,33897.169623937174,7.177345913274051,26.790344514928737,20,0,1
42.30834734460083,4.5431059054434595,1,33897.169623937174,7.177345913274051,26.790344514928737,20,0,0
32.639732608035104,2.336658062525428,1,67576.77048433517,6.437302438276026,41.97303212726467,6,1,1
28.965924329712834,2.3837010960803346,0,75005.89177021617,4.836505054032662,32.81852644409046,4,0,1
25.255098229069798,0.8315857609740231,1,41589.56756044429,2.5723129402893115,59.82899590124015,21,0,2
17.99810033685769,1.7863967908705471,1,66959.87197515676,5.2318204493786515,45.40870939284229,28,0,2
26.131094859820582,1.425294663709642,1,34320.46822409053,7.876370396620508,28.792766638575475,52,0,1
31.106882432627618,2.336658062525428,1,66966.33135365635,7.8205397568735515,45.254330220007645,4,2,1
45.303257444482874,1.6583315635324458,0,94695.96432032522,9.748408223583048,71.46253175708911,14,2,1
42.548382186562925,1.292633062788206,1,55112.21850504001,4.3156004791005795,63.48092967512892,4,0,1
32.639732608035104,2.4955342064451327,1,110874.07864091336,3.8639774235316304,67.47902374550577,6,1,1
20.304363411672952,1.1013899809256136,1,2315.5259334282614,4.423318758797678,12.548896137434822,34,0,1
49.06414239436749,0.08183623538582518,1,28535.582104514873,1.575758057482879,82.1240319660672,25,0,0
43.61242340938832,4.5431059054434595,1,42429.50013948783,6.272927820729716,23.947294878545684,52,0,0
14.702264668764588,4.002804655722203,1,71219.68691920633,3.9713230939513045,26.51678650787524,47,2,1
20.45122849647357,4.532029692851352,1,105485.23745561733,2.5620797714804526,62.370349434607014,1,2,2
40.980697627392594,1.2796136048797586,0,59858.08057412924,3.2410573566932865,21.515276454849776,34,0,1
24.84530623316347,1.9403716478444681,1,19627.998416498445,5.256161953713892,70.32833244158488,56,0,1
32.62774490751043,1.684649135701986,1,67576.77048433517,5.7265494239499795,41.186646241640304,14,1,2
18.028480665104105,1.235938417478279,1,87791.93903330114,4.533187713650832,48.51778778280807,47,2,2
44.412561688141196,1.1030778755916906,1,70571.0224798474,5.368988081777973,34.26606789090826,5,0,2
44.99181664469606,2.057226322173492,1,41215.420444679155,9.704266625017926,36.48906264051828,34,2,0
13.77891381690384,4.640779517155872,1,33607.75922523643,5.660739791789575,58.82490672894652,20,1,1
44.983665655546794,1.3957738158097177,1,48739.38058489642,5.382844004588321,29.767187073212696,34,1,0
20.45122849647357,3.049139437117403,1,92334.8834329052,9.834174628754585,29.3289288116138,33,2,2
20.45122849647357,3.1198299720120386,1,4300.771509013459,4.511592619805832,96.13868219701577,1,0,2
40.27244158408729,1.2302223394012917,1,53142.11468279698,9.883568536034431,97.23674567966918,27,0,2
11.946092811151953,1.8888870019266284,1,69815.81806605693,5.214387840066739,85.318970157436,84,1,1
42.30834734460083,4.5431059054434595,1,33897.169623937174,7.177345913274051,28.913524045194684,20,0,1
49.06414239436749,1.6281421057488652,1,82904.21687966555,1.6469539599499172,86.27443847005412,24,0,0
12.502860130110605,1.322622584131435,1,33495.65318208859,4.525662981745143,42.16000668752562,52,2,1
18.028480665104105,1.2343489637789573,1,1599.8993220114426,4.624769533732046,98.71240886029751,27,0,2
49.71391704179494,2.057226322173492,1,21471.304854684306,9.65370777720346,78.23393373144536,34,2,0
12.234555412242306,4.640779517155872,1,33607.75922523643,7.900470932808361,41.94346851571109,20,2,1
32.639732608035104,2.4787095337401057,1,66966.33135365635,7.181264077608039,45.254330220007645,4,1,1
44.75215972551346,1.021126037670582,1,33897.169623937174,9.933435431318792,21.277073124990736,34,0,0
25.255098229069798,1.111267532851933,1,48693.607877335686,5.340819745227931,59.82899590124015,21,0,2
13.234469470838228,1.3957738158097177,1,48590.52440971748,6.4207409918000335,25.041845669688065,7,1,0
20.032207480207433,3.1107297171706603,1,66544.4734600356,5.227987336334987,45.17136237694173,20,0,2
40.27244158408729,1.2302223394012917,1,53142.11468279698,9.883568536034431,97.89202861296071,27,0,2
43.61242340938832,1.1344719938822547,1,48608.03930015091,6.272927820729716,23.953048468953565,34,0,0
44.75215972551346,4.5431059054434595,1,33643.99088376423,6.272927820729716,58.76841699237834,20,2,0
33.734992911686675,2.36093640986616,1,36795.65853461307,7.177345913274051,98.18701350552371,20,0,1
42.548382186562925,1.292633062788206,1,55112.21850504001,4.3156004791005795,63.48092967512892,1,0,1
20.036160681826587,1.1119438721723867,1,2484.4474651721957,7.6913059261432135,11.372133502909078,34,0,1
18.028480665104105,1.0880630769598496,1,68700.8988715305,5.2458546296090445,43.93290929625951,33,0,2
44.3049419052996,0.08183623538582518,1,40620.024108154656,1.5822502778984262,39.42883884926202,25,0,0
31.279679427458326,2.336658062525428,1,68459.12384263979,5.7265494239499795,61.94416377674238,4,1,1
42.30872526737903,4.147774623379147,1,33897.169623937174,5.36622681685192,26.44486212483467,20,0,1
41.25842948480567,1.1735800406224017,1,55112.21850504001,6.241244513364576,30.439508952141765,20,0,1
44.412561688141196,0.8233961037137812,1,70571.0224798474,2.6004812792331435,34.26606789090826,5,0,2
45.55311590135844,4.640779517155872,1,33756.61540041577,5.383423723579658,58.82490672894652,36,1,1
18.05154589250051,1.7954970457201456,1,1722.011066441742,4.515425732849497,95.79818868527104,1,0,2
40.33988746285875,1.3957738158097177,1,48675.02845985701,9.704266625017926,29.78383364545315,34,0,0
44.99181664469606,4.669121900411312,1,49946.35648365601,9.704266625017926,30.433755361733883,52,2,0
25.255098229069798,0.8206315752394445,1,37520.86192298014,2.755119151592493,23.545387035592437,21,0,2
40.79675202144847,3.086297364557743,1,2724.3908114960395,4.521955947192643,21.068675493350913,4,1,1
40.27244158408729,1.290308190147277,1,53142.11468279698,9.760217840900866,97.24672577924981,27,0,2
23.94947092624699,4.445919529459307,1,99476.10611840714,1.4802973837902855,53.80819065315595,94,1,0
11.038710377823788,1.9487924167495678,1,70163.45559633293,9.271401645019147,112.55104306826118,69,0,1
40.91994008832372,1.1587006394190702,0,99975.71570598756,3.3316632634793955,114.79376519697189,71,0,1
26.88056978337866,2.6719711362668046,1,80761.54130755694,9.611400756292225,108.26717107943443,82,0,1
49.04809498274561,4.723451393263783,1,103879.01173422448,1.6469539599499172,82.2453885987115,24,2,0
40.980697627392594,1.6549915540203364,0,59911.99615825895,3.2410573566932865,21.25134423467179,34,0,0
44.75215972551346,4.5431059054434595,1,33897.169623937174,6.272927820729716,23.89534697772515,20,0,0
32.639732608035104,2.336658062525428,1,66966.33135365635,5.580808618085399,45.254330220007645,4,1,1
23.58057149318206,4.836438823943656,0,59488.62794065881,8.564497544205986,21.016073642024363,44,1,1
44.17552432498378,3.821134916995925,0,25191.85807463716,0.6809933847519756,113.74839417105517,57,0,2
26.526437505401773,3.9167692383193704,0,80768.52575319327,4.404849231038206,53.07163551777614,97,0,0
44.85273368168272,1.8076374146537177,1,87710.66059206014,5.4558621235772256,84.78636977427254,14,1,1
46.528671175188535,2.9389399510674945,1,31708.523381576866,5.294757193402676,19.420264520599577,99,1,2
24.165280339686028,1.24274579746266,1,19676.60627732813,5.5845272113182345,68.82665007920288,72,2,1
39.00861750407884,4.000693250064859,1,69777.56807618876,3.9713230939513045,11.368736352647272,47,2,1
42.548382186562925,1.292633062788206,1,55112.21850504001,9.870646810078256,30.439508952141765,34,0,1
49.91496449465177,3.363048498415063,1,86989.55379749746,1.9205627458119168,97.85329307755134,70,1,1
28.298888555867055,0.37672717332276284,0,89303.18867083486,3.153503000991673,51.754577779971974,46,1,2
18.028480665104105,1.2343489637789573,1,2355.5341182349125,4.511502848193045,97.23674567966918,27,0,2
20.329229558722677,1.790602187145514,1,25288.748721706586,9.609598066219755,62.217759391196104,98,1,0
25.267079757067762,0.8602773312303663,1,103985.89334334065,2.4980302436692723,59.82899590124015,21,2,2
12.856197407990662,1.3014767682115584,1,80692.17138615865,2.2849057437553935,54.54775768428388,78,1,2
37.72314120148132,1.0090162477169307,0,94815.88788365846,5.343989617680274,44.869545990471934,10,1,1
12.274239493837511,0.19881848556329462,0,89318.74682592695,5.303766661328474,64.7545372426035,85,1,1
28.59819694337613,1.714344991670378,0,71296.71510329984,4.79070226737583,34.4210261474544,14,0,2
49.91968562574395,2.3412484094353196,1,38851.97493085486,5.256161953713892,100.84637379605255,56,0,1
26.131094859820582,2.0867471700733593,1,34320.46822409053,7.876370396620508,28.792766638575475,52,2,1
18.42147527312417,4.497619541181023,1,74517.41625983363,7.9068046602364,87.47656481251892,95,2,0
26.345521160600207,0.44437183343807696,0,74153.84099087134,8.766754063389024,44.803044486262806,89,1,0
20.45122849647357,3.1198299720120386,1,110229.2915234303,3.7043051921197225,65.32490380181304,1,2,2
44.75215972551346,4.544859279209025,1,38193.93770888594,6.272927820729716,44.549468498096175,95,0,0
18.557992732299375,3.412240136902471,1,74517.41625983363,7.9068046602364,97.65577626983588,95,1,0
41.88393879428195,1.8757415956678931,0,87797.7957128247,3.3316632634793955,84.97255250405901,71,0,1
11.038710377823788,1.9487924167495678,1,9336.155654663191,9.271401645019147,111.92186758899207,68,0,2
38.44432849040102,1.1130046901109205,1,69777.56807618876,3.9713230939513045,21.606821530820653,34,2,0
11.49367025748826,0.2033644800548532,0,89318.74682592695,5.066753178740344,62.86321030841795,89,1,1
28.59819694337613,1.714344991670378,0,74866.96987681268,9.602688424649903,33.952277509018074,15,0,1
28.298888555867055,0.84763865281968,1,89097.7077916762,3.15964424959784,51.754577779971974,46,1,2
20.221996988808566,3.855519202305739,1,81807.13781264007,4.397612592952426,53.07163551777614,5,0,2
25.846275547686766,2.943874354325271,1,31711.036654650474,7.876370396620508,29.12018817076878,61,2,1
44.199323025668726,1.292633062788206,1,55112.21850504001,9.965094283882506,35.900776755999026,34,0,1
23.724662305596183,4.836438823943656,0,59488.62794065881,9.520991738831997,21.016073642024363,44,1,1
10.961579484545847,4.794085914284946,1,103879.01173422448,1.6469539599499172,82.79597284354126,24,2,2
49.58342791279503,2.429922668964333,1,66966.33135365635,5.580808618085399,45.254330220007645,55,1,1
37.17583898793041,1.2297503408310573,1,98363.04562654466,5.3409790957786685,69.1948587566143,72,2,1
23.94947092624699,4.444166155693741,1,99476.10611840714,1.4802973837902855,18.641353366081734,20,1,0
49.91496449465177,4.480463670992055,1,86989.55379749746,1.9205627458119168,87.67408162023393,70,2,1
44.8481390641335,1.090596458418796,1,99888.58058520727,4.919248364425543,116.01220602268639,14,1,1
18.279102771003082,1.2343489637789573,1,77537.41675304621,4.511502848193045,97.23674567966918,28,0,1
40.980697627392594,3.9042439823546466,0,59911.99615825895,3.2410573566932865,5.215574779624987,47,0,1
27.228653490687133,0.43982583969897593,0,74153.84099087134,8.756113499347498,44.997798758668154,81,1,0
26.88056978337866,2.6719711362668046,1,80761.54130755694,4.792376072190207,108.71560392205836,82,0,2
25.267079757067762,0.38936585386192213,0,102978.9580065538,2.4918889950631056,55.29393862126127,21,2,2
26.755669013090916,2.9979618053560624,0,109190.5547839253,3.5731726551877854,65.32490380181304,94,2,0
46.80716160346486,2.0818127668155806,1,34317.95495101692,5.294757193402676,19.092842988409462,89,1,2
42.52458348587799,3.821134916995925,0,25191.85807463716,0.22776859132864669,112.16304163505234,57,0,2
21.107939886089273,1.790602187145514,1,37797.281141872474,8.653102071979328,62.217759391196104,98,1,0
49.24846932366553,1.2147189594659304,1,80692.17138615865,2.2849057437553935,53.997173438573896,77,1,0
32.677945527204045,2.3412484094353196,1,38851.97493085486,5.256161953713892,100.84637379605255,4,0,1
24.71258254325037,1.0090162477169307,0,16138.315096209342,5.587537733219839,44.50133731307117,10,1,1
41.91544035591819,0.9988388569003576,0,59911.99615825895,8.586264154529896,21.25134423467179,34,0,0
10.852446429973144,2.3412484094353196,1,105362.97363629364,1.643464838807586,102.29771997668124,4,0,1
12.713496088331643,3.1198299720120386,1,111041.07988654336,3.735056917790689,54.29917840710046,2,2,2
44.85273368168272,1.8076374146537177,1,87710.66059206014,5.4558621235772256,72.712864267497,14,1,1
15.751224071976937,1.2343489637789573,1,77701.57849264526,4.511502848193045,97.41871493249516,28,0,1
21.641987874524908,3.855519202305739,1,81807.13781264007,6.209297997392705,53.07163551777614,5,0,2
18.028480665104105,1.9513084205838862,1,667.2512833782002,4.25663816082,101.55014637617856,27,0,1
42.52524471050389,3.821134916995925,0,101078.91807150074,0.5117722218806784,113.21849533130641,56,0,2
28.59819694337613,1.714344991670378,0,74859.4481543075,9.644879684459573,34.4210261474544,14,0,2
44.75215972551346,4.546976908167053,1,38193.93770888594,6.317690609034873,44.549468498096175,96,0,0
20.329229558722677,0.8177651727157342,1,25288.748721706586,2.5191725801559772,53.203719560368995,98,1,0
24.71258254325037,1.0220396163349705,0,16120.552239673383,5.590580675131313,44.50133731307117,10,1,1
38.44432849040102,1.1130046901109205,1,16181.285221318072,3.9713230939513045,21.606821530820653,34,0,0
32.44417262604101,2.336658062525428,1,77155.39671586042,5.347642868147051,45.254330220007645,8,1,1
42.92027291609217,1.196534713901464,1,55112.21850504001,9.965094283882506,35.900776755999026,34,0,1
23.58057149318206,4.836438823943656,0,59488.62794065881,3.219183081758374,21.016073642024363,44,1,1
32.94010631749046,4.794085914284946,1,37362.796571042694,5.259652947156957,76.69311896786648,24,2,2
20.593970539096077,1.3014767682115584,1,79879.84795973459,2.2541540180911697,65.57348307899646,78,1,2
32.07689885535819,2.0867471700733593,1,34320.46822409053,7.876370396620508,33.06507151725282,52,2,1
42.21817181046847,3.9042439823546466,0,62288.47431033424,3.341930183787821,7.100110646572954,47,0,1
43.58605742772654,4.5431059054434595,1,33897.169623937174,4.461242416289267,23.89534697772515,20,0,0
11.038710377823788,1.365804325515569,1,70163.45559633293,9.516070056199204,112.55104306826118,69,0,2
44.84747783950753,1.090596458418796,1,22824.279443424915,4.65082905899296,116.01220602268639,14,1,1
28.59819694337613,1.714344991670378,0,71304.23682580504,4.73665746124137,33.952277509018074,15,0,1
49.32198278120319,4.982780183651671,1,103879.01173422448,1.6022143742665698,82.2453885987115,24,2,0
20.832788098852685,2.0148285227243123,1,103985.89334334065,9.566633598627206,59.82923470805566,21,2,2
49.92946243975928,2.3282250487941067,1,26322.00774336529,5.4110533741605575,100.84637379605255,56,0,1
11.038710377823788,1.9487924167495678,1,66037.26490047935,9.271401645019147,111.92186758899207,68,2,2
37.91870118347515,1.0090162477169307,0,93153.02084406221,5.577155367618622,44.869545990471934,10,1,1
42.529428669221424,1.4213996363744186,1,55112.21850504001,9.925660589183622,30.439508952141765,34,0,1
46.5493814518547,1.090596458418796,1,22824.279443424915,4.65082905899296,112.84524761396135,14,1,1
11.262698370239303,2.3412484094353196,1,38851.97493085486,2.199110706856777,83.03645570643401,4,2,1
42.548382186562925,1.3172623862959374,1,55112.21850504001,9.862481100603283,34.421729535815686,34,0,1
41.91544035591819,0.9950789809449256,1,78172.16948611262,8.586264154529896,21.25134423467179,39,0,0
40.980697627392594,1.6549915540203364,0,59911.99615825895,3.2410573566932865,21.25134423467179,15,0,0
10.852446429973144,2.3412484094353196,1,3039.0930951574483,1.643464838807586,101.86922362656759,4,0,1
47.090964451902856,1.2001437190622632,1,70920.17858905932,6.272927820729716,95.96521947361931,20,0,0
11.038710377823788,1.9487924167495678,1,69797.70343974917,9.271401645019147,112.55104306826118,69,0,1
43.590177171651945,4.374649900959221,1,35280.08684902253,4.461242416289267,78.3070179709392,20,0,0
22.07690374988689,3.855519202305739,1,81883.32863392556,6.209297997392705,53.07163551777614,5,0,2
20.45122849647357,3.1198299720120386,0,110229.2915234303,3.7043051921197225,65.32490380181304,1,1,2
20.221996988808566,3.8387237894703734,1,80862.76093343654,4.397612592952426,53.07163551777614,7,0,1
32.45445358954456,2.082080207066285,1,667.2512833782002,4.565846933439938,101.55014637617856,11,0,1
18.129105835468653,1.893864501840473,1,9336.155654663191,4.6124964810991935,111.92186758899207,29,0,2
23.704212141528796,4.637415546519862,0,51664.880186361406,3.4222543001296484,21.2047300464333,45,0,1
11.422924369026859,1.3014767682115584,1,80692.17138615865,2.7113847814754726,57.587562659852814,75,1,2
33.69453998896296,4.794085914284946,1,106326.43243030205,5.186628909696742,101.12731319245836,25,0,2
29.195432487863062,1.6897156681626466,0,74859.4481543075,9.6530453777492,25.72489156986007,14,0,2
18.279102771003082,1.2381088397343891,0,58401.67540612068,4.511502848193045,97.23674567966918,28,0,1
28.59819694337613,1.714344991670378,0,71304.23682580504,4.73665746124137,30.5373605832427,34,0,1
27.557641063003963,1.0220396163349705,0,117767.33744613682,5.590580675131313,44.92940838712127,13,1,1
13.38597026810649,4.575448908824459,1,37827.77715064367,4.511502848193045,31.013852004126313,28,0,1
28.59819694337613,1.714344991670378,0,74487.32722374992,9.602688424649903,33.952277509018074,15,0,1
44.84861393775732,1.8076374146537177,1,91734.56996297483,5.224474210256424,18.302094738442396,14,1,1
38.00941259888254,1.1130046901109205,1,16954.821881349802,3.9713230939513045,20.833324959214696,34,0,0
24.71258254325037,1.0090162477169307,1,16138.315096209342,5.527043184917021,25.04422172910143,10,2,1
44.199323025668726,1.292633062788206,1,55112.21850504001,9.965094283882506,35.900776755999026,34,0,2
17.65093016477966,1.9559753835909608,1,41124.24500549215,7.254506038713667,33.06507151725282,52,2,1
10.941809163554204,1.2224449221925338,1,2355.5341182349125,9.431655397639242,97.23674567966918,67,0,2
42.79658707593943,1.3818522443810877,1,59353.43287478843,9.654575966889578,35.71212035169858,34,1,1
44.199323025668726,1.2927212986126713,1,55112.21850504001,9.965094283882506,35.900776755999026,41,0,1
10.852446429973144,2.3412484094353196,1,3039.0930951574483,3.192544512660916,17.924146948985545,4,0,1
24.71258254325037,1.0223905841604772,0,16120.046443338599,5.590580675131313,37.74596665037465,10,1,1
42.14908892370864,2.5676711634250884,1,45956.01525002356,5.470685046219751,100.84637379605255,4,0,1
41.95097668021759,0.9971368987399887,1,81573.11796082651,8.586264154529896,21.25134423467179,7,0,2
42.558454207346024,1.292633062788206,1,55112.21850504001,9.97270137721692,26.435830934022434,34,0,1
22.07690374988689,3.855519202305739,1,81983.73327961244,6.209297997392705,51.733889930718654,5,0,2
43.451664823993006,4.374649900959221,1,35154.630956859364,4.461242416289267,116.64695974644144,39,0,0
11.262698370239303,2.3412484094353196,1,35680.28762642975,6.264429418454744,81.62591483526657,4,2,1
19.245587902942646,1.3541293795829707,1,76744.09407444387,4.526101341723849,97.53673011987648,28,0,1
28.752732577209933,1.714344991670378,0,74228.12377877212,9.602688424649903,33.952277509018074,15,0,2
18.248491251206453,1.2343489637789573,1,2355.5341182349125,4.511502848193045,97.18049194670414,27,0,1
19.994479643365953,3.832888764216479,1,74693.13610368547,4.397612592952426,53.07163551777614,5,0,0
31.19575870685394,2.3942169640320685,1,667.2512833782002,3.971614667963889,19.56765068290813,34,0,0
47.21606237049922,3.8387237894703734,1,80862.76093343654,6.272902987820551,95.8557196281341,7,0,1
42.548382186562925,1.3171741504714722,1,55112.21850504001,9.862481100603283,34.421729535815686,34,0,1
40.980697627392594,1.6549915540203364,0,59911.99615825895,1.6919776832420976,105.18407897949137,15,0,0
24.71258254325037,1.0086652798914242,1,16138.820892544127,5.527043184917021,25.04422172910143,10,2,1
33.1117026802633,0.7724188116812042,0,59911.99615825895,8.371738634589919,15.35171521554112,34,0,0
20.764555885913193,3.8389981197416447,1,74537.62118655365,5.668823827492816,53.07163551777614,38,0,0
38.43425646961626,1.1130046901109205,1,15632.754138314445,3.9713230939513045,7.9504149039428285,34,0,0
15.751224071976937,1.542181368940296,1,77601.17384695838,4.511502848193045,98.75642076668316,28,0,1
44.84747783950753,1.090596458418796,1,22949.73533559196,4.65082905899296,77.60070306275426,14,1,1
44.75215972551346,4.5431059054434595,1,33945.91214459728,2.207609623256369,23.89534697772515,25,0,0
16.234099400500316,1.9510505141590126,1,37912.95480143787,7.239907544210531,32.76485160550499,52,2,1
12.70471403108067,1.1077712461252651,1,80951.37483113645,2.2849057437553935,54.54775768428388,78,1,1
25.1542814424439,1.714344991670378,0,71304.23682580504,4.73665746124137,34.008370546424004,15,0,2
46.526664595808995,4.565736274054411,1,33897.169623937174,4.461242416289267,23.89534697772515,15,0,2
37.90805430610549,2.214383807621868,1,16575.3931019291,4.565555359427354,102.81244673491926,11,0,1
20.071735051875542,1.2001437190622632,1,70920.17858905932,4.234235293216034,53.181131379816335,20,0,0
