bandwidth,cruise_speed,firm_obstacle,illuminance,obstacle_distance,obstacle_size,power,quality,smoke_intensity
49.81625516688532,3.3500599805510722,1,70664.25980651574,5.630771735511649,74.96787001739092,95,1,2
49.81625516688532,3.3500599805510722,1,70664.25980651574,5.630771735511649,74.96787001739092,63,1,2
49.81625516688532,3.3500599805510722,1,70664.25980651574,5.630771735511649,74.96787001739092,69,1,2
49.81625516688532,3.3500599805510722,1,70664.25980651574,5.630771735511649,74.96787001739092,90,1,2
49.81625516688532,3.3500599805510722,1,70664.25980651574,5.630771735511649,74.96787001739092,58,1,2
49.81625516688532,3.3500599805510722,1,70664.25980651574,5.630771735511649,74.96787001739092,78,1,2
49.81625516688532,3.3500599805510722,1,70664.25980651574,5.630771735511649,74.96787001739092,84,1,2
49.81625516688532,3.3500599805510722,1,70664.25980651574,5.630771735511649,74.96787001739092,22,1,2
49.81625516688532,3.3500599805510722,1,70664.25980651574,5.630771735511649,74.96787001739092,5,1,2
49.81625516688532,3.3500599805510722,1,70664.25980651574,5.630771735511649,74.96787001739092,30,1,2
49.81625516688532,3.3500599805510722,1,70664.25980651574,5.630771735511649,74.96787001739092,28,1,2
49.81625516688532,3.3500599805510722,1,70664.25980651574,5.630771735511649,74.96787001739092,88,1,2
49.81625516688532,3.3500599805510722,1,70664.25980651574,5.630771735511649,74.96787001739092,92,1,2
49.81625516688532,3.3500599805510722,1,70664.25980651574,5.630771735511649,74.96787001739092,0,1,2
49.81625516688532,3.3500599805510722,1,70664.25980651574,5.630771735511649,74.96787001739092,50,1,2
49.81625516688532,3.3500599805510722,1,70664.25980651574,5.630771735511649,74.96787001739092,82,1,2
49.81625516688532,3.3500599805510722,1,70664.25980651574,5.630771735511649,74.96787001739092,13,1,2
49.81625516688532,3.3500599805510722,1,70664.25980651574,5.630771735511649,74.96787001739092,80,1,2
49.81625516688532,3.3500599805510722,1,70664.25980651574,5.630771735511649,74.96787001739092,12,1,2
49.81625516688532,3.3500599805510722,1,70664.25980651574,5.630771735511649,74.96787001739092,47,1,2
49.81625516688532,3.3500599805510722,1,70664.25980651574,5.630771735511649,74.96787001739092,82,1,2
49.81625516688532,3.3500599805510722,1,70664.25980651574,5.630771735511649,74.96787001739092,30,1,2
49.81625516688532,3.3500599805510722,1,70664.25980651574,5.630771735511649,74.96787001739092,34,1,2
49.81625516688532,3.3500599805510722,1,70664.25980651574,5.630771735511649,74.96787001739092,28,1,2
49.81625516688532,3.3500599805510722,1,70664.25980651574,5.630771735511649,74.96787001739092,72,1,2
49.81625516688532,3.3500599805510722,1,70664.25980651574,5.630771735511649,74.96787001739092,25,1,2
49.81625516688532,3.3500599805510722,1,70664.25980651574,5.630771735511649,74.96787001739092,100,1,2
49.81625516688532,3.3500599805510722,1,70664.25980651574,5.630771735511649,74.96787001739092,44,1,2
49.81625516688532,3.3500599805510722,1,70664.25980651574,5.630771735511649,74.96787001739092,48,1,2
49.81625516688532,3.3500599805510722,1,70664.25980651574,5.630771735511649,74.96787001739092,50,1,2
46.992374157624624,2.767486760372462,1,81578.48126053058,1.0987392736230306,54.24214113918047,58,1,1
46.992374157624624,4.977501417171963,1,81578.48126053058,1.0987392736230306,54.24214113918047,58,1,1
46.992374157624624,3.963309596068765,1,81578.48126053058,1.0987392736230306,54.24214113918047,58,1,1
46.992374157624624,3.110896147205813,1,81578.48126053058,1.0987392736230306,54.24214113918047,58,1,1
46.992374157624624,4.944800738409424,1,81578.48126053058,1.0987392736230306,54.24214113918047,58,1,1
46.992374157624624,1.0765434911779947,1,81578.48126053058,1.0987392736230306,54.24214113918047,58,1,1
46.992374157624624,0.8010601692892227,1,81578.48126053058,1.0987392736230306,54.24214113918047,58,1,1
46.992374157624624,3.062698021365154,1,81578.48126053058,1.0987392736230306,54.24214113918047,58,1,1
46.992374157624624,0.21971003980691683,1,81578.48126053058,1.0987392736230306,54.24214113918047,58,1,1
46.992374157624624,0.1784013938679807,1,81578.48126053058,1.0987392736230306,54.24214113918047,58,1,1
46.992374157624624,2.5744441013568515,1,81578.48126053058,1.0987392736230306,54.24214113918047,58,1,1
46.992374157624624,2.3310301266264455,1,81578.48126053058,1.0987392736230306,54.24214113918047,58,1,1
46.992374157624624,4.585838865964261,1,81578.48126053058,1.0987392736230306,54.24214113918047,58,1,1
46.992374157624624,3.1461312724550523,1,81578.48126053058,1.0987392736230306,54.24214113918047,58,1,1
46.992374157624624,2.5705882329975696,1,81578.48126053058,1.0987392736230306,54.24214113918047,58,1,1
46.992374157624624,2.4843671769675213,1,81578.48126053058,1.0987392736230306,54.24214113918047,58,1,1
46.992374157624624,1.237574610136654,1,81578.48126053058,1.0987392736230306,54.24214113918047,58,1,1
46.992374157624624,0.0589701277125293,1,81578.48126053058,1.0987392736230306,54.24214113918047,58,1,1
46.992374157624624,0.9620107199265532,1,81578.48126053058,1.0987392736230306,54.24214113918047,58,1,1
46.992374157624624,3.4601606044091957,1,81578.48126053058,1.0987392736230306,54.24214113918047,58,1,1
46.992374157624624,1.003033619934976,1,81578.48126053058,1.0987392736230306,54.24214113918047,58,1,1
46.992374157624624,1.8476815530110335,1,81578.48126053058,1.0987392736230306,54.24214113918047,58,1,1
46.992374157624624,0.018671210260379767,1,81578.48126053058,1.0987392736230306,54.24214113918047,58,1,1
46.992374157624624,4.1502386490087275,1,81578.48126053058,1.0987392736230306,54.24214113918047,58,1,1
46.992374157624624,0.7723054053071993,1,81578.48126053058,1.0987392736230306,54.24214113918047,58,1,1
46.992374157624624,1.3379965228189272,1,81578.48126053058,1.0987392736230306,54.24214113918047,58,1,1
46.992374157624624,4.401660769904144,1,81578.48126053058,1.0987392736230306,54.24214113918047,58,1,1
46.992374157624624,2.548954049342116,1,81578.48126053058,1.0987392736230306,54.24214113918047,58,1,1
46.992374157624624,4.235751231829346,1,81578.48126053058,1.0987392736230306,54.24214113918047,58,1,1
46.992374157624624,3.198585834712631,1,81578.48126053058,1.0987392736230306,54.24214113918047,58,1,1
39.67083789447429,0.2867216779533588,1,6590.353225811932,9.913164092722484,26.629042902441125,46,1,1
13.659824202521825,0.2867216779533588,1,6590.353225811932,9.913164092722484,26.629042902441125,46,1,1
31.64575285505955,0.2867216779533588,1,6590.353225811932,9.913164092722484,26.629042902441125,46,1,1
30.310889452014,0.2867216779533588,1,6590.353225811932,9.913164092722484,26.629042902441125,46,1,1
44.85357506771523,0.2867216779533588,1,6590.353225811932,9.913164092722484,26.629042902441125,46,1,1
24.450562360566302,0.2867216779533588,1,6590.353225811932,9.913164092722484,26.629042902441125,46,1,1
33.927362688288525,0.2867216779533588,1,6590.353225811932,9.913164092722484,26.629042902441125,46,1,1
12.370065693820145,0.2867216779533588,1,6590.353225811932,9.913164092722484,26.629042902441125,46,1,1
25.505272044429148,0.2867216779533588,1,6590.353225811932,9.913164092722484,26.629042902441125,46,1,1
22.921453850328266,0.2867216779533588,1,6590.353225811932,9.913164092722484,26.629042902441125,46,1,1
16.007989162818074,0.2867216779533588,1,6590.353225811932,9.913164092722484,26.629042902441125,46,1,1
42.653524152763026,0.2867216779533588,1,6590.353225811932,9.913164092722484,26.629042902441125,46,1,1
25.177846862012498,0.2867216779533588,1,6590.353225811932,9.913164092722484,26.629042902441125,46,1,1
49.14991537644887,0.2867216779533588,1,6590.353225811932,9.913164092722484,26.629042902441125,46,1,1
33.59966772042441,0.2867216779533588,1,6590.353225811932,9.913164092722484,26.629042902441125,46,1,1
34.20225015319405,0.2867216779533588,1,6590.353225811932,9.913164092722484,26.629042902441125,46,1,1
35.51986323153329,0.2867216779533588,1,6590.353225811932,9.913164092722484,26.629042902441125,46,1,1
37.05800975251153,0.2867216779533588,1,6590.353225811932,9.913164092722484,26.629042902441125,46,1,1
16.031520766734747,0.2867216779533588,1,6590.353225811932,9.913164092722484,26.629042902441125,46,1,1
27.6125386875275,0.2867216779533588,1,6590.353225811932,9.913164092722484,26.629042902441125,46,1,1
19.58255847318093,0.2867216779533588,1,6590.353225811932,9.913164092722484,26.629042902441125,46,1,1
26.099931924159264,0.2867216779533588,1,6590.353225811932,9.913164092722484,26.629042902441125,46,1,1
13.868163757269825,0.2867216779533588,1,6590.353225811932,9.913164092722484,26.629042902441125,46,1,1
48.71312204195286,0.2867216779533588,1,6590.353225811932,9.913164092722484,26.629042902441125,46,1,1
18.600161494235202,0.2867216779533588,1,6590.353225811932,9.913164092722484,26.629042902441125,46,1,1
36.8706065044514,0.2867216779533588,1,6590.353225811932,9.913164092722484,26.629042902441125,46,1,1
22.016803259162813,0.2867216779533588,1,6590.353225811932,9.913164092722484,26.629042902441125,46,1,1
44.963081045980175,0.2867216779533588,1,6590.353225811932,9.913164092722484,26.629042902441125,46,1,1
36.48858953353815,0.2867216779533588,1,6590.353225811932,9.913164092722484,26.629042902441125,46,1,1
15.26463263233223,0.2867216779533588,1,6590.353225811932,9.913164092722484,26.629042902441125,46,1,1
41.31530133745985,4.3569574831156315,0,80527.79354331669,6.133154173053933,5.794016899933214,69,2,1
41.31530133745985,4.3569574831156315,0,80527.79354331669,6.133154173053933,5.794016899933214,69,2,1
41.31530133745985,4.3569574831156315,0,80527.79354331669,6.133154173053933,5.794016899933214,69,1,1
41.31530133745985,4.3569574831156315,0,80527.79354331669,6.133154173053933,5.794016899933214,69,2,1
41.31530133745985,4.3569574831156315,0,80527.79354331669,6.133154173053933,5.794016899933214,69,1,1
41.31530133745985,4.3569574831156315,0,80527.79354331669,6.133154173053933,5.794016899933214,69,2,1
41.31530133745985,4.3569574831156315,0,80527.79354331669,6.133154173053933,5.794016899933214,69,2,1
41.31530133745985,4.3569574831156315,0,80527.79354331669,6.133154173053933,5.794016899933214,69,1,1
41.31530133745985,4.3569574831156315,0,80527.79354331669,6.133154173053933,5.794016899933214,69,0,1
41.31530133745985,4.3569574831156315,0,80527.79354331669,6.133154173053933,5.794016899933214,69,0,1
41.31530133745985,4.3569574831156315,0,80527.79354331669,6.133154173053933,5.794016899933214,69,1,1
41.31530133745985,4.3569574831156315,0,80527.79354331669,6.133154173053933,5.794016899933214,69,0,1
41.31530133745985,4.3569574831156315,0,80527.79354331669,6.133154173053933,5.794016899933214,69,2,1
41.31530133745985,4.3569574831156315,0,80527.79354331669,6.133154173053933,5.794016899933214,69,2,1
41.31530133745985,4.3569574831156315,0,80527.79354331669,6.133154173053933,5.794016899933214,69,0,1
41.31530133745985,4.3569574831156315,0,80527.79354331669,6.133154173053933,5.794016899933214,69,1,1
41.31530133745985,4.3569574831156315,0,80527.79354331669,6.133154173053933,5.794016899933214,69,0,1
41.31530133745985,4.3569574831156315,0,80527.79354331669,6.133154173053933,5.794016899933214,69,0,1
41.31530133745985,4.3569574831156315,0,80527.79354331669,6.133154173053933,5.794016899933214,69,1,1
41.31530133745985,4.3569574831156315,0,80527.79354331669,6.133154173053933,5.794016899933214,69,2,1
41.31530133745985,4.3569574831156315,0,80527.79354331669,6.133154173053933,5.794016899933214,69,2,1
41.31530133745985,4.3569574831156315,0,80527.79354331669,6.133154173053933,5.794016899933214,69,1,1
41.31530133745985,4.3569574831156315,0,80527.79354331669,6.133154173053933,5.794016899933214,69,1,1
41.31530133745985,4.3569574831156315,0,80527.79354331669,6.133154173053933,5.794016899933214,69,1,1
41.31530133745985,4.3569574831156315,0,80527.79354331669,6.133154173053933,5.794016899933214,69,0,1
41.31530133745985,4.3569574831156315,0,80527.79354331669,6.133154173053933,5.794016899933214,69,1,1
41.31530133745985,4.3569574831156315,0,80527.79354331669,6.133154173053933,5.794016899933214,69,2,1
41.31530133745985,4.3569574831156315,0,80527.79354331669,6.133154173053933,5.794016899933214,69,1,1
41.31530133745985,4.3569574831156315,0,80527.79354331669,6.133154173053933,5.794016899933214,69,0,1
41.31530133745985,4.3569574831156315,0,80527.79354331669,6.133154173053933,5.794016899933214,69,0,1
21.072830914529032,3.3798158720834732,0,4605.352111481041,0.8022763937994792,93.22962487911808,60,1,2
21.072830914529032,3.3798158720834732,0,105151.20822078815,0.8022763937994792,93.22962487911808,60,1,2
21.072830914529032,3.3798158720834732,0,56148.91680901897,0.8022763937994792,93.22962487911808,60,1,2
21.072830914529032,3.3798158720834732,0,65734.31849767968,0.8022763937994792,93.22962487911808,60,1,2
21.072830914529032,3.3798158720834732,0,38686.710641235804,0.8022763937994792,93.22962487911808,60,1,2
21.072830914529032,3.3798158720834732,0,90168.93738579715,0.8022763937994792,93.22962487911808,60,1,2
21.072830914529032,3.3798158720834732,0,3062.616621379173,0.8022763937994792,93.22962487911808,60,1,2
21.072830914529032,3.3798158720834732,0,44687.34529692186,0.8022763937994792,93.22962487911808,60,1,2
21.072830914529032,3.3798158720834732,0,3680.8213143180315,0.8022763937994792,93.22962487911808,60,1,2
21.072830914529032,3.3798158720834732,0,14782.13658051292,0.8022763937994792,93.22962487911808,60,1,2
21.072830914529032,3.3798158720834732,0,116059.10231826823,0.8022763937994792,93.22962487911808,60,1,2
21.072830914529032,3.3798158720834732,0,78944.9771754202,0.8022763937994792,93.22962487911808,60,1,2
21.072830914529032,3.3798158720834732,0,51409.30075688218,0.8022763937994792,93.22962487911808,60,1,2
21.072830914529032,3.3798158720834732,0,62867.863344941215,0.8022763937994792,93.22962487911808,60,1,2
21.072830914529032,3.3798158720834732,0,104742.19265943034,0.8022763937994792,93.22962487911808,60,1,2
21.072830914529032,3.3798158720834732,0,41331.5116128433,0.8022763937994792,93.22962487911808,60,1,2
21.072830914529032,3.3798158720834732,0,70851.30623547417,0.8022763937994792,93.22962487911808,60,1,2
21.072830914529032,3.3798158720834732,0,82054.77742581166,0.8022763937994792,93.22962487911808,60,1,2
21.072830914529032,3.3798158720834732,0,42675.436691740506,0.8022763937994792,93.22962487911808,60,1,2
21.072830914529032,3.3798158720834732,0,62311.05444005897,0.8022763937994792,93.22962487911808,60,1,2
21.072830914529032,3.3798158720834732,0,91839.07609809157,0.8022763937994792,93.22962487911808,60,1,2
21.072830914529032,3.3798158720834732,0,109105.1505063064,0.8022763937994792,93.22962487911808,60,1,2
21.072830914529032,3.3798158720834732,0,18161.430878094787,0.8022763937994792,93.22962487911808,60,1,2
21.072830914529032,3.3798158720834732,0,112012.99030119913,0.8022763937994792,93.22962487911808,60,1,2
21.072830914529032,3.3798158720834732,0,661.2567432192399,0.8022763937994792,93.22962487911808,60,1,2
21.072830914529032,3.3798158720834732,0,90367.18133158656,0.8022763937994792,93.22962487911808,60,1,2
21.072830914529032,3.3798158720834732,0,97270.79856485673,0.8022763937994792,93.22962487911808,60,1,2
21.072830914529032,3.3798158720834732,0,16446.21562304808,0.8022763937994792,93.22962487911808,60,1,2
21.072830914529032,3.3798158720834732,0,50291.68196354569,0.8022763937994792,93.22962487911808,60,1,2
21.072830914529032,3.3798158720834732,0,97838.14310828567,0.8022763937994792,93.22962487911808,60,1,2
26.8394294439237,2.206926604447341,1,11046.733255604007,6.044022268951722,111.06006589494187,65,0,2
26.8394294439237,2.206926604447341,1,11046.733255604007,6.044022268951722,111.06006589494187,65,0,0
26.8394294439237,2.206926604447341,1,11046.733255604007,6.044022268951722,111.06006589494187,65,0,2
26.8394294439237,2.206926604447341,1,11046.733255604007,6.044022268951722,111.06006589494187,65,0,1
26.8394294439237,2.206926604447341,1,11046.733255604007,6.044022268951722,111.06006589494187,65,0,1
26.8394294439237,2.206926604447341,1,11046.733255604007,6.044022268951722,111.06006589494187,65,0,2
26.8394294439237,2.206926604447341,1,11046.733255604007,6.044022268951722,111.06006589494187,65,0,2
26.8394294439237,2.206926604447341,1,11046.733255604007,6.044022268951722,111.06006589494187,65,0,1
26.8394294439237,2.206926604447341,1,11046.733255604007,6.044022268951722,111.06006589494187,65,0,0
26.8394294439237,2.206926604447341,1,11046.733255604007,6.044022268951722,111.06006589494187,65,0,2
26.8394294439237,2.206926604447341,1,11046.733255604007,6.044022268951722,111.06006589494187,65,0,0
26.8394294439237,2.206926604447341,1,11046.733255604007,6.044022268951722,111.06006589494187,65,0,0
26.8394294439237,2.206926604447341,1,11046.733255604007,6.044022268951722,111.06006589494187,65,0,0
26.8394294439237,2.206926604447341,1,11046.733255604007,6.044022268951722,111.06006589494187,65,0,0
26.8394294439237,2.206926604447341,1,11046.733255604007,6.044022268951722,111.06006589494187,65,0,2
26.8394294439237,2.206926604447341,1,11046.733255604007,6.044022268951722,111.06006589494187,65,0,1
26.8394294439237,2.206926604447341,1,11046.733255604007,6.044022268951722,111.06006589494187,65,0,0
26.8394294439237,2.206926604447341,1,11046.733255604007,6.044022268951722,111.06006589494187,65,0,0
26.8394294439237,2.206926604447341,1,11046.733255604007,6.044022268951722,111.06006589494187,65,0,1
26.8394294439237,2.206926604447341,1,11046.733255604007,6.044022268951722,111.06006589494187,65,0,1
26.8394294439237,2.206926604447341,1,11046.733255604007,6.044022268951722,111.06006589494187,65,0,0
26.8394294439237,2.206926604447341,1,11046.733255604007,6.044022268951722,111.06006589494187,65,0,2
26.8394294439237,2.206926604447341,1,11046.733255604007,6.044022268951722,111.06006589494187,65,0,2
26.8394294439237,2.206926604447341,1,11046.733255604007,6.044022268951722,111.06006589494187,65,0,1
26.8394294439237,2.206926604447341,1,11046.733255604007,6.044022268951722,111.06006589494187,65,0,2
26.8394294439237,2.206926604447341,1,11046.733255604007,6.044022268951722,111.06006589494187,65,0,1
26.8394294439237,2.206926604447341,1,11046.733255604007,6.044022268951722,111.06006589494187,65,0,0
26.8394294439237,2.206926604447341,1,11046.733255604007,6.044022268951722,111.06006589494187,65,0,0
26.8394294439237,2.206926604447341,1,11046.733255604007,6.044022268951722,111.06006589494187,65,0,0
26.8394294439237,2.206926604447341,1,11046.733255604007,6.044022268951722,111.06006589494187,65,0,2
11.982107139134426,3.2863053922732473,0,6704.524803698341,1.615076290675097,53.33738515765359,55,1,0
11.982107139134426,3.2863053922732473,0,6704.524803698341,1.615076290675097,117.64737010567073,55,1,0
11.982107139134426,3.2863053922732473,0,6704.524803698341,1.615076290675097,61.86272029275252,55,1,0
11.982107139134426,3.2863053922732473,0,6704.524803698341,1.615076290675097,62.53993548314688,55,1,0
11.982107139134426,3.2863053922732473,0,6704.524803698341,1.615076290675097,107.5848628459201,55,1,0
11.982107139134426,3.2863053922732473,0,6704.524803698341,1.615076290675097,89.13209018580474,55,1,0
11.982107139134426,3.2863053922732473,0,6704.524803698341,1.615076290675097,69.6783436623387,55,1,0
11.982107139134426,3.2863053922732473,0,6704.524803698341,1.615076290675097,51.197940460351,55,1,0
11.982107139134426,3.2863053922732473,0,6704.524803698341,1.615076290675097,105.38254313019365,55,1,0
11.982107139134426,3.2863053922732473,0,6704.524803698341,1.615076290675097,49.39753798882661,55,1,0
11.982107139134426,3.2863053922732473,0,6704.524803698341,1.615076290675097,110.7311491402161,55,1,0
11.982107139134426,3.2863053922732473,0,6704.524803698341,1.615076290675097,8.245842254623383,55,1,0
11.982107139134426,3.2863053922732473,0,6704.524803698341,1.615076290675097,51.599623428139566,55,1,0
11.982107139134426,3.2863053922732473,0,6704.524803698341,1.615076290675097,62.341778385343076,55,1,0
11.982107139134426,3.2863053922732473,0,6704.524803698341,1.615076290675097,114.11258346982197,55,1,0
11.982107139134426,3.2863053922732473,0,6704.524803698341,1.615076290675097,30.119909599770978,55,1,0
11.982107139134426,3.2863053922732473,0,6704.524803698341,1.615076290675097,96.72469767145306,55,1,0
11.982107139134426,3.2863053922732473,0,6704.524803698341,1.615076290675097,81.17654399983121,55,1,0
11.982107139134426,3.2863053922732473,0,6704.524803698341,1.615076290675097,86.05030851373475,55,1,0
11.982107139134426,3.2863053922732473,0,6704.524803698341,1.615076290675097,75.55466194082443,55,1,0
11.982107139134426,3.2863053922732473,0,6704.524803698341,1.615076290675097,116.58728501538961,55,1,0
11.982107139134426,3.2863053922732473,0,6704.524803698341,1.615076290675097,39.92177510535898,55,1,0
11.982107139134426,3.2863053922732473,0,6704.524803698341,1.615076290675097,47.79306716152447,55,1,0
11.982107139134426,3.2863053922732473,0,6704.524803698341,1.615076290675097,24.349410265621945,55,1,0
11.982107139134426,3.2863053922732473,0,6704.524803698341,1.615076290675097,6.084486632672461,55,1,0
11.982107139134426,3.2863053922732473,0,6704.524803698341,1.615076290675097,25.548983397040704,55,1,0
11.982107139134426,3.2863053922732473,0,6704.524803698341,1.615076290675097,109.85572765486899,55,1,0
11.982107139134426,3.2863053922732473,0,6704.524803698341,1.615076290675097,100.82025805900676,55,1,0
11.982107139134426,3.2863053922732473,0,6704.524803698341,1.615076290675097,13.488688979109478,55,1,0
11.982107139134426,3.2863053922732473,0,6704.524803698341,1.615076290675097,72.45348303802385,55,1,0
39.27256140843055,4.2682050746286215,1,45536.4787056274,4.791964948896248,71.35531594124119,0,1,0
39.27256140843055,4.2682050746286215,1,45536.4787056274,5.946848704882786,71.35531594124119,0,1,0
39.27256140843055,4.2682050746286215,1,45536.4787056274,6.592750066090632,71.35531594124119,0,1,0
39.27256140843055,4.2682050746286215,1,45536.4787056274,3.066594908888719,71.35531594124119,0,1,0
39.27256140843055,4.2682050746286215,1,45536.4787056274,9.61350844736457,71.35531594124119,0,1,0
39.27256140843055,4.2682050746286215,1,45536.4787056274,4.658400350611249,71.35531594124119,0,1,0
39.27256140843055,4.2682050746286215,1,45536.4787056274,6.281008548649068,71.35531594124119,0,1,0
39.27256140843055,4.2682050746286215,1,45536.4787056274,6.352261838997132,71.35531594124119,0,1,0
39.27256140843055,4.2682050746286215,1,45536.4787056274,1.8388939650969116,71.35531594124119,0,1,0
39.27256140843055,4.2682050746286215,1,45536.4787056274,0.6186541815637414,71.35531594124119,0,1,0
39.27256140843055,4.2682050746286215,1,45536.4787056274,4.115168234979749,71.35531594124119,0,1,0
39.27256140843055,4.2682050746286215,1,45536.4787056274,7.640300884384686,71.35531594124119,0,1,0
39.27256140843055,4.2682050746286215,1,45536.4787056274,8.152217882917718,71.35531594124119,0,1,0
39.27256140843055,4.2682050746286215,1,45536.4787056274,7.29989249002065,71.35531594124119,0,1,0
39.27256140843055,4.2682050746286215,1,45536.4787056274,1.13204952525223,71.35531594124119,0,1,0
39.27256140843055,4.2682050746286215,1,45536.4787056274,9.133548615310454,71.35531594124119,0,1,0
39.27256140843055,4.2682050746286215,1,45536.4787056274,8.020365779972838,71.35531594124119,0,1,0
39.27256140843055,4.2682050746286215,1,45536.4787056274,8.776913666495336,71.35531594124119,0,1,0
39.27256140843055,4.2682050746286215,1,45536.4787056274,5.233041529751773,71.35531594124119,0,1,0
39.27256140843055,4.2682050746286215,1,45536.4787056274,9.156354351007325,71.35531594124119,0,1,0
39.27256140843055,4.2682050746286215,1,45536.4787056274,0.46652237953887177,71.35531594124119,0,1,0
39.27256140843055,4.2682050746286215,1,45536.4787056274,0.3028883393160198,71.35531594124119,0,1,0
39.27256140843055,4.2682050746286215,1,45536.4787056274,0.20215573356146876,71.35531594124119,0,1,0
39.27256140843055,4.2682050746286215,1,45536.4787056274,2.527686779524564,71.35531594124119,0,1,0
39.27256140843055,4.2682050746286215,1,45536.4787056274,2.485697732089829,71.35531594124119,0,1,0
39.27256140843055,4.2682050746286215,1,45536.4787056274,1.8750333435596656,71.35531594124119,0,1,0
39.27256140843055,4.2682050746286215,1,45536.4787056274,5.670558183853957,71.35531594124119,0,1,0
39.27256140843055,4.2682050746286215,1,45536.4787056274,0.38985841033045365,71.35531594124119,0,1,0
39.27256140843055,4.2682050746286215,1,45536.4787056274,5.9038786783485175,71.35531594124119,0,1,0
39.27256140843055,4.2682050746286215,1,45536.4787056274,1.6601115304721703,71.35531594124119,0,1,0
32.0944478234636,4.4322457288105905,0,113200.71340996442,8.901540562795047,18.693649821310693,96,1,1
32.0944478234636,4.4322457288105905,1,113200.71340996442,8.901540562795047,18.693649821310693,96,1,1
32.0944478234636,4.4322457288105905,0,113200.71340996442,8.901540562795047,18.693649821310693,96,1,1
32.0944478234636,4.4322457288105905,0,113200.71340996442,8.901540562795047,18.693649821310693,96,1,1
32.0944478234636,4.4322457288105905,0,113200.71340996442,8.901540562795047,18.693649821310693,96,1,1
32.0944478234636,4.4322457288105905,0,113200.71340996442,8.901540562795047,18.693649821310693,96,1,1
32.0944478234636,4.4322457288105905,1,113200.71340996442,8.901540562795047,18.693649821310693,96,1,1
32.0944478234636,4.4322457288105905,1,113200.71340996442,8.901540562795047,18.693649821310693,96,1,1
32.0944478234636,4.4322457288105905,1,113200.71340996442,8.901540562795047,18.693649821310693,96,1,1
32.0944478234636,4.4322457288105905,1,113200.71340996442,8.901540562795047,18.693649821310693,96,1,1
32.0944478234636,4.4322457288105905,1,113200.71340996442,8.901540562795047,18.693649821310693,96,1,1
32.0944478234636,4.4322457288105905,1,113200.71340996442,8.901540562795047,18.693649821310693,96,1,1
32.0944478234636,4.4322457288105905,0,113200.71340996442,8.901540562795047,18.693649821310693,96,1,1
32.0944478234636,4.4322457288105905,1,113200.71340996442,8.901540562795047,18.693649821310693,96,1,1
32.0944478234636,4.4322457288105905,0,113200.71340996442,8.901540562795047,18.693649821310693,96,1,1
32.0944478234636,4.4322457288105905,1,113200.71340996442,8.901540562795047,18.693649821310693,96,1,1
32.0944478234636,4.4322457288105905,0,113200.71340996442,8.901540562795047,18.693649821310693,96,1,1
32.0944478234636,4.4322457288105905,0,113200.71340996442,8.901540562795047,18.693649821310693,96,1,1
32.0944478234636,4.4322457288105905,1,113200.71340996442,8.901540562795047,18.693649821310693,96,1,1
32.0944478234636,4.4322457288105905,1,113200.71340996442,8.901540562795047,18.693649821310693,96,1,1
32.0944478234636,4.4322457288105905,0,113200.71340996442,8.901540562795047,18.693649821310693,96,1,1
32.0944478234636,4.4322457288105905,0,113200.71340996442,8.901540562795047,18.693649821310693,96,1,1
32.0944478234636,4.4322457288105905,0,113200.71340996442,8.901540562795047,18.693649821310693,96,1,1
32.0944478234636,4.4322457288105905,1,113200.71340996442,8.901540562795047,18.693649821310693,96,1,1
32.0944478234636,4.4322457288105905,0,113200.71340996442,8.901540562795047,18.693649821310693,96,1,1
32.0944478234636,4.4322457288105905,1,113200.71340996442,8.901540562795047,18.693649821310693,96,1,1
32.0944478234636,4.4322457288105905,1,113200.71340996442,8.901540562795047,18.693649821310693,96,1,1
32.0944478234636,4.4322457288105905,1,113200.71340996442,8.901540562795047,18.693649821310693,96,1,1
32.0944478234636,4.4322457288105905,0,113200.71340996442,8.901540562795047,18.693649821310693,96,1,1
32.0944478234636,4.4322457288105905,0,113200.71340996442,8.901540562795047,18.693649821310693,96,1,1
39.67083789447429,2.767486760372462,0,4605.352111481041,4.791964948896248,53.33738515765359,95,2,2
13.659824202521825,4.977501417171963,1,105151.20822078815,5.946848704882786,117.64737010567073,63,2,0
31.64575285505955,3.963309596068765,0,56148.91680901897,6.592750066090632,61.86272029275252,69,1,2
30.310889452014,3.110896147205813,0,65734.31849767968,3.066594908888719,62.53993548314688,90,2,1
44.85357506771523,4.944800738409424,0,38686.710641235804,9.61350844736457,107.5848628459201,58,1,1
24.450562360566302,1.0765434911779947,0,90168.93738579715,4.658400350611249,89.13209018580474,78,2,2
33.927362688288525,0.8010601692892227,1,3062.616621379173,6.281008548649068,69.6783436623387,84,2,2
12.370065693820145,3.062698021365154,1,44687.34529692186,6.352261838997132,51.197940460351,22,1,1
25.505272044429148,0.21971003980691683,1,3680.8213143180315,1.8388939650969116,105.38254313019365,5,0,0
22.921453850328266,0.1784013938679807,1,14782.13658051292,0.6186541815637414,49.39753798882661,30,0,2
16.007989162818074,2.5744441013568515,1,116059.10231826823,4.115168234979749,110.7311491402161,28,1,0
42.653524152763026,2.3310301266264455,1,78944.9771754202,7.640300884384686,8.245842254623383,88,0,0
25.177846862012498,4.585838865964261,0,51409.30075688218,8.152217882917718,51.599623428139566,92,2,0
49.14991537644887,3.1461312724550523,1,62867.863344941215,7.29989249002065,62.341778385343076,0,2,0
33.59966772042441,2.5705882329975696,0,104742.19265943034,1.13204952525223,114.11258346982197,50,0,2
34.20225015319405,2.4843671769675213,1,41331.5116128433,9.133548615310454,30.119909599770978,82,1,1
35.51986323153329,1.237574610136654,0,70851.30623547417,8.020365779972838,96.72469767145306,13,0,0
37.05800975251153,0.0589701277125293,0,82054.77742581166,8.776913666495336,81.17654399983121,80,0,0
16.031520766734747,0.9620107199265532,1,42675.436691740506,5.233041529751773,86.05030851373475,12,1,1
27.6125386875275,3.4601606044091957,1,62311.05444005897,9.156354351007325,75.55466194082443,47,2,1
19.58255847318093,1.003033619934976,0,91839.07609809157,0.46652237953887177,116.58728501538961,82,2,0
26.099931924159264,1.8476815530110335,0,109105.1505063064,0.3028883393160198,39.92177510535898,30,1,2
13.868163757269825,0.018671210260379767,0,18161.430878094787,0.20215573356146876,47.79306716152447,34,1,2
48.71312204195286,4.1502386490087275,1,112012.99030119913,2.527686779524564,24.349410265621945,28,1,1
18.600161494235202,0.7723054053071993,0,661.2567432192399,2.485697732089829,6.084486632672461,72,0,2
36.8706065044514,1.3379965228189272,1,90367.18133158656,1.8750333435596656,25.548983397040704,25,1,1
22.016803259162813,4.401660769904144,1,97270.79856485673,5.670558183853957,109.85572765486899,100,2,0
44.963081045980175,2.548954049342116,1,16446.21562304808,0.38985841033045365,100.82025805900676,44,1,0
36.48858953353815,4.235751231829346,0,50291.68196354569,5.9038786783485175,13.488688979109478,48,0,0
15.26463263233223,3.198585834712631,0,97838.14310828567,1.6601115304721703,72.45348303802385,50,0,2
19.58255847318093,0.938135976488656,0,90600.10992563251,0.3880826475938786,116.58728501538961,83,2,0
24.450562360566302,3.1312213469098573,0,65223.335261165565,4.658400350611249,89.13209018580474,90,2,2
25.672515945231435,0.21971003980691683,1,3680.8213143180315,1.8388939650969116,92.07359371374204,1,0,1
22.099178991295645,3.1222429263238864,1,97270.79856485673,5.683435061697686,111.64515015313964,7,2,0
16.24079306884282,2.9317620020716566,0,97838.14310828567,1.6601115304721703,70.20192055407324,50,1,2
26.816993496524894,3.4601606044091957,1,37982.941269115254,9.156354351007325,75.55466194082443,47,2,1
33.59966772042441,2.5705882329975696,0,90507.87972531612,1.13204952525223,114.11258346982197,50,0,2
12.5704905785126,3.000541226866639,1,44687.34529692186,6.282907362504126,5.237358036368587,22,1,1
34.14772938584473,2.0525680636950385,0,65696.28901355038,8.020365779972838,95.59590390738326,11,0,0
13.015383311193686,4.851787701559079,1,94464.65664714247,4.665392607428881,117.64737010567073,62,2,0
35.14598539955986,3.8974754813178185,0,56791.08352227596,6.592750066090632,26.714483848140006,69,1,2
26.923545095657307,1.8476815530110335,0,5290.382696430905,4.676263865803046,39.92177510535898,30,1,2
15.459464860985975,2.3310301266264455,1,78944.9771754202,7.640300884384686,3.4608217699343484,30,1,0
48.71312204195286,0.2681758095023643,1,112012.99030119913,0.6178562697816853,19.30418119217112,30,1,1
33.927362688288525,0.8010601692892227,1,51750.44948505173,6.3587138656080375,69.6783436623387,84,2,0
44.963081045980175,1.7527692906775687,1,17688.548223894875,0.4682981422754468,96.81281824202942,43,1,0
33.221642709259,1.6268184380886175,0,90679.9206193841,3.2165304154840926,62.53993548314688,78,2,1
44.68600841085561,4.944800738409424,0,29471.17788712336,9.61350844736457,107.5848628459201,61,1,1
49.14991537644887,4.425547919275621,1,62867.863344941215,7.07389241414886,61.57908141044359,93,2,0
13.868163757269825,0.32907055108579697,0,18161.430878094787,0.20215573356146876,47.79306716152447,34,0,2
36.48858953353815,4.235751231829346,0,50291.68196354569,5.9038786783485175,13.488688979109478,44,0,0
18.600161494235202,0.8344710633921073,0,661.2567432192399,2.171159136828998,36.68600210194597,72,0,2
35.574383998882624,1.2400398143885927,1,41432.320828200674,9.133548615310454,31.248528180089153,84,1,1
16.031520766734747,1.0230088930561367,1,42675.436691740506,5.272420760825782,86.05030851373475,12,1,1
36.8706065044514,1.4038276323803076,1,73862.12739442884,1.8750333435596656,53.080934262546066,25,1,1
38.847224654199564,2.767486760372462,0,108794.78806653325,0.4276510909326703,53.33738515765359,95,2,2
43.20413188404504,2.5744441013568515,1,116059.10231826823,4.115168234979749,115.825875720661,86,0,0
22.921453850328266,3.7084160231909236,1,9015.494766865806,2.528495037160182,49.52029636292898,28,0,2
25.177846862012498,4.585838865964261,0,5869.189588826794,8.074512565246573,51.599623428139566,92,2,2
44.85357506771523,4.944800738409424,0,38686.710641235804,9.61350844736457,107.5848628459201,63,1,1
22.812916804705882,0.2194907919389651,1,14940.830100976687,0.9158194981142276,52.41423137651476,30,0,1
21.986599452595208,3.150750898059615,0,65223.335261165565,4.658400350611249,96.61846999199277,93,1,2
38.24522952088125,3.598220545634818,1,38512.975074459704,8.694118613546493,77.27973756990545,89,2,1
16.007989162818074,2.5539292405979275,1,116059.10231826823,4.115168234979749,112.23044540991671,28,1,0
23.60970437633411,0.5623172873876012,0,94154.69669350369,0.46652237953887177,6.106525515374628,82,2,0
35.10503114967518,4.235751231829346,0,18149.85485428496,5.9038786783485175,13.488688979109478,44,0,0
35.574383998882624,1.2066121518684132,1,41432.320828200674,9.133548615310454,31.248528180089153,84,1,1
22.111483954321304,3.1475412629145016,1,97270.79856485673,5.635564383989512,111.64515015313964,7,0,0
24.34663127359508,1.0922519480882378,0,86228.73971185012,4.658400350611249,85.48430747794563,76,2,2
36.48858953353815,4.235751231829346,0,50291.68196354569,5.75331558569385,13.488688979109478,48,0,0
12.370065693820145,0.210901913009498,1,17869.54317233894,6.178585802697942,47.80957828737192,33,1,2
49.14991537644887,3.1195733444655582,1,62867.863344941215,7.29989249002065,62.341778385343076,51,2,0
43.57770892973901,2.517231480243706,1,16446.21562304808,0.38985841033045365,100.82025805900676,48,1,0
25.505272044429148,0.21971003980691683,1,5272.520127674983,1.8388939650969116,105.38254313019365,3,0,2
12.414637472543392,4.914686589910169,0,105244.07227444719,8.058839049236937,119.71908207701689,63,2,0
25.590159588352737,0.01952934998432615,1,3522.24721599208,1.8388939650969116,92.07359371374204,1,0,2
47.387097080410115,1.733239739567852,1,17688.548223894875,0.4682981422754468,89.32643843584138,40,2,0
25.723601202656447,2.767142051646015,0,108251.33580256769,0.06442597137938844,51.61230952852709,53,2,2
27.6125386875275,3.480675465166384,1,62311.05444005897,9.156354351007325,90.41919041081836,47,2,1
12.5704905785126,3.0016688542967467,1,43316.31318174917,6.282907362504126,115.41700475882239,22,1,1
14.114039264870655,0.32907055108579697,0,50303.26089447159,0.20215573356146876,44.79145589311669,34,0,2
16.031520766734747,0.9620107199265532,1,43119.914264315776,5.233041529751773,86.05030851373475,12,1,1
22.909148887302603,3.691642696735295,1,9015.494766865806,2.5763657256038854,49.52029636292898,28,2,2
15.527556221861829,1.0159087868851648,1,42675.436691740506,5.272420760825782,86.12375923461808,12,1,1
35.51986323153329,1.237574610136654,0,70851.30623547417,8.020365779972838,96.72469767145306,12,0,0
11.022897724647326,3.183936620489882,0,44979.23380622707,0.4117109924451454,51.18142933450355,23,1,1
33.59966772042441,2.9679862059580717,0,114185.35939289538,1.13204952525223,114.11258346982197,0,0,2
15.066583748273832,2.3310301266264455,1,78944.9771754202,7.5553617934028905,3.4608217699343484,30,1,0
26.923545095657307,1.7788050330582967,0,3698.6838830739853,4.676263865803046,33.825461879831764,29,1,0
35.42500996884989,2.071225265492416,1,65603.33466114533,5.908375432326558,92.48449390763935,11,0,0
16.170889831050175,2.5539292405979275,1,73699.5185088079,4.115168234979749,113.32370719414622,28,1,0
12.5704905785126,3.000541226866639,1,51255.3275732315,6.282907362504126,13.56468267339335,22,0,1
15.527556221861829,1.1061193147086936,1,42675.436691740506,5.272420760825782,96.62145312797487,32,1,1
22.111483954321304,3.1475412629145016,1,97553.337878089,5.6446555573643,116.76106027672591,7,0,0
18.52696169857998,0.1784013938679807,1,14782.13658051292,0.6186541815637414,49.896578447991956,1,0,2
12.692261596895921,3.0016688542967467,1,43316.31318174917,6.282907362504126,115.41700475882239,19,1,1
22.812916804705882,0.0767478770215877,1,14940.830100976687,0.8829170115619783,52.46708896150486,28,0,2
26.816993496524894,3.430265226396015,1,36555.5320500263,9.156354351007325,75.16656764024383,14,1,1
13.75584040223437,0.01952934998432615,1,3522.24721599208,6.490237508515369,92.07359371374204,64,0,0
44.963081045980175,2.548954049342116,1,16446.21562304808,0.1841178008861286,100.82025805900676,44,0,0
47.387097080410115,0.20215837554646476,1,17688.548223894875,0.4682981422754468,89.32643843584138,40,0,0
35.42500996884989,0.06879985784175302,1,11286.507729384715,2.0079819168985518,76.11216245571967,1,0,0
12.370065693820145,3.2720048012220273,1,21995.420457571927,5.768944611562577,47.80957828737192,52,1,0
15.950621277142998,1.0999860799534518,1,44687.34529692186,6.352261838997132,51.197940460351,22,1,1
33.98491049930185,1.8978074036850576,0,114161.66614828685,8.020365779972838,95.59590390738326,11,0,0
37.88255567938988,4.768722127238555,0,50291.68196354569,5.9038786783485175,5.161364787111301,44,1,0
15.066583748273832,2.305303419877203,1,71741.54028044456,7.5553617934028905,3.4608217699343484,10,1,0
14.918970128041664,0.9620107199265532,1,42392.82540938975,5.223950356376984,103.78062098190463,12,1,1
25.505272044429148,0.21971003980691683,1,5272.520127674983,1.8388939650969116,104.88246833720272,33,0,2
48.78703175351862,3.1461312724550523,1,62867.863344941215,7.29989249002065,62.341778385343076,0,2,0
22.921453850328266,4.133682576361611,1,9015.494766865806,2.561397914425134,49.467438777938895,34,0,1
16.031520766734747,0.5571508063040566,1,46131.305586965806,5.233041529751773,86.43840281431534,45,2,1
25.494230291996164,4.977501417171963,1,105151.20822078815,1.2957522432127329,117.64737010567073,0,2,2
35.10503114967518,4.235751231829346,0,18149.85485428496,6.053217549087552,13.488688979109478,44,1,0
26.59394957470658,1.7515777748284032,1,2448.5161675047393,1.8388939650969116,105.38254313019365,11,2,0
33.03683837555144,1.237574610136654,0,70851.30623547417,6.593087932932013,96.72469767145306,13,0,0
25.672515945231435,2.136332936977372,1,65782.28440748274,5.739289437782004,92.49271393484531,11,0,1
49.14991537644887,0.01782183168562046,1,59904.30882310653,7.9205361495706175,62.341778385343076,32,2,2
12.45096527599337,3.3360145161435515,1,42675.436691740506,5.272420760825782,86.05030851373475,12,1,1
13.99446532412127,2.3310301266264455,1,81261.45068339806,6.30409004433115,3.4608217699343484,30,0,0
12.5704905785126,3.077346986403353,1,49422.24313730094,5.982779048620506,13.56468267339335,22,0,1
16.028754296199274,1.941555539980368,1,73454.8868723558,5.270222447994862,3.4608217699343484,11,1,0
21.76034784068979,2.091549617243694,1,66595.22575183054,5.737630478444973,92.49271393484531,11,0,1
47.387097080410115,1.6197951872609306,1,15736.178392229824,0.47473502416161184,89.32643843584138,40,2,0
26.816993496524894,0.25476493985760507,1,1713.2194588776251,9.156354351007325,92.31392836427459,14,1,1
22.812916804705882,0.0767478770215877,1,14940.830100976687,0.8829170115619783,49.1936110752534,28,2,2
33.03683837555144,1.237574610136654,0,70851.30623547417,1.8699825913843644,96.72469767145306,17,0,0
26.59394957470658,1.7444712684877415,1,43661.8691453932,2.007360209847258,105.38254313019365,11,2,1
35.72924412082644,3.4419372985193784,1,11421.937041669607,2.031138833078219,86.22276206211495,1,0,0
12.507705934540313,1.7470021377948481,1,44675.988164712835,5.233041529751773,86.05030851373475,12,1,1
13.106169715415138,3.0767071264020913,1,9015.494766865806,2.4351594790423725,54.82960233571345,34,0,1
14.324771023422738,0.21971003980691683,1,81265.39560626779,1.8388939650969116,105.38254313019365,30,0,0
22.35874919711744,0.7228459617405809,1,100508.39809378829,5.650394678878892,116.76106027672591,6,0,1
15.80149776810945,3.012783794519869,1,44687.34529692186,5.2652259335177085,0.5612456686099909,22,1,1
35.51986323153329,1.237574610136654,0,66364.28730103339,8.020365779972838,96.72469767145306,12,0,0
22.812916804705882,0.15768010511419717,1,14940.830100976687,1.2166280550344784,62.11394211211651,30,0,1
15.069350218809305,0.9620107199265532,1,43119.914264315776,7.556202291586411,86.05030851373475,12,1,1
12.692261596895921,3.0464521740303483,1,42503.37183742065,6.284566321841157,115.41700475882239,14,1,1
25.590159588352737,0.15262765142865176,1,3522.24721599208,1.832462186721047,92.07359371374204,1,0,2
25.672515945231435,3.4017360315820175,1,42180.850084420454,1.3508301613354656,74.92623298966942,14,0,1
49.14991537644887,3.1461312724550523,1,62867.863344941215,7.29989249002065,63.20172739058046,0,0,0
25.505272044429148,0.21971003980691683,1,5272.520127674983,6.562006906075711,104.88246833720272,26,0,2
16.031520766734747,1.1748926685651857,1,3091.6845876686025,5.103954938084684,86.05030851373475,21,1,0
12.179950207769693,0.04432107261703555,1,42540.09292251531,5.249263978865667,75.93970890733947,5,1,1
15.893880615593968,3.062698021365154,1,42686.79382394954,6.352261838997132,51.197940460351,22,1,1
22.38600355185706,4.058644298831401,1,43316.31318174917,6.409146073856993,115.01873981796705,22,1,1
20.515422647796335,1.7934729471981692,1,3982.8784049069436,4.798850000523047,2.952325729027308,3,0,0
14.67170547528614,2.9798191805461185,1,39437.12918743999,5.218211234862392,103.78062098190463,12,1,0
15.544167177901198,1.003666786634196,1,42675.436691740506,6.290102189812199,86.12375923461808,12,1,1
35.42500996884989,2.1505073784809663,1,65603.33466114533,5.908375432326558,92.48449390763935,11,0,0
39.67083789447429,2.767486760372462,0,4605.352111481041,4.791964948896248,53.33738515765359,95,2,2
13.659824202521825,4.977501417171963,1,105151.20822078815,5.946848704882786,117.64737010567073,63,2,0
31.64575285505955,3.963309596068765,0,56148.91680901897,6.592750066090632,61.86272029275252,69,1,2
30.310889452014,3.110896147205813,0,65734.31849767968,3.066594908888719,62.53993548314688,90,2,1
44.85357506771523,4.944800738409424,0,38686.710641235804,9.61350844736457,107.5848628459201,58,1,1
24.450562360566302,1.0765434911779947,0,90168.93738579715,4.658400350611249,89.13209018580474,78,2,2
33.927362688288525,0.8010601692892227,1,3062.616621379173,6.281008548649068,69.6783436623387,84,2,2
12.370065693820145,3.062698021365154,1,44687.34529692186,6.352261838997132,51.197940460351,22,1,1
25.505272044429148,0.21971003980691683,1,3680.8213143180315,1.8388939650969116,105.38254313019365,5,0,0
22.921453850328266,0.1784013938679807,1,14782.13658051292,0.6186541815637414,49.39753798882661,30,0,2
16.007989162818074,2.5744441013568515,1,116059.10231826823,4.115168234979749,110.7311491402161,28,1,0
42.653524152763026,2.3310301266264455,1,78944.9771754202,7.640300884384686,8.245842254623383,88,0,0
25.177846862012498,4.585838865964261,0,51409.30075688218,8.152217882917718,51.599623428139566,92,2,0
49.14991537644887,3.1461312724550523,1,62867.863344941215,7.29989249002065,62.341778385343076,0,2,0
33.59966772042441,2.5705882329975696,0,104742.19265943034,1.13204952525223,114.11258346982197,50,0,2
34.20225015319405,2.4843671769675213,1,41331.5116128433,9.133548615310454,30.119909599770978,82,1,1
35.51986323153329,1.237574610136654,0,70851.30623547417,8.020365779972838,96.72469767145306,13,0,0
37.05800975251153,0.0589701277125293,0,82054.77742581166,8.776913666495336,81.17654399983121,80,0,0
16.031520766734747,0.9620107199265532,1,42675.436691740506,5.233041529751773,86.05030851373475,12,1,1
27.6125386875275,3.4601606044091957,1,62311.05444005897,9.156354351007325,75.55466194082443,47,2,1
19.58255847318093,1.003033619934976,0,91839.07609809157,0.46652237953887177,116.58728501538961,82,2,0
26.099931924159264,1.8476815530110335,0,109105.1505063064,0.3028883393160198,39.92177510535898,30,1,2
13.868163757269825,0.018671210260379767,0,18161.430878094787,0.20215573356146876,47.79306716152447,34,1,2
48.71312204195286,4.1502386490087275,1,112012.99030119913,2.527686779524564,24.349410265621945,28,1,1
18.600161494235202,0.7723054053071993,0,661.2567432192399,2.485697732089829,6.084486632672461,72,0,2
36.8706065044514,1.3379965228189272,1,90367.18133158656,1.8750333435596656,25.548983397040704,25,1,1
22.016803259162813,4.401660769904144,1,97270.79856485673,5.670558183853957,109.85572765486899,100,2,0
44.963081045980175,2.548954049342116,1,16446.21562304808,0.38985841033045365,100.82025805900676,44,1,0
36.48858953353815,4.235751231829346,0,50291.68196354569,5.9038786783485175,13.488688979109478,48,0,0
15.26463263233223,3.198585834712631,0,97838.14310828567,1.6601115304721703,72.45348303802385,50,0,2
24.531736273667832,1.621593712373658,0,19203.19742698271,0.23368347349518137,76.21191076404011,81,2,2
39.67083789447429,3.125312512298119,0,5711.98671342128,3.0266302702809544,53.33738515765359,95,2,2
12.370065693820145,3.051832410874129,1,113491.58503090662,6.352261838997132,51.197940460351,28,1,1
18.63751409822467,0.8259231266966022,1,3588.7618923145037,2.485697732089829,6.084486632672461,27,0,2
36.48858953353815,4.173542925685638,0,47905.85988397724,5.889742226553488,11.999114618293682,43,1,0
22.86629832437102,2.3514023351460613,1,62311.05444005897,9.156354351007325,75.55466194082443,47,2,0
34.12778323288556,0.8010601692892227,0,3062.616621379173,6.281008548649068,69.6783436623387,84,2,0
25.505272044429148,0.011232142069593998,1,41998.67786340193,1.42687461491101,105.38254313019365,31,0,0
36.10535585495045,4.8080237564737445,1,90367.18133158656,9.447894334158466,23.932087450944167,58,1,1
44.35300289725433,2.6995290569995465,1,62709.33480566897,7.29989249002065,110.02272360620731,0,2,0
19.58255847318093,1.0065896939856323,0,91839.07609809157,0.9001659037608856,116.58728501538961,81,2,0
37.05800975251153,0.02587699702603974,1,82054.77742581166,8.776913666495336,81.17654399983121,80,0,0
22.60118058293343,4.401660769904144,1,56239.793933571156,5.694326679826086,109.85572765486899,98,2,0
15.248754218924915,3.198585834712631,1,100825.84185977984,1.6601115304721703,71.61315940872963,13,0,2
19.212900736506455,2.5571717684492032,0,109105.1505063064,0.8353948742440687,39.558186495653025,30,1,2
13.787029913018568,0.015528870429753705,0,102704.85609359242,5.372906605019631,47.40429667248958,33,1,2
30.310889452014,2.8280378322840685,0,64729.880160352746,4.831929587506582,53.3147948375251,95,2,1
47.86062924984623,4.16110425076238,1,43279.417786081765,2.527686779524564,24.349410265621945,22,1,1
22.884101246339263,0.1784013938679807,0,14782.13658051292,0.6186541815637414,33.99625395457667,75,0,2
16.007989162818074,2.5428352225295985,1,116059.10231826823,4.129304686774778,112.07742464576936,35,0,0
42.653524152763026,2.425774389572753,1,78944.9771754202,7.640300884384686,8.245842254623383,88,0,1
25.177846862012498,4.585838865964261,1,51409.30075688218,8.152217882917718,51.599623428139566,94,2,2
34.20225015319405,2.6842770585995877,1,1578.0380107649955,9.133548615310454,14.461434740287142,82,1,1
44.85357506771523,1.4358855741632723,0,38686.710641235804,2.014047629015227,109.15126467283204,25,1,1
44.78983639304353,2.5501348099412806,1,16604.88300248174,0.38985841033045365,62.99377708130666,44,1,0
35.51986323153329,1.2340185360859979,0,70851.30623547417,7.6035123652867025,96.72469767145306,13,0,0
13.659824202521825,4.977501417171963,0,96324.33976963471,5.946848704882786,117.64737010567073,63,2,0
31.061375531552862,3.963309596068765,0,97179.91715099801,6.028754045476674,61.86272029275252,70,1,2
19.048680326102676,0.9620107199265532,0,42675.436691740506,5.233041529751773,86.89063214302793,49,1,1
33.59966772042441,1.8610980175594023,0,104742.19265943034,0.30253934181676695,114.3326489090574,50,0,2
25.154472707066656,2.3514023351460613,1,62311.05444005897,1.4986595903822608,75.55466194082443,47,2,0
36.62272764542728,3.1461312724550523,1,63582.34214865735,7.311770550751948,57.8059944342523,1,2,0
16.031520766734747,0.9048881303947705,1,42675.436691740506,4.923618328375323,86.05030851373475,3,1,0
34.31851536541565,1.322618785647193,0,95954.20004520075,0.46652237953887177,116.65482598589057,82,2,0
30.49593669679754,0.7235187358248812,1,1536.3715659310717,6.281008548649068,101.4719585616168,95,2,0
47.86062924984623,4.095749955717682,1,43279.417786081765,2.527686779524564,24.349410265621945,31,1,1
39.5068948464916,3.125312512298119,1,5711.98671342128,3.0266302702809544,110.3505424524466,95,2,2
25.681722682979554,1.3120754061243947,1,4706.52289062614,1.7421725247809194,93.94847530925294,26,0,0
13.659824202521825,4.977501417171963,0,25073.214735974336,0.17094658347146474,117.64737010567073,63,2,0
18.62771049593092,2.5744441013568515,1,116059.10231826823,4.0773360264834135,4.041218975578182,25,1,0
27.174933530633158,3.484786041144562,0,62256.530747972974,9.156354351007325,75.55466194082443,47,2,1
12.394448001687094,2.558201060006865,1,112931.10561331647,4.129304686774778,48.394778799148924,26,0,1
43.48893632887213,2.5503421695378328,1,108832.94966881722,0.6912844414882491,40.099717003807044,44,1,2
35.51986323153329,1.2682864129444327,1,70851.30623547417,7.6035123652867025,100.23352118836137,13,0,0
19.58255847318093,0.9750958974966695,0,104884.62735784637,0.7871426384356117,116.52009537427988,81,2,2
15.2549655966043,3.262898096011157,0,97838.14310828567,9.305257780054077,72.45348303802385,50,0,2
48.58047129061405,1.0222253842696527,0,70851.30623547417,8.418582798767503,96.72469767145306,13,0,0
44.35300289725433,2.7566525148357925,1,62709.33480566897,7.621993218237611,110.02272360620731,11,2,1
19.466293809620826,2.4843671769675213,1,41331.5116128433,9.092232862259692,30.119909599770978,82,1,1
47.16742289411113,2.6265015761464223,1,20388.562144359537,0.38985841033045365,69.02663933949704,44,1,2
25.505272044429148,0.011232142069593998,1,41998.67786340193,1.8801684382985284,111.27280739065507,22,0,0
22.18074547840169,4.401660769904144,0,97270.79856485673,5.670558183853957,52.831602967493836,100,2,0
36.69415586519724,0.1497934715983541,1,89734.39481718745,2.0695619619211145,25.548983397040704,32,1,1
13.868163757269825,0.018671210260379767,0,89414.30824651154,6.03802190901823,47.79306716152447,34,1,2
16.017792765111874,0.8259231266966022,1,3588.7618923145037,2.5235299405907807,113.30919489245973,28,0,2
45.08526970653931,1.411260159674809,1,38741.23433335152,2.28824678796342,109.15126467283204,25,1,1
15.983606944524437,2.7791822870094856,1,44687.34529692186,6.352261838997132,113.31587032098936,34,1,0
20.51234530594249,2.5569644088526506,0,16838.687129501617,0.3766878248266546,62.45224657317178,38,1,0
22.921453850328266,0.2644496999600253,0,14782.13658051292,0.6186541815637414,42.09024484634533,30,0,2
33.59966772042441,1.8925918143386116,0,87972.44958600383,0.30253934181676695,114.39983855016021,33,0,0
25.50326504503221,1.3120754061243947,1,6734.3305482132055,1.7421725247809194,93.94847530925294,26,0,0
44.85357506771523,1.4358855741632723,0,38686.710641235804,2.2612008630787033,49.41855636030013,23,0,1
23.237493239640774,1.070565351115473,1,14268.143065179782,0.7861587237690894,49.47907654690724,30,0,2
24.656583066240756,0.011232142069593998,1,43312.845491492,2.4828470086661616,111.27280739065507,22,0,0
35.51986323153329,2.701892460096211,1,70851.30623547417,6.445619434142468,96.72469767145306,4,2,0
16.026180446115887,2.5294101096286936,1,45027.06830848997,0.35332883084420263,80.04154491935799,12,1,1
35.51986323153329,1.2340185360859979,1,53915.2790307323,7.6035123652867025,94.71972307831615,13,1,0
12.675824576997421,1.3920689959194565,0,104884.62735784637,0.6740321042900792,50.29066320069114,81,1,2
49.14991537644887,3.2265773042350836,1,42567.7165457049,7.29989249002065,85.10440393913095,3,2,0
11.809270031163102,4.977501417171963,0,25073.214735974336,0.22162051629353963,117.64737010567073,70,2,0
38.0311540234347,1.3379965228189272,1,43882.060258391204,1.8763029205007868,24.34965799315406,31,1,1
25.505272044429148,0.19542004349808884,1,3680.8213143180315,2.03426136807228,111.90654420421447,38,0,0
20.51234530594249,1.469998352891825,0,17228.152455280084,2.2288884701760607,62.45224657317178,32,1,0
18.63751409822467,0.5905570988160858,1,66026.86271509026,2.485697732089829,6.084486632672461,27,2,2
25.68372968237649,0.011232142069593998,1,41998.67786340193,1.42687461491101,105.38254313019365,31,0,0
12.394448001687094,2.558201060006865,1,112931.10561331647,4.129304686774778,108.12054680325207,25,1,1
15.70175345729633,0.1726573097333775,1,4102.816868615876,2.35603356198313,113.17954897523313,28,0,2
48.594836279322756,4.802959863609303,1,54507.10258730046,1.9250082091569314,34.86595124256736,22,1,1
48.58047129061405,1.268182053316929,0,71223.46235182343,8.178964701747775,96.72469767145306,13,0,0
44.35300289725433,1.2352112103481927,0,62709.33480566897,8.031243197490415,110.02272360620731,14,0,0
44.96631215413517,0.9815547330383517,1,13708.2429211417,5.281432992196658,100.82025805900676,44,1,0
45.26310494081791,2.2735499243200117,0,16598.52674630215,0.38985841033045365,64.99875123644048,38,0,0
19.276831462626348,2.6033026142487796,1,25771.6323749711,6.47016209024017,118.11270070415068,22,2,1
17.091382190501147,0.8244567116008117,1,62975.58349097823,4.923618328375323,60.07986447418024,0,1,0
35.51986323153329,1.2682864129444327,1,70851.30623547417,7.6181526140529545,100.23352118836137,13,0,0
48.08060159660725,4.095749955717682,1,89764.5373370389,2.5264172025834433,25.548735669508588,25,1,1
16.007989162818074,2.6895701843731397,1,116059.10231826823,3.9339372903702454,105.55342357138427,5,0,0
45.08526970653931,2.6898707232563255,1,44920.04913035966,0.4361838891927543,109.15126467283204,25,1,1
36.62272764542728,3.1461312724550523,1,1958.3799817619802,7.311770550751948,57.8059944342523,1,0,0
20.308430445280763,1.3806440160128683,1,15241.554651436953,1.1280566468988018,107.9937871128013,30,0,1
16.1870885396726,0.011232142069593998,1,41998.67786340193,1.8801684382985284,83.39627459922804,12,0,0
17.091382190501147,1.2453296405409042,1,71584.99818388789,4.923618328375323,60.07986447418024,0,1,0
16.03283710320548,2.4051110925776187,1,109567.4883340295,4.7818724065454745,109.2627097797421,3,1,1
18.01660295018077,0.5731877828930555,1,66026.86271509026,2.485697732089829,6.084486632672461,27,0,2
25.772219300086277,1.2901955307299016,1,6405.4159417480205,1.136839239554603,100.75919688936628,30,1,0
15.70175345729633,0.1726573097333775,1,5816.2036683482065,2.35603356198313,113.17954897523313,30,0,2
35.51986323153329,1.2682864129444327,1,70851.30623547417,7.6181526140529545,100.67896584984044,14,0,0
44.38436315173058,2.693180572829081,1,62867.863344941215,7.29989249002065,109.55491980327672,0,2,0
25.166397313807725,0.8140018466296053,1,6836.312653884819,2.4824917767610675,5.258976010906601,30,0,0
25.68372968237649,2.5731072635234993,1,42020.16020095697,1.42687461491101,104.42993139155074,31,0,0
24.724131406455065,2.657062128431148,1,44656.45818447703,7.06197225610118,57.8059944342523,30,2,0
20.51234530594249,1.269102968355348,0,15410.705673516793,2.2288884701760607,61.44495484666312,32,1,0
16.484130840351142,2.6033026142487796,1,15946.273788769744,6.47016209024017,118.31997878027668,22,2,1
25.505272044429148,0.004578509165778094,1,42521.39741712983,1.42687461491101,105.38254313019365,31,0,0
11.646581654984075,3.146645945742144,1,44687.34529692186,6.352261838997132,76.68287101846471,0,1,1
25.349704552872346,0.9620107199265532,1,47768.92931327927,5.233041529751773,86.05030851373475,22,1,1
35.51986323153329,0.813145607146057,0,63415.9949232011,7.6035123652867025,96.77250505531516,13,0,0
12.39313174974401,0.9096283589304498,1,42675.436691740506,4.923618328375323,84.90811792839432,25,1,0
23.251531000354234,1.087934667135777,1,14268.143065179782,0.7861587237690894,59.22193074947803,25,2,2
44.875455655925336,1.003434608432845,1,4706.52289062614,5.887049430629959,94.00953647889341,45,0,0
20.308430445280763,1.3806440160128683,1,15241.554651436953,0.2490466572882133,107.9937871128013,28,0,1
49.14991537644887,3.2265773042350836,1,42567.7165457049,7.29989249002065,80.61588878391602,3,2,0
49.11797735037799,3.1524797566255183,1,62709.33480566897,7.29989249002065,62.80686130151479,0,2,0
18.974381829626427,1.728151329917523,1,3587.213373079784,1.7453784801096903,95.11035131254775,26,0,2
16.026180446115887,0.02824195184654199,1,45005.585970934924,0.35332883084420263,80.99415494852357,12,1,1
36.55517930439314,0.011232142069593998,1,62238.72945567308,2.732645700397268,111.27280739065507,1,0,0
35.51986323153329,1.4691817974809096,1,72670.27710850319,7.6035123652867025,99.20237137381041,13,0,0
19.56364846836366,2.2927374630781614,1,119600.7438170095,4.239041125018737,114.34912775440667,35,0,0
25.505272044429148,0.033011773110833476,1,3234.4687553859585,1.8388939650969116,105.38254313019365,5,0,0
36.62272764542728,3.062183348078062,1,1958.3799817619802,7.311770550751948,51.16082052210644,23,0,0
39.67083789447429,2.767486760372462,0,4605.352111481041,4.791964948896248,53.33738515765359,95,2,2
13.659824202521825,4.977501417171963,1,105151.20822078815,5.946848704882786,117.64737010567073,63,2,0
31.64575285505955,3.963309596068765,0,56148.91680901897,6.592750066090632,61.86272029275252,69,1,2
30.310889452014,3.110896147205813,0,65734.31849767968,3.066594908888719,62.53993548314688,90,2,1
44.85357506771523,4.944800738409424,0,38686.710641235804,9.61350844736457,107.5848628459201,58,1,1
24.450562360566302,1.0765434911779947,0,90168.93738579715,4.658400350611249,89.13209018580474,78,2,2
33.927362688288525,0.8010601692892227,1,3062.616621379173,6.281008548649068,69.6783436623387,84,2,2
12.370065693820145,3.062698021365154,1,44687.34529692186,6.352261838997132,51.197940460351,22,1,1
25.505272044429148,0.21971003980691683,1,3680.8213143180315,1.8388939650969116,105.38254313019365,5,0,0
22.921453850328266,0.1784013938679807,1,14782.13658051292,0.6186541815637414,49.39753798882661,30,0,2
16.007989162818074,2.5744441013568515,1,116059.10231826823,4.115168234979749,110.7311491402161,28,1,0
42.653524152763026,2.3310301266264455,1,78944.9771754202,7.640300884384686,8.245842254623383,88,0,0
25.177846862012498,4.585838865964261,0,51409.30075688218,8.152217882917718,51.599623428139566,92,2,0
49.14991537644887,3.1461312724550523,1,62867.863344941215,7.29989249002065,62.341778385343076,0,2,0
33.59966772042441,2.5705882329975696,0,104742.19265943034,1.13204952525223,114.11258346982197,50,0,2
34.20225015319405,2.4843671769675213,1,41331.5116128433,9.133548615310454,30.119909599770978,82,1,1
35.51986323153329,1.237574610136654,0,70851.30623547417,8.020365779972838,96.72469767145306,13,0,0
37.05800975251153,0.0589701277125293,0,82054.77742581166,8.776913666495336,81.17654399983121,80,0,0
16.031520766734747,0.9620107199265532,1,42675.436691740506,5.233041529751773,86.05030851373475,12,1,1
27.6125386875275,3.4601606044091957,1,62311.05444005897,9.156354351007325,75.55466194082443,47,2,1
19.58255847318093,1.003033619934976,0,91839.07609809157,0.46652237953887177,116.58728501538961,82,2,0
26.099931924159264,1.8476815530110335,0,109105.1505063064,0.3028883393160198,39.92177510535898,30,1,2
13.868163757269825,0.018671210260379767,0,18161.430878094787,0.20215573356146876,47.79306716152447,34,1,2
48.71312204195286,4.1502386490087275,1,112012.99030119913,2.527686779524564,24.349410265621945,28,1,1
18.600161494235202,0.7723054053071993,0,661.2567432192399,2.485697732089829,6.084486632672461,72,0,2
36.8706065044514,1.3379965228189272,1,90367.18133158656,1.8750333435596656,25.548983397040704,25,1,1
22.016803259162813,4.401660769904144,1,97270.79856485673,5.670558183853957,109.85572765486899,100,2,0
44.963081045980175,2.548954049342116,1,16446.21562304808,0.38985841033045365,100.82025805900676,44,1,0
36.48858953353815,4.235751231829346,0,50291.68196354569,5.9038786783485175,13.488688979109478,48,0,0
15.26463263233223,3.198585834712631,0,97838.14310828567,1.6601115304721703,72.45348303802385,50,0,2
18.600161494235202,0.7173605649818859,1,50184.863389019745,2.485697732089829,5.018258735615714,74,0,2
36.8706065044514,1.3486508611554664,1,90367.18133158656,1.117913135266996,25.548983397040704,50,0,2
23.003829582457847,0.1784013938679807,1,14782.13658051292,0.7258896243425472,62.06281220272656,31,1,2
23.099680457053314,4.401660769904144,1,95053.96408871494,5.482927981326012,95.56557176580418,100,2,0
25.304401434571812,1.8476815530110335,0,109105.1505063064,0.0035780169005283913,39.92177510535898,30,1,2
44.963081045980175,1.9556607836212763,1,16446.21562304808,0.38985841033045365,107.70473092738821,51,1,0
24.450562360566302,1.0739816446343062,0,90168.93738579715,3.799735829116306,81.01959173687423,78,2,2
34.04625265118355,0.21971003980691683,1,41257.06729394344,9.104868940952532,21.98831112448621,5,0,0
39.312049834050754,2.6685594226901976,1,116059.10231826823,3.224363927180738,107.5557751909962,21,1,0
16.031520766734747,0.37401396045500357,1,55134.16980274863,5.167172495957993,51.85200725649866,12,1,1
28.52537042994433,2.367269900381868,1,62311.05444005897,7.6436512801627305,75.55466194082443,47,2,1
15.26463263233223,3.136792194962899,0,2386.386530260257,1.374693391567964,72.45348303802385,50,0,2
14.336043526234434,4.1502386490087275,1,112012.99030119913,2.527686779524564,23.89454111026952,63,1,1
14.876105235531536,3.110896147205813,0,63076.65728172925,3.066594908888719,62.53993548314688,89,2,1
19.58255847318093,0.3289255642444887,0,93781.20323610053,8.139266398008818,112.57984519841227,73,2,0
49.9183027705374,3.2011160176952105,0,1072.6967233696596,7.449592018867013,72.25048661046078,1,2,0
33.59966772042441,2.559933894841957,0,95520.12263574194,1.889169733551026,114.11258346982197,25,1,2
31.64575285505955,3.856747997055437,0,56148.91680901897,6.592750066090632,49.197446078852565,67,0,2
35.4131464841959,1.237574610136654,0,57670.76767796908,8.020365779972838,111.01485153813876,1,0,0
36.48858953353815,4.235751231829346,0,50291.68196354569,5.9038786783485175,13.488688979109478,47,0,0
44.85357506771523,4.944800738409424,0,38686.710641235804,9.61350844736457,100.70038997753333,58,1,1
37.05800975251153,0.08929772034416605,0,82054.77742581166,8.776913666495336,89.28904244876172,80,0,0
24.120991410810262,2.4843671769675213,1,301.025818773242,1.8639698919056333,108.45616904573484,82,1,1
16.36726412609355,2.577715113179582,0,4605.352111481041,4.791964948896248,56.50367768237961,98,2,2
12.370065693820145,3.062698021365154,1,42725.88597012394,6.352261838997132,85.39624170165487,22,1,1
41.74068861558896,3.4239208306419573,1,78944.9771754202,9.153003805817526,8.245842254623383,88,0,0
30.984092148332394,0.8628636680711463,1,99791.0753909912,6.566593306724537,69.6783436623387,84,2,2
47.878512200644806,4.977501417171963,1,105151.20822078815,5.946848704882786,110.80675115986587,28,2,0
30.31785107068277,0.3938313535054566,0,20819.1686991455,0.20215573356146876,47.79306716152447,35,1,2
25.177846862012498,4.435199330569629,0,49467.169031836325,0.49914428403284905,51.599623428139566,92,2,0
42.653524152763026,2.3310301266264455,1,78944.9771754202,7.640300884384686,8.246240370348334,86,0,0
35.333819518623464,1.574375943416709,1,69266.05556507969,6.2676112997128675,85.26134237555554,12,1,0
36.29370915977976,1.3457328275585898,0,90368.90060935824,3.799735829116306,27.82522342467318,78,2,2
23.53698516970468,0.3900151484711978,1,14782.13658051292,0.9647425089804398,69.2177134260126,21,1,2
36.378729982950894,4.235751231829346,0,50291.68196354569,1.84025966126082,13.488688979109478,48,0,0
28.48354346969109,2.367269900381868,1,62311.05444005897,7.6436512801627305,75.55466194082443,64,2,1
19.58255847318093,1.0062075735122438,0,91815.90639068597,0.46652237953887177,118.69782408805753,82,2,0
16.06150701183445,4.0918197330034225,1,42675.436691740506,4.933177256010975,85.58907383598816,12,1,1
30.31785107068277,0.14691601826542114,0,20759.27725218317,0.20215573356146876,47.79306716152447,30,1,2
45.26841629776306,0.21971003980691683,1,38051.16671656329,9.426247451874826,21.98831112448621,5,0,0
14.049929460956665,0.2713289732707064,1,18918.179579499567,0.07597614331928848,40.78004230013603,1,1,2
33.59966772042441,2.559933894841957,0,88692.24813934072,1.8747269609815675,114.11258346982197,26,1,2
16.06088560948565,1.237574610136654,0,56759.323423594054,8.020365779972838,71.18572161893508,1,0,0
49.9183027705374,3.2011160176952105,0,1002.6463694568092,7.449592018867013,67.97337601364647,1,2,0
49.595909133538676,4.997951609878089,1,105151.20822078815,5.946848704882786,110.80675115986587,28,2,0
36.48858953353815,4.235751231829346,0,50291.68196354569,5.9038786783485175,13.48829086339529,49,0,0
12.574395871069093,3.017046444492914,0,44311.13664058323,8.105016318400956,110.69731159090652,23,0,1
25.02745970377019,1.076899678231183,1,90167.21810802547,1.4066533978987519,78.7433741772837,50,0,2
11.84101311604702,3.165819923033772,1,44687.34529692186,6.115466601068329,51.197940460351,32,1,1
24.461221750856453,0.21971003980691683,1,3680.8213143180315,5.902515095236589,105.38254313019365,5,0,0
23.894599012285745,1.073369537600727,0,63756.94135801149,4.658400350611249,95.2152621417159,78,2,2
14.306057281134747,1.0204032062085067,1,108667.93624394448,2.527686779524564,23.89454111026952,63,1,1
19.56559881035618,0.420970431864242,1,14842.028027475299,0.6186541815637414,49.39753798882661,35,0,2
32.87393489455053,1.9556607836212763,1,17393.212627470522,0.3863981964201706,107.70473092738821,51,1,0
47.87763820681986,3.1461312724550523,0,62111.16519615811,5.381464738104107,65.68936589751387,34,2,0
36.8706065044514,1.3379965228189272,1,95691.6438021402,1.8894761161291238,25.548983397040704,34,1,1
37.506788440798346,2.9552944620803943,0,3540.5198514745643,1.374693391567964,112.27622536091356,52,0,1
44.963081045980175,2.548954049342116,1,16446.21562304808,0.38985841033045365,105.09727622735247,44,1,0
18.31969514962893,0.37401396045500357,1,55134.16980274863,5.167172495957993,51.85200725649866,12,1,1
21.74563280101253,0.21524153100199106,1,14782.13658051292,0.6186541815637414,87.31203556418703,27,0,1
24.461221750856453,0.21971003980691683,1,3680.8213143180315,5.165719519203958,64.12077019204115,5,0,0
48.73342987311034,3.059895216265388,0,42725.88597012394,6.352261838997132,67.97697406315778,22,1,1
35.50038230431833,0.21971003980691683,1,3220.3023919453262,1.8388939650969116,114.19469894478637,5,0,0
16.06150701183445,0.32534157715112344,1,17161.38211249024,0.7537538053581767,85.67740698034417,12,0,1
48.95983038245849,3.2011160176952105,1,1072.6967233696596,7.619872674966942,72.25048661046078,2,2,0
14.336043526234434,4.1502386490087275,1,105377.16185161543,2.527686779524564,23.330080612153587,23,1,2
11.84101311604702,3.165819923033772,1,46197.73011484903,6.115466601068329,51.197940460351,32,1,1
14.049929460956665,0.058448948299072434,1,18958.121936721116,0.9325454606523127,41.03529343082396,1,1,2
34.04625265118355,0.00951478963845287,1,41257.06729394344,9.104868940952532,21.49506980486475,5,2,0
23.025035532642605,0.1784013938679807,1,14782.13658051292,0.7258896243425472,62.06281220272656,1,0,2
45.941466009277974,1.9443262789204123,1,16446.21562304808,5.131269532741435,107.2674288862542,51,1,0
35.4131464841959,3.1195017194606525,0,57670.76767796908,8.020365779972838,62.08982335448327,1,2,0
14.300959563711237,1.574375943416709,1,69266.05556507969,0.1500643593474149,85.26134237555554,12,1,0
16.06088560948565,1.237574610136654,1,56759.323423594054,7.954268534237839,71.18572161893508,1,0,0
12.370065693820145,3.0171090788601282,1,44687.34529692186,6.58831521067239,51.197940460351,22,1,1
19.85285230503775,0.37401396045500357,1,61312.98371708904,6.0286680775628465,105.65873762416112,12,1,1
15.129131738773836,3.203918822794976,1,1002.6463694568092,7.449592018867013,87.55563510425247,1,2,0
25.524752971612614,1.237574610136654,0,71681.05723134795,8.873393599982663,96.72469767145306,13,0,0
21.74563280101253,3.9927508938940273,1,40296.19467707311,5.523277634236073,87.22370241983101,27,1,1
32.87393489455053,1.4057983330070083,0,17393.212627470522,0.24304138627254157,107.70473092738821,50,1,0
22.921453850328266,0.1784013938679807,1,14782.13658051292,0.6186541815637414,49.96199854459563,65,0,1
16.031520766734747,0.2543351195768584,1,49343.0686824775,5.167172495957993,51.85200725649866,12,1,1
23.53698516970468,0.3900151484711978,1,14742.194223291373,0.1092239323202353,68.96246229548646,20,1,2
28.52537042994433,2.367269900381868,1,62311.05444005897,7.6436512801627305,76.04800089800158,47,0,1
45.24601019333456,0.21971003980691683,1,38051.16671656329,9.426247451874826,21.98831112448621,31,1,0
14.250683017620881,0.9733452251242196,1,42675.436691740506,0.3289191104925946,86.48760882035623,12,1,1
49.14991537644887,1.2642042105258473,1,62867.863344941215,7.29989249002065,111.25998219361942,0,0,0
34.9033667291716,0.018671210260379767,0,18161.430878094787,6.404601742590087,51.92032017371334,34,1,2
18.33303278996641,0.273763961605749,0,14842.028027475299,0.6944031346281987,49.39753798882661,36,0,2
12.574395871069093,3.672578528330054,0,44311.13664058323,8.105016318400956,113.8552460017526,23,0,1
12.370065693820145,3.028695992612637,1,44673.27401972488,6.587477731581731,85.39624170165487,22,1,1
12.731097639080478,1.2141833695020487,0,44311.13664058323,8.105016318400956,115.41050188202598,23,0,1
23.025035532642605,0.1784013938679807,1,14782.13658051292,2.426597097072538,62.06281220272656,9,0,2
23.941933989913814,0.2155696684599758,1,15332.792218656205,0.6186541815637414,87.31203556418703,20,0,1
35.50038230431833,0.21971003980691683,1,3220.3023919453262,1.8388939650969116,35.74802577951802,5,0,0
14.250683017620881,0.9613920815002851,1,54673.65502536669,0.3289191104925946,51.8109507390413,19,1,1
34.04625265118355,0.2237122155557668,1,47803.20481847581,9.095597770948851,21.98831112448621,5,0,0
14.078094680178378,4.1502386490087275,1,113589.40082942325,5.279793253957563,5.4522472422302,66,1,1
23.60256886250196,0.3865052036993213,0,56995.38181000884,0.1092239323202353,68.96246229548646,20,1,2
10.837225198596833,3.1373317844358457,1,44687.34529692186,7.404578142980726,46.68921778020851,22,1,1
45.26841629776306,0.7316021450350441,0,38051.16671656329,7.367881555540054,23.358391177083078,5,0,0
45.24601019333456,0.28296692070341645,1,38051.16671656329,9.160014405468036,85.06098236177277,12,1,0
24.324407032841933,0.15196999761135732,1,3446.117497545365,5.876054129016147,104.10958796267916,5,1,0
16.06150701183445,0.34694348699850264,1,24180.209738787762,0.7537538053581767,85.67740698034417,12,0,1
24.039211700727726,0.21971003980691683,1,3680.8213143180315,4.798294981008112,64.12077019204115,1,0,0
12.582584145816455,3.064079580338366,1,42739.95724732093,6.35309931808779,49.08082821674723,21,1,1
15.904183866196757,3.351282193612434,1,56759.323423594054,7.954268534237839,71.0980308317663,1,0,0
26.547393649247773,0.21971003980691683,1,3680.8213143180315,1.8388939650969116,105.38254313019365,5,0,0
21.62117361522885,0.17807325640999597,1,14782.13658051292,0.7258896243425472,62.06281220272656,27,1,2
18.31969514962893,0.37401396045500357,1,70552.81823021975,5.167172495957993,119.95657520517796,12,1,1
16.031520766734747,0.38596712520145715,1,43135.95146912244,5.167172495957993,86.52866531869472,12,1,1
35.51986323153329,1.2336231079475986,0,70851.30623547417,8.029636947173563,96.72469767145306,13,0,0
16.031520766734747,0.9620107199265532,1,40966.439029241716,2.4809350603986964,86.05030851373475,10,1,1
15.995301955935462,1.2410850555512498,1,14506.325992412483,8.020365779972838,71.18572161893508,1,0,0
49.75717771043513,1.239330087424925,1,72305.84682740147,6.247576186037003,115.47017469533662,0,0,0
49.9183027705374,3.4113722688662325,1,1072.6967233696596,9.507822924103298,72.25048661046078,1,2,0
14.300959563711237,1.5113339377084691,1,69266.05556507969,0.1500643593474149,22.188875744160477,43,1,0
16.19832180858479,4.034679977377013,1,42728.68799533274,4.9596382222314155,86.86202886930734,12,0,1
15.699304631586964,3.184033921919868,1,16228.380179366926,7.449592018867013,87.55563510425247,2,2,0
14.049929460956665,0.2713289732707064,1,16396.14108645834,0.07597614331928848,40.78004230013603,5,1,2
39.67083789447429,2.767486760372462,0,4605.352111481041,4.791964948896248,53.33738515765359,95,2,2
13.659824202521825,4.977501417171963,1,105151.20822078815,5.946848704882786,117.64737010567073,63,2,0
31.64575285505955,3.963309596068765,0,56148.91680901897,6.592750066090632,61.86272029275252,69,1,2
30.310889452014,3.110896147205813,0,65734.31849767968,3.066594908888719,62.53993548314688,90,2,1
44.85357506771523,4.944800738409424,0,38686.710641235804,9.61350844736457,107.5848628459201,58,1,1
24.450562360566302,1.0765434911779947,0,90168.93738579715,4.658400350611249,89.13209018580474,78,2,2
33.927362688288525,0.8010601692892227,1,3062.616621379173,6.281008548649068,69.6783436623387,84,2,2
12.370065693820145,3.062698021365154,1,44687.34529692186,6.352261838997132,51.197940460351,22,1,1
25.505272044429148,0.21971003980691683,1,3680.8213143180315,1.8388939650969116,105.38254313019365,5,0,0
22.921453850328266,0.1784013938679807,1,14782.13658051292,0.6186541815637414,49.39753798882661,30,0,2
16.007989162818074,2.5744441013568515,1,116059.10231826823,4.115168234979749,110.7311491402161,28,1,0
42.653524152763026,2.3310301266264455,1,78944.9771754202,7.640300884384686,8.245842254623383,88,0,0
25.177846862012498,4.585838865964261,0,51409.30075688218,8.152217882917718,51.599623428139566,92,2,0
49.14991537644887,3.1461312724550523,1,62867.863344941215,7.29989249002065,62.341778385343076,0,2,0
33.59966772042441,2.5705882329975696,0,104742.19265943034,1.13204952525223,114.11258346982197,50,0,2
34.20225015319405,2.4843671769675213,1,41331.5116128433,9.133548615310454,30.119909599770978,82,1,1
35.51986323153329,1.237574610136654,0,70851.30623547417,8.020365779972838,96.72469767145306,13,0,0
37.05800975251153,0.0589701277125293,0,82054.77742581166,8.776913666495336,81.17654399983121,80,0,0
16.031520766734747,0.9620107199265532,1,42675.436691740506,5.233041529751773,86.05030851373475,12,1,1
27.6125386875275,3.4601606044091957,1,62311.05444005897,9.156354351007325,75.55466194082443,47,2,1
19.58255847318093,1.003033619934976,0,91839.07609809157,0.46652237953887177,116.58728501538961,82,2,0
26.099931924159264,1.8476815530110335,0,109105.1505063064,0.3028883393160198,39.92177510535898,30,1,2
13.868163757269825,0.018671210260379767,0,18161.430878094787,0.20215573356146876,47.79306716152447,34,1,2
48.71312204195286,4.1502386490087275,1,112012.99030119913,2.527686779524564,24.349410265621945,28,1,1
18.600161494235202,0.7723054053071993,0,661.2567432192399,2.485697732089829,6.084486632672461,72,0,2
36.8706065044514,1.3379965228189272,1,90367.18133158656,1.8750333435596656,25.548983397040704,25,1,1
22.016803259162813,4.401660769904144,1,97270.79856485673,5.670558183853957,109.85572765486899,100,2,0
44.963081045980175,2.548954049342116,1,16446.21562304808,0.38985841033045365,100.82025805900676,44,1,0
36.48858953353815,4.235751231829346,0,50291.68196354569,5.9038786783485175,13.488688979109478,48,0,0
15.26463263233223,3.198585834712631,0,97838.14310828567,1.6601115304721703,72.45348303802385,50,0,2
34.20225015319405,0.1359013792631596,1,28299.50413512037,9.133548615310454,29.716770717656686,83,0,1
48.71312204195286,2.5842424946344216,1,112012.99030119913,1.1054954292416848,24.349410265621945,49,1,2
35.60223226527094,1.237574610136654,0,70851.30623547417,8.126438024647202,97.449028259723,8,0,0
17.219115441928835,2.3310301266264455,1,75901.63457564956,7.452670676566381,2.7011628116591737,84,1,0
13.185086095751451,0.018671210260379767,0,18161.430878094787,0.0021361435570388387,47.79306716152447,34,1,2
36.8706065044514,0.7486646682913678,1,90367.18133158656,1.8750333435596656,117.2365515321502,32,1,1
27.6125386875275,3.9745219775268126,0,62311.05444005897,8.297685182225635,61.59259663616077,47,2,2
36.615178782140376,3.062698021365154,1,81980.8931638389,8.768633018208044,44.9016782890764,22,1,1
44.41290449461457,4.789382715407826,1,116059.10231826823,3.224363927180738,110.55757518449714,54,1,0
49.14991537644887,2.525092819562027,1,113234.70715009753,7.2340234439016085,63.379686377837075,0,2,0
25.541361728506487,0.2724832294402203,0,109105.1505063064,0.3063999581424697,39.92177510535898,30,1,2
24.450562360566302,1.0687020843537993,0,1001.6509314629366,2.351418350483028,89.13209018580474,78,2,2
30.484601246260212,3.110896147205813,0,65734.31849767968,3.066594908888719,53.292284376947066,95,2,1
34.94060183412115,0.8010601692892227,1,47653.22839593007,6.281008548649068,69.6783436623387,50,2,2
15.26463263233223,2.387461169572101,1,97865.3967309551,5.6639168680423015,68.44604324175802,41,0,0
27.48625068693558,2.537780117490001,1,14516.886731079714,0.7685896881620191,58.53295002416558,29,1,2
33.59966772042441,4.136584183409511,0,95520.12263574194,2.554240887469754,114.11258346982197,29,0,2
25.177846862012498,4.479277266950932,0,51409.30075688218,8.152217882917718,50.87527283624601,96,2,0
42.44276467950026,0.9620107199265532,1,30324.983698528533,5.233041529751773,92.91678176598211,12,0,1
44.963081045980175,2.548954049342116,1,16446.21562304808,0.38985841033045365,100.82025805900676,43,1,0
19.58255847318093,1.003033619934976,0,91839.07609809157,0.46652237953887177,23.938736904458743,82,2,0
31.64575285505955,3.4738150870574898,1,56148.91680901897,6.592750066090632,75.82478559741617,69,1,1
11.740629423253683,0.0589701277125293,0,28903.487484921498,6.36054195241852,82.41701169897394,80,0,0
16.447005417435484,2.61460861571405,0,38686.710641235804,9.61350844736457,107.75843680163906,29,1,1
13.659824202521825,4.977501417171963,1,63928.13230122479,5.946848704882786,116.36856164527882,63,2,0
26.063842240081925,1.7954313299590523,1,3680.8213143180315,1.8354994761313383,105.38254313019365,5,0,0
15.69989169018438,0.7801468121313959,0,92021.03031449368,4.792679734650688,6.084486632672461,72,0,2
39.49712609910412,2.767486760372462,0,4605.352111481041,4.791964948896248,56.10230822526528,90,2,2
36.48967392107372,4.584457776868934,0,5799.907543627873,5.9038786783485175,13.488688979109478,82,0,0
22.016803259162813,4.3517006553300766,0,97243.5449421873,1.6667568669262436,109.85572765486899,100,2,2
33.51219201656012,1.3837906329426515,1,90367.18133158656,1.8750333435596656,25.368500260734166,32,1,1
33.59966772042441,4.136584183409511,1,95520.12263574194,1.8387311618395668,111.51169442533948,4,0,2
11.916023284637575,0.0589701277125293,0,28903.487484921498,1.7895525441135705,79.94886385223569,80,0,0
42.44276467950026,0.13582699370675022,1,30324.983698528533,5.233041529751773,92.91678176598211,0,0,1
13.757469408322645,1.003033619934976,0,87484.58248435595,1.1889724973665705,116.58728501538961,82,2,0
11.759764411347629,2.8858982227825334,0,38686.710641235804,9.646158963454475,52.44172980586023,29,1,1
22.65496061883906,3.2759649637159614,1,58333.591082205035,7.29989249002065,62.341778385343076,5,0,0
13.421024949842637,1.237574610136654,0,70851.30623547417,8.126438024647202,97.9849741493956,8,0,0
22.83103831928294,0.17443341155099118,1,25859.159455029447,0.6186541815637414,49.39753798882661,32,1,2
36.665053556470795,3.2351176218004056,1,83129.1721194875,8.724822001943476,44.9016782890764,63,1,1
48.71312204195286,4.1502386490087275,1,112012.99030119913,2.527686779524564,24.349410265621945,50,1,1
49.42138490718992,2.531470631207089,0,51753.06098548038,5.9038786783485175,8.048519775581502,48,2,0
34.44677372077097,0.9720604031185728,1,28299.50413512037,8.741408974850035,29.846794098145693,83,0,1
15.293572386551535,2.281186800990541,1,91709.53102117773,0.7358514439997137,25.25024895192831,45,0,0
44.18575559683202,2.545791806127531,0,16446.21562304808,0.38985841033045365,100.72562119079292,43,0,0
27.48625068693558,2.491986007489319,1,14516.886731079714,0.7685896881620191,58.71343338665288,27,1,2
22.252743271835406,1.7954313299590523,0,3148.1361289281726,2.551009201761528,104.76576174756096,21,0,0
21.84286941388544,4.3517006553300766,0,94115.54823723556,6.516779500393513,109.85572765486899,100,2,2
15.528306133192679,2.5744441013568515,1,116059.10231826823,4.115168234979749,110.7311491402161,28,1,0
18.71784449712454,4.977501417171963,1,105151.20822078815,5.946848704882786,117.64737010567073,63,2,0
16.532695759732682,3.0774296162981534,1,44687.34529692186,6.349713158554448,109.55010620316808,25,1,1
49.93913842382311,0.12035892182725827,1,3680.8213143180315,1.8388939650969116,105.38254313019365,0,2,0
37.72178191405697,0.007546283854824032,0,18161.430878094787,0.20215573356146876,47.25707480845139,33,1,2
13.275549097199718,0.022722140065287638,0,14751.895299345793,0.0021361435570388387,47.79306716152447,34,0,2
13.710700407284317,4.977501417171963,1,62779.85334556271,5.990657855008788,116.36856164527882,22,2,0
34.94060183412115,0.8010601692892227,1,47653.22839593007,6.281008548649068,69.6783436623387,28,2,2
36.12018502913097,4.229372448698912,1,111731.28947100215,7.2340234439016085,63.379686377837075,0,0,0
15.62836901941763,0.12612075482638602,1,45811.62827993489,5.233041529751773,85.92029099329903,12,1,1
19.55361871913594,1.0439538302157607,0,97994.94180786893,5.399873920266458,67.13453670142074,83,2,0
35.51986323153329,1.2407368542243826,1,74793.56523446536,8.020365779972838,96.81933453966691,12,1,0
13.421024949842637,1.237574610136654,1,72879.07624288036,8.126438024647202,97.9849741493956,45,0,0
22.718180329329265,0.17443341155099118,0,25859.159455029447,7.92626955900264,98.89116490853704,12,1,2
22.921453850328266,0.4172843768933604,1,14782.13658051292,0.6186541815637414,49.39753798882661,25,1,1
26.063842240081925,1.6863147581358975,1,3680.8213143180315,1.8389672688619947,105.38254313019365,9,0,0
42.202595521434034,0.11340275161656255,1,81980.8931638389,8.768633018208044,92.99439852618136,7,0,1
22.65496061883906,3.2759649637159614,1,71040.29369134124,7.2832446074912145,62.77414037472026,8,0,0
11.759764411347629,0.7612021973362191,1,38383.96341507022,9.646158963454475,46.43302690379602,29,1,1
46.68468552710283,3.0626876049700993,1,45925.08262244966,7.259723813959528,62.341778385343076,23,2,0
15.244093976352492,4.6147064280956895,1,41212.45220784104,7.2340234439016085,64.2225294371515,12,0,0
21.94686185909998,4.368041596972041,0,97243.5449421873,1.6667568669262436,108.78702066872377,100,1,2
11.478181115880806,0.018671210260379767,0,18190.043376678525,0.017612871283248177,47.79306716152447,34,2,0
28.87334016076001,2.537923124610188,1,14520.639766516446,0.7685896881620191,58.01057796891473,24,1,2
16.16111651649816,0.12612075482638602,1,49909.54245658496,5.233041529751773,17.208545457153825,47,1,1
33.59966772042441,4.136584183409511,1,64185.97890741407,1.8387311618395668,111.51169442533948,2,2,0
34.94060183412115,0.7701865679104826,1,47653.22839593007,6.373112062180937,69.6783436623387,23,2,2
15.293572386551535,2.281186800990541,0,91709.53102117773,0.7358514439997137,25.25024895192831,6,0,0
35.632721226524694,1.237574610136654,1,70851.30623547417,0.9675717353437334,47.23097073166521,33,0,0
16.532695759732682,3.0774296162981534,1,44687.34529692186,6.349713158554448,109.55010620316808,30,0,2
25.505272044429148,1.0643530192958381,1,16222.673755739594,1.835426172366255,114.19469894478637,5,0,0
36.85534794009859,3.3534926733501704,1,30697.14579475595,4.993423486756909,44.82405686433816,23,1,1
35.60223226527094,1.237574610136654,0,58144.60362633796,7.299690268813107,97.01666529951953,5,0,0
42.44276467950026,3.086729199613645,0,30241.436119113125,5.233041529751773,92.91678176598211,12,0,1
15.135267839255345,2.8695566422315384,1,44687.34529692186,6.392430515058252,51.197940460351,0,1,1
36.90865028862886,0.5180534475698068,1,94166.73552035673,5.233041529751773,86.86403651287537,1,1,1
36.64954757071556,1.224146515614505,1,74793.56523446536,8.020365779972838,94.68022248356826,12,2,0
49.93913842382311,0.12035892182725827,1,3652.587816575604,1.8760861967845535,105.38254313019365,0,1,2
44.95928415312436,2.548811042221929,1,16442.462587611346,0.38985841033045365,101.34258688095551,43,1,0
35.956151855225094,4.349182358142802,0,46193.767786895616,5.9038786783485175,82.20682820345942,13,0,0
13.710700407284317,4.98984737269239,1,100609.73094741147,5.990657855008788,116.36856164527882,28,0,2
13.757469408322645,0.7928304836042742,0,87484.58248435595,1.0973218142000243,116.58728501538961,87,2,0
36.615178782140376,0.1669051870600391,1,75860.89961493824,0.17141944036106427,44.9016782890764,22,1,2
12.370065693820145,3.0634877898822994,1,44687.34529692186,6.349710740936774,51.197940460351,22,1,1
13.264209256715745,0.036898538855366425,1,18124.49599919326,0.07883133681095889,112.8688022907923,30,1,2
33.59966772042441,3.740339890469854,1,62974.1164090263,9.586200412520876,46.199442690015076,2,2,0
35.99439458854066,2.8695566422315384,1,44687.34529692186,6.823557323895132,50.60527920310702,1,1,1
26.063842240081925,1.7753445016014662,1,85689.30115059661,1.8301545202983718,105.38254313019365,5,0,0
24.31590166089558,3.286835242340527,1,32824.08858626291,7.284736239814593,64.2225294371515,10,0,0
26.10139860633594,1.2274620559182547,1,74793.56523446536,8.020365779972838,94.68022248356826,12,2,0
16.532695759732682,3.0774296162981534,1,62953.66098371889,6.333575267373308,109.55010620316808,25,1,1
22.628521768553608,1.237574610136654,0,70234.02411601045,8.002816415521078,96.72469767145306,5,0,0
16.83180675942757,2.281186800990541,0,91709.53102117773,0.7358514439997137,22.29301077197492,6,0,0
44.37246543439318,3.086729199613645,1,30241.436119113125,0.7122396045224741,104.15477223279731,12,0,1
42.46587079531156,0.3422311270810711,1,30324.983698528533,5.215127788147594,92.91678176598211,30,0,1
35.60223226527094,0.683438723078197,0,42294.15807649523,7.299690268813107,95.72600174930353,5,0,0
27.48625068693558,2.537780117490001,1,14516.886731079714,5.6280339183033945,58.70410859521839,48,1,1
22.83103831928294,3.080116116130582,1,25859.159455029447,9.389526311060514,49.39753798882661,32,1,1
16.532695759732682,3.0766398477810073,1,44998.49271345676,6.352264256614807,109.55010620316808,30,0,2
26.226431531050896,1.0568267305091654,0,16259.608634641121,3.494660033242562,49.04179324160822,5,0,0
12.573409633089451,0.7612021973362191,1,39595.825913552224,1.8667968517256717,112.13811502073985,29,1,1
14.7748321280953,1.5104212893099032,1,70851.30623547417,0.5509085351251266,47.18984829102061,32,0,0
41.917268511305075,0.1369892659244505,1,1664.432408902845,8.768633018208044,92.99439852618136,7,0,1
10.50944686580987,4.603821883011314,1,71040.29369134124,7.232531811578229,62.77414037472026,8,0,0
36.61199120420231,1.6829992178321491,1,3680.8213143180315,1.8389672688619947,105.38254313019365,17,0,0
13.710700407284317,4.977501417171963,1,44513.53765876589,6.006795746189927,116.36856164527882,22,2,0
35.546302086690744,3.2759649637159614,1,58950.87320166876,7.317441854472409,62.341778385343076,13,0,0
33.59966772042441,4.136584183409511,1,95520.12263574194,1.8387311618395668,112.15511038122405,4,0,2
20.99044886921029,0.4172843768933604,0,14782.13658051292,5.14101156462097,38.15567165693817,25,1,1
22.898314039489136,0.9330460032792862,1,27063.451969146146,0.6381754243999538,49.39753798882661,13,0,2
16.031520766734747,1.0214531208771476,1,58525.88224158331,5.233041529751773,85.86079692085166,12,1,1
16.16111651649816,0.12612075482638602,1,49909.54245658496,0.7304459009885838,17.037438351783674,22,1,2
39.67083789447429,2.767486760372462,0,4605.352111481041,4.791964948896248,53.33738515765359,95,2,2
13.659824202521825,4.977501417171963,1,105151.20822078815,5.946848704882786,117.64737010567073,63,2,0
31.64575285505955,3.963309596068765,0,56148.91680901897,6.592750066090632,61.86272029275252,69,1,2
30.310889452014,3.110896147205813,0,65734.31849767968,3.066594908888719,62.53993548314688,90,2,1
44.85357506771523,4.944800738409424,0,38686.710641235804,9.61350844736457,107.5848628459201,58,1,1
24.450562360566302,1.0765434911779947,0,90168.93738579715,4.658400350611249,89.13209018580474,78,2,2
33.927362688288525,0.8010601692892227,1,3062.616621379173,6.281008548649068,69.6783436623387,84,2,2
12.370065693820145,3.062698021365154,1,44687.34529692186,6.352261838997132,51.197940460351,22,1,1
25.505272044429148,0.21971003980691683,1,3680.8213143180315,1.8388939650969116,105.38254313019365,5,0,0
22.921453850328266,0.1784013938679807,1,14782.13658051292,0.6186541815637414,49.39753798882661,30,0,2
16.007989162818074,2.5744441013568515,1,116059.10231826823,4.115168234979749,110.7311491402161,28,1,0
42.653524152763026,2.3310301266264455,1,78944.9771754202,7.640300884384686,8.245842254623383,88,0,0
25.177846862012498,4.585838865964261,0,51409.30075688218,8.152217882917718,51.599623428139566,92,2,0
49.14991537644887,3.1461312724550523,1,62867.863344941215,7.29989249002065,62.341778385343076,0,2,0
33.59966772042441,2.5705882329975696,0,104742.19265943034,1.13204952525223,114.11258346982197,50,0,2
34.20225015319405,2.4843671769675213,1,41331.5116128433,9.133548615310454,30.119909599770978,82,1,1
35.51986323153329,1.237574610136654,0,70851.30623547417,8.020365779972838,96.72469767145306,13,0,0
37.05800975251153,0.0589701277125293,0,82054.77742581166,8.776913666495336,81.17654399983121,80,0,0
16.031520766734747,0.9620107199265532,1,42675.436691740506,5.233041529751773,86.05030851373475,12,1,1
27.6125386875275,3.4601606044091957,1,62311.05444005897,9.156354351007325,75.55466194082443,47,2,1
19.58255847318093,1.003033619934976,0,91839.07609809157,0.46652237953887177,116.58728501538961,82,2,0
26.099931924159264,1.8476815530110335,0,109105.1505063064,0.3028883393160198,39.92177510535898,30,1,2
13.868163757269825,0.018671210260379767,0,18161.430878094787,0.20215573356146876,47.79306716152447,34,1,2
48.71312204195286,4.1502386490087275,1,112012.99030119913,2.527686779524564,24.349410265621945,28,1,1
18.600161494235202,0.7723054053071993,0,661.2567432192399,2.485697732089829,6.084486632672461,72,0,2
36.8706065044514,1.3379965228189272,1,90367.18133158656,1.8750333435596656,25.548983397040704,25,1,1
22.016803259162813,4.401660769904144,1,97270.79856485673,5.670558183853957,109.85572765486899,100,2,0
44.963081045980175,2.548954049342116,1,16446.21562304808,0.38985841033045365,100.82025805900676,44,1,0
36.48858953353815,4.235751231829346,0,50291.68196354569,5.9038786783485175,13.488688979109478,48,0,0
15.26463263233223,3.198585834712631,0,97838.14310828567,1.6601115304721703,72.45348303802385,50,0,2
18.600161494235202,0.7485576279384092,0,88892.77670191212,1.860888562420599,6.084486632672461,73,1,2
26.099931924159264,1.8561204243594458,0,91478.00336667703,0.3028883393160198,39.92177510535898,83,2,0
12.678294716889962,3.062698021365154,1,44687.34529692186,6.352261838997132,37.88945491341,22,0,2
25.26022259402408,0.1400523381256371,1,51409.30075688218,0.6885760935186074,52.92179672966505,98,2,0
49.13847561561435,4.01801506054548,1,112012.99030119913,2.527686779524564,22.12120227571011,28,1,1
12.990725007393156,4.977501417171963,1,80822.98414799463,5.946848704882786,117.64737010567073,63,2,1
15.26463263233223,3.198585834712631,0,83603.83017417148,1.6601115304721703,72.45348303802385,50,0,2
25.70569692864212,4.758148862384758,0,3680.8213143180315,9.446927990096516,105.33909431410262,5,0,0
31.094702653913526,3.5311784845016088,1,50959.14011098451,0.38985841033045365,100.16013181118672,68,1,0
48.38466472688327,3.1130159717960697,1,52181.317216316216,5.9437917855772,62.341778385343076,0,2,0
25.517061282727795,4.2903818456964435,1,19648.90955659481,5.670558183853957,49.784986749418565,100,2,0
30.547054666994203,3.110896147205813,1,41385.44049001703,8.975558451830985,62.53993548314688,90,2,1
33.80844407470281,2.767486760372462,0,4605.352111481041,4.791964948896248,52.32746607166306,94,2,2
24.450562360566302,1.0795320765078922,0,90168.93738579715,4.656976941618509,84.10358714531046,13,2,2
36.48858953353815,4.235751231829346,0,104619.90055715892,1.3303453188594125,13.488688979109478,48,0,2
36.8706065044514,0.5131722466438233,1,3503.675062843926,2.499842513228896,21.579097175091217,24,0,1
22.493316256311363,1.5651943533678097,0,109466.22153097902,0.6164578861371495,116.58728501538961,29,1,2
42.390928307757314,2.3310301266264455,1,69722.90715555963,7.640300884384686,8.245842254623383,85,1,0
22.921453850328266,4.658223826992661,0,14782.13658051292,7.879360551829265,49.362189971386115,22,0,2
16.007989162818074,2.706667520980658,1,116059.10231826823,4.115168234979749,110.7311491402161,28,1,0
27.6125386875275,3.4601606044091957,1,62311.05444005897,9.156354351007325,75.55466194082443,43,2,0
44.85357506771523,0.36580207935114073,1,38686.710641235804,1.5991873736404203,92.2258042650271,58,1,1
45.5139627888639,2.5517505647457033,0,16581.839332175776,6.592750066090632,62.52283638979027,45,1,2
16.031520766734747,0.9951273648000738,1,42675.436691740506,5.347065322725041,86.05030851373475,12,1,1
13.868163757269825,0.2018855388001528,0,79922.45010156483,0.20215573356146876,100.2376647975095,34,1,2
33.966084938213854,2.4843671769675213,0,65680.38962052569,3.2229653206709625,30.119909599770978,82,1,1
39.78975650805336,0.8010601692892227,1,3062.616621379173,6.281008548649068,70.6882627483292,85,2,2
35.51986323153329,0.8689407594449752,0,64370.73693468819,8.021788977839526,96.76190828297803,78,0,0
33.59966772042441,2.5705882329975696,0,53333.5618966398,5.705719923714227,114.11258346982197,50,0,0
42.653524152763026,2.3310301266264455,1,78944.9771754202,7.640300884384686,8.245842254623383,92,0,0
11.163583289231273,3.062698021365154,1,45248.8048663213,6.352261838997132,37.88945491341,22,2,2
48.626584513168275,2.562397816369017,1,21068.619949394793,0.04406192663909403,100.05891614504876,44,1,0
49.14991537644887,3.1461312724550523,0,62867.863344941215,7.082575879186864,61.76908234757155,0,0,0
13.659824202521825,4.99522478430187,1,105151.20822078815,7.900625718434489,118.80258151528537,60,2,0
19.58255847318093,1.0006581533397865,0,321.51333041747694,0.5604166863586394,116.58728501538961,27,2,1
16.031520766734747,0.9951273648000738,1,59136.45175458145,6.095708159480002,51.58472460405308,22,1,1
27.931687494907344,3.4786782324876033,1,109574.99637829767,9.295570269130733,119.71613151316046,47,1,1
15.401917506744951,2.5744441013568515,1,103939.26939586327,4.115168234979749,110.7311491402161,33,1,2
25.505272044429148,0.25738560439087044,1,3680.8213143180315,1.8388939650969116,105.38254313019365,19,0,0
27.65642072260007,3.198585834712631,0,92490.2721282831,8.893580866803743,72.45348303802385,50,0,2
13.003032965339262,4.395503099465177,0,3856.377040103923,8.98691676391423,49.485210548300856,5,0,2
36.8706065044514,1.3379965228189272,1,90367.18133158656,1.892064347965567,25.548983397040704,25,1,0
22.91055842695459,0.1784013938679807,1,92287.14771670867,0.5964201803837275,43.89067948059771,30,0,2
48.71312204195286,4.1502386490087275,1,112012.99030119913,2.6592885670299427,24.349410265621945,28,1,1
16.007989162818074,0.9159371193848891,1,115771.51028812703,4.118285771828458,109.76889078987813,12,1,0
25.46083917216851,1.0795320765078922,0,89607.47679455784,4.656976941618509,84.10358714531046,13,0,2
44.72113841581503,2.8454671322340133,1,52181.317216316216,5.9437917855772,62.341778385343076,0,2,0
15.26463263233223,3.198585834712631,1,97838.14310828567,1.8774757749196507,72.45348303802385,56,2,2
22.921453850328266,4.700028266755388,0,14782.13658051292,6.313146345011105,46.642494032245324,22,0,2
36.8706065044514,0.5155477133458448,1,89344.04475089315,2.406016741760911,21.579097175091217,73,0,0
12.370065693820145,3.062698021365154,1,44593.13380476226,5.353477132983504,89.77322128429996,12,1,1
22.174167448932053,1.5651943533678097,0,62199.95858498168,0.49634481238970896,69.76505536473307,29,2,2
13.868163757269825,0.2018855388001528,0,79922.45010156483,0.20215573356146876,102.60992526265638,34,1,0
35.51986323153329,1.1999463397329513,0,53148.77329145877,7.656539446226323,96.72469767145306,5,0,0
15.220763098466627,3.4601606044091957,1,62311.05444005897,1.9189188899416103,75.72388721041354,43,2,0
27.550910179795984,0.43941644275188096,0,16578.188733246327,0.7151393648795361,103.64578652231216,33,1,0
31.094702653913526,3.5057691825071817,1,50959.14011098451,0.37287938316571834,100.16013181118672,70,1,1
18.61105691760935,0.7485576279384092,0,22541.564519441938,1.8831233587577412,6.084486632672461,73,1,2
30.547054666994203,3.3759544536819597,1,41385.44049001703,8.842793686745624,62.53993548314688,90,2,1
16.031520766734747,2.7527418199183384,1,42728.26769718774,5.229923992903063,85.9932406087363,28,1,1
14.872295576024772,0.19893810057284256,0,79922.45010156483,0.20215573356146876,85.70828198349355,34,1,2
49.14991537644887,3.1461312724550523,0,60408.65570695685,7.082575879186864,61.76908234757155,0,0,0
19.11233422312323,0.9741060025790146,0,49538.43900926142,7.656539446226323,96.72469767145306,5,0,0
48.38466472688327,3.148080852309971,1,52181.317216316216,5.9437917855772,62.42188434482735,0,2,0
16.08311279230741,0.2018855388001528,0,79922.45010156483,0.20215573356146876,102.60992526265638,44,1,0
34.78624775091595,2.5744441013568515,1,68002.81873900307,4.115168234979749,110.7311491402161,12,1,2
16.031520766734747,0.9620107199265532,1,42675.436691740506,5.233041529751773,86.05030851373475,23,1,1
28.3938341432478,4.520866692456561,1,55932.738848747795,9.155182806260235,58.42732788072796,22,2,0
12.987167185924484,2.9524131122017403,0,49654.3389105766,9.543245709516006,49.485210548300856,5,0,2
36.754547203907926,1.3379965228189272,1,91064.87568272087,1.8750333435596656,64.38848812918731,25,1,1
22.921453850328266,0.2858607539902075,1,3613.603154090496,0.6186541815637414,19.646592928437787,30,0,2
36.589838705692245,1.5203348379277086,1,88821.28625950839,4.036709871097011,25.548983397040704,27,1,0
25.899360678802882,0.9146661003265535,1,67946.27336454418,1.7687315633729903,106.27469850081116,22,1,1
32.000483489378375,4.758148862384758,0,3680.8213143180315,9.446927990096516,70.54800917563057,57,0,0
12.370065693820145,3.062698021365154,1,44687.34529692186,6.352261838997132,51.197940460351,23,1,1
16.031520766734747,2.7601135344601353,1,42728.26769718774,5.229923992903063,100.52262342237808,28,1,1
25.505272044429148,0.4072566336203931,1,6277.610336181733,1.8388939650969116,105.38254313019365,4,0,0
35.99009085806472,1.6843093726461669,0,29078.022208617433,0.5604166863586394,116.58728501538961,27,2,1
22.921453850328266,4.6648230340091885,0,14782.13658051292,6.313146345011105,46.56238807276107,22,0,2
13.81657173170024,0.9951273648000738,1,42675.436691740506,5.1001306985646915,86.05030851373475,12,1,1
16.831378699727672,1.237574610136654,0,105376.23307152197,8.020365779972838,96.72469767145306,34,0,0
11.101162613116532,3.062698021365154,1,45248.8048663213,6.314609384378822,37.88945491341,3,2,2
22.14015839460983,3.4737934943003776,0,13714.907823824873,7.880532068553492,49.362189971386115,43,0,2
12.69416049630474,4.382264702152572,1,4047.77530627176,4.911621670803353,37.88945491341,22,0,2
49.22647383766102,3.324191252278121,1,62170.16897782331,7.29989249002065,23.50227922973134,0,2,0
36.8706065044514,0.5131722466438233,1,14672.289811958282,2.499842513228896,51.33004454322068,24,0,1
15.471789003338252,2.684730471325377,1,117537.37296403281,1.970522715843649,110.7311491402161,27,1,0
15.637434081057037,0.5222938860182789,1,1411.4292024445008,6.165878189537056,46.5004280738045,19,0,0
15.26463263233223,3.198585834712631,0,83603.83017417148,1.6601115304721703,106.55550553367016,1,0,2
12.370065693820145,3.1132754706873174,1,44593.13380476226,6.290248171417385,89.77322128429996,11,1,1
12.370065693820145,3.062698021365154,1,42802.59953334675,5.234399317616228,89.77322128429996,12,1,1
15.858857013140089,0.2937070132780739,1,5799.313897684126,1.7428040680568821,105.72083677903878,28,0,0
15.38169869999703,2.7527418199183384,1,42728.26769718774,5.2714561393461175,85.9932406087363,25,1,1
22.002290536484157,4.544144654004814,0,83759.18776694307,6.313146345011105,18.723113184463216,22,0,2
16.124128739068066,3.1066655676465915,1,44687.34529692186,6.352261838997132,97.0197896285646,22,0,2
21.730546937279588,0.18146192527983074,0,53148.77329145877,7.656539446226323,96.72469767145306,5,0,0
12.870960365871424,0.9951273648000738,1,42675.436691740506,5.1001306985646915,86.05030851373475,28,0,1
16.031520766734747,0.9620107199265532,1,50503.639195135394,5.233041529751773,86.05030851373475,23,1,1
12.696905070007926,4.3823268258188985,0,3856.377040103923,8.98691676391423,51.46940483734865,22,0,2
48.87433980196559,3.3046336253670465,0,61707.94315058941,7.098668370005107,22.934841862484337,36,0,0
16.031520766734747,1.2454349633186903,1,58981.316830911186,6.095708159480002,96.53005339317298,22,1,0
12.145880118044571,3.1132754706873174,1,1101.6758954614288,6.122914395765887,89.77322128429996,11,1,1
16.031520766734747,1.0878496063808574,1,6300.352782370679,5.347065322725041,87.04810802695262,13,0,0
12.491974928905215,0.5131722466438233,1,2351.2953315219456,2.499842513228896,50.389569375381775,22,0,1
16.031520766734747,0.9810214528243644,1,32734.61680745035,5.352119345119048,86.05030851373475,5,1,1
24.974950278956975,2.635430665782554,1,117582.70105259496,4.211258182745051,110.39285549136807,5,1,0
48.66471705119785,3.148080852309971,1,53609.76692600334,5.9437917855772,62.42188434482735,0,2,0
13.868163757269825,0.33294106814776603,0,10976.631457272662,0.20215573356146876,102.60992526265638,35,1,0
12.58568679256253,2.7650822430774533,1,39456.2822587932,5.229923992903063,41.39191246574579,32,1,1
35.52442287140948,1.1970175744981952,1,14782.13658051292,0.6186541815637414,49.39753798882661,33,0,2
22.921453850328266,0.2858607539902075,1,3613.603154090496,0.6186541815637414,38.486386957277006,13,1,2
22.921453850328266,4.658223826992661,0,19875.62920504224,7.879360551829265,49.362189971386115,22,0,2
25.505272044429148,0.4072566336203931,1,6277.610336181733,1.8429215914611707,105.38254313019365,4,0,0
16.247906530775598,4.39544097579885,1,4047.77530627176,4.911621670803353,35.90526062436272,5,0,2
23.093432454679302,4.719442060697113,1,15244.67816599568,6.361560995897682,47.209931424140365,0,2,2
35.51986323153329,0.9872670116180375,0,71006.44115914444,8.020365779972838,51.779360560699416,13,0,1
25.733203182748383,0.25738560439087044,1,44302.91623769191,0.86192640263943,105.38254313019365,16,0,0
25.70569692864212,4.5411895274901255,0,49787.06234862853,8.946732180451102,104.43638840309684,5,1,1
36.771421924342135,3.062698021365154,1,46084.35202636663,6.352261838997132,22.387468507910768,20,1,1
12.760633803098735,3.224810729273423,1,59577.03412054047,6.776888134653894,51.58472460405308,11,1,1
39.67083789447429,2.767486760372462,0,4605.352111481041,4.791964948896248,53.33738515765359,95,2,2
13.659824202521825,4.977501417171963,1,105151.20822078815,5.946848704882786,117.64737010567073,63,2,0
31.64575285505955,3.963309596068765,0,56148.91680901897,6.592750066090632,61.86272029275252,69,1,2
30.310889452014,3.110896147205813,0,65734.31849767968,3.066594908888719,62.53993548314688,90,2,1
44.85357506771523,4.944800738409424,0,38686.710641235804,9.61350844736457,107.5848628459201,58,1,1
24.450562360566302,1.0765434911779947,0,90168.93738579715,4.658400350611249,89.13209018580474,78,2,2
33.927362688288525,0.8010601692892227,1,3062.616621379173,6.281008548649068,69.6783436623387,84,2,2
12.370065693820145,3.062698021365154,1,44687.34529692186,6.352261838997132,51.197940460351,22,1,1
25.505272044429148,0.21971003980691683,1,3680.8213143180315,1.8388939650969116,105.38254313019365,5,0,0
22.921453850328266,0.1784013938679807,1,14782.13658051292,0.6186541815637414,49.39753798882661,30,0,2
16.007989162818074,2.5744441013568515,1,116059.10231826823,4.115168234979749,110.7311491402161,28,1,0
42.653524152763026,2.3310301266264455,1,78944.9771754202,7.640300884384686,8.245842254623383,88,0,0
25.177846862012498,4.585838865964261,0,51409.30075688218,8.152217882917718,51.599623428139566,92,2,0
49.14991537644887,3.1461312724550523,1,62867.863344941215,7.29989249002065,62.341778385343076,0,2,0
33.59966772042441,2.5705882329975696,0,104742.19265943034,1.13204952525223,114.11258346982197,50,0,2
34.20225015319405,2.4843671769675213,1,41331.5116128433,9.133548615310454,30.119909599770978,82,1,1
35.51986323153329,1.237574610136654,0,70851.30623547417,8.020365779972838,96.72469767145306,13,0,0
37.05800975251153,0.0589701277125293,0,82054.77742581166,8.776913666495336,81.17654399983121,80,0,0
16.031520766734747,0.9620107199265532,1,42675.436691740506,5.233041529751773,86.05030851373475,12,1,1
27.6125386875275,3.4601606044091957,1,62311.05444005897,9.156354351007325,75.55466194082443,47,2,1
19.58255847318093,1.003033619934976,0,91839.07609809157,0.46652237953887177,116.58728501538961,82,2,0
26.099931924159264,1.8476815530110335,0,109105.1505063064,0.3028883393160198,39.92177510535898,30,1,2
13.868163757269825,0.018671210260379767,0,18161.430878094787,0.20215573356146876,47.79306716152447,34,1,2
48.71312204195286,4.1502386490087275,1,112012.99030119913,2.527686779524564,24.349410265621945,28,1,1
18.600161494235202,0.7723054053071993,0,661.2567432192399,2.485697732089829,6.084486632672461,72,0,2
36.8706065044514,1.3379965228189272,1,90367.18133158656,1.8750333435596656,25.548983397040704,25,1,1
22.016803259162813,4.401660769904144,1,97270.79856485673,5.670558183853957,109.85572765486899,100,2,0
44.963081045980175,2.548954049342116,1,16446.21562304808,0.38985841033045365,100.82025805900676,44,1,0
36.48858953353815,4.235751231829346,0,50291.68196354569,5.9038786783485175,13.488688979109478,48,0,0
15.26463263233223,3.198585834712631,0,97838.14310828567,1.6601115304721703,72.45348303802385,50,0,2
36.41863395380983,4.2378410372218225,0,50236.59793107949,5.874959779191713,61.719614218694346,69,1,0
33.86813129988137,0.018671210260379767,0,18161.430878094787,0.21402343126168688,29.710547353641253,80,1,2
25.26367812719508,0.21971003980691683,1,3680.8213143180315,1.8388939650969116,92.07359371374204,3,0,0
25.26022259402408,4.543373527430051,0,51409.30075688218,0.5019689016577793,52.886448712642334,94,2,0
25.426722796422276,1.0765434911779947,0,90616.11390729001,8.778577048575423,73.41040393816309,78,2,2
44.16753086654811,2.548954049342116,1,857.0114629435284,0.38985841033045365,100.82025805900676,44,1,0
36.8706065044514,1.3379965228189272,1,76132.8683974841,6.669940436866708,25.548983397040704,25,1,1
12.331982874751446,3.062698021365154,0,44687.34529692186,6.188093352416267,51.197940460351,22,1,1
35.51986323153329,0.81132037444122,0,74050.4463880033,8.01961430179104,9.920756197524113,86,0,0
15.29616071847237,2.6411640714685807,1,103901.96396144034,3.9740167925389933,110.7311491402161,28,1,0
22.100419517909465,0.7723054053071993,0,661.2567432192399,2.485697732089829,6.084486632672461,73,0,2
30.372609237064157,3.110896147205813,0,66986.28765638274,3.066594908888719,62.53993548314688,90,2,2
19.647074535308242,3.959192782598512,0,91839.07609809157,0.46652237953887177,26.72829038766683,83,2,0
44.85357506771523,3.1088898338669706,1,37192.24459624886,7.342831014908561,102.59357041694741,0,1,1
13.659824202521825,4.977501417171963,0,108386.55910373137,5.946848704882786,53.31015737739692,63,2,2
31.715708434787864,3.100135282645139,0,56204.00084148518,6.621668965247436,10.064691760447868,48,0,2
17.114809317599967,3.0549657467446005,1,41331.5116128433,9.328481584089893,48.20242940769859,36,1,1
37.299603666582655,0.0589701277125293,0,72832.70740285535,8.776913666495336,81.17654399983121,83,0,0
22.921453850328266,0.23742557437108136,1,14782.13658051292,8.081890327470537,49.39753798882661,26,0,2
27.6125386875275,3.4601606044091957,1,61863.87790701537,5.035819387624359,89.02478569692157,47,2,1
33.927362688288525,0.8010601692892227,1,3062.616621379173,1.486211754605295,69.6783436623387,90,2,2
26.343223701819348,1.8476815530110335,1,109105.1505063064,0.2735948400332642,24.53646572011285,30,1,2
42.653524152763026,2.3310301266264455,1,70691.62895625815,7.641052362566485,95.13611454067771,15,0,0
16.008069522541152,0.8952913337815038,1,43918.89126089632,4.13211725618087,86.05030851373475,12,1,1
15.26463263233223,3.198585834712631,0,81975.25593775073,1.6601115304721703,64.83719118255483,50,0,2
33.53794793537425,2.5705882329975696,0,103490.1684832235,1.13204952525223,114.11258346982197,50,0,1
48.52409010155417,1.1940524903972627,1,112012.99030119913,2.527686779524564,113.73731384398937,27,1,1
49.14991537644887,4.589005359511387,0,57881.76117786828,9.570223445787445,62.341778385343076,61,2,0
39.67083789447429,2.767486760372462,1,4598.83998780074,4.791964948896248,117.32177762236235,95,2,0
37.05800975251153,0.0589701277125293,0,82054.77742581166,8.776913666495336,81.17654399983121,85,0,0
45.82422925207946,2.6311095832400495,1,37192.24459624886,7.342831014908561,102.59357041694741,40,1,1
24.01574251837711,3.044498270438558,1,14782.13658051292,8.624539850989215,49.39753798882661,26,0,2
15.26463263233223,3.4252011575703367,0,81975.25593775073,1.6601115304721703,64.83719118255483,4,0,2
25.505272044429148,3.3083746014644317,0,3375.4240988856473,1.8448884193500594,104.40121685536107,5,0,2
48.65124412237418,1.1719916614886776,1,113709.29210964871,2.446151635442699,113.73731384398937,19,1,1
16.031520766734747,0.8874392107007445,1,42890.93973538353,6.640268319254749,86.05030851373475,12,1,1
44.963957386037386,2.548954049342116,1,16257.556646742842,0.38985841033045365,100.82025805900676,44,1,0
17.114809317599967,3.174540832944256,1,78451.84038664761,9.269047960442265,48.20242940769859,26,1,1
36.859480037869545,1.3379965228189272,1,90609.4052953374,1.8750333435596656,25.548983397040704,25,1,1
11.089261336380236,2.906539683368879,1,36812.76358152433,6.188093352416267,51.197940460351,22,1,1
36.05118719936503,4.235751231829346,0,50291.68196354569,0.23215102393274112,13.488688979109478,48,0,0
27.6125386875275,2.753987101422365,1,61863.87790701537,6.318951417794168,46.65414623089529,47,2,1
35.51986323153329,1.3266633671060823,0,45266.59458397712,7.991261578545776,96.72469767145306,13,0,0
36.8706065044514,1.4985956093675483,0,114217.55998658155,5.930100539813647,44.36047225465944,27,1,1
15.29616071847237,3.118944322095502,1,103901.96396144034,4.130647187380709,110.7311491402161,1,1,0
25.26367812719508,0.4813816550978667,1,3680.8213143180315,1.8388939650969116,92.07359371374204,3,0,0
30.592874260637938,0.30760713107309345,0,66986.28765638274,3.066594908888719,62.53993548314688,90,2,2
49.14991537644887,2.5571593085100077,1,62867.863344941215,7.29989249002065,62.341778385343076,47,2,0
15.26463263233223,0.13516317412364498,1,98871.76945504712,1.6541170762190227,73.4347907192209,50,0,0
42.52595338704881,2.3530909562129403,1,70691.62895625815,7.722585232589281,95.13611454067771,15,0,0
31.715708434787864,3.1747128349624525,0,55988.49779784216,5.214442175744439,10.064691760447868,58,0,2
44.166654526490895,2.548954049342116,1,1096.361123881963,0.38985841033045365,100.82025805900676,44,1,0
42.503185312463856,2.3310301266264455,1,41824.6484013007,7.204712382547268,8.245842254623383,88,0,0
16.01933986867459,2.5744441013568515,1,115811.41429481053,4.115168234979749,111.10467269822597,28,1,0
28.21539908286489,3.458051050296678,0,62311.05444005897,9.156354351007325,75.55466194082443,47,2,1
26.343223701819348,1.8476815530110335,1,109105.1505063064,5.984363585564667,24.53646572011285,30,1,2
12.370065693820145,3.057066874583495,1,44687.34529692186,5.069129808827321,93.56857172874865,22,1,1
16.008069522541152,0.895120996712634,1,69503.60291241783,4.161220668792008,86.05030851373475,12,1,1
13.782868062898856,4.977501417171963,1,73628.50855492958,6.686688601935846,26.99578997792993,72,2,2
35.951172393423164,1.3480543428601544,1,43965.01205324894,1.9236238960127223,25.446253897932728,12,1,1
24.788425907872792,0.21971003980691683,1,3680.8213143180315,6.685648953830218,92.07359371374204,12,1,1
12.331982874751446,3.062698021365154,0,44687.34529692186,6.158796118098925,51.197940460351,22,1,1
15.29616071847237,1.132918237606411,1,103901.96396144034,4.0130066171958285,110.7311491402161,1,1,0
11.029862897613647,2.906539683368879,1,36361.29988663107,6.054107588887705,51.537385694343584,13,1,1
39.20052034710581,2.5504319909633706,1,109934.4827715967,3.847523737394785,114.42666261801976,44,1,0
22.921453850328266,0.09620256243700887,1,14782.13658051292,0.7451331947272073,49.39753798882661,30,0,2
49.48746783489643,3.175936867819149,1,62867.863344941215,7.828412069125623,62.341778385343076,26,2,1
25.25912450022104,0.2601608186265439,1,43965.01205324894,1.5837112382190375,26.083904474305704,2,1,1
25.909906838502835,0.18374120406214517,1,5101.378846892028,4.189851383858529,105.38254313019365,5,1,0
22.795493777103427,0.7058140692928739,1,41498.658270883214,8.081890327470537,49.39753798882661,26,0,2
35.00002658961293,1.3266633671060823,0,45266.59458397712,7.991261578545776,96.96626847677383,13,0,0
12.370065693820145,3.057066874583495,1,44687.34529692186,4.64406547227372,93.56857172874865,22,1,1
16.007989162818074,2.5744441013568515,1,116059.10231826823,4.214649672584967,110.7311491402161,28,1,0
41.29682604853868,1.3379965228189272,1,70953.4972055989,1.7263054363248043,25.548983397040704,25,0,1
42.653524152763026,2.3310301266264455,0,70691.62895625815,7.641052362566485,95.13611454067771,15,0,0
16.50677318755986,0.8874392107007445,1,42890.93973538353,1.7935277313737892,93.41354869435371,3,0,0
44.479754800186434,3.4754433187909437,1,37192.24459624886,7.372128249225835,102.59357041694741,0,1,1
35.51986323153329,3.072332010743156,0,70851.30623547417,8.020365779972838,104.04133468248799,8,0,0
16.008069522541152,0.895120996712634,1,69503.60291241783,4.020416776432021,85.71086326351107,21,1,1
16.898301841091904,2.639686129847326,1,10401.56745178569,0.4434861939224075,106.67671298142577,28,1,0
17.114809317599967,3.174624585095928,1,41331.5116128433,9.44155677407753,48.20242940769859,36,1,1
36.41636478096361,1.308190959882257,1,76132.8683974841,6.669940436866708,25.548983397040704,0,1,0
35.95572602027922,1.2192327191889256,1,3680.8213143180315,1.499359679530915,91.43599943890027,13,0,0
18.501905161827732,0.9312952560111403,1,52526.89369263659,1.781159866000152,86.05030851373475,12,0,1
16.157480849608092,0.9620107199265532,1,15627.492390400588,5.0870703930731525,86.05030851373475,12,1,1
17.634674307281298,3.174540832944256,1,78451.84038664761,9.269047960442265,55.60711700383937,24,1,1
12.370065693820145,3.062698021365154,1,44687.34529692186,6.3000091179378055,49.66058305628198,18,1,1
42.52595338704881,2.3869457327136554,1,90105.31308217943,7.871399023377844,95.13611454067771,15,1,0
25.505272044429148,3.3083746014644317,1,3375.4240988856473,1.8448884193500594,104.40121685536107,5,0,2
48.963295105073136,3.146877796413832,1,43516.18152667743,9.328481584089893,48.20242940769859,34,1,1
42.653524152763026,2.1822090020471165,0,35865.22933031395,7.433528046854193,95.13611454067771,15,0,0
21.7653182608753,0.07695975831069135,1,14782.13658051292,0.7451331947272073,49.39753798882661,30,0,2
24.773224990402653,0.2197465142179715,1,1664.9747594768967,1.8388939650969116,92.07359371374204,3,0,1
35.92961767224756,0.25657608045848,0,70851.30623547417,8.020365779972838,96.28718264581349,21,0,0
40.57223601285153,2.3530909562129403,1,81899.83424623602,2.0877685842969895,92.07810981820388,15,0,0
12.563483120399916,0.9580340296080792,1,46103.07485818869,5.069129808827321,86.27841972698164,22,1,1
11.089261336380236,3.1492411983224105,1,36812.76358152433,6.188093352416267,49.54031235643404,0,2,1
15.29616071847237,3.118944322095502,1,103901.96396144034,4.157160312041817,110.7311491402161,12,1,2
12.464398466705434,3.0329488846521153,1,42785.57126162927,6.543156264292881,53.747410406726985,22,1,1
40.867911492416674,1.2192327191889256,1,3680.8213143180315,1.499359679530915,90.88435734207852,13,0,0
35.00002658961293,1.3266633671060823,1,3507.838967220803,7.933468689849432,96.96626847677383,13,0,0
18.501905161827732,0.26851072728224473,1,52706.56337005066,1.781159866000152,86.74407505032053,26,0,1
44.85357506771523,3.102753859675786,1,37192.24459624886,7.756213120443643,102.59357041694741,0,1,1
11.029862897613647,2.9895495113497126,1,34777.40261349992,9.02978789184063,50.31546437931939,11,1,1
16.031168371032148,0.9620107199265532,1,66611.20910356936,5.244408010623535,85.7101420256807,12,1,1
16.008069522541152,0.8215755840158439,1,70733.35731789908,4.780982439702791,86.05030851373475,12,1,1
42.653524152763026,2.370953724089893,1,70691.62895625815,7.641052362566485,95.13611454067771,14,0,0
25.278879044665217,0.6986544286516638,1,3680.8213143180315,6.685648953830218,91.95114866042553,12,1,0
25.50015239763161,1.164858378950639,1,5101.378846892028,4.189851383858529,105.82005815576474,5,1,0
29.59497269195092,0.21971003980691683,1,3680.8213143180315,7.4737374517370165,95.13159843621587,3,0,0
15.964063544835913,3.1467217970000236,1,14211.796531035283,5.305515016420023,93.34046051550175,12,1,1
49.14991537644887,2.7578008408305217,1,58783.4392871179,7.29989249002065,57.93087324725412,24,1,0
28.69138724053896,3.3083746014644317,1,3375.4240988856473,1.8183753091749841,104.40121685536107,5,0,0
15.9371880857202,0.9171907089779443,1,44792.71377067613,6.640268319254749,83.50083855322703,12,1,1
23.191378764943938,0.1784013938679807,1,14782.13658051292,0.6186541815637414,49.94917939247843,30,0,2
25.505272044429148,0.21971003980691683,0,45507.529350768804,1.8967087805444378,105.38254313019365,5,0,0
22.921453850328266,0.9002124550711429,1,14602.543917897601,8.081890327470537,48.70377137234843,12,0,2
44.479754800186434,3.481579292982128,1,37192.24459624886,7.372128249225835,102.59357041694741,0,1,1
17.114809317599967,3.174540832944256,1,78451.84038664761,6.056220201980799,48.20242940769859,31,1,1
16.00842191824375,1.1088766502231924,1,45567.83050062241,4.743567111383129,86.05102975156511,20,1,1
