bandwidth,cruise_speed,firm_obstacle,illuminance,obstacle_distance,obstacle_size,power,quality,smoke_intensity
15.995867614553397,2.0181450759862027,0,115118.61147232761,5.085378639679186,47.06723607467796,42,0,1
15.995867614553397,2.0181450759862027,0,115118.61147232761,5.085378639679186,47.06723607467796,87,0,1
15.995867614553397,2.0181450759862027,0,115118.61147232761,5.085378639679186,47.06723607467796,97,0,1
15.995867614553397,2.0181450759862027,0,115118.61147232761,5.085378639679186,47.06723607467796,28,0,1
15.995867614553397,2.0181450759862027,0,115118.61147232761,5.085378639679186,47.06723607467796,11,0,1
15.995867614553397,2.0181450759862027,0,115118.61147232761,5.085378639679186,47.06723607467796,60,0,1
15.995867614553397,2.0181450759862027,0,115118.61147232761,5.085378639679186,47.06723607467796,67,0,1
15.995867614553397,2.0181450759862027,0,115118.61147232761,5.085378639679186,47.06723607467796,78,0,1
15.995867614553397,2.0181450759862027,0,115118.61147232761,5.085378639679186,47.06723607467796,64,0,1
15.995867614553397,2.0181450759862027,0,115118.61147232761,5.085378639679186,47.06723607467796,72,0,1
15.995867614553397,2.0181450759862027,0,115118.61147232761,5.085378639679186,47.06723607467796,92,0,1
15.995867614553397,2.0181450759862027,0,115118.61147232761,5.085378639679186,47.06723607467796,92,0,1
15.995867614553397,2.0181450759862027,0,115118.61147232761,5.085378639679186,47.06723607467796,93,0,1
15.995867614553397,2.0181450759862027,0,115118.61147232761,5.085378639679186,47.06723607467796,86,0,1
15.995867614553397,2.0181450759862027,0,115118.61147232761,5.085378639679186,47.06723607467796,72,0,1
15.995867614553397,2.0181450759862027,0,115118.61147232761,5.085378639679186,47.06723607467796,92,0,1
15.995867614553397,2.0181450759862027,0,115118.61147232761,5.085378639679186,47.06723607467796,1,0,1
15.995867614553397,2.0181450759862027,0,115118.61147232761,5.085378639679186,47.06723607467796,2,0,1
15.995867614553397,2.0181450759862027,0,115118.61147232761,5.085378639679186,47.06723607467796,80,0,1
15.995867614553397,2.0181450759862027,0,115118.61147232761,5.085378639679186,47.06723607467796,44,0,1
15.995867614553397,2.0181450759862027,0,115118.61147232761,5.085378639679186,47.06723607467796,75,0,1
15.995867614553397,2.0181450759862027,0,115118.61147232761,5.085378639679186,47.06723607467796,48,0,1
15.995867614553397,2.0181450759862027,0,115118.61147232761,5.085378639679186,47.06723607467796,91,0,1
15.995867614553397,2.0181450759862027,0,115118.61147232761,5.085378639679186,47.06723607467796,6,0,1
15.995867614553397,2.0181450759862027,0,115118.61147232761,5.085378639679186,47.06723607467796,68,0,1
15.995867614553397,2.0181450759862027,0,115118.61147232761,5.085378639679186,47.06723607467796,0,0,1
15.995867614553397,2.0181450759862027,0,115118.61147232761,5.085378639679186,47.06723607467796,14,0,1
15.995867614553397,2.0181450759862027,0,115118.61147232761,5.085378639679186,47.06723607467796,83,0,1
15.995867614553397,2.0181450759862027,0,115118.61147232761,5.085378639679186,47.06723607467796,29,0,1
15.995867614553397,2.0181450759862027,0,115118.61147232761,5.085378639679186,47.06723607467796,99,0,1
43.76803677312423,3.923049263363398,0,16083.941539153875,6.362631836182183,44.143645091117264,46,0,1
43.76803677312423,1.5780174498913657,0,16083.941539153875,6.362631836182183,44.143645091117264,46,0,1
43.76803677312423,3.526668522947269,0,16083.941539153875,6.362631836182183,44.143645091117264,46,0,1
43.76803677312423,1.4959053659912336,0,16083.941539153875,6.362631836182183,44.143645091117264,46,0,1
43.76803677312423,3.7037424143787434,0,16083.941539153875,6.362631836182183,44.143645091117264,46,0,1
43.76803677312423,1.398736098741435,0,16083.941539153875,6.362631836182183,44.143645091117264,46,0,1
43.76803677312423,3.9129545766406575,0,16083.941539153875,6.362631836182183,44.143645091117264,46,0,1
43.76803677312423,4.938703734472884,0,16083.941539153875,6.362631836182183,44.143645091117264,46,0,1
43.76803677312423,4.931192746401193,0,16083.941539153875,6.362631836182183,44.143645091117264,46,0,1
43.76803677312423,4.414312834983379,0,16083.941539153875,6.362631836182183,44.143645091117264,46,0,1
43.76803677312423,4.56405025891959,0,16083.941539153875,6.362631836182183,44.143645091117264,46,0,1
43.76803677312423,3.5410345705158623,0,16083.941539153875,6.362631836182183,44.143645091117264,46,0,1
43.76803677312423,2.7724843863175437,0,16083.941539153875,6.362631836182183,44.143645091117264,46,0,1
43.76803677312423,4.616191040351103,0,16083.941539153875,6.362631836182183,44.143645091117264,46,0,1
43.76803677312423,0.44865389927156274,0,16083.941539153875,6.362631836182183,44.143645091117264,46,0,1
43.76803677312423,1.8506577257000374,0,16083.941539153875,6.362631836182183,44.143645091117264,46,0,1
43.76803677312423,3.0296947175463145,0,16083.941539153875,6.362631836182183,44.143645091117264,46,0,1
43.76803677312423,2.388649484593428,0,16083.941539153875,6.362631836182183,44.143645091117264,46,0,1
43.76803677312423,3.9642894024861413,0,16083.941539153875,6.362631836182183,44.143645091117264,46,0,1
43.76803677312423,0.9754319673952327,0,16083.941539153875,6.362631836182183,44.143645091117264,46,0,1
43.76803677312423,0.3112674870833171,0,16083.941539153875,6.362631836182183,44.143645091117264,46,0,1
43.76803677312423,0.6325920361995913,0,16083.941539153875,6.362631836182183,44.143645091117264,46,0,1
43.76803677312423,4.813907924585814,0,16083.941539153875,6.362631836182183,44.143645091117264,46,0,1
43.76803677312423,0.6638726861471522,0,16083.941539153875,6.362631836182183,44.143645091117264,46,0,1
43.76803677312423,1.1304916368158568,0,16083.941539153875,6.362631836182183,44.143645091117264,46,0,1
43.76803677312423,1.8852818547810934,0,16083.941539153875,6.362631836182183,44.143645091117264,46,0,1
43.76803677312423,3.1171082067039797,0,16083.941539153875,6.362631836182183,44.143645091117264,46,0,1
43.76803677312423,3.9104806533465135,0,16083.941539153875,6.362631836182183,44.143645091117264,46,0,1
43.76803677312423,0.39324446884640596,0,16083.941539153875,6.362631836182183,44.143645091117264,46,0,1
43.76803677312423,4.656187265715176,0,16083.941539153875,6.362631836182183,44.143645091117264,46,0,1
40.51166897395146,0.10973866529198906,1,64764.55938490368,1.6372297101107192,24.49340306903307,65,1,2
22.838564708972264,0.10973866529198906,1,64764.55938490368,1.6372297101107192,24.49340306903307,65,1,2
17.573280777129238,0.10973866529198906,1,64764.55938490368,1.6372297101107192,24.49340306903307,65,1,2
33.83811551148133,0.10973866529198906,1,64764.55938490368,1.6372297101107192,24.49340306903307,65,1,2
33.78756907045958,0.10973866529198906,1,64764.55938490368,1.6372297101107192,24.49340306903307,65,1,2
20.69873435321917,0.10973866529198906,1,64764.55938490368,1.6372297101107192,24.49340306903307,65,1,2
16.77571252225357,0.10973866529198906,1,64764.55938490368,1.6372297101107192,24.49340306903307,65,1,2
40.65869029920632,0.10973866529198906,1,64764.55938490368,1.6372297101107192,24.49340306903307,65,1,2
36.90701010322883,0.10973866529198906,1,64764.55938490368,1.6372297101107192,24.49340306903307,65,1,2
42.009974029303244,0.10973866529198906,1,64764.55938490368,1.6372297101107192,24.49340306903307,65,1,2
18.783067657990536,0.10973866529198906,1,64764.55938490368,1.6372297101107192,24.49340306903307,65,1,2
38.92834118192419,0.10973866529198906,1,64764.55938490368,1.6372297101107192,24.49340306903307,65,1,2
12.984188516193985,0.10973866529198906,1,64764.55938490368,1.6372297101107192,24.49340306903307,65,1,2
10.293519778374446,0.10973866529198906,1,64764.55938490368,1.6372297101107192,24.49340306903307,65,1,2
17.177381027603747,0.10973866529198906,1,64764.55938490368,1.6372297101107192,24.49340306903307,65,1,2
41.28170688242818,0.10973866529198906,1,64764.55938490368,1.6372297101107192,24.49340306903307,65,1,2
31.602778548978705,0.10973866529198906,1,64764.55938490368,1.6372297101107192,24.49340306903307,65,1,2
34.66820033864627,0.10973866529198906,1,64764.55938490368,1.6372297101107192,24.49340306903307,65,1,2
33.70104942712817,0.10973866529198906,1,64764.55938490368,1.6372297101107192,24.49340306903307,65,1,2
35.43532517953476,0.10973866529198906,1,64764.55938490368,1.6372297101107192,24.49340306903307,65,1,2
22.916231782039766,0.10973866529198906,1,64764.55938490368,1.6372297101107192,24.49340306903307,65,1,2
38.824133276529686,0.10973866529198906,1,64764.55938490368,1.6372297101107192,24.49340306903307,65,1,2
10.586660934052986,0.10973866529198906,1,64764.55938490368,1.6372297101107192,24.49340306903307,65,1,2
25.088792146130736,0.10973866529198906,1,64764.55938490368,1.6372297101107192,24.49340306903307,65,1,2
12.186556029062805,0.10973866529198906,1,64764.55938490368,1.6372297101107192,24.49340306903307,65,1,2
15.032902985007413,0.10973866529198906,1,64764.55938490368,1.6372297101107192,24.49340306903307,65,1,2
46.18351078836132,0.10973866529198906,1,64764.55938490368,1.6372297101107192,24.49340306903307,65,1,2
34.10180100533948,0.10973866529198906,1,64764.55938490368,1.6372297101107192,24.49340306903307,65,1,2
41.63723818969776,0.10973866529198906,1,64764.55938490368,1.6372297101107192,24.49340306903307,65,1,2
34.22878772540348,0.10973866529198906,1,64764.55938490368,1.6372297101107192,24.49340306903307,65,1,2
25.664132404140382,3.9621949931260425,1,9874.445110212671,8.196659516175234,66.94258076096462,2,2,1
25.664132404140382,3.9621949931260425,1,9874.445110212671,8.196659516175234,66.94258076096462,2,1,1
25.664132404140382,3.9621949931260425,1,9874.445110212671,8.196659516175234,66.94258076096462,2,0,1
25.664132404140382,3.9621949931260425,1,9874.445110212671,8.196659516175234,66.94258076096462,2,2,1
25.664132404140382,3.9621949931260425,1,9874.445110212671,8.196659516175234,66.94258076096462,2,1,1
25.664132404140382,3.9621949931260425,1,9874.445110212671,8.196659516175234,66.94258076096462,2,1,1
25.664132404140382,3.9621949931260425,1,9874.445110212671,8.196659516175234,66.94258076096462,2,0,1
25.664132404140382,3.9621949931260425,1,9874.445110212671,8.196659516175234,66.94258076096462,2,1,1
25.664132404140382,3.9621949931260425,1,9874.445110212671,8.196659516175234,66.94258076096462,2,2,1
25.664132404140382,3.9621949931260425,1,9874.445110212671,8.196659516175234,66.94258076096462,2,1,1
25.664132404140382,3.9621949931260425,1,9874.445110212671,8.196659516175234,66.94258076096462,2,1,1
25.664132404140382,3.9621949931260425,1,9874.445110212671,8.196659516175234,66.94258076096462,2,1,1
25.664132404140382,3.9621949931260425,1,9874.445110212671,8.196659516175234,66.94258076096462,2,0,1
25.664132404140382,3.9621949931260425,1,9874.445110212671,8.196659516175234,66.94258076096462,2,1,1
25.664132404140382,3.9621949931260425,1,9874.445110212671,8.196659516175234,66.94258076096462,2,2,1
25.664132404140382,3.9621949931260425,1,9874.445110212671,8.196659516175234,66.94258076096462,2,2,1
25.664132404140382,3.9621949931260425,1,9874.445110212671,8.196659516175234,66.94258076096462,2,0,1
25.664132404140382,3.9621949931260425,1,9874.445110212671,8.196659516175234,66.94258076096462,2,1,1
25.664132404140382,3.9621949931260425,1,9874.445110212671,8.196659516175234,66.94258076096462,2,0,1
25.664132404140382,3.9621949931260425,1,9874.445110212671,8.196659516175234,66.94258076096462,2,1,1
25.664132404140382,3.9621949931260425,1,9874.445110212671,8.196659516175234,66.94258076096462,2,2,1
25.664132404140382,3.9621949931260425,1,9874.445110212671,8.196659516175234,66.94258076096462,2,1,1
25.664132404140382,3.9621949931260425,1,9874.445110212671,8.196659516175234,66.94258076096462,2,1,1
25.664132404140382,3.9621949931260425,1,9874.445110212671,8.196659516175234,66.94258076096462,2,2,1
25.664132404140382,3.9621949931260425,1,9874.445110212671,8.196659516175234,66.94258076096462,2,2,1
25.664132404140382,3.9621949931260425,1,9874.445110212671,8.196659516175234,66.94258076096462,2,2,1
25.664132404140382,3.9621949931260425,1,9874.445110212671,8.196659516175234,66.94258076096462,2,2,1
25.664132404140382,3.9621949931260425,1,9874.445110212671,8.196659516175234,66.94258076096462,2,0,1
25.664132404140382,3.9621949931260425,1,9874.445110212671,8.196659516175234,66.94258076096462,2,0,1
25.664132404140382,3.9621949931260425,1,9874.445110212671,8.196659516175234,66.94258076096462,2,2,1
18.489812527071518,2.4653172027504673,1,107606.62933127735,6.735621908608243,83.08958889600427,7,1,1
18.489812527071518,2.4653172027504673,1,39750.44653774956,6.735621908608243,83.08958889600427,7,1,1
18.489812527071518,2.4653172027504673,1,87962.24042165943,6.735621908608243,83.08958889600427,7,1,1
18.489812527071518,2.4653172027504673,1,101441.68739650761,6.735621908608243,83.08958889600427,7,1,1
18.489812527071518,2.4653172027504673,1,59876.96029148413,6.735621908608243,83.08958889600427,7,1,1
18.489812527071518,2.4653172027504673,1,15524.981838486781,6.735621908608243,83.08958889600427,7,1,1
18.489812527071518,2.4653172027504673,1,87785.90440555984,6.735621908608243,83.08958889600427,7,1,1
18.489812527071518,2.4653172027504673,1,100649.04666969305,6.735621908608243,83.08958889600427,7,1,1
18.489812527071518,2.4653172027504673,1,37411.58387767984,6.735621908608243,83.08958889600427,7,1,1
18.489812527071518,2.4653172027504673,1,26257.69755717802,6.735621908608243,83.08958889600427,7,1,1
18.489812527071518,2.4653172027504673,1,92008.68812017214,6.735621908608243,83.08958889600427,7,1,1
18.489812527071518,2.4653172027504673,1,61960.13518671003,6.735621908608243,83.08958889600427,7,1,1
18.489812527071518,2.4653172027504673,1,1841.7411637300481,6.735621908608243,83.08958889600427,7,1,1
18.489812527071518,2.4653172027504673,1,23508.91787080103,6.735621908608243,83.08958889600427,7,1,1
18.489812527071518,2.4653172027504673,1,26112.331092408742,6.735621908608243,83.08958889600427,7,1,1
18.489812527071518,2.4653172027504673,1,69811.01605111835,6.735621908608243,83.08958889600427,7,1,1
18.489812527071518,2.4653172027504673,1,67101.54762658525,6.735621908608243,83.08958889600427,7,1,1
18.489812527071518,2.4653172027504673,1,62065.716912143755,6.735621908608243,83.08958889600427,7,1,1
18.489812527071518,2.4653172027504673,1,40952.64774135301,6.735621908608243,83.08958889600427,7,1,1
18.489812527071518,2.4653172027504673,1,47111.30746398807,6.735621908608243,83.08958889600427,7,1,1
18.489812527071518,2.4653172027504673,1,60068.143208327754,6.735621908608243,83.08958889600427,7,1,1
18.489812527071518,2.4653172027504673,1,68279.76669890371,6.735621908608243,83.08958889600427,7,1,1
18.489812527071518,2.4653172027504673,1,67821.44988394577,6.735621908608243,83.08958889600427,7,1,1
18.489812527071518,2.4653172027504673,1,85865.62409594578,6.735621908608243,83.08958889600427,7,1,1
18.489812527071518,2.4653172027504673,1,119301.69619915844,6.735621908608243,83.08958889600427,7,1,1
18.489812527071518,2.4653172027504673,1,89868.76675603981,6.735621908608243,83.08958889600427,7,1,1
18.489812527071518,2.4653172027504673,1,58886.5381379918,6.735621908608243,83.08958889600427,7,1,1
18.489812527071518,2.4653172027504673,1,117242.80542575724,6.735621908608243,83.08958889600427,7,1,1
18.489812527071518,2.4653172027504673,1,15047.410513135108,6.735621908608243,83.08958889600427,7,1,1
18.489812527071518,2.4653172027504673,1,114324.0766072559,6.735621908608243,83.08958889600427,7,1,1
10.459175241918821,3.4583411636167867,0,98321.87615974907,2.7562678432085805,77.97554138612799,73,0,0
10.459175241918821,3.4583411636167867,0,98321.87615974907,2.7562678432085805,77.97554138612799,73,0,1
10.459175241918821,3.4583411636167867,0,98321.87615974907,2.7562678432085805,77.97554138612799,73,0,2
10.459175241918821,3.4583411636167867,0,98321.87615974907,2.7562678432085805,77.97554138612799,73,0,1
10.459175241918821,3.4583411636167867,0,98321.87615974907,2.7562678432085805,77.97554138612799,73,0,0
10.459175241918821,3.4583411636167867,0,98321.87615974907,2.7562678432085805,77.97554138612799,73,0,2
10.459175241918821,3.4583411636167867,0,98321.87615974907,2.7562678432085805,77.97554138612799,73,0,0
10.459175241918821,3.4583411636167867,0,98321.87615974907,2.7562678432085805,77.97554138612799,73,0,1
10.459175241918821,3.4583411636167867,0,98321.87615974907,2.7562678432085805,77.97554138612799,73,0,1
10.459175241918821,3.4583411636167867,0,98321.87615974907,2.7562678432085805,77.97554138612799,73,0,2
10.459175241918821,3.4583411636167867,0,98321.87615974907,2.7562678432085805,77.97554138612799,73,0,0
10.459175241918821,3.4583411636167867,0,98321.87615974907,2.7562678432085805,77.97554138612799,73,0,1
10.459175241918821,3.4583411636167867,0,98321.87615974907,2.7562678432085805,77.97554138612799,73,0,1
10.459175241918821,3.4583411636167867,0,98321.87615974907,2.7562678432085805,77.97554138612799,73,0,1
10.459175241918821,3.4583411636167867,0,98321.87615974907,2.7562678432085805,77.97554138612799,73,0,2
10.459175241918821,3.4583411636167867,0,98321.87615974907,2.7562678432085805,77.97554138612799,73,0,1
10.459175241918821,3.4583411636167867,0,98321.87615974907,2.7562678432085805,77.97554138612799,73,0,1
10.459175241918821,3.4583411636167867,0,98321.87615974907,2.7562678432085805,77.97554138612799,73,0,0
10.459175241918821,3.4583411636167867,0,98321.87615974907,2.7562678432085805,77.97554138612799,73,0,2
10.459175241918821,3.4583411636167867,0,98321.87615974907,2.7562678432085805,77.97554138612799,73,0,2
10.459175241918821,3.4583411636167867,0,98321.87615974907,2.7562678432085805,77.97554138612799,73,0,1
10.459175241918821,3.4583411636167867,0,98321.87615974907,2.7562678432085805,77.97554138612799,73,0,0
10.459175241918821,3.4583411636167867,0,98321.87615974907,2.7562678432085805,77.97554138612799,73,0,1
10.459175241918821,3.4583411636167867,0,98321.87615974907,2.7562678432085805,77.97554138612799,73,0,0
10.459175241918821,3.4583411636167867,0,98321.87615974907,2.7562678432085805,77.97554138612799,73,0,2
10.459175241918821,3.4583411636167867,0,98321.87615974907,2.7562678432085805,77.97554138612799,73,0,0
10.459175241918821,3.4583411636167867,0,98321.87615974907,2.7562678432085805,77.97554138612799,73,0,1
10.459175241918821,3.4583411636167867,0,98321.87615974907,2.7562678432085805,77.97554138612799,73,0,2
10.459175241918821,3.4583411636167867,0,98321.87615974907,2.7562678432085805,77.97554138612799,73,0,0
10.459175241918821,3.4583411636167867,0,98321.87615974907,2.7562678432085805,77.97554138612799,73,0,1
36.452611881154965,0.6812630945405468,0,104326.00414084764,8.233743676378044,4.2025655429728825,4,2,1
36.452611881154965,0.6812630945405468,0,104326.00414084764,8.233743676378044,23.730930395370798,4,2,1
36.452611881154965,0.6812630945405468,0,104326.00414084764,8.233743676378044,67.62369067149957,4,2,1
36.452611881154965,0.6812630945405468,0,104326.00414084764,8.233743676378044,7.30532685188797,4,2,1
36.452611881154965,0.6812630945405468,0,104326.00414084764,8.233743676378044,37.93086410310545,4,2,1
36.452611881154965,0.6812630945405468,0,104326.00414084764,8.233743676378044,25.38212887525555,4,2,1
36.452611881154965,0.6812630945405468,0,104326.00414084764,8.233743676378044,82.74201138746616,4,2,1
36.452611881154965,0.6812630945405468,0,104326.00414084764,8.233743676378044,17.406078198536754,4,2,1
36.452611881154965,0.6812630945405468,0,104326.00414084764,8.233743676378044,44.448692326352294,4,2,1
36.452611881154965,0.6812630945405468,0,104326.00414084764,8.233743676378044,53.93306363202491,4,2,1
36.452611881154965,0.6812630945405468,0,104326.00414084764,8.233743676378044,108.17394418499444,4,2,1
36.452611881154965,0.6812630945405468,0,104326.00414084764,8.233743676378044,48.48071924870569,4,2,1
36.452611881154965,0.6812630945405468,0,104326.00414084764,8.233743676378044,16.318748442327994,4,2,1
36.452611881154965,0.6812630945405468,0,104326.00414084764,8.233743676378044,50.5838150413374,4,2,1
36.452611881154965,0.6812630945405468,0,104326.00414084764,8.233743676378044,44.5757381147073,4,2,1
36.452611881154965,0.6812630945405468,0,104326.00414084764,8.233743676378044,68.12213943668723,4,2,1
36.452611881154965,0.6812630945405468,0,104326.00414084764,8.233743676378044,14.999745222656538,4,2,1
36.452611881154965,0.6812630945405468,0,104326.00414084764,8.233743676378044,50.677902766276205,4,2,1
36.452611881154965,0.6812630945405468,0,104326.00414084764,8.233743676378044,78.48671375537994,4,2,1
36.452611881154965,0.6812630945405468,0,104326.00414084764,8.233743676378044,49.21345813059038,4,2,1
36.452611881154965,0.6812630945405468,0,104326.00414084764,8.233743676378044,113.55183536783312,4,2,1
36.452611881154965,0.6812630945405468,0,104326.00414084764,8.233743676378044,43.6429761284317,4,2,1
36.452611881154965,0.6812630945405468,0,104326.00414084764,8.233743676378044,104.75314869004379,4,2,1
36.452611881154965,0.6812630945405468,0,104326.00414084764,8.233743676378044,39.994297939355164,4,2,1
36.452611881154965,0.6812630945405468,0,104326.00414084764,8.233743676378044,47.97514170132289,4,2,1
36.452611881154965,0.6812630945405468,0,104326.00414084764,8.233743676378044,84.59459125771278,4,2,1
36.452611881154965,0.6812630945405468,0,104326.00414084764,8.233743676378044,64.65657407950543,4,2,1
36.452611881154965,0.6812630945405468,0,104326.00414084764,8.233743676378044,111.80488142735749,4,2,1
36.452611881154965,0.6812630945405468,0,104326.00414084764,8.233743676378044,106.29680233208265,4,2,1
36.452611881154965,0.6812630945405468,0,104326.00414084764,8.233743676378044,34.14545028860093,4,2,1
37.15039783999799,3.981288725528835,1,34703.958462426526,3.231573218303355,84.64558252434058,79,2,2
37.15039783999799,3.981288725528835,1,34703.958462426526,6.45201217000673,84.64558252434058,79,2,2
37.15039783999799,3.981288725528835,1,34703.958462426526,7.927558687506667,84.64558252434058,79,2,2
37.15039783999799,3.981288725528835,1,34703.958462426526,1.1191685565568066,84.64558252434058,79,2,2
37.15039783999799,3.981288725528835,1,34703.958462426526,9.06146472500378,84.64558252434058,79,2,2
37.15039783999799,3.981288725528835,1,34703.958462426526,3.544476818960054,84.64558252434058,79,2,2
37.15039783999799,3.981288725528835,1,34703.958462426526,1.431670558511936,84.64558252434058,79,2,2
37.15039783999799,3.981288725528835,1,34703.958462426526,2.6530038443886363,84.64558252434058,79,2,2
37.15039783999799,3.981288725528835,1,34703.958462426526,7.983896796032456,84.64558252434058,79,2,2
37.15039783999799,3.981288725528835,1,34703.958462426526,2.5590415967250624,84.64558252434058,79,2,2
37.15039783999799,3.981288725528835,1,34703.958462426526,1.1758582345965507,84.64558252434058,79,2,2
37.15039783999799,3.981288725528835,1,34703.958462426526,5.971213734353549,84.64558252434058,79,2,2
37.15039783999799,3.981288725528835,1,34703.958462426526,9.127900712690296,84.64558252434058,79,2,2
37.15039783999799,3.981288725528835,1,34703.958462426526,3.132856871420473,84.64558252434058,79,2,2
37.15039783999799,3.981288725528835,1,34703.958462426526,5.106672299595946,84.64558252434058,79,2,2
37.15039783999799,3.981288725528835,1,34703.958462426526,3.8883178183448717,84.64558252434058,79,2,2
37.15039783999799,3.981288725528835,1,34703.958462426526,9.423180292122998,84.64558252434058,79,2,2
37.15039783999799,3.981288725528835,1,34703.958462426526,8.636183421087612,84.64558252434058,79,2,2
37.15039783999799,3.981288725528835,1,34703.958462426526,4.8806949864237055,84.64558252434058,79,2,2
37.15039783999799,3.981288725528835,1,34703.958462426526,9.791453460267002,84.64558252434058,79,2,2
37.15039783999799,3.981288725528835,1,34703.958462426526,2.2298212452378907,84.64558252434058,79,2,2
37.15039783999799,3.981288725528835,1,34703.958462426526,4.176046979485473,84.64558252434058,79,2,2
37.15039783999799,3.981288725528835,1,34703.958462426526,5.643077899424011,84.64558252434058,79,2,2
37.15039783999799,3.981288725528835,1,34703.958462426526,7.699030209003926,84.64558252434058,79,2,2
37.15039783999799,3.981288725528835,1,34703.958462426526,7.0396877373660605,84.64558252434058,79,2,2
37.15039783999799,3.981288725528835,1,34703.958462426526,4.179504195680064,84.64558252434058,79,2,2
37.15039783999799,3.981288725528835,1,34703.958462426526,9.383344000975859,84.64558252434058,79,2,2
37.15039783999799,3.981288725528835,1,34703.958462426526,9.818016241896178,84.64558252434058,79,2,2
37.15039783999799,3.981288725528835,1,34703.958462426526,8.512309687556726,84.64558252434058,79,2,2
37.15039783999799,3.981288725528835,1,34703.958462426526,4.545134328193862,84.64558252434058,79,2,2
14.336107755138796,1.1511255700520455,0,68103.70434241835,8.73590021885642,62.99340263037176,70,2,0
14.336107755138796,1.1511255700520455,1,68103.70434241835,8.73590021885642,62.99340263037176,70,2,0
14.336107755138796,1.1511255700520455,1,68103.70434241835,8.73590021885642,62.99340263037176,70,2,0
14.336107755138796,1.1511255700520455,0,68103.70434241835,8.73590021885642,62.99340263037176,70,2,0
14.336107755138796,1.1511255700520455,1,68103.70434241835,8.73590021885642,62.99340263037176,70,2,0
14.336107755138796,1.1511255700520455,0,68103.70434241835,8.73590021885642,62.99340263037176,70,2,0
14.336107755138796,1.1511255700520455,0,68103.70434241835,8.73590021885642,62.99340263037176,70,2,0
14.336107755138796,1.1511255700520455,0,68103.70434241835,8.73590021885642,62.99340263037176,70,2,0
14.336107755138796,1.1511255700520455,0,68103.70434241835,8.73590021885642,62.99340263037176,70,2,0
14.336107755138796,1.1511255700520455,1,68103.70434241835,8.73590021885642,62.99340263037176,70,2,0
14.336107755138796,1.1511255700520455,0,68103.70434241835,8.73590021885642,62.99340263037176,70,2,0
14.336107755138796,1.1511255700520455,1,68103.70434241835,8.73590021885642,62.99340263037176,70,2,0
14.336107755138796,1.1511255700520455,0,68103.70434241835,8.73590021885642,62.99340263037176,70,2,0
14.336107755138796,1.1511255700520455,0,68103.70434241835,8.73590021885642,62.99340263037176,70,2,0
14.336107755138796,1.1511255700520455,1,68103.70434241835,8.73590021885642,62.99340263037176,70,2,0
14.336107755138796,1.1511255700520455,1,68103.70434241835,8.73590021885642,62.99340263037176,70,2,0
14.336107755138796,1.1511255700520455,0,68103.70434241835,8.73590021885642,62.99340263037176,70,2,0
14.336107755138796,1.1511255700520455,0,68103.70434241835,8.73590021885642,62.99340263037176,70,2,0
14.336107755138796,1.1511255700520455,0,68103.70434241835,8.73590021885642,62.99340263037176,70,2,0
14.336107755138796,1.1511255700520455,1,68103.70434241835,8.73590021885642,62.99340263037176,70,2,0
14.336107755138796,1.1511255700520455,1,68103.70434241835,8.73590021885642,62.99340263037176,70,2,0
14.336107755138796,1.1511255700520455,0,68103.70434241835,8.73590021885642,62.99340263037176,70,2,0
14.336107755138796,1.1511255700520455,0,68103.70434241835,8.73590021885642,62.99340263037176,70,2,0
14.336107755138796,1.1511255700520455,1,68103.70434241835,8.73590021885642,62.99340263037176,70,2,0
14.336107755138796,1.1511255700520455,0,68103.70434241835,8.73590021885642,62.99340263037176,70,2,0
14.336107755138796,1.1511255700520455,1,68103.70434241835,8.73590021885642,62.99340263037176,70,2,0
14.336107755138796,1.1511255700520455,0,68103.70434241835,8.73590021885642,62.99340263037176,70,2,0
14.336107755138796,1.1511255700520455,1,68103.70434241835,8.73590021885642,62.99340263037176,70,2,0
14.336107755138796,1.1511255700520455,1,68103.70434241835,8.73590021885642,62.99340263037176,70,2,0
14.336107755138796,1.1511255700520455,1,68103.70434241835,8.73590021885642,62.99340263037176,70,2,0
40.51166897395146,3.923049263363398,0,107606.62933127735,3.231573218303355,4.2025655429728825,42,2,0
22.838564708972264,1.5780174498913657,1,39750.44653774956,6.45201217000673,23.730930395370798,87,1,1
17.573280777129238,3.526668522947269,1,87962.24042165943,7.927558687506667,67.62369067149957,97,0,2
33.83811551148133,1.4959053659912336,0,101441.68739650761,1.1191685565568066,7.30532685188797,28,2,1
33.78756907045958,3.7037424143787434,1,59876.96029148413,9.06146472500378,37.93086410310545,11,1,0
20.69873435321917,1.398736098741435,0,15524.981838486781,3.544476818960054,25.38212887525555,60,1,2
16.77571252225357,3.9129545766406575,0,87785.90440555984,1.431670558511936,82.74201138746616,67,0,0
40.65869029920632,4.938703734472884,0,100649.04666969305,2.6530038443886363,17.406078198536754,78,1,1
36.90701010322883,4.931192746401193,0,37411.58387767984,7.983896796032456,44.448692326352294,64,2,1
42.009974029303244,4.414312834983379,1,26257.69755717802,2.5590415967250624,53.93306363202491,72,1,2
18.783067657990536,4.56405025891959,0,92008.68812017214,1.1758582345965507,108.17394418499444,92,1,0
38.92834118192419,3.5410345705158623,1,61960.13518671003,5.971213734353549,48.48071924870569,92,1,1
12.984188516193985,2.7724843863175437,0,1841.7411637300481,9.127900712690296,16.318748442327994,93,0,1
10.293519778374446,4.616191040351103,0,23508.91787080103,3.132856871420473,50.5838150413374,86,1,1
17.177381027603747,0.44865389927156274,1,26112.331092408742,5.106672299595946,44.5757381147073,72,2,2
41.28170688242818,1.8506577257000374,1,69811.01605111835,3.8883178183448717,68.12213943668723,92,2,1
31.602778548978705,3.0296947175463145,0,67101.54762658525,9.423180292122998,14.999745222656538,1,0,1
34.66820033864627,2.388649484593428,0,62065.716912143755,8.636183421087612,50.677902766276205,2,1,0
33.70104942712817,3.9642894024861413,0,40952.64774135301,4.8806949864237055,78.48671375537994,80,0,2
35.43532517953476,0.9754319673952327,1,47111.30746398807,9.791453460267002,49.21345813059038,44,1,2
22.916231782039766,0.3112674870833171,1,60068.143208327754,2.2298212452378907,113.55183536783312,75,2,1
38.824133276529686,0.6325920361995913,0,68279.76669890371,4.176046979485473,43.6429761284317,48,1,0
10.586660934052986,4.813907924585814,0,67821.44988394577,5.643077899424011,104.75314869004379,91,1,1
25.088792146130736,0.6638726861471522,1,85865.62409594578,7.699030209003926,39.994297939355164,6,2,0
12.186556029062805,1.1304916368158568,0,119301.69619915844,7.0396877373660605,47.97514170132289,68,2,2
15.032902985007413,1.8852818547810934,1,89868.76675603981,4.179504195680064,84.59459125771278,0,2,0
46.18351078836132,3.1171082067039797,0,58886.5381379918,9.383344000975859,64.65657407950543,14,2,1
34.10180100533948,3.9104806533465135,1,117242.80542575724,9.818016241896178,111.80488142735749,83,0,2
41.63723818969776,0.39324446884640596,1,15047.410513135108,8.512309687556726,106.29680233208265,29,0,0
34.22878772540348,4.656187265715176,1,114324.0766072559,4.545134328193862,34.14545028860093,99,2,1
34.64297780325652,3.9104806533465135,1,113984.10566216463,9.818016241896178,111.80488142735749,81,0,2
22.20828272780515,3.5410345705158623,1,60055.39252610804,5.9917464407831025,48.48071924870569,95,1,1
16.734266425245202,0.5125545517303054,0,27141.70512002987,4.8806949864237055,44.7928137266894,80,0,2
12.250028678461016,4.9881680567219036,0,37411.58387767984,7.953547038110628,44.448692326352294,68,2,1
40.50812872282825,3.7037424143787434,1,59876.96029148413,3.2909167428407025,37.93086410310545,42,1,0
33.83811551148133,0.9632633808812919,0,47094.329947041304,1.1191685565568066,7.30532685188797,28,2,1
41.50642692184276,0.39324446884640596,1,15047.410513135108,9.266423169696205,66.23996268061691,29,2,0
34.36656099632601,3.0296947175463145,0,67101.54762658525,2.621735765402434,14.999745222656538,8,0,1
12.984188516193985,0.6763849364955783,1,85200.31427693999,9.08795456518129,16.318748442327994,3,0,1
10.586660934052986,4.813907924585814,0,86754.56490837719,5.6373068707528,80.79736432171796,87,1,0
10.311991422225631,4.137886186765046,0,104950.70662240607,4.479531202072542,50.5838150413374,86,1,1
39.065278517882774,3.54775928239227,0,68441.07543920881,4.252818482500329,44.15573808756761,96,0,2
15.42716115570919,2.03518098046865,1,90414.16352116727,2.597974772888353,84.17100815383992,80,1,2
41.53613266937151,1.8539268466422831,1,69811.01605111835,6.44633017316484,67.5968832200569,94,1,1
18.783067657990536,4.555400445003947,0,92008.68812017214,1.1272021652538111,93.49240047360794,90,1,0
31.314693387073106,2.388649484593428,0,66287.84448544616,8.801469728162296,50.677902766276205,4,1,0
39.170695166011456,0.3112674870833171,1,61972.88586892974,2.7594099201934688,113.55183536783312,75,2,1
35.54632542596045,3.901760212726445,1,31922.4961046609,5.106672299595946,78.26963814266753,72,2,2
36.8724700923591,1.1304916368158568,0,105780.61328470465,7.07003749528785,47.97514170132289,68,2,2
33.791109321532204,3.923049263363398,0,107606.62933127735,9.001093397904025,4.2025655429728825,10,2,0
35.43532517953476,1.5080739525055764,1,101458.45620915627,9.791453460267002,49.21345813059038,41,1,2
46.31432201463215,3.1171082067039797,0,58886.5381379918,8.629230511444078,104.7132296780987,14,0,1
40.5367761682615,4.938703734472884,0,100649.04666969305,9.443428606966737,17.406078198536754,78,1,1
26.51055075156031,2.7599852893594763,0,7661.080913769525,7.738976296251589,39.994297939355164,95,2,0
16.77571252225357,4.031883359964542,0,68852.78938110151,1.4374578993796323,113.9034470702477,67,0,1
34.6302537204312,4.615679443324191,1,31338.6387402084,3.1984599975418275,34.14545028860093,99,2,1
17.332244530353393,0.37703683898435814,1,87800.93168132816,7.850786806180135,67.11092871237068,48,1,0
41.61804252333424,4.264334751201193,1,27867.21322081758,4.427978300674553,54.356646733663204,0,2,0
22.584124747856407,1.5747483289491198,1,39750.44653774956,3.893999815170724,24.256192606631743,84,2,1
20.69873435321917,1.4063795919439885,0,15524.981838486781,3.544476818960054,26.723520136218752,60,1,2
22.387868021410057,1.4959053659912336,1,101441.68739650761,1.3293638887088437,11.234753008321952,29,1,1
10.311991422225631,0.32627272275952013,1,104950.70662240607,4.479531202072542,50.756662824130785,86,2,1
17.922652417461315,4.01814454558247,0,69044.86686869757,9.489963721907436,113.9034470702477,67,0,1
46.31432201463215,3.1171082067039797,0,89456.92699817373,8.629230511444078,84.28691927127865,0,0,1
40.50812872282825,3.7037424143787434,1,57995.16371630404,3.548959711745098,39.418135493681106,45,1,2
34.631021377033726,2.03518098046865,0,90414.16352116727,8.58175871656361,50.51102926883949,79,1,0
34.08947389099545,3.0220767277167964,0,66537.49453660323,2.859412097100124,9.039823606520994,8,2,1
30.130381759772035,2.388649484593428,0,66287.84448544616,8.794913511854121,64.80906752917215,4,1,0
41.072840160903766,0.39324446884640596,1,15047.410513135108,9.27134577207119,48.0199381438576,28,2,0
12.984188516193985,0.6763849364955783,1,85200.31427693999,9.08795456518129,16.318748442327994,4,0,1
41.61804252333424,4.264334751201193,1,27867.21322081758,4.335723336232805,54.356646733663204,68,2,0
33.88140963034005,3.6252518082975724,1,59876.96029148413,9.93410060590886,37.93086410310545,11,1,0
35.54632542596045,3.901760212726445,1,31922.4961046609,5.106672299595946,77.33131965439526,72,1,2
33.43991707106676,4.616191040351103,0,44496.05054611171,2.983911475116539,50.35134273805586,83,1,1
10.091970748998651,4.813907924585814,0,86219.8024404784,6.150500703094109,80.79736432171796,88,1,0
33.658530220202266,3.5410345705158623,0,60055.39252610804,5.781715533293014,44.55534044524376,94,2,1
39.170695166011456,4.128175662729784,0,61972.88586892974,2.7594099201934688,105.77452753712443,82,1,1
30.455844692000305,3.043433531417811,0,66909.47013898919,1.346037482450618,9.671218914545952,1,0,1
10.284048977128414,1.8852818547810934,1,59298.3778811505,3.965605390872139,102.73583358694414,14,2,0
21.245904614076853,1.6491242272364788,0,15524.981838486781,3.286433850055659,34.02822418743106,60,1,0
15.464573450629926,2.388649484593428,1,62065.716912143755,2.65216576471858,84.33788164345123,2,1,2
26.492032028630224,0.6715201589548636,1,86429.6771859001,7.461352360740839,39.994297939355164,7,0,0
49.574398138996,3.0943743764391645,0,58886.5381379918,8.439098673311669,50.525409316609476,11,2,1
12.66918323889782,1.1304916368158568,0,119434.85740440075,7.034752951960089,66.19516623808224,68,2,2
16.734266425245202,0.5125545517303054,0,27141.70512002987,5.681733966237929,44.7928137266894,78,0,2
16.77571252225357,3.9129545766406575,0,87785.90440555984,1.431670558511936,82.74201138746616,1,0,0
35.34148461965429,1.0539288271088156,1,47111.30746398807,9.098347515812268,49.21345813059038,44,1,2
42.009974029303244,4.414312834983379,1,26257.69755717802,2.5590415967250624,54.87138212028183,72,2,2
10.980327600235114,0.9632633808812919,0,26107.197278767053,1.1879691474473613,7.544184318288934,23,2,1
44.37802884393792,0.39324446884640596,1,9520.733652302404,8.54411153370142,106.29680233208265,28,0,0
14.51995901496652,1.8852818547810934,1,89868.76675603981,9.095218296963964,84.59459125771278,4,2,0
10.980327600235114,0.9596396930238922,0,24796.572248188695,9.491685855821448,7.544184318288934,12,2,0
15.725496454797465,0.34794368322901836,0,87785.90440555984,2.280020548310828,82.44235269910851,1,0,0
33.89230371315401,0.9632633808812919,0,47094.329947041304,1.1191685565568066,7.30532685188797,28,2,1
36.72042591275784,1.1304916368158568,0,119565.63170362114,7.0396877373660605,58.86728594557289,74,2,2
45.98967575409258,2.362099446442749,1,59876.96029148413,2.6508612322165512,82.89726543054542,3,1,0
35.23860094439439,1.2778800769910097,1,66692.49176212623,9.791453460267002,31.995729091267137,43,1,2
25.25721925022286,0.39324446884640596,1,9520.733652302404,7.643746087686009,41.78665239855884,33,0,0
31.169632229559415,0.5711966055977213,1,66044.16788636129,7.455059673380722,49.919652032327846,4,0,0
10.284048977128414,1.7745991004861645,1,59298.3778811505,3.965605390872139,102.73583358694414,14,2,2
33.797548921452474,3.6280987876768283,0,59876.96029148413,9.93410060590886,45.86491152813148,8,1,0
41.5586493086391,0.5504605334411168,0,13845.703348034927,1.4374578993796323,113.9034470702477,67,0,1
40.99131681227747,0.9277422140801683,1,15047.410513135108,9.27134577207119,81.5087922355632,19,2,0
12.984188516193985,0.6763849364955783,0,85200.31427693999,9.08795456518129,16.318748442327994,3,0,1
17.457337685127513,4.137886186765046,0,29797.91066993659,4.4275627467170295,50.78124339898603,86,1,1
12.984188516193985,0.6763849364955783,1,85200.31427693999,3.602979580382133,16.318748442327994,6,0,1
33.78756907045958,3.7037424143787434,1,59876.96029148413,0.732869948192624,37.93086410310545,22,1,1
41.63723818969776,3.96287788999639,1,15047.410513135108,7.6640201123574245,105.90317277472451,28,0,0
46.31432201463215,2.8700010407033645,0,58886.5381379918,8.629230511444078,104.7132296780987,32,0,1
10.476851920862869,3.0296947175463145,0,67101.54762658525,2.621735765402434,14.999745222656538,3,0,1
16.828809372083064,3.7302924509281374,1,62065.716912143755,3.292221275342731,40.56096815914286,43,1,2
30.65256892714066,3.043433531417811,0,47328.2858408512,1.819987344526721,9.671218914545952,1,0,1
44.16701924298713,0.6638726861471522,1,85865.62409594578,8.599395655010802,104.50058198375397,6,2,0
26.63709318614391,2.4890040761401737,0,86673.3537849447,8.807762413432876,40.75254867330352,7,1,0
12.66918323889782,1.1304916368158568,0,119434.85740440075,7.034752951960089,66.19516623808224,68,2,0
31.686639257866275,3.0268477381670453,1,67101.54762658525,9.423180292122998,14.999745222656538,1,0,1
20.92453035433943,3.8769059780440425,1,70056.70621292412,9.266423169696205,66.23996268061691,29,2,0
16.857493632379306,4.002130558292718,0,89164.96916098552,1.431670558511936,49.25315729059661,67,0,0
10.293519778374446,4.616191040351103,1,12948.366683371936,3.132856871420473,50.5838150413374,86,1,1
42.1183431171879,4.264334751201193,1,102336.23112718159,4.479946756030067,54.159218376014586,0,2,0
25.25721925022286,0.6619920153039366,1,9520.733652302404,7.643746087686009,41.82934940744476,8,0,0
31.584905394517456,0.5711966055977213,1,66124.31964747503,8.95787836800721,37.5866303203794,4,0,0
15.47181638171409,0.4763453512313678,1,110290.74310315649,1.431670558511936,82.18670007149012,1,0,0
41.63723818969776,2.608740390674659,1,15047.410513135108,7.6640201123574245,108.59048050894543,28,0,0
15.854616544410145,2.388649484593428,1,62065.716912143755,2.65216576471858,84.33788164345123,2,2,1
45.78603079113166,4.264334751201193,1,12359.796981343863,4.657829678797743,54.356646733663204,0,2,0
33.476505470317505,3.0268477381670453,1,67101.54762658525,9.423180292122998,14.990640856482017,1,0,1
41.072840160903766,0.39324446884640596,1,15372.798615339663,9.27134577207119,56.18013788823529,27,2,0
31.241668652491576,3.0424855113194638,0,67296.69655541104,8.99903460025675,21.124177333404248,3,0,1
30.253751079750455,3.0157712367031415,0,15047.410513135108,1.4383049322197277,66.23996268061691,29,2,0
16.866430345234104,0.98497377386412,1,89868.76675603981,4.179504195680064,84.70722137025973,13,2,0
12.26676398664098,0.6746158650460592,1,15323.087668298154,9.08795456518129,17.51543315233549,28,0,1
14.51995901496652,1.6197711699597779,1,89868.76675603981,9.095218296963964,84.59459125771278,12,2,0
26.442683938543794,0.6715201589548636,1,59410.91552992137,7.482796108055369,38.03389934187016,14,0,0
12.984188516193985,0.6763849364955783,0,47130.822729824824,9.068489946369677,16.318748442327994,3,0,1
25.088792146130736,0.3951251396910411,1,85865.62409594578,7.699030209003926,39.95160093046925,31,2,0
31.197728751214214,3.39493484773529,1,59796.808530370385,7.537168074434897,47.765243313722465,9,1,0
45.672977940023344,3.6501060416800746,0,575.5006934656412,8.54411153370142,106.85210832979753,28,0,0
45.98967575409258,3.247935406840402,1,59876.96029148413,2.6508612322165512,80.20988845895435,2,1,0
33.44822935864993,0.9632633808812919,0,47094.329947041304,1.1191685565568066,7.30532685188797,28,1,2
11.822146624886324,0.6763849364955783,1,86897.30404543634,8.857770382315763,16.318748442327994,3,0,1
33.78756907045958,3.7037424143787434,1,67494.56635066796,9.394358650680008,37.85534687140776,20,1,0
10.729463876755382,2.5595384044167737,0,66287.84448544616,2.4217941269000938,50.677902766276205,4,1,0
36.56161739558007,0.421543157637956,1,66909.47013898919,9.020598242837615,9.671218914545952,0,0,1
42.4422861581285,1.8280502954251183,1,9027.956859246591,9.27134577207119,81.39616212301627,3,2,0
48.044679471184274,0.5715893354027337,1,84928.26623567438,8.512309687556726,105.09030412568433,5,0,0
46.31432201463215,3.1171082067039797,0,58886.5381379918,8.629230511444078,104.7132296780987,4,0,1
10.502682018726468,1.8852818547810934,1,84573.37441988406,3.944161597813199,104.6922465273141,7,2,0
30.65256892714066,3.043433531417811,0,85397.77734357148,1.8364593476249538,9.671218914545952,3,0,1
15.040513069147456,0.6763849364955783,1,85200.31427693999,9.08795456518129,12.797885704114712,4,0,1
40.51166897395146,3.923049263363398,0,107606.62933127735,3.231573218303355,4.2025655429728825,42,2,0
22.838564708972264,1.5780174498913657,1,39750.44653774956,6.45201217000673,23.730930395370798,87,1,1
17.573280777129238,3.526668522947269,1,87962.24042165943,7.927558687506667,67.62369067149957,97,0,2
33.83811551148133,1.4959053659912336,0,101441.68739650761,1.1191685565568066,7.30532685188797,28,2,1
33.78756907045958,3.7037424143787434,1,59876.96029148413,9.06146472500378,37.93086410310545,11,1,0
20.69873435321917,1.398736098741435,0,15524.981838486781,3.544476818960054,25.38212887525555,60,1,2
16.77571252225357,3.9129545766406575,0,87785.90440555984,1.431670558511936,82.74201138746616,67,0,0
40.65869029920632,4.938703734472884,0,100649.04666969305,2.6530038443886363,17.406078198536754,78,1,1
36.90701010322883,4.931192746401193,0,37411.58387767984,7.983896796032456,44.448692326352294,64,2,1
42.009974029303244,4.414312834983379,1,26257.69755717802,2.5590415967250624,53.93306363202491,72,1,2
18.783067657990536,4.56405025891959,0,92008.68812017214,1.1758582345965507,108.17394418499444,92,1,0
38.92834118192419,3.5410345705158623,1,61960.13518671003,5.971213734353549,48.48071924870569,92,1,1
12.984188516193985,2.7724843863175437,0,1841.7411637300481,9.127900712690296,16.318748442327994,93,0,1
10.293519778374446,4.616191040351103,0,23508.91787080103,3.132856871420473,50.5838150413374,86,1,1
17.177381027603747,0.44865389927156274,1,26112.331092408742,5.106672299595946,44.5757381147073,72,2,2
41.28170688242818,1.8506577257000374,1,69811.01605111835,3.8883178183448717,68.12213943668723,92,2,1
31.602778548978705,3.0296947175463145,0,67101.54762658525,9.423180292122998,14.999745222656538,1,0,1
34.66820033864627,2.388649484593428,0,62065.716912143755,8.636183421087612,50.677902766276205,2,1,0
33.70104942712817,3.9642894024861413,0,40952.64774135301,4.8806949864237055,78.48671375537994,80,0,2
35.43532517953476,0.9754319673952327,1,47111.30746398807,9.791453460267002,49.21345813059038,44,1,2
22.916231782039766,0.3112674870833171,1,60068.143208327754,2.2298212452378907,113.55183536783312,75,2,1
38.824133276529686,0.6325920361995913,0,68279.76669890371,4.176046979485473,43.6429761284317,48,1,0
10.586660934052986,4.813907924585814,0,67821.44988394577,5.643077899424011,104.75314869004379,91,1,1
25.088792146130736,0.6638726861471522,1,85865.62409594578,7.699030209003926,39.994297939355164,6,2,0
12.186556029062805,1.1304916368158568,0,119301.69619915844,7.0396877373660605,47.97514170132289,68,2,2
15.032902985007413,1.8852818547810934,1,89868.76675603981,4.179504195680064,84.59459125771278,0,2,0
46.18351078836132,3.1171082067039797,0,58886.5381379918,9.383344000975859,64.65657407950543,14,2,1
34.10180100533948,3.9104806533465135,1,117242.80542575724,9.818016241896178,111.80488142735749,83,0,2
41.63723818969776,0.39324446884640596,1,15047.410513135108,8.512309687556726,106.29680233208265,29,0,0
34.22878772540348,4.656187265715176,1,114324.0766072559,4.545134328193862,34.14545028860093,99,2,1
34.10180100533948,3.9104806533465135,1,119701.98536355012,9.928357802636551,108.03938676586695,92,0,2
36.97300890961088,0.6325920361995913,0,68279.76669890371,5.53082131144806,46.364296116729065,48,1,1
36.90701010322883,4.931192746401193,0,119509.00694240257,7.0564728683980205,40.93172110404579,64,2,1
25.088792146130736,0.6555167744075291,1,85865.62409594578,7.833793015450559,40.63376974320978,6,1,0
13.192732050052163,2.7724843863175437,0,1841.7411637300481,9.127900712690296,16.371325196711233,72,0,2
21.049223583281538,3.0296947175463145,0,67074.39245476054,9.373508537510432,14.999745222656538,1,1,1
33.83811551148133,1.4959053659912336,0,101441.68739650761,1.1191685565568066,6.359032235373519,93,2,1
14.806074569139692,0.31089681286871995,1,89868.76675603981,4.179504195680064,85.69570362344669,0,2,0
40.7900429035835,4.938703734472884,0,99493.31302839346,2.625935062310652,17.406078198536754,27,1,1
41.930872403845264,3.1171082067039797,0,58886.5381379918,8.681944126386655,64.65657407950543,14,2,1
40.32895039674224,1.8430356828231058,1,72466.81695205628,7.1451161000972325,23.791767230083668,92,2,1
36.46655061613221,4.787123776809963,0,114324.0766072559,4.430325114935056,6.791053533576974,95,2,1
17.57003616007639,3.5615954203645064,1,27434.874330850365,5.273870076843988,45.04739489936529,69,2,2
16.75831573472741,3.9136999295129002,0,87138.91128929226,1.431670558511936,82.63977375950037,67,0,0
34.111690842284005,3.692801606374342,1,59446.63769657342,9.06146472500378,37.93086410310545,11,1,0
18.783067657990536,4.56405025891959,0,92513.05046459267,0.7509383935298306,110.04622241980745,83,1,0
10.586660934052986,4.181799925101394,0,67821.44988394577,4.288303567461425,101.39862780735554,91,1,0
12.186556029062805,0.7826070325979739,0,33791.23867775163,7.967111665000456,50.09700928895623,68,2,2
37.55339377622744,0.9262464038185885,1,47111.30746398807,9.791453460267002,48.57398632673576,40,2,2
43.20916832944903,4.414312834983379,1,26257.69755717802,2.5590415967250624,53.88051361339223,93,1,1
31.252289323440472,1.398736098741435,0,15552.571433708137,3.6043169066141805,25.38212887525555,60,0,2
38.92834118192419,3.5410345705158623,1,61960.13518671003,5.971213734353549,49.44339347173295,27,1,1
23.143061170836376,1.8857737158096488,1,60068.143208327754,2.2298212452378907,112.44956981173911,75,2,1
41.505885585320584,0.39324446884640596,1,16210.445854902144,8.539212063040264,106.29680233208265,80,0,0
46.11520011083237,2.055024101753556,0,62065.716912143755,8.210450673540459,50.677902766276205,2,1,0
23.791315280689368,1.585639492768297,1,41358.49971652044,3.855525263657186,68.06130872507818,87,1,1
34.12340467535523,3.923049263363398,1,107606.62933127735,3.532239060314059,31.564387312515965,42,2,0
17.180625644656594,0.41524239568774757,1,86639.73874635722,7.760360889932616,67.15203388684463,92,0,2
33.27281367107214,3.963544049613899,0,41599.640234106395,4.8806949864237055,87.30891548497603,82,0,2
10.372865954813193,4.627130240656079,0,23939.241431383783,3.132856871420473,50.5838150413374,86,1,1
23.791315280689368,1.5886797442718175,1,41358.49971652044,9.738483860025045,67.89216932426422,44,1,1
47.13278274193341,3.1171082067039797,0,58341.10848503496,1.6700063373514675,64.65657407950543,75,2,0
23.143061170836376,1.8496021297712184,1,69354.93810281985,2.211728691414132,112.44956981173911,75,2,1
17.234599254914833,3.058776336301783,1,84197.10540733757,9.373508537510432,14.934207555896792,74,2,1
25.088792146130736,0.3284341549663211,1,85865.62409594578,7.659246539163217,40.63376974320978,4,1,0
16.77571252225357,3.868083032256581,0,92247.39550532459,1.1832175985779858,82.74201138746616,67,0,0
40.46799774901304,3.0974817024688592,0,1841.7411637300481,9.127900712690296,16.318748442327994,91,2,1
14.806074569139692,1.3567934780271056,1,89868.76675603981,4.179504195680064,85.94167875818418,0,2,0
34.54743883182094,2.2117203299706665,0,34757.274727877346,7.967111665000456,59.70948398205961,68,2,2
18.783067657990536,4.860275152347791,0,92513.05046459267,0.8159630518813259,110.04622241980745,83,1,0
33.83811551148133,1.4959053659912336,0,66721.68247691973,1.1217201929129592,3.22415598009077,1,2,1
37.55339377622744,0.871447653560601,1,45889.26550010267,9.791453460267002,43.63253353581116,40,2,2
33.83280093267101,4.591586092078095,0,23977.66735666713,3.176992591666634,37.935784387091836,19,1,1
16.743107313792926,1.8817666528478645,1,64791.98588846532,5.971213734353549,49.44339347173295,32,1,0
25.088792146130736,0.6638726861471522,1,87322.58712819748,7.699030209003926,39.994297939355164,6,2,0
35.43532517953476,1.5612450584633293,1,49635.907732589774,4.1640960950667365,41.954045520936084,88,1,2
16.75831573472741,3.761696531519614,0,94340.11925420993,9.133950364519155,82.63977375950037,13,0,1
41.28170688242818,1.8868293117384678,1,60524.22115662625,3.9064103722097143,68.12213943668723,91,2,1
20.992005355971465,0.17860964617489272,0,26212.796218436448,5.1241874408663115,44.6412830267662,2,1,2
10.586660934052986,3.8419847071911026,0,67821.44988394577,4.462849902400711,89.24921225277767,91,1,0
19.46373268531423,4.608921590217913,0,87547.19702040739,1.424311194530501,108.17394418499444,90,1,0
14.467219364938474,2.7921108905526646,0,58886.5381379918,8.681944126386655,64.65657407950543,16,0,1
20.69873435321917,0.3528507627316855,0,15524.981838486781,3.544476818960054,26.4022344857732,60,1,2
12.32782231949392,0.9595365535726504,0,61099.68086338572,8.636183421087612,50.677902766276205,2,1,0
41.63723818969776,0.11404344647217757,1,15047.410513135108,8.453766830062992,106.29680233208265,22,0,0
31.602778548978705,3.0296947175463145,0,101821.54438560132,9.406810618196722,15.045265113854366,28,0,1
32.31226000359582,3.7476310223942235,1,60668.67966045884,9.06146472500378,48.65009575125484,11,1,0
10.547788103218716,3.7283465898491865,1,59408.21176919998,9.016207403199514,50.57889475735102,89,1,0
37.219283461543256,3.5445497700380617,1,94990.77687725113,4.238751713332455,90.71552747954782,0,2,1
18.720267791830466,0.44865389927156274,1,91503.43086778215,4.957688580514465,111.40623076140382,72,2,2
35.86023670707789,0.962964988898288,1,48239.6544377845,9.791453460267002,43.63253353581116,40,2,2
20.992005355971465,2.89320534635191,0,24477.762559100316,5.324371664225906,44.6412830267662,94,1,2
16.743107313792926,1.8817666528478645,1,69223.42891973227,4.553531200385857,53.965875002255856,32,1,0
34.93996590883251,1.4696397354598778,0,90087.59042391373,4.179504195680064,83.61778338353415,0,2,0
20.525776782766318,3.0296947175463145,0,67074.39245476054,7.75356602698696,13.755758689145376,1,1,1
34.111690842284005,3.692801606374342,1,59446.63769657342,9.06146472500378,87.90464716078824,11,1,0
32.721829847906015,0.22832573126950817,0,64947.639837908915,8.636183421087612,50.671102002163146,2,1,0
15.032902985007413,1.7971216095374127,1,89868.76675603981,4.1338016963641095,93.14076518302969,0,2,0
38.92834118192419,3.5410345705158623,1,48114.36169126571,6.137076585862902,49.21526316570269,27,1,1
12.454556052567305,3.7917557185873907,1,67678.9267152969,4.462849902400711,46.38161004330608,91,1,0
41.930872403845264,3.1171082067039797,0,58886.5381379918,8.681944126386655,64.65657407950543,19,2,1
42.9696989286485,0.36439371875287074,1,15268.082589280322,8.67267318868146,106.29680233208265,29,0,0
37.14840941699886,1.585639492768297,1,95152.88504721521,3.855525263657186,68.06130872507818,90,2,1
18.783067657990536,4.860275152347791,0,94387.43575961556,0.7716395932775288,110.11165094971007,89,1,0
18.720267791830466,0.44865389927156274,1,96885.18075992604,5.088711761225568,111.40623076140382,76,2,2
12.984188516193985,0.09124241757210805,0,3613.6928695322604,8.765333580872507,16.318748442327994,2,0,1
41.63723818969776,0.11404344647217757,1,10628.669815133584,8.453766830062992,106.29680233208265,22,0,0
13.709250749311808,0.3371831898090746,1,101222.86372861562,1.1191685565568066,9.459673424148122,28,2,1
25.088792146130736,0.3284341549663211,1,85865.62409594578,9.279185378015551,41.87777043124414,4,1,0
14.806074569139692,1.3567934780271056,1,87524.25410303357,4.179504195680064,35.96789340275167,0,2,0
11.94939278148941,3.8708003141313814,1,61106.3661704216,9.06146472500378,48.6568965153679,11,1,0
25.088792146130736,0.9379865735413262,1,88807.85341485291,7.699030209003926,39.994297939355164,6,2,0
34.66820033864627,2.388649484593428,0,62065.716912143755,8.681825537655861,51.044624701310724,1,1,0
35.43532517953476,0.9367523475343859,1,62717.74914346019,9.614710596933545,49.441588436620656,44,1,2
25.088792146130736,0.7059326047033041,0,86008.14726458867,7.833793015450559,89.66121061523484,6,1,0
33.83280093267101,4.591586092078095,0,23977.66735666713,3.176992591666634,37.935784387091836,14,1,1
12.598834007211796,2.8217614424502955,0,58666.027172737,8.943336049738154,64.65657407950543,16,0,1
24.336552575048117,3.5445497700380617,1,41196.36511501882,4.238751713332455,93.13986228750144,0,1,1
16.75831573472741,3.761696531519614,0,106838.39150188061,9.179839477657936,83.68885926631604,13,0,1
34.08215502081711,4.1551441362143855,1,24178.405904470703,5.266341169347706,39.535954795717004,22,0,0
41.63723818969776,0.11404344647217757,1,1141.7202227403213,8.453766830062992,54.468594696378574,22,0,0
25.180519731582038,0.5659103105313575,1,58322.10882831394,8.057482101317989,40.49283223123477,28,1,0
25.088792146130736,0.3284341549663211,1,72028.31216817276,7.659246539163217,110.4367568893806,4,1,0
16.75831573472741,1.8504756352025578,0,94340.11925420993,7.520953693700132,49.63554320289049,16,0,1
13.300484420337146,0.25611987341940273,1,19592.86667604964,1.015377628351649,106.29680233208265,44,0,0
14.806074569139692,1.3829383396939556,1,90580.32428150169,4.179504195680064,85.81304014634293,0,2,0
34.111690842284005,3.692801606374342,1,59446.63769657342,9.06146472500378,36.94148936150364,0,2,0
15.032902985007413,1.8852818547810934,0,89868.76675603981,4.179504195680064,84.59459125771278,0,2,0
40.36909708657679,3.1171082067039797,0,61116.59544530072,8.303434755634393,64.65657407950543,19,2,1
32.31226000359582,3.7476310223942235,1,60078.65707312829,9.28709152051084,48.65009575125484,11,1,0
34.08215502081711,4.1551441362143855,1,24843.525121263072,5.266341169347706,42.51762920251477,22,0,0
14.806074569139692,1.2676834263652967,1,97217.41324976302,4.179504195680064,36.60605060090175,0,2,0
33.872070758246075,3.555073192853089,0,88429.27411379298,3.176992591666634,37.935784387091836,1,1,1
24.183084950116985,1.839376582190599,1,89868.76675603981,4.637894655973213,93.13990378624891,0,1,0
25.088792146130736,0.4861204770245984,1,60517.11721874457,9.279185378015551,28.246156751097132,16,1,0
16.743107313792926,1.8817666528478645,1,69223.42891973227,4.553531200385857,93.70214934094399,32,1,0
12.508259143326377,2.7938609252198194,0,86209.54243874295,8.955214102900072,64.79751159150877,21,0,1
41.63723818969776,0.11404344647217757,1,15047.410513135108,8.453766830062992,36.43918955546096,22,0,0
16.743107313792926,3.792987446522459,1,64791.98588846532,9.310284318803381,82.44762402517759,32,1,0
42.068546070585,0.3930870616348365,1,101222.86372861562,8.618661046715983,12.114100382340684,28,2,1
34.66820033864627,2.259238553066475,0,62167.66455707868,8.681825537655861,51.173263297040705,1,1,0
14.055160356003995,0.31089681286871995,1,89868.76675603981,4.179504195680064,86.68507748073534,12,1,0
34.66820033864627,2.388649484593428,1,62065.716912143755,8.009584290644199,50.677902766276205,2,1,1
12.32782231949392,0.9595365535726504,0,58869.623556076804,8.581995651430676,58.4069106560675,2,1,0
11.94939278148941,3.8708003141313814,1,61106.3661704216,9.06146472500378,55.37780000283111,11,1,0
12.984188516193985,0.09124241757210805,0,4427.196667649163,8.765333580872507,16.327820749502813,2,0,1
25.088792146130736,0.7026124051119216,0,86008.14726458867,7.833793015450559,88.85217502430774,3,1,0
32.67265851453377,4.581061092621868,1,35624.76769971431,4.238751713332455,89.2938966978837,19,2,1
15.186371738381652,3.502294793837902,1,41196.36511501882,4.243503101370572,93.14072368428222,0,2,1
15.239325802497827,2.6351940671456173,0,84235.04501455753,8.681944126386655,64.1965993450549,4,0,1
40.51166897395146,3.923049263363398,0,107606.62933127735,3.231573218303355,4.2025655429728825,42,2,0
22.838564708972264,1.5780174498913657,1,39750.44653774956,6.45201217000673,23.730930395370798,87,1,1
17.573280777129238,3.526668522947269,1,87962.24042165943,7.927558687506667,67.62369067149957,97,0,2
33.83811551148133,1.4959053659912336,0,101441.68739650761,1.1191685565568066,7.30532685188797,28,2,1
33.78756907045958,3.7037424143787434,1,59876.96029148413,9.06146472500378,37.93086410310545,11,1,0
20.69873435321917,1.398736098741435,0,15524.981838486781,3.544476818960054,25.38212887525555,60,1,2
16.77571252225357,3.9129545766406575,0,87785.90440555984,1.431670558511936,82.74201138746616,67,0,0
40.65869029920632,4.938703734472884,0,100649.04666969305,2.6530038443886363,17.406078198536754,78,1,1
36.90701010322883,4.931192746401193,0,37411.58387767984,7.983896796032456,44.448692326352294,64,2,1
42.009974029303244,4.414312834983379,1,26257.69755717802,2.5590415967250624,53.93306363202491,72,1,2
18.783067657990536,4.56405025891959,0,92008.68812017214,1.1758582345965507,108.17394418499444,92,1,0
38.92834118192419,3.5410345705158623,1,61960.13518671003,5.971213734353549,48.48071924870569,92,1,1
12.984188516193985,2.7724843863175437,0,1841.7411637300481,9.127900712690296,16.318748442327994,93,0,1
10.293519778374446,4.616191040351103,0,23508.91787080103,3.132856871420473,50.5838150413374,86,1,1
17.177381027603747,0.44865389927156274,1,26112.331092408742,5.106672299595946,44.5757381147073,72,2,2
41.28170688242818,1.8506577257000374,1,69811.01605111835,3.8883178183448717,68.12213943668723,92,2,1
31.602778548978705,3.0296947175463145,0,67101.54762658525,9.423180292122998,14.999745222656538,1,0,1
34.66820033864627,2.388649484593428,0,62065.716912143755,8.636183421087612,50.677902766276205,2,1,0
33.70104942712817,3.9642894024861413,0,40952.64774135301,4.8806949864237055,78.48671375537994,80,0,2
35.43532517953476,0.9754319673952327,1,47111.30746398807,9.791453460267002,49.21345813059038,44,1,2
22.916231782039766,0.3112674870833171,1,60068.143208327754,2.2298212452378907,113.55183536783312,75,2,1
38.824133276529686,0.6325920361995913,0,68279.76669890371,4.176046979485473,43.6429761284317,48,1,0
10.586660934052986,4.813907924585814,0,67821.44988394577,5.643077899424011,104.75314869004379,91,1,1
25.088792146130736,0.6638726861471522,1,85865.62409594578,7.699030209003926,39.994297939355164,6,2,0
12.186556029062805,1.1304916368158568,0,119301.69619915844,7.0396877373660605,47.97514170132289,68,2,2
15.032902985007413,1.8852818547810934,1,89868.76675603981,4.179504195680064,84.59459125771278,0,2,0
46.18351078836132,3.1171082067039797,0,58886.5381379918,9.383344000975859,64.65657407950543,14,2,1
34.10180100533948,3.9104806533465135,1,117242.80542575724,9.818016241896178,111.80488142735749,83,0,2
41.63723818969776,0.39324446884640596,1,15047.410513135108,8.512309687556726,106.29680233208265,29,0,0
34.22878772540348,4.656187265715176,1,114324.0766072559,4.545134328193862,34.14545028860093,99,2,1
33.913100025147244,0.9954078698554436,1,44302.8419055853,4.8806949864237055,78.48671375537994,79,0,2
16.5875314378574,1.1669325627123495,0,119370.01716953168,6.725926472020523,47.97514170132289,68,2,2
36.90701010322883,4.931192746401193,1,37411.58387767984,7.983896796032456,44.448692326352294,64,2,1
16.797070363237918,3.941948756052062,0,92195.39165215941,1.1758582345965507,82.57061822246364,92,1,0
13.199670304641005,0.6638726861471522,1,82373.29364742908,7.6607083982448225,39.994297939355164,93,2,0
21.6677033303962,1.398736098741435,0,15524.981838486781,3.5770706213393013,25.38212887525555,61,1,0
31.602778548978705,0.6359833673857731,0,68763.71977404757,9.423180292122998,14.999745222656538,3,1,1
42.009777783192256,0.39324446884640596,1,15047.410513135108,2.4198701285311497,105.76283459134802,29,0,2
10.397830012307095,0.3112674870833171,0,60068.143208327754,2.2038379297601094,113.71988557060229,87,2,1
40.65869029920632,2.001389723084441,0,91315.8270954803,4.158953867303784,17.406078198536754,78,1,0
33.83811551148133,1.4959053659912336,0,61777.71144619142,1.4164915464173284,7.554341420878586,28,2,1
17.552829076424985,3.4406173109394027,1,113668.57911147687,5.484206822418479,75.54924150632813,97,0,2
33.92761923829881,1.5780174498913657,1,47767.20996650033,8.94024406693769,24.95495818920552,87,1,1
40.26623914631937,4.8239178894233925,0,68672.14707738196,3.3207245104749323,6.707068917314871,96,1,1
41.40572968155199,1.8690458762067654,1,69811.01605111835,9.248089124672473,68.07426331841967,92,2,1
35.43532517953476,3.944318260641016,0,47111.30746398807,9.791453460267002,49.21345813059038,45,1,2
34.27937381063037,3.853791870033334,1,117174.44469287277,9.818016241896178,113.40235145654083,83,0,2
29.171923816528004,4.656187265715176,0,114324.0766072559,4.545134328193862,33.514176586347794,99,2,1
14.2314866789318,4.535056067971154,0,87599.20087357257,1.3203591951146176,110.15601980018754,67,0,0
24.87360954842703,2.7724843863175437,0,1841.7411637300481,9.56184442016874,16.318748442327994,8,0,1
33.69923142586225,2.388649484593428,0,62065.716912143755,8.603507597710225,50.677902766276205,2,1,2
38.824133276529686,3.026345778815794,0,68241.89514567565,4.176046979485473,43.6429761284317,47,0,0
41.63743443580875,4.414312834983379,1,26257.69755717802,8.65102800045751,54.4660784053799,72,1,0
22.92017623149222,4.616191040351103,1,23508.91787080103,3.1588401868982787,50.5838150413374,74,1,1
15.032902985007413,4.795553488208894,1,99201.98633024939,2.6735541727658108,88.79711211381819,0,2,1
38.92834118192419,3.5410345705158623,1,93619.72988019297,5.67404466074794,48.23664623867246,78,1,1
17.197832728308,0.12607676067173534,1,20649.663408562854,7.923693112707268,44.5757381147073,72,2,2
22.698514542462405,3.7037424143787434,1,43676.71768173411,6.573226485403512,36.70683630928222,10,1,0
11.118842251704052,3.91293992577604,0,106755.67542603167,5.5001447333686055,102.67363937991654,42,2,0
46.88296540582981,3.098720056198392,0,58886.5381379918,4.020341180877818,64.70445019777301,21,2,1
35.43532517953476,0.9754319673952327,0,47111.30746398807,9.789543380149343,49.21345813059038,14,1,2
34.71021235246877,2.388649484593428,0,62252.83854804732,8.636183421087612,82.24688455154212,70,1,0
16.825912333375822,4.795553488208894,1,99201.98633024939,1.4196306184440457,11.133199819616713,1,2,1
25.088792146130736,0.39398734481549424,1,16022.019008989417,7.699030209003926,39.994297939355164,36,2,0
39.61815714295129,1.4245199712262138,1,119301.69619915844,7.0396877373660605,47.97514170132289,68,2,1
16.387925801117163,1.1669325627123495,0,117859.39077749029,8.52565951132253,47.97514170132289,68,2,2
20.97708851382256,0.3112674870833171,0,14737.85244850137,3.551156316064054,113.38055850494743,88,1,1
31.602778548978705,4.526337758013552,0,68838.56893798614,9.423180292122998,14.999745222656538,3,1,1
33.21643915720069,1.0678117249754266,1,68528.425445673,5.607389654243196,80.55933777123406,79,1,2
24.686670987424343,2.7724843863175437,0,1701.1129777173865,9.56184442016874,104.42469289159116,10,0,1
33.78756907045958,3.7037424143787434,1,59950.51843018041,9.06146472500378,37.93086410310545,6,1,0
22.698514542462405,3.705236206900599,1,44368.9165427969,6.376816292230868,35.638184648112166,10,1,0
33.77896328996308,4.414312834983379,1,26257.69755717802,2.5590415967250624,53.93306363202491,48,1,2
21.45301973421775,1.398736098741435,0,15524.981838486781,3.5770706213393013,25.38212887525555,67,1,0
10.32534302775827,4.580659098192413,0,105332.60073145252,5.2393532208906315,102.67363937991654,42,2,0
47.2556439792743,3.1171082067039797,1,58886.5381379918,9.385254000189247,64.65657407950543,52,2,1
16.121589087319183,3.9129545766406575,0,87598.78276889304,1.431670558511936,51.173029600074074,1,0,0
32.04535582063644,1.4959053659912336,0,61777.71144619142,2.6704151008629915,85.29504161691838,29,2,1
41.63723818969776,0.7109704627708366,1,84894.76868820102,8.512309687556726,106.29680233208265,6,0,0
10.390903140917155,4.3260888119154055,0,37411.58387767984,7.983896796032456,40.8960510219509,64,2,2
36.667858900478876,2.342521827671918,0,61865.5502131922,6.697212843266858,57.21792622621476,2,1,2
10.266975292587935,1.0846379099195147,0,60855.65762858229,2.197158432658288,25.553783723233536,59,2,2
18.783067657990536,0.6719128594630008,0,91933.8389551457,1.1758582345965507,102.2542289559318,92,1,0
11.459268453648336,4.813907924585814,0,20722.659373976458,4.91638323160452,102.46808088726254,91,0,1
41.34109556797617,0.39324446884640596,1,15196.20421100787,2.9206463855232534,17.649920487059184,30,0,2
15.032902985007413,1.8852818547810934,1,89795.20860703701,4.179504195680064,84.59459125771278,11,2,0
32.14994729316319,3.0282009250243274,0,66409.34876552755,9.61638791859508,16.068397168468646,1,0,1
38.824133276529686,0.6325920361995913,0,68279.76669890371,4.176046979485473,43.6429761284317,72,1,0
14.2314866789318,4.535056067971154,0,87599.20087357257,1.3203591951146176,110.15601980018754,68,0,0
11.08702120247792,3.9484717942717316,0,24917.811363543522,3.3936483839275584,50.5838150413374,86,1,1
23.941313592572413,3.1171082067039797,0,1705.8855027376958,9.562505773996945,103.18039155863619,18,2,1
16.13971461860672,4.535056067971154,0,97758.45219807331,1.3203591951146176,109.93122653878339,67,2,0
22.698514542462405,3.705236206900599,1,41229.38404478738,6.376816292230868,35.638184648112166,10,1,0
25.088792146130736,0.6638726861471522,1,84432.50669047706,7.699030209003926,91.75624888905506,0,2,0
39.13648664712679,4.795553488208894,1,108826.97752567049,1.4196306184440457,10.719863441812848,41,1,1
21.6677033303962,0.5136639873806957,1,15524.981838486781,2.2262279645164678,34.23422385794598,26,1,2
15.032902985007413,1.8852818547810934,1,90045.75787447744,4.179504195680064,91.8663669665647,1,2,0
17.850922298244612,3.9446595332457597,0,87598.78276889304,1.3002510909849574,51.173029600074074,0,0,0
31.602778548978705,3.705119033998079,0,44602.16196568243,9.398105074950951,36.46893699166833,1,0,1
34.231668210176764,0.447331088751281,1,12459.995794214665,8.704986906229887,18.643375710490844,2,0,2
41.60791863750498,0.7109704627708366,1,84894.76868820102,8.512309687556726,106.29680233208265,1,0,0
24.87360954842703,2.7724843863175437,1,1841.7411637300481,9.451872316413429,16.318748442327994,75,0,1
31.590886212841163,0.5453042496646394,0,68763.71977404757,9.153384773428495,14.999745222656538,3,1,1
15.968771818138897,1.878055722718563,1,87323.93082018409,4.885009410856133,84.59459125771278,98,2,0
46.91553264531604,2.7724843863175437,0,59406.94049930042,9.382682647147654,65.90081973413164,10,0,1
25.088792146130736,0.39398734481549424,1,17138.670603687264,7.699030209003926,57.008594491698815,36,0,0
33.78756907045958,3.7532210083163764,1,59876.96029148413,9.06146472500378,37.93086410310545,11,1,0
15.032902985007413,4.795553488208894,1,99223.19004325104,3.2784503919562393,37.03514435989294,6,2,1
11.544146548306466,0.6325920361995913,0,68279.76669890371,4.176046979485473,44.056558102068664,1,2,0
42.009777783192256,1.2783177337080809,0,15047.410513135108,3.3364336054044212,105.76283459134802,64,0,0
32.14994729316319,3.0282009250243274,0,66158.79949717342,9.61638791859508,8.910590346685133,11,0,1
35.50340468938513,2.3108168063515375,0,61865.5502131922,6.697212843266858,57.21792622621476,2,1,2
22.698514542462405,3.2467898997341496,1,68860.44735723511,6.59811130758723,15.237644849079025,10,1,0
41.77762769443274,2.334707828615798,0,64804.9228077634,2.8515018811712873,49.68445185117401,30,1,0
41.63723818969776,0.39324446884640596,1,15047.410513135108,8.512309687556726,106.29680233208265,28,0,0
33.913100025147244,0.9954078698554436,0,44302.8419055853,4.8806949864237055,78.48671375537994,11,0,2
33.799461406597125,3.7952072002068324,1,72774.16520397323,9.06146472500378,37.93086410310545,5,1,0
18.487918296557734,4.8192963848234,0,23268.003468489027,4.210878016428451,101.78810426896814,0,0,1
14.2314866789318,4.535056067971154,0,87332.03512776895,1.3203591951146176,109.46821739181999,67,0,0
46.18351078836132,3.1171082067039797,0,57723.4232729068,9.383344000975859,65.34218702263058,14,2,1
41.87639247806652,3.161942050736749,0,84424.72857275384,9.55522501511517,103.18039155863619,18,2,1
22.37264619174779,3.705236872170555,0,44359.67982188912,6.376816292230868,35.638184648112166,1,0,0
15.032902985007413,2.667332346426643,1,97258.44907729,3.2784503919562393,36.77623312665861,6,2,1
22.698514542462405,3.688996423890924,1,68860.44735723511,6.368322860101818,7.447032512089005,13,1,0
25.590286865293603,2.7724843863175437,0,1841.7411637300481,9.56184442016874,16.318748442327994,8,0,0
35.50340468938513,2.241836330303453,0,61865.5502131922,6.697212843266858,79.05813764902275,2,1,2
41.60791863750498,0.7109704627708366,0,84641.14893298017,9.422212019481407,106.29680233208265,3,0,0
16.932874413281183,4.795553488208894,1,72428.30750258788,9.509433318748911,11.133199819616713,5,2,1
41.82302921886573,0.39324446884640596,1,1718.9425492069631,9.520639672525432,106.29680233208265,28,0,0
42.006567760240976,0.39324446884640596,1,15047.505737494668,2.4198701285311497,105.76283459134802,28,0,2
18.487918296557734,4.5355911031229565,0,17932.520736976978,4.210878016428451,97.20496103405515,0,0,1
33.78756907045958,3.7037424143787434,1,59950.51843018041,8.36399693909798,37.93086410310545,6,1,0
22.698514542462405,4.5034562532107225,0,50964.782821599394,4.965636796855119,108.80052679349376,66,1,0
41.63723818969776,0.7001722304565152,1,15047.410513135108,4.778784376001432,109.19234778126422,29,0,2
14.967048349722258,1.8469430475020607,0,89859.26780126379,1.3002510909849574,50.53979954750821,0,2,0
23.702145503182138,0.6661965464417134,1,2965.6345799658448,8.519589451486466,106.29680233208265,6,0,0
31.92864690001965,3.705118368728123,1,44611.39868659021,9.398105074950951,36.46893699166833,10,1,1
46.91553264531604,4.886372412345794,0,61371.67540776398,9.270949996120308,66.8029996890828,10,0,1
22.698514542462405,3.2630296827438245,1,41229.38404478738,6.563689591031834,37.56743616900059,10,1,0
11.544146548306466,0.6325920361995913,0,68279.76669890371,4.176046979485473,44.056558102068664,1,2,1
33.913100025147244,1.0643883531547496,0,44302.8419055853,5.4266287666796345,58.36200939403705,2,0,2
34.09384691021082,0.6359833673857731,1,69017.33952926788,8.513277930917194,14.999745222656538,1,1,1
33.69252007320724,3.749932271363811,1,99547.84380059363,0.9349425557231932,43.00140825224866,1,1,0
24.500871603896467,2.7724843863175437,0,15035.561610157121,8.553513520425076,104.42469289159116,10,0,1
40.71703893072477,0.12067955284607912,1,15196.10898664831,2.9206463855232534,26.78766534496996,31,0,2
16.121589087319183,3.9129545766406575,0,87598.78276889304,1.431670558511936,52.16772757413078,1,0,0
14.2314866789318,3.73534215627061,1,87599.20087357257,1.3203591951146176,38.037463832574836,11,0,0
33.913100025147244,0.3921150203247534,1,30759.821193532898,8.614204524053507,78.48671375537994,79,0,0
17.916776933533754,4.458438568792784,1,87608.28172366908,4.179504195680064,88.88679350011795,0,0,0
15.032902985007413,1.7168333187828955,1,89868.76675603981,4.1303198313744,84.59459125771278,4,2,0
40.51166897395146,3.923049263363398,0,107606.62933127735,3.231573218303355,4.2025655429728825,42,2,0
22.838564708972264,1.5780174498913657,1,39750.44653774956,6.45201217000673,23.730930395370798,87,1,1
17.573280777129238,3.526668522947269,1,87962.24042165943,7.927558687506667,67.62369067149957,97,0,2
33.83811551148133,1.4959053659912336,0,101441.68739650761,1.1191685565568066,7.30532685188797,28,2,1
33.78756907045958,3.7037424143787434,1,59876.96029148413,9.06146472500378,37.93086410310545,11,1,0
20.69873435321917,1.398736098741435,0,15524.981838486781,3.544476818960054,25.38212887525555,60,1,2
16.77571252225357,3.9129545766406575,0,87785.90440555984,1.431670558511936,82.74201138746616,67,0,0
40.65869029920632,4.938703734472884,0,100649.04666969305,2.6530038443886363,17.406078198536754,78,1,1
36.90701010322883,4.931192746401193,0,37411.58387767984,7.983896796032456,44.448692326352294,64,2,1
42.009974029303244,4.414312834983379,1,26257.69755717802,2.5590415967250624,53.93306363202491,72,1,2
18.783067657990536,4.56405025891959,0,92008.68812017214,1.1758582345965507,108.17394418499444,92,1,0
38.92834118192419,3.5410345705158623,1,61960.13518671003,5.971213734353549,48.48071924870569,92,1,1
12.984188516193985,2.7724843863175437,0,1841.7411637300481,9.127900712690296,16.318748442327994,93,0,1
10.293519778374446,4.616191040351103,0,23508.91787080103,3.132856871420473,50.5838150413374,86,1,1
17.177381027603747,0.44865389927156274,1,26112.331092408742,5.106672299595946,44.5757381147073,72,2,2
41.28170688242818,1.8506577257000374,1,69811.01605111835,3.8883178183448717,68.12213943668723,92,2,1
31.602778548978705,3.0296947175463145,0,67101.54762658525,9.423180292122998,14.999745222656538,1,0,1
34.66820033864627,2.388649484593428,0,62065.716912143755,8.636183421087612,50.677902766276205,2,1,0
33.70104942712817,3.9642894024861413,0,40952.64774135301,4.8806949864237055,78.48671375537994,80,0,2
35.43532517953476,0.9754319673952327,1,47111.30746398807,9.791453460267002,49.21345813059038,44,1,2
22.916231782039766,0.3112674870833171,1,60068.143208327754,2.2298212452378907,113.55183536783312,75,2,1
38.824133276529686,0.6325920361995913,0,68279.76669890371,4.176046979485473,43.6429761284317,48,1,0
10.586660934052986,4.813907924585814,0,67821.44988394577,5.643077899424011,104.75314869004379,91,1,1
25.088792146130736,0.6638726861471522,1,85865.62409594578,7.699030209003926,39.994297939355164,6,2,0
12.186556029062805,1.1304916368158568,0,119301.69619915844,7.0396877373660605,47.97514170132289,68,2,2
15.032902985007413,1.8852818547810934,1,89868.76675603981,4.179504195680064,84.59459125771278,0,2,0
46.18351078836132,3.1171082067039797,0,58886.5381379918,9.383344000975859,64.65657407950543,14,2,1
34.10180100533948,3.9104806533465135,1,117242.80542575724,9.818016241896178,111.80488142735749,83,0,2
41.63723818969776,0.39324446884640596,1,15047.410513135108,8.512309687556726,106.29680233208265,29,0,0
34.22878772540348,4.656187265715176,1,114324.0766072559,4.545134328193862,34.14545028860093,99,2,1
33.504944152813145,3.9104806533465135,1,110203.06135678306,9.818016241896178,111.80488142735749,83,0,2
10.289459638049667,1.8506577257000374,1,67808.04162099193,3.9088509403756664,68.12213943668723,95,2,1
17.003570820313385,0.6841715792244354,0,69645.00894599881,4.176046979485473,43.79648478376421,48,0,0
34.684288090754265,3.54489513656853,0,58886.5381379918,9.359327980098861,64.65657407950543,18,2,1
42.004494565893175,3.0296947175463145,0,67101.54762658525,2.628926357432627,14.999745222656538,74,0,1
33.78756907045958,1.528318385248939,1,39744.15723826211,9.06146472500378,37.93086410310545,11,1,1
18.157970955334957,3.923049263363398,0,107606.62933127735,2.955630140206825,8.621114380638083,93,1,0
14.866758384339914,1.8852818547810934,0,89868.76675603981,4.166288773524322,84.59459125771278,7,2,0
36.90701010322883,0.4256759304742168,1,40524.40253067662,8.497537160995948,44.448692326352294,64,2,1
33.83811551148133,1.4959053659912336,0,100637.04686453196,7.689992421162287,4.458888291137363,24,2,0
22.403549008069277,4.403745123731901,1,95790.90240654055,2.6333461621879573,113.55183536783312,75,2,1
17.181939104766315,0.4697590857479045,0,26617.832433466516,1.5068818144194878,45.39181943201032,71,2,2
33.72623013811778,1.152598903602144,0,49114.45501466783,4.998680694826736,78.0823093639968,84,0,2
38.99317594367554,4.669542863011944,1,114324.0766072559,5.9680530694941165,48.31109807235174,99,1,1
12.984188516193985,4.611630640807506,0,1841.7411637300481,9.075245503379152,35.63034867078778,91,0,1
18.489288760075937,1.398736098741435,0,23327.599634413484,3.7193186384235832,25.38212887525555,60,1,2
42.17060722476462,4.813907924585814,0,69824.4243140722,6.17266074789854,104.75314869004379,91,1,1
40.79305428195661,3.475220174414842,1,78592.63727127458,7.927558687506667,67.4701820161743,97,1,2
46.16737052635669,2.388649484593428,0,48544.64720028605,8.66019944012511,50.677902766276205,2,1,0
31.608257956705458,4.414312834983379,1,26257.69755717802,9.344384609977848,53.93306363202491,1,1,2
22.838564708972264,3.7534412149057927,1,59883.249590974076,6.45201217000673,23.730930395370798,84,1,0
41.136811760987115,4.56405025891959,0,92008.68812017214,1.4518014305774705,104.16337214004628,41,2,0
14.994584379598642,1.1304916368158568,1,119301.69619915844,7.052903158586638,47.97514170132289,68,2,2
43.04387556602111,4.852892041047408,0,16417.13029443901,7.998669322593234,106.29680233208265,28,0,0
25.088792146130736,0.7836968304547215,1,86670.26462717973,1.1291339579934356,51.605112540022716,6,2,1
40.956278475720325,0.27045427902281505,0,63566.19853447078,2.24947892743857,17.406078198536754,78,1,1
16.771154445091,3.6274294278194192,1,87280.44526015408,5.031466508463895,81.92593005546271,67,0,0
35.41014446854515,3.787126719366371,1,41108.470828589874,9.78219888893306,49.61786252179727,40,1,2
34.163952963652,3.5276632187635775,1,61960.13518671003,4.548294993053293,34.31507146495503,89,2,1
10.293519778374446,2.776935366602085,0,23508.91787080103,3.132856871420473,17.96566981009385,86,1,1
44.91103977958066,4.607292188693823,0,16417.13029443901,7.998669322593234,106.29680233208265,66,0,0
46.480010550262634,0.5939765709139622,0,58886.5381379918,9.383344000975859,45.17475553265292,14,2,1
26.01057436818325,4.506095083351987,1,86658.4338663441,1.26659482246498,102.60987842538422,42,2,1
35.4881931024575,2.388649484593428,0,62065.716912143755,8.636183421087612,50.677902766276205,2,1,2
14.735192684298102,1.730908263200326,0,89868.76675603981,4.166288773524322,82.65766001149038,90,2,0
39.91702551288988,3.7583652202489404,0,107238.93278042562,7.699030209003926,39.994297939355164,48,2,0
29.2552508233842,2.776935366602085,0,37636.68726574577,3.1666471512381076,17.96566981009385,86,1,1
31.109268933866925,4.414312834983379,0,24931.48636263168,9.344384609977848,43.872074913305,47,1,2
33.61326057267573,3.9642894024861413,0,40952.64774135301,4.8806949864237055,78.48671375537994,31,0,2
33.78756907045958,1.8396949469902462,1,52450.670910343244,3.8067276914947086,37.929726529418716,11,1,0
12.984188516193985,4.611630640807506,0,5314.066121883588,9.075245503379152,35.63034867078778,90,0,1
19.06888846229475,0.27045427902281505,0,63577.25881019092,1.1735789126888705,18.08955126745945,78,1,1
13.960643214724172,2.0654073272400124,1,95660.44487803311,2.6333461621879573,113.70107404413265,74,2,1
46.855981109263645,2.388649484593428,0,48544.64720028605,7.987853835830527,50.677902766276205,78,1,0
22.838564708972264,3.553773450059386,1,59866.29580705819,6.282582880545588,22.720214520683296,17,1,0
17.984788192252267,3.5905916983006056,1,87280.44526015408,5.031466508463895,81.92593005546271,22,0,0
16.866912668289814,2.993181944429543,0,26617.832433466516,1.5068818144194878,64.87363797886324,71,2,2
41.09745057837454,0.8397861303066625,0,92020.51888100777,1.8799508735399422,53.134695367195754,5,2,0
34.61533241572353,0.9754319673952327,1,53237.2436697494,9.791453460267002,49.21345813059038,37,1,0
10.435185434553155,4.780469102273195,0,23508.91787080103,3.132856871420473,52.520746280576105,3,1,1
25.68343502087053,0.8287364832073612,1,85505.54829268603,3.231573218303355,4.2025655429728825,1,2,0
12.841646115906125,3.0296947175463145,0,67101.54762658525,9.38271302166186,14.999745222656538,1,0,1
17.502564358429886,0.6841715792244354,1,73495.88589563458,4.176046979485473,53.85747350248411,2,0,0
41.72502704106835,0.39324446884640596,1,15047.410513135108,8.512309687556726,106.29680233208265,78,0,0
10.289459638049667,3.7147051596487985,1,67808.04162099193,9.16201252260806,68.12327701123304,95,2,1
33.78756907045958,1.5633347774358475,1,39744.15723826211,9.06146472500378,37.93086410310545,12,1,1
40.67046327821173,4.138094538227028,0,91997.62783222388,2.251758249512931,107.46366824657186,92,1,0
21.11383382226039,4.223551355820453,1,82807.07732206094,4.179504195680064,85.89120417604835,3,2,0
24.40644647574961,0.3112674870833171,1,60068.143208327754,2.2298212452378907,113.55183536783312,1,2,1
34.684288090754265,3.7445629014149366,0,60874.43260952796,9.527199448445383,65.66729991315427,85,2,1
10.435185434553155,2.4904850870230995,0,23508.91787080103,8.783386811364435,52.52464537028966,3,1,0
34.684288090754265,3.54489513656853,0,58886.5381379918,9.359327980098861,64.65657407950543,28,2,1
33.78756907045958,1.528318385248939,1,39744.15723826211,9.06146472500378,37.93086410310545,22,1,1
34.103330550232975,1.94682355694178,1,90110.52255779726,9.056034852189399,39.37785032091324,0,2,0
25.088792146130736,0.6627362238644521,1,85901.20703554932,7.779461849371078,39.994297939355164,3,2,0
33.78756907045958,1.5633347774358475,1,39744.15723826211,9.181352880941409,37.93086410310545,12,1,1
31.971736460061635,4.673655139820827,0,25552.13001913176,9.344384609977848,53.93306363202491,1,1,2
33.66523673921577,1.8396949469902462,1,52450.670910343244,3.8067276914947086,83.45128200970214,11,1,0
13.960643214724172,2.233829617848196,1,95360.26998252758,2.6333461621879573,116.56183200426156,74,2,1
35.33821228667428,2.388649484593428,0,67222.54114140052,8.632613848372847,51.15034065992,2,1,0
17.181939104766315,0.47593563141066664,0,26617.832433466516,1.1313782543627504,45.39181943201032,71,2,2
22.838564708972264,3.1163594850513285,1,59866.29580705819,6.4542316785176626,22.720214520683296,13,1,0
39.206944893440685,0.9754319673952327,1,47111.30746398807,9.791453460267002,49.21345813059038,44,1,2
41.63723818969776,0.39324446884640596,1,64498.859482817745,9.713814648598625,106.29680233208265,29,0,0
21.11383382226039,4.223551355820453,1,82807.07732206094,4.136289611367858,85.89120417604835,1,2,0
46.16737052635669,4.676290532648607,0,48544.64720028605,3.0091818463188718,50.67400367656265,2,1,1
43.04387556602111,4.876318366400488,0,7195.664579270931,7.998669322593234,106.29680233208265,12,0,0
14.866758384339914,1.8852818547810934,0,89868.76675603981,4.166288773524322,84.59459125771278,11,2,0
16.014586517195866,3.64220069419446,1,59635.2044730645,4.184515825386805,83.1476049111229,11,1,0
17.502564358429886,0.6853080415071355,1,73460.30295603102,4.176046979485473,53.85747350248411,2,0,0
34.61533241572353,0.9754319673952327,1,52050.803188216916,9.791453460267002,49.21345813059038,37,1,0
35.71680502675344,2.422969801043968,1,62771.28530244852,8.636183421087612,42.15176642042938,2,1,2
18.107123928962512,3.5905916983006056,1,87280.44526015408,5.031466508463895,45.85742402709254,18,0,0
22.403549008069277,4.235280004003253,1,95790.90240654055,2.6333461621879573,113.69957573389803,66,2,1
12.20802863912882,3.0296947175463145,0,61944.7233973285,9.386282591789865,14.527374414759205,6,0,1
25.088792146130736,0.7836968304547215,1,86670.26462717973,1.5046375180501732,51.605112540022716,4,2,1
44.01163965189215,3.554522171712036,0,58886.5381379918,9.319557861391523,64.65657407950543,14,2,1
17.003570820313385,0.6841715792244354,0,69645.00894599881,4.1942245956496595,43.79648478376421,50,0,0
27.757011280482043,3.0296947175463145,0,17650.60099592294,8.431165737111664,14.999745222656538,1,0,1
24.40644647574961,0.3112674870833171,1,60068.143208327754,2.84352981413457,113.55183536783312,3,2,1
13.960643214724172,2.0654073272400124,1,95660.44487803311,1.0067626230009985,116.03329602669014,74,2,1
33.84092956190191,0.7836968304547215,1,52272.251433938596,0.8185866041604584,49.46954548924602,11,2,0
22.271364980724982,4.394728108860898,1,94445.66995046985,4.176046979485473,53.85747350248411,2,0,1
21.318662315806975,1.054436233150794,1,83476.79416874898,4.077305100757718,85.89120417604835,38,2,0
34.69745121249423,2.388649484593428,0,68947.59651694898,9.355702498306783,53.52920911882004,2,1,0
31.844128776866125,1.5633347774358475,0,39744.15723826211,9.386932175080453,39.94931852839697,12,0,1
10.435185434553155,4.87314013547949,0,23609.452720259033,2.6099606454429245,54.78532556292857,3,0,0
25.088792146130736,4.795065652984819,1,86670.26462717973,1.5046375180501732,51.60524146937714,4,2,1
18.03989662000908,0.3905920811193171,1,87280.44526015408,5.031466508463895,82.63740558750698,22,0,0
28.214077480613486,0.3112674870833171,1,59280.84329717523,2.620902828180708,113.55183536783312,4,2,1
17.181939104766315,0.4697590857479045,0,26617.832433466516,1.5068818144194878,14.50794383719255,2,2,2
43.63721175144392,0.39324446884640596,1,15047.410513135108,8.512309687556726,106.29680233208265,29,0,0
10.435185434553155,3.60546012554028,0,86920.1614742917,8.75735976637358,52.52464537028966,3,1,0
31.602778548978705,3.116851539654572,0,59601.508107805996,6.336658740133735,14.999745222656538,1,0,1
43.04387556602111,0.47402697519829573,0,70679.3315725629,7.863257991061124,53.38711795102669,29,0,0
22.838564708972264,3.553773450059386,1,59866.29580705819,6.282582880545588,22.965477680133,17,1,0
24.28197466744925,1.8143051982171507,1,86848.68408111947,3.8067276914947086,37.929726529418716,6,1,1
17.63474838578739,0.6940304920292444,1,76432.93365026003,2.6333461621879573,113.55183536783312,75,2,0
34.4105039563957,4.346302719209196,1,48787.45419073341,9.832611570410457,47.69262756809843,2,1,0
14.995529538928862,3.0296947175463145,0,67090.2640204573,8.65962436984274,12.621421193999439,1,0,1
12.20802863912882,3.0296947175463145,1,61944.7233973285,9.180703297650822,12.508945877367193,6,1,1
43.04387556602111,4.783647333192279,0,7095.145270319923,8.52129850291618,104.031165360787,12,1,1
46.16737052635669,0.6398426096404206,0,48544.64720028605,3.0091818463188718,50.673874747208224,2,1,1
26.23460009694242,3.5143373939989644,1,49115.67859186631,2.84352981413457,112.83837486674375,3,2,1
33.071675151745836,1.528318385248939,1,40531.457149417205,9.06146472500378,37.93086410310545,0,1,1
27.757011280482043,3.0296947175463145,0,17650.60099592294,8.431165737111664,45.88364014577021,71,0,1
15.539429683230036,3.64220069419446,1,59635.2044730645,4.184515825386805,83.1476049111229,14,1,0
18.107123928962512,2.4756166597292792,1,23869.334191050562,5.057474122179237,45.07477835652719,18,0,0
20.167117338681336,3.029202662943071,1,67366.33532583743,9.539252648934422,22.720214520683296,11,1,0
17.502564358429886,4.94333474506318,1,19234.25182101818,3.7377212017877035,106.72119725911575,2,0,0
40.51166897395146,3.923049263363398,0,107606.62933127735,3.231573218303355,4.2025655429728825,42,2,0
22.838564708972264,1.5780174498913657,1,39750.44653774956,6.45201217000673,23.730930395370798,87,1,1
17.573280777129238,3.526668522947269,1,87962.24042165943,7.927558687506667,67.62369067149957,97,0,2
33.83811551148133,1.4959053659912336,0,101441.68739650761,1.1191685565568066,7.30532685188797,28,2,1
33.78756907045958,3.7037424143787434,1,59876.96029148413,9.06146472500378,37.93086410310545,11,1,0
20.69873435321917,1.398736098741435,0,15524.981838486781,3.544476818960054,25.38212887525555,60,1,2
16.77571252225357,3.9129545766406575,0,87785.90440555984,1.431670558511936,82.74201138746616,67,0,0
40.65869029920632,4.938703734472884,0,100649.04666969305,2.6530038443886363,17.406078198536754,78,1,1
36.90701010322883,4.931192746401193,0,37411.58387767984,7.983896796032456,44.448692326352294,64,2,1
42.009974029303244,4.414312834983379,1,26257.69755717802,2.5590415967250624,53.93306363202491,72,1,2
18.783067657990536,4.56405025891959,0,92008.68812017214,1.1758582345965507,108.17394418499444,92,1,0
38.92834118192419,3.5410345705158623,1,61960.13518671003,5.971213734353549,48.48071924870569,92,1,1
12.984188516193985,2.7724843863175437,0,1841.7411637300481,9.127900712690296,16.318748442327994,93,0,1
10.293519778374446,4.616191040351103,0,23508.91787080103,3.132856871420473,50.5838150413374,86,1,1
17.177381027603747,0.44865389927156274,1,26112.331092408742,5.106672299595946,44.5757381147073,72,2,2
41.28170688242818,1.8506577257000374,1,69811.01605111835,3.8883178183448717,68.12213943668723,92,2,1
31.602778548978705,3.0296947175463145,0,67101.54762658525,9.423180292122998,14.999745222656538,1,0,1
34.66820033864627,2.388649484593428,0,62065.716912143755,8.636183421087612,50.677902766276205,2,1,0
33.70104942712817,3.9642894024861413,0,40952.64774135301,4.8806949864237055,78.48671375537994,80,0,2
35.43532517953476,0.9754319673952327,1,47111.30746398807,9.791453460267002,49.21345813059038,44,1,2
22.916231782039766,0.3112674870833171,1,60068.143208327754,2.2298212452378907,113.55183536783312,75,2,1
38.824133276529686,0.6325920361995913,0,68279.76669890371,4.176046979485473,43.6429761284317,48,1,0
10.586660934052986,4.813907924585814,0,67821.44988394577,5.643077899424011,104.75314869004379,91,1,1
25.088792146130736,0.6638726861471522,1,85865.62409594578,7.699030209003926,39.994297939355164,6,2,0
12.186556029062805,1.1304916368158568,0,119301.69619915844,7.0396877373660605,47.97514170132289,68,2,2
15.032902985007413,1.8852818547810934,1,89868.76675603981,4.179504195680064,84.59459125771278,0,2,0
46.18351078836132,3.1171082067039797,0,58886.5381379918,9.383344000975859,64.65657407950543,14,2,1
34.10180100533948,3.9104806533465135,1,117242.80542575724,9.818016241896178,111.80488142735749,83,0,2
41.63723818969776,0.39324446884640596,1,15047.410513135108,8.512309687556726,106.29680233208265,29,0,0
34.22878772540348,4.656187265715176,1,114324.0766072559,4.545134328193862,34.14545028860093,99,2,1
33.70104942712817,3.9642894024861413,0,40952.64774135301,4.961446395297363,14.574925915846109,71,0,1
44.08169161774262,4.931192746401193,0,36542.64236633724,3.9145350055540358,46.090761843870624,63,2,1
40.51166897395146,3.5415682736849425,1,114022.341787895,3.231573218303355,47.05748438994584,49,1,0
38.81273223990711,0.6325920361995913,0,68279.76669890371,4.176046979485473,43.65247078863733,54,2,0
10.211762243435398,4.616191040351103,0,27971.477306157307,2.9948979551122834,50.5838150413374,97,1,2
18.783067657990536,4.56405025891959,0,92008.68812017214,1.1758582345965507,40.60189740456722,92,1,0
34.8232238280919,3.019325613475519,0,58886.5381379918,9.383344000975859,38.16227447221206,4,1,0
15.154356292245629,1.8852818547810934,1,87250.03674504769,9.552297282163472,84.59459125771278,0,2,2
40.67012409995369,0.3112674870833171,1,60068.143208327754,1.6753362663310951,113.55183536783312,28,2,1
25.274290831159718,4.790799269759146,0,66158.71689235709,7.78281309612585,99.66610891993751,91,1,1
42.227493463542416,4.414312834983379,1,11526.062729180594,2.6422822053660218,23.978453681062227,70,1,2
14.248979515941823,2.811032766757931,0,4687.820760313429,9.011535264322509,33.69440869155862,99,2,1
20.69873435321917,1.398736098741435,0,15524.981838486781,3.544476818960054,25.38212887525555,71,1,2
40.64286099959973,4.9336790375548984,0,117343.74984161349,2.6530038443886363,17.406078198536754,74,1,1
17.475079800399016,3.5498666492366295,0,87936.99192909386,1.431670558511936,83.83391153954294,67,0,0
33.72112397894367,3.0296947175463145,0,67101.54762658525,9.34058575907297,83.12014686038944,4,0,2
38.61269691133627,1.8506577257000374,1,70679.95757158115,8.308823800474423,52.954480957038434,92,2,1
38.92834118192419,3.9225155601943174,0,61960.13518671003,6.2108559007825,5.666520623207305,92,2,1
17.18887669636405,0.44865389927156274,1,26112.331092408742,5.106672299595946,44.566243454501674,72,1,2
17.7434804487283,3.526668522947269,1,87982.36488944417,8.065503610743011,67.62369067149957,87,0,1
33.78756907045958,3.7037424143787434,1,59876.96029148413,9.06146472500378,105.49313740201633,11,1,0
46.02843605966531,2.486432077821887,0,62065.716912143755,8.636183421087612,64.72116225720545,14,2,1
35.31438669629261,0.9754319673952327,1,49730.037025286976,4.336394178863853,57.9362568142303,37,1,0
23.88333650605287,0.39324446884640596,1,8939.433636190177,9.061361504989824,106.29680233208265,75,0,0
10.51766951038637,0.8140271556032529,1,86168.2798423748,5.7385810160516355,45.57648342576721,6,2,0
22.62101098814383,1.5780174498913657,1,41613.08910438437,6.3687716435271415,53.685540473321645,87,1,1
32.96959126413247,4.617444321159524,1,112304.6214809866,4.608444365351927,16.76979005492067,90,0,1
12.583464364770748,1.1304916368158568,0,119301.69619915844,7.0396877373660605,47.97514170132289,57,2,2
34.11763030490219,3.912759536658435,1,100544.26873080325,9.818016241896178,111.80488142735749,83,0,2
33.83811551148133,1.325605518956576,0,101290.59987281711,1.1191685565568066,5.131703256806439,28,2,1
45.73774439949561,3.1171082067039797,0,58957.41694933102,1.4150897207927318,64.65657407950543,67,2,1
34.00387206972828,1.1304916368158568,0,79011.08479320862,6.9494403233794975,50.864168881052336,68,2,2
15.154356292245629,3.1019954936946585,0,86102.56990256472,9.552297282163472,84.59459125771278,4,2,2
44.907241177993704,2.486432077821887,0,60017.385337870495,9.054170678601295,64.72116225720545,25,2,1
39.77647908465325,1.325605518956576,0,101358.98898460741,1.1191685565568066,45.62503298936578,29,2,1
40.67012409995369,0.3112674870833171,1,45961.31269009487,1.6753362663310951,106.1230621353905,29,2,1
20.69873435321917,1.398736098741435,0,15524.981838486781,3.544476818960054,28.85561166100431,71,2,0
35.31438669629261,0.9754319673952327,1,25644.23490046127,4.336394178863853,57.9362568142303,37,1,0
33.065468568548866,1.4959053659912336,1,101441.68739650761,8.56438973992162,4.873048135625089,28,2,1
10.548293942067406,4.598612476200845,0,23733.750500306254,3.13356794505164,57.80473002016082,86,1,1
22.916231782039766,0.34010391362104286,1,59876.554405638686,2.275255262195921,43.339440103880484,75,2,1
42.13923649185756,4.326008248776742,1,26248.380725509567,5.0633378116604995,44.97410220786651,72,2,2
31.602778548978705,3.0296947175463145,1,66749.38474500747,9.423180292122998,14.999745222656538,0,0,0
33.49405383148817,3.7037424143787434,0,59876.96029148413,9.110202423239489,104.98451252700306,49,1,0
34.8232238280919,2.794396758561851,1,58863.04302762354,9.383344000975859,38.16227447221206,1,1,0
17.21133951125636,3.9129545766406575,0,87715.02559101206,9.387135317087164,82.74201138746616,14,0,0
12.870386774208507,2.610666685388919,0,115822.59114485067,9.187855943336404,47.788875586546766,2,1,0
33.72112397894367,1.9478287767598301,1,68249.01446904369,9.34058575907297,82.39213353044424,0,0,2
25.28235283540677,0.39324446884640596,1,10995.306167960909,8.643374247476126,106.29680233208265,75,0,0
34.5733054007437,3.5415682736849425,1,113953.94774759945,3.231573218303355,1.6320553058533074,48,1,0
35.43532517953476,0.9754319673952327,1,61218.13798222097,9.791453460267002,49.21345813059038,43,1,2
25.088792146130736,0.6638726861471522,1,85865.62409594578,7.699030209003926,39.994297939355164,6,1,2
17.18887669636405,0.44865389927156274,1,50198.13322554997,5.106672299595946,44.566243454501674,72,1,2
42.40988507660526,0.39324446884640596,0,15047.410513135108,1.0688555657904635,106.29680233208265,29,0,0
32.50464113601731,3.9818679289159515,0,40727.81511207174,4.960735321667508,14.574925915846109,71,0,1
31.38938738339186,3.678481599249191,1,60068.5490941732,9.013888094087422,108.06017848875234,11,1,0
17.048290971713584,0.5382988094538153,1,27569.75338298478,2.921049503049585,55.50629807557866,72,1,2
15.032902985007413,1.8852818547810934,0,90431.0405396988,4.179504195680064,84.59459125771278,1,2,1
39.11764851549948,0.6325920361995913,1,68279.76669890371,4.1265580890782765,46.067422241516816,10,1,0
12.070340659306895,0.8140271556032529,0,86168.2798423748,5.7385810160516355,45.57648342576721,6,2,0
17.21133951125636,1.1316271023897024,0,85856.94000178007,9.387135317087164,82.61483559414683,4,0,0
39.245702129703744,3.3194790230171547,1,61017.631049813084,9.408079197219571,38.16227447221206,1,1,0
46.18351078836132,3.1746763149932455,1,58886.5381379918,9.383344000975859,64.65657407950543,14,2,1
40.67012409995369,0.3112674870833171,1,89931.81892707426,4.235535957704376,113.55183536783312,28,2,1
33.24678675632766,0.4515944567620259,0,27133.580315706546,1.0554079682719903,7.532811717528503,28,2,1
30.378441756257644,0.9109993064756972,0,86168.2798423748,5.7385810160516355,108.55501099037424,6,2,0
25.47834163889646,0.3665434338521084,1,66692.14985747664,8.643374247476126,106.29680233208265,77,0,0
13.483743526539529,0.6994517349708057,0,119405.83533558084,7.0396877373660605,47.97514170132289,68,2,2
15.466352300593945,3.1019954936946585,0,86102.56990256472,1.5820527643057012,86.27189305694888,4,0,2
33.78756907045958,3.7037424143787434,1,87038.13656205141,9.096817676319269,106.2176903632672,6,1,2
15.35231852929364,1.8852818547810934,0,90431.0405396988,4.179504195680064,84.59459125771278,1,1,1
34.27788558863159,4.677354064416699,0,23733.750500306254,3.13356794505164,57.80473002016082,88,1,1
10.293519778374446,4.650398791375079,0,20157.395002790112,3.123633475096691,50.91482016491207,98,1,0
31.602778548978705,0.8594542660590918,1,67101.54762658525,9.423180292122998,46.16872476083624,1,0,1
25.088792146130736,3.6885108962381445,1,87723.70968517776,7.699030209003926,41.29138286300145,16,1,2
34.69517021388755,0.6325920361995913,1,68279.76669890371,4.097944180598392,46.067422241516816,10,1,0
28.86130959122926,0.6638726861471522,0,85865.62409594578,7.699030209003926,44.43494969782772,6,2,0
15.032902985007413,1.8852818547810934,1,60005.09102629221,1.6193046596230403,84.59459125771278,0,2,0
17.780216864568388,1.3226651341337885,1,100267.8170614191,5.170552055988715,42.17858674416178,72,1,2
13.09350409673789,3.5815393942037215,1,60068.5490941732,9.013888094087422,45.07282018470884,11,1,0
31.40678974548906,3.0296947175463145,1,11056.8717362719,9.423180292122998,18.58245251315763,0,0,0
35.31438669629261,0.9754319673952327,1,51009.19803518998,3.4648362382234734,57.9362568142303,37,1,0
40.67012409995369,0.3112674870833171,1,45961.31269009487,1.578754682034081,106.1230621353905,29,2,1
42.099999080887194,0.39324446884640596,0,15047.410513135108,9.653595936398588,106.29680233208265,29,2,0
15.154356292245629,1.8852818547810934,1,60088.860473115725,9.516944330447368,83.87003678636324,1,2,0
34.66820033864627,2.388649484593428,0,62065.716912143755,8.636183421087612,50.677902766276205,6,2,0
10.418316196956125,1.866457349822878,1,69066.82843730666,9.34058575907297,82.39213353044424,0,0,2
41.63723818969776,0.3460041372341274,1,23549.377037813938,8.521451626084236,105.96436896086306,31,0,1
10.51766951038637,2.629008760432091,0,95595.19042658174,5.7385810160516355,14.407527453190172,1,2,0
11.509383293034247,0.7688795372685227,0,86103.21978500056,9.338181857268745,44.109722763339875,7,2,2
31.602778548978705,3.0296947175463145,1,66749.38474500747,7.994738404539391,27.355417315972687,10,0,0
36.72762107546072,2.794396758561851,1,58863.04302762354,9.383344000975859,37.12111783704662,11,1,0
31.292811295932957,3.194639523373812,1,12324.90767783218,9.408134863340747,21.50205205545327,0,1,0
25.088792146130736,0.6638726861471522,1,85782.70514457668,7.699030209003926,40.83505472222234,0,2,0
23.99400071375375,3.3469878582480623,0,87715.02559101206,9.387135317087164,80.0568600350811,1,0,0
10.563086861289156,3.0296947175463145,0,67101.54762658525,6.074489558917703,19.546717042844467,1,0,1
15.161858697317466,1.9933448036227017,1,68249.01446904369,9.34058575907297,82.39213353044424,4,0,2
10.51766951038637,0.8140271556032529,0,86168.2798423748,5.7385810160516355,45.57648342576721,11,2,0
42.40988507660526,0.39324446884640596,1,15862.878737926174,1.0688555657904635,106.29680233208265,29,0,0
15.338983819223385,1.694715297278373,1,60005.09102629221,1.6193046596230403,80.28361138831201,3,2,0
41.520878056219416,0.8353536190419895,1,67101.54762658525,8.652403744930638,103.85730122786649,2,0,1
34.78446091841686,3.183403483500449,1,87038.13656205141,9.83014072762301,64.34504634940383,6,2,1
13.23737280110205,3.5815393942037215,1,88595.97304282268,9.013888094087422,41.87104775316986,1,1,0
10.418316196956125,1.104166634843256,0,69066.82843730666,9.34386551661923,82.39213353044424,4,0,2
34.69517021388755,0.6258904700133061,1,68279.76669890371,4.606788529379522,46.067422241516816,10,1,0
39.11764851549948,0.6325920361995913,1,68279.76669890371,2.9900632631792927,46.067422241516816,0,1,0
33.790476951448866,3.7037424143787434,1,59876.96029148413,9.06146472500378,106.52640164549473,1,1,0
39.35968057907677,3.0296947175463145,1,59751.74013601218,9.423124626001824,38.09047958826355,1,0,0
15.032902985007413,1.8852818547810934,1,89951.68570740892,4.179504195680064,83.75383435769723,6,2,0
15.278868415737149,1.8745012835799593,1,60088.860473115725,8.035841111053768,83.87003678636324,14,2,0
32.64873337352822,2.629008760432091,0,95595.19042658174,9.086667325184655,14.407527453190172,1,2,0
33.71386907121088,3.0564794668314406,0,83625.00583783732,9.552297282163472,84.59459125771278,0,2,2
12.070340659306895,0.8140271556032529,1,86168.2798423748,5.7385810160516355,45.57648342576721,6,2,0
41.63723818969776,0.2702971081207619,0,23549.377037813938,7.894852495640822,105.96436896086306,32,0,1
35.00879261048335,1.2928326066315923,1,51009.19803518998,3.369073500528481,58.204191095963274,37,1,0
31.71913865905541,0.39324446884640596,1,15047.410513135108,9.401154287423463,51.72431638800326,28,0,0
47.96783475779846,3.6950152458715357,1,58886.5381379918,8.920315674774042,104.30729267741495,14,1,2
15.208449824950582,1.8852818547810934,0,61903.616578217225,4.179504195680064,87.7963626605838,11,1,1
17.21133951125636,1.8939178173804958,1,85856.94000178007,9.383855559540907,82.61483559414683,0,0,0
33.78756907045958,3.7037424143787434,1,58455.804191428324,9.225545526883232,37.93086410310545,11,1,0
40.51166897395146,3.923049263363398,0,107606.62933127735,3.231573218303355,4.2025655429728825,42,2,0
22.838564708972264,1.5780174498913657,1,39750.44653774956,6.45201217000673,23.730930395370798,87,1,1
17.573280777129238,3.526668522947269,1,87962.24042165943,7.927558687506667,67.62369067149957,97,0,2
33.83811551148133,1.4959053659912336,0,101441.68739650761,1.1191685565568066,7.30532685188797,28,2,1
33.78756907045958,3.7037424143787434,1,59876.96029148413,9.06146472500378,37.93086410310545,11,1,0
20.69873435321917,1.398736098741435,0,15524.981838486781,3.544476818960054,25.38212887525555,60,1,2
16.77571252225357,3.9129545766406575,0,87785.90440555984,1.431670558511936,82.74201138746616,67,0,0
40.65869029920632,4.938703734472884,0,100649.04666969305,2.6530038443886363,17.406078198536754,78,1,1
36.90701010322883,4.931192746401193,0,37411.58387767984,7.983896796032456,44.448692326352294,64,2,1
42.009974029303244,4.414312834983379,1,26257.69755717802,2.5590415967250624,53.93306363202491,72,1,2
18.783067657990536,4.56405025891959,0,92008.68812017214,1.1758582345965507,108.17394418499444,92,1,0
38.92834118192419,3.5410345705158623,1,61960.13518671003,5.971213734353549,48.48071924870569,92,1,1
12.984188516193985,2.7724843863175437,0,1841.7411637300481,9.127900712690296,16.318748442327994,93,0,1
10.293519778374446,4.616191040351103,0,23508.91787080103,3.132856871420473,50.5838150413374,86,1,1
17.177381027603747,0.44865389927156274,1,26112.331092408742,5.106672299595946,44.5757381147073,72,2,2
41.28170688242818,1.8506577257000374,1,69811.01605111835,3.8883178183448717,68.12213943668723,92,2,1
31.602778548978705,3.0296947175463145,0,67101.54762658525,9.423180292122998,14.999745222656538,1,0,1
34.66820033864627,2.388649484593428,0,62065.716912143755,8.636183421087612,50.677902766276205,2,1,0
33.70104942712817,3.9642894024861413,0,40952.64774135301,4.8806949864237055,78.48671375537994,80,0,2
35.43532517953476,0.9754319673952327,1,47111.30746398807,9.791453460267002,49.21345813059038,44,1,2
22.916231782039766,0.3112674870833171,1,60068.143208327754,2.2298212452378907,113.55183536783312,75,2,1
38.824133276529686,0.6325920361995913,0,68279.76669890371,4.176046979485473,43.6429761284317,48,1,0
10.586660934052986,4.813907924585814,0,67821.44988394577,5.643077899424011,104.75314869004379,91,1,1
25.088792146130736,0.6638726861471522,1,85865.62409594578,7.699030209003926,39.994297939355164,6,2,0
12.186556029062805,1.1304916368158568,0,119301.69619915844,7.0396877373660605,47.97514170132289,68,2,2
15.032902985007413,1.8852818547810934,1,89868.76675603981,4.179504195680064,84.59459125771278,0,2,0
46.18351078836132,3.1171082067039797,0,58886.5381379918,9.383344000975859,64.65657407950543,14,2,1
34.10180100533948,3.9104806533465135,1,117242.80542575724,9.818016241896178,111.80488142735749,83,0,2
41.63723818969776,0.39324446884640596,1,15047.410513135108,8.512309687556726,106.29680233208265,29,0,0
34.22878772540348,4.656187265715176,1,114324.0766072559,4.545134328193862,34.14545028860093,99,2,1
40.71998518986325,3.4334594793511153,1,15538.895821723163,7.763138810163459,76.30517558735207,90,0,2
40.51166897395146,3.923049263363398,0,108175.01325340664,9.890817866656953,8.056008120163899,42,2,2
37.198461516353106,4.931192746401193,1,37411.58387767984,8.197877571404227,68.11979567078387,64,2,1
10.293519778374446,4.616191040351103,0,25502.631509058938,4.222169937911204,63.224837328665686,96,1,1
33.78756907045958,3.7037424143787434,1,59876.96029148413,8.747703459654767,37.93086410310545,91,1,1
14.507844415930187,2.388649484593428,0,62065.716912143755,8.636183421087612,53.03047778629164,6,1,0
25.14479952082924,0.6638726861471522,1,85887.3850242581,0.9058168623501912,39.994297939355164,8,2,0
18.783067657990536,4.56405025891959,0,92008.68812017214,1.1758582345965507,108.15037761265751,92,2,1
17.04320759667621,0.4472554317956251,1,60068.143208327754,2.2298212452378907,44.5541857834211,72,2,1
10.39171563813384,4.668345635133782,0,17514.021427618227,3.8261765907827163,104.75314869004379,95,1,2
13.515067684852934,2.7724843863175437,0,1841.7411637300481,7.030039190111211,16.318748442327994,93,0,1
34.12717810962822,3.9700653823896594,0,98979.85315765483,5.077507762754854,75.33136130471529,78,1,1
38.81531019654763,4.767506589859332,1,26257.69755717802,9.834952624301069,54.43106487494613,71,0,2
38.76608356869846,1.1965896391118531,1,62128.63757520288,6.052899107109006,49.20745293085409,41,1,2
18.629743606663865,1.6257999961530756,1,40447.894558637825,6.45201217000673,25.224066338304016,87,1,1
18.49059965883354,0.487740415033068,1,87475.23339343072,8.512309687556726,106.29680233208265,37,0,0
34.10180100533948,3.9104806533465135,1,104795.45170371603,3.0128944696203264,111.0232616792287,89,0,0
41.28170688242818,1.7939728176034677,0,69811.01605111835,3.6743263094758447,44.95756056722926,92,2,1
38.824133276529686,0.7225791421122002,0,66286.0596898608,3.0867339129947458,29.00871674444189,48,1,0
31.416457568732177,4.629859661059604,1,114324.0766072559,4.545134328193862,34.14545028860093,11,2,0
35.89412807736161,1.8852818547810934,1,89868.76675603981,4.179504195680064,82.24201623112499,0,2,0
33.78210813678612,1.4959053659912336,0,101419.92646737043,7.487513511362838,7.30532685188797,27,2,1
46.18351078836132,3.1171082067039797,0,58886.5381379918,9.383344000975859,64.67948605576947,10,1,0
23.05040521354777,0.3126659545592575,1,26112.331092408742,5.106672299595946,113.50264070199745,75,2,2
20.9896920808734,1.398736098741435,0,65832.85290453964,5.361378127602567,25.38212887525555,60,1,1
12.197294061006438,1.0725937126725933,0,119301.69619915844,9.540667061776716,47.97514170132289,65,2,2
40.23256161662381,4.930585079693054,0,46826.64732362799,2.456191071696914,20.562058239442347,80,0,2
41.99571265733583,3.0296947175463145,0,67101.54762658525,1.7807087242414643,14.50187751595492,3,1,1
35.59758279276048,3.3198806241017493,1,46942.80507549522,9.698363008591162,48.486724448441976,94,1,1
22.479211204434947,3.8651711349099678,0,87088.4556113071,1.431670558511936,67.72335154222847,72,0,0
35.18349831902036,0.7225791421122002,1,47267.78377955476,9.507825928478784,49.10438896094913,44,1,0
33.67524822374541,1.4959053659912336,0,101419.92646737043,7.487513511362838,9.672322110591626,31,2,1
39.2026201830585,1.1965896391118531,1,62128.63757520288,8.500799245396044,104.98343910785678,41,1,2
46.18351078836132,3.117313455970136,0,58886.5381379918,9.383344000975859,64.29530660458425,14,2,1
32.75629896994335,4.565473018085725,1,92970.58573087039,1.1842827879600955,108.15037761265751,92,2,1
17.04320759667621,0.4472554317956251,1,60181.71381837367,2.2298212452378907,7.8188083481319595,72,2,1
25.14479952082924,0.6638726861471522,0,85887.3850242581,0.8481408410321414,43.301007449396266,62,2,0
34.903433676556574,2.388649484593428,0,62065.716912143755,9.082764039455494,63.08920199466867,2,1,0
15.08826396860744,2.7860522709597966,0,91424.22549849935,4.189065846018957,16.318748442327994,93,2,1
38.824133276529686,0.6325920361995913,0,68279.76669890371,9.233773139610735,64.7842967607772,10,1,0
41.61196213015333,3.7037424143787434,1,59187.88648957412,9.077972470334272,39.97266755484278,4,1,0
20.69873435321917,3.2299490718215034,0,15524.981838486781,9.729168878959443,25.38212887525555,60,1,2
18.783067657990536,4.56405025891959,0,25370.02370986218,1.233980822218204,108.17394418499444,92,2,0
25.06484587346187,1.8822862171180617,1,85865.62409594578,7.59502886602147,39.994297939355164,0,2,0
41.99571265733583,3.0296947175463145,0,67101.54762658525,1.7807087242414643,14.644852863108849,3,1,1
39.07596013704406,1.0498858691680963,0,66129.58337429422,3.3295914395940853,29.117785914205747,48,1,2
31.52331748177288,4.629859661059604,1,114324.0766072559,4.545134328193862,34.14545028860093,11,2,0
18.05411392708915,0.4872625133736499,1,87475.23339343072,6.064409431525943,50.51921056288271,37,0,0
31.602778548978705,2.9630110635296156,0,67101.54762658525,9.423180292122998,15.361410456813779,1,0,1
20.255557440131103,4.65476450654904,0,113361.73664815599,4.5367207458451,34.14545028860093,100,2,1
33.83811551148133,1.4959053659912336,0,101328.09394780132,1.1798349088660198,44.04354824660542,28,2,1
16.77571252225357,3.9129545766406575,1,89520.18132008858,1.662093006789866,79.43530184897668,9,0,0
14.080438818236527,1.3598013387423618,0,65906.23656940165,8.47931465773488,52.99920553974233,6,1,0
12.928827532634607,1.8717139701389254,1,1697.1430947555273,9.117723420444243,84.59459125771278,7,0,0
46.18351078836132,3.1171082067039797,0,60034.33067064171,4.22277694642673,43.538165423425724,47,1,0
31.58847726983481,0.39324446884640596,1,11783.049295493962,8.49580194222447,104.25043483696305,30,0,0
35.59758279276048,1.4425702445429445,1,46942.80507549522,3.4773448675661096,56.79399732609751,90,1,1
17.177381027603747,0.44865389927156274,1,92751.0651871596,5.048582589095717,44.5757381147073,72,1,2
35.918074349903705,0.6289194973839285,1,89868.76675603981,4.28350545877977,82.24201623112499,6,2,0
40.65869029920632,4.938703734472884,0,100649.04666969305,2.6530038443886363,17.263102851382826,78,1,1
18.08901512522491,0.4472554317956251,1,60181.71381837367,2.2298212452378907,7.8188083481319595,76,1,1
31.602778548978705,3.011738739104436,0,67101.54762658525,6.162985993417097,49.22001215262249,43,0,1
34.903433676556574,2.4281916335338756,0,62065.716912143755,9.082764039455494,63.08920199466867,27,0,0
35.89412807736161,1.8852818547810934,1,58672.34752423991,9.218057964687876,63.94404829130185,0,2,0
25.102507638587163,0.6638726861471522,1,97980.05949005001,7.993543562300822,43.45873102183953,6,2,0
30.730143636617584,1.9080011485072625,1,89868.76675603981,4.231677770220617,84.59459125771278,31,0,0
46.18351078836132,1.3468598882315241,0,58886.5381379918,9.383344000975859,64.67948605576947,16,1,0
21.679834272974837,4.703329428308537,0,92008.68812017214,1.1758582345965507,108.15037761265751,92,2,1
31.828490748149356,3.6560212787001576,0,92060.96929699945,1.4857682035931168,108.17394418499444,94,0,1
33.47330148591425,0.6157652912005533,1,59876.96029148413,9.06146472500378,38.00739850955663,11,1,0
13.351386153318474,1.8687008048203344,0,61354.187005937114,8.636183421087612,53.03047778629164,6,1,0
25.352254712186213,3.9129545766406575,1,90482.17952219115,1.6082293610322722,81.03010097308508,9,0,0
39.2026201830585,0.5094556074024968,1,87569.14391824692,8.500799245396044,112.6153448905169,41,1,2
18.49059965883354,0.487740415033068,1,87393.03941962431,9.06689251995796,106.29680233208265,37,0,0
35.88593981557744,0.4559919429161792,1,89970.10795256795,5.118360847518352,42.29184590326377,83,2,2
34.1377162192186,0.7225791421122002,1,47267.78377955476,9.507825928478784,49.10438896094913,44,2,0
38.76608356869846,1.308999636883755,1,62128.63757520288,9.312649304416476,14.987209070677928,0,1,2
41.63723818969776,0.39324446884640596,1,15047.410513135108,8.512309687556726,96.05826704857671,4,1,0
46.18351078836132,3.1171082067039797,0,90082.95734694597,4.774367229139751,78.84499939446145,16,2,1
31.509601989316533,4.720258825408131,1,114324.0766072559,4.25061999579127,34.04729682633306,11,2,0
15.89135267899077,0.3705864190663566,1,11783.049295493962,8.443614455082589,104.25043483696305,0,2,0
14.080438818236527,3.038106816976842,0,65906.23656940165,8.47931465773488,52.99920553974233,6,1,0
20.69873435321917,1.251747542899138,0,15524.981838486781,3.544476818960054,25.38212887525555,63,1,2
18.55735597668779,4.5933680685096645,0,67101.54762658525,9.10031298418454,15.361410456813779,5,1,0
38.824133276529686,3.720834806308032,0,68279.76669890371,9.233773139610735,60.294126521278834,10,1,0
12.928827532634607,2.630191065984955,1,2845.707846232828,9.117723420444243,84.59459125771278,8,0,0
16.488303807932702,1.8822862171180617,1,85865.62409594578,7.649008342555479,36.85429385737244,0,2,0
18.05411392708915,1.174396555299103,1,62034.72704965842,6.064409431525943,42.78496448379773,37,0,0
41.61196213015333,3.7037424143787434,1,59270.08046115626,7.225583710475277,39.97266755484278,2,1,0
16.746917256416378,0.621581453739313,1,26011.0412128162,4.271816910857363,84.5259082988074,6,2,0
18.783067657990536,4.56405025891959,0,90949.14855166768,1.1758582345965507,108.17394418499444,94,2,0
31.602778548978705,3.0565283070214657,1,67101.54762658525,9.423180292122998,33.672649709071464,1,2,1
23.802258051799136,1.398736098741435,1,94632.2466556677,3.544476818960054,25.38212887525555,56,1,2
14.498456931852568,1.212510599146884,0,62141.02705410701,8.47931465773488,55.75190717713685,6,1,0
42.46837571387493,3.7037424143787434,1,59187.88648957412,9.077972470334272,35.33878787788938,4,1,0
18.8224038548064,4.5933680685096645,0,67101.54762658525,8.496801953514135,55.19238838745982,4,1,0
38.54120122231356,1.2333961643859026,1,1920.4554372377752,6.052899107109006,49.20745293085409,7,0,0
13.451283512651312,0.5790404128318594,0,63001.167908171876,8.636183421087612,53.03047778629164,6,2,0
33.47330148591425,0.6161918411653874,1,59876.96029148413,8.988698957581661,38.097902165315496,11,1,0
17.446209134997744,0.531904600625662,1,58732.778912938826,6.157769497838688,50.71371964916317,37,0,0
35.89412807736161,3.9035165067358397,1,58722.27356441492,9.218057964687876,63.94404829130185,0,2,0
41.63723818969776,2.1843494951528752,1,15047.410513135108,7.090434487902973,107.13414477803096,29,0,0
22.638011065588916,1.8822862171180617,1,85865.62409594578,7.5802043264306,43.176783092612354,0,2,0
32.22485391684966,3.7037424143787434,1,59270.08046115626,7.225583710475277,39.97266755484278,2,1,0
31.58847726983481,0.39324446884640596,1,11783.049295493962,8.49580194222447,104.25043483696305,1,0,0
15.010582588183407,0.40910695587805357,1,11783.049295493962,8.443614455082589,104.25043483696305,0,1,0
31.52331748177288,4.526209592175869,0,112198.4533717984,4.545134328193862,15.472545882231824,11,0,0
19.58762889101135,3.9129545766406575,0,7744.332369633346,1.6082293610322722,81.03010097308508,9,0,0
14.089826302314146,2.5145915285413567,0,65830.9264274384,8.636183421087612,53.03047778629164,6,1,0
41.63723818969776,0.39324446884640596,1,15047.410513135108,8.512309687556726,96.03179905569098,4,1,0
13.81539099297559,3.3576232314387293,0,65906.23656940165,9.082825688402059,13.168726999296098,6,1,0
12.928827532634607,1.3140990574315106,1,62388.72860611881,8.182791203543397,84.59459125771278,41,1,2
16.64701989841688,1.911243393078414,1,24364.062618497956,4.271816910857363,84.5259082988074,6,1,0
25.088792146130736,0.6634461361823182,1,85865.62409594578,7.771795958209431,39.90379428359629,6,2,0
34.71657235441062,3.659807158227456,1,88619.41476093663,8.96808631913033,37.736355016825,11,1,0
16.77571252225357,1.8947196547267746,1,89470.25526723772,2.743182525888706,79.43530184897668,9,0,0
12.928827532634607,0.3713908058843598,1,9255.912962060545,9.117723420444243,85.02561111342033,9,0,0
35.918074349903705,0.6289194973839285,1,89868.76675603981,3.199624250279913,79.05953105890796,6,2,0
40.98988674248484,2.9630110635296156,0,67101.54762658525,9.423180292122998,15.361410456813779,1,0,1
15.032902985007413,1.8852818547810934,1,89868.76675603981,4.179504195680064,84.59459125771278,30,2,0
