bandwidth,cruise_speed,firm_obstacle,illuminance,obstacle_distance,obstacle_size,power,quality,smoke_intensity
33.79195237657045,0.005118105018465657,0,62171.808054000256,8.64498071741177,44.912473962474465,67,1,1
33.79195237657045,0.005118105018465657,0,62171.808054000256,8.64498071741177,44.912473962474465,86,1,1
33.79195237657045,0.005118105018465657,0,62171.808054000256,8.64498071741177,44.912473962474465,22,1,1
33.79195237657045,0.005118105018465657,0,62171.808054000256,8.64498071741177,44.912473962474465,89,1,1
33.79195237657045,0.005118105018465657,0,62171.808054000256,8.64498071741177,44.912473962474465,84,1,1
33.79195237657045,0.005118105018465657,0,62171.808054000256,8.64498071741177,44.912473962474465,77,1,1
33.79195237657045,0.005118105018465657,0,62171.808054000256,8.64498071741177,44.912473962474465,77,1,1
33.79195237657045,0.005118105018465657,0,62171.808054000256,8.64498071741177,44.912473962474465,3,1,1
33.79195237657045,0.005118105018465657,0,62171.808054000256,8.64498071741177,44.912473962474465,14,1,1
33.79195237657045,0.005118105018465657,0,62171.808054000256,8.64498071741177,44.912473962474465,5,1,1
33.79195237657045,0.005118105018465657,0,62171.808054000256,8.64498071741177,44.912473962474465,84,1,1
33.79195237657045,0.005118105018465657,0,62171.808054000256,8.64498071741177,44.912473962474465,33,1,1
33.79195237657045,0.005118105018465657,0,62171.808054000256,8.64498071741177,44.912473962474465,35,1,1
33.79195237657045,0.005118105018465657,0,62171.808054000256,8.64498071741177,44.912473962474465,88,1,1
33.79195237657045,0.005118105018465657,0,62171.808054000256,8.64498071741177,44.912473962474465,27,1,1
33.79195237657045,0.005118105018465657,0,62171.808054000256,8.64498071741177,44.912473962474465,96,1,1
33.79195237657045,0.005118105018465657,0,62171.808054000256,8.64498071741177,44.912473962474465,31,1,1
33.79195237657045,0.005118105018465657,0,62171.808054000256,8.64498071741177,44.912473962474465,53,1,1
33.79195237657045,0.005118105018465657,0,62171.808054000256,8.64498071741177,44.912473962474465,83,1,1
33.79195237657045,0.005118105018465657,0,62171.808054000256,8.64498071741177,44.912473962474465,79,1,1
33.79195237657045,0.005118105018465657,0,62171.808054000256,8.64498071741177,44.912473962474465,47,1,1
33.79195237657045,0.005118105018465657,0,62171.808054000256,8.64498071741177,44.912473962474465,33,1,1
33.79195237657045,0.005118105018465657,0,62171.808054000256,8.64498071741177,44.912473962474465,92,1,1
33.79195237657045,0.005118105018465657,0,62171.808054000256,8.64498071741177,44.912473962474465,82,1,1
33.79195237657045,0.005118105018465657,0,62171.808054000256,8.64498071741177,44.912473962474465,70,1,1
33.79195237657045,0.005118105018465657,0,62171.808054000256,8.64498071741177,44.912473962474465,82,1,1
33.79195237657045,0.005118105018465657,0,62171.808054000256,8.64498071741177,44.912473962474465,16,1,1
33.79195237657045,0.005118105018465657,0,62171.808054000256,8.64498071741177,44.912473962474465,7,1,1
33.79195237657045,0.005118105018465657,0,62171.808054000256,8.64498071741177,44.912473962474465,22,1,1
33.79195237657045,0.005118105018465657,0,62171.808054000256,8.64498071741177,44.912473962474465,97,1,1
11.509129338366506,1.7185397221427605,0,32715.908349786467,4.563197347749888,15.538703399953743,97,0,2
11.509129338366506,0.8874803636233075,0,32715.908349786467,4.563197347749888,15.538703399953743,97,0,2
11.509129338366506,2.5987573245626305,0,32715.908349786467,4.563197347749888,15.538703399953743,97,0,2
11.509129338366506,3.1106425506818143,0,32715.908349786467,4.563197347749888,15.538703399953743,97,0,2
11.509129338366506,0.08394797793308706,0,32715.908349786467,4.563197347749888,15.538703399953743,97,0,2
11.509129338366506,0.7433646416587963,0,32715.908349786467,4.563197347749888,15.538703399953743,97,0,2
11.509129338366506,1.7203149323839395,0,32715.908349786467,4.563197347749888,15.538703399953743,97,0,2
11.509129338366506,1.1091866000998163,0,32715.908349786467,4.563197347749888,15.538703399953743,97,0,2
11.509129338366506,3.0154412217587465,0,32715.908349786467,4.563197347749888,15.538703399953743,97,0,2
11.509129338366506,0.4279183717256352,0,32715.908349786467,4.563197347749888,15.538703399953743,97,0,2
11.509129338366506,3.67412058671609,0,32715.908349786467,4.563197347749888,15.538703399953743,97,0,2
11.509129338366506,2.3926123851894228,0,32715.908349786467,4.563197347749888,15.538703399953743,97,0,2
11.509129338366506,1.4690274848658365,0,32715.908349786467,4.563197347749888,15.538703399953743,97,0,2
11.509129338366506,4.848952533408832,0,32715.908349786467,4.563197347749888,15.538703399953743,97,0,2
11.509129338366506,4.925828223151815,0,32715.908349786467,4.563197347749888,15.538703399953743,97,0,2
11.509129338366506,4.501954833156874,0,32715.908349786467,4.563197347749888,15.538703399953743,97,0,2
11.509129338366506,4.804055248060617,0,32715.908349786467,4.563197347749888,15.538703399953743,97,0,2
11.509129338366506,0.4288469160431302,0,32715.908349786467,4.563197347749888,15.538703399953743,97,0,2
11.509129338366506,1.6924688767150182,0,32715.908349786467,4.563197347749888,15.538703399953743,97,0,2
11.509129338366506,0.7210528787143583,0,32715.908349786467,4.563197347749888,15.538703399953743,97,0,2
11.509129338366506,2.3747534007312137,0,32715.908349786467,4.563197347749888,15.538703399953743,97,0,2
11.509129338366506,4.669808252787641,0,32715.908349786467,4.563197347749888,15.538703399953743,97,0,2
11.509129338366506,2.629018873325251,0,32715.908349786467,4.563197347749888,15.538703399953743,97,0,2
11.509129338366506,4.721125389114948,0,32715.908349786467,4.563197347749888,15.538703399953743,97,0,2
11.509129338366506,3.358434134213235,0,32715.908349786467,4.563197347749888,15.538703399953743,97,0,2
11.509129338366506,0.6619790949547488,0,32715.908349786467,4.563197347749888,15.538703399953743,97,0,2
11.509129338366506,4.829756373734485,0,32715.908349786467,4.563197347749888,15.538703399953743,97,0,2
11.509129338366506,3.259851804056113,0,32715.908349786467,4.563197347749888,15.538703399953743,97,0,2
11.509129338366506,2.798464693264587,0,32715.908349786467,4.563197347749888,15.538703399953743,97,0,2
11.509129338366506,0.9632880681034411,0,32715.908349786467,4.563197347749888,15.538703399953743,97,0,2
44.552057732309,3.269533062931324,1,37966.948717072904,7.258416756190743,71.42647033909313,96,0,0
44.38599022042753,3.269533062931324,1,37966.948717072904,7.258416756190743,71.42647033909313,96,0,0
42.580079433955966,3.269533062931324,1,37966.948717072904,7.258416756190743,71.42647033909313,96,0,0
12.678894518513296,3.269533062931324,1,37966.948717072904,7.258416756190743,71.42647033909313,96,0,0
37.53402939319524,3.269533062931324,1,37966.948717072904,7.258416756190743,71.42647033909313,96,0,0
48.50155646964698,3.269533062931324,1,37966.948717072904,7.258416756190743,71.42647033909313,96,0,0
34.245279918136376,3.269533062931324,1,37966.948717072904,7.258416756190743,71.42647033909313,96,0,0
31.27717208581371,3.269533062931324,1,37966.948717072904,7.258416756190743,71.42647033909313,96,0,0
49.8217649373291,3.269533062931324,1,37966.948717072904,7.258416756190743,71.42647033909313,96,0,0
47.45869320710534,3.269533062931324,1,37966.948717072904,7.258416756190743,71.42647033909313,96,0,0
44.612632152850715,3.269533062931324,1,37966.948717072904,7.258416756190743,71.42647033909313,96,0,0
49.270504391247876,3.269533062931324,1,37966.948717072904,7.258416756190743,71.42647033909313,96,0,0
26.749743043707937,3.269533062931324,1,37966.948717072904,7.258416756190743,71.42647033909313,96,0,0
22.23925992393322,3.269533062931324,1,37966.948717072904,7.258416756190743,71.42647033909313,96,0,0
17.796633388123425,3.269533062931324,1,37966.948717072904,7.258416756190743,71.42647033909313,96,0,0
31.081054550349336,3.269533062931324,1,37966.948717072904,7.258416756190743,71.42647033909313,96,0,0
48.65846825433011,3.269533062931324,1,37966.948717072904,7.258416756190743,71.42647033909313,96,0,0
36.83722784850269,3.269533062931324,1,37966.948717072904,7.258416756190743,71.42647033909313,96,0,0
42.82855707778273,3.269533062931324,1,37966.948717072904,7.258416756190743,71.42647033909313,96,0,0
38.15290807989314,3.269533062931324,1,37966.948717072904,7.258416756190743,71.42647033909313,96,0,0
45.7543077349227,3.269533062931324,1,37966.948717072904,7.258416756190743,71.42647033909313,96,0,0
18.01921322587669,3.269533062931324,1,37966.948717072904,7.258416756190743,71.42647033909313,96,0,0
16.14014120487955,3.269533062931324,1,37966.948717072904,7.258416756190743,71.42647033909313,96,0,0
40.685945725245084,3.269533062931324,1,37966.948717072904,7.258416756190743,71.42647033909313,96,0,0
25.192703001806347,3.269533062931324,1,37966.948717072904,7.258416756190743,71.42647033909313,96,0,0
45.34836115565459,3.269533062931324,1,37966.948717072904,7.258416756190743,71.42647033909313,96,0,0
11.995193238316508,3.269533062931324,1,37966.948717072904,7.258416756190743,71.42647033909313,96,0,0
19.123291769090734,3.269533062931324,1,37966.948717072904,7.258416756190743,71.42647033909313,96,0,0
40.212502428561756,3.269533062931324,1,37966.948717072904,7.258416756190743,71.42647033909313,96,0,0
47.644548917082176,3.269533062931324,1,37966.948717072904,7.258416756190743,71.42647033909313,96,0,0
16.86373742354437,2.874429147960522,1,67973.26861413833,6.286026344523602,104.51501913282192,43,2,2
16.86373742354437,2.874429147960522,1,67973.26861413833,6.286026344523602,104.51501913282192,43,1,2
16.86373742354437,2.874429147960522,1,67973.26861413833,6.286026344523602,104.51501913282192,43,0,2
16.86373742354437,2.874429147960522,1,67973.26861413833,6.286026344523602,104.51501913282192,43,2,2
16.86373742354437,2.874429147960522,1,67973.26861413833,6.286026344523602,104.51501913282192,43,1,2
16.86373742354437,2.874429147960522,1,67973.26861413833,6.286026344523602,104.51501913282192,43,1,2
16.86373742354437,2.874429147960522,1,67973.26861413833,6.286026344523602,104.51501913282192,43,0,2
16.86373742354437,2.874429147960522,1,67973.26861413833,6.286026344523602,104.51501913282192,43,1,2
16.86373742354437,2.874429147960522,1,67973.26861413833,6.286026344523602,104.51501913282192,43,1,2
16.86373742354437,2.874429147960522,1,67973.26861413833,6.286026344523602,104.51501913282192,43,2,2
16.86373742354437,2.874429147960522,1,67973.26861413833,6.286026344523602,104.51501913282192,43,2,2
16.86373742354437,2.874429147960522,1,67973.26861413833,6.286026344523602,104.51501913282192,43,0,2
16.86373742354437,2.874429147960522,1,67973.26861413833,6.286026344523602,104.51501913282192,43,0,2
16.86373742354437,2.874429147960522,1,67973.26861413833,6.286026344523602,104.51501913282192,43,2,2
16.86373742354437,2.874429147960522,1,67973.26861413833,6.286026344523602,104.51501913282192,43,2,2
16.86373742354437,2.874429147960522,1,67973.26861413833,6.286026344523602,104.51501913282192,43,0,2
16.86373742354437,2.874429147960522,1,67973.26861413833,6.286026344523602,104.51501913282192,43,1,2
16.86373742354437,2.874429147960522,1,67973.26861413833,6.286026344523602,104.51501913282192,43,0,2
16.86373742354437,2.874429147960522,1,67973.26861413833,6.286026344523602,104.51501913282192,43,1,2
16.86373742354437,2.874429147960522,1,67973.26861413833,6.286026344523602,104.51501913282192,43,0,2
16.86373742354437,2.874429147960522,1,67973.26861413833,6.286026344523602,104.51501913282192,43,1,2
16.86373742354437,2.874429147960522,1,67973.26861413833,6.286026344523602,104.51501913282192,43,1,2
16.86373742354437,2.874429147960522,1,67973.26861413833,6.286026344523602,104.51501913282192,43,0,2
16.86373742354437,2.874429147960522,1,67973.26861413833,6.286026344523602,104.51501913282192,43,1,2
16.86373742354437,2.874429147960522,1,67973.26861413833,6.286026344523602,104.51501913282192,43,1,2
16.86373742354437,2.874429147960522,1,67973.26861413833,6.286026344523602,104.51501913282192,43,1,2
16.86373742354437,2.874429147960522,1,67973.26861413833,6.286026344523602,104.51501913282192,43,0,2
16.86373742354437,2.874429147960522,1,67973.26861413833,6.286026344523602,104.51501913282192,43,1,2
16.86373742354437,2.874429147960522,1,67973.26861413833,6.286026344523602,104.51501913282192,43,2,2
16.86373742354437,2.874429147960522,1,67973.26861413833,6.286026344523602,104.51501913282192,43,2,2
40.35733020235,4.123854434938286,0,68879.72207099386,2.418985816302086,28.885200108209304,34,2,2
40.35733020235,4.123854434938286,0,91494.90259339061,2.418985816302086,28.885200108209304,34,2,2
40.35733020235,4.123854434938286,0,46346.01981566711,2.418985816302086,28.885200108209304,34,2,2
40.35733020235,4.123854434938286,0,106966.51966254652,2.418985816302086,28.885200108209304,34,2,2
40.35733020235,4.123854434938286,0,70136.1766673545,2.418985816302086,28.885200108209304,34,2,2
40.35733020235,4.123854434938286,0,19527.84318755792,2.418985816302086,28.885200108209304,34,2,2
40.35733020235,4.123854434938286,0,54952.29061663434,2.418985816302086,28.885200108209304,34,2,2
40.35733020235,4.123854434938286,0,84661.14310570397,2.418985816302086,28.885200108209304,34,2,2
40.35733020235,4.123854434938286,0,93626.02942162147,2.418985816302086,28.885200108209304,34,2,2
40.35733020235,4.123854434938286,0,14059.416171924833,2.418985816302086,28.885200108209304,34,2,2
40.35733020235,4.123854434938286,0,90650.10147927249,2.418985816302086,28.885200108209304,34,2,2
40.35733020235,4.123854434938286,0,76620.76737109567,2.418985816302086,28.885200108209304,34,2,2
40.35733020235,4.123854434938286,0,76054.71978822122,2.418985816302086,28.885200108209304,34,2,2
40.35733020235,4.123854434938286,0,106653.76220599606,2.418985816302086,28.885200108209304,34,2,2
40.35733020235,4.123854434938286,0,35727.0661199926,2.418985816302086,28.885200108209304,34,2,2
40.35733020235,4.123854434938286,0,38576.05511680472,2.418985816302086,28.885200108209304,34,2,2
40.35733020235,4.123854434938286,0,84692.85016546209,2.418985816302086,28.885200108209304,34,2,2
40.35733020235,4.123854434938286,0,98851.70954275558,2.418985816302086,28.885200108209304,34,2,2
40.35733020235,4.123854434938286,0,61884.5701416562,2.418985816302086,28.885200108209304,34,2,2
40.35733020235,4.123854434938286,0,13584.162301612014,2.418985816302086,28.885200108209304,34,2,2
40.35733020235,4.123854434938286,0,29512.33284427184,2.418985816302086,28.885200108209304,34,2,2
40.35733020235,4.123854434938286,0,40032.98965273626,2.418985816302086,28.885200108209304,34,2,2
40.35733020235,4.123854434938286,0,58037.128479218816,2.418985816302086,28.885200108209304,34,2,2
40.35733020235,4.123854434938286,0,91520.8213837327,2.418985816302086,28.885200108209304,34,2,2
40.35733020235,4.123854434938286,0,36823.60146021528,2.418985816302086,28.885200108209304,34,2,2
40.35733020235,4.123854434938286,0,104216.03460813624,2.418985816302086,28.885200108209304,34,2,2
40.35733020235,4.123854434938286,0,54820.507276849625,2.418985816302086,28.885200108209304,34,2,2
40.35733020235,4.123854434938286,0,85781.16024472521,2.418985816302086,28.885200108209304,34,2,2
40.35733020235,4.123854434938286,0,103579.18908396934,2.418985816302086,28.885200108209304,34,2,2
40.35733020235,4.123854434938286,0,21603.439483055925,2.418985816302086,28.885200108209304,34,2,2
17.657188612221976,0.7831387880079316,0,46942.98800629949,1.6897153095248474,19.373172976075892,98,2,2
17.657188612221976,0.7831387880079316,0,46942.98800629949,1.6897153095248474,19.373172976075892,98,2,0
17.657188612221976,0.7831387880079316,0,46942.98800629949,1.6897153095248474,19.373172976075892,98,2,1
17.657188612221976,0.7831387880079316,0,46942.98800629949,1.6897153095248474,19.373172976075892,98,2,2
17.657188612221976,0.7831387880079316,0,46942.98800629949,1.6897153095248474,19.373172976075892,98,2,2
17.657188612221976,0.7831387880079316,0,46942.98800629949,1.6897153095248474,19.373172976075892,98,2,0
17.657188612221976,0.7831387880079316,0,46942.98800629949,1.6897153095248474,19.373172976075892,98,2,2
17.657188612221976,0.7831387880079316,0,46942.98800629949,1.6897153095248474,19.373172976075892,98,2,1
17.657188612221976,0.7831387880079316,0,46942.98800629949,1.6897153095248474,19.373172976075892,98,2,0
17.657188612221976,0.7831387880079316,0,46942.98800629949,1.6897153095248474,19.373172976075892,98,2,0
17.657188612221976,0.7831387880079316,0,46942.98800629949,1.6897153095248474,19.373172976075892,98,2,1
17.657188612221976,0.7831387880079316,0,46942.98800629949,1.6897153095248474,19.373172976075892,98,2,0
17.657188612221976,0.7831387880079316,0,46942.98800629949,1.6897153095248474,19.373172976075892,98,2,2
17.657188612221976,0.7831387880079316,0,46942.98800629949,1.6897153095248474,19.373172976075892,98,2,1
17.657188612221976,0.7831387880079316,0,46942.98800629949,1.6897153095248474,19.373172976075892,98,2,2
17.657188612221976,0.7831387880079316,0,46942.98800629949,1.6897153095248474,19.373172976075892,98,2,0
17.657188612221976,0.7831387880079316,0,46942.98800629949,1.6897153095248474,19.373172976075892,98,2,0
17.657188612221976,0.7831387880079316,0,46942.98800629949,1.6897153095248474,19.373172976075892,98,2,2
17.657188612221976,0.7831387880079316,0,46942.98800629949,1.6897153095248474,19.373172976075892,98,2,2
17.657188612221976,0.7831387880079316,0,46942.98800629949,1.6897153095248474,19.373172976075892,98,2,2
17.657188612221976,0.7831387880079316,0,46942.98800629949,1.6897153095248474,19.373172976075892,98,2,2
17.657188612221976,0.7831387880079316,0,46942.98800629949,1.6897153095248474,19.373172976075892,98,2,2
17.657188612221976,0.7831387880079316,0,46942.98800629949,1.6897153095248474,19.373172976075892,98,2,1
17.657188612221976,0.7831387880079316,0,46942.98800629949,1.6897153095248474,19.373172976075892,98,2,2
17.657188612221976,0.7831387880079316,0,46942.98800629949,1.6897153095248474,19.373172976075892,98,2,0
17.657188612221976,0.7831387880079316,0,46942.98800629949,1.6897153095248474,19.373172976075892,98,2,1
17.657188612221976,0.7831387880079316,0,46942.98800629949,1.6897153095248474,19.373172976075892,98,2,2
17.657188612221976,0.7831387880079316,0,46942.98800629949,1.6897153095248474,19.373172976075892,98,2,2
17.657188612221976,0.7831387880079316,0,46942.98800629949,1.6897153095248474,19.373172976075892,98,2,0
17.657188612221976,0.7831387880079316,0,46942.98800629949,1.6897153095248474,19.373172976075892,98,2,2
23.92816056023699,4.895014802327577,1,53852.5419721763,8.9288123762282,118.59594294083394,19,0,1
23.92816056023699,4.895014802327577,1,53852.5419721763,8.9288123762282,28.916561075217658,19,0,1
23.92816056023699,4.895014802327577,1,53852.5419721763,8.9288123762282,102.67699099518512,19,0,1
23.92816056023699,4.895014802327577,1,53852.5419721763,8.9288123762282,113.25170346630158,19,0,1
23.92816056023699,4.895014802327577,1,53852.5419721763,8.9288123762282,36.90523726000775,19,0,1
23.92816056023699,4.895014802327577,1,53852.5419721763,8.9288123762282,63.838146235951285,19,0,1
23.92816056023699,4.895014802327577,1,53852.5419721763,8.9288123762282,6.960328318059079,19,0,1
23.92816056023699,4.895014802327577,1,53852.5419721763,8.9288123762282,108.036816940501,19,0,1
23.92816056023699,4.895014802327577,1,53852.5419721763,8.9288123762282,77.2699987043779,19,0,1
23.92816056023699,4.895014802327577,1,53852.5419721763,8.9288123762282,21.709724001064835,19,0,1
23.92816056023699,4.895014802327577,1,53852.5419721763,8.9288123762282,11.230464813829721,19,0,1
23.92816056023699,4.895014802327577,1,53852.5419721763,8.9288123762282,27.00609120002959,19,0,1
23.92816056023699,4.895014802327577,1,53852.5419721763,8.9288123762282,58.91613549197368,19,0,1
23.92816056023699,4.895014802327577,1,53852.5419721763,8.9288123762282,41.980721444860144,19,0,1
23.92816056023699,4.895014802327577,1,53852.5419721763,8.9288123762282,43.61422459550707,19,0,1
23.92816056023699,4.895014802327577,1,53852.5419721763,8.9288123762282,67.12541550011557,19,0,1
23.92816056023699,4.895014802327577,1,53852.5419721763,8.9288123762282,101.42208345711714,19,0,1
23.92816056023699,4.895014802327577,1,53852.5419721763,8.9288123762282,35.48917562978472,19,0,1
23.92816056023699,4.895014802327577,1,53852.5419721763,8.9288123762282,86.1283400872014,19,0,1
23.92816056023699,4.895014802327577,1,53852.5419721763,8.9288123762282,8.28090973829922,19,0,1
23.92816056023699,4.895014802327577,1,53852.5419721763,8.9288123762282,94.450379728418,19,0,1
23.92816056023699,4.895014802327577,1,53852.5419721763,8.9288123762282,40.17525565667089,19,0,1
23.92816056023699,4.895014802327577,1,53852.5419721763,8.9288123762282,85.99515204765474,19,0,1
23.92816056023699,4.895014802327577,1,53852.5419721763,8.9288123762282,25.303679038734884,19,0,1
23.92816056023699,4.895014802327577,1,53852.5419721763,8.9288123762282,49.01893869638787,19,0,1
23.92816056023699,4.895014802327577,1,53852.5419721763,8.9288123762282,119.0190836107053,19,0,1
23.92816056023699,4.895014802327577,1,53852.5419721763,8.9288123762282,103.15526841725224,19,0,1
23.92816056023699,4.895014802327577,1,53852.5419721763,8.9288123762282,83.86639402312912,19,0,1
23.92816056023699,4.895014802327577,1,53852.5419721763,8.9288123762282,64.80858093810599,19,0,1
23.92816056023699,4.895014802327577,1,53852.5419721763,8.9288123762282,98.16561328662942,19,0,1
35.31214389673714,4.874230213644706,0,95475.30039295554,5.767746515551247,76.75275855678186,95,0,1
35.31214389673714,4.874230213644706,0,95475.30039295554,9.803082271350029,76.75275855678186,95,0,1
35.31214389673714,4.874230213644706,0,95475.30039295554,8.669758647621215,76.75275855678186,95,0,1
35.31214389673714,4.874230213644706,0,95475.30039295554,9.979170760492174,76.75275855678186,95,0,1
35.31214389673714,4.874230213644706,0,95475.30039295554,9.529218462360106,76.75275855678186,95,0,1
35.31214389673714,4.874230213644706,0,95475.30039295554,6.065580393788849,76.75275855678186,95,0,1
35.31214389673714,4.874230213644706,0,95475.30039295554,5.003232566507304,76.75275855678186,95,0,1
35.31214389673714,4.874230213644706,0,95475.30039295554,3.7164104424147015,76.75275855678186,95,0,1
35.31214389673714,4.874230213644706,0,95475.30039295554,1.3979574495791702,76.75275855678186,95,0,1
35.31214389673714,4.874230213644706,0,95475.30039295554,8.830728595103551,76.75275855678186,95,0,1
35.31214389673714,4.874230213644706,0,95475.30039295554,1.071071944104962,76.75275855678186,95,0,1
35.31214389673714,4.874230213644706,0,95475.30039295554,7.2916206406504305,76.75275855678186,95,0,1
35.31214389673714,4.874230213644706,0,95475.30039295554,3.6833687256068206,76.75275855678186,95,0,1
35.31214389673714,4.874230213644706,0,95475.30039295554,1.479384152411446,76.75275855678186,95,0,1
35.31214389673714,4.874230213644706,0,95475.30039295554,5.274241065130365,76.75275855678186,95,0,1
35.31214389673714,4.874230213644706,0,95475.30039295554,9.24525290287906,76.75275855678186,95,0,1
35.31214389673714,4.874230213644706,0,95475.30039295554,7.61512074098658,76.75275855678186,95,0,1
35.31214389673714,4.874230213644706,0,95475.30039295554,8.286172289489178,76.75275855678186,95,0,1
35.31214389673714,4.874230213644706,0,95475.30039295554,7.124344847124159,76.75275855678186,95,0,1
35.31214389673714,4.874230213644706,0,95475.30039295554,3.1577900445190252,76.75275855678186,95,0,1
35.31214389673714,4.874230213644706,0,95475.30039295554,3.4578302871728694,76.75275855678186,95,0,1
35.31214389673714,4.874230213644706,0,95475.30039295554,1.1373828573577938,76.75275855678186,95,0,1
35.31214389673714,4.874230213644706,0,95475.30039295554,0.15716533251843523,76.75275855678186,95,0,1
35.31214389673714,4.874230213644706,0,95475.30039295554,2.615783241580243,76.75275855678186,95,0,1
35.31214389673714,4.874230213644706,0,95475.30039295554,3.908216762518898,76.75275855678186,95,0,1
35.31214389673714,4.874230213644706,0,95475.30039295554,0.7815541664168568,76.75275855678186,95,0,1
35.31214389673714,4.874230213644706,0,95475.30039295554,7.933551960783925,76.75275855678186,95,0,1
35.31214389673714,4.874230213644706,0,95475.30039295554,0.3480119747035837,76.75275855678186,95,0,1
35.31214389673714,4.874230213644706,0,95475.30039295554,4.797491777259638,76.75275855678186,95,0,1
35.31214389673714,4.874230213644706,0,95475.30039295554,5.823460424851591,76.75275855678186,95,0,1
32.17904248489236,2.6289955560941842,1,73456.58601034257,5.803888347268674,116.77611468278431,71,1,0
32.17904248489236,2.6289955560941842,1,73456.58601034257,5.803888347268674,116.77611468278431,71,1,0
32.17904248489236,2.6289955560941842,1,73456.58601034257,5.803888347268674,116.77611468278431,71,1,0
32.17904248489236,2.6289955560941842,1,73456.58601034257,5.803888347268674,116.77611468278431,71,1,0
32.17904248489236,2.6289955560941842,0,73456.58601034257,5.803888347268674,116.77611468278431,71,1,0
32.17904248489236,2.6289955560941842,0,73456.58601034257,5.803888347268674,116.77611468278431,71,1,0
32.17904248489236,2.6289955560941842,0,73456.58601034257,5.803888347268674,116.77611468278431,71,1,0
32.17904248489236,2.6289955560941842,0,73456.58601034257,5.803888347268674,116.77611468278431,71,1,0
32.17904248489236,2.6289955560941842,1,73456.58601034257,5.803888347268674,116.77611468278431,71,1,0
32.17904248489236,2.6289955560941842,1,73456.58601034257,5.803888347268674,116.77611468278431,71,1,0
32.17904248489236,2.6289955560941842,0,73456.58601034257,5.803888347268674,116.77611468278431,71,1,0
32.17904248489236,2.6289955560941842,1,73456.58601034257,5.803888347268674,116.77611468278431,71,1,0
32.17904248489236,2.6289955560941842,1,73456.58601034257,5.803888347268674,116.77611468278431,71,1,0
32.17904248489236,2.6289955560941842,1,73456.58601034257,5.803888347268674,116.77611468278431,71,1,0
32.17904248489236,2.6289955560941842,0,73456.58601034257,5.803888347268674,116.77611468278431,71,1,0
32.17904248489236,2.6289955560941842,1,73456.58601034257,5.803888347268674,116.77611468278431,71,1,0
32.17904248489236,2.6289955560941842,0,73456.58601034257,5.803888347268674,116.77611468278431,71,1,0
32.17904248489236,2.6289955560941842,1,73456.58601034257,5.803888347268674,116.77611468278431,71,1,0
32.17904248489236,2.6289955560941842,0,73456.58601034257,5.803888347268674,116.77611468278431,71,1,0
32.17904248489236,2.6289955560941842,1,73456.58601034257,5.803888347268674,116.77611468278431,71,1,0
32.17904248489236,2.6289955560941842,0,73456.58601034257,5.803888347268674,116.77611468278431,71,1,0
32.17904248489236,2.6289955560941842,0,73456.58601034257,5.803888347268674,116.77611468278431,71,1,0
32.17904248489236,2.6289955560941842,1,73456.58601034257,5.803888347268674,116.77611468278431,71,1,0
32.17904248489236,2.6289955560941842,1,73456.58601034257,5.803888347268674,116.77611468278431,71,1,0
32.17904248489236,2.6289955560941842,1,73456.58601034257,5.803888347268674,116.77611468278431,71,1,0
32.17904248489236,2.6289955560941842,1,73456.58601034257,5.803888347268674,116.77611468278431,71,1,0
32.17904248489236,2.6289955560941842,1,73456.58601034257,5.803888347268674,116.77611468278431,71,1,0
32.17904248489236,2.6289955560941842,0,73456.58601034257,5.803888347268674,116.77611468278431,71,1,0
32.17904248489236,2.6289955560941842,1,73456.58601034257,5.803888347268674,116.77611468278431,71,1,0
32.17904248489236,2.6289955560941842,1,73456.58601034257,5.803888347268674,116.77611468278431,71,1,0
44.552057732309,1.7185397221427605,1,68879.72207099386,5.767746515551247,118.59594294083394,67,2,2
44.38599022042753,0.8874803636233075,1,91494.90259339061,9.803082271350029,28.916561075217658,86,1,0
42.580079433955966,2.5987573245626305,1,46346.01981566711,8.669758647621215,102.67699099518512,22,0,1
12.678894518513296,3.1106425506818143,1,106966.51966254652,9.979170760492174,113.25170346630158,89,2,2
37.53402939319524,0.08394797793308706,0,70136.1766673545,9.529218462360106,36.90523726000775,84,1,2
48.50155646964698,0.7433646416587963,0,19527.84318755792,6.065580393788849,63.838146235951285,77,1,0
34.245279918136376,1.7203149323839395,0,54952.29061663434,5.003232566507304,6.960328318059079,77,0,2
31.27717208581371,1.1091866000998163,0,84661.14310570397,3.7164104424147015,108.036816940501,3,1,1
49.8217649373291,3.0154412217587465,1,93626.02942162147,1.3979574495791702,77.2699987043779,14,1,0
47.45869320710534,0.4279183717256352,1,14059.416171924833,8.830728595103551,21.709724001064835,5,2,0
44.612632152850715,3.67412058671609,0,90650.10147927249,1.071071944104962,11.230464813829721,84,2,1
49.270504391247876,2.3926123851894228,1,76620.76737109567,7.2916206406504305,27.00609120002959,33,0,0
26.749743043707937,1.4690274848658365,1,76054.71978822122,3.6833687256068206,58.91613549197368,35,0,2
22.23925992393322,4.848952533408832,1,106653.76220599606,1.479384152411446,41.980721444860144,88,2,1
17.796633388123425,4.925828223151815,0,35727.0661199926,5.274241065130365,43.61422459550707,27,2,2
31.081054550349336,4.501954833156874,1,38576.05511680472,9.24525290287906,67.12541550011557,96,0,0
48.65846825433011,4.804055248060617,0,84692.85016546209,7.61512074098658,101.42208345711714,31,1,0
36.83722784850269,0.4288469160431302,1,98851.70954275558,8.286172289489178,35.48917562978472,53,0,2
42.82855707778273,1.6924688767150182,0,61884.5701416562,7.124344847124159,86.1283400872014,83,1,2
38.15290807989314,0.7210528787143583,1,13584.162301612014,3.1577900445190252,8.28090973829922,79,0,2
45.7543077349227,2.3747534007312137,0,29512.33284427184,3.4578302871728694,94.450379728418,47,1,2
18.01921322587669,4.669808252787641,0,40032.98965273626,1.1373828573577938,40.17525565667089,33,1,2
16.14014120487955,2.629018873325251,1,58037.128479218816,0.15716533251843523,85.99515204765474,92,0,1
40.685945725245084,4.721125389114948,1,91520.8213837327,2.615783241580243,25.303679038734884,82,1,2
25.192703001806347,3.358434134213235,1,36823.60146021528,3.908216762518898,49.01893869638787,70,1,0
45.34836115565459,0.6619790949547488,1,104216.03460813624,0.7815541664168568,119.0190836107053,82,1,1
11.995193238316508,4.829756373734485,1,54820.507276849625,7.933551960783925,103.15526841725224,16,0,2
19.123291769090734,3.259851804056113,0,85781.16024472521,0.3480119747035837,83.86639402312912,7,1,2
40.212502428561756,2.798464693264587,1,103579.18908396934,4.797491777259638,64.80858093810599,22,2,0
47.644548917082176,0.9632880681034411,1,21603.439483055925,5.823460424851591,98.16561328662942,97,2,2
48.23143566709562,4.721125389114948,1,91520.8213837327,2.615783241580243,25.609189253895018,82,1,2
44.722410311119944,0.7210528787143583,0,13584.162301612014,3.1577900445190252,8.28090973829922,79,2,2
26.493166619777384,1.40005798304814,1,93626.02942162147,1.3979574495791702,77.2699987043779,14,1,0
41.82990326128288,2.798464693264587,0,103738.63792612698,4.874143332837242,64.80858093810599,86,2,0
48.50155646964698,0.7433646416587963,0,19527.84318755792,5.8155986044029655,63.838146235951285,63,1,0
37.53402939319524,0.030683492861547923,0,79209.7731318199,9.237005596299838,36.90523726000775,84,1,2
34.16024746029708,1.7186163765375284,0,57996.352758239394,0.0059881865985058624,6.960328318059079,77,0,2
31.081054550349336,4.501954833156874,1,52003.35116075084,9.24525290287906,67.12541550011557,94,0,0
43.39038641958458,4.713425548166812,1,91494.90259339061,0.7661239887298485,28.916561075217658,83,1,0
12.834377453042379,4.829756373734485,1,54820.507276849625,7.7593662138637,118.8228171595866,16,0,2
22.21949678864229,3.358434134213235,1,37076.811663125176,4.039668436362785,48.90788623342253,70,1,0
20.39729955814743,0.4273356898863243,1,14059.416171924833,8.830728595103551,43.842378760645985,2,2,0
45.717615262361214,2.3747534007312137,0,76160.77721550388,7.376544160118961,94.450379728418,47,1,2
12.678894518513296,0.5072653735830341,1,98868.47416854366,9.979170760492174,113.25170346630158,91,2,2
42.45156578282022,0.9632880681034411,1,21603.439483055925,5.5465950377543525,98.16561328662942,97,2,2
38.58443204339417,3.67412058671609,1,87923.45346839633,1.071071944104962,11.230464813829721,86,0,1
49.652505364462286,3.08441073051873,1,76054.71978822122,3.6833687256068206,58.91613549197368,35,0,2
40.28519456569694,1.6335635410368372,1,62136.46531663784,7.124344847124159,71.10917689690254,19,1,2
19.123291769090734,3.259851804056113,0,85781.16024472521,0.3480119747035837,83.86639402312912,11,1,2
31.27717208581371,1.1091866000998163,0,84661.14310570397,3.8952562481350004,108.036816940501,11,1,1
16.225244386313797,2.6307174291718702,1,54993.06633761376,5.7064353259331595,85.99515204765474,92,0,1
48.65846825433011,4.804055248060617,0,84692.85016546209,7.61512074098658,101.42208345711714,33,1,0
17.875774799563835,1.0323345679387745,0,40032.98965273626,9.909730446267925,50.143367475108036,33,1,2
42.580079433955966,2.5987573245626305,1,46346.01981566711,8.669758647621215,102.67699099518512,23,0,1
43.78730303239444,1.7185397221427605,1,68879.72207099386,5.7669471555194,102.88802338434168,64,2,2
27.700966475712985,4.848952533408832,1,109158.29953438463,1.347933624000391,41.980721444860144,88,2,1
44.82745681592114,4.985519093187998,0,44543.07691316375,3.4892774122607415,21.481569851829523,27,2,2
49.306810040818135,2.3926123851894228,1,29972.324617847178,3.372906638331373,27.00609120002959,33,0,0
36.83722784850269,3.0326909362140944,1,106949.75503674557,8.286172289489178,36.05157507610656,53,0,2
31.32838679605381,4.501954833156874,1,38576.05511680472,9.24525290287906,67.12541550011557,96,0,2
49.652505364462286,3.08441073051873,1,76167.8924790042,3.6833687256068206,58.91613549197368,6,0,2
40.01799975949073,4.956968181703823,1,106653.76220599606,1.479384152411446,41.980721444860144,88,2,1
45.7543077349227,2.3594418919292455,0,29512.33284427184,7.963714252915512,94.33741555657329,46,1,2
25.192703001806347,3.2943115766113653,1,36045.33636971994,3.884375222959799,49.01893869638787,70,1,0
31.27717208581371,1.2295033179438308,0,84661.14310570397,3.9108566758987227,98.2901089315261,11,1,1
49.306810040818135,2.2316255735184316,1,45905.23496178903,3.372906638331373,27.00609120002959,33,0,0
22.43922213610099,3.318670771608852,1,37076.811663125176,4.039668436362785,48.90788623342253,27,1,0
26.098400049996762,3.3248554056935196,1,97675.61255159142,0.3599448340713203,83.80148225223145,15,1,2
20.39729955814743,0.4704181938655805,1,19429.36618515108,1.5806742301674412,40.315392325000616,3,1,0
49.33221311782138,2.3926123851894228,1,56599.977007779366,7.2070979714574985,117.99784903390373,33,0,0
16.14014120487955,2.629018873325251,1,81765.19202373848,0.15716533251843523,85.99515204765474,92,0,1
49.66859681901757,4.804055248060617,0,84692.85016546209,7.61512074098658,101.42208345711714,33,1,0
38.58443204339417,0.4511072401602527,1,95269.31145729704,1.071071944104962,11.230464813829721,86,0,1
43.03792336183431,0.4288469160431302,1,98851.70954275558,8.186397688827432,21.402828099448147,28,2,2
19.123291769090734,3.259851804056113,0,85667.98755394222,0.3480119747035837,83.86639402312912,36,1,2
39.14142520960151,1.6335635410368372,1,62136.46531663784,8.118662051052404,71.10917689690254,19,1,2
22.433760798789745,2.636557179420993,1,103579.18908396934,4.797491777259638,64.80858093810599,22,2,0
11.995193238316508,4.9169367802778785,1,54820.507276849625,3.427665043518968,103.26823258909415,12,0,2
17.796633388123425,4.991493009192345,0,35727.0661199926,5.2980826046894665,47.1472072213745,26,2,2
31.27717208581371,1.631144063951705,0,84661.14310570397,3.3441594353379904,108.036816940501,3,1,1
42.580079433955966,2.5987573245626305,1,30413.10947173022,8.669758647621215,115.68626586274301,22,0,1
41.60064956621849,2.638520687166988,1,46346.01981566711,8.8994833415889,102.67699099518512,70,0,1
19.518058339097884,1.3350544373550264,0,93626.02942162147,1.3860292796049754,77.33491047527558,14,1,0
18.01921322587669,4.572113979378581,0,40032.98965273626,8.781524342496763,43.70224209231627,32,2,2
14.138806989893578,4.829756373734485,1,57634.03081842946,7.7593662138637,26.630893892647258,16,0,2
26.749743043707937,1.7051046075997145,1,56636.724822656164,3.6833687256068206,58.91613549197368,35,0,2
48.65846825433011,4.804055248060617,0,84692.85016546209,7.753752304179287,101.42208345711714,31,1,0
47.45869320710534,3.6521185943687025,1,17863.179058823596,8.830728595103551,21.709724001064835,5,2,0
44.82745681592114,4.985519093187998,0,44543.07691316375,3.5890391742129935,35.567917382221054,52,0,2
49.88723896348243,2.9504826691182258,0,85781.16024472521,0.3304422338111057,71.43193904043439,11,1,2
17.875774799563835,1.0818967442097405,0,39052.529144950415,2.7156755031089865,58.70387892546614,33,1,2
49.270504391247876,2.3706973508209455,1,76211.5572414119,7.2916206406504305,27.00609120002959,33,0,0
42.980108838489535,0.3539361135931468,1,98851.70954275558,8.54892735354851,13.849838861962517,10,2,2
19.123291769090734,2.95386335174296,0,29769.60944942659,0.3480119747035837,88.23518135837115,11,1,0
17.556271459559458,4.3473764777185036,1,97987.32954073237,0.3139909425173877,83.80148225223145,15,2,2
43.034832401777365,4.925828223151815,0,39513.968943267915,4.657636049822608,102.75830866458773,27,0,2
25.192703001806347,3.2943115766113653,1,36045.33636971994,3.8691338490963023,48.24028109991191,71,1,0
44.63357137615147,4.798046357423542,1,56645.98275685216,7.2070979714574985,117.99784903390373,33,0,0
15.119726115357102,4.829756373734485,1,53572.26810914985,7.933551960783925,106.24823906402135,12,0,2
22.43922213610099,3.318670771608852,1,19641.455958381786,4.039668436362785,42.04514100029413,27,1,0
13.62338848926539,4.829756373734485,1,54820.507276849625,7.7593662138637,118.8228171595866,16,0,2
20.39729955814743,3.2689230847405604,1,19429.36618515108,1.5806742301674412,41.02927233847829,3,1,0
34.77312269753033,1.2295033179438308,0,84661.14310570397,3.9108566758987227,98.2901089315261,11,1,1
43.01748053464532,2.5987573245626305,1,51289.987883852504,8.673037038650723,115.68626586274301,21,0,1
49.652505364462286,3.08441073051873,1,77148.35299758245,9.997177053813546,50.35562404161557,0,0,2
22.433760798789745,2.643532496272427,1,103988.39640061441,4.797491777259638,65.29058691762084,28,2,0
47.51650704108684,0.4279183717256352,1,14059.416171924833,8.81189196071356,21.712836587167754,28,2,0
49.306810040818135,3.2399988618751765,1,85983.88183960103,3.372906638331373,22.637704233120317,38,0,2
26.338762002815933,3.282700660547611,0,35415.13232479221,5.2980826046894665,47.1472072213745,26,1,2
17.341733612212035,2.5987573245626305,1,46346.01981566711,8.637452051056645,42.34643325274976,23,2,1
48.016301480890206,2.2316255735184316,1,45905.23496178903,3.38814801219487,27.00609120002959,34,0,0
15.048938304762835,1.7976244239365675,1,57588.02506935668,7.377370747999867,26.630893892647258,16,0,2
11.995193238316508,4.9169367802778785,1,75026.58057362412,3.427665043518968,103.26823258909415,16,0,2
40.28519456569694,1.7819503668689274,1,62136.46531663784,7.124344847124159,69.74316477942506,19,1,2
26.749743043707937,1.8673016236015934,1,76054.71978822122,3.6833687256068206,58.91613549197368,35,0,2
47.45869320710534,0.5035230778106341,1,17863.179058823596,8.830728595103551,16.99578408486252,5,2,0
20.39729955814743,0.4273356898863243,1,14059.416171924833,8.222489538006998,43.842378760645985,3,2,0
18.81128927639453,3.257830699069372,0,88969.56823161591,0.3480119747035837,81.53451713111332,26,1,2
16.32121722251725,0.36724861227283445,1,14059.416171924833,9.91962231755443,43.842378760645985,2,1,0
22.751224628797377,2.9076223487078465,1,33888.398844370095,4.039668436362785,48.90788623342253,12,1,0
26.77018970900198,1.482193047188408,1,73430.48933786538,3.5707958580760413,41.94155122111149,2,2,0
49.68203030810866,1.7819503668689274,1,76983.61854249611,7.124344847124159,69.71070996502971,14,1,2
41.47540559224536,2.5987573245626305,1,30413.10947173022,8.659347620161643,115.68626586274301,29,1,1
49.04862750275822,2.599638688952064,1,46346.01981566711,8.591823623868363,28.703996096266266,24,0,1
37.46714195707848,2.5987573245626305,1,46346.01981566711,8.669758647621215,102.67699099518512,34,0,0
16.592179165861662,0.34238986299622143,1,54820.507276849625,3.3524606713242986,103.26823258909415,12,0,2
20.781567770142974,2.3926123851894228,1,76620.76737109567,8.092738987717727,35.824033816595446,35,0,0
18.324170650385057,0.36514420814623416,1,53532.18001546145,7.974281441867116,21.033781193221905,3,2,0
44.417951254460704,3.318670771608852,1,19641.455958381786,7.0786802879923405,42.04514100029413,33,1,0
22.20676403172227,3.306347715223443,1,77015.16163183941,7.2070979714574985,49.82326556264377,33,0,0
20.39729955814743,3.289018708262746,1,19101.774388008467,3.802511947338494,36.12847239644485,3,0,0
49.652505364462286,3.08441073051873,1,76150.110927547,3.4318933392157183,58.57067811107247,16,0,2
43.01748053464532,3.285734889730098,1,51289.987883852504,8.829999350051125,117.3244608290415,21,0,0
46.592588234834935,0.8825381253902911,1,17863.179058823596,8.830728595103551,21.709724001064835,6,2,0
20.376852892863205,0.4141724002923889,1,16685.91190581794,8.94268080681799,60.81696303150914,34,0,2
40.178350856858714,3.08441073051873,1,62301.19977172417,9.997177053813546,41.44350472016297,0,0,2
23.12064893507439,2.9076223487078465,1,33888.398844370095,4.0500290304721736,48.90788623342253,12,0,0
39.063674798937605,2.3698159864315116,1,69928.02820711929,7.369555663757716,100.97657585065004,32,0,0
48.016301480890206,2.2316255735184316,1,45905.23496178903,3.38814801219487,27.00609120002959,22,0,1
11.950228905821076,4.897670613221275,1,14059.416171924833,9.864524379247731,43.842378760645985,2,1,0
48.66175032743395,0.4704181938655805,1,19429.36618515108,0.5504302855295196,40.315392325000616,3,1,0
46.754733191606704,4.191512435952163,1,14099.619964818747,8.789999114004804,101.69172569922596,12,0,2
22.654226623984925,4.798046357423542,1,56645.98275685216,4.168086115968954,117.99784903390373,27,0,0
49.29304963945161,2.4049354415745205,1,37076.811663125176,4.6965575373746695,119.19095217139336,37,1,0
49.306810040818135,2.372516761666902,1,30299.916415003914,0.5813961830212016,27.00609120002959,33,1,0
11.995193238316508,4.9169367802778785,1,75044.36212508132,3.6791404299100705,103.61355368906564,6,0,2
47.45869320710534,0.4886302653087091,1,17863.179058823596,8.673766283703149,16.99578408486252,5,2,1
21.23780952008576,3.5046042636364394,1,14059.416171924833,8.222489538006998,43.842378760645985,3,2,0
43.390008453594874,2.5972387837386632,1,47478.83260121246,7.118572186544288,115.68626586274301,33,0,0
48.955599745913595,2.39413092601339,1,56599.977007779366,8.527430493185882,110.48540246812607,21,0,1
44.552057732309,1.7185397221427605,1,68879.72207099386,5.767746515551247,118.59594294083394,67,2,2
44.38599022042753,0.8874803636233075,1,91494.90259339061,9.803082271350029,28.916561075217658,86,1,0
42.580079433955966,2.5987573245626305,1,46346.01981566711,8.669758647621215,102.67699099518512,22,0,1
12.678894518513296,3.1106425506818143,1,106966.51966254652,9.979170760492174,113.25170346630158,89,2,2
37.53402939319524,0.08394797793308706,0,70136.1766673545,9.529218462360106,36.90523726000775,84,1,2
48.50155646964698,0.7433646416587963,0,19527.84318755792,6.065580393788849,63.838146235951285,77,1,0
34.245279918136376,1.7203149323839395,0,54952.29061663434,5.003232566507304,6.960328318059079,77,0,2
31.27717208581371,1.1091866000998163,0,84661.14310570397,3.7164104424147015,108.036816940501,3,1,1
49.8217649373291,3.0154412217587465,1,93626.02942162147,1.3979574495791702,77.2699987043779,14,1,0
47.45869320710534,0.4279183717256352,1,14059.416171924833,8.830728595103551,21.709724001064835,5,2,0
44.612632152850715,3.67412058671609,0,90650.10147927249,1.071071944104962,11.230464813829721,84,2,1
49.270504391247876,2.3926123851894228,1,76620.76737109567,7.2916206406504305,27.00609120002959,33,0,0
26.749743043707937,1.4690274848658365,1,76054.71978822122,3.6833687256068206,58.91613549197368,35,0,2
22.23925992393322,4.848952533408832,1,106653.76220599606,1.479384152411446,41.980721444860144,88,2,1
17.796633388123425,4.925828223151815,0,35727.0661199926,5.274241065130365,43.61422459550707,27,2,2
31.081054550349336,4.501954833156874,1,38576.05511680472,9.24525290287906,67.12541550011557,96,0,0
48.65846825433011,4.804055248060617,0,84692.85016546209,7.61512074098658,101.42208345711714,31,1,0
36.83722784850269,0.4288469160431302,1,98851.70954275558,8.286172289489178,35.48917562978472,53,0,2
42.82855707778273,1.6924688767150182,0,61884.5701416562,7.124344847124159,86.1283400872014,83,1,2
38.15290807989314,0.7210528787143583,1,13584.162301612014,3.1577900445190252,8.28090973829922,79,0,2
45.7543077349227,2.3747534007312137,0,29512.33284427184,3.4578302871728694,94.450379728418,47,1,2
18.01921322587669,4.669808252787641,0,40032.98965273626,1.1373828573577938,40.17525565667089,33,1,2
16.14014120487955,2.629018873325251,1,58037.128479218816,0.15716533251843523,85.99515204765474,92,0,1
40.685945725245084,4.721125389114948,1,91520.8213837327,2.615783241580243,25.303679038734884,82,1,2
25.192703001806347,3.358434134213235,1,36823.60146021528,3.908216762518898,49.01893869638787,70,1,0
45.34836115565459,0.6619790949547488,1,104216.03460813624,0.7815541664168568,119.0190836107053,82,1,1
11.995193238316508,4.829756373734485,1,54820.507276849625,7.933551960783925,103.15526841725224,16,0,2
19.123291769090734,3.259851804056113,0,85781.16024472521,0.3480119747035837,83.86639402312912,7,1,2
40.212502428561756,2.798464693264587,1,103579.18908396934,4.797491777259638,64.80858093810599,22,2,0
47.644548917082176,0.9632880681034411,1,21603.439483055925,5.823460424851591,98.16561328662942,97,2,2
45.7470756167166,2.3747534007312137,0,29512.33284427184,3.4578302871728694,94.450379728418,47,1,2
18.77492733098272,0.91193407624178,0,91494.90259339061,9.51086940528976,28.916561075217658,86,1,0
40.212502428561756,2.798464693264587,1,114915.20566106419,4.797491777259638,64.80858093810599,22,2,0
48.518033405391094,0.7433646416587963,0,75575.31536451227,9.921554333674141,33.851027966692946,77,1,2
40.685945725245084,4.63363283630085,1,91409.80411601982,2.615783241580243,25.303679038734884,82,1,2
37.08423205736799,0.4299219313364224,1,96477.85991706874,3.8843525834808488,35.48917562978472,53,0,2
48.345165164932084,3.1926945618510043,1,106966.51966254652,9.984276076056217,109.92931877251705,83,2,2
22.23102722289929,4.87832167087243,1,68879.72207099386,1.4507109408359957,118.59594294083394,61,2,2
42.56402681446648,0.7210528787143583,1,11130.970002135837,3.1514586887253184,4.149239956485346,79,0,2
33.11687613157533,1.4690274848658365,1,54732.49071344617,5.0170057062092654,58.91613549197368,35,0,2
17.791702942506422,4.923325701269612,0,40032.98965273626,1.1373828573577938,40.27521594892274,22,1,2
12.191769317808355,4.829756373734485,1,76233.15833463077,7.339707330387495,103.15526841725224,16,0,2
31.27717208581371,4.863610409520114,0,84660.5453731123,3.7507069058398668,108.036816940501,5,1,1
31.081054550349336,3.705304013392647,1,23584.613053257017,1.436951115269887,67.12541550011557,96,0,0
47.65178103521168,1.3786260606568046,1,21603.439483055925,5.823460424851591,98.16561328662942,89,2,2
44.73213768590739,3.2354028429724195,1,85781.16024472521,0.3480119747035837,91.32364226012407,7,1,2
49.54117111500008,0.5562033251431631,1,14059.416171924833,8.830728595103551,21.709724001064835,5,2,0
37.513528813854364,0.08394797793308706,0,19765.614125356336,5.5629789253389275,63.48214412806353,84,1,0
45.34836115565459,0.6619790949547488,1,112040.38133225258,0.7815541664168568,119.0190836107053,83,1,1
24.945698790247725,3.358113715209649,1,39197.23606510891,8.310027331572849,49.01893869638787,70,1,0
13.611773888800556,3.114985513555584,1,93626.02942162147,1.3979574495791702,77.2699987043779,14,1,0
37.41980850780698,1.6643598547815952,1,106653.76220599606,5.7964423378251055,41.980721444860144,89,2,1
16.14014120487955,2.629018873325251,1,58037.128479218816,0.15716533251843523,85.99515204765474,81,0,1
38.16896069937848,2.5987573245626305,1,46346.01981566711,8.720304023523925,107.68470015119433,19,0,1
27.406813549052277,1.3857133799366044,0,76274.51969140719,3.669595585904862,4.128975675474704,77,0,2
18.024143671493693,4.718851595382522,0,29571.85493573603,5.274241065130365,43.51426430325521,27,2,2
48.83119567793962,2.3926123851894228,1,55208.11631331234,7.8854652710468605,27.00609120002959,33,0,0
48.934066301812564,1.0139942546199745,0,84693.44789805375,7.61512074098658,101.42208345711714,31,1,0
44.612632152850715,4.470771367689292,0,90650.10147927249,9.05294718618477,5.816394011546362,84,2,1
47.42656122948152,0.5743294206490956,0,18196.1414109017,6.065580393788849,66.05493484207796,21,1,0
49.54117111500008,0.5562033251431631,1,16065.480175420733,5.277427522672692,42.908034531651865,7,2,0
47.569010785659614,2.3926123851894228,1,35587.109370035,7.2916206406504305,17.50567286904942,33,2,0
45.519089186373144,4.863610409520114,0,44921.092040903335,3.7545668173957836,108.036816940501,5,1,1
33.193591176501556,2.7813014459308474,1,54732.49071344617,5.0170057062092654,58.91613549197368,81,0,1
12.191769317808355,4.853092616965232,1,63916.755613550326,7.339707330387495,78.55536926090392,16,0,0
41.276270523407476,2.820963121637769,1,93739.77834158877,4.797491777259638,69.57307671228898,22,1,0
10.985743008278153,4.804033018208017,0,54820.507276849625,7.933551960783925,103.15526841725224,16,0,0
24.12976346068351,3.358434134213235,1,36823.60146021528,3.7524082015486107,49.01893869638787,70,1,0
37.27755652297867,2.798464693264587,1,114915.20566106419,4.797491777259638,64.80858093810599,22,2,1
47.42656122948152,0.5743294206490956,1,18196.1414109017,5.938257398023438,42.25587207492866,88,1,1
38.16896069937848,2.595676946239829,1,50664.59302068921,0.5749465624992798,107.58877977488916,25,0,1
16.109309690108734,4.862119737702558,1,39100.12692959809,1.4732156242275196,39.68932629861781,88,0,1
26.993022239281906,1.4690274848658365,1,76997.33741721831,3.6833687256068206,59.13822718012602,94,0,2
44.612632152850715,3.767829678403488,0,10175.408193559495,8.674805739927905,15.663614114656083,84,2,1
20.848599803485566,4.669808252787641,0,38536.210405433354,1.1373828573577938,24.403046567039702,33,1,2
18.024143671493693,4.718851595382522,0,29571.85493573603,8.827525050896078,22.315953780498035,27,2,2
19.25348487049671,4.9303675935709705,0,76760.72418734276,2.2925680607356833,38.32559522762237,27,0,2
31.505024367979516,2.3747534007312137,0,83012.44370249505,3.4539703756169526,94.450379728418,51,1,2
16.06348405432035,1.31674491545262,1,58037.128479218816,0.15716533251843523,85.99515204765474,33,0,2
49.8217649373291,2.9881254547115925,1,93626.02942162147,1.3979574495791702,101.86989727283597,14,1,2
12.60207714807433,3.114985513555584,1,103465.4401639909,1.3979574495791702,77.1419313040805,14,2,0
48.65846825433011,4.829778603587085,1,84692.85016546209,7.61512074098658,101.42208345711714,31,1,2
42.69698053586096,2.5987573245626305,1,46346.01981566711,8.669758647621215,83.4579378582403,22,0,0
22.23925992393322,4.848952533408832,0,106653.76220599606,1.6067306489852728,65.77978421202246,21,2,0
44.73213768590739,3.2384832212952195,1,85738.71562637211,8.528917616379534,91.669387116727,7,1,2
17.82253445727724,2.6540348106190708,0,59655.63097347927,0.13281079799755668,86.58104114450654,26,1,2
31.081054550349336,3.705304013392647,1,22642.07086860585,1.436951115269887,51.762222216997415,37,0,0
47.45869320710534,0.4615261467289249,1,94609.3610688275,1.2276352756391349,21.69075333764262,5,2,0
31.081054550349336,4.501954833156874,1,40072.83436410763,9.24525290287906,67.12541550011557,96,0,0
38.16896069937848,2.8181532399087343,1,46346.01981566711,8.973662137960677,78.26043276732759,19,0,1
33.74712312827762,1.4690274848658365,1,54732.49071344617,5.0170057062092654,58.91613549197368,34,0,2
16.14014120487955,2.6419218974428715,1,54911.371718263246,7.653410785679614,86.80964314544785,15,0,1
19.25348487049671,4.971238090403652,0,75692.62219776052,7.899454322696786,27.232506199677093,25,0,2
42.40382897035461,4.923325701269612,1,40032.98965273626,1.1373828573577938,40.27521594892274,22,0,2
12.404454364128853,1.31674491545262,1,44805.765837937666,0.15716533251843523,107.36628107676768,3,0,2
47.45869320710534,0.4279183717256352,1,14059.416171924833,8.830728595103551,21.709724001064835,25,2,0
17.166522390643017,4.669808252787641,0,40599.89763049355,1.1520445520230456,91.5447999285226,33,1,2
24.887126465138337,3.2725888852972496,1,36970.750538838445,3.88639989934581,58.36337308462979,35,1,2
11.1351096054867,4.853092616965232,1,63916.755613550326,7.4014994590911485,78.55536926090392,16,0,2
31.081054550349336,3.705304013392647,1,22642.07086860585,1.436951115269887,104.17017480023958,19,0,0
49.54117111500008,0.5562033251431631,1,13098.348755559791,5.277427522672692,42.908034531651865,14,2,0
47.569010785659614,2.54029421954425,1,34436.1064006187,7.2916206406504305,12.597055661832783,20,2,1
42.55850642219238,2.8150214679898955,1,47894.53441437156,8.623102941859782,69.57307671228898,22,1,1
47.764781723222626,4.928179157103572,0,18196.1414109017,6.065580393788849,66.05493484207796,41,1,0
39.28534931239525,0.5847613574880766,1,44654.62938887694,9.018205296537028,75.45159810375506,9,2,0
12.00903416435143,3.114985513555584,1,103465.4401639909,1.3979574495791702,77.1419313040805,15,2,0
10.985743008278153,4.788719479234375,0,57946.264037805195,0.5198089552995175,102.34077731259241,82,0,0
48.83119567793962,2.3926123851894228,1,55208.11631331234,2.2785735729899104,38.099180227974976,32,0,0
18.084778124017554,2.5987573245626305,0,46346.01981566711,8.669758647621215,83.4579378582403,22,1,0
45.519089186373144,4.863610409520114,0,70914.44746544355,4.004898152967634,86.66568538546791,35,1,1
38.16896069937848,2.595676946239829,1,50664.59302068921,0.5749465624992798,107.58877977488916,5,0,1
47.46094053550614,3.2354028429724195,1,85214.25202549707,0.33335161788146167,39.954092063829,5,1,2
27.05531958037595,1.5548727392230701,1,75907.57073336813,3.1480394761844304,49.57170110373175,70,0,0
12.191769317808355,4.829756373734485,1,76233.15833463077,7.339707330387495,103.15526841725224,20,0,0
10.824959713331555,4.829756373734485,1,54820.507276849625,7.933551960783925,53.23863835490397,16,0,2
38.16896069937848,2.5987573245626305,1,47497.02278508348,8.969696512629904,115.64108024874312,28,0,0
41.29784353517107,2.6046989782105037,1,92191.25921677331,4.844133770325616,102.67699099518512,22,0,0
17.614544509351603,0.2661101287637426,0,29571.85493573603,5.274241065130365,40.24237526047059,21,2,2
47.405157432075356,2.695084778872551,1,98716.4328713854,1.181166507362919,20.193713279626593,19,0,1
11.995193238316508,4.803648822628435,1,54820.507276849625,7.933551960783925,103.15526841725224,16,0,2
37.45011697283495,2.5987573245626305,1,46346.01981566711,8.720304023523925,111.1466065201599,5,0,0
19.25348487049671,4.831261899533914,1,77313.00083079438,2.2925680607356833,38.32559522762237,27,0,2
12.60207714807433,1.2970904162732193,1,75726.4363690829,4.255415888129545,59.1435221767146,18,0,0
16.14014120487955,2.6500402435863575,1,54911.371718263246,7.653410785679614,86.80964314544785,15,0,1
48.83119567793962,2.3926123851894228,1,55208.11631331234,2.215614506495821,38.55775137461578,32,0,0
12.191769317808355,4.8656319178616485,1,83493.1551693618,7.339707330387495,93.07669521203061,16,0,2
39.28534931239525,0.5847613574880766,1,43518.36123204011,9.311896995614413,75.45159810375506,3,2,2
47.78504202264577,0.4121155680715778,1,54820.507276849625,7.933551960783925,53.23863835490397,16,0,0
17.791702942506422,4.923325701269612,1,85928.40989507761,1.1373828573577938,42.436070169123276,7,1,2
29.015805212993094,3.705304013392647,1,26984.69621597266,1.215899828842069,105.95164657117859,18,0,0
16.185176402851514,4.740563965304523,1,65590.93273920182,7.32766799582016,85.91351084507022,86,0,0
47.34350456740292,0.4279183717256352,1,24795.369127858496,8.830728595103551,69.46597459085997,5,1,0
17.898261080582763,4.669808252787641,0,16845.263282629006,0.8079459178698212,42.846723760277726,33,1,2
43.75379516287282,2.662768816075387,1,46985.619555797326,8.345488173436,102.67699099518512,22,0,1
36.69991427690222,2.595676946239829,1,50664.59302068921,7.391262140988491,107.58877977488916,5,0,1
38.16896069937848,2.7450062108980595,1,47497.02278508348,9.764490329115715,119.97527254309558,23,0,1
11.995193238316508,4.928862066372523,0,54820.507276849625,8.105065775064364,103.15526841725224,23,0,2
33.11687613157533,3.0559621775931873,1,54611.052342511495,1.2746572057653873,76.91454461933935,40,2,2
49.26059703911606,2.3926123851894228,1,55208.11631331234,8.172316308764298,26.54752005338937,33,0,0
10.607530414027607,4.853092616965232,1,63916.755613550326,7.4014994590911485,78.55536926090392,16,0,2
12.404454364128853,1.31674491545262,1,44805.765837937666,0.15716533251843523,107.36628107676768,9,0,0
10.824007640565824,4.849084836230427,1,94609.3610688275,1.8411098346584795,21.69075333764262,5,2,2
44.73213768590739,3.2354028429724195,0,39885.73969929314,0.3480119747035837,89.16278396050271,22,1,2
49.2769383863894,0.4279183717256352,1,12047.757145059568,8.830728595103551,3.063283005180395,25,2,0
12.146734882735826,2.629018873325251,1,60820.75942521077,0.23354525674467475,78.63701046348842,12,0,1
41.39145286352885,2.820963121637769,1,93739.77834158877,4.797491777259638,21.81685041815544,22,2,0
49.27743064154183,0.10283157032942691,1,39253.2069869854,5.277427522672692,40.23656642804504,7,2,0
45.53745922605757,2.6270065526146946,1,46346.01981566711,9.231301580027537,83.4579378582403,22,0,0
13.691095084906106,4.829756373734485,1,76233.15833463077,0.536419667522992,103.15526841725224,16,0,0
10.69920129800482,4.829756373734485,1,53857.211876205605,7.933551960783925,43.05469048886492,16,0,2
44.552057732309,1.7185397221427605,1,68879.72207099386,5.767746515551247,118.59594294083394,67,2,2
44.38599022042753,0.8874803636233075,1,91494.90259339061,9.803082271350029,28.916561075217658,86,1,0
42.580079433955966,2.5987573245626305,1,46346.01981566711,8.669758647621215,102.67699099518512,22,0,1
12.678894518513296,3.1106425506818143,1,106966.51966254652,9.979170760492174,113.25170346630158,89,2,2
37.53402939319524,0.08394797793308706,0,70136.1766673545,9.529218462360106,36.90523726000775,84,1,2
48.50155646964698,0.7433646416587963,0,19527.84318755792,6.065580393788849,63.838146235951285,77,1,0
34.245279918136376,1.7203149323839395,0,54952.29061663434,5.003232566507304,6.960328318059079,77,0,2
31.27717208581371,1.1091866000998163,0,84661.14310570397,3.7164104424147015,108.036816940501,3,1,1
49.8217649373291,3.0154412217587465,1,93626.02942162147,1.3979574495791702,77.2699987043779,14,1,0
47.45869320710534,0.4279183717256352,1,14059.416171924833,8.830728595103551,21.709724001064835,5,2,0
44.612632152850715,3.67412058671609,0,90650.10147927249,1.071071944104962,11.230464813829721,84,2,1
49.270504391247876,2.3926123851894228,1,76620.76737109567,7.2916206406504305,27.00609120002959,33,0,0
26.749743043707937,1.4690274848658365,1,76054.71978822122,3.6833687256068206,58.91613549197368,35,0,2
22.23925992393322,4.848952533408832,1,106653.76220599606,1.479384152411446,41.980721444860144,88,2,1
17.796633388123425,4.925828223151815,0,35727.0661199926,5.274241065130365,43.61422459550707,27,2,2
31.081054550349336,4.501954833156874,1,38576.05511680472,9.24525290287906,67.12541550011557,96,0,0
48.65846825433011,4.804055248060617,0,84692.85016546209,7.61512074098658,101.42208345711714,31,1,0
36.83722784850269,0.4288469160431302,1,98851.70954275558,8.286172289489178,35.48917562978472,53,0,2
42.82855707778273,1.6924688767150182,0,61884.5701416562,7.124344847124159,86.1283400872014,83,1,2
38.15290807989314,0.7210528787143583,1,13584.162301612014,3.1577900445190252,8.28090973829922,79,0,2
45.7543077349227,2.3747534007312137,0,29512.33284427184,3.4578302871728694,94.450379728418,47,1,2
18.01921322587669,4.669808252787641,0,40032.98965273626,1.1373828573577938,40.17525565667089,33,1,2
16.14014120487955,2.629018873325251,1,58037.128479218816,0.15716533251843523,85.99515204765474,92,0,1
40.685945725245084,4.721125389114948,1,91520.8213837327,2.615783241580243,25.303679038734884,82,1,2
25.192703001806347,3.358434134213235,1,36823.60146021528,3.908216762518898,49.01893869638787,70,1,0
45.34836115565459,0.6619790949547488,1,104216.03460813624,0.7815541664168568,119.0190836107053,82,1,1
11.995193238316508,4.829756373734485,1,54820.507276849625,7.933551960783925,103.15526841725224,16,0,2
19.123291769090734,3.259851804056113,0,85781.16024472521,0.3480119747035837,83.86639402312912,7,1,2
40.212502428561756,2.798464693264587,1,103579.18908396934,4.797491777259638,64.80858093810599,22,2,0
47.644548917082176,0.9632880681034411,1,21603.439483055925,5.823460424851591,98.16561328662942,97,2,2
44.38599022042753,0.8874803636233075,1,91494.90259339061,9.803082271350029,28.916561075217658,86,1,1
44.552057732309,1.7185397221427605,1,74556.57735417483,5.714712917717305,118.59594294083394,67,2,2
48.65846825433011,4.662673964071416,0,84692.85016546209,7.613601393351912,101.42208345711714,31,1,0
49.95581292197467,0.10686687920906779,1,70138.7436403159,1.3979574495791702,81.62783779751982,87,1,0
40.685945725245084,4.582692693540593,1,91520.8213837327,5.933566911236822,64.65554117749619,84,1,2
44.612632152850715,3.6672975424786083,0,33221.558343322526,5.346988926739558,44.48328915978739,84,2,1
46.735363184879226,0.9632880681034411,1,20214.731091449066,5.80698104587594,35.46604836552704,97,2,2
34.245279918136376,1.7203149323839395,0,58025.943068846886,5.003232566507304,6.960328318059079,92,0,1
22.23925992393322,4.848952533408832,1,106653.76220599606,1.347933624000391,41.980721444860144,88,2,1
31.067845168387436,4.5171505930714275,1,45664.892537298896,7.412167448703521,67.12541550011557,96,0,0
19.123291769090734,3.2762078727021136,0,85547.8220885514,0.5669412049070712,83.81628884662223,7,1,2
18.037249892878332,1.4690274848658365,1,76054.71978822122,3.6381010487546437,58.91613549197368,35,0,2
47.45869320710534,0.7611121468222275,1,55871.90644271122,8.830728595103551,20.17804110590223,5,2,0
40.212502428561756,1.1728195191807849,1,105608.31230409697,4.797491777259638,65.78202731137165,14,2,0
45.7543077349227,2.7900912100741095,0,20542.96157467138,3.1518911063875135,97.50278700596704,47,1,2
45.34836115565459,0.6619790949547488,1,104216.03460813624,0.7815541664168568,119.0190836107053,80,1,0
16.86510813539017,3.1106425506818143,1,106966.51966254652,8.158553769509634,117.87536999513839,89,2,2
49.270504391247876,2.38810490017225,1,76620.76737109567,7.293139988285098,27.00609120002959,33,0,0
35.750981104226575,2.976692376382576,0,93623.46244623925,9.529218462360106,36.90523726000775,11,1,2
48.50155646964698,0.7667979519223966,0,19527.84318755792,2.7477967431014783,24.486286791948597,82,1,0
17.796633388123425,4.92836575291785,0,93155.5611577375,0.9985523673799754,11.986489989431853,27,2,2
36.83722784850269,0.4288469160431302,1,98851.70954275558,7.633240457677251,98.18853342182533,53,0,2
16.14014120487955,2.629018873325251,1,54963.47602700627,0.15716533251843523,85.99515204765474,77,0,2
25.192703001806347,3.358434134213235,1,36823.60146021528,4.039668436362785,49.01893869638787,70,1,0
42.593288478767874,2.5987573245626305,1,34763.31770010349,9.251247169234409,104.13202500119746,20,0,1
40.77393247426608,1.6761128081878671,0,62117.90829768179,6.927372253184384,87.91700409424482,95,1,2
26.73170638441866,4.3827894257799445,0,40032.98965273626,1.1826519396577557,40.17525565667089,33,1,2
11.995193238316508,4.480862623404907,1,13008.552805700514,8.419213598658065,104.67711326740881,16,0,2
31.27717208581371,2.7348318104674973,0,84661.14310570397,3.7164104424147015,107.06280986802537,3,1,1
38.22827747883959,0.7210528787143583,1,30016.546253458982,3.4637292253043817,8.28090973829922,82,0,2
17.796633388123425,4.937621787479136,0,12706.64620870891,2.9685778249072747,6.961679306110021,79,0,2
18.080322057532335,4.669808252787641,0,40032.98965273626,1.1373828573577938,39.85947654068931,33,1,2
48.46834846600683,2.38810490017225,1,76620.76737109567,7.630691410500748,27.00609120002959,33,0,2
36.37996357895413,3.358434134213235,1,36734.69267072763,8.361001308664225,49.21148009541829,70,1,0
18.037249892878332,1.4690274848658365,1,92615.09207855361,3.7128887637468253,58.91613549197368,13,1,2
45.7543077349227,2.424065152317461,0,29512.33284427184,3.4578302871728694,94.450379728418,47,1,2
47.37037519499747,0.4279183717256352,1,14059.416171924833,8.830728595103551,21.709724001064835,5,2,0
26.73170638441866,4.783642409547794,1,57407.85033442475,3.957302132496495,40.17525565667089,33,1,2
11.995193238316508,4.737495433640006,1,56668.61845603994,2.7439626326028272,103.15526841725224,79,0,2
16.14014120487955,2.212444019495568,1,57813.97545178919,0.3967360052148212,102.90649342767128,92,0,1
47.45869320710534,0.7611121468222275,1,55871.90644271122,8.830728595103551,105.79205610701007,5,0,0
40.212502428561756,1.1497824755393213,1,105737.78542973884,4.398108924357875,107.40737203094172,14,2,0
49.34875306396684,2.3926123851894228,1,76620.76737109567,2.294857824097872,27.00609120002959,33,0,0
11.995193238316508,1.2642984858296207,1,13008.552805700514,8.364474608258305,82.7856373701243,16,0,2
49.761326101907116,4.804055248060617,0,84692.85016546209,7.803939209252439,101.42208345711714,42,1,0
38.15290807989314,0.7210528787143583,1,36604.58826343788,5.205266039895659,43.063517601198264,27,2,2
19.06218293743509,3.259851804056113,0,85781.16024472521,1.0568507549407191,84.18217302480086,7,1,2
37.60934456253601,0.4288469160431302,1,98851.70954275558,7.2956890354616,95.93216555802108,52,0,0
25.649967270530574,0.4288469160431302,1,98940.36296812109,3.833371305435302,35.296634230754385,51,0,2
49.8217649373291,3.0154412217587465,1,77065.65713123296,1.3231701403676626,91.2498894601751,36,0,0
26.3226658594049,1.4197157332929813,1,76054.71978822122,3.6184644477773347,58.91613549197368,35,0,2
19.179748214867466,3.2762078727021136,0,88431.4189597872,0.5669412049070712,83.81628884662223,5,1,2
38.22827747883959,0.30409527605085174,0,20334.398352678254,1.151616802487235,8.28090973829922,82,0,2
40.685945725245084,4.65239925489579,1,103313.38022318987,7.805365957471674,25.303679038734884,13,1,2
44.33150881528818,2.5987573245626305,1,46777.78266601782,8.511819430547536,85.7656496065033,22,0,1
42.593288478767874,2.991024647246061,1,34763.31770010349,9.251247169234409,17.521401654046578,20,2,1
32.882686771951256,2.7578688774116094,0,84531.66951339871,3.7164104424147015,65.43702709784779,3,1,1
40.11070446255485,3.1815407403756772,1,113343.02813656042,7.29124162839768,64.80858093810599,22,2,0
37.49013182848297,4.325111176096155,0,84661.14310570397,3.4852066100134405,108.036816940501,1,1,1
17.796633388123425,4.92836575291785,0,104917.2776561868,1.1119824532166198,11.986489989431853,27,2,2
39.071878507983484,1.2642984858296207,1,28156.218796446738,7.795255256450658,25.933607400550024,16,0,2
25.192703001806347,3.3475979818403667,1,36823.60146021528,4.020831626999859,49.221050177601086,18,1,0
47.37037519499747,4.515900405219245,1,12990.72915520805,8.423295564793202,20.466565430655272,15,0,0
37.73841092848037,4.561688917039551,0,84661.14310570397,3.4852066100134405,107.87967434031253,1,1,0
49.8217649373291,3.0154412217587465,1,84763.73042919283,1.3231701403676626,91.2498894601751,36,0,1
47.45869320710534,0.7611121468222275,1,55871.90644271122,8.830728595103551,20.17804110590223,19,0,0
42.52757491998615,2.3852282994734226,1,28141.989277041066,8.669758647621215,99.33076042710874,33,0,1
18.037249892878332,3.255732642379644,1,76054.71978822122,1.3086205567966243,58.91613549197368,36,1,2
27.37202521851578,1.4161356518396169,1,76054.71978822122,2.6559715964212653,58.91613549197368,31,0,0
46.763545152975524,1.4219976714125013,1,92416.85932693156,3.7033511487521604,58.92900112044209,20,1,0
26.467021578981633,1.4197157332929813,1,40548.12750227582,1.1245714972027674,58.91613549197368,35,0,2
43.77280125908942,3.0154412217587465,1,93181.86745147158,1.6365648997738713,77.2699987043779,14,1,0
11.599462683040777,2.4480663825054023,1,57394.42787870835,0.3967360052148212,83.88186807117113,92,0,1
48.94861041808706,1.0860188335393757,1,76620.76737109567,3.4684820976306185,27.00609120002959,3,0,2
32.87407842599716,2.56502405194415,0,85578.02438675892,3.7164104424147015,60.79929843702918,5,1,1
13.660160770892887,4.440813067328643,1,103313.38022318987,8.048245081796306,82.08491680474046,13,1,2
44.33150881528818,2.6095934769354705,1,41322.75023718107,8.399181129284232,85.56353809799249,68,0,1
11.995193238316508,0.3950570144497245,1,15388.924672663577,9.027381449013792,100.05154625275503,6,2,2
47.21021115443999,0.5223585279446286,1,55871.90644271122,8.830728595103551,105.94919870719855,5,0,1
31.27717208581371,2.7348318104674973,0,77714.81209624819,3.7164104424147015,107.06280986802537,3,1,0
42.92024575131669,2.5987573245626305,1,34763.31770010349,9.251247169234409,104.13202500119746,11,2,1
49.316051291304234,2.6061414102786307,1,83483.64737391102,7.2916206406504305,30.349925852210852,22,0,0
19.06218293743509,1.473146650648856,0,85781.16024472521,3.6083247720918505,84.18217302480086,6,0,2
49.270504391247876,2.38810490017225,1,81074.97032002368,7.293139988285098,18.736940052371388,35,0,2
17.88861961778632,1.364785400483537,1,105806.54505213452,4.807029392254302,65.76916168290325,10,2,2
18.080322057532335,4.669808252787641,0,75539.58194134281,3.631277408354843,39.85947654068931,33,1,2
11.863656950343263,4.829756373734485,1,55264.668604364386,7.933551960783925,103.15526841725224,16,0,2
19.172769381201636,3.262534159046568,0,86200.70781530764,0.3480119747035837,102.89101935828096,7,1,2
31.27717208581371,2.411272672100151,0,84661.14310570397,7.878617144523723,108.036816940501,33,1,1
47.46533096610674,0.4279183717256352,1,13024.698411932193,8.7389486745355,21.063955465216374,3,2,0
18.240243227022155,4.480862623404907,1,13008.552805700514,8.419213598658065,107.00769153533557,8,0,2
26.3226658594049,1.4197157332929813,1,76054.71978822122,3.5110578355559543,58.91613549197368,33,0,2
42.9283251919807,2.3793848091043013,1,28141.989277041066,9.258182946571955,99.4075764165363,33,0,1
18.037249892878332,1.4693086381549392,1,76193.03723631031,4.761204771101679,58.91613549197368,9,2,2
47.37037519499747,2.726112685058025,1,12891.628100433853,8.12809936971973,20.466565430655272,22,0,0
24.435247786592228,1.4557250683028238,1,40548.12750227582,0.5462128601732577,58.91613549197368,35,0,2
11.984436784648107,3.0980567534071497,1,54820.507276849625,7.933551960783925,103.15526841725224,16,0,2
49.927988739633484,3.007900723933577,1,77065.65713123296,1.3231701403676626,91.2498894601751,36,0,0
44.33150881528818,2.609355422556941,1,46777.78266601782,1.4283672867930597,84.14959143255834,22,1,1
18.080322057532335,4.669808252787641,0,67273.13737924887,3.631277408354843,15.788435728358673,24,1,0
47.21021115443999,2.5735535545407515,1,55968.58401335938,8.830728595103551,102.4241363532473,2,0,1
39.071878507983484,1.2642984858296207,1,28156.218796446738,7.795255256450658,25.933607400550024,11,0,2
42.25762341101592,1.5000597609713977,1,76054.71978822122,9.494039721912397,58.91613549197368,35,0,1
19.06218293743509,1.4740208766426257,0,94027.03978409666,3.6343663941971713,83.52535994218505,6,0,2
11.792340524657778,1.4690274848658365,1,92615.09207855361,3.7128887637468253,56.58373330104237,13,1,2
42.51949547932215,2.6046008149317523,1,34763.31770010349,8.662822870258662,104.0552090117699,11,2,1
13.595053879510425,1.3645042471944342,1,105668.21741701839,3.6839256699072678,65.63656846786078,36,0,2
49.316051291304234,4.564733049067226,1,83590.84726495156,7.2916206406504305,30.349925852210852,15,0,0
49.17048338574979,0.725102812332765,1,55871.90644271122,9.37002806747064,105.79205610701007,5,0,0
49.8217649373291,4.745471562146612,1,79203.51686295027,1.3231701403676626,67.00175937398784,36,0,1
10.175463673879168,2.685189286177958,1,57394.42787870835,0.3967360052148212,83.88186807117113,92,0,1
19.06218293743509,3.6394984593106994,0,85781.16024472521,8.141758662857903,102.74141186645059,9,0,2
47.45869320710534,0.6177221729673154,1,55871.90644271122,8.662470852155595,44.24908769459458,19,0,2
42.580079433955966,0.5476089231087649,1,40084.90290971714,9.583045499913291,106.20205334913636,23,0,1
39.8891507292973,1.1728195191807849,1,110056.19354895678,4.797491777259638,65.78202731137165,14,2,0
19.123291769090734,3.259851804056113,0,85781.16024472521,0.3480119747035837,82.41715925629288,10,1,2
27.085401976262947,2.567725048477918,1,34763.31770010349,3.4259842051656606,104.13202500119746,20,0,2
27.37202521851578,1.1455685260045918,1,76427.20058079418,1.984642184347631,59.57294857441902,31,0,0
38.878750945184755,1.1728195191807849,1,14190.99641430215,4.6760619698948185,65.78202731137165,14,2,0
13.378366636222129,4.480862623404907,1,113637.59631265295,8.540631162464527,106.35587830112645,16,0,2
44.552057732309,1.7185397221427605,1,68879.72207099386,5.767746515551247,118.59594294083394,67,2,2
44.38599022042753,0.8874803636233075,1,91494.90259339061,9.803082271350029,28.916561075217658,86,1,0
42.580079433955966,2.5987573245626305,1,46346.01981566711,8.669758647621215,102.67699099518512,22,0,1
12.678894518513296,3.1106425506818143,1,106966.51966254652,9.979170760492174,113.25170346630158,89,2,2
37.53402939319524,0.08394797793308706,0,70136.1766673545,9.529218462360106,36.90523726000775,84,1,2
48.50155646964698,0.7433646416587963,0,19527.84318755792,6.065580393788849,63.838146235951285,77,1,0
34.245279918136376,1.7203149323839395,0,54952.29061663434,5.003232566507304,6.960328318059079,77,0,2
31.27717208581371,1.1091866000998163,0,84661.14310570397,3.7164104424147015,108.036816940501,3,1,1
49.8217649373291,3.0154412217587465,1,93626.02942162147,1.3979574495791702,77.2699987043779,14,1,0
47.45869320710534,0.4279183717256352,1,14059.416171924833,8.830728595103551,21.709724001064835,5,2,0
44.612632152850715,3.67412058671609,0,90650.10147927249,1.071071944104962,11.230464813829721,84,2,1
49.270504391247876,2.3926123851894228,1,76620.76737109567,7.2916206406504305,27.00609120002959,33,0,0
26.749743043707937,1.4690274848658365,1,76054.71978822122,3.6833687256068206,58.91613549197368,35,0,2
22.23925992393322,4.848952533408832,1,106653.76220599606,1.479384152411446,41.980721444860144,88,2,1
17.796633388123425,4.925828223151815,0,35727.0661199926,5.274241065130365,43.61422459550707,27,2,2
31.081054550349336,4.501954833156874,1,38576.05511680472,9.24525290287906,67.12541550011557,96,0,0
48.65846825433011,4.804055248060617,0,84692.85016546209,7.61512074098658,101.42208345711714,31,1,0
36.83722784850269,0.4288469160431302,1,98851.70954275558,8.286172289489178,35.48917562978472,53,0,2
42.82855707778273,1.6924688767150182,0,61884.5701416562,7.124344847124159,86.1283400872014,83,1,2
38.15290807989314,0.7210528787143583,1,13584.162301612014,3.1577900445190252,8.28090973829922,79,0,2
45.7543077349227,2.3747534007312137,0,29512.33284427184,3.4578302871728694,94.450379728418,47,1,2
18.01921322587669,4.669808252787641,0,40032.98965273626,1.1373828573577938,40.17525565667089,33,1,2
16.14014120487955,2.629018873325251,1,58037.128479218816,0.15716533251843523,85.99515204765474,92,0,1
40.685945725245084,4.721125389114948,1,91520.8213837327,2.615783241580243,25.303679038734884,82,1,2
25.192703001806347,3.358434134213235,1,36823.60146021528,3.908216762518898,49.01893869638787,70,1,0
45.34836115565459,0.6619790949547488,1,104216.03460813624,0.7815541664168568,119.0190836107053,82,1,1
11.995193238316508,4.829756373734485,1,54820.507276849625,7.933551960783925,103.15526841725224,16,0,2
19.123291769090734,3.259851804056113,0,85781.16024472521,0.3480119747035837,83.86639402312912,7,1,2
40.212502428561756,2.798464693264587,1,103579.18908396934,4.797491777259638,64.80858093810599,22,2,0
47.644548917082176,0.9632880681034411,1,21603.439483055925,5.823460424851591,98.16561328662942,97,2,2
36.58980355768358,0.4288469160431302,0,22565.24401883858,8.884336830923171,45.457287450855205,53,0,2
45.47269018647555,4.848952533408832,1,107345.28983431999,1.337842555261589,41.780152875216864,86,1,1
44.612632152850715,3.67412058671609,1,90650.10147927249,1.071071944104962,11.230464813829721,84,2,1
20.793048737849425,4.668988378001683,0,40112.22198388386,5.66337976815119,40.17525565667089,88,1,2
47.73395567059192,0.7403383419735298,0,84692.85016546209,7.61512074098658,101.42208345711714,82,0,0
12.411013330083737,3.133009084400615,1,21603.439483055925,5.8640388414084335,98.16561328662942,98,2,2
34.245279918136376,1.7203149323839395,0,54952.29061663434,5.003232566507304,2.5071975022975668,77,0,2
17.289879128119182,4.721125389114948,1,87025.29874884167,2.621275429221154,43.08199312796573,83,1,2
44.312527585019005,1.7185397221427605,1,40846.08461285257,5.678047068943782,118.59594294083394,67,2,2
37.724107457890945,0.06731330552856729,0,70136.1766673545,9.529218462360106,38.386341548248495,76,0,2
45.22420394583302,2.3926123851894228,1,104758.56499103105,0.6251462212964318,27.00609120002959,33,0,0
11.995193238316508,4.758463527597244,1,54448.27062387426,7.933551960783925,96.9913946067023,14,0,2
28.981021996691197,1.1771728206009469,0,84661.14310570397,3.842701775590305,108.036816940501,3,1,1
19.123714805411268,3.259851804056113,0,85781.16024472521,0.8402395356659031,83.8777067832496,5,1,2
24.9369090470843,3.358434134213235,1,25593.539790711082,3.4619019706769674,49.01893869638787,70,1,0
48.73511559675774,0.7433646416587963,1,95814.99322119686,6.065580393788849,63.838146235951285,77,1,0
22.118541585153153,0.8874803636233075,1,90803.37480432543,9.825120786344847,42.579414924737534,86,2,0
49.8217649373291,3.0154412217587465,0,93626.02942162147,1.3979574495791702,77.2699987043779,14,1,0
42.99417908473236,1.6913702461566806,0,61805.3378105154,0.8188907134548544,86.1283400872014,28,1,2
39.07384194338875,4.79296211935276,1,11165.145951819126,3.1577900445190252,8.28090973829922,34,1,2
47.885425576316834,0.9409236953276936,1,106966.51966254652,9.869067729694235,113.25170346630158,89,2,2
40.212502428561756,2.798464693264587,1,103579.18908396934,4.797491777259638,64.80858093810599,21,2,0
40.09297040555753,4.973970177623887,0,35727.0661199926,4.761881032774456,25.83591050644234,26,2,2
31.16505383251628,4.501954833156874,1,66609.69257557557,9.334334050199478,58.409987994390576,96,0,0
42.39000136923871,2.6461658005189626,1,46346.01981566711,8.669758647621215,101.19476628177944,22,1,1
49.39288006838718,0.6619790949547488,1,76078.23090094086,7.459543100217592,119.0190836107053,82,1,1
26.749743043707937,1.5723524379636875,1,76426.95644119321,4.057495962568456,58.91613549197368,35,0,2
47.45869320710534,0.4324526831913598,1,14059.416171924833,8.70425352819332,21.709724001064835,1,2,0
16.139718168559227,2.629018873325251,1,58037.128479218816,0.15716533251843523,85.98383928753425,92,0,1
46.082476911049135,2.3747534007312137,0,29827.502520195772,3.9041450790148,94.19066394978022,40,1,2
40.09297040555753,0.4664871369495076,0,34876.20769214451,4.761881032774456,25.83591050644234,26,2,2
26.749743043707937,2.3939362757338363,1,93420.91052766892,3.6833687256068206,59.370245777621605,35,0,2
30.83185943412664,1.522268977732969,1,77690.61756935102,4.057495962568456,67.57236525541401,36,0,2
24.92316382069293,3.358434134213235,1,25593.539790711082,3.493529035243055,50.07309167178207,70,1,0
28.981021996691197,1.1771728206009469,0,84661.14310570397,3.842701775590305,108.036816940501,3,2,1
40.212502428561756,2.543900512523615,1,103579.18908396934,4.771433693793825,64.80858093810599,5,2,1
22.118541585153153,0.8874803636233075,1,90803.37480432543,0.304962121975036,44.10417912011858,86,2,0
42.99417908473236,1.9226386990725026,0,63653.44722964825,0.8188907134548544,85.73693044913827,28,2,2
44.612632152850715,3.257545554538982,0,90650.10147927249,1.071071944104962,11.439144239270194,85,2,2
49.8217649373291,2.8157494568518575,1,36348.88301814906,3.9364282039890464,77.2699987043779,28,1,0
45.75382537397901,2.3747534007312137,0,45571.66966238933,3.4578302871728694,94.450379728418,47,0,2
42.39000136923871,2.6292183876180544,1,16381.938732235423,9.304909809500236,86.07270405586355,22,1,1
17.796633388123425,4.925828223151815,0,14029.668159596189,0.598472656043818,27.185819015483208,27,2,2
49.512143605310605,3.259851804056113,0,86264.51028793014,1.0298143016123695,84.30357441261222,16,1,2
11.995193238316508,4.829756373734485,1,52565.579991784354,7.933551960783925,103.15526841725224,15,0,2
49.11387684467374,4.865716391942316,1,14910.275130034684,8.830728595103551,21.709724001064835,6,2,0
49.270504391247876,1.4677035943232362,1,74365.15163136387,7.2916206406504305,26.55198105765239,33,0,0
31.660933477248392,4.550983368041699,1,37312.3940300152,9.24525290287906,58.46918573667522,96,0,0
18.032958452765865,4.669808252787641,0,40032.98965273626,1.1057571947427156,39.12110268127669,33,1,2
12.359936326438987,3.1106425506818143,1,106966.51966254652,9.91426200432982,113.25170346630158,89,1,2
31.27717208581371,1.363750808254407,0,87545.3378629312,3.742468525880514,108.036816940501,20,1,0
19.123291769090734,2.853738970603615,0,85781.16024472521,9.817220389738914,82.34162978199427,3,1,2
40.212502428561756,2.6374776264723003,1,103579.18908396934,4.797491777259638,77.13390617600285,21,1,0
39.07384194338875,4.899411959505162,1,11165.145951819126,3.942326842857506,8.28090973829922,33,1,1
25.192703001806347,3.358434134213235,1,94100.71072192934,1.369746476214111,48.004684645551734,59,1,0
44.152821680833384,2.5987573245626305,1,30286.682997558015,9.349439022013893,102.67699099518512,22,1,1
16.14014120487955,2.6459662862261593,1,58037.128479218816,0.03192313062353502,111.3968366310427,92,0,1
45.22420394583302,3.1692429051234727,1,104758.56499103105,5.0172945289798685,43.434496780075676,33,0,0
18.756330277318785,0.4324526831913598,1,25545.87136224613,8.70425352819332,21.28415523000576,1,2,0
11.995193238316508,4.793618138696992,1,59521.60383695823,7.933551960783925,96.9913946067023,18,0,2
18.756330277318785,0.6683923726200052,1,25545.87136224613,8.70425352819332,110.22388126171751,1,2,0
48.66166871167986,4.811653252275617,1,53256.25431083867,7.933551960783925,96.9913946067023,34,1,2
42.8425530331972,2.602005025392273,1,46346.01981566711,8.669758647621215,104.88232287728441,22,0,1
19.123714805411268,3.259851804056113,0,85872.47090785687,0.9112290214477683,83.8777067832496,5,1,2
12.037989962059694,4.8030059276222055,1,14059.416171924833,7.928301457342856,7.7155797388234255,9,2,0
21.792458150022668,4.659475848050383,0,85416.90088219225,0.42942900586276633,40.26621058528501,8,1,2
30.84008956149029,2.5894793162669485,1,20387.4123316001,3.8102761420265177,108.036816940501,20,1,0
26.749743043707937,1.5723524379636875,1,76426.95644119321,4.057495962568456,26.429042676095452,35,0,2
12.000395992474099,4.829756373734485,1,52565.579991784354,7.933551960783925,103.15526841725224,94,1,2
39.018330176766,1.1771728206009469,0,12978.95333218939,3.944016579541009,7.570818910708049,42,2,1
11.669586434234205,4.865716391942316,1,14910.275130034684,8.830728595103551,21.709724001064835,6,2,0
41.92356020851712,2.653231047818295,1,46346.01981566711,8.669758647621215,101.19476628177944,17,1,0
40.212502428561756,2.798464693264587,1,105560.95579032646,5.242463399506153,28.922481383075205,21,2,0
16.14014120487955,2.4670149054080204,1,58037.128479218816,0.07700122433797252,92.63553442176912,92,0,1
44.152821680833384,0.5718449793010641,1,30414.029879583763,9.349439022013893,101.5071132080785,5,2,1
31.27717208581371,1.0854495120561036,0,84661.14310570397,3.7164104424147015,19.004628446771733,3,1,1
12.641143940790776,3.5443693940318335,1,37540.89933118621,4.02420310724847,78.94396217795955,12,0,0
49.504399486719834,3.0132091236395375,1,93626.02942162147,1.3979574495791702,77.2699987043779,14,1,0
28.981021996691197,1.0626584948894413,0,84569.8324425723,3.6526892917171168,108.036816940501,1,1,1
47.45434123160382,0.4060442526156747,1,77633.5332397443,8.5789047013633,96.9913946067023,20,0,2
19.136125442203724,3.270137705346644,0,40032.98965273626,1.0559662222927324,84.50294849178509,33,1,2
40.580201912250175,1.4034898797971815,0,83542.16825979194,9.234697266586473,86.07270405586355,22,1,1
49.94884601827011,2.3926123851894228,1,76549.54010833951,7.2916206406504305,40.84202609131977,33,0,0
12.354733572281395,3.1106425506818143,1,109336.42325162202,9.91426200432982,111.98134794097196,9,0,2
29.658815821369945,4.899411959505162,1,82863.23692309568,3.841012038906802,108.8833770581968,7,1,1
49.17446354395244,4.315937113168759,1,54820.507276849625,7.933551960783925,103.15526841725224,16,0,2
26.916589034998392,3.351368886913892,1,25593.539790711082,3.493529035243055,50.07309167178207,75,1,1
49.270504391247876,1.4677035943232362,1,72383.34173451428,7.11702124027431,63.855753962515735,33,0,0
24.39653114984308,4.933393928625,0,14462.590965609905,0.046700753214422575,25.690018753404956,27,2,2
47.45869320710534,2.676516500498046,1,13932.069332792342,8.830728595103551,22.876761294778078,22,1,0
12.191663784292027,1.1469640797216771,1,84178.10798846162,7.78559332524705,96.84911209207092,18,0,1
27.76724775550437,0.4324526831913598,1,8013.79515590793,8.70425352819332,14.44997507817699,1,2,0
43.731348701388754,4.899411959505162,1,11165.145951819126,3.942326842857506,9.613463511061084,33,1,1
12.602942389588272,4.659475848050383,0,85416.90088219225,0.3171653847432503,40.26621058528501,8,1,2
10.68489099858764,4.8036395751968675,1,15564.508418407459,8.787034257207667,21.215911973909755,9,2,0
44.65875612651773,2.626752482918306,1,26024.795081701686,9.662519170279612,102.74684911977401,22,2,1
43.636088944130066,2.602005025392273,1,46346.01981566711,8.2494515846351,104.88232287728441,22,0,1
47.45869320710534,4.966444209027823,1,14028.126961586077,8.848921399347821,22.876761294778078,17,1,0
42.3249499181369,2.591248174815406,1,36348.88301814906,3.9364282039890464,77.2699987043779,22,0,0
44.15101875953561,2.6292183876180544,1,16381.938732235423,9.301827225002624,14.78349256403703,23,1,0
49.17446354395244,4.315937113168759,1,54820.507276849625,7.933551960783925,103.15526841725224,19,0,2
40.439681443503126,2.653231047818295,0,50264.19347953372,8.669758647621215,101.19476628177944,17,2,0
12.266932144216474,2.5894793162669485,1,20387.4123316001,3.8102761420265177,108.31332409239405,20,0,0
11.995193238316508,1.551462748711909,1,74402.36189806051,7.032921879045004,63.460105348103795,13,0,2
10.498849077413258,4.714211136150932,1,19927.594163243113,8.830728595103551,21.297634385559896,6,2,0
31.09545031010904,4.7450886966920836,0,60004.638954010414,3.7164104424147015,103.23149414168705,3,1,2
46.43241856077804,1.5723524379636875,1,71275.36924390659,4.057495962568456,58.91613549197368,29,0,2
39.49531492250279,0.5718449793010641,1,25095.12839894594,9.686859674392117,100.27324295428845,4,2,1
21.830786075462633,3.5443693940318335,1,37540.89933118621,4.516889736664352,78.94396217795955,12,0,0
49.7397012792945,4.865082744367651,1,14961.682269521636,7.971995795222112,8.209393157814672,6,2,0
18.248009552717583,0.6404119996095502,1,29807.759278102454,8.66572666230739,110.15402313697709,1,1,0
11.421155865570428,4.677872837901172,1,54448.27062387426,8.68618706824056,96.9913946067023,14,0,2
17.796633388123425,1.9406651194309084,0,13933.610530802453,0.5941694366840551,27.185819015483208,22,2,2
49.89623657556329,2.823258606599082,1,46346.01981566711,8.669758647621215,102.67699099518512,28,0,1
47.45869320710534,0.4279183717256352,1,14059.416171924833,8.833811179598921,90.58421448222353,2,2,1
28.981021996691197,1.0690129281572702,1,84661.14310570397,3.842701775590305,108.036816940501,5,1,1
30.938372436033298,3.1106425506818143,1,109336.42325162202,9.625727939207245,111.70484078907862,7,1,2
47.24038046652338,4.734761848949547,1,51837.75281961839,7.94710481840121,103.5508622902389,33,0,0
18.756330277318785,0.5595827311616102,1,14871.62774470819,8.557272783903192,21.696244845510698,1,2,0
21.792458150022668,0.7410893566680921,0,85416.90088219225,0.6631120779079835,40.40678519102646,5,2,0
44.552057732309,1.7185397221427605,1,68879.72207099386,5.767746515551247,118.59594294083394,67,2,2
44.38599022042753,0.8874803636233075,1,91494.90259339061,9.803082271350029,28.916561075217658,86,1,0
42.580079433955966,2.5987573245626305,1,46346.01981566711,8.669758647621215,102.67699099518512,22,0,1
12.678894518513296,3.1106425506818143,1,106966.51966254652,9.979170760492174,113.25170346630158,89,2,2
37.53402939319524,0.08394797793308706,0,70136.1766673545,9.529218462360106,36.90523726000775,84,1,2
48.50155646964698,0.7433646416587963,0,19527.84318755792,6.065580393788849,63.838146235951285,77,1,0
34.245279918136376,1.7203149323839395,0,54952.29061663434,5.003232566507304,6.960328318059079,77,0,2
31.27717208581371,1.1091866000998163,0,84661.14310570397,3.7164104424147015,108.036816940501,3,1,1
49.8217649373291,3.0154412217587465,1,93626.02942162147,1.3979574495791702,77.2699987043779,14,1,0
47.45869320710534,0.4279183717256352,1,14059.416171924833,8.830728595103551,21.709724001064835,5,2,0
44.612632152850715,3.67412058671609,0,90650.10147927249,1.071071944104962,11.230464813829721,84,2,1
49.270504391247876,2.3926123851894228,1,76620.76737109567,7.2916206406504305,27.00609120002959,33,0,0
26.749743043707937,1.4690274848658365,1,76054.71978822122,3.6833687256068206,58.91613549197368,35,0,2
22.23925992393322,4.848952533408832,1,106653.76220599606,1.479384152411446,41.980721444860144,88,2,1
17.796633388123425,4.925828223151815,0,35727.0661199926,5.274241065130365,43.61422459550707,27,2,2
31.081054550349336,4.501954833156874,1,38576.05511680472,9.24525290287906,67.12541550011557,96,0,0
48.65846825433011,4.804055248060617,0,84692.85016546209,7.61512074098658,101.42208345711714,31,1,0
36.83722784850269,0.4288469160431302,1,98851.70954275558,8.286172289489178,35.48917562978472,53,0,2
42.82855707778273,1.6924688767150182,0,61884.5701416562,7.124344847124159,86.1283400872014,83,1,2
38.15290807989314,0.7210528787143583,1,13584.162301612014,3.1577900445190252,8.28090973829922,79,0,2
45.7543077349227,2.3747534007312137,0,29512.33284427184,3.4578302871728694,94.450379728418,47,1,2
18.01921322587669,4.669808252787641,0,40032.98965273626,1.1373828573577938,40.17525565667089,33,1,2
16.14014120487955,2.629018873325251,1,58037.128479218816,0.15716533251843523,85.99515204765474,92,0,1
40.685945725245084,4.721125389114948,1,91520.8213837327,2.615783241580243,25.303679038734884,82,1,2
25.192703001806347,3.358434134213235,1,36823.60146021528,3.908216762518898,49.01893869638787,70,1,0
45.34836115565459,0.6619790949547488,1,104216.03460813624,0.7815541664168568,119.0190836107053,82,1,1
11.995193238316508,4.829756373734485,1,54820.507276849625,7.933551960783925,103.15526841725224,16,0,2
19.123291769090734,3.259851804056113,0,85781.16024472521,0.3480119747035837,83.86639402312912,7,1,2
40.212502428561756,2.798464693264587,1,103579.18908396934,4.797491777259638,64.80858093810599,22,2,0
47.644548917082176,0.9632880681034411,1,21603.439483055925,5.823460424851591,98.16561328662942,97,2,2
45.81813255027526,2.3747534007312137,0,91636.69567936315,3.4578302871728694,98.7666032114987,47,1,2
11.890779534645617,3.1106425506818143,1,104228.95251127526,9.979170760492174,118.94203767712368,82,2,2
18.338294863446038,4.925828223151815,0,30233.921433844425,7.8721280299341085,103.14804931813407,35,2,2
48.72745876410349,0.30994641200556083,0,84692.85016546209,7.61512074098658,101.42208345711714,84,1,0
44.551727541824434,3.67412058671609,1,91643.2383438662,0.19960749406069955,114.82099133855311,83,2,1
22.234828720439985,1.6661657779168344,0,108915.69356852451,5.003232566507304,16.928440139339816,75,0,2
18.127085440786566,0.9632880681034411,1,20606.007557243513,5.823460424851591,98.16561328662942,98,2,2
48.50155646964698,2.6311849984167797,0,19527.84318755792,6.065580393788849,63.838146235951285,77,1,0
45.23832660908511,1.6924688767150182,0,40619.316060341924,9.267332884321739,86.1283400872014,83,1,2
38.15290807989314,2.7466364245399006,1,13904.097944497662,3.1577900445190252,6.518610769619897,79,0,2
49.25924846438011,0.9312300263143164,1,76885.22977644329,9.611630218382489,27.00609120002959,35,0,0
26.749743043707937,1.4690274848658365,1,75344.74850725845,3.6833687256068206,58.805052764194805,35,0,2
19.761518517678937,0.5351940409848741,1,14059.416171924833,8.830728595103551,32.30170110285802,8,2,0
34.107497819167584,0.4288469160431302,1,98851.70954275558,8.332091668199741,14.248295857529026,53,0,2
49.8217649373291,3.367282603608852,1,38569.94648513282,3.9522217155750994,77.2699987043779,12,1,0
40.62212088658529,4.721125389114948,1,21414.237360916548,2.2419977902817356,25.303679038734884,82,1,2
45.34836115565459,0.7253226023637915,1,106953.60175940748,0.7815541664168568,113.32793732170214,89,1,1
11.995193238316508,4.829756373734485,1,57591.117652033034,5.217831636539441,43.62073174600343,16,0,2
35.479404789763834,4.603052596258369,0,70136.1766673545,9.529218462360106,36.90523726000775,32,1,2
44.61296234333528,1.7185397221427605,0,67886.58520423394,5.767746515551247,13.81407256272037,68,2,2
34.249711125046865,4.878322430654325,1,54606.327241834864,1.479384152411446,41.980721444860144,88,2,1
47.49280098144032,4.723034549709036,0,41030.42159099142,1.1373828573577938,40.17525565667089,33,1,2
16.14014120487955,0.7412014138298428,1,58037.128479218816,0.15716533251843523,85.99515204765474,92,0,1
31.081054550349336,4.501954833156874,1,59841.309198140334,7.593834931331075,60.23696409627687,100,0,0
42.580079433955966,0.7014643792100966,1,46252.29396271261,7.758503615336867,104.73707368817546,22,0,1
44.68367860521337,2.348862808082935,1,91230.44018804045,7.4797527233736725,28.916561075217658,86,1,0
40.212502428561756,2.798464693264587,1,104289.15488398635,4.797491777259638,64.91966366588485,22,2,0
46.78991846260783,3.04115119340993,0,85781.16024472521,0.3480119747035837,85.8339718198217,7,1,2
36.94654126813502,1.1091866000998163,0,84661.14310570397,3.7164104424147015,108.036816940501,3,1,1
25.192703001806347,3.0065927523631295,1,91879.66306757196,1.3539531280655408,49.01893869638787,70,1,0
36.806054136853845,0.4288469160431302,1,99359.25831862178,8.286172289489178,35.48917562978472,51,0,0
19.123291769090734,3.259851804056113,0,85044.31551982253,1.2683311915690387,80.86166428213866,7,1,2
18.140181238697142,0.9632880681034411,1,20606.007557243513,5.823460424851591,41.56699860563468,97,2,2
19.28763088108026,4.925828223151815,0,30233.921433844425,7.925184907927062,103.1873610991848,35,2,2
11.922425938284896,4.848952533408832,1,58039.39510974672,7.680071959488534,42.43922455814189,88,2,1
47.49280098144032,4.723034549709036,0,84723.68436148207,3.753112458327311,40.17525565667089,33,1,2
42.580079433955966,1.4497136384296834,1,46346.01981566711,8.669758647621215,102.67699099518512,22,0,2
39.03588150666174,0.5351940409848741,1,14059.416171924833,8.830728595103551,32.30170110285802,8,2,0
49.270504391247876,2.441400975074189,1,76620.76737109567,9.734289530020776,27.00609120002959,35,0,0
42.580079433955966,4.705076078154517,1,46252.29396271261,8.415589808674156,104.73707368817546,22,0,1
49.852176473166054,3.367282603608852,1,58301.99608917693,3.18470755978746,84.68032323322723,93,1,1
27.12506226092015,1.4690274848658365,1,75344.74850725845,3.6833687256068206,59.030870683408054,35,0,2
45.34836115565459,0.6208355861727655,1,103966.97752650433,0.7815541664168568,118.7286700230798,84,1,1
24.846623632187836,3.0065927523631295,1,91879.66306757196,7.653804272552857,45.91961772008372,28,1,0
31.27717208581371,1.0781457568169888,0,84661.14310570397,5.234705294141987,108.036816940501,3,1,2
31.11222826199808,4.501954833156874,1,55443.05761604677,9.24525290287906,67.12541550011557,96,0,2
35.479404789763834,4.603052596258369,0,70873.02139225673,9.210276935642081,39.909966961067525,32,1,2
17.78353759021285,4.925828223151815,0,25749.013369728862,5.274241065130365,100.21243730606179,27,2,2
46.476642545961674,0.4279183717256352,1,14059.416171924833,8.777671717075885,21.918403426505307,5,2,0
22.313299261126105,4.829756373734485,1,98642.94800220786,1.733052264612883,102.69592400783951,30,0,2
36.94654126813502,1.1091866000998163,0,40967.88021701188,1.1006844105505658,108.036816940501,12,1,1
26.749743043707937,2.6180711710541082,1,46026.59162046306,3.6833687256068206,58.91613549197368,35,0,1
20.938139567705544,1.8863202994633168,1,103579.18908396934,4.797491777259638,75.84786060713509,22,2,0
49.47519071892831,0.8824416561077107,1,76885.22977644329,7.165308989442414,27.00609120002959,33,0,0
39.99651211402442,0.7099723243757814,1,21414.237360916548,2.29374962048672,25.303679038734884,92,1,2
15.415477212485781,2.629018873325251,1,38305.07887517954,0.26558080875038415,78.58482751880541,11,0,0
40.212502428561756,3.381200764512587,1,104289.15488398635,4.690721270067744,64.69384574667161,22,2,0
44.612632152850715,3.715556358556012,0,90120.5131210748,1.071071944104962,9.29600603600138,81,2,1
48.87192690345546,4.865127028606504,0,84692.85016546209,0.6032205112932962,101.42208345711714,71,1,0
11.247052011918836,4.83961691024688,1,57591.117652033034,3.6995367848121727,43.62073174600343,16,0,1
15.415477212485781,2.629018873325251,1,38305.07887517954,0.26558080875038415,78.58482751880541,10,0,0
17.835291840466734,4.925828223151815,0,23395.334997086808,4.814291927041592,98.25059428172396,27,2,2
49.270504391247876,2.441400975074189,0,76620.76737109567,9.734289530020776,110.26433481405095,35,2,0
38.55253721256888,4.848952533408832,1,7456.860940153364,1.479384152411446,41.980721444860144,80,2,1
26.811108442939158,2.70132571312437,1,46252.29396271261,8.415589808674156,104.73707368817546,35,0,1
42.580079433955966,0.4758147580077937,1,40855.474426286,7.82506697849565,104.73707368817546,22,0,1
22.015833981171145,4.9244957208206985,0,98642.94800220786,5.246640474121706,102.69592400783951,30,0,2
15.559406624569561,1.0488021300620884,1,38569.94648513282,4.513465250141134,91.54678957241948,97,1,2
11.195651650423908,4.841155944413143,0,57796.76939095561,3.7384944967483094,83.86639402312912,7,1,2
46.476642545961674,0.4279183717256352,1,14059.416171924833,8.777671717075885,22.08774399631752,5,0,0
18.307407859872203,0.5351940409848741,1,14059.416171924833,8.830728595103551,32.30170110285802,9,2,0
24.918172707574822,1.4690274848658365,1,92530.00349938106,3.731769305868733,46.6571620866024,35,1,2
42.45929596719969,0.9312300263143164,1,76885.22977644329,9.611630218382489,27.00609120002959,35,0,0
49.270504391247876,2.427376200634668,1,76620.76737109567,7.2916206406504305,28.242266401386278,25,0,0
47.45869320710534,0.4279183717256352,1,14301.553211145882,0.1853731339285476,84.42257134790661,5,2,0
11.148231271696766,4.85551652894255,1,54894.01246027966,5.217831636539441,43.62073174600343,16,0,2
21.590134828599105,2.12225998837824,1,108024.44180444803,5.25744091534841,75.2881494996113,22,2,0
19.28763088108026,4.925828223151815,1,15347.340831157871,7.925184907927062,19.814182918288708,35,0,2
22.722603969769175,0.5351940409848741,1,116745.33816849838,8.830728595103551,32.30170110285802,8,2,0
42.052266649600355,4.606077279679583,1,47443.79190243851,3.6833687256068206,58.91613549197368,22,0,1
31.27717208581371,1.0781457568169888,0,93290.95192898248,5.168141919146077,108.036816940501,2,1,2
17.058202985904792,4.83108887559171,1,35727.0661199926,2.190268327652176,43.61422459550707,27,2,2
48.4493126520116,3.280150212460729,1,20606.007557243513,5.837243146031182,77.76379585325526,12,2,0
19.17694966430783,3.4776359547218116,1,85575.5085046096,0.3138804231678167,43.04798747593441,16,0,1
42.580079433955966,1.4497136384296834,1,46346.01981566711,8.801294362944494,116.64927655076137,22,2,2
19.594291896503872,1.0071755198839512,1,20606.007557243513,5.825491655044764,41.56699860563468,96,2,2
27.053513185533166,2.891556668754485,1,74694.40807536902,7.6054034658837075,56.86453673825413,28,0,0
49.36922674713478,2.5987573245626305,1,64458.007335461676,8.669758647621215,102.67699099518512,27,0,1
11.995193238316508,4.790290063849259,1,54820.507276849625,7.933551960783925,101.58807645401181,11,0,2
16.14014120487955,2.629018873325251,1,57795.245591100625,8.906641304699088,23.28254333111662,92,0,1
12.676732969886011,2.3893242565307546,1,55092.40762311846,7.278055866571717,103.15526841725224,11,0,2
41.90944875179515,2.5987573245626305,1,46346.01981566711,0.42922772162670064,102.67699099518512,22,0,0
46.476642545961674,2.6454774916049404,1,14059.416171924833,0.37357101944335813,23.03204078076168,10,0,0
48.96441803678313,4.437414740564433,1,76620.76737109567,3.6375677261305976,27.00609120002959,35,0,0
15.943566694824973,0.9953962773850307,1,35727.0661199926,2.197500886245848,43.61422459550707,27,2,2
26.84013348469655,3.2427938337844187,0,85781.16024472521,0.465759497090104,83.86639402312912,10,1,2
42.580079433955966,0.7014643792100966,1,46252.29396271261,7.779105517108849,103.94608020681785,2,2,1
22.86889185309758,0.5177932281209252,1,102281.01512025394,4.350861797216336,35.91532665360684,22,2,0
25.374835751361964,2.6180711710541082,1,47038.19420887612,3.6833687256068206,56.96387245787813,24,0,1
46.32612408817546,4.8741744845791155,1,55220.910373331324,5.206116462154072,73.87070058169014,16,1,2
11.247052011918836,4.83961691024688,1,57591.117652033034,3.6995367848121727,43.62073174600343,16,2,1
17.431335184402904,3.280150212460729,1,18927.82196745742,5.837243146031182,79.91378920576328,12,2,0
46.476642545961674,0.5056930883368427,1,16387.722006382493,8.574260573400908,21.918403426505307,5,2,0
19.761518517678937,0.7662472033024745,1,14059.416171924833,5.259419773280056,28.58162760448167,8,2,0
49.270504391247876,4.857864049237827,1,76348.86702482463,7.947116734862639,28.242266401386278,25,0,0
15.415477212485781,2.629018873325251,1,38305.07887517954,7.857761805148291,78.58482751880541,11,0,1
14.855883525108288,0.41173905570735725,1,38305.07887517954,8.518871532606184,70.15292784392881,5,0,0
42.35284874874823,2.5971019628471548,1,47443.79190243851,9.745182133681805,58.91613549197368,22,0,1
49.25924846438011,4.791169227926524,1,76885.22977644329,9.788582463846499,27.00609120002959,35,0,0
19.094266727873645,2.70132571312437,1,46252.29396271261,8.6578559009239,104.73707368817546,35,0,1
48.62542696513045,0.4279183717256352,1,14059.416171924833,8.810126693185005,22.49373014433072,8,0,0
20.18002641465212,1.903724943290473,1,118029.93133692235,8.77759981378238,72.23423531587997,8,2,0
27.053513185533166,2.891556668754485,1,70824.15218514742,7.6054034658837075,58.816799772349675,35,0,0
11.148231271696766,3.3456994596671037,1,39647.58038247367,3.9639368899604674,47.02002986854516,12,0,0
18.307407859872203,0.5351940409848741,1,14059.416171924833,8.830728595103551,32.30170110285802,9,0,0
49.44835701179368,3.4776359547218116,1,87255.10988104138,0.3138804231678167,42.27330570563049,16,0,1
47.45869320710534,0.4279183717256352,1,14048.535948979103,0.1853731339285476,84.42257134790661,2,2,0
11.995193238316508,4.829756373734485,1,54556.35251978918,8.773658186479267,43.62073174600343,16,0,2
15.138380887812648,4.679267663789627,1,53176.573830081106,8.830728595103551,32.30170110285802,16,2,0
11.148231271696766,0.68890251850156,1,8290.802788928106,5.217831636539441,43.62073174600343,9,0,2
44.552057732309,1.7185397221427605,1,68879.72207099386,5.767746515551247,118.59594294083394,67,2,2
44.38599022042753,0.8874803636233075,1,91494.90259339061,9.803082271350029,28.916561075217658,86,1,0
42.580079433955966,2.5987573245626305,1,46346.01981566711,8.669758647621215,102.67699099518512,22,0,1
12.678894518513296,3.1106425506818143,1,106966.51966254652,9.979170760492174,113.25170346630158,89,2,2
37.53402939319524,0.08394797793308706,0,70136.1766673545,9.529218462360106,36.90523726000775,84,1,2
48.50155646964698,0.7433646416587963,0,19527.84318755792,6.065580393788849,63.838146235951285,77,1,0
34.245279918136376,1.7203149323839395,0,54952.29061663434,5.003232566507304,6.960328318059079,77,0,2
31.27717208581371,1.1091866000998163,0,84661.14310570397,3.7164104424147015,108.036816940501,3,1,1
49.8217649373291,3.0154412217587465,1,93626.02942162147,1.3979574495791702,77.2699987043779,14,1,0
47.45869320710534,0.4279183717256352,1,14059.416171924833,8.830728595103551,21.709724001064835,5,2,0
44.612632152850715,3.67412058671609,0,90650.10147927249,1.071071944104962,11.230464813829721,84,2,1
49.270504391247876,2.3926123851894228,1,76620.76737109567,7.2916206406504305,27.00609120002959,33,0,0
26.749743043707937,1.4690274848658365,1,76054.71978822122,3.6833687256068206,58.91613549197368,35,0,2
22.23925992393322,4.848952533408832,1,106653.76220599606,1.479384152411446,41.980721444860144,88,2,1
17.796633388123425,4.925828223151815,0,35727.0661199926,5.274241065130365,43.61422459550707,27,2,2
31.081054550349336,4.501954833156874,1,38576.05511680472,9.24525290287906,67.12541550011557,96,0,0
48.65846825433011,4.804055248060617,0,84692.85016546209,7.61512074098658,101.42208345711714,31,1,0
36.83722784850269,0.4288469160431302,1,98851.70954275558,8.286172289489178,35.48917562978472,53,0,2
42.82855707778273,1.6924688767150182,0,61884.5701416562,7.124344847124159,86.1283400872014,83,1,2
38.15290807989314,0.7210528787143583,1,13584.162301612014,3.1577900445190252,8.28090973829922,79,0,2
45.7543077349227,2.3747534007312137,0,29512.33284427184,3.4578302871728694,94.450379728418,47,1,2
18.01921322587669,4.669808252787641,0,40032.98965273626,1.1373828573577938,40.17525565667089,33,1,2
16.14014120487955,2.629018873325251,1,58037.128479218816,0.15716533251843523,85.99515204765474,92,0,1
40.685945725245084,4.721125389114948,1,91520.8213837327,2.615783241580243,25.303679038734884,82,1,2
25.192703001806347,3.358434134213235,1,36823.60146021528,3.908216762518898,49.01893869638787,70,1,0
45.34836115565459,0.6619790949547488,1,104216.03460813624,0.7815541664168568,119.0190836107053,82,1,1
11.995193238316508,4.829756373734485,1,54820.507276849625,7.933551960783925,103.15526841725224,16,0,2
19.123291769090734,3.259851804056113,0,85781.16024472521,0.3480119747035837,83.86639402312912,7,1,2
40.212502428561756,2.798464693264587,1,103579.18908396934,4.797491777259638,64.80858093810599,22,2,0
47.644548917082176,0.9632880681034411,1,21603.439483055925,5.823460424851591,98.16561328662942,97,2,2
48.65846825433011,4.804055248060617,0,90363.4249931619,4.762009956180722,101.42208345711714,31,1,0
17.796633388123425,4.783837369340239,1,35727.0661199926,7.9210622528219155,43.61422459550707,27,2,2
46.141839358781255,1.614011716232337,0,29515.870516382613,3.4578302871728694,98.7666032114987,47,1,2
22.23925992393322,4.710519837834477,1,106653.76220599606,1.4526802731909685,118.99213322934915,95,1,1
48.50155646964698,0.7232713981658205,0,18658.888161723156,9.300035205439428,68.67365746369867,77,1,0
36.624843661019185,0.08394797793308706,0,68722.64816074757,2.569541201610165,25.29939711121049,84,1,2
44.552057732309,1.7185397221427605,1,85719.87678988096,5.767746515551247,118.59594294083394,69,2,2
34.245279918136376,1.7203149323839395,0,54952.29061663434,3.0579122236042218,6.960328318059079,77,0,2
42.57800491323651,0.9046285953525562,1,87537.07956413006,7.40635717727986,28.916561075217658,86,0,0
49.8217649373291,3.0368559985303687,1,92922.59747111634,1.5266190424863604,76.80713247007931,14,1,0
16.16206064374986,1.4690274848658365,1,76054.71978822122,3.6206727626372084,58.91613549197368,35,0,2
47.45869320710534,0.4789517857058203,1,86482.19624147523,8.830728595103551,20.08770520620145,5,2,0
18.01921322587669,2.478391357299481,0,42178.423940336055,1.1373828573577938,27.302644484706683,25,1,2
25.192703001806347,3.7735069204445564,0,42582.715913805754,1.0153076806222683,52.097777550772896,70,1,1
12.678894518513296,3.1106425506818143,1,106966.51966254652,9.979170760492174,113.25170346630158,87,2,2
44.355993969571884,2.798464693264587,1,103579.18908396934,5.865635410564401,73.62748081885363,22,2,0
11.995193238316508,4.8295767955526685,0,54820.507276849625,5.2867307605433105,103.15526841725224,16,0,2
42.40400735626953,2.3657348899960815,0,61881.03250099849,7.124344847124159,86.1283400872014,83,1,2
45.34836115565459,0.6854124052183491,1,104216.03460813624,0.8082580457056254,40.34660743129649,81,2,1
31.081054550349336,4.520555445750246,1,39445.01018451465,6.0105470671672965,63.9148795165137,96,0,0
40.685945725245084,4.721125389114948,1,91520.8213837327,8.886145739089056,36.909519187532545,82,1,2
19.123291769090734,3.259851804056113,0,68941.00552583663,0.3480119747035837,83.86639402312912,5,1,2
38.15290807989314,0.7210528787143583,1,13584.162301612014,5.103110387436045,8.28090973829922,79,0,2
44.38806474114698,2.5987573245626305,1,45808.39446819242,9.814615339109924,104.13202500119746,20,1,1
45.589924313565525,0.9418747538217016,1,22307.30923071818,5.694824607480486,100.33617275148505,100,2,2
26.72782435405709,2.3420001328641105,1,58037.128479218816,0.234298821971064,85.99515204765474,92,0,1
31.27717208581371,1.058153206186685,0,12257.33047123866,4.208638002575206,109.5921595932649,3,1,1
49.270504391247876,4.583467569842227,1,76620.76737109567,7.2916206406504305,39.878702371994734,32,0,0
44.6843687008382,3.67412058671609,1,92353.97440173053,3.9639964192937196,11.230464813829721,87,2,0
44.99738443344272,0.6431513213213356,1,83923.26433168269,0.7815541664168568,108.65602206724343,84,1,1
47.44071449735285,0.4782451836591867,1,104216.03460813624,8.589002693574951,31.577307844841744,81,2,0
47.45869320710534,2.829706852628759,1,14059.416171924833,8.844121783863613,14.899050636928024,22,2,0
25.101097119581542,1.1091866000998163,0,44672.181169297444,3.7164104424147015,43.441118566527855,70,1,1
30.458704965463184,1.4690274848658365,1,46154.062271765506,4.039831601168455,58.91613549197368,31,0,2
38.15290807989314,0.7210528787143583,1,13088.449182173812,3.1577900445190252,8.28090973829922,73,0,2
16.14014120487955,1.4554396991119551,1,62048.57830103254,0.15716533251843523,85.99515204765474,92,0,1
40.685945725245084,4.742027882453731,1,94538.85280384855,2.5519682516601323,48.58108153024174,88,1,2
43.70836322382488,2.6207220698159803,1,46346.01981566711,8.669758647621215,63.72733092871426,94,0,1
18.16395778572857,3.259010707988724,0,43166.01644649534,0.3566193554126913,83.86639402312912,7,1,2
49.90434945818141,2.837488775762567,1,60.89460268372932,1.3474657998750599,110.41564548121306,14,1,1
20.43349419292224,4.832355476116162,1,35727.0661199926,3.5351434370227537,43.61422459550707,27,2,2
17.796633388123425,4.780640167746622,1,36637.66560109166,8.18413112809704,43.61422459550707,27,2,2
17.714922687932585,4.663195417614041,1,38576.05511680472,8.45384411827845,67.12541550011557,98,1,2
44.77473009821088,3.0368559985303687,1,57542.43181944365,2.6335574363427066,86.02017735475337,19,1,0
45.3663398653094,0.7131329579512707,1,86482.19624147523,1.0543366863647616,20.406714742636566,5,2,1
44.355993969571884,0.3972314157534935,1,103579.18908396934,5.852236645522249,80.44318845099208,5,2,0
31.368777968038582,3.85057412225611,0,82571.67777866256,1.0153076806222683,110.25620164556474,3,1,1
44.38806474114698,2.5987573245626305,1,75709.05198458751,9.814615339109924,104.13202500119746,26,1,1
11.995193238316508,4.8295767955526685,0,54820.507276849625,5.2867307605433105,103.15526841725224,22,0,2
16.16206064374986,2.642606659138721,1,75772.1044949358,3.6206727626372084,58.91613549197368,39,0,2
25.192703001806347,3.358434134213235,1,36823.60146021528,3.941283962225129,25.74153620900214,70,1,0
31.400293006497186,4.498545511960304,1,39445.01018451465,6.0105470671672965,102.86450980431269,12,0,0
19.116818867745806,2.479232453366851,0,84793.56758020961,1.1287759648027584,29.091761583355883,25,1,2
30.31630640407678,1.0216150279807812,0,94667.87144879992,4.259131475483652,76.44587319859097,3,1,0
12.053162140972914,4.923229120309098,0,54820.507276849625,8.071065762251905,103.15526841725224,16,0,2
19.123291769090734,3.2626106839257147,0,65448.85752989437,0.21434639425426183,83.86639402312912,3,1,2
31.38534691141257,4.508567668330455,0,40032.98965273626,1.9239992039112521,40.17525565667089,33,0,0
26.72782435405709,2.3420001328641105,1,105152.5580546711,0.28916033235686944,76.78210716298068,92,0,1
31.081054550349336,4.484777530759171,1,30778.33243613705,9.24525290287906,10.873397133962712,96,0,0
49.270504391247876,2.409723088139786,1,80582.28610254136,7.2916206406504305,67.09238733172253,32,0,0
20.34219480696799,4.8629874607421515,1,32461.609329425617,3.5411461232131254,27.628911995739205,27,1,2
49.270504391247876,1.099644145188692,1,76620.76737109567,4.181530066242566,39.878702371994734,3,0,0
17.225977474935853,2.564389615774626,1,77004.20722682812,3.6206727626372084,58.91613549197368,36,0,2
26.749743043707937,1.4690274848658365,1,76054.71978822122,1.9163917504113348,58.68389990924389,33,0,0
17.796633388123425,4.783837369340239,1,35727.0661199926,7.9210622528219155,43.61422459550707,31,2,2
44.77473009821088,3.0368559985303687,1,57205.00686013258,9.997957660061768,103.30911265138693,19,1,1
49.30129251366466,3.01316927917405,1,81847.91228796601,7.921989179251669,76.97761694028479,14,0,0
18.16395778572857,3.092300168374653,0,43166.01644649534,0.3566193554126913,83.86639402312912,7,0,2
44.355993969571884,3.183306876057169,1,114475.04377354587,5.761162909863954,80.44318845099208,19,2,0
44.355993969571884,2.798464693264587,1,103579.18908396934,5.865635410564401,73.62748081885363,24,2,0
47.00417991115468,0.4789517857058203,1,86482.19624147523,7.944358578107115,106.77155594332595,6,2,2
44.138338552776865,2.5987573245626305,1,13616.160017998827,9.814615339109924,99.46246217822339,22,1,1
28.608690060104976,4.473278513929189,1,15319.880496387283,8.830728595103551,21.709724001064835,13,2,0
11.916838636950946,4.8295767955526685,0,56575.91459028714,5.162801749665891,23.12015358424587,16,0,2
49.90434945818141,2.8418273658554822,1,72166.08687073985,3.580868484632582,56.94581684283961,13,1,1
18.11051261183094,2.478391357299481,0,35413.72302052644,1.131381186707491,43.28795708448957,25,2,2
30.446069477977495,4.540185637082231,0,12257.33047123866,6.358503047590698,109.5921595932649,32,1,1
42.580079433955966,1.5033951936745598,1,48532.700859490724,8.921386715528918,102.67699099518512,21,0,1
31.38534691141257,4.508567668330455,0,40032.98965273626,3.8948291420473433,37.13604861264356,39,0,2
29.005637537299073,1.4690274848658365,1,46154.062271765506,4.039831601168455,58.91613549197368,27,0,2
44.38806474114698,2.5987573245626305,1,76046.47694389822,1.4869460432556507,86.84308968082411,29,1,0
49.79097419570747,2.411995030724482,1,92360.4032361959,0.7769767430693717,67.38476909581563,32,1,0
11.717814603265612,4.989981692891115,0,54820.507276849625,8.071065762251905,103.15526841725224,28,1,2
17.521697541868186,0.47462112162032843,0,66182.40425900418,0.45191267096969145,84.69817796472297,5,1,2
19.123291769090734,3.2626106839257147,0,65448.85752989437,0.07429694661081632,83.86639402312912,3,1,2
11.995193238316508,4.829756373734485,1,54820.507276849625,8.819921977763663,22.804005673607378,14,0,0
47.70841920086646,2.829706852628759,1,46251.693590389186,8.844121783863613,19.033076316935343,20,2,0
48.00551716153802,0.4543200414069757,1,39011.72088394113,6.0105470671672965,92.99594471794833,12,0,0
49.09763256874177,2.3926123851894228,1,74865.36005765627,7.062884819880024,113.55669610503904,33,0,0
16.16206064374986,2.6382680690458065,1,5101.033780164551,1.3872702043830167,112.35605392527296,30,0,2
11.995193238316508,4.82958074832505,1,54820.507276849625,8.97135313828118,22.804005673607378,14,0,0
47.307211795854094,2.8418273658554822,1,72166.08687073985,3.580868484632582,56.94581684283961,13,1,0
25.475649116794298,0.16023419843635534,1,103309.09007062482,3.667604507759055,75.55795571033283,5,2,2
42.86853950718424,1.505041106624694,1,48532.700859490724,4.004897152052125,102.84208040357726,21,0,1
47.45869320710534,1.5419885109836193,1,14483.613302604565,8.844121783863613,14.899050636928024,22,0,2
30.458704965463184,1.4200998215004128,1,46086.32873178427,4.039831601168455,39.500963264128266,33,0,2
12.053162140972914,2.544987645431496,0,72556.71189132708,7.465908638050569,66.1098851095683,31,0,2
31.400293006497186,4.134219020045272,1,82862.31006224439,6.0105470671672965,102.86450980431269,12,0,0
28.242974625107315,1.4690274848658365,1,46070.217606563725,4.039289766604636,58.91613549197368,30,0,2
16.114394731995837,4.864622122153371,1,5535.445096773201,8.209917887907222,115.29048789370019,31,2,2
16.142695920457214,3.2587669989919017,0,76042.33595590468,0.21723944613369794,58.475112298283584,5,1,2
10.645497017610149,4.827262737080923,1,56008.981202229465,7.933551960783925,103.15526841725224,10,0,0
49.90434945818141,2.696318468982824,1,3143.4290901474938,5.935956983560386,110.15497878732296,10,1,1
44.138338552776865,2.8302823592651993,1,47728.88123992439,9.634904407472357,16.30508367722966,22,1,1
42.580079433955966,2.7666423334625803,1,46898.34496506062,8.669758647621215,102.67699099518512,33,0,0
11.995193238316508,4.829752420962103,0,50059.51647843509,5.135191749395501,103.15526841725224,16,0,2
49.97041243019779,0.4279183717256352,1,14059.416171924833,6.508269637429858,21.709724001064835,5,2,1
44.50776146536295,0.963417853911731,1,87019.2238884821,6.001956984283383,80.44318845099208,35,0,0
30.988711061874362,1.056507293236557,0,12257.33047123866,9.12387483260283,109.39327396824781,3,1,1
16.16206064374986,3.0593882770276872,1,75632.96378272428,3.5259544872693143,48.83758159147099,35,2,0
31.38534691141257,4.556220745070045,0,40100.723192717494,2.2725075046816405,59.59042788452055,31,0,0
49.270504391247876,4.7269034460241555,1,80582.28610254136,7.2916206406504305,104.13771374261127,15,0,0
49.30129251366466,3.01316927917405,1,38430.612365548455,7.921989179251669,76.97761694028479,14,0,0
21.790219264241692,4.8629874607421515,1,32545.453994627547,3.309374813591494,27.628911995739205,27,1,2
17.84429929987745,2.6959151316385626,1,5101.033780164551,1.1007260871975726,43.945884388124526,25,0,2
19.14265649238365,2.6436914642029326,1,75486.04354828893,3.6206727626372084,84.30741721646439,39,0,2
30.216830191125744,4.475772030112279,1,14131.685836636294,8.958591354548664,21.709724001064835,13,2,2
48.00551716153802,0.5956775495733546,1,39011.72088394113,1.4221036325320826,93.25660957182892,14,0,0
47.70841920086646,2.59818181792619,1,14023.354788264782,8.844121783863613,102.19470780470994,19,2,0
26.749743043707937,1.4690274848658365,1,77590.36440519225,1.9163917504113348,58.68389990924389,26,0,1
