bandwidth,cruise_speed,firm_obstacle,illuminance,obstacle_distance,obstacle_size,power,quality,smoke_intensity
29.697965060612734,0.9783574725777922,0,1096.7513467949918,8.45256269624086,33.178608973942644,84,2,1
29.697965060612734,0.9783574725777922,0,1096.7513467949918,8.45256269624086,33.178608973942644,26,2,1
29.697965060612734,0.9783574725777922,0,1096.7513467949918,8.45256269624086,33.178608973942644,11,2,1
29.697965060612734,0.9783574725777922,0,1096.7513467949918,8.45256269624086,33.178608973942644,30,2,1
29.697965060612734,0.9783574725777922,0,1096.7513467949918,8.45256269624086,33.178608973942644,41,2,1
29.697965060612734,0.9783574725777922,0,1096.7513467949918,8.45256269624086,33.178608973942644,82,2,1
29.697965060612734,0.9783574725777922,0,1096.7513467949918,8.45256269624086,33.178608973942644,45,2,1
29.697965060612734,0.9783574725777922,0,1096.7513467949918,8.45256269624086,33.178608973942644,9,2,1
29.697965060612734,0.9783574725777922,0,1096.7513467949918,8.45256269624086,33.178608973942644,33,2,1
29.697965060612734,0.9783574725777922,0,1096.7513467949918,8.45256269624086,33.178608973942644,60,2,1
29.697965060612734,0.9783574725777922,0,1096.7513467949918,8.45256269624086,33.178608973942644,82,2,1
29.697965060612734,0.9783574725777922,0,1096.7513467949918,8.45256269624086,33.178608973942644,73,2,1
29.697965060612734,0.9783574725777922,0,1096.7513467949918,8.45256269624086,33.178608973942644,100,2,1
29.697965060612734,0.9783574725777922,0,1096.7513467949918,8.45256269624086,33.178608973942644,18,2,1
29.697965060612734,0.9783574725777922,0,1096.7513467949918,8.45256269624086,33.178608973942644,88,2,1
29.697965060612734,0.9783574725777922,0,1096.7513467949918,8.45256269624086,33.178608973942644,5,2,1
29.697965060612734,0.9783574725777922,0,1096.7513467949918,8.45256269624086,33.178608973942644,56,2,1
29.697965060612734,0.9783574725777922,0,1096.7513467949918,8.45256269624086,33.178608973942644,27,2,1
29.697965060612734,0.9783574725777922,0,1096.7513467949918,8.45256269624086,33.178608973942644,20,2,1
29.697965060612734,0.9783574725777922,0,1096.7513467949918,8.45256269624086,33.178608973942644,66,2,1
29.697965060612734,0.9783574725777922,0,1096.7513467949918,8.45256269624086,33.178608973942644,30,2,1
29.697965060612734,0.9783574725777922,0,1096.7513467949918,8.45256269624086,33.178608973942644,56,2,1
29.697965060612734,0.9783574725777922,0,1096.7513467949918,8.45256269624086,33.178608973942644,26,2,1
29.697965060612734,0.9783574725777922,0,1096.7513467949918,8.45256269624086,33.178608973942644,15,2,1
29.697965060612734,0.9783574725777922,0,1096.7513467949918,8.45256269624086,33.178608973942644,75,2,1
29.697965060612734,0.9783574725777922,0,1096.7513467949918,8.45256269624086,33.178608973942644,43,2,1
29.697965060612734,0.9783574725777922,0,1096.7513467949918,8.45256269624086,33.178608973942644,68,2,1
29.697965060612734,0.9783574725777922,0,1096.7513467949918,8.45256269624086,33.178608973942644,67,2,1
29.697965060612734,0.9783574725777922,0,1096.7513467949918,8.45256269624086,33.178608973942644,95,2,1
29.697965060612734,0.9783574725777922,0,1096.7513467949918,8.45256269624086,33.178608973942644,42,2,1
20.515561167872853,3.165921996370582,0,36783.164362181626,4.657985530271038,4.191184289278276,58,0,0
20.515561167872853,4.837179762468383,0,36783.164362181626,4.657985530271038,4.191184289278276,58,0,0
20.515561167872853,3.4153241115481263,0,36783.164362181626,4.657985530271038,4.191184289278276,58,0,0
20.515561167872853,1.9581241654001307,0,36783.164362181626,4.657985530271038,4.191184289278276,58,0,0
20.515561167872853,0.9362628486004904,0,36783.164362181626,4.657985530271038,4.191184289278276,58,0,0
20.515561167872853,1.7298033278586655,0,36783.164362181626,4.657985530271038,4.191184289278276,58,0,0
20.515561167872853,2.5553298678478855,0,36783.164362181626,4.657985530271038,4.191184289278276,58,0,0
20.515561167872853,4.456047047502896,0,36783.164362181626,4.657985530271038,4.191184289278276,58,0,0
20.515561167872853,3.877819712363447,0,36783.164362181626,4.657985530271038,4.191184289278276,58,0,0
20.515561167872853,1.5907330030768718,0,36783.164362181626,4.657985530271038,4.191184289278276,58,0,0
20.515561167872853,4.621084482534121,0,36783.164362181626,4.657985530271038,4.191184289278276,58,0,0
20.515561167872853,2.3545494270787874,0,36783.164362181626,4.657985530271038,4.191184289278276,58,0,0
20.515561167872853,3.4687942110111503,0,36783.164362181626,4.657985530271038,4.191184289278276,58,0,0
20.515561167872853,0.5360365422679403,0,36783.164362181626,4.657985530271038,4.191184289278276,58,0,0
20.515561167872853,0.5227177921647075,0,36783.164362181626,4.657985530271038,4.191184289278276,58,0,0
20.515561167872853,1.0095372376472516,0,36783.164362181626,4.657985530271038,4.191184289278276,58,0,0
20.515561167872853,4.422248368441467,0,36783.164362181626,4.657985530271038,4.191184289278276,58,0,0
20.515561167872853,3.3990573074229182,0,36783.164362181626,4.657985530271038,4.191184289278276,58,0,0
20.515561167872853,4.246181618072173,0,36783.164362181626,4.657985530271038,4.191184289278276,58,0,0
20.515561167872853,3.222181346027588,0,36783.164362181626,4.657985530271038,4.191184289278276,58,0,0
20.515561167872853,2.0327119883776823,0,36783.164362181626,4.657985530271038,4.191184289278276,58,0,0
20.515561167872853,2.582890970624984,0,36783.164362181626,4.657985530271038,4.191184289278276,58,0,0
20.515561167872853,2.967217588779531,0,36783.164362181626,4.657985530271038,4.191184289278276,58,0,0
20.515561167872853,4.3105899245381405,0,36783.164362181626,4.657985530271038,4.191184289278276,58,0,0
20.515561167872853,2.190930830795625,0,36783.164362181626,4.657985530271038,4.191184289278276,58,0,0
20.515561167872853,4.461200549833214,0,36783.164362181626,4.657985530271038,4.191184289278276,58,0,0
20.515561167872853,3.0685846920129363,0,36783.164362181626,4.657985530271038,4.191184289278276,58,0,0
20.515561167872853,4.146780629032907,0,36783.164362181626,4.657985530271038,4.191184289278276,58,0,0
20.515561167872853,2.4902802745862394,0,36783.164362181626,4.657985530271038,4.191184289278276,58,0,0
20.515561167872853,3.462590659149867,0,36783.164362181626,4.657985530271038,4.191184289278276,58,0,0
23.561014985972403,0.988869366201231,1,115790.78694890623,5.101004768945546,113.6568691889147,18,0,0
30.913140156950554,0.988869366201231,1,115790.78694890623,5.101004768945546,113.6568691889147,18,0,0
18.648935640760577,0.988869366201231,1,115790.78694890623,5.101004768945546,113.6568691889147,18,0,0
14.028144080739073,0.988869366201231,1,115790.78694890623,5.101004768945546,113.6568691889147,18,0,0
11.544165196838755,0.988869366201231,1,115790.78694890623,5.101004768945546,113.6568691889147,18,0,0
38.07797905543958,0.988869366201231,1,115790.78694890623,5.101004768945546,113.6568691889147,18,0,0
28.257224835262242,0.988869366201231,1,115790.78694890623,5.101004768945546,113.6568691889147,18,0,0
45.90936588372702,0.988869366201231,1,115790.78694890623,5.101004768945546,113.6568691889147,18,0,0
43.407328187691185,0.988869366201231,1,115790.78694890623,5.101004768945546,113.6568691889147,18,0,0
25.40380537923266,0.988869366201231,1,115790.78694890623,5.101004768945546,113.6568691889147,18,0,0
48.947150788208916,0.988869366201231,1,115790.78694890623,5.101004768945546,113.6568691889147,18,0,0
33.68248044313459,0.988869366201231,1,115790.78694890623,5.101004768945546,113.6568691889147,18,0,0
40.63533256861192,0.988869366201231,1,115790.78694890623,5.101004768945546,113.6568691889147,18,0,0
26.287774339184278,0.988869366201231,1,115790.78694890623,5.101004768945546,113.6568691889147,18,0,0
17.846796478730877,0.988869366201231,1,115790.78694890623,5.101004768945546,113.6568691889147,18,0,0
16.87108060327338,0.988869366201231,1,115790.78694890623,5.101004768945546,113.6568691889147,18,0,0
17.248249049239472,0.988869366201231,1,115790.78694890623,5.101004768945546,113.6568691889147,18,0,0
34.15222069049754,0.988869366201231,1,115790.78694890623,5.101004768945546,113.6568691889147,18,0,0
14.50531420445273,0.988869366201231,1,115790.78694890623,5.101004768945546,113.6568691889147,18,0,0
10.79642995349686,0.988869366201231,1,115790.78694890623,5.101004768945546,113.6568691889147,18,0,0
43.31987856753682,0.988869366201231,1,115790.78694890623,5.101004768945546,113.6568691889147,18,0,0
13.976444717305633,0.988869366201231,1,115790.78694890623,5.101004768945546,113.6568691889147,18,0,0
28.023381422070486,0.988869366201231,1,115790.78694890623,5.101004768945546,113.6568691889147,18,0,0
29.539942923358776,0.988869366201231,1,115790.78694890623,5.101004768945546,113.6568691889147,18,0,0
34.81089633534249,0.988869366201231,1,115790.78694890623,5.101004768945546,113.6568691889147,18,0,0
30.160579296063865,0.988869366201231,1,115790.78694890623,5.101004768945546,113.6568691889147,18,0,0
47.49372574915873,0.988869366201231,1,115790.78694890623,5.101004768945546,113.6568691889147,18,0,0
40.01586377453103,0.988869366201231,1,115790.78694890623,5.101004768945546,113.6568691889147,18,0,0
32.97865991531863,0.988869366201231,1,115790.78694890623,5.101004768945546,113.6568691889147,18,0,0
34.690885468211334,0.988869366201231,1,115790.78694890623,5.101004768945546,113.6568691889147,18,0,0
18.181536280351672,4.146781605621084,0,54556.25074745134,8.601420413623766,92.37242652117696,85,0,0
18.181536280351672,4.146781605621084,0,54556.25074745134,8.601420413623766,92.37242652117696,85,1,0
18.181536280351672,4.146781605621084,0,54556.25074745134,8.601420413623766,92.37242652117696,85,1,0
18.181536280351672,4.146781605621084,0,54556.25074745134,8.601420413623766,92.37242652117696,85,2,0
18.181536280351672,4.146781605621084,0,54556.25074745134,8.601420413623766,92.37242652117696,85,1,0
18.181536280351672,4.146781605621084,0,54556.25074745134,8.601420413623766,92.37242652117696,85,0,0
18.181536280351672,4.146781605621084,0,54556.25074745134,8.601420413623766,92.37242652117696,85,0,0
18.181536280351672,4.146781605621084,0,54556.25074745134,8.601420413623766,92.37242652117696,85,2,0
18.181536280351672,4.146781605621084,0,54556.25074745134,8.601420413623766,92.37242652117696,85,2,0
18.181536280351672,4.146781605621084,0,54556.25074745134,8.601420413623766,92.37242652117696,85,1,0
18.181536280351672,4.146781605621084,0,54556.25074745134,8.601420413623766,92.37242652117696,85,0,0
18.181536280351672,4.146781605621084,0,54556.25074745134,8.601420413623766,92.37242652117696,85,0,0
18.181536280351672,4.146781605621084,0,54556.25074745134,8.601420413623766,92.37242652117696,85,2,0
18.181536280351672,4.146781605621084,0,54556.25074745134,8.601420413623766,92.37242652117696,85,0,0
18.181536280351672,4.146781605621084,0,54556.25074745134,8.601420413623766,92.37242652117696,85,1,0
18.181536280351672,4.146781605621084,0,54556.25074745134,8.601420413623766,92.37242652117696,85,2,0
18.181536280351672,4.146781605621084,0,54556.25074745134,8.601420413623766,92.37242652117696,85,0,0
18.181536280351672,4.146781605621084,0,54556.25074745134,8.601420413623766,92.37242652117696,85,2,0
18.181536280351672,4.146781605621084,0,54556.25074745134,8.601420413623766,92.37242652117696,85,0,0
18.181536280351672,4.146781605621084,0,54556.25074745134,8.601420413623766,92.37242652117696,85,0,0
18.181536280351672,4.146781605621084,0,54556.25074745134,8.601420413623766,92.37242652117696,85,0,0
18.181536280351672,4.146781605621084,0,54556.25074745134,8.601420413623766,92.37242652117696,85,0,0
18.181536280351672,4.146781605621084,0,54556.25074745134,8.601420413623766,92.37242652117696,85,1,0
18.181536280351672,4.146781605621084,0,54556.25074745134,8.601420413623766,92.37242652117696,85,0,0
18.181536280351672,4.146781605621084,0,54556.25074745134,8.601420413623766,92.37242652117696,85,1,0
18.181536280351672,4.146781605621084,0,54556.25074745134,8.601420413623766,92.37242652117696,85,2,0
18.181536280351672,4.146781605621084,0,54556.25074745134,8.601420413623766,92.37242652117696,85,1,0
18.181536280351672,4.146781605621084,0,54556.25074745134,8.601420413623766,92.37242652117696,85,0,0
18.181536280351672,4.146781605621084,0,54556.25074745134,8.601420413623766,92.37242652117696,85,2,0
18.181536280351672,4.146781605621084,0,54556.25074745134,8.601420413623766,92.37242652117696,85,0,0
38.76317505405321,1.9871706162004221,0,117826.72584968404,4.475031717247118,111.618567876819,45,1,1
38.76317505405321,1.9871706162004221,0,53526.55073464905,4.475031717247118,111.618567876819,45,1,1
38.76317505405321,1.9871706162004221,0,38234.424167678575,4.475031717247118,111.618567876819,45,1,1
38.76317505405321,1.9871706162004221,0,5919.646211988527,4.475031717247118,111.618567876819,45,1,1
38.76317505405321,1.9871706162004221,0,46775.850304486696,4.475031717247118,111.618567876819,45,1,1
38.76317505405321,1.9871706162004221,0,43950.045309166104,4.475031717247118,111.618567876819,45,1,1
38.76317505405321,1.9871706162004221,0,62836.75533513348,4.475031717247118,111.618567876819,45,1,1
38.76317505405321,1.9871706162004221,0,853.9845591186919,4.475031717247118,111.618567876819,45,1,1
38.76317505405321,1.9871706162004221,0,17789.627119614615,4.475031717247118,111.618567876819,45,1,1
38.76317505405321,1.9871706162004221,0,25217.987628778817,4.475031717247118,111.618567876819,45,1,1
38.76317505405321,1.9871706162004221,0,52882.92206909376,4.475031717247118,111.618567876819,45,1,1
38.76317505405321,1.9871706162004221,0,36304.31182253156,4.475031717247118,111.618567876819,45,1,1
38.76317505405321,1.9871706162004221,0,73614.78807178825,4.475031717247118,111.618567876819,45,1,1
38.76317505405321,1.9871706162004221,0,34280.49536049388,4.475031717247118,111.618567876819,45,1,1
38.76317505405321,1.9871706162004221,0,109159.57588972701,4.475031717247118,111.618567876819,45,1,1
38.76317505405321,1.9871706162004221,0,115425.92018544125,4.475031717247118,111.618567876819,45,1,1
38.76317505405321,1.9871706162004221,0,7169.806457690862,4.475031717247118,111.618567876819,45,1,1
38.76317505405321,1.9871706162004221,0,25118.803909831295,4.475031717247118,111.618567876819,45,1,1
38.76317505405321,1.9871706162004221,0,67580.2610633787,4.475031717247118,111.618567876819,45,1,1
38.76317505405321,1.9871706162004221,0,92488.40112889819,4.475031717247118,111.618567876819,45,1,1
38.76317505405321,1.9871706162004221,0,7720.346789672766,4.475031717247118,111.618567876819,45,1,1
38.76317505405321,1.9871706162004221,0,22208.930024208366,4.475031717247118,111.618567876819,45,1,1
38.76317505405321,1.9871706162004221,0,54828.14579801508,4.475031717247118,111.618567876819,45,1,1
38.76317505405321,1.9871706162004221,0,80256.1433956788,4.475031717247118,111.618567876819,45,1,1
38.76317505405321,1.9871706162004221,0,108403.21812157784,4.475031717247118,111.618567876819,45,1,1
38.76317505405321,1.9871706162004221,0,104042.07670644438,4.475031717247118,111.618567876819,45,1,1
38.76317505405321,1.9871706162004221,0,95258.89963357418,4.475031717247118,111.618567876819,45,1,1
38.76317505405321,1.9871706162004221,0,6365.747919451067,4.475031717247118,111.618567876819,45,1,1
38.76317505405321,1.9871706162004221,0,117197.31373533081,4.475031717247118,111.618567876819,45,1,1
38.76317505405321,1.9871706162004221,0,73770.76878017277,4.475031717247118,111.618567876819,45,1,1
21.903677590702703,4.937145143041594,0,40979.45113421963,1.2512377986733403,44.96337525222867,94,1,2
21.903677590702703,4.937145143041594,0,40979.45113421963,1.2512377986733403,44.96337525222867,94,1,0
21.903677590702703,4.937145143041594,0,40979.45113421963,1.2512377986733403,44.96337525222867,94,1,0
21.903677590702703,4.937145143041594,0,40979.45113421963,1.2512377986733403,44.96337525222867,94,1,0
21.903677590702703,4.937145143041594,0,40979.45113421963,1.2512377986733403,44.96337525222867,94,1,0
21.903677590702703,4.937145143041594,0,40979.45113421963,1.2512377986733403,44.96337525222867,94,1,1
21.903677590702703,4.937145143041594,0,40979.45113421963,1.2512377986733403,44.96337525222867,94,1,0
21.903677590702703,4.937145143041594,0,40979.45113421963,1.2512377986733403,44.96337525222867,94,1,1
21.903677590702703,4.937145143041594,0,40979.45113421963,1.2512377986733403,44.96337525222867,94,1,1
21.903677590702703,4.937145143041594,0,40979.45113421963,1.2512377986733403,44.96337525222867,94,1,1
21.903677590702703,4.937145143041594,0,40979.45113421963,1.2512377986733403,44.96337525222867,94,1,1
21.903677590702703,4.937145143041594,0,40979.45113421963,1.2512377986733403,44.96337525222867,94,1,2
21.903677590702703,4.937145143041594,0,40979.45113421963,1.2512377986733403,44.96337525222867,94,1,2
21.903677590702703,4.937145143041594,0,40979.45113421963,1.2512377986733403,44.96337525222867,94,1,2
21.903677590702703,4.937145143041594,0,40979.45113421963,1.2512377986733403,44.96337525222867,94,1,2
21.903677590702703,4.937145143041594,0,40979.45113421963,1.2512377986733403,44.96337525222867,94,1,1
21.903677590702703,4.937145143041594,0,40979.45113421963,1.2512377986733403,44.96337525222867,94,1,1
21.903677590702703,4.937145143041594,0,40979.45113421963,1.2512377986733403,44.96337525222867,94,1,2
21.903677590702703,4.937145143041594,0,40979.45113421963,1.2512377986733403,44.96337525222867,94,1,1
21.903677590702703,4.937145143041594,0,40979.45113421963,1.2512377986733403,44.96337525222867,94,1,1
21.903677590702703,4.937145143041594,0,40979.45113421963,1.2512377986733403,44.96337525222867,94,1,2
21.903677590702703,4.937145143041594,0,40979.45113421963,1.2512377986733403,44.96337525222867,94,1,2
21.903677590702703,4.937145143041594,0,40979.45113421963,1.2512377986733403,44.96337525222867,94,1,1
21.903677590702703,4.937145143041594,0,40979.45113421963,1.2512377986733403,44.96337525222867,94,1,1
21.903677590702703,4.937145143041594,0,40979.45113421963,1.2512377986733403,44.96337525222867,94,1,0
21.903677590702703,4.937145143041594,0,40979.45113421963,1.2512377986733403,44.96337525222867,94,1,2
21.903677590702703,4.937145143041594,0,40979.45113421963,1.2512377986733403,44.96337525222867,94,1,2
21.903677590702703,4.937145143041594,0,40979.45113421963,1.2512377986733403,44.96337525222867,94,1,0
21.903677590702703,4.937145143041594,0,40979.45113421963,1.2512377986733403,44.96337525222867,94,1,1
21.903677590702703,4.937145143041594,0,40979.45113421963,1.2512377986733403,44.96337525222867,94,1,2
14.704146052789188,4.597554991631509,1,7712.235883015725,0.7147753204280993,67.12526250538518,26,0,1
14.704146052789188,4.597554991631509,1,7712.235883015725,0.7147753204280993,85.63668371505567,26,0,1
14.704146052789188,4.597554991631509,1,7712.235883015725,0.7147753204280993,23.111397045482406,26,0,1
14.704146052789188,4.597554991631509,1,7712.235883015725,0.7147753204280993,65.84296511891918,26,0,1
14.704146052789188,4.597554991631509,1,7712.235883015725,0.7147753204280993,34.71335089463031,26,0,1
14.704146052789188,4.597554991631509,1,7712.235883015725,0.7147753204280993,12.65765722400483,26,0,1
14.704146052789188,4.597554991631509,1,7712.235883015725,0.7147753204280993,0.3824124741740542,26,0,1
14.704146052789188,4.597554991631509,1,7712.235883015725,0.7147753204280993,108.82080238375246,26,0,1
14.704146052789188,4.597554991631509,1,7712.235883015725,0.7147753204280993,80.50851780429929,26,0,1
14.704146052789188,4.597554991631509,1,7712.235883015725,0.7147753204280993,24.602607799980873,26,0,1
14.704146052789188,4.597554991631509,1,7712.235883015725,0.7147753204280993,30.938241307529253,26,0,1
14.704146052789188,4.597554991631509,1,7712.235883015725,0.7147753204280993,55.87131738260982,26,0,1
14.704146052789188,4.597554991631509,1,7712.235883015725,0.7147753204280993,98.19447039233683,26,0,1
14.704146052789188,4.597554991631509,1,7712.235883015725,0.7147753204280993,14.11507234541756,26,0,1
14.704146052789188,4.597554991631509,1,7712.235883015725,0.7147753204280993,116.13417961964758,26,0,1
14.704146052789188,4.597554991631509,1,7712.235883015725,0.7147753204280993,113.26929197125042,26,0,1
14.704146052789188,4.597554991631509,1,7712.235883015725,0.7147753204280993,29.359211483116017,26,0,1
14.704146052789188,4.597554991631509,1,7712.235883015725,0.7147753204280993,76.89382314023169,26,0,1
14.704146052789188,4.597554991631509,1,7712.235883015725,0.7147753204280993,43.21170393193032,26,0,1
14.704146052789188,4.597554991631509,1,7712.235883015725,0.7147753204280993,83.67880134067008,26,0,1
14.704146052789188,4.597554991631509,1,7712.235883015725,0.7147753204280993,10.42993201773041,26,0,1
14.704146052789188,4.597554991631509,1,7712.235883015725,0.7147753204280993,56.39590562477123,26,0,1
14.704146052789188,4.597554991631509,1,7712.235883015725,0.7147753204280993,70.61889644281125,26,0,1
14.704146052789188,4.597554991631509,1,7712.235883015725,0.7147753204280993,75.17708831096193,26,0,1
14.704146052789188,4.597554991631509,1,7712.235883015725,0.7147753204280993,83.13545690058758,26,0,1
14.704146052789188,4.597554991631509,1,7712.235883015725,0.7147753204280993,106.96576476012072,26,0,1
14.704146052789188,4.597554991631509,1,7712.235883015725,0.7147753204280993,28.950025188891114,26,0,1
14.704146052789188,4.597554991631509,1,7712.235883015725,0.7147753204280993,18.38331807998236,26,0,1
14.704146052789188,4.597554991631509,1,7712.235883015725,0.7147753204280993,46.872832465557096,26,0,1
14.704146052789188,4.597554991631509,1,7712.235883015725,0.7147753204280993,68.25937772269417,26,0,1
40.955211028629925,0.8232282236911143,1,39534.745002671596,9.605287609205547,55.11300467538528,85,0,1
40.955211028629925,0.8232282236911143,1,39534.745002671596,7.105055856164183,55.11300467538528,85,0,1
40.955211028629925,0.8232282236911143,1,39534.745002671596,7.384425506696291,55.11300467538528,85,0,1
40.955211028629925,0.8232282236911143,1,39534.745002671596,9.727170538106236,55.11300467538528,85,0,1
40.955211028629925,0.8232282236911143,1,39534.745002671596,2.677431627585899,55.11300467538528,85,0,1
40.955211028629925,0.8232282236911143,1,39534.745002671596,2.5946162552587793,55.11300467538528,85,0,1
40.955211028629925,0.8232282236911143,1,39534.745002671596,4.225408375689021,55.11300467538528,85,0,1
40.955211028629925,0.8232282236911143,1,39534.745002671596,2.9542000741973307,55.11300467538528,85,0,1
40.955211028629925,0.8232282236911143,1,39534.745002671596,6.511033852284691,55.11300467538528,85,0,1
40.955211028629925,0.8232282236911143,1,39534.745002671596,9.517139208195358,55.11300467538528,85,0,1
40.955211028629925,0.8232282236911143,1,39534.745002671596,1.5351149253602436,55.11300467538528,85,0,1
40.955211028629925,0.8232282236911143,1,39534.745002671596,5.179476822201348,55.11300467538528,85,0,1
40.955211028629925,0.8232282236911143,1,39534.745002671596,6.775780987982372,55.11300467538528,85,0,1
40.955211028629925,0.8232282236911143,1,39534.745002671596,4.931776665811322,55.11300467538528,85,0,1
40.955211028629925,0.8232282236911143,1,39534.745002671596,9.137438408940174,55.11300467538528,85,0,1
40.955211028629925,0.8232282236911143,1,39534.745002671596,7.368979862014584,55.11300467538528,85,0,1
40.955211028629925,0.8232282236911143,1,39534.745002671596,8.82176795610569,55.11300467538528,85,0,1
40.955211028629925,0.8232282236911143,1,39534.745002671596,1.1176498811910718,55.11300467538528,85,0,1
40.955211028629925,0.8232282236911143,1,39534.745002671596,1.9576350349670946,55.11300467538528,85,0,1
40.955211028629925,0.8232282236911143,1,39534.745002671596,0.6570422560361189,55.11300467538528,85,0,1
40.955211028629925,0.8232282236911143,1,39534.745002671596,8.293194984646847,55.11300467538528,85,0,1
40.955211028629925,0.8232282236911143,1,39534.745002671596,9.628186618058164,55.11300467538528,85,0,1
40.955211028629925,0.8232282236911143,1,39534.745002671596,0.13991021028433526,55.11300467538528,85,0,1
40.955211028629925,0.8232282236911143,1,39534.745002671596,7.892536438715759,55.11300467538528,85,0,1
40.955211028629925,0.8232282236911143,1,39534.745002671596,7.278311985279744,55.11300467538528,85,0,1
40.955211028629925,0.8232282236911143,1,39534.745002671596,9.081867943853771,55.11300467538528,85,0,1
40.955211028629925,0.8232282236911143,1,39534.745002671596,2.7038547325940065,55.11300467538528,85,0,1
40.955211028629925,0.8232282236911143,1,39534.745002671596,7.147771833165857,55.11300467538528,85,0,1
40.955211028629925,0.8232282236911143,1,39534.745002671596,2.3742288146921995,55.11300467538528,85,0,1
40.955211028629925,0.8232282236911143,1,39534.745002671596,0.7603320004476666,55.11300467538528,85,0,1
35.99783682844716,2.3692991564974215,0,118054.92506544705,4.9258826890336715,23.594241457211425,73,1,2
35.99783682844716,2.3692991564974215,1,118054.92506544705,4.9258826890336715,23.594241457211425,73,1,2
35.99783682844716,2.3692991564974215,1,118054.92506544705,4.9258826890336715,23.594241457211425,73,1,2
35.99783682844716,2.3692991564974215,0,118054.92506544705,4.9258826890336715,23.594241457211425,73,1,2
35.99783682844716,2.3692991564974215,1,118054.92506544705,4.9258826890336715,23.594241457211425,73,1,2
35.99783682844716,2.3692991564974215,1,118054.92506544705,4.9258826890336715,23.594241457211425,73,1,2
35.99783682844716,2.3692991564974215,1,118054.92506544705,4.9258826890336715,23.594241457211425,73,1,2
35.99783682844716,2.3692991564974215,0,118054.92506544705,4.9258826890336715,23.594241457211425,73,1,2
35.99783682844716,2.3692991564974215,0,118054.92506544705,4.9258826890336715,23.594241457211425,73,1,2
35.99783682844716,2.3692991564974215,0,118054.92506544705,4.9258826890336715,23.594241457211425,73,1,2
35.99783682844716,2.3692991564974215,0,118054.92506544705,4.9258826890336715,23.594241457211425,73,1,2
35.99783682844716,2.3692991564974215,1,118054.92506544705,4.9258826890336715,23.594241457211425,73,1,2
35.99783682844716,2.3692991564974215,1,118054.92506544705,4.9258826890336715,23.594241457211425,73,1,2
35.99783682844716,2.3692991564974215,0,118054.92506544705,4.9258826890336715,23.594241457211425,73,1,2
35.99783682844716,2.3692991564974215,1,118054.92506544705,4.9258826890336715,23.594241457211425,73,1,2
35.99783682844716,2.3692991564974215,0,118054.92506544705,4.9258826890336715,23.594241457211425,73,1,2
35.99783682844716,2.3692991564974215,1,118054.92506544705,4.9258826890336715,23.594241457211425,73,1,2
35.99783682844716,2.3692991564974215,0,118054.92506544705,4.9258826890336715,23.594241457211425,73,1,2
35.99783682844716,2.3692991564974215,1,118054.92506544705,4.9258826890336715,23.594241457211425,73,1,2
35.99783682844716,2.3692991564974215,0,118054.92506544705,4.9258826890336715,23.594241457211425,73,1,2
35.99783682844716,2.3692991564974215,0,118054.92506544705,4.9258826890336715,23.594241457211425,73,1,2
35.99783682844716,2.3692991564974215,0,118054.92506544705,4.9258826890336715,23.594241457211425,73,1,2
35.99783682844716,2.3692991564974215,0,118054.92506544705,4.9258826890336715,23.594241457211425,73,1,2
35.99783682844716,2.3692991564974215,0,118054.92506544705,4.9258826890336715,23.594241457211425,73,1,2
35.99783682844716,2.3692991564974215,1,118054.92506544705,4.9258826890336715,23.594241457211425,73,1,2
35.99783682844716,2.3692991564974215,1,118054.92506544705,4.9258826890336715,23.594241457211425,73,1,2
35.99783682844716,2.3692991564974215,1,118054.92506544705,4.9258826890336715,23.594241457211425,73,1,2
35.99783682844716,2.3692991564974215,1,118054.92506544705,4.9258826890336715,23.594241457211425,73,1,2
35.99783682844716,2.3692991564974215,1,118054.92506544705,4.9258826890336715,23.594241457211425,73,1,2
35.99783682844716,2.3692991564974215,0,118054.92506544705,4.9258826890336715,23.594241457211425,73,1,2
23.561014985972403,3.165921996370582,0,117826.72584968404,9.605287609205547,67.12526250538518,84,0,2
30.913140156950554,4.837179762468383,1,53526.55073464905,7.105055856164183,85.63668371505567,26,1,0
18.648935640760577,3.4153241115481263,1,38234.424167678575,7.384425506696291,23.111397045482406,11,1,0
14.028144080739073,1.9581241654001307,0,5919.646211988527,9.727170538106236,65.84296511891918,30,2,0
11.544165196838755,0.9362628486004904,1,46775.850304486696,2.677431627585899,34.71335089463031,41,1,0
38.07797905543958,1.7298033278586655,1,43950.045309166104,2.5946162552587793,12.65765722400483,82,0,1
28.257224835262242,2.5553298678478855,1,62836.75533513348,4.225408375689021,0.3824124741740542,45,0,0
45.90936588372702,4.456047047502896,0,853.9845591186919,2.9542000741973307,108.82080238375246,9,2,1
43.407328187691185,3.877819712363447,0,17789.627119614615,6.511033852284691,80.50851780429929,33,2,1
25.40380537923266,1.5907330030768718,0,25217.987628778817,9.517139208195358,24.602607799980873,60,1,1
48.947150788208916,4.621084482534121,0,52882.92206909376,1.5351149253602436,30.938241307529253,82,0,1
33.68248044313459,2.3545494270787874,1,36304.31182253156,5.179476822201348,55.87131738260982,73,0,2
40.63533256861192,3.4687942110111503,1,73614.78807178825,6.775780987982372,98.19447039233683,100,2,2
26.287774339184278,0.5360365422679403,0,34280.49536049388,4.931776665811322,14.11507234541756,18,0,2
17.846796478730877,0.5227177921647075,1,109159.57588972701,9.137438408940174,116.13417961964758,88,1,2
16.87108060327338,1.0095372376472516,0,115425.92018544125,7.368979862014584,113.26929197125042,5,2,1
17.248249049239472,4.422248368441467,1,7169.806457690862,8.82176795610569,29.359211483116017,56,0,1
34.15222069049754,3.3990573074229182,0,25118.803909831295,1.1176498811910718,76.89382314023169,27,2,2
14.50531420445273,4.246181618072173,1,67580.2610633787,1.9576350349670946,43.21170393193032,20,0,1
10.79642995349686,3.222181346027588,0,92488.40112889819,0.6570422560361189,83.67880134067008,66,0,1
43.31987856753682,2.0327119883776823,0,7720.346789672766,8.293194984646847,10.42993201773041,30,0,2
13.976444717305633,2.582890970624984,0,22208.930024208366,9.628186618058164,56.39590562477123,56,0,2
28.023381422070486,2.967217588779531,0,54828.14579801508,0.13991021028433526,70.61889644281125,26,1,1
29.539942923358776,4.3105899245381405,0,80256.1433956788,7.892536438715759,75.17708831096193,15,0,1
34.81089633534249,2.190930830795625,1,108403.21812157784,7.278311985279744,83.13545690058758,75,1,0
30.160579296063865,4.461200549833214,1,104042.07670644438,9.081867943853771,106.96576476012072,43,2,2
47.49372574915873,3.0685846920129363,1,95258.89963357418,2.7038547325940065,28.950025188891114,68,1,2
40.01586377453103,4.146780629032907,1,6365.747919451067,7.147771833165857,18.38331807998236,67,0,0
32.97865991531863,2.4902802745862394,1,117197.31373533081,2.3742288146921995,46.872832465557096,95,2,1
34.690885468211334,3.462590659149867,0,73770.76878017277,0.7603320004476666,68.25937772269417,42,0,2
14.50531420445273,3.715587599766199,1,74409.0740932047,1.9576350349670946,43.21170393193032,20,0,1
30.913140156950554,0.7370719391784872,1,46757.972807679085,7.105055856164183,85.63668371505567,26,1,0
40.92081864549517,3.5107136350281376,1,73614.78807178825,6.856203431981822,98.19447039233683,100,2,2
49.715632468742214,4.621084482534121,0,54626.53626979466,1.5351149253602436,30.938241307529253,80,0,1
34.042579518742244,2.079111574465939,1,36256.08297965899,5.1732139138889135,55.87131738260982,36,0,1
45.42542591861823,4.459396550809553,0,853.9845591186919,3.0884604304248633,56.86204692612076,8,2,2
28.023381422070486,2.967217588779531,0,54828.14579801508,0.13991021028433526,79.48709657952338,39,2,0
37.4801165657763,2.190930830795625,1,107186.69449359269,7.278311985279744,83.13545690058758,77,1,0
30.17970018072835,4.461200549833214,1,28886.131624318143,8.735024300924797,106.96576476012072,43,2,2
46.90085004676054,3.0685846920129363,1,116995.68049816623,2.7038547325940065,41.60150564694364,67,0,2
33.04192570823108,0.5360365422679403,0,34280.49536049388,4.931776665811322,14.11507234541756,91,2,2
38.07797905543958,1.7298033278586655,1,43837.30055421566,2.5448388440583467,12.65765722400483,82,0,1
40.01586377453103,4.146780629032907,1,63635.80927410429,7.147771833165857,16.13358127761188,67,0,0
24.59087245056004,1.5907330030768718,0,79571.25053916483,8.853832896454223,24.602607799980873,60,0,1
43.31987856753682,2.0327119883776823,0,7720.346789672766,8.707451544926954,16.37603441722352,30,0,2
11.544165196838755,4.9348572290309365,1,53804.21365573056,2.677431627585899,34.71335089463031,41,1,0
17.5614261474256,0.4815773046181022,1,109159.57588972701,9.057010646454506,116.13417961964758,92,1,2
15.159446561959538,4.422248368441467,1,5479.921751355934,8.82176795610569,29.359211483116017,54,0,1
43.04722895578595,3.877819712363447,0,17789.627119614615,6.5172967605971195,83.14126189936364,67,2,2
14.02760509469297,2.579519866638628,0,22208.930024208366,9.474617569475647,107.27280367879914,57,0,1
14.028144080739073,1.9581241654001307,0,5919.646211988527,9.727170538106236,65.84296511891918,26,1,1
18.648935640760577,3.2704374914537815,1,38234.424167678575,7.773651449091769,23.111397045482406,9,1,0
34.133099805833055,3.3990573074229182,0,100270.29826326724,1.1176498811910718,76.89382314023169,27,2,2
24.13671611707268,3.165921996370582,0,96070.12288804248,9.605287609205547,67.12526250538518,85,1,2
26.20569801454049,2.217346143635287,1,116495.2670344574,2.3742288146921995,46.872832465557096,31,0,1
16.87108060327338,1.7933155032940145,0,115425.92018544125,7.368979862014584,104.9350964708366,5,2,1
29.539942923358776,4.3105899245381405,0,80368.88814659178,7.942304185108378,75.97661932344153,15,0,1
28.257224835262242,2.5553298678478855,1,7838.155819820895,4.225408375689021,1.6809863310498194,40,0,0
35.50381839686054,3.462590659149867,0,26676.684756795305,0.9648210002914004,68.25937772269417,42,1,2
25.40380537923266,1.5907330030768718,1,25217.987628778817,9.517139208195358,98.54450826554061,98,1,1
28.069542333480182,3.0176839664299084,0,54966.8036604856,0.13991021028433526,79.48709657952338,67,0,0
11.544165196838755,2.2059922654684616,1,118221.75447096216,2.280863711423465,45.47905054868716,41,1,0
44.41452630123923,2.031132485054132,0,36210.09493925478,6.892805605637853,78.79791636837122,19,2,1
31.2319851366344,2.665083738223787,1,7838.155819820895,4.225408375689021,0.6214501579573892,40,0,0
43.31987856753682,2.0327119883776823,1,7720.346789672766,9.301006180690893,16.37603441722352,43,2,2
38.532817971114,3.4901381699241374,1,75002.66687071549,1.9576350349670946,42.38534881881756,21,0,1
31.21401274285922,4.972789633291559,1,4034.5916381504467,3.0884604304248633,59.18047295937107,8,2,0
11.544165196838755,0.9362628486004904,1,46775.850304486696,2.677431627585899,32.37708753125641,13,0,0
34.133099805833055,3.3990573074229182,0,100270.29826326724,1.1176498811910718,76.89382314023169,26,2,2
26.287774339184278,0.5715990923631492,0,34383.704584640254,5.011044182640688,62.7783463893739,30,0,2
15.924516021882619,3.3363326209236686,1,38804.251422969865,7.384425506696291,10.291711610141405,11,0,0
14.02760509469297,2.579519866638628,0,22156.706658537965,6.837930819640443,107.27280367879914,57,1,1
11.26869881372087,4.246181618072173,1,67580.2610633787,1.8287102921024183,43.94824652160926,28,1,1
15.159446561959538,4.422248368441467,1,5479.921751355934,8.82176795610569,29.359211483116017,46,0,1
29.539942923358776,4.3105899245381405,0,80256.1433956788,7.892536438715759,75.17708831096193,12,0,1
41.89246806317159,4.096314241161718,1,6249.098156167845,7.147771833165857,18.38331807998236,39,2,0
26.20569801454049,4.921995515691663,1,51090.843912250886,2.392190066616077,36.10713281150025,31,0,1
34.12356413777342,3.9257985517230027,1,17835.615170164612,5.1732139138889135,56.786778228933585,36,0,1
28.257224835262242,2.5553298678478855,1,62836.75533513348,3.91223608343784,0.18676035357383158,45,0,0
32.95962620713131,4.461200549833214,0,28886.131624318143,8.799645186908757,111.16561222759873,30,0,2
15.991117520652585,4.146780629032907,1,63042.2164965935,7.147771833165857,9.369985271567183,66,0,0
45.124466172026125,4.457053818690893,0,50883.28826890085,7.105055856164183,83.31825768055938,25,1,2
29.539942923358776,4.3105899245381405,0,80368.88814659178,7.984178771905576,75.97661932344153,36,1,1
17.248249049239472,4.422248368441467,1,1521.7487884399652,8.82176795610569,29.359211483116017,57,0,1
14.028144080739073,1.5979612023207825,0,5818.596611847421,9.727170538106236,17.18036198446594,18,2,0
43.31987856753682,1.9666193002337145,0,7152.40291768418,8.293194984646847,12.431141550436148,30,1,2
18.648935640760577,2.802360991066579,1,38413.94524650811,9.456897139072746,23.111397045482406,8,0,0
30.913140156950554,0.7370719391784872,1,47260.039651948995,7.2340123614063785,84.90014100775456,19,0,0
14.028144080739073,1.9581241654001307,0,5919.646211988527,9.87132198030621,65.84296511891918,26,1,1
28.257224835262242,0.6097390565990504,1,47254.203285848904,4.225408375689021,76.49833709466677,45,0,0
11.151956513433642,4.9348572290309365,1,54752.86206374544,2.792965279234779,34.71335089463031,39,1,0
31.213772896645473,4.974495938529838,1,4059.3568554686717,3.0884604304248633,85.65745468040734,8,2,0
20.37519375534611,2.733669479533123,1,38413.94524650811,9.456897139072746,23.111397045482406,3,0,0
39.35183197370891,3.256369921387467,1,73373.09541726018,7.8040205561207765,43.93698586511954,21,1,0
18.648935640760577,3.4153241115481263,1,27528.25707730397,6.919822284734773,23.111397045482406,16,0,2
14.50531420445273,3.588813906805743,1,74220.59149999106,2.36202167828474,49.062586361208766,20,0,1
45.42542591861823,2.663195772413182,0,1260.706610127968,3.092712448295597,1.9433591136991737,8,2,2
15.159446561959538,4.422248368441467,1,5479.921751355934,8.783384003659329,80.25220366188302,58,0,1
16.275082373902123,4.921995515691663,1,52217.24224780848,2.64625556975188,36.10713281150025,27,0,1
44.04658918660663,2.0327119883776823,0,7720.346789672766,8.707451544926954,17.125128492002098,30,0,2
13.995742258466292,2.088677609253102,1,1511.9034130250875,2.137636438253595,43.192666146782884,20,1,1
12.84229271607492,1.8732778856124015,0,5954.831774123686,7.2340123614063785,86.9369183468594,26,1,0
11.544165196838755,2.0870438718032287,1,35992.283766513836,2.6901952597122163,34.71335089463031,40,1,0
18.71953660542075,3.267560413505919,1,7650.720908144938,4.225408375689021,1.6809863310498194,40,0,0
17.239363771699644,3.4202838414112393,1,7064.971773770911,8.82176795610569,29.359211483116017,57,0,1
28.47633251252754,2.967217588779531,0,53879.4973900002,0.42167691046751954,79.48709657952338,41,2,0
30.9133800031643,4.835453943466831,1,42919.45054922498,7.105055856164183,59.1597019934679,26,1,0
15.159446561959538,4.4909082326536,1,5479.921751355934,8.82176795610569,29.359211483116017,48,0,1
30.913140156950554,0.7377122857817575,1,48387.54426111823,1.870110667024378,84.27730850546328,12,0,1
29.539041038020247,0.5360365422679403,0,34308.84232783722,4.840840972028561,14.11507234541756,18,1,0
11.544165196838755,0.9362628486004904,1,46964.332897692126,1.909643953619938,32.37708753125641,13,0,0
31.2319851366344,4.245992300401393,1,7434.840081316837,4.221156357818289,56.27791272913569,40,0,0
29.186014014372343,4.002829806034564,0,80256.1433956788,7.930920391139811,24.28417299307112,8,0,1
26.370849243110495,4.422248368441467,1,6070.840160431715,8.567088218685704,29.359211483116017,59,0,1
33.3968515868355,3.9257985517230027,1,17835.615170164612,5.1732139138889135,56.03772978104273,36,0,1
14.537716026725514,4.190510955654718,0,73568.44388492103,9.504777280960766,65.86200290407079,26,0,1
32.108081952201005,0.8219182707118275,1,47236.6596618162,9.87132198030621,63.80618777952208,21,0,1
34.042579518742244,0.9283305561653709,1,47039.64951763186,6.355000054969179,55.87131738260982,37,0,1
28.186623880947238,2.5582069457957415,1,38422.773065333306,7.773651449091769,23.111397045482406,9,1,0
15.93340129942245,4.3382970158124,1,38804.251422969865,7.384425506696291,10.291711610141405,9,0,0
32.69274850713617,4.993244476778459,1,4034.5916381504467,3.101747196262708,21.218733454435366,12,2,0
15.058693801669143,4.422248368441467,1,38134.77674063392,9.441620359696179,29.24615392555736,54,0,0
11.868229207290783,0.7378954901878657,1,46757.95424840266,7.105055856164183,85.63668371505567,27,1,0
11.532784942662925,4.249841678843175,1,67580.2610633787,1.9081448258782485,43.21170393193032,20,0,1
18.531191841165196,4.564389259017129,1,41891.51051878239,7.579139867370068,31.062638664902813,9,0,0
30.891768718555394,4.383207206063551,1,5228.1543733267545,8.82176795610569,75.17279006564851,14,0,1
31.010789404426788,0.7870945131191114,1,47260.039651948995,7.2340123614063785,84.96481718042406,36,0,0
33.381118419472564,0.8219182707118275,1,47236.6596618162,9.294454409971891,63.80618777952208,21,0,1
15.700537974794349,3.4009893089832826,1,1330.2252027407303,2.2105568742859543,8.526945086616863,23,0,0
14.028144080739073,1.9581241654001307,1,5919.646211988527,9.87132198030621,65.84296511891918,26,0,1
15.159446561959538,4.4909082326536,1,7112.834720125798,8.82176795610569,29.359211483116017,49,0,1
30.917123349839567,4.267774757276894,1,42919.45054922498,7.105055856164183,59.1597019934679,29,1,0
18.648935640760577,2.798100323751992,1,38229.422614817646,7.613112956759241,23.62164247798567,9,0,0
15.351441079074668,3.715587599766199,1,8517.93265845098,3.147950556631975,84.18756874505198,8,0,1
17.06022243536254,3.76366668141098,1,5997.280266263042,6.919822284734773,61.07314680343294,15,0,2
20.47594652152538,2.719782843385877,1,5764.358065201943,8.837044734367403,23.22445460304106,2,0,1
30.617205821280116,0.935439297591112,1,56668.45966793834,2.677431627585899,32.37708753125641,12,0,0
14.516695097017621,0.9325082450876923,1,46964.332897692126,1.959134162708784,32.37708753125641,13,0,0
16.286510948619302,3.133913262281079,1,38234.424167678575,7.384425506696291,10.176489139135862,11,1,0
13.313715827424033,0.6558620028963658,1,48387.54426111823,1.6148084698009164,38.46373407248879,50,0,1
34.4918619778402,4.150873913487576,1,17017.645503574393,5.1732139138889135,56.722102055250375,19,0,1
16.275082373902123,4.921995515691663,1,52217.24224780848,2.64625556975188,29.80100095145024,40,0,1
13.935534496291659,2.0240209210299507,1,39299.88977506723,7.3115095805946595,34.58188407143836,11,1,1
34.042579518742244,0.9283305561653709,0,47039.64951763186,6.355000054969179,55.87131738260982,37,1,1
18.277072240336352,4.422248368441467,1,5536.893488920998,8.592185062396709,29.359211483116017,57,0,1
31.22824178995913,4.813664429425887,1,7120.708752381589,4.221156357818289,56.27791272913569,41,0,0
18.648935640760577,3.274698158768368,1,38418.94679936904,7.773651449091769,23.111397045482406,8,1,0
30.367882280287063,4.974495938529838,1,70128.98883390936,1.898144908767025,44.86874842091332,20,2,0
14.53013247858909,2.088677609253102,1,1511.9034130250875,1.9620027067761683,43.192666146782884,20,0,1
13.970923984329934,3.715587599766199,1,74409.0740932047,1.7606399536781712,43.21170393193032,20,1,1
23.561014985972403,3.165921996370582,0,117826.72584968404,9.605287609205547,67.12526250538518,84,0,2
30.913140156950554,4.837179762468383,1,53526.55073464905,7.105055856164183,85.63668371505567,26,1,0
18.648935640760577,3.4153241115481263,1,38234.424167678575,7.384425506696291,23.111397045482406,11,1,0
14.028144080739073,1.9581241654001307,0,5919.646211988527,9.727170538106236,65.84296511891918,30,2,0
11.544165196838755,0.9362628486004904,1,46775.850304486696,2.677431627585899,34.71335089463031,41,1,0
38.07797905543958,1.7298033278586655,1,43950.045309166104,2.5946162552587793,12.65765722400483,82,0,1
28.257224835262242,2.5553298678478855,1,62836.75533513348,4.225408375689021,0.3824124741740542,45,0,0
45.90936588372702,4.456047047502896,0,853.9845591186919,2.9542000741973307,108.82080238375246,9,2,1
43.407328187691185,3.877819712363447,0,17789.627119614615,6.511033852284691,80.50851780429929,33,2,1
25.40380537923266,1.5907330030768718,0,25217.987628778817,9.517139208195358,24.602607799980873,60,1,1
48.947150788208916,4.621084482534121,0,52882.92206909376,1.5351149253602436,30.938241307529253,82,0,1
33.68248044313459,2.3545494270787874,1,36304.31182253156,5.179476822201348,55.87131738260982,73,0,2
40.63533256861192,3.4687942110111503,1,73614.78807178825,6.775780987982372,98.19447039233683,100,2,2
26.287774339184278,0.5360365422679403,0,34280.49536049388,4.931776665811322,14.11507234541756,18,0,2
17.846796478730877,0.5227177921647075,1,109159.57588972701,9.137438408940174,116.13417961964758,88,1,2
16.87108060327338,1.0095372376472516,0,115425.92018544125,7.368979862014584,113.26929197125042,5,2,1
17.248249049239472,4.422248368441467,1,7169.806457690862,8.82176795610569,29.359211483116017,56,0,1
34.15222069049754,3.3990573074229182,0,25118.803909831295,1.1176498811910718,76.89382314023169,27,2,2
14.50531420445273,4.246181618072173,1,67580.2610633787,1.9576350349670946,43.21170393193032,20,0,1
10.79642995349686,3.222181346027588,0,92488.40112889819,0.6570422560361189,83.67880134067008,66,0,1
43.31987856753682,2.0327119883776823,0,7720.346789672766,8.293194984646847,10.42993201773041,30,0,2
13.976444717305633,2.582890970624984,0,22208.930024208366,9.628186618058164,56.39590562477123,56,0,2
28.023381422070486,2.967217588779531,0,54828.14579801508,0.13991021028433526,70.61889644281125,26,1,1
29.539942923358776,4.3105899245381405,0,80256.1433956788,7.892536438715759,75.17708831096193,15,0,1
34.81089633534249,2.190930830795625,1,108403.21812157784,7.278311985279744,83.13545690058758,75,1,0
30.160579296063865,4.461200549833214,1,104042.07670644438,9.081867943853771,106.96576476012072,43,2,2
47.49372574915873,3.0685846920129363,1,95258.89963357418,2.7038547325940065,28.950025188891114,68,1,2
40.01586377453103,4.146780629032907,1,6365.747919451067,7.147771833165857,18.38331807998236,67,0,0
32.97865991531863,2.4902802745862394,1,117197.31373533081,2.3742288146921995,46.872832465557096,95,2,1
34.690885468211334,3.462590659149867,0,73770.76878017277,0.7603320004476666,68.25937772269417,42,0,2
45.93838797262686,4.456047047502896,0,79084.29705162556,2.9542000741973307,108.82080238375246,9,2,1
35.13028085243469,4.425937773064345,1,8111.883156485175,7.105055856164183,28.818150573645518,30,1,0
23.561014985972403,3.165921996370582,1,117826.72584968404,9.605287609205547,67.12526250538518,84,1,2
39.995220666446954,2.0302264239129073,1,71181.41699458053,9.74994058361099,98.19447039233683,100,2,0
34.690885468211334,3.4658554217438735,0,73770.76878017277,4.104077077672599,68.25937772269417,48,0,2
10.79642995349686,3.222181346027588,0,99687.0525354578,0.6570422560361189,78.3577077979972,4,0,1
34.15222069049754,3.3990573074229182,0,25051.550239225588,1.1176498811910718,34.317017609522736,41,2,0
47.49372574915873,3.3163237384558544,1,93805.634704669,3.1313836107866164,28.575631292699956,71,1,2
34.81089633534249,2.190930830795625,0,10064.364298776323,7.278311985279744,83.13545690058758,75,1,1
30.01766979161616,4.461200549833214,1,104042.07670644438,9.081867943853771,105.12391822671208,42,1,2
28.023381422070486,2.967217588779531,0,54828.14579801508,0.13991021028433526,71.01488601781122,26,1,1
38.07797905543958,1.4284191827651955,1,43950.045309166104,2.8447634767362384,16.40968105304821,74,0,1
48.947150788208916,4.621084482534121,0,52882.92206909376,1.5351149253602436,29.505352898009846,82,0,1
13.976444717305633,0.5381008225871913,0,22208.930024208366,9.338413377856382,56.39590562477123,55,0,2
43.31987856753682,2.5522913857684904,0,7720.346789672766,8.293194984646847,50.89884360441772,30,0,2
29.510483004760573,4.3105899245381405,0,3090.6461222008365,7.892536438715759,75.17708831096193,15,0,1
17.248249049239472,4.833489757282438,1,52537.60751652647,8.82176795610569,86.1777568681093,56,0,1
17.846796478730877,0.5227177921647075,0,109159.57588972701,9.078915009400877,116.13417961964758,88,0,2
14.67394417720122,3.396691952096797,0,27234.511360134864,6.053357777628932,65.84296511891918,25,2,2
28.257224835262242,2.5520651052529444,1,62836.75533513348,0.7864960204526357,0.3824124741740542,42,0,0
17.137606433116048,1.0095372376472516,0,115425.92018544125,7.368979862014584,113.26929197125042,60,2,1
11.544165196838755,0.7500465398003392,1,46843.103977017505,2.677431627585899,77.29015660147562,27,1,2
18.648935640760577,3.4153241115481263,1,39687.651587702014,7.384425506696291,23.485790941673567,8,1,0
47.25352467749465,3.877819712363447,1,107757.78207428448,6.511033852284691,90.29958631205841,33,2,0
26.19704196112727,1.5907330030768718,0,25217.987628778817,9.068685924195396,26.4299913182319,61,2,1
32.97865991531863,2.4902802745862394,1,117197.31373533081,2.285612872211119,46.476842890560576,96,2,1
40.01586377453103,4.44753239386896,1,6365.747919451067,7.117083468444227,12.897124231330395,67,0,0
25.170119982643012,2.5395833925330686,0,34280.49536049388,4.909819811615174,14.11507234541756,18,0,2
33.68248044313459,2.030095733031935,1,36304.31182253156,5.179476822201348,8.860708997812534,73,0,2
14.47958971170903,4.181283655648391,1,74898.35018141445,1.5656284011383936,39.311696139774924,20,0,1
28.257224835262242,4.316986176628549,1,63663.52457601105,0.6679099697144109,0.3824124741740542,42,0,1
28.023381422070486,2.939414827662467,0,54828.14579801508,0.12491364642174352,70.20251825165741,26,1,1
17.435316952069464,2.9823657821132183,1,7676.320343970932,8.82176795610569,29.359211483116017,57,1,1
14.50531420445273,4.246181618072173,1,23986.08922200666,1.9576350349670946,43.21170393193032,43,0,1
28.257224835262242,2.5553298678478855,1,62836.75533513348,3.576164188108658,0.04730082315674622,18,2,0
32.7072974133086,2.476342892421732,1,117197.31373533081,2.285612872211119,46.476842890560576,96,0,1
27.183517469161046,4.837179762468383,1,53526.55073464905,7.105055856164183,74.4028476984891,26,0,0
18.648935640760577,3.454950982512844,1,75937.27874614822,7.806235082158599,23.485790941673567,8,2,1
10.914163451402406,3.222181346027588,0,48746.31488185003,0.6570422560361189,78.3577077979972,27,0,2
10.79642995349686,3.6537933685193753,0,92488.40112889819,1.115493049071098,76.97069276058428,29,0,1
26.287774339184278,0.5360365422679403,0,34280.49536049388,8.859012121903223,107.95153887657429,14,0,2
34.116094233859556,4.544983569064922,1,9224.787772525317,8.82176795610569,88.84840954544143,60,0,0
12.719369569192915,4.532442484190533,0,5331.991637353128,7.115720077066722,64.01378518120819,30,2,0
11.441061342380635,1.532259663800358,1,47420.164232323266,7.684508017793577,75.21179622472287,42,1,0
29.539942923358776,2.5456655795916268,0,80256.1433956788,7.471482275516623,75.17708831096193,15,0,0
45.90936588372702,4.483840142383951,0,853.9845591186919,2.9857263627463855,109.23648148484034,9,2,1
27.836313713115977,4.407098243816185,0,54828.14579801508,0.13991021028433526,65.28888159760936,25,0,1
32.9214999525539,3.3990573074229182,0,68645.73137511595,1.3509164973845755,34.317017609522736,20,2,0
14.67394417720122,3.396691952096797,0,27234.511360134864,6.6425627380439325,65.84296511891918,45,0,2
25.441482484653875,2.487426791852936,0,44212.63035354217,5.443276231477851,14.11507234541756,18,2,2
43.31987856753682,2.5522913857684904,0,7720.346789672766,8.293194984646847,50.89884360441772,30,1,2
47.518215455360576,4.437338260333027,0,42834.66989640168,2.9542000741973307,108.82080238375246,9,1,0
10.744311574245446,0.7500465398003392,1,97783.75822213429,2.677431627585899,77.29015660147562,4,1,1
18.648935640760577,3.4153241115481263,1,38234.424167678575,7.384425506696291,29.235631206547936,11,1,0
34.15222069049754,3.226413190112275,0,25118.803909831295,0.6591990881591154,83.60193172031748,73,2,2
30.01766979161616,4.532930494809619,1,91826.4684662536,5.154467600918891,11.303120786350505,42,1,2
18.262454186329904,4.425937773064345,1,51429.33770785943,7.105055856164183,26.147575398852908,26,1,1
42.343574691270256,1.3994487935535076,1,6365.747919451067,9.726531361869755,12.897124231330395,67,0,0
29.647352994362514,3.9000551202037714,0,3090.6461222008365,2.885455232295152,35.43387430548879,14,0,1
27.973754884330976,4.456047047502896,0,853.9845591186919,2.9542000741973307,0.0074125238819364725,12,2,0
12.385886035877519,4.418640060746664,0,5919.646211988527,9.727170538106236,65.84296511891918,20,2,0
18.797628555315832,3.4474723173349613,0,5331.991637353128,7.120793927087398,63.85072972643967,9,2,0
27.245080843762636,4.833489757282438,1,52071.71410224684,8.82176795610569,75.31315588600684,56,0,1
10.79642995349686,3.223477775927722,0,39011.7746522864,0.8805190966691998,76.94891877104958,4,1,1
10.795553441298583,0.7853982463411553,1,97900.61658410353,2.7393920910255196,76.98486745357607,4,1,1
11.441061342380635,1.604937711981289,1,38465.94633640298,7.684573837973934,75.21179622472287,42,1,0
30.913140156950554,4.837179762468383,1,53526.55073464905,7.105055856164183,85.63668371505567,14,0,2
14.47958971170903,4.466120781844735,1,55971.04180998336,1.5656284011383936,71.7408178813467,20,0,1
14.50531420445273,4.246181618072173,1,23986.08922200666,1.9576350349670946,40.7628316050952,43,0,2
44.36412947961554,4.246181618072173,1,67580.2610633787,1.9576350349670946,43.21170393193032,21,0,1
29.994137572666578,4.947007069156367,0,3084.2240839420033,7.937857938994789,110.45755096698696,14,2,1
28.257224835262242,2.5519877328326723,1,62836.75533513348,0.7864960204526357,0.3824124741740542,42,2,0
18.648935640760577,4.480063865521656,1,42287.549189262114,7.384425506696291,28.279636950507495,11,1,0
11.544165196838755,0.9658235479436167,1,50409.055016491315,2.677431627585899,77.8140522775914,27,1,2
31.05646499033142,1.9594546041413807,0,80256.1433956788,7.892536438715759,75.17708831096193,30,0,1
12.387748224355644,4.539919988117953,1,69680.33544716882,7.801161232137924,23.648849214783148,29,2,1
17.18668580081862,4.837179762468383,1,53526.55073464905,7.105055856164183,85.26744868059154,26,0,0
18.648935640760577,3.414027681647992,1,100362.47767920524,7.166676051089409,24.89462067258151,7,0,0
12.237473029199624,3.6184969666707194,0,92371.54276692893,1.0535326898581452,77.27598190848383,29,0,1
18.648935640760577,3.3426460648675635,1,47188.64206359886,7.384359686515934,23.111397045482406,11,1,0
26.287774339184278,0.5360365422679403,0,34280.49536049388,8.859012121903223,107.95153887657429,25,1,0
28.023381422070486,2.951935825865462,0,73755.45416944582,0.13991021028433526,38.189774705863954,26,1,1
14.67394417720122,3.396691952096797,0,27234.511360134864,6.053357777628932,68.98454252216514,25,2,1
12.566252159213425,1.3994487935535076,1,6365.747919451067,9.726531361869755,12.897124231330395,67,0,0
45.42533972790651,4.31041588279573,0,271.81562343796406,2.9088722375057836,74.75888021160371,9,0,1
29.06525906294737,2.555407240268157,1,62836.75533513348,3.576164188108658,0.04730082315674622,18,0,0
49.58233933107516,3.599267071742898,0,38137.179457101905,2.9542000741973307,109.73095958370425,7,1,0
29.647352994362514,3.9000551202037714,0,372.1723067581153,2.885455232295152,35.47709793568669,14,0,1
10.79223381898591,1.532259663800358,1,46648.350612508126,7.6953174651091985,75.21179622472287,42,1,0
36.08359234574882,4.425937773064345,1,5325.364693574305,6.908753794089235,24.820424060633883,30,1,0
26.26568291559465,0.23341819170909606,0,32988.97034170871,8.859012121903223,41.064099732994606,15,1,0
14.67394417720122,3.396691952096797,0,27234.511360134864,6.034375481275652,68.98454252216514,25,2,1
18.648935640760577,3.416450599503502,1,37653.804326092235,1.3794764479126664,20.914431534282173,9,1,0
25.59896744376904,1.1928497016159054,1,51085.52480274465,8.82176795610569,75.31315588600684,56,0,1
17.248249049239472,1.6774021640765366,1,49377.95024238892,8.82176795610569,88.33689350669066,57,0,1
26.616802448589198,0.5320035070931837,0,36130.38122212013,8.859012121903223,72.46376637415935,14,0,2
32.574706704197986,3.3990573074229182,0,67722.48518818444,1.6007891914493755,32.357022408368564,20,2,0
14.028144080739073,1.9581241654001307,1,5645.356772646352,7.1354305600749015,85.42013549316567,30,0,0
18.648935640760577,3.4153241115481263,1,38234.424167678575,7.384425506696291,28.31334539561046,11,1,0
14.50531420445273,4.150516421337892,1,24574.152780179713,1.9576350349670946,43.21170393193032,20,0,1
29.238233032193904,3.815852979521211,0,54828.14579801508,2.837453185934709,55.67842941748355,8,1,1
28.74450546991131,2.5520651052529444,1,62836.75533513348,0.5007845750080315,0.3824124741740542,44,0,0
29.510483004760573,4.3105899245381405,0,46536.01967623811,7.6896184051372645,75.17536368388976,43,0,1
49.58233933107516,3.599267071742898,0,38137.179457101905,2.9542000741973307,109.73095958370425,28,1,0
18.546473278958764,4.281563665160629,1,40916.49157229876,7.389567832523826,28.78412073369547,30,1,0
14.501703074225254,4.505972963830236,1,73743.30777389216,1.5656284011383936,106.19086755629107,18,0,1
10.79642995349686,3.222181346027588,0,119616.46167147049,0.5963482820913746,78.3577077979972,8,0,1
44.36412947961554,4.245055129281942,1,67310.44746889848,7.320194107261748,45.40866953287724,21,0,1
42.343574691270256,4.948454656073856,1,7365.700056293143,9.726531361869755,12.897124231330395,67,0,0
11.441061342380635,4.664405011595709,1,38465.94633640298,7.684573837973934,81.16897392122395,41,1,0
10.559749475870678,0.7540795749750989,1,101481.79589180536,2.677431627585899,102.96107111554204,4,1,1
47.49442320724493,4.303688351269872,0,43515.1450617211,2.9542000741973307,108.91390244593723,9,1,0
17.18668580081862,4.837179762468383,0,53832.51158341541,9.694829550592367,65.69027830633198,26,2,0
18.648935640760577,4.480063865521656,1,42287.549189262114,7.384425506696291,29.20192276144497,11,1,0
14.50531420445273,4.246181618072173,1,79715.50458326846,1.9576350349670946,43.21170393193032,42,0,1
44.69393103214342,3.048176069253392,0,853.9845591186919,0.2659964990786181,108.82080238375246,32,2,1
12.385886035877519,4.418640060746664,0,5919.646211988527,9.879388366128419,65.84296511891918,20,2,0
11.441061342380635,1.532259663800358,1,4061.901085140522,7.8874260513720715,75.21352085179505,14,1,0
11.544165196838755,0.7226592569657891,1,46843.103977017505,2.677431627585899,77.29015660147562,6,1,2
36.05550498529836,3.4153241115481263,1,6887.082343167745,6.544924084020496,23.51982078162361,8,1,0
23.561014985972403,3.165921996370582,0,117826.72584968404,9.605287609205547,67.12526250538518,84,0,2
30.913140156950554,4.837179762468383,1,53526.55073464905,7.105055856164183,85.63668371505567,26,1,0
18.648935640760577,3.4153241115481263,1,38234.424167678575,7.384425506696291,23.111397045482406,11,1,0
14.028144080739073,1.9581241654001307,0,5919.646211988527,9.727170538106236,65.84296511891918,30,2,0
11.544165196838755,0.9362628486004904,1,46775.850304486696,2.677431627585899,34.71335089463031,41,1,0
38.07797905543958,1.7298033278586655,1,43950.045309166104,2.5946162552587793,12.65765722400483,82,0,1
28.257224835262242,2.5553298678478855,1,62836.75533513348,4.225408375689021,0.3824124741740542,45,0,0
45.90936588372702,4.456047047502896,0,853.9845591186919,2.9542000741973307,108.82080238375246,9,2,1
43.407328187691185,3.877819712363447,0,17789.627119614615,6.511033852284691,80.50851780429929,33,2,1
25.40380537923266,1.5907330030768718,0,25217.987628778817,9.517139208195358,24.602607799980873,60,1,1
48.947150788208916,4.621084482534121,0,52882.92206909376,1.5351149253602436,30.938241307529253,82,0,1
33.68248044313459,2.3545494270787874,1,36304.31182253156,5.179476822201348,55.87131738260982,73,0,2
40.63533256861192,3.4687942110111503,1,73614.78807178825,6.775780987982372,98.19447039233683,100,2,2
26.287774339184278,0.5360365422679403,0,34280.49536049388,4.931776665811322,14.11507234541756,18,0,2
17.846796478730877,0.5227177921647075,1,109159.57588972701,9.137438408940174,116.13417961964758,88,1,2
16.87108060327338,1.0095372376472516,0,115425.92018544125,7.368979862014584,113.26929197125042,5,2,1
17.248249049239472,4.422248368441467,1,7169.806457690862,8.82176795610569,29.359211483116017,56,0,1
34.15222069049754,3.3990573074229182,0,25118.803909831295,1.1176498811910718,76.89382314023169,27,2,2
14.50531420445273,4.246181618072173,1,67580.2610633787,1.9576350349670946,43.21170393193032,20,0,1
10.79642995349686,3.222181346027588,0,92488.40112889819,0.6570422560361189,83.67880134067008,66,0,1
43.31987856753682,2.0327119883776823,0,7720.346789672766,8.293194984646847,10.42993201773041,30,0,2
13.976444717305633,2.582890970624984,0,22208.930024208366,9.628186618058164,56.39590562477123,56,0,2
28.023381422070486,2.967217588779531,0,54828.14579801508,0.13991021028433526,70.61889644281125,26,1,1
29.539942923358776,4.3105899245381405,0,80256.1433956788,7.892536438715759,75.17708831096193,15,0,1
34.81089633534249,2.190930830795625,1,108403.21812157784,7.278311985279744,83.13545690058758,75,1,0
30.160579296063865,4.461200549833214,1,104042.07670644438,9.081867943853771,106.96576476012072,43,2,2
47.49372574915873,3.0685846920129363,1,95258.89963357418,2.7038547325940065,28.950025188891114,68,1,2
40.01586377453103,4.146780629032907,1,6365.747919451067,7.147771833165857,18.38331807998236,67,0,0
32.97865991531863,2.4902802745862394,1,117197.31373533081,2.3742288146921995,46.872832465557096,95,2,1
34.690885468211334,3.462590659149867,0,73770.76878017277,0.7603320004476666,68.25937772269417,42,0,2
14.028144080739073,1.9581241654001307,1,7107.3969111837,4.172511952861657,65.84296511891918,39,0,0
34.15222069049754,2.9692862008209935,0,25118.803909831295,0.1868238189256019,84.15449284269273,27,2,2
30.160579296063865,4.239488318883945,1,103310.14633522544,9.103667882090363,106.65047174538626,43,2,2
18.651822124952595,0.5227177921647075,1,108611.92410337031,9.137438408940174,116.13417961964758,90,1,0
28.227177319096285,4.146780629032907,0,6365.747919451067,7.574707601417236,18.38331807998236,61,0,2
11.544165196838755,0.9470908510916665,1,46775.850304486696,2.63334984633869,34.71335089463031,4,1,1
17.248249049239472,4.419402835995032,1,7169.806457690862,8.762182279498463,29.359211483116017,55,0,1
49.27732067239841,4.6021688527376154,0,52882.92206909376,6.937715163802134,30.938241307529253,24,1,1
34.81089633534249,2.190930830795625,0,108403.21812157784,7.278311985279744,83.077195076657,75,2,0
47.49372574915873,3.0087518944853797,1,95258.89963357418,2.7038547325940065,28.950025188891114,60,1,2
14.50531420445273,3.0944930562811024,1,91446.65626735086,1.9576350349670946,43.21170393193032,20,0,1
42.37262113072911,1.6868882004138364,1,43950.045309166104,2.893482028907659,12.65765722400483,82,0,1
23.561014985972403,3.3610274244209433,0,111278.48389251072,9.605287609205547,67.12526250538518,84,0,1
34.67207459617266,3.462590659149867,0,74859.19034513592,0.7603320004476666,68.25937772269417,51,0,2
32.97865991531863,3.2676610572778997,1,117197.31373533081,5.197444920235158,55.82013136746513,86,2,1
28.257224835262242,2.5553298678478855,0,61691.78931379187,9.055438425265766,0.3824124741740542,25,2,0
28.023381422070486,3.3969886953814563,0,54828.14579801508,1.0709836758952176,70.61889644281125,20,1,1
40.90080539622266,3.4687942110111503,1,74346.71375201187,6.3742101048490145,98.50976340703815,100,2,2
22.012422739329935,3.4153241115481263,1,38766.73672674831,7.384425506696291,23.111397045482406,19,1,2
40.05849475759674,0.5360365422679403,1,34280.49536049388,4.931776665811322,14.11507234541756,16,0,0
16.87108060327338,1.0095372376472516,0,118942.9575818311,7.413061539640536,113.26929197125042,42,2,0
29.539942923358776,4.313435456984576,0,80256.1433956788,7.952122115301787,75.17708831096193,16,0,1
30.913140156950554,4.856095350814065,1,53526.55073464905,1.268492277794356,87.58573049951148,83,0,0
43.407328187691185,3.877819712363447,1,17789.627119614615,6.511033852284691,80.56677962822988,33,1,1
25.315981203011464,1.5907330030768718,0,25217.987628778817,9.517139208195358,24.602607799980873,68,1,1
12.743972565726335,4.373869194648665,0,68622.00592210631,0.6570422560361189,83.67880134067008,71,0,1
37.86614353060961,2.0306703882154333,0,7720.346789672766,7.994288104945427,10.42993201773041,36,0,2
45.90936588372702,4.456047047502896,0,853.9845591186919,2.9542000741973307,108.59858266321442,9,2,2
13.976444717305633,2.582890970624984,0,20418.665500869974,9.628186618058164,56.39590562477123,56,0,2
33.68248044313459,2.360943993948345,1,36304.31182253156,2.3562607250927057,46.92401848070178,73,0,2
37.2734005807209,3.3990573074229182,0,25118.803909831295,0.20430241235117053,76.89382314023169,25,2,0
43.31987856753682,2.0327119883776823,0,7828.096480532087,9.155289591073373,4.495838114828143,30,0,2
36.58721420483895,2.0306703882154333,1,473.4698639961498,7.956318153815834,43.54007236657738,36,0,2
11.310144586546787,1.1095815540967024,0,853.9845591186919,2.9542000741973307,32.245617437541775,9,2,1
16.87108060327338,1.0095372376472516,0,115425.92018544125,3.7532368863777066,109.14891056796276,5,2,1
45.90936588372702,4.614046592275183,0,392.707393609242,2.9542000741973307,9.728583144258542,8,2,0
22.019660215742018,0.5432403885165976,1,38967.05338876809,4.931776665811322,23.17889979698454,16,0,0
17.248249049239472,4.419402835995032,1,9415.568938825949,6.5358570560173845,33.994340696855986,27,0,1
13.976444717305633,2.5730518133370497,0,22208.930024208366,9.628186618058164,56.39590562477123,56,0,2
28.257224835262242,2.310179114940831,0,61691.78931379187,1.0217766172464327,0.3824124741740542,25,0,0
10.043911970402036,0.9362628486004904,1,46775.850304486696,2.677431627585899,34.71335089463031,41,1,0
11.285324497799508,4.675224401490474,1,7376.795113940356,4.172511952861657,68.249659753501,39,0,1
30.36640570853059,4.837179762468383,1,55841.44049966639,7.754431405762768,20.22858602933212,55,0,1
29.938961224872106,3.3742198186349937,1,83273.21606536281,7.947988011790143,23.89528720240459,11,1,0
14.028144080739073,1.9581241654001307,0,2508.317820912828,9.727170538106236,61.39018493853067,30,2,2
13.815034520354317,4.246181618072173,1,67496.78736520291,1.9576350349670946,32.7815557770484,13,0,1
14.50531420445273,3.0944930562811024,0,105142.92362268738,2.1219906923111767,10.101909024804232,20,0,1
46.315564840499015,4.29294299862328,1,46775.850304486696,2.63334984633869,110.99065013592298,4,1,2
26.287774339184278,0.5360365422679403,0,34280.49536049388,7.371636985524372,18.069459437958514,18,0,2
28.257224835262242,2.3967712697669756,1,66197.002924006,4.225408375689021,103.9559847570128,46,0,1
40.05125570847297,3.4153241115481263,1,34080.1786984741,7.384425506696291,14.047569593945127,19,1,2
28.023381422070486,3.1798892637263996,0,58514.65330908254,1.0157103761050725,70.61889644281125,20,1,1
43.407328187691185,3.877819712363447,1,17789.627119614615,8.737358834800752,53.449922097776714,61,1,1
34.690885468211334,3.6251560534758154,0,73770.76878017277,0.7603320004476666,68.25937772269417,39,0,2
30.913140156950554,4.980374527205499,1,53526.55073464905,9.291114958487764,87.58573049951148,78,2,0
32.96922970431754,4.3105899245381405,0,80256.1433956788,7.892536438715759,75.17708831096193,15,0,1
49.90336791021369,1.8825982667044854,0,52623.095354212084,7.057346933359743,28.53154742419886,25,1,0
17.207051562124747,4.422248368441467,1,7169.806457690862,8.774338312831901,87.40924019847907,26,1,0
18.892097618092006,4.354539710918968,0,45002.266483100866,8.156335683250997,74.39322839771266,16,0,1
29.565647034637752,4.329439843188069,0,54543.43493232515,7.892536438715759,77.3802096323561,15,0,1
47.51983177040802,4.459012163417466,0,56226.56628882107,4.261198253710147,108.59858266321442,15,2,2
37.7887329642918,2.007159904310183,1,473.4698639961498,7.956318153815834,39.93460009827355,36,0,2
30.913140156950554,4.837179762468383,1,53526.55073464905,7.105055856164183,86.36764933794798,25,1,0
29.982128569325965,1.9665797051124674,1,83273.21606536281,7.947988011790143,23.769139489100212,11,1,0
14.50531420445273,4.1884783924815405,0,30534.82077131552,7.400087419638863,17.073737403215382,20,0,1
38.51702866208238,3.3990573074229182,0,113610.02156085879,1.1313827727382932,75.3022410005228,30,2,2
21.507099028024545,3.8356444527512874,1,10770.363550253856,6.5358570560173845,33.994340696855986,27,0,1
13.815034520354317,4.246181618072173,1,74077.3893993991,1.9806130671315612,46.17553384814935,14,0,1
10.918068466882424,1.0842679054903424,0,54543.43493232515,7.892536438715759,78.49098044839953,15,1,1
18.648935640760577,3.3983516051306344,1,38234.424167678575,7.384425506696291,76.11010166845051,12,0,1
17.207051562124747,4.411567285808572,1,7174.63203052852,8.774338312831901,86.90359944567494,27,1,1
10.621736060316849,0.9128486611154935,1,46775.850304486696,0.18049691853628458,30.122026227607517,4,1,1
39.76395259183767,4.893316930684323,1,34280.49536049388,4.98097667579491,20.286790458573726,23,0,0
46.66873514884292,4.29294299862328,1,46763.08117947366,2.7528744996306957,73.16771911710244,18,1,2
45.90936588372702,4.369546479699169,0,38351.22702762186,2.9542000741973307,108.82080238375246,2,2,1
26.62558819637514,2.393766257111111,1,7148.716136338051,2.9184101961762794,103.9559847570128,46,0,1
39.19987711327143,2.0306703882154333,0,14144.828149515435,7.9636352973685,12.168404711786184,36,0,2
40.05125570847297,3.6562852388600606,1,34080.1786984741,7.384425506696291,10.648358887158384,19,1,2
15.313335573912333,3.128357657315603,1,7107.3969111837,4.436480238091,65.96911694742694,39,0,0
26.287774339184278,0.5132204961257577,1,71325.93620209048,1.9292016479102223,44.20742754383562,23,0,2
15.536946656338745,1.0095372376472516,0,26628.931247852626,3.7395061950357675,110.73931299008382,5,2,1
17.760810236968652,0.5432403885165976,1,41974.65048670957,4.931776665811322,23.17889979698454,16,0,0
45.90936588372702,4.614046592275183,0,244.85426794971136,2.9312220420329864,9.728583144258542,8,2,0
29.046156622877483,4.181242658431258,1,46775.850304486696,2.677431627585899,34.71335089463031,41,0,0
32.96922970431754,4.327562418255018,0,80256.1433956788,7.892536438715759,22.178464864329346,15,1,0
11.285324497799508,4.6859054840840555,1,7371.969541102698,4.172511952861657,68.75530050629087,42,0,0
29.176500692962975,2.6519490749715064,0,54828.14579801508,2.5126297769736476,69.79918094875899,26,1,1
30.660947871773264,0.4222331024819237,1,55841.44049966639,7.705231385469489,3.8126756064400773,55,0,1
18.519223903933614,4.354539710918968,0,45015.035608113896,8.036789786070685,112.21148875879621,6,0,1
22.012422739329935,3.7485409907150746,1,1607.7462798119996,7.384425506696291,22.87149879644069,19,1,2
47.381888080444845,4.29294299862328,1,38799.03837565573,2.7528744996306957,73.16771911710244,18,1,2
16.587924356036968,4.339099695500247,1,63688.907456990884,1.9576350349670946,38.208450852001725,20,0,1
28.257224835262242,2.396883919055303,1,70943.32550253138,3.9427735732105624,95.47857392687064,47,1,1
14.028144080739073,1.9581241654001307,1,8211.973723274332,4.30935720073252,68.88401820413799,16,0,0
17.23338528206884,4.411523487450104,0,30534.82077131552,6.737578272939251,87.1684993094146,19,0,1
39.90773343924509,4.837179762468383,1,55841.44049966639,7.058958864774219,14.262549220009738,55,0,1
13.815034520354317,3.4131600278143206,1,74109.03424364123,1.9806130671315612,46.17553384814935,14,0,1
37.86614353060961,2.0306703882154333,0,7720.346789672766,7.994288104945427,38.25477309286977,37,0,2
32.8372683951622,4.6859054840840555,1,7371.969541102698,4.172511952861657,74.67403688015747,42,0,0
11.544165196838755,0.5772598860359718,1,46775.850304486696,2.63334984633869,34.71335089463031,4,1,1
10.084862676220666,1.1141004203727976,1,6935.545497492629,0.5245633453557978,34.170239273613376,46,1,0
22.07582374210108,4.418163476249392,1,1607.7462798119996,6.529539848504383,22.87149879644069,19,0,1
18.648935640760577,3.4153241115481263,1,38234.424167678575,7.384425506696291,23.111397045482406,11,0,0
17.207051562124747,4.624890626019729,1,7169.806457690862,8.304215143041457,87.40924019847907,22,1,0
36.58721420483895,1.0724927956255013,1,115240.80259878859,7.956318153815834,43.50530312740893,36,0,2
22.012422739329935,3.4153241115481263,1,46730.779530566244,7.9757287199366935,23.111397045482406,19,1,2
10.2812509759387,0.8195919832925653,1,57410.43099948354,0.3647000191820524,42.886036069930775,4,1,1
26.884708280780174,1.9664670558241408,1,66343.23111664504,7.947988011790143,23.769139489100212,10,0,0
18.892097618092006,4.354539710918968,0,43901.19161433464,8.172929877397806,74.39322839771266,39,0,1
14.478980484513405,3.993337880941155,1,7174.63203052852,8.774338312831901,12.892901249185869,27,1,1
30.517167024286344,0.5360365422679403,1,34280.49536049388,4.237144605285625,20.081109154740034,16,0,0
39.983493563445066,4.248345700818604,1,34048.53393230491,7.384425506696291,14.047569593945127,19,1,2
21.507099028024545,3.8356444527512874,1,10770.363550253856,6.5358570560173845,10.993027322688372,26,0,1
11.475323256172501,4.079841946917459,0,80256.1433956788,7.892536438715759,69.25835193709531,15,0,1
30.913140156950554,4.837179762468383,1,48605.55720364768,7.105055856164183,83.17821260833324,28,1,0
11.251054228897933,4.4933162423658874,1,47224.49817044375,4.434898203664277,68.79277139453933,39,0,1
15.51307004405431,4.255998112952825,1,9415.568938825949,8.432003142381454,33.994340696855986,27,1,2
26.287774339184278,0.5132204961257577,1,71325.93620209048,1.9292016479102223,44.20742754383562,23,1,2
46.07109548577885,4.411404334696716,0,244.85426794971136,3.401064242810451,9.728583144258542,8,2,0
16.87108060327338,1.9677148306041414,0,2167.4042117797,3.7532368863777066,109.17274406957304,5,2,1
23.561014985972403,3.165921996370582,0,117826.72584968404,9.605287609205547,67.12526250538518,84,0,2
30.913140156950554,4.837179762468383,1,53526.55073464905,7.105055856164183,85.63668371505567,26,1,0
18.648935640760577,3.4153241115481263,1,38234.424167678575,7.384425506696291,23.111397045482406,11,1,0
14.028144080739073,1.9581241654001307,0,5919.646211988527,9.727170538106236,65.84296511891918,30,2,0
11.544165196838755,0.9362628486004904,1,46775.850304486696,2.677431627585899,34.71335089463031,41,1,0
38.07797905543958,1.7298033278586655,1,43950.045309166104,2.5946162552587793,12.65765722400483,82,0,1
28.257224835262242,2.5553298678478855,1,62836.75533513348,4.225408375689021,0.3824124741740542,45,0,0
45.90936588372702,4.456047047502896,0,853.9845591186919,2.9542000741973307,108.82080238375246,9,2,1
43.407328187691185,3.877819712363447,0,17789.627119614615,6.511033852284691,80.50851780429929,33,2,1
25.40380537923266,1.5907330030768718,0,25217.987628778817,9.517139208195358,24.602607799980873,60,1,1
48.947150788208916,4.621084482534121,0,52882.92206909376,1.5351149253602436,30.938241307529253,82,0,1
33.68248044313459,2.3545494270787874,1,36304.31182253156,5.179476822201348,55.87131738260982,73,0,2
40.63533256861192,3.4687942110111503,1,73614.78807178825,6.775780987982372,98.19447039233683,100,2,2
26.287774339184278,0.5360365422679403,0,34280.49536049388,4.931776665811322,14.11507234541756,18,0,2
17.846796478730877,0.5227177921647075,1,109159.57588972701,9.137438408940174,116.13417961964758,88,1,2
16.87108060327338,1.0095372376472516,0,115425.92018544125,7.368979862014584,113.26929197125042,5,2,1
17.248249049239472,4.422248368441467,1,7169.806457690862,8.82176795610569,29.359211483116017,56,0,1
34.15222069049754,3.3990573074229182,0,25118.803909831295,1.1176498811910718,76.89382314023169,27,2,2
14.50531420445273,4.246181618072173,1,67580.2610633787,1.9576350349670946,43.21170393193032,20,0,1
10.79642995349686,3.222181346027588,0,92488.40112889819,0.6570422560361189,83.67880134067008,66,0,1
43.31987856753682,2.0327119883776823,0,7720.346789672766,8.293194984646847,10.42993201773041,30,0,2
13.976444717305633,2.582890970624984,0,22208.930024208366,9.628186618058164,56.39590562477123,56,0,2
28.023381422070486,2.967217588779531,0,54828.14579801508,0.13991021028433526,70.61889644281125,26,1,1
29.539942923358776,4.3105899245381405,0,80256.1433956788,7.892536438715759,75.17708831096193,15,0,1
34.81089633534249,2.190930830795625,1,108403.21812157784,7.278311985279744,83.13545690058758,75,1,0
30.160579296063865,4.461200549833214,1,104042.07670644438,9.081867943853771,106.96576476012072,43,2,2
47.49372574915873,3.0685846920129363,1,95258.89963357418,2.7038547325940065,28.950025188891114,68,1,2
40.01586377453103,4.146780629032907,1,6365.747919451067,7.147771833165857,18.38331807998236,67,0,0
32.97865991531863,2.4902802745862394,1,117197.31373533081,2.3742288146921995,46.872832465557096,95,2,1
34.690885468211334,3.462590659149867,0,73770.76878017277,0.7603320004476666,68.25937772269417,42,0,2
45.951950792604336,4.456047047502896,0,7076.596677631938,2.9542000741973307,108.82080238375246,7,2,1
18.722474357138626,4.246754311069251,1,67835.25388617963,1.9576350349670946,42.904374012385645,24,0,1
32.97865991531863,2.4902802745862394,0,117197.31373533081,2.3742288146921995,46.872832465557096,95,2,1
34.251216676459656,0.9961464793802216,1,106182.56348868876,7.321815227517747,83.13545690058758,75,1,0
13.976444717305633,3.8824794889016223,0,22208.930024208366,9.507888951010482,56.39590562477123,60,0,2
43.31987856753682,2.0327119883776823,0,14979.865303483119,8.293194984646847,6.271225975150521,26,0,1
34.15222069049754,3.3990573074229182,0,25030.586695453465,1.1176498811910718,76.81167402735001,27,2,0
23.561014985972403,3.4136469398025278,1,115235.56122343776,9.803147254950416,64.30293469445755,88,1,0
40.63533256861192,3.4687942110111503,0,69954.90296677368,6.775780987982372,98.19447039233683,100,2,1
46.56656384751851,3.0685846920129363,1,95258.89963357418,2.7038547325940065,113.84429204634704,68,1,2
28.257224835262242,2.5553298678478855,1,62836.75533513348,4.225408375689021,56.79665084633021,46,0,0
25.40380537923266,1.3872987018003808,0,25217.987628778817,0.9515563494569661,79.40694689316733,52,1,1
34.690885468211334,3.462590659149867,0,73770.76878017277,0.7603320004476666,66.82339061313426,42,0,2
38.07797905543958,1.6896773224212722,1,43950.045309166104,2.305562140545254,12.65765722400483,81,0,0
40.01586377453103,4.632743639089613,1,6365.747919451067,7.147771833165857,103.37777499373277,67,0,0
17.197387041428513,4.422248368441467,1,949.6506303533856,8.82176795610569,29.359211483116017,58,0,1
29.539942923358776,4.310017231541062,0,79944.73676754067,7.892536438715759,75.48441823074955,15,0,1
48.947150788208916,4.621084482534121,1,52882.92206909376,1.4784635835763094,30.938241307529253,82,0,1
12.152523592108157,2.131047208009837,1,67795.51551180331,1.9419563782724265,34.71335089463031,36,1,0
43.407328187691185,2.578231191474911,0,17789.627119614615,6.534428531960064,80.50851780429929,32,2,1
28.289907236622305,2.967217588779531,0,54828.14579801508,0.13991021028433526,70.61889644281125,23,1,2
30.913140156950554,4.64729694492043,1,53614.767995094866,7.105055856164183,85.71883282793733,26,1,2
18.648935640760577,3.4153241115481263,0,40262.79974656691,7.384425506696291,25.93373100785139,8,0,2
21.03959334806448,1.0095372376472516,1,110802.68373587905,7.368979862014584,118.19111986723046,5,2,2
19.388303420777383,0.5227177921647075,1,109159.57588972701,8.688985124940213,30.884023837330872,88,1,2
33.68248044313459,2.3545494270787874,1,36304.31182253156,5.0905325265939565,0.6775643951323893,74,0,2
10.79642995349686,3.42561569426097,0,92488.40112889819,9.430086208205143,27.073431356014133,66,0,1
13.06615016741359,1.9532933272425297,0,5919.646211988527,9.705213669682681,65.84296511891918,30,2,1
30.160579296063865,4.144224671584566,1,104042.07670644438,9.081867943853771,15.3349940154013,43,2,2
25.492938603333265,0.9249127100805414,0,48258.84284367702,4.5334603719787445,10.620819154688522,18,0,2
26.24068953560521,0.5360365422679403,0,48631.70399702176,4.534452321162348,14.051084237385261,18,0,2
45.90936588372702,4.456047047502896,1,753.9861550825531,3.3360425543675145,108.82080238375246,9,0,1
40.89123710586439,4.632743639089613,0,15287.055574967997,7.813214492319981,96.92885568751451,29,0,0
32.34862526246048,3.3990573074229182,0,25118.803909831295,1.1176498811910718,76.89382314023169,27,2,2
30.065801975851816,4.769378282957467,0,5394.181294042045,7.316324515621689,77.0738195995333,30,1,0
12.253481690754374,2.112753564782179,1,62960.751280373624,1.9419563782724265,35.66456146505849,46,1,0
43.31987856753682,2.0327119883776823,0,14979.865303483119,8.293194984646847,80.77866459754841,26,0,1
16.57697352883839,4.422248368441467,1,3429.1957643146216,8.848609225469614,29.359211483116017,60,0,1
25.40380537923266,1.3872987018003808,0,25217.987628778817,0.9515563494569661,79.40694689316733,20,1,2
31.06970784912028,4.64729694492043,1,2910.373832630915,6.151626622892693,85.84606299163177,27,1,2
11.365619381782205,4.246754311069251,1,67835.25388617963,1.9576350349670946,33.79071362735301,24,0,1
17.248249049239472,4.422248368441467,1,6951.19013125301,8.82176795610569,25.735476824414604,56,0,1
43.407328187691185,3.877819712363447,0,17789.627119614615,6.511033852284691,86.29761311955497,33,0,1
29.539942923358776,4.299276642061004,0,80256.1433956788,7.892536438715759,75.17708831096193,15,0,1
21.03959334806448,1.0775709144624344,1,110802.68373587905,0.07991971526001485,118.19111986723046,5,2,2
25.54002340691233,0.9249127100805414,0,33907.634207149524,4.930784716627718,10.684807262720826,35,0,2
28.257224835262242,2.5553298678478855,0,62836.75533513348,3.91223608343784,0.3824124741740542,45,2,0
13.06615016741359,1.9532933272425297,1,5919.646211988527,9.705213669682681,65.84296511891918,68,2,1
36.93199320571554,3.3990573074229182,0,29865.193141994874,1.1865703838027042,76.81167402735001,27,2,0
12.69642137516011,2.017813561756894,1,54033.06459820532,9.514213328816936,85.63668371505567,26,2,0
23.738122652317372,2.573623511075543,1,67671.51956656318,4.225408375689021,56.79665084633021,37,0,0
43.407328187691185,2.578231191474911,0,17789.627119614615,6.534428531960064,6.117696418413736,32,2,1
18.648935640760577,3.4153241115481263,1,28246.22386148932,7.357584226433588,23.111397045482406,11,1,0
43.31987856753682,1.9666193002337145,0,7720.346789672766,8.293194984646847,2.916555621754844,54,0,1
45.79514914690365,4.456047047502896,0,52806.81605638742,2.9542000741973307,97.58696636704563,6,2,1
19.069723706555447,0.9362628486004904,1,46775.850304486696,2.677431627585899,48.902596043389806,44,1,0
18.648935640760577,3.4153241115481263,0,40483.91255447247,7.384425506696291,29.5574656665528,8,0,2
14.50531420445273,4.070871110029264,1,67580.2610633787,1.9576350349670946,43.21170393193032,20,2,1
28.289907236622305,2.8991842501213663,0,61044.58109145399,7.541104096889099,70.61889644281125,38,1,2
43.728243352521545,2.3593317082947314,0,17789.627119614615,6.556208548085376,82.32858401767041,32,2,2
13.369319512226209,1.9532933272425297,0,33352.018058660535,4.894413643953831,69.215435541775,30,2,1
41.46359042932818,4.632743639089613,0,69111.36953109055,7.549423980412515,96.92885568751451,29,0,0
18.510332929977267,4.339523079099564,0,80214.6824237652,7.892536438715759,23.059900763383588,15,0,0
31.266200224717828,4.311965287733917,0,75833.16825803371,8.095739615413372,75.17708831096193,13,0,1
12.253481690754374,3.4785668735246107,1,38678.24675235617,7.213368850124656,42.29199225503278,11,1,0
24.382331966410824,0.18852165523561448,0,49446.013790263685,4.280905961221641,14.051084237385261,14,0,2
14.50531420445273,4.476746503279426,1,67145.59196151615,2.004531718840611,43.21170393193032,20,0,1
12.69642137516011,1.8938011612546586,0,17751.502891743865,9.482501547468042,85.67485048115067,33,2,1
43.31987856753682,2.0327119883776823,0,10996.664664150161,2.3628473166949933,108.71589224125415,29,0,1
42.30044313626885,3.4153241115481263,0,14513.720093757038,8.31650127445618,25.93373100785139,15,0,1
31.301345217151926,3.3990573074229182,1,29865.193141994874,1.1865703838027042,76.09775717505583,27,1,0
12.342725608751746,0.9446231922585854,1,23754.119735234104,2.6788834619521964,30.37292848838731,20,1,2
12.75732400000901,4.2560252002221395,1,68841.62979962578,7.105055856164183,85.68946381932572,26,1,2
18.722474357138626,1.8018017395352266,1,67835.52970273708,1.9576350349670946,42.904374012385645,24,0,1
25.50922083344754,0.8402011379495837,0,48491.6683035456,7.892536438715759,75.63757263479413,15,0,1
25.985048837064163,0.5360365422679403,0,6849.735028035904,9.725285969859382,10.753929975993746,18,0,2
23.165757260304773,2.80466781156618,1,13849.282143084863,4.48919874941674,61.04477530816602,37,0,0
29.678545719745006,3.3750776477988524,1,28287.69092048684,7.357584226433588,75.22861784541634,11,1,1
24.703999149785794,2.553951800260189,1,62836.75533513348,4.225408375689021,0.3824124741740542,47,0,0
18.648935640760577,2.057517910146692,1,61308.97440912272,2.1130257840808704,23.8356491242112,48,1,0
45.90936588372702,4.782135526025271,1,795.6168471439887,3.3360425543675145,108.82080238375246,9,0,1
16.89049208870731,4.422248368441467,1,7421.095374423461,8.774005471086525,25.735476824414604,56,0,1
41.68511731196235,4.001830676881052,1,46687.47105374772,6.542225907768936,86.25944635345995,26,0,0
45.951950792604336,4.456047047502896,0,7076.596677631938,8.882786023163725,80.8835380629495,4,2,1
19.668095121151826,2.0327119883776823,0,40728.94894834371,7.361119216886207,6.271225975150521,8,0,2
36.34642663093063,4.64729694492043,0,2910.373832630915,6.151626622892693,86.55997984392594,27,2,2
24.61299319796754,1.3789383581423136,0,48239.71822136932,0.9501047101634079,83.74737602054037,41,1,0
29.554857201610353,4.638026055244538,1,52608.39208164872,1.9576350349670946,33.820082796366535,10,0,1
12.152523592108157,4.540481322662183,1,67795.23969524587,1.9419563782724265,34.71335089463031,36,1,0
29.523660693244498,4.394117840485161,0,79711.9113069218,4.5334603719787445,10.620819154688522,18,0,2
25.50867494101079,0.5357207779934547,0,48651.715085208685,9.725285969859382,77.66437926409043,18,0,2
23.854405060546284,4.246754311069251,1,67828.38457341961,1.9576350349670946,42.904374012385645,26,0,1
12.253481690754374,3.4193460982826043,1,62769.33262583314,2.2602172483996825,35.66456146505849,8,1,0
21.493193151260535,3.126890326399427,1,49985.66275161826,8.109616255981663,23.111397045482406,11,1,0
36.93199320571554,4.4439668711303515,0,29779.42790566252,1.984308452039404,76.81167402735001,21,0,0
11.365619381782205,4.246754311069251,1,67835.25388617963,1.9576350349670946,34.30095905985479,23,0,1
11.544165196838755,0.9362628486004904,0,18260.160211006718,2.677431627585899,25.81704443366231,41,0,1
29.90333734972067,3.3750776477988524,1,56345.055804876,4.224957093800328,80.5929605705254,13,1,1
19.107922294097015,3.4568580887993923,1,2910.373832630915,6.151626622892693,85.84606299163177,10,1,2
14.50531420445273,0.5806067781778641,1,67580.2610633787,1.8747741338087076,0.6633230337954483,20,0,1
24.742568756452048,1.3872987018003808,0,25128.92576369839,0.9515563494569661,79.40694689316733,20,1,2
48.3456532055738,4.618857002075096,0,15287.055574967997,2.61272167080483,109.44641029839936,29,0,0
12.152523592108157,4.540481322662183,1,69115.68771115232,4.391899507490233,59.741144326626994,36,1,0
43.31987856753682,2.0327119883776823,0,11702.52684710473,8.357830328139968,80.95794951360531,26,0,1
18.648935640760577,3.4153241115481263,0,40262.79974656691,7.213635209875325,25.93373100785139,8,0,2
25.98559472950091,0.840516902224234,0,6698.5896348663555,7.378385679249393,8.773754304937874,21,0,1
17.57578826337996,2.573623511075543,1,67678.3888793232,4.225408375689021,56.79665084633021,35,0,0
12.253481690754374,2.1719743398869906,1,45116.95699795194,7.213368850124656,43.689868873473564,44,1,0
29.539942923358776,4.299276642061004,0,79406.9379001623,7.892536438715759,68.86474696952412,15,0,1
14.50531420445273,3.4318366348940783,1,67231.35735214078,1.2067936506081298,43.21170393193032,27,2,1
29.554857201610353,4.638026055244538,1,52608.39208164872,1.9576350349670946,33.820082796366535,11,0,1
42.30044313626885,3.3005326646984825,1,43029.42391868361,8.31650127445618,34.39996998812892,15,1,0
25.26814697335761,0.9249127100805414,0,28565.23022017307,7.2651923885792264,5.518940712596958,18,0,2
30.610721351538544,4.51288261854556,1,28246.22386148932,7.357584226433588,35.38844745706522,28,1,0
26.287774339184278,4.20234849290339,0,34280.49536049388,5.014637835529753,43.47655608123203,18,0,2
13.005323807219412,0.9446231922585854,1,23843.18160031453,2.6788834619521964,30.37292848838731,20,1,2
41.06501365939346,4.456047047502896,1,753.9861550825531,8.536244553373104,96.3032476912234,9,0,1
23.165757260304773,3.403631525724203,1,12532.73730493283,2.0392556336846486,36.01698187656484,37,0,0
43.31987856753682,2.0327119883776823,0,14979.865303483119,2.298106830348689,108.53657421796319,29,0,1
14.50531420445273,4.246181618072173,1,67583.77564619777,1.9576350349670946,43.21170393193032,20,0,1
23.561014985972403,3.165921996370582,0,117826.72584968404,9.605287609205547,67.12526250538518,84,0,2
30.913140156950554,4.837179762468383,1,53526.55073464905,7.105055856164183,85.63668371505567,26,1,0
18.648935640760577,3.4153241115481263,1,38234.424167678575,7.384425506696291,23.111397045482406,11,1,0
14.028144080739073,1.9581241654001307,0,5919.646211988527,9.727170538106236,65.84296511891918,30,2,0
11.544165196838755,0.9362628486004904,1,46775.850304486696,2.677431627585899,34.71335089463031,41,1,0
38.07797905543958,1.7298033278586655,1,43950.045309166104,2.5946162552587793,12.65765722400483,82,0,1
28.257224835262242,2.5553298678478855,1,62836.75533513348,4.225408375689021,0.3824124741740542,45,0,0
45.90936588372702,4.456047047502896,0,853.9845591186919,2.9542000741973307,108.82080238375246,9,2,1
43.407328187691185,3.877819712363447,0,17789.627119614615,6.511033852284691,80.50851780429929,33,2,1
25.40380537923266,1.5907330030768718,0,25217.987628778817,9.517139208195358,24.602607799980873,60,1,1
48.947150788208916,4.621084482534121,0,52882.92206909376,1.5351149253602436,30.938241307529253,82,0,1
33.68248044313459,2.3545494270787874,1,36304.31182253156,5.179476822201348,55.87131738260982,73,0,2
40.63533256861192,3.4687942110111503,1,73614.78807178825,6.775780987982372,98.19447039233683,100,2,2
26.287774339184278,0.5360365422679403,0,34280.49536049388,4.931776665811322,14.11507234541756,18,0,2
17.846796478730877,0.5227177921647075,1,109159.57588972701,9.137438408940174,116.13417961964758,88,1,2
16.87108060327338,1.0095372376472516,0,115425.92018544125,7.368979862014584,113.26929197125042,5,2,1
17.248249049239472,4.422248368441467,1,7169.806457690862,8.82176795610569,29.359211483116017,56,0,1
34.15222069049754,3.3990573074229182,0,25118.803909831295,1.1176498811910718,76.89382314023169,27,2,2
14.50531420445273,4.246181618072173,1,67580.2610633787,1.9576350349670946,43.21170393193032,20,0,1
10.79642995349686,3.222181346027588,0,92488.40112889819,0.6570422560361189,83.67880134067008,66,0,1
43.31987856753682,2.0327119883776823,0,7720.346789672766,8.293194984646847,10.42993201773041,30,0,2
13.976444717305633,2.582890970624984,0,22208.930024208366,9.628186618058164,56.39590562477123,56,0,2
28.023381422070486,2.967217588779531,0,54828.14579801508,0.13991021028433526,70.61889644281125,26,1,1
29.539942923358776,4.3105899245381405,0,80256.1433956788,7.892536438715759,75.17708831096193,15,0,1
34.81089633534249,2.190930830795625,1,108403.21812157784,7.278311985279744,83.13545690058758,75,1,0
30.160579296063865,4.461200549833214,1,104042.07670644438,9.081867943853771,106.96576476012072,43,2,2
47.49372574915873,3.0685846920129363,1,95258.89963357418,2.7038547325940065,28.950025188891114,68,1,2
40.01586377453103,4.146780629032907,1,6365.747919451067,7.147771833165857,18.38331807998236,67,0,0
32.97865991531863,2.4902802745862394,1,117197.31373533081,2.3742288146921995,46.872832465557096,95,2,1
34.690885468211334,3.462590659149867,0,73770.76878017277,0.7603320004476666,68.25937772269417,42,0,2
45.90936588372702,4.456047047502896,0,2535.3627962706887,0.12820451491886842,108.82080238375246,21,1,1
17.248249049239472,2.044158424409365,1,7169.806457690862,8.31842306481369,36.621150643311,56,0,1
25.40380537923266,1.3691372996907698,1,36037.631295254905,9.553531211419074,54.74733210783022,60,1,1
13.985197233974482,2.582890970624984,0,46591.47203567878,9.628186618058164,56.39590562477123,59,0,2
12.857311456146942,3.462590659149867,0,73770.76878017277,1.187860878641085,68.25937772269417,34,0,1
28.257224835262242,2.5661578619826977,1,62836.75533513348,4.1958709484317,0.3824124741740542,45,0,1
30.913140156950554,4.823756485990446,1,53526.55073464905,7.842040343360001,85.63668371505567,15,1,1
35.68868220141811,2.083755097814419,1,108403.21812157784,7.38123749923031,83.13545690058758,12,1,0
48.947150788208916,4.621084482534121,0,52882.92206909376,1.5351149253602436,75.87459277306084,82,2,1
17.846796478730877,0.46945437694212,1,109159.57588972701,9.137438408940174,116.13417961964758,89,1,2
14.50531420445273,3.831886617390926,1,65497.84394895678,1.9576350349670946,43.21170393193032,20,0,1
46.71412215437186,1.6938696814236716,1,43950.045309166104,2.6003452918303966,12.65765722400483,82,0,1
30.160579296063865,4.630484034497284,1,97493.83474927106,9.081867943853771,106.96576476012072,43,0,2
32.9598490435519,2.4902802745862394,1,117653.04977431436,2.3742288146921995,46.872832465557096,99,2,1
40.01586377453103,4.796484320982682,1,6365.747919451067,9.620376555094824,66.84800405645342,58,0,0
28.023381422070486,2.967217588779531,0,53742.38124121232,2.2876659338263896,70.61889644281125,4,2,1
43.31987856753682,4.410734760321326,0,7720.346789672766,8.796539875938835,10.42993201773041,24,0,2
33.949001543205064,2.3545494270787874,0,25484.668156055683,4.758696492166466,25.726593197164938,73,0,2
15.703925520878524,0.9362628486004904,1,22393.30831879279,2.677431627585899,34.71335089463031,49,1,0
34.765086335814786,3.222181346027588,0,92488.40112889819,0.6570422560361189,83.67880134067008,66,0,2
16.87108060327338,1.0095372376472516,0,118942.9575818311,7.398517276930216,113.26929197125042,5,2,0
29.539942923358776,4.324009675140173,0,80256.1433956788,7.155551951519939,75.17708831096193,26,0,0
18.648935640760577,3.522499843788748,1,38234.424167678575,6.833046708746737,25.062378283378727,73,1,0
34.15222069049754,3.3990573074229182,0,25118.803909831295,1.1176498811910718,31.957472456020785,27,0,2
40.54750509491771,3.4687942110111503,1,73614.78807178825,6.775780987982372,98.19447039233683,99,2,2
45.27992314808355,4.2921147130422534,0,19872.17395762015,6.511033852284691,80.50851780429929,38,2,1
37.697470112464465,3.0595613242164923,1,95258.89963357418,2.6981256960223896,28.950025188891114,74,1,2
26.287774339184278,0.5360365422679403,0,34280.49536049388,4.931776665811322,13.9091823349065,18,2,2
14.028144080739073,1.9581241654001307,0,3512.0420769157863,9.727170538106236,65.84296511891918,30,2,0
23.561014985972403,3.212132317983712,0,117826.72584968404,7.132031020135303,18.660670074472794,84,0,2
27.887028799533123,3.155957555004269,0,25118.803909831295,1.1176498811910718,67.07725151373744,27,0,2
45.90936588372702,4.447179072268846,0,853.9845591186919,2.9542000741973307,101.22313571383232,10,1,1
11.391288700712906,2.967217588779531,1,64189.15733892369,0.13991021028433526,55.175238885164426,26,1,0
30.9304411383816,4.837179762468383,1,1402.349401549669,8.750495421833088,86.38995002265999,26,1,2
17.248249049239472,4.422248368441467,1,6266.685460530307,4.927535661747372,24.93562399420358,57,0,1
29.646947787003903,4.3105899245381405,0,63418.68657533796,6.716650327644269,75.17708831096193,15,0,0
14.51212715035003,3.875672134481175,1,66032.37816166952,2.187921650806528,43.21170393193032,20,0,1
45.90936588372702,4.463588673181696,0,2535.3627962706887,0.12820451491886842,108.82080238375246,26,1,0
27.28347942465021,1.3691372996907698,1,23628.34365352618,9.68562767848487,34.93426373682581,60,1,1
13.105338419083704,2.5074464984349403,0,117197.31373533081,1.0614512291297098,46.872832465557096,95,2,1
23.561014985972403,3.165921996370582,0,117826.72584968404,9.605287609205547,21.68141289902432,84,0,2
28.023381422070486,2.618631285805855,0,53742.38124121232,9.749265844179517,70.61889644281125,4,2,1
17.61991770935377,1.0095372376472516,0,115425.92018544125,7.368979862014584,113.03315213976745,19,2,1
44.73150148584213,2.0692964364234054,0,2654.467667705286,8.227565537386026,14.28148894614764,41,0,2
34.647289565945485,3.089910984047954,0,73770.76878017277,0.7603320004476666,33.13959871134347,42,0,2
38.10025161681452,2.083755097814419,1,109645.6582709852,7.38123749923031,84.32057559129535,9,2,0
28.206371800528796,0.9362628486004904,0,46775.850304486696,2.677431627585899,34.71335089463031,40,1,1
43.30257597260943,4.410734760321326,0,61062.85148969549,7.151100292559645,9.717901637361734,27,0,0
28.257224835262242,2.470558406495096,1,62836.75533513348,4.1958709484317,0.3824124741740542,45,0,1
26.287774339184278,0.5360365422679403,0,35186.03225934698,8.82597558296694,14.719026702886033,17,0,2
24.67268622622425,2.5553298678478855,1,81039.32920200264,4.225408375689021,0.6369372877528212,45,0,1
30.906560043452494,4.779861834946017,1,52992.01652193631,7.894655214408779,85.63668371505567,15,1,1
29.13751113109846,4.323018949901506,0,80256.1433956788,7.155551951519939,69.96670195967411,21,0,1
15.703925520878524,0.9362628486004904,1,38489.10383679751,2.6162465287520233,54.52641926564696,49,1,0
32.73627804743563,3.445424435299364,1,73770.76878017277,2.500638486364152,68.25937772269417,38,0,1
18.648935640760577,3.4153241115481263,1,38234.424167678575,7.384425506696291,46.073555448352785,36,1,0
40.01586377453103,4.990931549475701,1,6365.747919451067,2.0784102253438084,66.84800405645342,58,0,0
14.50531420445273,4.246181618072173,1,67580.2610633787,1.9576350349670946,47.11574393646707,3,0,1
14.028144080739073,1.9578992815904952,0,7852.895496161056,9.791810077646998,64.31200425348734,30,2,0
28.023381422070486,2.967217588779531,0,53742.38124121232,2.0028019369158017,70.61889644281125,5,2,1
20.452909888222372,2.4068652565352258,0,62435.31910304226,9.75305671907729,64.66466498852121,30,2,0
14.50531420445273,1.0135371423255186,1,67572.98293545697,2.635213366922943,34.19065925312484,20,0,1
45.27068906816878,4.458974173156367,0,2535.3627962706887,0.022010694323119306,108.90529267348728,21,1,2
14.028144080739073,4.6472271051183895,0,11762.985917995862,9.727170538106236,65.84296511891918,29,2,0
30.913140156950554,4.837179762468383,1,69789.26781153755,7.301126756052169,85.63668371505567,26,1,0
34.15222069049754,3.3163556577694555,0,24205.382878865017,1.1619453656295757,31.957472456020785,27,0,2
31.54492824290961,3.4153241115481263,1,38023.41134397322,7.384425506696291,82.20579595969954,11,1,0
27.315031930124682,3.0347423026156033,0,54020.33030387713,2.5908681526613595,103.58670423653498,14,1,1
29.351855716667018,4.304492309966742,0,80256.1433956788,7.155551951519939,75.17708831096193,26,0,0
13.884337523072773,3.831886617390926,1,66229.21525445498,2.6001086337056383,34.75762500215934,20,0,1
15.703925520878524,4.0611178075261725,1,36293.35319832509,2.197797637254761,54.52641926564696,25,1,0
11.391288700712906,2.967217588779531,1,53991.50246045271,0.4197398920804831,55.175238885164426,26,1,0
16.989319393654643,4.779861834946017,1,53813.147360466726,7.894655214408779,85.63668371505567,53,0,1
45.90936588372702,4.304448474966003,0,409.57056620669437,2.6086487218683043,109.12589233450676,5,2,1
45.90936588372702,4.472117673354852,1,1457.2043311604334,0.12820451491886842,109.45326239044084,26,1,2
29.646947787003903,4.3105899245381405,0,8852.220911784505,6.749039068624674,74.82442757592806,15,0,0
11.544165196838755,4.168823510043929,1,47258.43083072407,2.1953731204596085,43.73439557343578,41,1,0
30.700956245625303,0.5331764515677975,0,35186.03225934698,8.82597558296694,14.602376897466705,17,0,1
16.975163212280858,1.7766457827590072,1,3825.9527018228464,8.592407496944688,23.96718347326609,57,0,1
28.023381422070486,2.967217588779531,0,60181.09643868248,0.002611722169350239,70.61889644281125,26,1,1
43.31987856753682,2.4324521523017646,0,8633.777570701914,8.219477775870647,16.85655558542898,30,0,2
18.602709693078623,2.083755097814419,1,108600.55180942848,7.38123749923031,24.041153394715387,12,1,0
46.61352909828149,4.613461158325073,0,1222.6691862306907,2.0028019369158017,68.25529941378818,8,2,1
27.887028799533123,3.175474840117309,0,25118.803909831295,1.1176498811910718,67.07725151373744,27,0,2
15.763069318518324,0.9362628486004904,1,22393.30831879279,2.0349580288473565,43.16742982440129,35,1,0
14.51212715035003,0.7509856579643737,1,66032.37816166952,2.606370542303791,43.21170393193032,44,0,1
30.913140156950554,4.823756485990446,1,63724.20561312002,7.636987640662419,85.63668371505567,15,1,1
31.165495174625068,2.044158424409365,1,6372.884950729458,8.00389476440381,36.621150643311,18,1,1
29.539942923358776,4.462188497075032,0,78405.00521438668,8.238023198874657,76.06498003485855,13,0,1
30.9304411383816,4.828650516636552,0,1038.0476186178034,8.750495421833088,85.75746792130833,26,1,0
16.04267993497416,2.0799509601847532,1,6388.980235077211,1.9803414974010694,36.7993649305001,35,1,0
15.751521618646207,2.449351153724049,0,17867.25946525628,1.1176498811910718,66.39409077257805,19,1,2
14.505288367895789,3.8781125189624768,1,69489.12314540667,2.187921650806528,43.21170393193032,23,0,1
15.703925520878524,4.0611178075261725,1,38893.863371918385,6.688362549812766,69.50990608419745,23,1,0
35.68868220141811,2.083755097814419,1,13443.210281642285,7.38123749923031,83.13545690058758,14,1,0
45.90936588372702,3.189766098876174,0,1933.8725705827928,3.1697568041985473,108.82080238375246,9,2,1
11.391288700712906,2.967217588779531,1,64189.15733892369,0.09857247262528945,55.175238885164426,26,1,0
45.84856855861902,4.661562681312674,0,55003.20545719331,7.842040343360001,85.9111030398935,15,1,1
11.391288700712906,3.2940511344392402,1,53991.50246045271,0.4197398920804831,85.37583419087883,26,1,0
14.028144080739073,4.383354177864725,0,3516.1108836413523,8.640809213964117,65.84296511891918,34,2,0
28.516394623303214,0.5622308286348998,0,8852.220911784505,6.749039068624674,34.561170969503614,41,0,0
14.50531420445273,4.239737222122173,1,67580.2610633787,2.5846101817108074,43.21170393193032,20,0,1
31.544207040578666,4.886359369550589,0,35274.975426524,8.161662805824216,85.81373996250377,26,0,0
16.04497364949944,1.0280566049383468,1,27344.462044023814,2.635213366922943,32.06364264873905,28,0,1
31.165495174625068,0.9004703237156114,1,22089.807816765377,8.058506161741155,42.98921553721218,18,1,1
27.83943753649865,0.9129078998063187,1,25204.70773913459,2.677431627585899,35.39651164103211,49,0,0
14.512152986906974,3.8294462329096244,1,65485.91969904147,1.9576350349670946,43.21170393193032,20,0,1
17.248249049239472,2.044158424409365,1,7169.806457690862,2.3020810122200537,36.621150643311,58,0,1
17.248249049239472,3.316501727620623,1,95299.57684861608,8.82176795610569,29.359211483116017,54,0,1
28.023381422070486,4.4772253090610326,0,54358.028584596614,0.1558334979706304,70.61889644281125,26,1,1
27.315031930124682,3.0347423026156033,0,54020.33030387713,2.6534430207857085,103.58670423653498,14,1,1
30.973718190107558,4.447179072268846,1,687.0763731230691,2.9542000741973307,100.94871638828948,5,1,1
30.913140156950554,4.616689636260785,1,74358.73374587987,7.636987640662419,55.436088406422996,15,1,1
45.90936588372702,2.0307039243647638,0,2531.2939895451277,0.24778280658890228,108.82080238375246,40,1,1
30.874821351337086,4.779861834946017,1,52992.01652193631,7.894655214408779,85.63668371505567,27,1,1
11.544165196838755,4.343094436391985,1,46775.850304486696,1.9058689779063944,77.18690719207504,15,1,0
13.884337523072773,3.838331013340791,1,66229.21525445498,1.9731334869619255,34.75762500215934,18,0,1
29.311627874361484,0.36450140131453224,0,314.71591383842497,8.752299052275458,14.55084779945419,19,1,1
32.6131781262238,3.376069492069955,0,65347.32705781427,1.1176498811910718,34.08448906040658,19,0,2
13.884337523072773,3.831886617390926,1,66229.21525445498,2.6001086337056383,34.75762500215934,20,1,1
23.561014985972403,3.165921996370582,0,117826.72584968404,9.605287609205547,67.12526250538518,84,0,2
30.913140156950554,4.837179762468383,1,53526.55073464905,7.105055856164183,85.63668371505567,26,1,0
18.648935640760577,3.4153241115481263,1,38234.424167678575,7.384425506696291,23.111397045482406,11,1,0
14.028144080739073,1.9581241654001307,0,5919.646211988527,9.727170538106236,65.84296511891918,30,2,0
11.544165196838755,0.9362628486004904,1,46775.850304486696,2.677431627585899,34.71335089463031,41,1,0
38.07797905543958,1.7298033278586655,1,43950.045309166104,2.5946162552587793,12.65765722400483,82,0,1
28.257224835262242,2.5553298678478855,1,62836.75533513348,4.225408375689021,0.3824124741740542,45,0,0
45.90936588372702,4.456047047502896,0,853.9845591186919,2.9542000741973307,108.82080238375246,9,2,1
43.407328187691185,3.877819712363447,0,17789.627119614615,6.511033852284691,80.50851780429929,33,2,1
25.40380537923266,1.5907330030768718,0,25217.987628778817,9.517139208195358,24.602607799980873,60,1,1
48.947150788208916,4.621084482534121,0,52882.92206909376,1.5351149253602436,30.938241307529253,82,0,1
33.68248044313459,2.3545494270787874,1,36304.31182253156,5.179476822201348,55.87131738260982,73,0,2
40.63533256861192,3.4687942110111503,1,73614.78807178825,6.775780987982372,98.19447039233683,100,2,2
26.287774339184278,0.5360365422679403,0,34280.49536049388,4.931776665811322,14.11507234541756,18,0,2
17.846796478730877,0.5227177921647075,1,109159.57588972701,9.137438408940174,116.13417961964758,88,1,2
16.87108060327338,1.0095372376472516,0,115425.92018544125,7.368979862014584,113.26929197125042,5,2,1
17.248249049239472,4.422248368441467,1,7169.806457690862,8.82176795610569,29.359211483116017,56,0,1
34.15222069049754,3.3990573074229182,0,25118.803909831295,1.1176498811910718,76.89382314023169,27,2,2
14.50531420445273,4.246181618072173,1,67580.2610633787,1.9576350349670946,43.21170393193032,20,0,1
10.79642995349686,3.222181346027588,0,92488.40112889819,0.6570422560361189,83.67880134067008,66,0,1
43.31987856753682,2.0327119883776823,0,7720.346789672766,8.293194984646847,10.42993201773041,30,0,2
13.976444717305633,2.582890970624984,0,22208.930024208366,9.628186618058164,56.39590562477123,56,0,2
28.023381422070486,2.967217588779531,0,54828.14579801508,0.13991021028433526,70.61889644281125,26,1,1
29.539942923358776,4.3105899245381405,0,80256.1433956788,7.892536438715759,75.17708831096193,15,0,1
34.81089633534249,2.190930830795625,1,108403.21812157784,7.278311985279744,83.13545690058758,75,1,0
30.160579296063865,4.461200549833214,1,104042.07670644438,9.081867943853771,106.96576476012072,43,2,2
47.49372574915873,3.0685846920129363,1,95258.89963357418,2.7038547325940065,28.950025188891114,68,1,2
40.01586377453103,4.146780629032907,1,6365.747919451067,7.147771833165857,18.38331807998236,67,0,0
32.97865991531863,2.4902802745862394,1,117197.31373533081,2.3742288146921995,46.872832465557096,95,2,1
34.690885468211334,3.462590659149867,0,73770.76878017277,0.7603320004476666,68.25937772269417,42,0,2
14.028144080739073,1.9581241654001307,0,115957.40981647857,7.4492842515949675,65.84296511891918,4,2,0
17.248249049239472,4.422248368441467,0,7589.667008553617,8.82176795610569,111.71661894995891,55,0,1
24.193255894120576,3.4687942110111503,0,67006.46383813673,9.60941768976632,66.97913012356624,100,2,2
30.160579296063865,4.461200549833214,1,103993.82261242966,9.631085429716098,106.96576476012072,43,2,2
28.391155951059204,2.5553298678478855,0,8845.344465189955,4.225408375689021,0.3604272961735102,45,0,2
30.039944598296294,4.147565313411292,0,80256.1433956788,7.892536438715759,75.17708831096193,68,0,1
13.976444717305633,3.7748299404393295,0,22208.930024208366,9.28134297512919,55.17897854518577,23,0,2
47.49372574915873,3.0685846920129363,1,95258.89963357418,7.146671320864725,83.59902215721465,26,1,2
49.87021218853135,4.621084482534121,0,52882.92206909376,1.5351149253602436,30.938241307529253,82,1,1
34.81089633534249,2.190930830795625,1,108403.21812157784,7.278311985279744,83.1337696017575,66,1,0
14.50531420445273,4.246181618072173,1,36010.43873274932,5.097370579057975,43.21170393193032,71,0,1
17.846796478730877,0.5227177921647075,1,109159.57588972701,8.867521775305818,116.13417961964758,88,1,2
10.31001457702938,1.7298033278586655,1,43950.045309166104,2.579769271775018,12.65765722400483,82,0,1
32.97865991531863,3.25921079326614,1,117197.31373533081,0.004854545182608527,71.01488601781122,95,2,1
44.941693723256996,3.3990573074229182,0,25118.803909831295,1.1176498811910718,76.89382314023169,27,2,2
16.95770462320279,1.2233016767439597,0,5162.53299256671,9.495536972205905,113.26929197125042,29,2,1
45.90936588372702,4.456047047502896,1,470.0256669250284,2.9542000741973307,26.329392745277033,12,2,1
40.00308995360215,3.165921996370582,1,117826.72584968404,6.770688747550995,100.92357812907886,95,0,2
43.18593850567764,1.9728803698293222,1,61728.012890718404,8.293194984646847,9.617014815772936,30,0,0
39.51586209387522,4.164918620058865,1,6365.747919451067,7.147771833165857,18.38331807998236,16,0,0
34.690885468211334,2.6040520671869203,0,78451.96464169954,0.7603320004476666,68.25937772269417,56,0,2
28.729665737112903,4.837179762468383,1,53526.55073464905,2.662239414896569,30.98769483062928,68,1,0
25.40380537923266,1.5907330030768718,0,25217.987628778817,9.517139208195358,24.602607799980873,60,0,1
10.79642995349686,3.222181346027588,0,92431.98732355556,2.22459878732968,82.97820784503797,70,0,1
33.68248044313459,2.3545494270787874,1,59542.71719183807,2.0397414201723008,55.87131738260982,22,0,2
26.287774339184278,0.5360365422679403,0,34280.49536049388,5.201458866622346,14.11507234541756,18,0,2
40.40014890192679,0.7500465398003392,1,46775.850304486696,2.5971043078815965,34.71335089463031,49,1,0
28.023381422070486,2.500858075139255,0,54828.14579801508,2.652838429488479,46.476842890560576,20,1,1
34.539301404947196,3.877819712363447,0,17789.627119614615,6.511033852284691,80.50851780429929,33,2,1
38.11159770780765,1.7658836449369317,0,43950.045309166104,2.5946162552587793,12.65765722400483,82,0,1
26.088344100626053,0.8556272538905918,1,53526.55073464905,7.024507902750731,85.63668371505567,17,1,2
13.285594651792927,2.582890970624984,0,27998.36840433202,9.635942879797923,57.81804929661158,56,0,2
11.544165196838755,0.9250982984705769,1,52165.761866652494,2.6525703781678245,46.69651718297473,41,1,0
25.40380537923266,1.5907330030768718,0,25217.987628778817,9.517139208195358,24.602607799980873,60,2,1
34.78072113187546,2.4474638114873524,0,78451.96464169954,0.7603320004476666,68.25937772269417,57,0,2
17.248249049239472,2.0154040001092053,1,5874.92900402403,8.233656497826281,29.359211483116017,33,0,0
20.02817868441682,4.144940074906647,0,12424.273455095054,7.050887107993356,112.34934551334626,54,0,0
14.028144080739073,1.9581241654001307,0,5919.646211988527,6.907223174081205,65.84296511891918,29,2,0
14.674208464632814,4.246181618072173,1,67580.2610633787,1.9576350349670946,31.70174342832464,44,0,1
17.379323302899206,1.2123687969647976,1,1759.9594311186156,9.363348956094562,113.26929197125042,29,2,1
28.023381422070486,2.967217588779531,0,54828.14579801508,0.13991021028433526,70.61889644281125,78,1,1
33.68248044313459,2.3545494270787874,1,3077.1507923542413,2.0397414201723008,43.33239257637052,24,0,2
34.690885468211334,3.462590659149867,0,72920.54431399888,0.7603320004476666,23.622904540363525,9,0,2
10.243008450204957,3.8677610977124237,1,42546.295947083716,6.288070606155238,4.087189573996403,82,0,1
13.976444717305633,4.439053009282154,0,22208.930024208366,2.736990953263003,56.52222385113161,12,0,1
32.80442797717863,4.49051062544403,0,34280.49536049388,5.282006820030428,10.335864168497974,27,0,0
14.646321265797004,1.2686417761202688,0,115425.92018544125,7.3607582824964055,111.81872382918688,5,2,1
28.023381422070486,2.4622283356061185,0,47252.90850618008,2.6776996789065532,34.493676602216176,25,1,1
45.90936588372702,4.456047047502896,0,853.9845591186919,2.9542000741973307,108.82080238375246,9,1,1
42.62031617662291,2.0327119883776823,0,7720.346789672766,8.653581717318598,10.42993201773041,30,0,2
43.18593850567764,4.3796484741002635,1,63094.85770967265,8.881306442925432,9.617014815772936,56,0,1
40.01586377453103,4.424088922567705,1,7120.763150208024,8.918652440131432,18.38331807998236,68,0,1
14.028144080739073,1.5352969076260603,0,110233.31399873362,9.646935007355337,65.84296511891918,5,2,0
30.160579296063865,4.461200549833214,1,103993.82261242966,9.32340524368974,106.96576476012072,19,2,2
39.978709778158525,0.7609794195803461,0,46775.850304486696,2.5971043078815965,34.71335089463031,49,1,0
14.50531420445273,4.246181618072173,1,36010.43873274932,5.097370579057975,43.21170393193032,19,0,1
40.44691239007013,4.164918620058865,1,63249.239709317495,7.147771833165857,19.73348361947353,16,0,0
18.648935640760577,3.4153241115481263,1,39084.64863883135,7.384425506696291,74.8186202214806,43,1,0
35.31091933059385,2.153838543974349,0,19193.376883910652,2.80273259496016,80.50851780429929,33,2,1
47.67640700388978,3.791823976297861,1,470.0256669250284,9.760668621438018,30.659556326516245,23,2,2
45.90936588372702,4.481581311415202,1,892.0159703347599,2.9542000741973307,26.33062324171971,12,0,2
10.329117046950401,4.439053009282154,0,22208.930024208366,2.7481162785368856,53.823913370269025,12,0,1
34.08059829530217,3.8740302206763464,1,36010.43873274932,5.005204871867698,79.28749493845609,19,0,1
40.499859486935925,2.3971699496609,1,70718.45689543601,6.772207850524393,43.98103699135655,24,0,2
11.390183315160982,0.8117593470872666,1,49471.84190090667,2.895551922112017,46.69651718297473,41,1,0
14.674208464632814,4.246181618072173,1,5985.2518263024685,8.239785395787612,31.70174342832464,35,0,1
12.621834313950131,3.991656395325259,0,5162.53299256671,9.618290119496562,113.26929197125042,23,2,1
26.287774339184278,0.5360365422679403,0,34280.49536049388,5.051201199322676,14.11507234541756,51,1,2
44.895200177106126,4.456047047502896,0,6005.803574567416,3.0027622159698137,108.82080238375246,9,2,1
13.813449651833178,1.97493164252664,0,118631.6292676858,7.4492842515949675,65.84296511891918,4,0,0
45.56903306901077,4.146455220652174,0,853.9845591186919,2.969883465546914,107.84085046227659,64,0,0
32.73058854886415,4.246181618072173,1,67580.2610633787,1.9576350349670946,44.964161081624766,24,1,1
43.31987856753682,3.440815754197252,1,6940.320718141695,7.312612587446909,10.931016695403276,30,0,0
34.015325250548926,2.3881062020208885,1,3151.8104306915993,2.035451488344677,59.51197476707197,23,0,0
11.544165196838755,0.43612927991406925,1,53057.47021117872,7.332146852267247,34.71335089463031,41,1,0
34.690885468211334,3.4370559853574476,0,75039.88428084829,0.7603320004476666,68.2581486811576,42,2,1
13.962100727159694,1.7298033278586655,1,43950.045309166104,2.568643946501135,15.356378034412987,82,0,1
14.964801956718224,4.1231974167987,0,17789.627119614615,6.603199559474831,50.28360921886563,33,2,1
33.629533346188644,4.164918620058865,1,1867.3524926608225,2.4153106578498407,19.084839417653292,16,0,0
17.205558062865187,3.5287037967471444,1,38918.17378244375,7.384425506696291,74.8186202214806,43,1,0
17.248249049239472,2.0154040001092053,1,65056.77430459213,1.9514683662179415,29.359211483116017,33,0,0
17.08412529422701,1.2276811619063905,0,22208.930024208366,9.285187627550018,55.17897854518577,27,0,2
42.23882417915026,0.7500465398003392,1,46775.850304486696,2.747361976042069,34.71335089463031,20,0,0
16.45897841982497,1.9581241654001307,0,149.09046242861837,9.646156289701917,65.84296511891918,30,2,0
17.462943479686146,4.405360044380884,1,7169.806457690862,8.82176795610569,29.359211483116017,56,2,1
40.35619651650142,4.456372455883457,1,6365.747919451067,7.132088422298915,19.328535506188395,12,1,1
12.398877147117698,4.837179762468383,1,53526.55073464905,7.105055856164183,83.88422645357488,26,0,0
18.648935640760577,2.007220345443478,0,39016.98778575114,8.365007903891454,22.610312399626835,11,1,2
39.183017286458835,4.131361063291816,1,63153.65296641244,7.152068272538546,14.743074690836657,15,0,2
26.088344100626053,0.9343964713483489,1,47244.930827957025,2.36979464425527,85.63668371505567,21,1,2
19.465891345771904,3.867994865974348,1,36010.43873274932,5.005204871867698,80.55578860114878,19,0,1
37.64568998428836,0.9250982984705769,1,52578.9381121257,1.838999089939699,46.69651718297473,41,0,0
39.41096904635032,0.9232979414643281,1,36079.52489743866,5.134787695020652,34.620555002033115,49,0,0
10.329117046950401,4.422017349330834,1,22208.930024208366,8.6482117483055,56.6670206994733,10,0,1
18.648935640760577,2.007220345443478,0,40277.88111003746,8.365007903891454,18.26191668456257,11,0,2
17.229005269618487,1.2460023103458167,1,53526.55073464905,7.105055856164183,85.63668371505567,26,2,1
33.629533346188644,4.132950727565034,1,74573.11561459351,3.184581208207301,10.403636293040304,15,0,0
18.64468543679329,2.0154040001092053,1,37348.82971735806,1.986217062752878,22.708817611708913,34,0,0
14.028144080739073,1.9581241654001307,0,6004.31460660606,8.973223047684709,110.50957244810431,29,2,0
17.31397275126313,3.945595231103178,0,5162.53299256671,9.25180470650806,113.26929197125042,33,2,1
32.49581767755438,2.3545494270787874,1,59621.24495015258,2.0397414201723008,83.94275748896882,24,0,2
39.42520132258989,0.98136792795058,1,62353.80958999976,7.147771833165857,31.288308956692045,22,0,0
33.68248044313459,4.500952597372269,1,5656.9207258032,2.0397414201723008,26.599618876527085,24,0,2
16.445547763460603,4.439053009282154,0,22071.599811479973,1.982433606697353,52.11910446510465,12,0,1
42.1958627977929,0.7796175847750273,1,46775.850304486696,2.8772184666869083,34.71335089463031,20,0,0
33.38439637480078,4.336254471019679,0,22208.930024208366,9.28134297512919,58.270993203989825,23,0,2
10.063751215334271,2.396895481717292,1,2299.790441195324,2.035451488344677,59.51197476707197,23,1,0
15.49759314918732,4.5479752455767475,1,46706.76413979735,2.5596871932894505,37.89555868084163,19,1,1
20.32288877585712,4.439284028392787,0,7169.806457690862,3.720868085141932,29.359211483116017,58,0,1
39.51586209387522,4.164918620058865,1,5120.975949980606,7.147771833165857,22.731713795046623,16,1,0
30.752138215413297,4.786793619720514,0,5162.53299256671,9.495536972205905,113.26929197125042,29,1,0
39.183017286458835,4.054089147583322,1,3419.443001406671,7.152068272538546,14.85587388211766,16,0,2
17.252499253206757,3.4153241115481263,1,65234.026870344656,7.349689584189783,29.76179091688951,10,1,0
44.895200177106126,4.456047047502896,0,5290.366496552209,3.2763134868931845,64.1491008366527,10,2,1
12.556111472184089,2.061464783181347,1,3457.0250191544837,8.233656497826281,29.359211483116017,23,0,0
12.398877147117698,4.280056712679527,1,53448.022976334534,7.105055856164183,55.81278634652761,26,0,0
12.652528198627335,3.945006560614214,1,47740.25323877376,2.677431627585899,43.80102720337607,41,1,0
45.90936588372702,2.335079589497804,1,892.0159703347599,2.9542000741973307,43.40287159525369,12,0,2
14.678253876436873,4.14412548833778,1,5985.2518263024685,8.802733698198425,30.355976645826768,35,0,1
40.39915789785877,4.426116243317464,1,6365.747919451067,7.0022319784122296,19.328535506188395,12,1,1
