bandwidth,cruise_speed,firm_obstacle,illuminance,obstacle_distance,obstacle_size,power,quality,smoke_intensity
14.021396631397526,4.2885366374225855,1,61155.38774537373,1.935017560996204,93.90349646081222,59,2,1
14.021396631397526,4.2885366374225855,1,61155.38774537373,1.935017560996204,93.90349646081222,42,2,1
14.021396631397526,4.2885366374225855,1,61155.38774537373,1.935017560996204,93.90349646081222,36,2,1
14.021396631397526,4.2885366374225855,1,61155.38774537373,1.935017560996204,93.90349646081222,93,2,1
14.021396631397526,4.2885366374225855,1,61155.38774537373,1.935017560996204,93.90349646081222,38,2,1
14.021396631397526,4.2885366374225855,1,61155.38774537373,1.935017560996204,93.90349646081222,27,2,1
14.021396631397526,4.2885366374225855,1,61155.38774537373,1.935017560996204,93.90349646081222,88,2,1
14.021396631397526,4.2885366374225855,1,61155.38774537373,1.935017560996204,93.90349646081222,6,2,1
14.021396631397526,4.2885366374225855,1,61155.38774537373,1.935017560996204,93.90349646081222,44,2,1
14.021396631397526,4.2885366374225855,1,61155.38774537373,1.935017560996204,93.90349646081222,31,2,1
14.021396631397526,4.2885366374225855,1,61155.38774537373,1.935017560996204,93.90349646081222,3,2,1
14.021396631397526,4.2885366374225855,1,61155.38774537373,1.935017560996204,93.90349646081222,72,2,1
14.021396631397526,4.2885366374225855,1,61155.38774537373,1.935017560996204,93.90349646081222,100,2,1
14.021396631397526,4.2885366374225855,1,61155.38774537373,1.935017560996204,93.90349646081222,78,2,1
14.021396631397526,4.2885366374225855,1,61155.38774537373,1.935017560996204,93.90349646081222,32,2,1
14.021396631397526,4.2885366374225855,1,61155.38774537373,1.935017560996204,93.90349646081222,54,2,1
14.021396631397526,4.2885366374225855,1,61155.38774537373,1.935017560996204,93.90349646081222,85,2,1
14.021396631397526,4.2885366374225855,1,61155.38774537373,1.935017560996204,93.90349646081222,31,2,1
14.021396631397526,4.2885366374225855,1,61155.38774537373,1.935017560996204,93.90349646081222,42,2,1
14.021396631397526,4.2885366374225855,1,61155.38774537373,1.935017560996204,93.90349646081222,92,2,1
14.021396631397526,4.2885366374225855,1,61155.38774537373,1.935017560996204,93.90349646081222,19,2,1
14.021396631397526,4.2885366374225855,1,61155.38774537373,1.935017560996204,93.90349646081222,93,2,1
14.021396631397526,4.2885366374225855,1,61155.38774537373,1.935017560996204,93.90349646081222,68,2,1
14.021396631397526,4.2885366374225855,1,61155.38774537373,1.935017560996204,93.90349646081222,44,2,1
14.021396631397526,4.2885366374225855,1,61155.38774537373,1.935017560996204,93.90349646081222,79,2,1
14.021396631397526,4.2885366374225855,1,61155.38774537373,1.935017560996204,93.90349646081222,41,2,1
14.021396631397526,4.2885366374225855,1,61155.38774537373,1.935017560996204,93.90349646081222,36,2,1
14.021396631397526,4.2885366374225855,1,61155.38774537373,1.935017560996204,93.90349646081222,61,2,1
14.021396631397526,4.2885366374225855,1,61155.38774537373,1.935017560996204,93.90349646081222,93,2,1
14.021396631397526,4.2885366374225855,1,61155.38774537373,1.935017560996204,93.90349646081222,72,2,1
44.22429657408375,3.100589232831929,0,70455.3237211757,1.6085960834896895,32.09012632041686,80,2,0
44.22429657408375,2.1648103485806813,0,70455.3237211757,1.6085960834896895,32.09012632041686,80,2,0
44.22429657408375,2.2094904372260853,0,70455.3237211757,1.6085960834896895,32.09012632041686,80,2,0
44.22429657408375,3.229975567204406,0,70455.3237211757,1.6085960834896895,32.09012632041686,80,2,0
44.22429657408375,4.5893189443366245,0,70455.3237211757,1.6085960834896895,32.09012632041686,80,2,0
44.22429657408375,0.2397841101543946,0,70455.3237211757,1.6085960834896895,32.09012632041686,80,2,0
44.22429657408375,0.44821839284065246,0,70455.3237211757,1.6085960834896895,32.09012632041686,80,2,0
44.22429657408375,3.8077155413857793,0,70455.3237211757,1.6085960834896895,32.09012632041686,80,2,0
44.22429657408375,2.298486767299776,0,70455.3237211757,1.6085960834896895,32.09012632041686,80,2,0
44.22429657408375,3.8857661904485266,0,70455.3237211757,1.6085960834896895,32.09012632041686,80,2,0
44.22429657408375,2.696965161595364,0,70455.3237211757,1.6085960834896895,32.09012632041686,80,2,0
44.22429657408375,2.3093100736778753,0,70455.3237211757,1.6085960834896895,32.09012632041686,80,2,0
44.22429657408375,4.770873856067428,0,70455.3237211757,1.6085960834896895,32.09012632041686,80,2,0
44.22429657408375,1.8418878058822323,0,70455.3237211757,1.6085960834896895,32.09012632041686,80,2,0
44.22429657408375,3.2350727582403365,0,70455.3237211757,1.6085960834896895,32.09012632041686,80,2,0
44.22429657408375,2.717379246478729,0,70455.3237211757,1.6085960834896895,32.09012632041686,80,2,0
44.22429657408375,0.5550538216183559,0,70455.3237211757,1.6085960834896895,32.09012632041686,80,2,0
44.22429657408375,0.8380067854972506,0,70455.3237211757,1.6085960834896895,32.09012632041686,80,2,0
44.22429657408375,4.085947439999931,0,70455.3237211757,1.6085960834896895,32.09012632041686,80,2,0
44.22429657408375,2.6135059664791855,0,70455.3237211757,1.6085960834896895,32.09012632041686,80,2,0
44.22429657408375,3.394474731920148,0,70455.3237211757,1.6085960834896895,32.09012632041686,80,2,0
44.22429657408375,2.2696818797591973,0,70455.3237211757,1.6085960834896895,32.09012632041686,80,2,0
44.22429657408375,4.248986017426412,0,70455.3237211757,1.6085960834896895,32.09012632041686,80,2,0
44.22429657408375,4.260080450980395,0,70455.3237211757,1.6085960834896895,32.09012632041686,80,2,0
44.22429657408375,2.1525997799585666,0,70455.3237211757,1.6085960834896895,32.09012632041686,80,2,0
44.22429657408375,0.6457964312449388,0,70455.3237211757,1.6085960834896895,32.09012632041686,80,2,0
44.22429657408375,4.154515561848109,0,70455.3237211757,1.6085960834896895,32.09012632041686,80,2,0
44.22429657408375,2.4951556275802753,0,70455.3237211757,1.6085960834896895,32.09012632041686,80,2,0
44.22429657408375,2.783276544563447,0,70455.3237211757,1.6085960834896895,32.09012632041686,80,2,0
44.22429657408375,2.5413597870971993,0,70455.3237211757,1.6085960834896895,32.09012632041686,80,2,0
11.474746591655496,0.9652039445297195,0,31273.55798598301,8.356846009316957,10.543972331693073,18,1,1
30.512653289907927,0.9652039445297195,0,31273.55798598301,8.356846009316957,10.543972331693073,18,1,1
13.835900473642262,0.9652039445297195,0,31273.55798598301,8.356846009316957,10.543972331693073,18,1,1
12.510043288810966,0.9652039445297195,0,31273.55798598301,8.356846009316957,10.543972331693073,18,1,1
43.098088742929995,0.9652039445297195,0,31273.55798598301,8.356846009316957,10.543972331693073,18,1,1
15.696708677080116,0.9652039445297195,0,31273.55798598301,8.356846009316957,10.543972331693073,18,1,1
38.86053581225951,0.9652039445297195,0,31273.55798598301,8.356846009316957,10.543972331693073,18,1,1
27.57293832520051,0.9652039445297195,0,31273.55798598301,8.356846009316957,10.543972331693073,18,1,1
30.108596249285725,0.9652039445297195,0,31273.55798598301,8.356846009316957,10.543972331693073,18,1,1
30.327626427430655,0.9652039445297195,0,31273.55798598301,8.356846009316957,10.543972331693073,18,1,1
16.68853014946474,0.9652039445297195,0,31273.55798598301,8.356846009316957,10.543972331693073,18,1,1
12.552312971654317,0.9652039445297195,0,31273.55798598301,8.356846009316957,10.543972331693073,18,1,1
35.51605027207408,0.9652039445297195,0,31273.55798598301,8.356846009316957,10.543972331693073,18,1,1
14.110650592566962,0.9652039445297195,0,31273.55798598301,8.356846009316957,10.543972331693073,18,1,1
12.601429541169633,0.9652039445297195,0,31273.55798598301,8.356846009316957,10.543972331693073,18,1,1
11.81537805566521,0.9652039445297195,0,31273.55798598301,8.356846009316957,10.543972331693073,18,1,1
34.13814827128601,0.9652039445297195,0,31273.55798598301,8.356846009316957,10.543972331693073,18,1,1
47.82332287273184,0.9652039445297195,0,31273.55798598301,8.356846009316957,10.543972331693073,18,1,1
31.626102684130956,0.9652039445297195,0,31273.55798598301,8.356846009316957,10.543972331693073,18,1,1
10.617098798588769,0.9652039445297195,0,31273.55798598301,8.356846009316957,10.543972331693073,18,1,1
33.219229502854546,0.9652039445297195,0,31273.55798598301,8.356846009316957,10.543972331693073,18,1,1
29.122609228919526,0.9652039445297195,0,31273.55798598301,8.356846009316957,10.543972331693073,18,1,1
37.503250522341844,0.9652039445297195,0,31273.55798598301,8.356846009316957,10.543972331693073,18,1,1
14.718789847716769,0.9652039445297195,0,31273.55798598301,8.356846009316957,10.543972331693073,18,1,1
36.959215189236275,0.9652039445297195,0,31273.55798598301,8.356846009316957,10.543972331693073,18,1,1
47.275586924116176,0.9652039445297195,0,31273.55798598301,8.356846009316957,10.543972331693073,18,1,1
18.72180807933432,0.9652039445297195,0,31273.55798598301,8.356846009316957,10.543972331693073,18,1,1
48.02787164120575,0.9652039445297195,0,31273.55798598301,8.356846009316957,10.543972331693073,18,1,1
34.16393009516811,0.9652039445297195,0,31273.55798598301,8.356846009316957,10.543972331693073,18,1,1
43.764004993645706,0.9652039445297195,0,31273.55798598301,8.356846009316957,10.543972331693073,18,1,1
23.593492074822883,3.6549841509706216,1,57535.147440509114,0.20947652450828746,79.01752550166518,15,2,1
23.593492074822883,3.6549841509706216,1,57535.147440509114,0.20947652450828746,79.01752550166518,15,0,1
23.593492074822883,3.6549841509706216,1,57535.147440509114,0.20947652450828746,79.01752550166518,15,1,1
23.593492074822883,3.6549841509706216,1,57535.147440509114,0.20947652450828746,79.01752550166518,15,1,1
23.593492074822883,3.6549841509706216,1,57535.147440509114,0.20947652450828746,79.01752550166518,15,2,1
23.593492074822883,3.6549841509706216,1,57535.147440509114,0.20947652450828746,79.01752550166518,15,2,1
23.593492074822883,3.6549841509706216,1,57535.147440509114,0.20947652450828746,79.01752550166518,15,2,1
23.593492074822883,3.6549841509706216,1,57535.147440509114,0.20947652450828746,79.01752550166518,15,2,1
23.593492074822883,3.6549841509706216,1,57535.147440509114,0.20947652450828746,79.01752550166518,15,2,1
23.593492074822883,3.6549841509706216,1,57535.147440509114,0.20947652450828746,79.01752550166518,15,1,1
23.593492074822883,3.6549841509706216,1,57535.147440509114,0.20947652450828746,79.01752550166518,15,1,1
23.593492074822883,3.6549841509706216,1,57535.147440509114,0.20947652450828746,79.01752550166518,15,2,1
23.593492074822883,3.6549841509706216,1,57535.147440509114,0.20947652450828746,79.01752550166518,15,1,1
23.593492074822883,3.6549841509706216,1,57535.147440509114,0.20947652450828746,79.01752550166518,15,1,1
23.593492074822883,3.6549841509706216,1,57535.147440509114,0.20947652450828746,79.01752550166518,15,0,1
23.593492074822883,3.6549841509706216,1,57535.147440509114,0.20947652450828746,79.01752550166518,15,1,1
23.593492074822883,3.6549841509706216,1,57535.147440509114,0.20947652450828746,79.01752550166518,15,1,1
23.593492074822883,3.6549841509706216,1,57535.147440509114,0.20947652450828746,79.01752550166518,15,0,1
23.593492074822883,3.6549841509706216,1,57535.147440509114,0.20947652450828746,79.01752550166518,15,1,1
23.593492074822883,3.6549841509706216,1,57535.147440509114,0.20947652450828746,79.01752550166518,15,1,1
23.593492074822883,3.6549841509706216,1,57535.147440509114,0.20947652450828746,79.01752550166518,15,1,1
23.593492074822883,3.6549841509706216,1,57535.147440509114,0.20947652450828746,79.01752550166518,15,1,1
23.593492074822883,3.6549841509706216,1,57535.147440509114,0.20947652450828746,79.01752550166518,15,2,1
23.593492074822883,3.6549841509706216,1,57535.147440509114,0.20947652450828746,79.01752550166518,15,1,1
23.593492074822883,3.6549841509706216,1,57535.147440509114,0.20947652450828746,79.01752550166518,15,2,1
23.593492074822883,3.6549841509706216,1,57535.147440509114,0.20947652450828746,79.01752550166518,15,0,1
23.593492074822883,3.6549841509706216,1,57535.147440509114,0.20947652450828746,79.01752550166518,15,1,1
23.593492074822883,3.6549841509706216,1,57535.147440509114,0.20947652450828746,79.01752550166518,15,2,1
23.593492074822883,3.6549841509706216,1,57535.147440509114,0.20947652450828746,79.01752550166518,15,2,1
23.593492074822883,3.6549841509706216,1,57535.147440509114,0.20947652450828746,79.01752550166518,15,2,1
23.776473655341434,4.654917342520638,1,85447.69473456028,3.8740783034322446,69.36214668865588,20,0,2
23.776473655341434,4.654917342520638,1,22068.822713143007,3.8740783034322446,69.36214668865588,20,0,2
23.776473655341434,4.654917342520638,1,104949.29367648358,3.8740783034322446,69.36214668865588,20,0,2
23.776473655341434,4.654917342520638,1,30088.401392788164,3.8740783034322446,69.36214668865588,20,0,2
23.776473655341434,4.654917342520638,1,4575.209153089581,3.8740783034322446,69.36214668865588,20,0,2
23.776473655341434,4.654917342520638,1,22167.80882530077,3.8740783034322446,69.36214668865588,20,0,2
23.776473655341434,4.654917342520638,1,94681.38506175799,3.8740783034322446,69.36214668865588,20,0,2
23.776473655341434,4.654917342520638,1,104408.23275234648,3.8740783034322446,69.36214668865588,20,0,2
23.776473655341434,4.654917342520638,1,115579.68532523664,3.8740783034322446,69.36214668865588,20,0,2
23.776473655341434,4.654917342520638,1,96558.6090580307,3.8740783034322446,69.36214668865588,20,0,2
23.776473655341434,4.654917342520638,1,36768.08422459494,3.8740783034322446,69.36214668865588,20,0,2
23.776473655341434,4.654917342520638,1,66459.3141492908,3.8740783034322446,69.36214668865588,20,0,2
23.776473655341434,4.654917342520638,1,84039.90169827553,3.8740783034322446,69.36214668865588,20,0,2
23.776473655341434,4.654917342520638,1,6701.024744332144,3.8740783034322446,69.36214668865588,20,0,2
23.776473655341434,4.654917342520638,1,10303.06453356913,3.8740783034322446,69.36214668865588,20,0,2
23.776473655341434,4.654917342520638,1,85694.22677418408,3.8740783034322446,69.36214668865588,20,0,2
23.776473655341434,4.654917342520638,1,41046.11007151909,3.8740783034322446,69.36214668865588,20,0,2
23.776473655341434,4.654917342520638,1,11160.716663107014,3.8740783034322446,69.36214668865588,20,0,2
23.776473655341434,4.654917342520638,1,60273.767711115885,3.8740783034322446,69.36214668865588,20,0,2
23.776473655341434,4.654917342520638,1,11008.879770654788,3.8740783034322446,69.36214668865588,20,0,2
23.776473655341434,4.654917342520638,1,80654.03972830794,3.8740783034322446,69.36214668865588,20,0,2
23.776473655341434,4.654917342520638,1,10144.001824866771,3.8740783034322446,69.36214668865588,20,0,2
23.776473655341434,4.654917342520638,1,117062.92535082613,3.8740783034322446,69.36214668865588,20,0,2
23.776473655341434,4.654917342520638,1,98729.2983902866,3.8740783034322446,69.36214668865588,20,0,2
23.776473655341434,4.654917342520638,1,24455.342291909372,3.8740783034322446,69.36214668865588,20,0,2
23.776473655341434,4.654917342520638,1,18438.21071325166,3.8740783034322446,69.36214668865588,20,0,2
23.776473655341434,4.654917342520638,1,85276.03596680886,3.8740783034322446,69.36214668865588,20,0,2
23.776473655341434,4.654917342520638,1,28207.75223307373,3.8740783034322446,69.36214668865588,20,0,2
23.776473655341434,4.654917342520638,1,104082.4239510244,3.8740783034322446,69.36214668865588,20,0,2
23.776473655341434,4.654917342520638,1,90328.42284648074,3.8740783034322446,69.36214668865588,20,0,2
33.75693587453326,1.766735272947522,1,69667.44277975598,7.475786719441543,80.96682028559064,92,0,2
33.75693587453326,1.766735272947522,1,69667.44277975598,7.475786719441543,80.96682028559064,92,0,2
33.75693587453326,1.766735272947522,1,69667.44277975598,7.475786719441543,80.96682028559064,92,0,1
33.75693587453326,1.766735272947522,1,69667.44277975598,7.475786719441543,80.96682028559064,92,0,1
33.75693587453326,1.766735272947522,1,69667.44277975598,7.475786719441543,80.96682028559064,92,0,2
33.75693587453326,1.766735272947522,1,69667.44277975598,7.475786719441543,80.96682028559064,92,0,2
33.75693587453326,1.766735272947522,1,69667.44277975598,7.475786719441543,80.96682028559064,92,0,1
33.75693587453326,1.766735272947522,1,69667.44277975598,7.475786719441543,80.96682028559064,92,0,2
33.75693587453326,1.766735272947522,1,69667.44277975598,7.475786719441543,80.96682028559064,92,0,1
33.75693587453326,1.766735272947522,1,69667.44277975598,7.475786719441543,80.96682028559064,92,0,2
33.75693587453326,1.766735272947522,1,69667.44277975598,7.475786719441543,80.96682028559064,92,0,1
33.75693587453326,1.766735272947522,1,69667.44277975598,7.475786719441543,80.96682028559064,92,0,0
33.75693587453326,1.766735272947522,1,69667.44277975598,7.475786719441543,80.96682028559064,92,0,0
33.75693587453326,1.766735272947522,1,69667.44277975598,7.475786719441543,80.96682028559064,92,0,0
33.75693587453326,1.766735272947522,1,69667.44277975598,7.475786719441543,80.96682028559064,92,0,2
33.75693587453326,1.766735272947522,1,69667.44277975598,7.475786719441543,80.96682028559064,92,0,0
33.75693587453326,1.766735272947522,1,69667.44277975598,7.475786719441543,80.96682028559064,92,0,1
33.75693587453326,1.766735272947522,1,69667.44277975598,7.475786719441543,80.96682028559064,92,0,0
33.75693587453326,1.766735272947522,1,69667.44277975598,7.475786719441543,80.96682028559064,92,0,1
33.75693587453326,1.766735272947522,1,69667.44277975598,7.475786719441543,80.96682028559064,92,0,1
33.75693587453326,1.766735272947522,1,69667.44277975598,7.475786719441543,80.96682028559064,92,0,2
33.75693587453326,1.766735272947522,1,69667.44277975598,7.475786719441543,80.96682028559064,92,0,0
33.75693587453326,1.766735272947522,1,69667.44277975598,7.475786719441543,80.96682028559064,92,0,0
33.75693587453326,1.766735272947522,1,69667.44277975598,7.475786719441543,80.96682028559064,92,0,1
33.75693587453326,1.766735272947522,1,69667.44277975598,7.475786719441543,80.96682028559064,92,0,1
33.75693587453326,1.766735272947522,1,69667.44277975598,7.475786719441543,80.96682028559064,92,0,2
33.75693587453326,1.766735272947522,1,69667.44277975598,7.475786719441543,80.96682028559064,92,0,1
33.75693587453326,1.766735272947522,1,69667.44277975598,7.475786719441543,80.96682028559064,92,0,1
33.75693587453326,1.766735272947522,1,69667.44277975598,7.475786719441543,80.96682028559064,92,0,2
33.75693587453326,1.766735272947522,1,69667.44277975598,7.475786719441543,80.96682028559064,92,0,1
32.33949939544079,4.687236389036622,0,119322.68232264243,5.905424738279389,11.385009420920596,58,0,1
32.33949939544079,4.687236389036622,0,119322.68232264243,5.905424738279389,77.1006869841776,58,0,1
32.33949939544079,4.687236389036622,0,119322.68232264243,5.905424738279389,51.167719423687046,58,0,1
32.33949939544079,4.687236389036622,0,119322.68232264243,5.905424738279389,17.474583332718442,58,0,1
32.33949939544079,4.687236389036622,0,119322.68232264243,5.905424738279389,72.9567582122751,58,0,1
32.33949939544079,4.687236389036622,0,119322.68232264243,5.905424738279389,72.6726567249891,58,0,1
32.33949939544079,4.687236389036622,0,119322.68232264243,5.905424738279389,112.20234802883577,58,0,1
32.33949939544079,4.687236389036622,0,119322.68232264243,5.905424738279389,2.7704702740298393,58,0,1
32.33949939544079,4.687236389036622,0,119322.68232264243,5.905424738279389,16.353425980550092,58,0,1
32.33949939544079,4.687236389036622,0,119322.68232264243,5.905424738279389,39.37551683211469,58,0,1
32.33949939544079,4.687236389036622,0,119322.68232264243,5.905424738279389,19.608635300091294,58,0,1
32.33949939544079,4.687236389036622,0,119322.68232264243,5.905424738279389,10.240154544274436,58,0,1
32.33949939544079,4.687236389036622,0,119322.68232264243,5.905424738279389,9.78297806762216,58,0,1
32.33949939544079,4.687236389036622,0,119322.68232264243,5.905424738279389,68.71794339925613,58,0,1
32.33949939544079,4.687236389036622,0,119322.68232264243,5.905424738279389,60.191781817049126,58,0,1
32.33949939544079,4.687236389036622,0,119322.68232264243,5.905424738279389,13.096847912640284,58,0,1
32.33949939544079,4.687236389036622,0,119322.68232264243,5.905424738279389,23.78343650452996,58,0,1
32.33949939544079,4.687236389036622,0,119322.68232264243,5.905424738279389,22.613633515360696,58,0,1
32.33949939544079,4.687236389036622,0,119322.68232264243,5.905424738279389,59.371295367229244,58,0,1
32.33949939544079,4.687236389036622,0,119322.68232264243,5.905424738279389,61.003222698954495,58,0,1
32.33949939544079,4.687236389036622,0,119322.68232264243,5.905424738279389,81.70234887777247,58,0,1
32.33949939544079,4.687236389036622,0,119322.68232264243,5.905424738279389,81.55966141250626,58,0,1
32.33949939544079,4.687236389036622,0,119322.68232264243,5.905424738279389,108.00401928092852,58,0,1
32.33949939544079,4.687236389036622,0,119322.68232264243,5.905424738279389,47.197950157899136,58,0,1
32.33949939544079,4.687236389036622,0,119322.68232264243,5.905424738279389,17.185366320176637,58,0,1
32.33949939544079,4.687236389036622,0,119322.68232264243,5.905424738279389,79.47450167999752,58,0,1
32.33949939544079,4.687236389036622,0,119322.68232264243,5.905424738279389,118.63188989795674,58,0,1
32.33949939544079,4.687236389036622,0,119322.68232264243,5.905424738279389,31.023639121482912,58,0,1
32.33949939544079,4.687236389036622,0,119322.68232264243,5.905424738279389,75.09959224681606,58,0,1
32.33949939544079,4.687236389036622,0,119322.68232264243,5.905424738279389,35.55799005024177,58,0,1
28.211108642506254,3.2304680033933133,1,93936.08011353812,3.4625979908875015,99.23289320012448,64,2,2
28.211108642506254,3.2304680033933133,1,93936.08011353812,4.090457461347547,99.23289320012448,64,2,2
28.211108642506254,3.2304680033933133,1,93936.08011353812,1.6443560511837718,99.23289320012448,64,2,2
28.211108642506254,3.2304680033933133,1,93936.08011353812,2.7892575651252227,99.23289320012448,64,2,2
28.211108642506254,3.2304680033933133,1,93936.08011353812,6.158232014585079,99.23289320012448,64,2,2
28.211108642506254,3.2304680033933133,1,93936.08011353812,7.501995419839833,99.23289320012448,64,2,2
28.211108642506254,3.2304680033933133,1,93936.08011353812,6.831094491346867,99.23289320012448,64,2,2
28.211108642506254,3.2304680033933133,1,93936.08011353812,9.134372579829721,99.23289320012448,64,2,2
28.211108642506254,3.2304680033933133,1,93936.08011353812,5.115575407572709,99.23289320012448,64,2,2
28.211108642506254,3.2304680033933133,1,93936.08011353812,6.99170490384291,99.23289320012448,64,2,2
28.211108642506254,3.2304680033933133,1,93936.08011353812,2.4373215154815133,99.23289320012448,64,2,2
28.211108642506254,3.2304680033933133,1,93936.08011353812,0.37643435634396205,99.23289320012448,64,2,2
28.211108642506254,3.2304680033933133,1,93936.08011353812,6.180004823335267,99.23289320012448,64,2,2
28.211108642506254,3.2304680033933133,1,93936.08011353812,0.20360871803658198,99.23289320012448,64,2,2
28.211108642506254,3.2304680033933133,1,93936.08011353812,1.2912279203861698,99.23289320012448,64,2,2
28.211108642506254,3.2304680033933133,1,93936.08011353812,1.2239707637145825,99.23289320012448,64,2,2
28.211108642506254,3.2304680033933133,1,93936.08011353812,3.977145333940145,99.23289320012448,64,2,2
28.211108642506254,3.2304680033933133,1,93936.08011353812,1.572146470832575,99.23289320012448,64,2,2
28.211108642506254,3.2304680033933133,1,93936.08011353812,9.513367811561274,99.23289320012448,64,2,2
28.211108642506254,3.2304680033933133,1,93936.08011353812,5.684174844051588,99.23289320012448,64,2,2
28.211108642506254,3.2304680033933133,1,93936.08011353812,5.97619983336148,99.23289320012448,64,2,2
28.211108642506254,3.2304680033933133,1,93936.08011353812,9.102528982246731,99.23289320012448,64,2,2
28.211108642506254,3.2304680033933133,1,93936.08011353812,7.67987814849443,99.23289320012448,64,2,2
28.211108642506254,3.2304680033933133,1,93936.08011353812,9.756049603986115,99.23289320012448,64,2,2
28.211108642506254,3.2304680033933133,1,93936.08011353812,4.827867243179665,99.23289320012448,64,2,2
28.211108642506254,3.2304680033933133,1,93936.08011353812,8.72365013313438,99.23289320012448,64,2,2
28.211108642506254,3.2304680033933133,1,93936.08011353812,9.689972315847292,99.23289320012448,64,2,2
28.211108642506254,3.2304680033933133,1,93936.08011353812,6.216473375504061,99.23289320012448,64,2,2
28.211108642506254,3.2304680033933133,1,93936.08011353812,9.578271362147223,99.23289320012448,64,2,2
28.211108642506254,3.2304680033933133,1,93936.08011353812,7.795099811538492,99.23289320012448,64,2,2
22.34890665883544,0.10320208405682096,0,71160.86308532777,6.085961745869652,99.45600547672986,5,2,1
22.34890665883544,0.10320208405682096,0,71160.86308532777,6.085961745869652,99.45600547672986,5,2,1
22.34890665883544,0.10320208405682096,0,71160.86308532777,6.085961745869652,99.45600547672986,5,2,1
22.34890665883544,0.10320208405682096,1,71160.86308532777,6.085961745869652,99.45600547672986,5,2,1
22.34890665883544,0.10320208405682096,1,71160.86308532777,6.085961745869652,99.45600547672986,5,2,1
22.34890665883544,0.10320208405682096,1,71160.86308532777,6.085961745869652,99.45600547672986,5,2,1
22.34890665883544,0.10320208405682096,1,71160.86308532777,6.085961745869652,99.45600547672986,5,2,1
22.34890665883544,0.10320208405682096,1,71160.86308532777,6.085961745869652,99.45600547672986,5,2,1
22.34890665883544,0.10320208405682096,0,71160.86308532777,6.085961745869652,99.45600547672986,5,2,1
22.34890665883544,0.10320208405682096,0,71160.86308532777,6.085961745869652,99.45600547672986,5,2,1
22.34890665883544,0.10320208405682096,0,71160.86308532777,6.085961745869652,99.45600547672986,5,2,1
22.34890665883544,0.10320208405682096,0,71160.86308532777,6.085961745869652,99.45600547672986,5,2,1
22.34890665883544,0.10320208405682096,1,71160.86308532777,6.085961745869652,99.45600547672986,5,2,1
22.34890665883544,0.10320208405682096,1,71160.86308532777,6.085961745869652,99.45600547672986,5,2,1
22.34890665883544,0.10320208405682096,1,71160.86308532777,6.085961745869652,99.45600547672986,5,2,1
22.34890665883544,0.10320208405682096,0,71160.86308532777,6.085961745869652,99.45600547672986,5,2,1
22.34890665883544,0.10320208405682096,1,71160.86308532777,6.085961745869652,99.45600547672986,5,2,1
22.34890665883544,0.10320208405682096,0,71160.86308532777,6.085961745869652,99.45600547672986,5,2,1
22.34890665883544,0.10320208405682096,0,71160.86308532777,6.085961745869652,99.45600547672986,5,2,1
22.34890665883544,0.10320208405682096,1,71160.86308532777,6.085961745869652,99.45600547672986,5,2,1
22.34890665883544,0.10320208405682096,0,71160.86308532777,6.085961745869652,99.45600547672986,5,2,1
22.34890665883544,0.10320208405682096,1,71160.86308532777,6.085961745869652,99.45600547672986,5,2,1
22.34890665883544,0.10320208405682096,1,71160.86308532777,6.085961745869652,99.45600547672986,5,2,1
22.34890665883544,0.10320208405682096,0,71160.86308532777,6.085961745869652,99.45600547672986,5,2,1
22.34890665883544,0.10320208405682096,1,71160.86308532777,6.085961745869652,99.45600547672986,5,2,1
22.34890665883544,0.10320208405682096,0,71160.86308532777,6.085961745869652,99.45600547672986,5,2,1
22.34890665883544,0.10320208405682096,0,71160.86308532777,6.085961745869652,99.45600547672986,5,2,1
22.34890665883544,0.10320208405682096,0,71160.86308532777,6.085961745869652,99.45600547672986,5,2,1
22.34890665883544,0.10320208405682096,1,71160.86308532777,6.085961745869652,99.45600547672986,5,2,1
22.34890665883544,0.10320208405682096,1,71160.86308532777,6.085961745869652,99.45600547672986,5,2,1
11.474746591655496,3.100589232831929,0,85447.69473456028,3.4625979908875015,11.385009420920596,59,2,2
30.512653289907927,2.1648103485806813,0,22068.822713143007,4.090457461347547,77.1006869841776,42,0,2
13.835900473642262,2.2094904372260853,0,104949.29367648358,1.6443560511837718,51.167719423687046,36,1,1
12.510043288810966,3.229975567204406,1,30088.401392788164,2.7892575651252227,17.474583332718442,93,1,1
43.098088742929995,4.5893189443366245,1,4575.209153089581,6.158232014585079,72.9567582122751,38,2,2
15.696708677080116,0.2397841101543946,1,22167.80882530077,7.501995419839833,72.6726567249891,27,2,2
38.86053581225951,0.44821839284065246,1,94681.38506175799,6.831094491346867,112.20234802883577,88,2,1
27.57293832520051,3.8077155413857793,1,104408.23275234648,9.134372579829721,2.7704702740298393,6,2,2
30.108596249285725,2.298486767299776,0,115579.68532523664,5.115575407572709,16.353425980550092,44,2,1
30.327626427430655,3.8857661904485266,0,96558.6090580307,6.99170490384291,39.37551683211469,31,1,2
16.68853014946474,2.696965161595364,0,36768.08422459494,2.4373215154815133,19.608635300091294,3,1,1
12.552312971654317,2.3093100736778753,0,66459.3141492908,0.37643435634396205,10.240154544274436,72,2,0
35.51605027207408,4.770873856067428,1,84039.90169827553,6.180004823335267,9.78297806762216,100,1,0
14.110650592566962,1.8418878058822323,1,6701.024744332144,0.20360871803658198,68.71794339925613,78,1,0
12.601429541169633,3.2350727582403365,1,10303.06453356913,1.2912279203861698,60.191781817049126,32,0,2
11.81537805566521,2.717379246478729,0,85694.22677418408,1.2239707637145825,13.096847912640284,54,1,0
34.13814827128601,0.5550538216183559,1,41046.11007151909,3.977145333940145,23.78343650452996,85,1,1
47.82332287273184,0.8380067854972506,0,11160.716663107014,1.572146470832575,22.613633515360696,31,0,0
31.626102684130956,4.085947439999931,0,60273.767711115885,9.513367811561274,59.371295367229244,42,1,1
10.617098798588769,2.6135059664791855,1,11008.879770654788,5.684174844051588,61.003222698954495,92,1,1
33.219229502854546,3.394474731920148,0,80654.03972830794,5.97619983336148,81.70234887777247,19,1,2
29.122609228919526,2.2696818797591973,1,10144.001824866771,9.102528982246731,81.55966141250626,93,1,0
37.503250522341844,4.248986017426412,1,117062.92535082613,7.67987814849443,108.00401928092852,68,2,0
14.718789847716769,4.260080450980395,0,98729.2983902866,9.756049603986115,47.197950157899136,44,1,1
36.959215189236275,2.1525997799585666,1,24455.342291909372,4.827867243179665,17.185366320176637,79,2,1
47.275586924116176,0.6457964312449388,0,18438.21071325166,8.72365013313438,79.47450167999752,41,0,2
18.72180807933432,4.154515561848109,0,85276.03596680886,9.689972315847292,118.63188989795674,36,1,1
48.02787164120575,2.4951556275802753,0,28207.75223307373,6.216473375504061,31.023639121482912,61,2,1
34.16393009516811,2.783276544563447,1,104082.4239510244,9.578271362147223,75.09959224681606,93,2,2
43.764004993645706,2.5413597870971993,1,90328.42284648074,7.795099811538492,35.55799005024177,72,2,1
14.718789847716769,4.260080450980395,0,100525.31085063901,9.756049603986115,46.84661735594779,95,1,1
18.84388843966463,4.154515561848109,0,91694.79001161174,9.689972315847292,117.05559767713675,36,1,1
43.098088742929995,4.5893189443366245,0,4575.209153089581,6.478326699171361,72.9567582122751,42,2,2
48.888886692308155,1.6343606224822398,0,28654.936382993194,0.37643435634396205,31.17049261114697,74,2,0
34.10729618426753,0.44821839284065246,1,94681.38506175799,6.831094491346867,112.20234802883577,93,2,1
43.764004993645706,2.541903190417692,1,92191.81491039564,7.795099811538492,35.23539629047196,74,2,1
29.690780146156968,2.2985054014747925,0,115493.53341068712,5.115575407572709,73.21712504066294,44,2,1
24.60997097481196,2.691796472922927,0,85694.22677418408,1.163951925975218,16.531052845383346,54,1,0
47.72618926066168,4.758962491496888,1,84039.90169827553,6.0136129632721715,20.52943995081685,32,1,0
12.601429541169633,3.3898213730497426,1,10303.06453356913,1.2912279203861698,59.792956515659895,32,0,1
28.679394243379114,3.087296016170266,1,10144.001824866771,3.3881642100308706,81.55966141250626,93,1,0
16.653775837677962,2.696965161595364,0,36768.08422459494,2.5596016791157568,19.608635300091294,26,1,1
27.57293832520051,3.8077155413857793,1,104408.23275234648,9.750280816075511,2.7704702740298393,6,2,2
33.65798445543217,4.307313415422828,0,17528.36184213483,8.684537882660031,107.7700976134947,67,0,2
30.28179734733406,3.394474731920148,0,80644.60551301435,5.97619983336148,98.20060616993752,19,1,2
10.617098798588769,2.6135059664791855,1,9316.161287118528,5.684174844051588,61.35455550090584,41,1,1
13.988570253141317,1.8418878058822323,1,6701.024744332144,0.20360871803658198,69.94181914891553,78,1,0
31.626102684130956,4.085947439999931,1,60273.767711115885,9.845803290925971,59.371295367229244,38,1,1
17.816772675654768,2.4951556275802753,0,66012.13029778775,6.216473375504061,24.63965335790933,61,2,1
38.891387899277916,0.9549504400750641,1,41046.11007151909,3.977145333940145,23.78343650452996,88,1,1
13.835900473642262,1.605649761434993,0,104949.29367648358,1.6443560511837718,51.49031318345773,34,1,1
36.00572612008118,2.783257910388431,1,104168.55661316488,9.578271362147223,21.580219763332476,93,2,2
12.216030175587546,2.190393122136483,0,7424.894685616171,4.150483138210148,73.67017399311885,44,0,2
35.61169277955221,0.9615300561719426,0,11160.716663107014,1.572146470832575,9.968308758531176,96,0,0
36.959215189236275,1.997851164962009,1,24455.342291909372,4.827867243179665,17.5842463176901,79,2,2
11.940501902721927,2.2881878992192064,0,85447.69473456028,9.174765247418808,11.385009420920596,62,2,2
15.731462988866896,0.27272749283354214,1,22167.80882530077,7.379715530829365,72.6726567249891,1,2,2
10.417432623756921,3.229975567204406,1,30088.401392788164,2.8186823038222575,17.474583332718442,93,1,1
47.59763645644746,0.8148634866890725,1,117088.91405950987,7.71899039893056,79.70839815558932,42,2,0
33.41798151261011,3.8857661904485266,0,96568.04327325005,6.99170490384291,39.37551683211469,25,1,2
13.835900473642262,1.8278044248828444,0,11242.209117590297,1.3012098616112207,43.691174509691024,32,0,1
33.219229502854546,3.3755913113824345,0,1173.3811850179454,5.488257485331275,81.70234887777247,38,0,2
15.40109680151381,3.8154690633654544,0,91694.79001161174,9.689972315847292,78.23345595372282,36,1,1
13.988570253141317,1.8418878058822323,1,6878.017540728801,9.333288320083206,69.94181914891553,69,1,0
47.72618926066168,2.090158198278959,0,20747.627489492155,5.765636858494252,22.365776202774896,32,1,0
30.28179734733406,3.377441393210864,0,80644.60551301435,6.160871955290412,98.91305842418178,36,1,2
46.28156232933982,2.271009630259135,0,115493.53341068712,1.4478141885525941,73.46728625697779,44,0,1
12.152516872344234,3.8317856215735038,1,97527.2383593809,4.493071722801494,9.155459615213527,44,2,2
33.65798445543217,4.299501928727697,0,17627.66835856373,8.492126236592142,107.4497979083648,69,0,1
16.653775837677962,2.696965161595364,0,36768.08422459494,2.5596016791157568,19.608635300091294,27,1,2
11.070401718115543,3.0396686203556076,1,104408.23275234648,2.8819408565709455,3.2458028589927723,7,2,1
14.725959852163522,2.632356665546866,0,36768.08422459494,2.8574397798681117,19.74071096516765,3,1,1
18.64192615583728,1.8418878058822323,1,88548.94473369501,0.20360871803658198,118.17437164519512,78,1,0
31.626102684130956,4.085947439999931,0,60273.767711115885,9.845803290925971,59.371295367229244,59,1,1
43.098450894229096,4.742808005168176,1,4411.556744628691,4.827867243179665,71.39600785030775,83,2,1
12.601429541169633,3.709273567228816,1,104056.03907475338,0.8621295914683307,60.545618589378485,34,1,2
12.601429541169633,3.3898213730497426,1,88734.51094583127,1.2912279203861698,59.792956515659895,19,1,1
19.174254627064578,0.6179098052881933,1,22167.80882530077,7.379715530829365,111.42163312097475,1,2,2
31.626102684130956,4.085947439999931,0,60120.7650501508,0.658687374616596,59.371295367229244,42,1,1
30.512653289907927,4.82337048777474,1,82112.08754504578,4.120602427417724,75.264483910445,42,0,2
43.098088742929995,4.606342792194833,1,4575.209153089581,5.973559892656146,72.24430578817866,19,2,2
31.224958100961885,0.8655026639928957,0,11160.716663107014,5.239918936097655,22.363511370845913,31,2,0
27.64189622573068,2.2557172938742918,0,14428.850207239055,9.386843587233164,73.09821120390242,6,0,2
10.617098798588769,2.6213156101596393,1,9216.854772256185,5.876584766489406,61.67403622998545,39,1,2
15.696708677080116,0.2397841101543946,1,22167.80882530077,7.501995419839833,72.6726567249891,26,2,1
28.2652042991588,3.229975567204406,1,30088.401392788164,9.069102902296294,17.000541499470092,92,1,2
16.681360145018008,4.324685138926535,0,100525.31085063901,9.756049603986115,46.714541958229,95,1,1
14.190532521438243,4.154515561848109,0,4023.16645739683,9.81708470830905,68.80618192638788,36,1,1
11.474746591655496,3.100589232831929,1,85447.69473456028,3.4625979908875015,11.385009420920596,40,2,2
37.81221795908734,1.993844214903254,0,24620.230265970342,6.478326699171361,18.74649588880836,39,2,2
19.174254627064578,0.610057879512003,1,22167.80882530077,7.379715530829365,74.86317271573668,1,2,2
11.474746591655496,3.100589232831929,1,26115.53588859387,3.4625979908875015,11.385009420920596,40,2,1
30.512653289907927,4.988321657427562,1,21407.24719764116,7.2453726376460885,75.264483910445,42,0,2
30.30822800797936,4.059323792851991,1,80080.12182283553,9.894518571133286,97.98665448033564,18,1,1
27.57293832520051,3.8077155413857793,1,104408.23275234648,9.750280816075511,2.7704702740298393,4,2,2
13.988570253141317,0.23602109337403232,1,6878.017540728801,7.419116833348774,69.95601328962005,69,2,0
31.224958100961885,1.2385401681060015,0,11160.716663107014,4.964873690886671,3.2490855581444382,7,2,0
12.640029090927195,3.4613132835615708,1,10341.293221521526,1.2912279203861698,59.792956515659895,32,0,1
15.65227048623629,3.319983322704113,1,9316.161287118528,5.684174844051588,59.777359481831674,41,1,1
14.190532521438243,4.192378343456332,0,4023.16645739683,9.81708470830905,68.80618192638788,36,2,1
12.601429541169633,3.2350727582403365,1,10374.031087371197,1.2912279203861698,60.191781817049126,37,0,2
38.499452070561055,3.3755913113824345,0,36612.42198909618,6.45824857989237,19.33081545245331,38,0,2
27.64189622573068,2.2247395582806297,0,14428.850207239055,9.386843587233164,73.09821120390242,33,0,2
13.834994774575797,1.63367381388258,0,104326.63960862077,1.4557022472189551,51.12177622022413,34,1,1
44.66693892151665,4.5893189443366245,1,4574.2397061214,6.158232014585079,74.73584501092131,39,1,2
43.441997387283564,4.4996861657827765,1,4575.209153089581,5.973559892656146,113.61746327323559,19,2,2
18.321810848788157,2.696965161595364,0,85525.77827034371,2.5596016791157568,19.608635300091294,26,1,2
15.696708677080116,0.01858976996104733,1,82872.91975996742,4.476353059461666,72.6726567249891,22,2,1
30.42290601917412,3.394474731920148,0,64781.985645696994,5.97619983336148,59.58524352902584,52,1,2
15.731462988866896,1.8792868341922395,1,22167.80882530077,9.293879917223375,72.65846258428456,1,1,2
27.57293832520051,3.6743089807015465,1,104408.23275234648,9.406445601912583,21.890338243388076,30,2,2
13.79730092388476,1.756312511978063,0,11203.9804296379,1.3012098616112207,43.691174509691024,32,0,1
10.774256152452539,2.885382624165436,1,88734.51094583127,1.2912279203861698,61.37015253473407,25,1,1
11.070401718115543,3.0396686203556076,1,104408.23275234648,2.8819408565709455,4.926179810425242,2,1,1
16.853950454319,2.696965161595364,0,25046.229649455305,2.5596016791157568,19.608635300091294,33,1,2
16.68853014946474,2.696965161595364,0,1312.8462324256548,2.4373215154815133,81.98067263089581,3,1,1
47.82332287273184,0.8689846012026572,0,15631.356044052827,1.572146470832575,22.613633515360696,2,0,0
15.697614376146715,0.21226254851665283,1,22782.879871529025,7.2083308828585455,73.04119368822181,27,2,2
10.271715926368675,2.6213156101596393,1,9217.824221409935,5.891411010364551,62.51490906042466,38,2,2
11.15858705206006,3.21472007655903,1,10303.06453356913,2.127194493428858,60.191781817049126,33,0,2
11.474746591655496,3.100589232831929,0,12568.920261596679,3.4148360709245633,11.385009420920596,40,0,2
30.421524773492273,3.3864664958053377,1,83649.17864050796,5.488594918212179,97.98665448033564,33,1,1
11.157490287889237,2.8732533977884525,1,10303.06453356913,2.0236297943279773,60.191781817049126,33,1,2
16.84427685470793,3.277393000513527,1,10631.564493330749,1.2912279203861698,62.33233075061516,30,0,2
44.17299390476627,1.5703682434526185,1,4575.209153089581,9.424425124173199,108.96363010775158,19,2,2
16.690011709171827,0.21226254851665283,0,22782.879871529025,7.2083308828585455,73.04119368822181,28,1,1
15.097686960403479,1.8278044248828444,0,11242.209117590297,1.3012098616112207,43.691174509691024,32,0,1
12.601429541169633,3.43736035242022,1,10303.06453356913,1.569427554966028,21.61319321941455,2,0,1
33.109451353556125,4.5893189443366245,1,4378.932285517945,9.757720276160706,72.70928916011925,38,2,1
11.070401718115543,3.0396686203556076,1,21352.79746504895,7.533259573981392,108.99892743995318,7,2,1
15.806174087897187,1.8418878058822323,1,6878.017540728801,9.332867263865854,69.94181914891553,1,1,2
10.271715926368675,2.4871694247236658,1,8280.58090994903,6.233156888192406,72.78699400647602,38,2,2
11.23614544290798,3.4613132835615708,1,12755.665184603582,1.2912279203861698,59.90299974910015,32,0,1
14.068329971187582,3.4095476395154893,1,4792.152269643126,1.4743221768091503,59.67082049722689,36,1,1
27.64189622573068,2.2247395582806297,0,22732.073343301483,9.85894659576635,73.09821120390242,18,0,2
47.82332287273184,0.7458722952260843,1,84056.43644559597,1.6199083951735234,22.613633515360696,31,2,0
36.815000420788536,4.048448608422371,0,1406.344623398858,9.81395854869228,81.70234887777247,17,0,2
10.7753529166234,3.161982389843112,1,88734.51094583127,1.4389480268152222,61.37015253473407,25,0,1
12.4456835774728,2.6546449193221715,0,998.4513688701154,2.4606295557750237,79.84012369731977,5,1,1
27.64189622573068,4.5618115922238065,0,14428.850207239055,5.593174219028919,73.09821120390242,6,0,2
15.69613281643963,2.696965161595364,1,53113.68814236775,2.4373215154815133,19.608635300091294,2,2,2
47.82332287273184,0.8214696956684102,0,15631.356044052827,1.293946836252717,60.793403355281974,32,0,0
43.01005033858137,4.085947439999931,1,60574.902106619214,6.229903528704973,59.61876441938508,49,1,2
19.174254627064578,0.4763190274846797,1,105212.2932563276,3.166188664117218,8.828113153356385,1,2,2
13.913859154111245,1.8792868341922395,1,22167.80882530077,7.662108637589204,72.65846258428456,70,1,0
15.696708677080116,0.2397841101543946,1,21667.75601713575,7.501995419839833,62.40057177893775,26,2,1
12.474285386483873,3.0396686203556076,1,102038.82672397148,2.8819408565709455,2.615317054467593,2,1,1
13.494236875345468,4.172652076731591,0,88734.51094583127,9.561340392965919,68.92831794482089,22,2,1
15.696708677080116,0.2397841101543946,1,13864.585689276562,7.514998433459943,72.6726567249891,27,2,2
19.174254627064578,0.6179098052881933,1,24922.36490338295,7.9178105498224145,111.42163312097475,1,2,2
11.474746591655496,3.100589232831929,0,85447.69473456028,3.4625979908875015,11.385009420920596,59,2,2
30.512653289907927,2.1648103485806813,0,22068.822713143007,4.090457461347547,77.1006869841776,42,0,2
13.835900473642262,2.2094904372260853,0,104949.29367648358,1.6443560511837718,51.167719423687046,36,1,1
12.510043288810966,3.229975567204406,1,30088.401392788164,2.7892575651252227,17.474583332718442,93,1,1
43.098088742929995,4.5893189443366245,1,4575.209153089581,6.158232014585079,72.9567582122751,38,2,2
15.696708677080116,0.2397841101543946,1,22167.80882530077,7.501995419839833,72.6726567249891,27,2,2
38.86053581225951,0.44821839284065246,1,94681.38506175799,6.831094491346867,112.20234802883577,88,2,1
27.57293832520051,3.8077155413857793,1,104408.23275234648,9.134372579829721,2.7704702740298393,6,2,2
30.108596249285725,2.298486767299776,0,115579.68532523664,5.115575407572709,16.353425980550092,44,2,1
30.327626427430655,3.8857661904485266,0,96558.6090580307,6.99170490384291,39.37551683211469,31,1,2
16.68853014946474,2.696965161595364,0,36768.08422459494,2.4373215154815133,19.608635300091294,3,1,1
12.552312971654317,2.3093100736778753,0,66459.3141492908,0.37643435634396205,10.240154544274436,72,2,0
35.51605027207408,4.770873856067428,1,84039.90169827553,6.180004823335267,9.78297806762216,100,1,0
14.110650592566962,1.8418878058822323,1,6701.024744332144,0.20360871803658198,68.71794339925613,78,1,0
12.601429541169633,3.2350727582403365,1,10303.06453356913,1.2912279203861698,60.191781817049126,32,0,2
11.81537805566521,2.717379246478729,0,85694.22677418408,1.2239707637145825,13.096847912640284,54,1,0
34.13814827128601,0.5550538216183559,1,41046.11007151909,3.977145333940145,23.78343650452996,85,1,1
47.82332287273184,0.8380067854972506,0,11160.716663107014,1.572146470832575,22.613633515360696,31,0,0
31.626102684130956,4.085947439999931,0,60273.767711115885,9.513367811561274,59.371295367229244,42,1,1
10.617098798588769,2.6135059664791855,1,11008.879770654788,5.684174844051588,61.003222698954495,92,1,1
33.219229502854546,3.394474731920148,0,80654.03972830794,5.97619983336148,81.70234887777247,19,1,2
29.122609228919526,2.2696818797591973,1,10144.001824866771,9.102528982246731,81.55966141250626,93,1,0
37.503250522341844,4.248986017426412,1,117062.92535082613,7.67987814849443,108.00401928092852,68,2,0
14.718789847716769,4.260080450980395,0,98729.2983902866,9.756049603986115,47.197950157899136,44,1,1
36.959215189236275,2.1525997799585666,1,24455.342291909372,4.827867243179665,17.185366320176637,79,2,1
47.275586924116176,0.6457964312449388,0,18438.21071325166,8.72365013313438,79.47450167999752,41,0,2
18.72180807933432,4.154515561848109,0,85276.03596680886,9.689972315847292,118.63188989795674,36,1,1
48.02787164120575,2.4951556275802753,0,28207.75223307373,6.216473375504061,31.023639121482912,61,2,1
34.16393009516811,2.783276544563447,1,104082.4239510244,9.578271362147223,75.09959224681606,93,2,2
43.764004993645706,2.5413597870971993,1,90328.42284648074,7.795099811538492,35.55799005024177,72,2,1
18.72180807933432,4.154515561848109,0,85276.03596680886,9.689972315847292,118.63188989795674,38,2,1
30.474259550822868,2.1273654742044608,0,80654.03972830794,6.01496306203207,81.70234887777247,19,1,2
13.130033665570572,4.4840926578103515,1,4575.209153089581,6.27773681453314,72.9567582122751,32,2,2
43.764004993645706,2.53540460983891,1,118107.80256457406,8.001838056109433,33.6835915175398,43,2,1
36.42323262618311,4.831993683094426,0,84039.90169827553,3.4943661173176155,9.78297806762216,99,1,0
31.26590658195704,2.2696818797591973,1,10144.001824866771,9.102528982246731,81.55966141250626,71,1,0
36.886901947455435,2.6552114276096743,0,28207.75223307373,4.799170033743787,31.046297928007313,61,2,1
14.04799474636473,1.841980769484384,0,98729.2983902866,9.379184197206275,68.55672463186485,44,1,1
47.18859964332194,2.783276544563447,1,102161.27253077674,1.4063445380893755,27.296478707907305,95,2,0
12.576780618369193,3.2350727582403365,1,10303.06453356913,1.2912279203861698,59.82579678292207,32,0,2
30.042920443126615,3.8857661904485266,0,96558.6090580307,6.979579362486945,64.09508512504541,41,1,1
16.68853014946474,2.696965161595364,1,36534.502678487755,7.37479803739898,19.608635300091294,26,1,1
31.626102684130956,4.085947439999931,0,17886.132637591512,9.513367811561274,78.77006734421951,42,1,1
37.503250522341844,0.6450611284585159,1,118376.15890869223,3.9870057075907077,106.07567561908812,69,2,0
11.754650209777372,3.1610897368613493,1,29481.67711338961,6.797957867010456,17.474583332718442,93,1,1
31.226596236943454,3.8077155413857793,1,104408.23275234648,9.134372579829721,2.7704702740298393,4,1,2
33.257623241939605,3.431919606198056,0,22068.822713143007,4.051694232676909,77.1006869841776,42,0,2
43.83939572587538,2.2094904372260853,0,104949.29367648358,1.5248928950441853,51.167719423687046,38,1,1
30.108596249285725,2.304441944558066,0,90755.11644830639,4.90883700481249,16.353425980550092,73,2,1
16.36061648877246,3.0363413370336088,1,85447.69473456028,6.148236696949877,19.805532540823116,59,2,2
12.552312971654317,2.3093100736778753,0,66459.3141492908,0.37643435634396205,29.079548288599366,94,2,0
48.09823858576921,2.1525997799585666,1,24455.342291909372,7.457066217914134,17.162707514162612,79,2,1
17.98061864157267,4.259969318806564,1,6701.024744332144,0.5917076324556341,47.35916892529086,78,1,0
34.79633114718308,0.289115860829261,0,13114.629530824328,9.680561250847159,72.28642176189572,28,0,2
11.84002697846566,2.717379246478729,0,85694.22677418408,1.2239707637145825,13.463445406958005,54,1,0
11.02644879607553,2.791512642791829,1,11008.879770654788,5.6963003854075325,39.627259147088424,95,1,2
15.696708677080116,0.2397841101543946,0,22401.390371453366,2.564519171985799,56.872696093573296,4,2,2
47.275586924116176,0.6457964312449388,0,60825.902051127974,8.72365013313438,60.075729703005535,44,0,2
34.13814827128601,4.159567709152739,1,41171.17564518698,7.503628315356275,24.5740776888295,84,1,1
39.73047916310241,0.5175786033045948,1,95287.99066553476,1.74438795693177,112.20234802883577,88,2,1
18.72180807933432,4.154515561848109,0,85276.03596680886,9.689972315847292,118.63188989795674,46,1,1
12.33816324518897,2.3093100736778753,0,61968.24541517193,0.37643435634396205,28.32368723816834,93,2,0
13.40243590254604,3.3708100549735374,1,30088.401392788164,2.8479693909807233,12.531112479000377,93,1,1
16.68853014946474,3.3755573110391603,1,30559.244134885994,6.600928902991263,19.608635300091294,26,1,2
34.32949355188062,0.289115860829261,0,13114.629530824328,6.5286398673450945,75.77121075378757,28,2,2
15.494138706275784,2.783276544563447,1,101893.75923422928,1.2833258264044187,28.66560617347271,95,2,0
30.512653289907927,2.1648103485806813,0,18347.5422424791,4.578791551003447,76.1300969651016,48,1,2
15.696708677080116,0.20544737654016187,0,20757.740078816223,2.6287484847635243,82.06244350838985,5,1,2
33.35712507324369,4.395069009149093,0,22682.696358919697,6.287732526015051,77.1623597939167,32,2,2
19.609866168765247,4.154515561848109,1,84669.89921191255,9.689972315847292,87.304730421153,36,1,1
47.82332287273184,3.2240205791191086,0,11160.716663107014,1.572146470832575,22.15922131380565,32,0,0
15.696708677080116,0.27188998136734543,1,99127.70043061252,9.145432164245346,75.17667585526348,27,2,2
43.098088742929995,4.466954142568993,1,6465.516042278181,6.158232014585079,72.9567582122751,38,2,2
12.576780618369193,3.2350727582403365,1,10303.06453356913,1.255608004184653,59.82579678292207,38,0,0
14.110650592566962,1.8418878058822323,1,6701.024744332144,0.3316686280772707,68.71794339925613,78,1,0
16.68853014946474,2.696965161595364,0,36768.08422459494,2.4373215154815133,19.608635300091294,3,2,1
31.152369071432485,4.085947439999931,0,60292.42718824007,9.513367811561274,60.127156477424705,42,1,1
30.340146768035282,3.527587520370158,1,104408.23275234648,8.585662393359856,2.7704702740298393,4,1,2
11.02644879607553,2.693120480083868,1,35812.96495498977,5.6963003854075325,39.627259147088424,95,1,1
39.327373407561545,0.44821839284065246,1,94681.38506175799,9.91868912030467,108.71492638444695,81,0,1
42.56199634812114,2.6135059664791855,1,11314.48263217193,5.807278388495543,62.94623946011103,92,1,1
14.718789847716769,4.260080450980395,0,102777.67962337587,9.642810096790669,48.168540176857,46,0,1
33.219229502854546,3.4394456167174154,0,82298.0891977697,5.694139403832481,56.512601462813365,19,2,2
13.036097652271136,3.520943011376537,1,3963.1336461738156,4.0416985211931395,72.895085402536,42,0,2
30.377848640358838,2.2696818797591973,0,10775.788583912094,9.102528982246731,116.18753443056983,71,1,0
12.601429541169633,0.8490666300261671,1,10303.06453356913,0.17518150137809219,60.64619777725419,31,0,2
27.57293832520051,3.783142007436952,1,27442.936781304983,7.490935473084029,1.5476715410747985,6,2,2
48.42859492643871,0.7659480634764342,0,59012.451512539854,8.72365013313438,60.075729703005535,44,0,2
17.98061864157267,4.259969318806564,1,6701.024744332144,0.5917076324556341,47.35916892529086,71,1,2
31.626102684130956,4.085947439999931,0,17886.132637591512,9.916217153666958,78.77006734421951,42,1,1
47.94574337254381,3.2240205791191086,0,11191.563269208234,1.3003204620301818,60.89291988220084,32,0,0
11.020775170567502,4.085947439999931,1,60273.767711115885,9.5774435325945,59.371295367229244,94,1,1
15.697838903137205,3.3328875849004476,1,10303.06453356913,9.043275440772495,59.82579678292207,38,0,2
43.098088742929995,4.466954142568993,1,6480.871279696128,6.6031457431442035,72.9567582122751,39,2,2
30.416157444365663,4.5893189443366245,1,11891.706025597437,6.158232014585079,72.9567582122751,38,2,0
34.79633114718308,0.289115860829261,0,13114.629530824328,8.640251969636505,72.28642176189572,28,0,2
19.609866168765247,4.154515561848109,1,84669.89921191255,9.689972315847292,0.6137620280486189,43,1,1
12.601427145729003,3.2350727582403365,1,13615.147904513138,1.2912279203861698,59.84355433593641,32,0,2
32.951228822217836,3.527587520370158,1,104408.23275234648,8.585662393359856,2.7704702740298393,4,1,2
14.110650592566962,1.8418878058822323,1,6701.024744332144,0.3316686280772707,68.71794339925613,5,1,0
31.566245388733773,4.086546802659816,0,17945.337266918126,6.381712989400636,77.1623597939167,48,2,2
13.031829920306096,3.301607526771299,1,5012.912320411476,7.660372734081075,66.30408361832914,42,0,2
30.492451227178016,2.6793356555819514,0,36396.84233403889,2.4373215154815133,25.69344616272906,42,2,1
15.679150260831326,3.229975567204406,0,40484.1046536734,2.568326915873581,17.474583332718442,93,1,1
13.130033665570572,4.4840926578103515,0,5223.648740401279,2.45728305528582,18.33756333597719,32,2,2
12.445367508841702,3.2350727582403365,1,10272.21792746791,1.563053929188563,21.666746446049363,32,0,2
31.51002079589408,2.693120480083868,0,35812.96495498977,5.628208684715332,39.627259147088424,49,1,1
12.501199029500686,0.18814734183061366,1,99127.70043061252,1.3539413065852939,75.17667585526348,27,2,0
14.674749840293405,3.3755573110391603,1,30544.291532996398,6.156015174432138,19.608635300091294,25,1,2
43.059778392349024,2.437014108311189,0,4301.015971970617,9.102528982246731,117.90126197261405,71,1,2
33.219229502854546,3.5995797205394036,0,80654.03972830794,5.97619983336148,88.61409737309772,19,1,2
27.57293832520051,3.783142007436952,1,27442.936781304983,7.490935473084029,91.88094928426295,6,2,2
10.029491566862998,0.8490666300261671,1,10303.06453356913,0.02930165039403354,57.806544100523986,31,0,2
16.68853014946474,2.696965161595364,1,36534.502678487755,7.37479803739898,19.608635300091294,28,1,1
15.696708677080116,0.20544737654016187,0,20757.740078816223,2.6287484847635243,82.06244350838985,75,1,2
33.416982368640866,4.394469646489166,0,17270.230366623353,9.792590663454884,78.77006734421951,36,1,1
16.513320510852644,0.4642627437770406,1,22167.80882530077,3.610147675244708,72.6726567249891,27,2,2
17.82218873308442,4.103576881549419,0,24006.06408901286,9.513367811561274,77.13068073183344,4,1,1
12.527601718211594,0.2397841101543946,1,29630.72235609801,2.785449821237441,56.872696093573296,4,2,2
16.68853014946474,3.431400683958135,1,36128.78658171239,5.610172824696989,76.67288117504073,1,1,1
18.08279833510403,4.462780687674241,0,4977.004721868052,9.116189000714986,77.13068073183344,0,1,1
43.098088742929995,4.466954142568993,1,6480.871279696128,6.6031457431442035,72.9567582122751,39,0,2
16.68853014946474,2.8204506899322226,1,37020.35928138403,2.4373215154815133,21.17806884395865,30,0,1
34.79633114718308,0.2947892909783494,0,36098.45286584191,9.680561250847159,72.28642176189572,26,1,1
33.75112193872454,2.696965161595364,0,36634.881594506194,7.352765444028849,19.27320124242214,26,1,2
15.696708677080116,0.38342326693968865,1,95705.49470529443,9.145432164245346,75.17667585526348,41,2,2
19.971378789342573,4.200184298158877,1,80965.33376269306,1.420696295683796,1.1508737322296234,32,0,0
11.111050551720503,1.8765852846387423,1,29630.72235609801,2.785449821237441,69.31011512399036,5,2,2
27.57293832520051,3.2155667424964305,1,27442.936781304983,7.561267530659114,60.07504589616543,6,2,0
12.578968623014356,3.235057695067319,1,30088.401392788164,2.7892575651252227,17.474583332718442,40,1,2
15.775155525586143,0.16522472470226934,1,22140.473179321238,0.07689106824800929,59.84355433593641,32,2,2
32.02271871455595,4.427265163332594,0,17886.132637591512,9.916217153666958,78.77006734421951,42,1,1
10.3744879229695,3.8387456603155083,1,13114.629530824328,8.245110928266152,72.28642176189572,28,0,2
27.57293832520051,3.783142007436952,1,30003.93108716454,7.857430139238854,0.36827260989163424,5,2,2
10.019965169196599,3.3755573110391603,1,30544.291532996398,6.156015174432138,19.608635300091294,25,1,2
12.869425090598046,4.124888851681459,1,23604.902773649585,6.409323696819227,72.9567582122751,25,2,2
12.601429541169633,3.936560479559632,1,10303.06453356913,1.2912279203861698,60.191781817049126,32,2,2
12.601429541169633,0.7255945402426254,0,10303.06453356913,0.17518150137809219,49.451891827875684,12,1,2
16.68853014946474,3.403098345752499,1,13144.965153549556,5.610172824696989,76.67288117504073,3,0,2
16.294603268816854,4.849368682951944,1,22582.317442928615,6.3097651193851725,77.49810709813643,32,2,1
15.800199727812338,3.193260344986669,1,2508.0435328947306,8.208312125253851,66.30408361832914,28,0,2
47.533519499879546,3.2240205791191086,0,11608.30229777428,9.484486406875533,63.17889243044004,43,1,1
14.110650592566962,0.20623709946564028,1,4813.659904776654,0.3316686280772707,56.28052436883907,4,1,0
12.576780618369193,3.8026480231807804,1,10303.06453356913,1.1860832998404396,91.63170012610773,45,0,2
12.507855284165805,3.2299906303774235,1,5073.485090044563,1.2912279203861698,59.82579678292207,93,0,1
12.522980321572163,3.327244046614907,1,13642.483550508285,8.794610079438156,72.6726567249891,27,0,2
13.486804249995329,3.520943011376537,1,3963.1336461738156,4.0416985211931395,72.895085402536,44,0,2
40.95351562923548,0.1956860815647794,0,10272.21792746791,1.563053929188563,20.824898566732877,32,0,2
47.82332287273184,3.80858194215909,0,11160.716663107014,1.572146470832575,22.15922131380565,33,0,0
14.919005267442142,0.8490666300261671,1,10303.06453356913,0.02930165039403354,47.79827701284925,31,0,2
11.474746591655496,3.100589232831929,0,85447.69473456028,3.4625979908875015,11.385009420920596,59,2,2
30.512653289907927,2.1648103485806813,0,22068.822713143007,4.090457461347547,77.1006869841776,42,0,2
13.835900473642262,2.2094904372260853,0,104949.29367648358,1.6443560511837718,51.167719423687046,36,1,1
12.510043288810966,3.229975567204406,1,30088.401392788164,2.7892575651252227,17.474583332718442,93,1,1
43.098088742929995,4.5893189443366245,1,4575.209153089581,6.158232014585079,72.9567582122751,38,2,2
15.696708677080116,0.2397841101543946,1,22167.80882530077,7.501995419839833,72.6726567249891,27,2,2
38.86053581225951,0.44821839284065246,1,94681.38506175799,6.831094491346867,112.20234802883577,88,2,1
27.57293832520051,3.8077155413857793,1,104408.23275234648,9.134372579829721,2.7704702740298393,6,2,2
30.108596249285725,2.298486767299776,0,115579.68532523664,5.115575407572709,16.353425980550092,44,2,1
30.327626427430655,3.8857661904485266,0,96558.6090580307,6.99170490384291,39.37551683211469,31,1,2
16.68853014946474,2.696965161595364,0,36768.08422459494,2.4373215154815133,19.608635300091294,3,1,1
12.552312971654317,2.3093100736778753,0,66459.3141492908,0.37643435634396205,10.240154544274436,72,2,0
35.51605027207408,4.770873856067428,1,84039.90169827553,6.180004823335267,9.78297806762216,100,1,0
14.110650592566962,1.8418878058822323,1,6701.024744332144,0.20360871803658198,68.71794339925613,78,1,0
12.601429541169633,3.2350727582403365,1,10303.06453356913,1.2912279203861698,60.191781817049126,32,0,2
11.81537805566521,2.717379246478729,0,85694.22677418408,1.2239707637145825,13.096847912640284,54,1,0
34.13814827128601,0.5550538216183559,1,41046.11007151909,3.977145333940145,23.78343650452996,85,1,1
47.82332287273184,0.8380067854972506,0,11160.716663107014,1.572146470832575,22.613633515360696,31,0,0
31.626102684130956,4.085947439999931,0,60273.767711115885,9.513367811561274,59.371295367229244,42,1,1
10.617098798588769,2.6135059664791855,1,11008.879770654788,5.684174844051588,61.003222698954495,92,1,1
33.219229502854546,3.394474731920148,0,80654.03972830794,5.97619983336148,81.70234887777247,19,1,2
29.122609228919526,2.2696818797591973,1,10144.001824866771,9.102528982246731,81.55966141250626,93,1,0
37.503250522341844,4.248986017426412,1,117062.92535082613,7.67987814849443,108.00401928092852,68,2,0
14.718789847716769,4.260080450980395,0,98729.2983902866,9.756049603986115,47.197950157899136,44,1,1
36.959215189236275,2.1525997799585666,1,24455.342291909372,4.827867243179665,17.185366320176637,79,2,1
47.275586924116176,0.6457964312449388,0,18438.21071325166,8.72365013313438,79.47450167999752,41,0,2
18.72180807933432,4.154515561848109,0,85276.03596680886,9.689972315847292,118.63188989795674,36,1,1
48.02787164120575,2.4951556275802753,0,28207.75223307373,6.216473375504061,31.023639121482912,61,2,1
34.16393009516811,2.783276544563447,1,104082.4239510244,9.578271362147223,75.09959224681606,93,2,2
43.764004993645706,2.5413597870971993,1,90328.42284648074,7.795099811538492,35.55799005024177,72,2,1
13.835900473642262,4.120029867615797,0,102408.04148126948,1.4734295944617495,114.18557435375216,36,1,1
31.626102684130956,4.085947439999931,0,60273.767711115885,7.552159664187074,59.371295367229244,42,1,1
16.68853014946474,2.695632524423548,0,36768.08422459494,2.4373215154815133,31.371240784114622,62,1,1
37.527315132324375,3.215520544226066,1,117062.92535082613,7.80433405291342,15.635881380934649,88,2,1
38.86053581225951,0.44821839284065246,1,94681.38506175799,7.568852148140426,118.60548051693783,16,2,1
43.764004993645706,2.7309600079882337,1,90328.42284648074,7.795099811538492,36.42196323155002,49,2,1
34.13814827128601,0.5550538216183559,1,117770.56851132314,3.977145333940145,23.78343650452996,85,1,1
10.051578876625795,2.7812918240154767,1,10425.261943238329,5.677798645189483,75.19168600578054,92,1,1
34.674239980434784,4.801543593501078,1,10328.64844066916,6.180004823335267,4.774744677777907,33,1,2
12.552312971654317,2.590858733625506,0,66459.3141492908,0.29608199741654406,10.240154544274436,72,2,0
14.718789847716769,4.130452637646706,1,11654.94614547391,9.756049603986115,51.03929182416926,44,1,1
30.512653289907927,0.8796125981453344,0,21984.053434984788,4.090457461347547,76.31365609053003,33,0,2
47.421993292143355,4.5893189443366245,1,4575.209153089581,6.158232014585079,72.38576466286074,38,2,2
36.83384176397567,2.1525997799585666,1,24095.92196579197,9.15843493115482,17.185366320176637,93,2,0
47.275586924116176,0.6457964312449388,0,18438.21071325166,8.311280447623421,24.597733435251797,41,0,2
18.72180807933432,2.2439748136647144,0,85276.03596680886,9.767162476681541,55.04586988404115,36,1,1
15.696708677080116,0.2397841101543946,1,24481.3344074649,9.463149505356354,72.6726567249891,27,2,2
48.02787164120575,2.4964882647520916,0,28207.75223307373,6.216473375504061,19.26103363749457,2,2,1
12.510043288810966,4.26344102270613,1,30088.401392788164,2.6647967192580984,109.77033302777123,67,1,0
33.219229502854546,3.394474731920148,0,80654.03972830794,5.97619983336148,65.14639775284213,91,1,2
11.81537805566521,2.6941058068735275,0,83766.52589357301,1.0701662193377803,12.232883651570218,73,1,0
30.108596249285725,2.298486767299776,0,38233.66147148516,6.028987815178407,16.353425980550092,44,2,1
34.16393009516811,2.6154906870271555,1,104720.11697485401,9.581749522861967,60.91112893999001,93,2,2
12.601429541169633,3.263893697949595,1,73472.77434554909,1.2912279203861698,65.38533929219318,97,0,0
14.110650592566962,1.9714993970147383,0,100646.64162292874,0.20360871803658198,68.71794339925613,78,1,0
49.280202727169815,2.123204576947482,0,11245.485944435644,3.142095949526319,23.400716422234936,38,0,0
10.068478037445242,3.100589232831929,0,85447.69473456028,4.674793307083309,11.962156593533948,59,2,2
29.247982654172375,2.2696818797591973,1,10503.422312793624,4.771451417173444,81.55966141250626,82,1,1
30.327626427430655,4.280490355503967,0,96558.6090580307,7.389210550830273,63.58992680194581,31,1,2
47.19116952671191,0.8057401555776381,0,100717.59162216604,7.027084919239821,79.47450167999752,41,0,2
35.269470601456774,2.2910273287852703,0,105218.14072132105,9.57814976972171,55.04586988404115,38,2,1
48.02787164120575,2.4964882647520916,0,57086.5395432451,7.5506446961732925,18.107172723858383,3,2,1
12.601429541169633,3.263893697949595,1,78631.9934135668,1.2912279203861698,65.38533929219318,42,0,0
37.56110594356565,0.44821839284065246,1,116669.60790540051,7.579309978377853,104.10646044484149,16,2,1
47.26854817760445,2.783276544563447,1,98981.5319986222,9.594355168450193,75.09959224681606,93,2,2
12.612347092711719,0.2397841101543946,1,24481.3344074649,1.0778090837698144,72.68957071525915,27,2,2
47.82332287273184,0.8390540663027197,0,11160.716663107014,3.905601858796368,74.53299849914855,31,0,2
13.835900473642262,4.120029867615797,0,90248.30019716654,2.461281968914229,111.34210788435446,36,1,1
49.24100304070733,0.6457964312449388,0,18438.21071325166,8.537179800314135,24.597733435251797,41,0,2
14.69261304112285,2.142256021932873,1,22187.04113177369,7.699500173144686,23.400716422234936,38,2,0
27.57293832520051,4.158958423702301,1,104408.23275234648,9.134447549193103,118.19589276308743,6,2,1
16.68853014946474,4.227055903340938,0,11716.383648247811,2.5359101309132566,32.57188976667198,62,1,1
47.50181970107892,4.801543593501078,1,10328.64844066916,6.180004823335267,4.774744677777907,33,1,2
40.34040397245774,2.151202118374223,1,24095.92196579197,9.15843493115482,17.185366320176637,76,2,0
45.934031387441806,0.6457964312449388,0,33848.75116943432,8.72365013313438,79.47450167999752,38,2,0
17.616292178761533,2.6118456005159496,1,84778.01191944277,9.770762229806717,60.91112893999001,93,1,2
26.845171908495132,4.085947439999931,0,31394.980436993785,6.21798834351743,60.525210523884695,44,1,1
31.626102684130956,4.085947439999931,0,60273.767711115885,9.513367811561274,51.91001984435316,97,1,1
38.82674500101824,3.215520544226066,1,95066.54605688812,7.793876222675993,29.22853153773702,82,2,1
33.97942150861492,4.5893189443366245,1,10027.12923814432,6.139996427020513,72.9567582122751,38,2,2
12.159301387587085,3.2350727582403365,1,10303.06453356913,9.622681167976099,60.174867826779064,30,0,2
30.512653289907927,1.3688750918192985,0,21984.053434984788,1.757002151991697,22.204516650070147,33,0,0
16.68853014946474,2.696965161595364,0,36768.08422459494,1.4494691410388478,15.047591431599706,3,1,1
30.37468023850881,2.329507797324235,0,22068.822713143007,3.8645030317319757,77.1006869841776,42,0,2
49.93444368291537,0.22211407172131814,0,11226.253641337187,3.0059325761333824,72.6726567249891,27,0,2
18.72180807933432,3.883289489635815,0,85276.03596680886,9.689897292758591,2.6554356729065347,36,1,2
14.718789847716769,2.702769988867547,1,36706.65770347923,9.496095963287832,49.8386428416418,44,1,1
34.593140836392145,4.5893189443366245,1,4575.209153089581,6.158232014585079,72.38576466286074,38,2,2
14.110650592566962,1.843285467466576,1,6290.63279966593,0.20360871803658198,67.32146904388452,93,1,0
13.901435344757836,2.3093100736778753,0,64714.18238284198,0.37643435634396205,10.240154544274436,61,0,2
30.512653289907927,1.9994968664333868,0,22068.822713143007,4.090457461347547,77.1006869841776,28,0,2
35.02150908303893,4.127159464531288,1,10328.64844066916,6.180004823335267,53.43649523185898,33,1,2
13.496922690109693,3.2350727582403365,1,33083.30698969614,1.2912279203861698,60.204058051868074,43,0,2
49.93444368291537,0.22211407172131814,0,94977.3043384211,3.7055005681537336,72.6726567249891,27,2,2
15.696708677080116,0.2397841101543946,0,24499.702776297847,9.450504990491009,19.6581023052598,2,2,2
16.68853014946474,2.1153967814558694,0,11716.383648247811,2.5359101309132566,28.447718003086493,37,0,0
11.698275791828909,3.2350727582403365,1,10303.06453356913,9.622681167976099,79.47914443376878,28,0,2
33.36583009341942,4.5893189443366245,1,4342.38891155874,6.158232014585079,72.37795240417525,38,2,2
30.534302593285712,0.8691052765401914,0,60273.767711115885,7.957561339265476,59.371295367229244,52,1,1
16.267141240177047,2.135361963062123,0,18503.374559143795,7.7079184142588355,19.63303406385008,3,1,1
47.358362078121246,4.850777919879255,1,10328.64844066916,0.9661163541609232,6.295644329919291,33,1,2
30.76971584374224,2.2847253293264895,0,64714.18238284198,1.6351239323170892,10.240154544274436,32,0,2
14.855609813958182,3.266295023091883,1,38093.93908655772,0.7632670511014474,49.8386428416418,44,1,1
18.13946259276164,2.696965161595364,0,40544.87298382477,1.4494691410388478,22.44072824317578,31,1,1
12.552312971654317,2.296029923576672,0,66459.3141492908,0.37643435634396205,10.240154544274436,72,2,0
15.696708677080116,0.2397841101543946,1,22167.80882530077,7.501995419839833,77.78936324262754,42,2,2
14.970061357228454,4.804828398388692,1,21476.21559086047,9.756049603986115,2.6873546899657157,44,1,1
25.95101647780112,4.085947439999931,0,13150.889177495339,6.21798834351743,60.51293428906574,32,1,1
38.86053581225951,0.44821839284065246,1,27975.71766586296,7.568852148140426,118.60548051693783,16,0,1
48.02787164120575,2.4964882647520916,1,28189.383864240786,6.216473375504061,72.27572652061004,27,2,1
49.280202727169815,4.234857542191666,0,11245.485944435644,3.0793984802950227,23.400716422234936,63,1,1
48.320579801385435,0.8390540663027197,0,11160.716663107014,3.905601858796368,74.53299849914855,31,0,2
33.965104796770376,4.5893189443366245,1,5832.313182116211,6.139996427020513,72.9645704709606,38,2,2
31.604453380753174,4.096465886448986,0,21984.053434984788,4.090457461347547,76.31365609053003,40,0,2
14.644512410812595,2.7038592204661134,1,22389.7861581401,2.428901881869521,23.37631765847615,38,2,0
12.749928795798777,0.18091165577239998,1,24481.3344074649,6.29258084635624,71.29634986323441,27,2,2
16.293540746416216,1.393459836175328,0,21984.053434984788,0.4983293738391348,22.204516650070147,62,0,0
12.464609576092588,2.7182404357320604,1,77244.71207156788,9.903375531758032,65.38533929219318,42,0,0
46.317852380792345,0.8380067854972506,0,7386.834851113737,1.572146470832575,15.220496703785418,1,0,0
18.72180807933432,2.2439748136647144,0,85276.03596680886,9.767162476681541,55.04586988404115,46,1,1
47.82332287273184,0.8380067854972506,0,10423.199269338444,5.1598572665014055,23.864020445333242,31,0,2
15.696708677080116,4.623740803552065,1,24481.3344074649,9.463149505356354,53.03958840088791,28,2,2
14.718789847716769,0.18267520732771536,1,36706.65770347923,6.494520895119731,72.42463188452697,27,1,1
46.27677646799249,2.49425892672649,0,27945.63764727688,2.5879567559018115,28.447718003086493,27,0,0
30.928359782193795,0.2397841101543946,0,19474.94492277486,9.450504990491009,10.437170258852348,2,2,2
34.43986131960959,2.323010378116819,1,7275.213632276418,6.180004823335267,4.774744677777907,3,1,2
16.793566149952248,3.2350727582403365,0,10303.06453356913,9.527331950693064,60.174867826779064,30,0,2
11.581613879629929,3.0755905710113645,1,10303.06453356913,9.622681167976099,79.47914443376878,28,0,2
16.68853014946474,4.7444950441352,0,20973.87815229013,2.6598045475702508,1.596888893643909,44,1,1
17.194703286906325,0.22155744647111697,1,19400.08870805685,1.2357588290861599,72.67374040341622,30,2,2
12.464609576092588,2.7182404357320604,0,77244.71207156788,9.850947885542613,65.77361430344116,48,0,0
38.35603498162773,1.0240481802877732,1,27139.187638002924,7.568852148140426,115.71003950038613,18,0,1
14.855609813958182,3.266295023091883,1,21786.263656242503,2.3645580220725897,49.8386428416418,44,1,0
25.95101647780112,4.085947439999931,0,13150.889177495339,5.9251641953261736,59.20736830920478,36,1,1
47.403071550751264,0.8390540663027197,0,11160.716663107014,1.4875422685401676,73.28264570669171,25,0,0
13.739804157906166,0.06566479844447493,1,11654.94614547391,9.917203826653596,70.6723601482701,43,1,1
12.749928795798777,2.7058795399422007,1,24481.3344074649,9.293604427220796,48.71036082034814,44,2,2
47.50181970107892,4.801543593501078,1,10328.64844066916,5.853332999904653,4.774744677777907,33,1,2
18.373092816194294,2.117626119481471,1,11960.130048562743,6.164426802991494,72.27572652061004,37,2,1
15.620625213765024,1.9994968664333868,0,8278.81928515198,4.090457461347547,77.1006869841776,28,0,2
16.922946231252645,4.99127662475807,0,36768.08422459494,1.4494691410388478,20.043342698303114,33,1,1
48.320579801385435,0.9964939333762469,1,5986.6030952463225,3.905601858796368,74.53299849914855,31,0,2
13.504632032667917,3.2350727582403365,1,33083.30698969614,1.2912279203861698,60.204058051868074,43,0,2
14.970061357228454,3.000594563362567,1,37270.42166376707,9.491737629334155,20.748155773254826,4,1,1
49.93444368291537,0.24034073540459577,0,27917.32532800323,2.8479829844454274,81.62582109087606,31,0,2
46.317852380792345,0.8380067854972506,1,7386.834851113737,1.4211003996001235,14.832849281629109,1,0,0
13.128075726174371,3.0398842793838585,1,78631.9934135668,1.2912279203861698,71.60037600185116,42,0,0
14.644512410812595,2.7038592204661134,1,24961.729310773284,0.8276116359765991,23.37631765847615,38,2,1
35.02150908303893,4.127159464531288,1,15862.707697602893,6.180004823335267,53.44849897448246,33,1,2
10.76819722206551,3.821549617481529,1,77797.82528014804,1.5713900939965006,61.98728649348827,42,0,0
11.474746591655496,3.100589232831929,0,85447.69473456028,3.4625979908875015,11.385009420920596,59,2,2
30.512653289907927,2.1648103485806813,0,22068.822713143007,4.090457461347547,77.1006869841776,42,0,2
13.835900473642262,2.2094904372260853,0,104949.29367648358,1.6443560511837718,51.167719423687046,36,1,1
12.510043288810966,3.229975567204406,1,30088.401392788164,2.7892575651252227,17.474583332718442,93,1,1
43.098088742929995,4.5893189443366245,1,4575.209153089581,6.158232014585079,72.9567582122751,38,2,2
15.696708677080116,0.2397841101543946,1,22167.80882530077,7.501995419839833,72.6726567249891,27,2,2
38.86053581225951,0.44821839284065246,1,94681.38506175799,6.831094491346867,112.20234802883577,88,2,1
27.57293832520051,3.8077155413857793,1,104408.23275234648,9.134372579829721,2.7704702740298393,6,2,2
30.108596249285725,2.298486767299776,0,115579.68532523664,5.115575407572709,16.353425980550092,44,2,1
30.327626427430655,3.8857661904485266,0,96558.6090580307,6.99170490384291,39.37551683211469,31,1,2
16.68853014946474,2.696965161595364,0,36768.08422459494,2.4373215154815133,19.608635300091294,3,1,1
12.552312971654317,2.3093100736778753,0,66459.3141492908,0.37643435634396205,10.240154544274436,72,2,0
35.51605027207408,4.770873856067428,1,84039.90169827553,6.180004823335267,9.78297806762216,100,1,0
14.110650592566962,1.8418878058822323,1,6701.024744332144,0.20360871803658198,68.71794339925613,78,1,0
12.601429541169633,3.2350727582403365,1,10303.06453356913,1.2912279203861698,60.191781817049126,32,0,2
11.81537805566521,2.717379246478729,0,85694.22677418408,1.2239707637145825,13.096847912640284,54,1,0
34.13814827128601,0.5550538216183559,1,41046.11007151909,3.977145333940145,23.78343650452996,85,1,1
47.82332287273184,0.8380067854972506,0,11160.716663107014,1.572146470832575,22.613633515360696,31,0,0
31.626102684130956,4.085947439999931,0,60273.767711115885,9.513367811561274,59.371295367229244,42,1,1
10.617098798588769,2.6135059664791855,1,11008.879770654788,5.684174844051588,61.003222698954495,92,1,1
33.219229502854546,3.394474731920148,0,80654.03972830794,5.97619983336148,81.70234887777247,19,1,2
29.122609228919526,2.2696818797591973,1,10144.001824866771,9.102528982246731,81.55966141250626,93,1,0
37.503250522341844,4.248986017426412,1,117062.92535082613,7.67987814849443,108.00401928092852,68,2,0
14.718789847716769,4.260080450980395,0,98729.2983902866,9.756049603986115,47.197950157899136,44,1,1
36.959215189236275,2.1525997799585666,1,24455.342291909372,4.827867243179665,17.185366320176637,79,2,1
47.275586924116176,0.6457964312449388,0,18438.21071325166,8.72365013313438,79.47450167999752,41,0,2
18.72180807933432,4.154515561848109,0,85276.03596680886,9.689972315847292,118.63188989795674,36,1,1
48.02787164120575,2.4951556275802753,0,28207.75223307373,6.216473375504061,31.023639121482912,61,2,1
34.16393009516811,2.783276544563447,1,104082.4239510244,9.578271362147223,75.09959224681606,93,2,2
43.764004993645706,2.5413597870971993,1,90328.42284648074,7.795099811538492,35.55799005024177,72,2,1
37.503250522341844,4.248986017426412,1,117062.92535082613,7.67987814849443,108.00401928092852,71,2,0
12.491235536576482,2.1784153422528565,0,104949.29367648358,2.812792105075715,51.167719423687046,36,1,1
15.109369350212269,0.1773602612823416,1,22167.80882530077,7.519757516955666,72.6726567249891,86,2,2
43.764004993645706,2.49265613059677,1,96223.60948692478,8.089667653042516,33.6835915175398,71,2,1
31.10862865190107,4.3406376369027,0,98729.2983902866,4.156691707168719,47.197950157899136,44,1,1
39.101523313438776,2.1525997799585666,1,24455.342291909372,4.827867243179665,17.185366320176637,79,2,0
29.991526858874884,2.6552114276096743,0,28207.75223307373,5.092824032061802,31.047660148240006,61,2,1
11.245823945728585,0.6458425586002592,0,18438.21071325166,8.448745144396984,79.39391805490331,41,1,2
34.3632798449706,4.770873856067428,1,82539.80741624208,5.673791914265051,14.401988612254312,100,1,0
47.17502120811803,0.8380067854972506,0,11160.716663107014,1.572146470832575,22.459427953311014,31,0,2
31.35059396927408,2.3093100736778753,0,66459.3141492908,9.399516826763925,66.39500485331551,82,2,1
12.601429541169633,3.2350727582403365,0,36344.68534696242,2.408538094762898,60.191781817049126,4,0,2
11.474746591655496,3.100589232831929,0,85301.05589923653,3.4625979908875015,38.39470440898781,59,2,2
11.81537805566521,2.7189702333835832,0,89679.90275135287,1.4619533129502529,11.366351025108795,93,1,0
17.91726859238413,4.578551736618321,1,4183.62215733093,9.656863884527102,72.9567582122751,38,2,2
36.872765029349814,3.394474731920148,0,80654.03972830794,5.97619983336148,81.70234887777247,16,1,2
13.854708225877344,3.2610506621750264,1,30088.401392788164,1.6208215112537459,17.474583332718442,93,1,1
39.4500090413344,0.44821839284065246,1,94681.38506175799,6.813332394231034,112.20234802883577,25,2,1
34.13814827128601,0.603781750148551,1,41878.878353072985,3.6825715068747136,23.78343650452996,86,1,1
19.634001194549064,2.084215288316927,0,22068.822713143007,9.665181610434171,85.51943995840162,42,0,2
29.122609228919526,2.2696818797591973,1,10144.001824866771,9.102528982246731,100.3484536207987,93,1,1
48.12802350100191,2.298486767299776,0,115579.68532523664,7.45112631702974,16.32940495561218,44,2,1
49.89995774449185,1.8418418309523619,1,6701.024744332144,0.543428406935182,68.79852702435034,78,0,0
11.953416269557774,2.0101952148349667,1,12525.37850168415,6.190387753121804,58.257892715672,92,1,1
28.20794786121703,3.8077155413857793,1,104408.23275234648,9.134372579829721,2.9306379487415946,6,2,0
12.83436763330379,4.26020743014205,0,60273.767711115885,0.5035103450094356,6.934244635495459,45,1,0
16.68853014946474,2.696965161595364,1,10726.504420089228,1.3200113412128145,5.612412374446146,31,1,1
30.327626427430655,3.8857661904485266,0,96705.24789335325,6.99170490384291,12.36585156327216,34,1,2
34.16393009516811,2.7816855576585926,1,104201.13474698178,9.153889201705088,75.89018849271604,54,2,2
43.90154600287582,4.165282769292261,0,86034.01481176991,5.105153376480489,118.63188989795674,36,1,1
11.462975015103005,3.057134444499995,0,85447.69473456028,3.4625979908875015,10.504514500929105,59,2,2
49.7811628086359,4.586159084419976,1,6496.721141208155,0.5256486241767386,68.79852702435034,80,0,0
28.504977431336783,3.8302365273780588,1,110910.6793316597,0.20360871803658198,68.71794339925613,5,2,0
10.617098798588769,2.450656129816179,1,3956.672084372527,6.8465167380806005,65.6365569365628,92,2,1
16.718992304865107,2.30587688846864,1,2926.071464009327,1.1726498117556865,72.9567582122751,38,1,2
12.491235536576482,2.1784153422528565,0,104876.00304784617,2.812792105075715,50.40579774066532,43,1,1
47.17502120811803,0.9029627620518805,0,11160.716663107014,1.8545229324497536,22.459427953311014,31,0,2
11.866752898039836,4.085947439999931,0,31778.937674044995,9.99530080217316,59.371295367229244,1,1,1
20.77911470173128,2.080656142395128,0,10846.81301835681,9.665181610434171,20.157891334118702,47,0,2
12.252878459807286,3.372549049070021,0,89808.57273227382,6.041668152508095,102.43596175708687,16,1,2
44.176756731205145,0.6458416901932681,0,18438.21071325166,8.447386135761317,79.39391805490331,41,1,2
11.459338591258694,3.234515901911255,0,85301.05589923653,3.4625979908875015,38.48864308572701,57,2,2
27.57293832520051,3.4207809741813855,0,104408.23275234648,9.134372579829721,2.7704702740298393,6,2,2
15.682437263204452,3.051824623081507,1,22311.28394089714,1.2912279203861698,72.58675017678546,32,0,2
16.70037389010798,2.7404199499272974,0,36768.08422459494,2.4373215154815133,20.4891302241874,3,1,1
43.13852603244069,1.8443470630831267,1,4779.512756213647,6.182643961485974,72.9567582122751,32,2,2
13.86250371081007,1.8193666447080368,1,1107.081329163033,9.134372579829721,2.9306379487415946,79,1,0
39.4500090413344,0.44821839284065246,1,102733.52031358234,5.650990500202017,112.20234802883577,26,1,1
17.886806436983765,4.574733144193105,1,10726.504420089228,9.412344168624413,5.612412374446146,29,2,1
33.219229502854546,3.394474731920148,0,80727.32941092589,5.97619983336148,82.46427055770346,20,1,2
13.835900473642262,2.144534515593717,0,104949.29367648358,1.6436879363060697,54.64729387047358,36,1,1
32.399722478699935,3.2350727582403365,0,52154.41703748653,1.5942860296305774,60.191781817049126,42,0,2
12.83436763330379,4.26020743014205,0,60273.767711115885,0.47882834729617385,6.934244635495459,45,1,0
46.63665264161527,0.8415659545910034,0,22382.72637116346,1.572146470832575,87.97617123014973,31,0,0
36.479992990031946,2.4607679252924,0,80525.36974738697,1.3965380884511376,9.430858489314005,93,1,0
14.469247454197522,0.64579729965193,0,18438.21071325166,8.237066789544835,79.47450167999752,41,0,2
12.52545128922355,3.0960488981250798,1,30088.401392788164,2.7892575651252227,17.380644720394756,95,1,1
31.616700751899547,2.1648103485806813,1,22068.822713143007,4.090457461347547,77.1006869841776,42,0,2
12.615700961775108,0.42693372195070434,1,10159.589456495418,7.501995419839833,60.27768836525276,27,2,2
45.71653229294827,1.1775000259811041,0,4247.536733533447,1.572146470832575,23.085376423408324,31,0,0
27.484812772165075,2.6394114890384923,0,36768.08422459494,2.4373215154815133,20.943644689618175,13,1,1
15.696708677080116,0.2397841101543946,1,22167.80882530077,7.501995419839833,72.6726567249891,30,2,2
12.601429541169633,3.2350727582403365,0,36240.39568831029,2.408538094762898,60.191781817049126,1,0,2
47.275586924116176,0.6457964312449388,0,10981.308096596918,8.72365013313438,69.45860661724879,93,0,1
28.504977431336783,3.82306678369561,1,110910.6793316597,0.20360871803658198,68.56620922358255,5,2,0
12.654232302044358,0.6566086595855517,1,6739.458510428779,7.501995419839833,80.21026292259434,31,2,2
45.96352721835301,1.0889562245975197,0,23710.69801153587,1.572146470832575,3.171928638746321,31,0,0
13.095009444931925,0.735879632675497,0,11160.716663107014,1.8545229324497536,22.459427953311014,36,1,2
13.855888543977146,1.8533058198750556,1,60368.46454862805,9.107813044944038,0.10396794047429081,79,1,0
11.459793209134734,2.636868650363576,1,10726.504420089228,1.3200113412128145,5.612412374446146,31,1,1
31.505212303376663,3.309902345594275,0,104408.23275234648,9.450317868681934,2.7704702740298393,6,2,2
47.8151042739233,2.257306048240279,0,3309.459787706256,1.149476568656793,22.613633515360696,31,0,0
12.661255962035213,4.085947439999931,1,29777.876645395725,9.99530080217316,65.78645953071572,0,2,2
14.469247454197522,0.64579729965193,0,18438.21071325166,8.237066789544835,79.47450167999752,13,0,2
47.17502120811803,0.8380067854972506,0,22833.231045278822,1.572146470832575,22.459427953311014,31,0,2
17.411665933006965,3.8652692121429384,1,109099.61922651132,9.134372579829721,1.6436552825669661,6,2,0
15.876277638997763,3.3096793847841703,1,10303.06453356913,1.2912279203861698,60.191781817049126,32,0,2
17.194942301232338,3.051824623081507,1,22415.573599574716,1.2912279203861698,72.58675017678546,29,0,2
16.289003741181038,2.6135059664791855,1,18465.782387350715,5.684174844051588,79.41392052207708,40,1,2
17.886806436983765,4.581902784729302,1,10726.504420089228,9.412344168624413,5.612412374446146,29,2,1
11.207292610866032,0.41616762096568255,0,18631.3326007966,8.448745144396984,58.70868308966661,37,1,2
27.324700077282788,3.9032634922271967,1,104713.15801548303,9.134372579829721,22.690384456462226,6,2,2
45.91538730973613,2.1599650685612817,0,104949.29367648358,1.6436879363060697,54.64729387047358,31,0,1
12.840982800136715,4.226249371863505,0,1629.1927389924022,0.5467142866291432,7.018971540182015,45,1,0
27.68442677372339,2.275688977138687,1,22068.822713143007,3.7645290854929536,77.1006869841776,42,0,2
16.66406746337205,1.2175646729104008,1,10777.35210461174,1.6310675796786436,72.9567582122751,38,1,2
42.422495382195,1.8443470630831267,0,6783.493994689801,6.182643961485974,71.26535057114563,32,1,1
12.252878459807286,3.372549049070021,0,89808.57273227382,6.041668152508095,102.43596175708687,43,1,2
46.63665264161527,0.8415659545910034,0,10710.212017495704,1.572146470832575,87.97617123014973,31,0,0
10.676346408831044,2.689433672032659,1,20568.56199569958,5.684174844051588,61.003222698954495,85,2,0
11.664159455243258,3.1572571158067744,0,36344.68534696242,2.120357525945431,76.54278405862821,80,0,2
15.664201559285711,0.6566086595855517,1,4400.314767849565,7.501995419839833,82.82136159451734,31,2,2
11.183792191727735,2.696965161595364,1,21630.848592939117,1.3200113412128145,77.90536375332115,31,1,1
12.930860773237683,4.095137502578799,0,60320.91175282979,2.4373215154815133,7.245773312997405,21,1,1
15.762234726964351,3.051824623081507,1,22474.004392239156,1.2912279203861698,60.45526745019607,32,0,2
12.615700961775108,1.2752113169199089,1,10159.589456495418,7.110947861278594,60.365157542220565,27,2,2
11.733200400151834,4.085947439999931,0,31262.285610725492,9.99530080217316,59.371295367229244,3,0,1
28.20794786121703,3.8077155413857793,1,104408.23275234648,9.134372579829721,2.9306379487415946,35,2,0
12.601429541169633,0.8311800148136272,0,36110.47001158685,2.408538094762898,87.6929056628405,32,0,2
17.414175647374595,3.051824623081507,1,28472.137430802006,1.3116202164901758,72.56669171085142,29,0,2
19.77127312016541,4.578018241426948,0,3856.2222719978986,9.187932964120993,22.613633515360696,29,0,0
10.667621439146941,2.660964744027603,1,11008.879770654788,5.684174844051588,61.003222698954495,93,2,1
49.45498268563117,0.8380067854972506,0,11160.716663107014,1.572146470832575,22.613633515360696,29,2,0
14.469247454197522,0.9263264911942208,1,18438.21071325166,2.274013998464353,80.48483843585443,8,0,2
12.29043962930505,3.9032634922271967,1,16804.276918354466,9.864161010654247,22.690384456462226,6,2,2
13.86250371081007,1.9088355992214165,1,1107.081329163033,8.622801003318182,2.9306379487415946,3,1,0
12.686739424321416,0.2397841101543946,1,21752.50592594156,7.501995419839833,72.6726567249891,27,2,2
31.616700751899547,2.1648103485806813,1,11164.478547418777,4.090457461347547,5.003979867622839,47,0,2
16.592037039180195,2.862034635421161,0,36720.94018294032,0.5035103450094356,19.297107998279774,45,1,0
15.861371249319049,3.3096793847841703,1,10140.344129501897,1.2912279203861698,72.3232645436385,32,0,2
16.66406746337205,0.5794268396923339,1,10777.35210461174,1.6310675796786436,65.80049282239416,38,1,2
47.395271031971575,0.9029627620518805,0,11677.37124400501,2.056228272816336,22.459427953311014,29,1,2
45.71653229294827,1.1775000259811041,0,4247.536733533447,1.572146470832575,20.601817672686167,5,0,0
46.63665264161527,3.245468427354343,0,22512.65204790754,1.572146470832575,46.4483101101974,0,0,0
25.619955046799628,3.8302365273780588,1,110910.6793316597,0.18349843888778572,68.73800186519017,5,2,0
45.883655658723576,2.253752737311036,1,10179.74593819583,1.6023422282782405,5.612412374446146,31,2,1
15.648602195697663,0.2397841101543946,1,22167.80882530077,7.501995419839833,61.9898100786032,29,1,2
19.205991732695786,4.581902784729302,1,10726.504420089228,9.412344168624413,5.612412374446146,30,0,1
12.601429541169633,3.2350727582403365,0,10303.06453356913,7.506374560430222,59.181445061182046,34,0,2
27.701351045602774,4.085947439999931,1,116474.51422745563,9.136649853520455,65.78645953071572,0,2,2
11.474746591655496,3.100589232831929,0,85447.69473456028,3.4625979908875015,11.385009420920596,59,2,2
30.512653289907927,2.1648103485806813,0,22068.822713143007,4.090457461347547,77.1006869841776,42,0,2
13.835900473642262,2.2094904372260853,0,104949.29367648358,1.6443560511837718,51.167719423687046,36,1,1
12.510043288810966,3.229975567204406,1,30088.401392788164,2.7892575651252227,17.474583332718442,93,1,1
43.098088742929995,4.5893189443366245,1,4575.209153089581,6.158232014585079,72.9567582122751,38,2,2
15.696708677080116,0.2397841101543946,1,22167.80882530077,7.501995419839833,72.6726567249891,27,2,2
38.86053581225951,0.44821839284065246,1,94681.38506175799,6.831094491346867,112.20234802883577,88,2,1
27.57293832520051,3.8077155413857793,1,104408.23275234648,9.134372579829721,2.7704702740298393,6,2,2
30.108596249285725,2.298486767299776,0,115579.68532523664,5.115575407572709,16.353425980550092,44,2,1
30.327626427430655,3.8857661904485266,0,96558.6090580307,6.99170490384291,39.37551683211469,31,1,2
16.68853014946474,2.696965161595364,0,36768.08422459494,2.4373215154815133,19.608635300091294,3,1,1
12.552312971654317,2.3093100736778753,0,66459.3141492908,0.37643435634396205,10.240154544274436,72,2,0
35.51605027207408,4.770873856067428,1,84039.90169827553,6.180004823335267,9.78297806762216,100,1,0
14.110650592566962,1.8418878058822323,1,6701.024744332144,0.20360871803658198,68.71794339925613,78,1,0
12.601429541169633,3.2350727582403365,1,10303.06453356913,1.2912279203861698,60.191781817049126,32,0,2
11.81537805566521,2.717379246478729,0,85694.22677418408,1.2239707637145825,13.096847912640284,54,1,0
34.13814827128601,0.5550538216183559,1,41046.11007151909,3.977145333940145,23.78343650452996,85,1,1
47.82332287273184,0.8380067854972506,0,11160.716663107014,1.572146470832575,22.613633515360696,31,0,0
31.626102684130956,4.085947439999931,0,60273.767711115885,9.513367811561274,59.371295367229244,42,1,1
10.617098798588769,2.6135059664791855,1,11008.879770654788,5.684174844051588,61.003222698954495,92,1,1
33.219229502854546,3.394474731920148,0,80654.03972830794,5.97619983336148,81.70234887777247,19,1,2
29.122609228919526,2.2696818797591973,1,10144.001824866771,9.102528982246731,81.55966141250626,93,1,0
37.503250522341844,4.248986017426412,1,117062.92535082613,7.67987814849443,108.00401928092852,68,2,0
14.718789847716769,4.260080450980395,0,98729.2983902866,9.756049603986115,47.197950157899136,44,1,1
36.959215189236275,2.1525997799585666,1,24455.342291909372,4.827867243179665,17.185366320176637,79,2,1
47.275586924116176,0.6457964312449388,0,18438.21071325166,8.72365013313438,79.47450167999752,41,0,2
18.72180807933432,4.154515561848109,0,85276.03596680886,9.689972315847292,118.63188989795674,36,1,1
48.02787164120575,2.4951556275802753,0,28207.75223307373,6.216473375504061,31.023639121482912,61,2,1
34.16393009516811,2.783276544563447,1,104082.4239510244,9.578271362147223,75.09959224681606,93,2,2
43.764004993645706,2.5413597870971993,1,90328.42284648074,7.795099811538492,35.55799005024177,72,2,1
30.4343645810691,2.783276544563447,1,102030.56834801473,9.578271362147223,75.09959224681606,90,2,2
31.626102684130956,4.085947439999931,0,59997.50911567475,9.513367811561274,58.75912667697873,42,1,1
15.696708677080116,0.2397841101543946,0,23033.854531333138,7.501995419839833,72.6726567249891,45,2,2
32.95087366213538,2.5413597870971993,1,90584.55206792442,6.573914252194752,35.55799005024177,74,2,1
47.69448958901806,2.1644559915253465,0,29601.458855756486,9.102528982246731,83.50353977609397,96,1,0
35.720098470808566,4.770873856067428,1,84039.90169827553,6.180004823335267,16.540147061543,36,1,1
11.474746591655496,2.163682348962048,0,83572.54599089369,3.4625979908875015,17.226350912956946,59,2,2
11.81537805566521,2.717379246478729,0,92112.00778350022,1.2239707637145825,13.096847912640284,54,1,0
44.11914688528563,3.089924075951443,1,30088.401392788164,6.002255608873041,71.17888281309914,92,1,2
14.500966126855593,1.6041421184303166,0,11160.716663107014,1.727949773561236,6.52033674017291,31,0,0
10.617098798588769,2.589309642418089,1,11008.879770654788,5.684174844051588,68.65799061717306,92,1,1
17.2728155508044,3.227300137840089,0,10303.06453356913,2.426693075101849,60.191781817049126,2,0,2
34.03311519158124,3.8077155413857793,1,104408.23275234648,9.004104692054623,2.7704702740298393,6,2,2
38.86053581225951,0.4021696104010357,1,116270.80096454949,7.0238736735598835,112.20234802883577,68,2,0
20.332627829120515,3.464684264806026,0,85813.08532631648,6.902612134850094,115.86997282574245,36,1,1
34.242218804006946,2.1648103485806813,0,24115.51995248923,4.090457461347547,75.17234332328404,39,0,2
47.275586924116176,0.6457964312449388,0,18714.495899597267,8.72365013313438,80.0866703702399,41,0,2
14.718789847716769,4.260080450980395,1,98729.2983902866,9.756049603986115,47.197950157899136,26,1,1
44.032358600383944,3.394474731920148,0,80397.91050686422,5.854406883062909,81.70234887777247,17,1,2
33.095724003438136,2.4951556275802753,1,8750.332490391,6.216473375504061,30.533357590188338,60,2,1
29.904548050551174,1.8581651343750523,0,115579.68532523664,5.115575407572709,16.353425980550092,100,2,0
36.959215189236275,3.0895066638283737,1,24455.342291909372,4.827867243179665,11.344024828141437,79,2,1
16.64274151360977,2.2094904372260853,0,104949.29367648358,1.6443560511837718,70.00711032177546,36,1,1
12.781460080761034,4.728853014344199,1,19116.704181201138,2.9452339783678174,19.25278566810089,43,2,1
45.85348423393154,0.8682278368969798,0,66459.3141492908,0.37643435634396205,22.872740404293847,65,2,0
14.110650592566962,1.8660841299433364,1,16295.344414345487,0.20360871803658198,61.06317548103757,78,1,0
12.0171620616025,2.101426738351094,1,36768.08422459494,1.3018563608774674,19.608635300091294,36,1,1
27.677971404905243,0.7330608153311946,1,41046.11007151909,4.106665881815363,23.78343650452996,84,1,1
38.617210127320256,4.29854750851444,1,95465.65425851621,6.363214737677782,108.00401928092852,88,2,1
30.04742214669067,4.0614781396724275,0,96021.55969852244,9.771885577435723,41.33819252190345,31,1,2
16.68853014946474,2.7182619951189606,0,37219.49611418642,1.7703252085900285,22.922178621482313,3,1,1
27.57293832520051,3.5890653276128326,0,104408.23275234648,9.134372579829721,16.69557989608304,2,2,1
40.51905616686217,2.165097577466725,0,25165.285528153843,4.079253644530403,4.727284266760587,32,0,0
12.781460080761034,4.728853014344199,1,17204.436476824972,2.9452339783678174,19.25278566810089,43,2,1
12.059963076377112,2.1065448286371637,1,36768.08422459494,1.3018563608774674,17.559740679328172,36,1,1
31.626102684130956,4.085947439999931,0,13022.570124500879,9.952204748771642,58.75912667697873,42,1,1
14.500966126855593,1.712023255972038,0,11160.716663107014,1.4168929809563515,5.37999878816272,30,1,0
10.672277983525985,2.5658350197471957,1,11008.879770654788,5.838851749728105,68.76626001104373,86,1,1
46.492112324088396,0.6516846673035805,0,22668.397525002318,8.766519584013718,72.63600512177472,41,0,2
43.098088742929995,3.214917931270048,1,10328.784612006253,1.3305734221912733,61.095476782390556,38,0,2
42.297415543968604,0.2397841101543946,1,22167.80882530077,7.494398877851582,65.94958426217214,27,2,2
47.59850657900108,0.6457964312449388,0,18438.21071325166,1.706032479925765,79.01761772309825,41,0,2
17.25208421388649,3.2187965987817995,0,5817.007891901819,2.426693075101849,61.87938456626712,35,0,2
19.185205410897964,2.4951556275802753,1,9561.193090514222,6.216473375504061,26.893967711600716,60,2,1
47.82332287273184,0.8167118562962812,0,10709.351319146474,2.520851124475194,19.300090193969677,31,0,0
31.626102684130956,4.085947439999931,1,60273.767711115885,9.513367811561274,62.683439660714996,42,1,2
12.552312971654317,2.3090228447918313,0,66507.52600054913,0.3906848850298754,73.55962883580207,72,2,2
30.04742214669067,4.0614781396724275,0,97938.72681553083,9.771885577435723,41.33819252190345,31,1,2
16.599943612903957,2.2043723469400156,0,104949.29367648358,1.6443560511837718,72.05651523944954,36,1,1
13.348602647110575,1.8418878058822323,1,58490.967070804894,0.01601527423769422,68.71794339925613,78,1,0
34.03311519158124,4.034005749449233,1,104408.23275234648,9.004104692054623,2.7704702740298393,6,2,2
14.718789847716769,4.152167524931333,1,98729.2983902866,9.873299733690324,48.36853390470462,26,0,1
14.05589006998406,1.8895587526142321,1,16295.344414345487,0.13338551084853334,65.99631994000192,78,1,0
16.294662270600334,0.2338959278290154,0,19079.952905928087,7.459125967501931,80.12332197345428,45,2,2
12.601429541169633,4.60944945076136,1,17781.51686760941,6.118968967860804,72.05306324693369,32,2,2
17.43199185473403,3.394474731920148,0,80397.91050686422,5.862003425045939,81.70234887777247,19,1,2
11.595122987630273,2.717379246478729,0,85694.22677418408,8.241760961501711,13.558729807930582,54,1,0
20.353359166038473,3.473187803864316,0,85813.08532631648,6.902612134850094,114.09063709577192,3,1,1
32.632327303441215,4.154515561848109,0,78413.2174100464,9.689972315847292,119.22412925131277,27,1,1
11.986350672199338,2.040088211113518,1,36768.08422459494,1.3018563608774674,19.608635300091294,40,0,1
12.059963076377112,2.5505916513165774,1,36768.08422459494,1.5642724912684103,22.94849314160831,36,1,1
10.926878045936972,2.040088211113518,1,36768.08422459494,1.476209316129515,19.608635300091294,40,0,1
14.718789847716769,4.268718464675436,1,98729.2983902866,9.873299733690324,48.36853390470462,26,0,1
19.185205410897964,3.2077043279678072,1,9561.193090514222,6.216473375504061,31.505263919076427,60,2,1
12.781460080761034,4.728853014344199,1,19116.704181201138,2.9452339783678174,15.427541441332483,2,2,1
14.500966126855593,1.6041421184303166,0,11160.716663107014,1.2926602584273752,60.39096685096398,41,0,0
12.561592904851503,3.204254266149252,1,17876.734840070993,2.959819284751691,19.25278566810089,43,2,1
14.000564096464752,3.066129607113343,0,36616.471871145666,2.444680693191374,61.63035104994756,6,1,1
43.098088742929995,4.4171552895267645,1,4575.209153089581,6.141625810796714,66.08582793472138,38,2,2
12.0683254540554,0.19739452106531885,1,22261.74897557235,7.6331839938040975,70.62340816674725,27,2,2
12.9961188012404,2.693907527461574,1,16172.417440918543,2.366741689547432,66.12439273098694,78,1,0
43.098088742929995,3.214917931270048,0,10287.097639251311,9.578532957293904,58.96538253220138,38,0,2
14.500966126855593,1.712023255972038,0,11160.716663107014,0.21497945819637843,5.37999878816272,30,1,0
10.022464944197129,2.4988292311064724,1,11008.879770654788,5.684174844051588,67.46286183606708,89,1,1
15.264998208967105,0.8380067854972506,0,11160.716663107014,0.30902562192207994,22.613633515360696,31,0,0
16.68853014946474,2.152134567178556,0,37219.49611418642,1.7784776121781336,17.53342615920218,3,1,1
41.99625232578582,2.165097577466725,0,25165.285528153843,3.904901651895096,4.727284266760587,32,0,0
14.620350371933597,3.856817114209,1,98729.2983902866,9.756049603986115,47.197950157899136,26,1,1
15.81629223192305,1.8659399316123177,1,6701.024744332144,0.20360871803658198,68.71794339925613,78,1,0
20.95028668690889,3.473187803864316,0,85813.08532631648,6.902612134850094,114.09063709577192,44,1,1
12.601429541169633,3.2350727582403365,1,10303.06453356913,1.7265174355200308,16.177929724018128,32,0,2
17.471952866158244,4.743092309471362,0,5817.007891901819,2.4121077687179753,66.41689343370612,35,0,2
16.79861664559816,1.8467015168027179,1,16295.344414345487,0.19912995470406902,19.0414924554442,72,1,0
36.43597592611867,0.2397841101543946,1,22167.80882530077,7.511005081639324,72.82051453972585,27,2,2
15.645545686156957,2.1462914190661655,1,36674.144074369666,1.1717076952647636,19.523837129012932,36,1,1
17.265635961711407,3.227300137840089,0,10425.99150700022,0.19942465574817247,60.063709026064096,2,0,2
31.626102684130956,4.085947439999931,1,13064.25709725582,1.5700014487963934,60.889220927167905,42,1,1
47.82332287273184,0.8167118562962812,0,10709.351319146474,2.520851124475194,19.300090193969677,19,0,0
49.82965402505802,0.7362847707030679,0,18438.21071325166,8.72365013313438,81.52922071325962,44,0,2
45.137435036963765,4.60944945076136,1,17781.51686760941,6.118968967860804,72.05306324693369,32,2,2
15.295082009133854,1.5663660041495695,0,25165.285528153843,4.495566245717926,0.4386932765756688,31,0,0
14.718789847716769,0.9257135683175853,0,98729.2983902866,2.444598838331287,48.36853390470462,23,0,1
12.601429541169633,4.408832032299255,1,17781.51686760941,6.136105810976096,77.9420301585288,32,2,2
11.700486759381757,2.097013137036897,1,19943.8126576728,5.684174844051588,67.69982019332913,92,1,1
47.82332287273184,4.412775886496717,0,11160.716663107014,2.918854763100343,22.613633515360696,31,0,0
12.919647665705915,4.728853014344199,1,22470.45283366988,1.7804851402465869,74.30130720352147,45,2,1
12.062551474200854,2.5505916513165774,1,36768.08422459494,1.5642724912684103,22.748966082107152,40,1,1
14.500966126855593,1.6041421184303166,0,15861.3463526146,2.1154645111552695,61.238164145145035,41,0,0
10.926878045936972,2.040088211113518,1,36768.08422459494,3.0104220567974025,19.608635300091294,4,0,1
47.62225164889968,0.8167118562962812,0,10709.351319146474,2.520851124475194,20.063515578139178,19,0,0
19.971004060827966,2.1703803735957874,0,9466.596920294873,2.4869719619138086,27.051772715180128,60,2,1
15.264998208967105,0.8380067854972506,0,91404.93601087104,0.30902562192207994,26.057025422004514,31,0,0
42.04483192943368,0.20988163633948909,1,22167.80882530077,2.441156466190696,59.9797267082746,27,0,2
15.685591799879447,3.2556530683232516,1,10328.784612006253,1.2901331693209555,61.095476782390556,3,0,1
48.05113257331611,2.9807012312056216,0,18438.21071325166,8.72365013313438,79.69100028448555,41,0,2
39.728177018976595,2.2028736917474805,0,11160.716663107014,1.680547492418567,6.57681982510886,32,0,0
47.82332287273184,4.316983232734854,1,10709.351319146474,9.334142444253757,19.300090193969677,31,0,0
41.99625232578582,2.069405265867264,0,24817.705580109257,4.215391766091683,4.727284266760587,32,0,0
12.0171620616025,2.5937232437322857,1,36768.08422459494,1.3018563608774674,19.608635300091294,36,1,1
12.781460080761034,1.1477203987014264,1,19116.704181201138,1.5985256862095683,15.427541441332483,2,2,1
15.558521093709999,0.2397841101543946,1,16901.792468455867,7.532210750597281,21.3165379604049,20,2,2
11.983762274375598,1.9950928188851207,1,36768.08422459494,1.3018563608774674,19.80816235959245,36,0,1
12.776693859408992,3.2350727582403365,1,11136.494100995276,1.2880631297264096,15.33102279811726,32,0,2
14.000564096464752,3.0312279300834386,0,36616.471871145666,2.2682607087196853,61.63035104994756,42,1,1
17.40986659656867,3.227300137840089,0,10425.99150700022,0.4126053135133132,59.300298027064734,2,0,2
17.25208421388649,3.2187965987817995,1,5911.6040621303755,6.112089127860112,61.87938456626712,35,0,2
14.718789847716769,4.152167524931333,1,13442.572664872127,9.873299733690324,48.36853390470462,21,0,1
17.525472152251353,3.265639205026912,0,10303.06453356913,7.4799358641451414,66.16163937094666,2,2,2
44.10156723060693,2.6562300245421593,0,36768.08422459494,2.4777617686470954,19.608635300091294,38,1,2
11.843756931189159,0.9002180590540234,1,10303.06453356913,1.2912279203861698,59.97528321255911,32,0,2
11.474746591655496,3.100589232831929,0,85447.69473456028,3.4625979908875015,11.385009420920596,59,2,2
30.512653289907927,2.1648103485806813,0,22068.822713143007,4.090457461347547,77.1006869841776,42,0,2
13.835900473642262,2.2094904372260853,0,104949.29367648358,1.6443560511837718,51.167719423687046,36,1,1
12.510043288810966,3.229975567204406,1,30088.401392788164,2.7892575651252227,17.474583332718442,93,1,1
43.098088742929995,4.5893189443366245,1,4575.209153089581,6.158232014585079,72.9567582122751,38,2,2
15.696708677080116,0.2397841101543946,1,22167.80882530077,7.501995419839833,72.6726567249891,27,2,2
38.86053581225951,0.44821839284065246,1,94681.38506175799,6.831094491346867,112.20234802883577,88,2,1
27.57293832520051,3.8077155413857793,1,104408.23275234648,9.134372579829721,2.7704702740298393,6,2,2
30.108596249285725,2.298486767299776,0,115579.68532523664,5.115575407572709,16.353425980550092,44,2,1
30.327626427430655,3.8857661904485266,0,96558.6090580307,6.99170490384291,39.37551683211469,31,1,2
16.68853014946474,2.696965161595364,0,36768.08422459494,2.4373215154815133,19.608635300091294,3,1,1
12.552312971654317,2.3093100736778753,0,66459.3141492908,0.37643435634396205,10.240154544274436,72,2,0
35.51605027207408,4.770873856067428,1,84039.90169827553,6.180004823335267,9.78297806762216,100,1,0
14.110650592566962,1.8418878058822323,1,6701.024744332144,0.20360871803658198,68.71794339925613,78,1,0
12.601429541169633,3.2350727582403365,1,10303.06453356913,1.2912279203861698,60.191781817049126,32,0,2
11.81537805566521,2.717379246478729,0,85694.22677418408,1.2239707637145825,13.096847912640284,54,1,0
34.13814827128601,0.5550538216183559,1,41046.11007151909,3.977145333940145,23.78343650452996,85,1,1
47.82332287273184,0.8380067854972506,0,11160.716663107014,1.572146470832575,22.613633515360696,31,0,0
31.626102684130956,4.085947439999931,0,60273.767711115885,9.513367811561274,59.371295367229244,42,1,1
10.617098798588769,2.6135059664791855,1,11008.879770654788,5.684174844051588,61.003222698954495,92,1,1
33.219229502854546,3.394474731920148,0,80654.03972830794,5.97619983336148,81.70234887777247,19,1,2
29.122609228919526,2.2696818797591973,1,10144.001824866771,9.102528982246731,81.55966141250626,93,1,0
37.503250522341844,4.248986017426412,1,117062.92535082613,7.67987814849443,108.00401928092852,68,2,0
14.718789847716769,4.260080450980395,0,98729.2983902866,9.756049603986115,47.197950157899136,44,1,1
36.959215189236275,2.1525997799585666,1,24455.342291909372,4.827867243179665,17.185366320176637,79,2,1
47.275586924116176,0.6457964312449388,0,18438.21071325166,8.72365013313438,79.47450167999752,41,0,2
18.72180807933432,4.154515561848109,0,85276.03596680886,9.689972315847292,118.63188989795674,36,1,1
48.02787164120575,2.4951556275802753,0,28207.75223307373,6.216473375504061,31.023639121482912,61,2,1
34.16393009516811,2.783276544563447,1,104082.4239510244,9.578271362147223,75.09959224681606,93,2,2
43.764004993645706,2.5413597870971993,1,90328.42284648074,7.795099811538492,35.55799005024177,72,2,1
13.488588221964152,2.298486767299776,0,115314.5502632993,5.115575407572709,16.353425980550092,38,2,1
14.110650592566962,1.8418878058822323,1,21967.342379608985,0.20360871803658198,68.46267799127848,78,1,0
15.696708677080116,0.2397841101543946,1,23033.854531333138,7.501995419839833,72.6726567249891,25,2,2
28.749997781397305,2.5413597870971993,1,92450.63900055511,7.89388452224454,35.55799005024177,94,2,0
36.528576018490114,2.047374455359181,0,90153.43974158578,4.827867243179665,17.408478429626506,84,2,1
48.48607316024518,2.4951556275802753,0,28207.75223307373,6.216473375504061,37.780808115397846,53,2,1
37.503250522341844,0.4946258441971334,1,115187.77660714975,7.67987814849443,112.23201289206224,68,2,0
33.219229502854546,3.394474731920148,0,87078.99899164119,5.97619983336148,81.70234887777247,19,2,2
35.394956557695295,2.677729843401054,1,104082.4239510244,9.557719785299868,72.78186941444369,10,2,2
32.464892084055265,3.3402708797939997,0,18438.21071325166,8.869153182112015,54.50367380320498,41,0,2
34.13814827128601,2.5489572326466376,1,41046.11007151909,3.977145333940145,60.713979598898575,85,1,1
49.87523735919356,3.200448653274107,0,11160.716663107014,1.5695413379902499,22.613633515360696,32,0,0
16.610567346068567,2.696965161595364,0,36768.08422459494,2.4068489735208805,19.608635300091294,3,1,1
14.718789847716769,3.8808260923061515,0,98653.23549394289,9.825326928765916,47.197950157899136,44,1,1
20.641014906045413,3.8994876472945412,1,8633.506399810882,6.0416192128381265,117.20502862952702,38,2,2
30.457506617457884,2.2094904372260853,0,105214.41890459636,1.6443560511837718,49.23939519111094,36,1,1
30.512653289907927,2.1648103485806813,0,6802.515962076119,4.090457461347547,77.35595239215526,42,0,2
12.510043288810966,3.229975567204406,1,30088.401392788164,2.7892575651252227,17.474583332718442,95,1,1
44.13657337991434,2.2696818797591973,1,8146.922196495536,7.6607657419635276,81.55966141250626,71,1,1
15.628619787309503,3.100589232831929,1,19751.18369152399,3.4625979908875015,12.615483098385585,58,2,2
35.04392150269955,4.3305490958091255,1,84039.90169827553,6.180004823335267,9.78297806762216,100,1,0
38.86053581225951,4.204271057952448,1,94681.38506175799,6.831094491346867,107.97435441770037,88,2,1
15.359154011621824,2.3093100736778753,0,66459.3141492908,0.37643435634396205,29.079548288599366,72,1,0
27.6223152723548,3.913262239211316,1,116083.2003104947,9.15492415642573,5.438837964090212,92,2,2
46.434961115741686,0.7167725498347544,0,60273.767711115885,9.513367811561274,79.89547295714488,35,1,1
10.617098798588769,0.6196329079521784,1,20603.199440668133,5.684174844051588,24.07268069327881,92,1,1
10.179286827684518,0.31584264421327946,1,10303.06453356913,1.293833053228495,60.191781817049126,34,0,2
11.893350826486019,2.8953855206286865,0,85694.22677418408,1.2544433060563314,13.096847912640284,53,1,0
31.442160334509275,4.265020549122677,0,96634.67195437441,5.675041493110193,39.37551683211469,31,1,2
42.50928533137984,4.326272569065602,0,81434.62928952585,9.788050133257041,74.08782949124294,36,1,1
33.30230981804611,1.9911007030912384,1,81501.24919215421,6.35965744585092,68.71794339925613,78,1,0
45.996136883879835,2.877372201804585,1,4406.875678150567,1.2912279203861698,74.1168596739647,38,0,2
39.49697492651204,3.394474731920148,0,60327.04972750558,6.063891205966902,72.41591926576027,18,2,2
30.457506617457884,2.2094904372260853,0,105214.41890459636,1.6443560511837718,49.23939519111094,35,2,1
47.82332287273184,0.8380067854972506,0,12057.16677218036,1.572146470832575,17.522132091035303,35,0,0
16.68853014946474,2.6769476578653473,0,41560.814305244385,9.339715054526515,19.608635300091294,3,1,1
29.821630289942,2.047374455359181,0,28013.12843575288,4.012185624149691,17.408478429626506,84,2,1
16.653460946255016,3.9119199314761373,0,37722.85679343763,2.4068489735208805,19.608635300091294,3,1,1
20.62970433463707,3.9515921568894576,1,22364.091458685583,6.165180315823713,116.26193925329048,21,2,2
44.026421313166864,2.2777096509446317,1,18591.372776018663,7.655993018475488,81.55966141250626,71,0,1
42.25097058914807,2.7347610716744235,0,81434.62928952585,9.788050133257041,66.56425730480188,36,1,1
49.52552380986229,3.200448653274107,0,11160.716663107014,1.5695413379902499,54.88930598406921,41,0,0
13.95086555608599,2.2156239192298415,1,11282.286983885162,1.6443560511837718,12.354564536584675,36,1,2
18.72180807933432,2.365238145084936,0,85276.03596680886,0.5138960665638104,13.835430055012928,36,1,1
14.028843060805377,3.2452618344633373,0,6004.982061206902,0.1662263924869274,81.70234887777247,20,1,2
10.58724169669896,4.727870364216421,1,10471.398104412492,6.158232014585079,76.26877554278317,32,2,2
46.434961115741686,0.7167725498347544,0,88122.28273063674,9.424596294059784,79.89547295714488,36,1,1
27.57293832520051,3.8077155413857793,1,104408.23275234648,9.134372579829721,2.7704702740298393,7,1,2
12.510043288810966,3.229975567204406,1,29191.952350590982,2.7892575651252227,22.56608475704384,91,1,1
34.523631998319175,2.697747347131071,1,104082.4239510244,2.6386201441702264,72.78186941444369,10,2,2
37.21959901844665,2.3923333198265384,0,84209.3962017469,4.906139080377521,77.1006869841776,42,0,2
31.58321862261824,2.870992646406553,0,59318.995142321095,9.513367811561274,59.371295367229244,42,1,1
10.179286827684518,0.31584264421327946,1,10303.06453356913,1.293833053228495,65.23319690654276,34,0,2
15.557166443847581,0.20386995792288198,1,8437.224712879197,7.378434316853356,73.51103609505299,38,2,2
47.38573896464408,0.6377716084294737,0,21225.787993822123,8.728422856554252,79.47450167999752,41,1,2
11.183059198351632,4.205015334030674,1,11008.879770654788,5.684174844051588,61.803722412601545,85,1,1
32.54516602167845,3.3402708797939997,0,18438.21071325166,8.869153182112015,22.22800205525506,32,0,2
15.513654704865841,3.094455750828139,0,107944.91471338569,3.4625979908875015,51.42892479428717,58,2,1
12.552312971654317,4.098586672243255,0,60362.97966577391,9.541030335971605,113.85855694695726,72,2,0
17.296438928924367,0.6343037386018262,0,36768.08422459494,2.4373215154815133,19.608635300091294,45,0,1
13.995682641813293,2.2097153614406078,1,104408.23275234648,9.134372579829721,1.5880689183324659,7,1,2
10.142938200062774,0.8149846809644461,1,30088.401392788164,2.7892575651252227,17.474583332718442,94,1,1
16.219387209387573,2.696965161595364,0,36768.08422459494,2.4373215154815133,19.608635300091294,45,1,2
10.005996784421159,0.31584264421327946,1,10303.06453356913,2.4220771110354162,67.18156104613699,34,0,2
14.141489041826148,0.25284386911402035,1,23033.854531333138,0.19261744813156856,65.79155923959381,79,2,2
43.18746029773117,3.153697375090918,1,4575.209153089581,6.1655762471995486,77.95720545280778,38,2,2
16.68853014946474,2.6769476578653473,0,41560.814305244385,9.339715054526515,19.608635300091294,34,1,1
49.760229530300755,3.1982742911011686,0,13743.64285530561,3.6736028852685023,31.992254599475665,32,2,0
46.243676290707725,0.7167725498347544,0,60330.492714351596,9.518522981523581,79.64797952663957,36,2,1
30.457506617457884,2.2094904372260853,0,14780.923464788895,1.2992978881309645,47.624045600948456,36,1,1
15.628619787309503,3.070674654960945,0,53415.87905418242,3.457028035521007,12.615483098385585,58,2,2
21.989956532145058,3.900262672009749,1,104408.23275234648,9.134372579829721,117.32926049376871,6,2,2
15.804256466879588,2.2777096509446317,1,18591.372776018663,7.655993018475488,81.55966141250626,71,0,2
47.275586924116176,0.745439365336424,1,18438.21071325166,0.10568264302133112,79.47450167999752,41,0,2
20.366378325475246,0.4117745911070092,1,10303.06453356913,2.058967416300888,111.20924684573781,34,0,2
27.52826134626676,3.8136240855305834,1,11282.286983885162,2.6114285775116866,12.354564536584675,36,1,2
47.82332287273184,3.2530109698236593,0,11160.716663107014,1.7174695247519745,22.613633515360696,31,0,0
30.512653289907927,2.1648103485806813,0,22068.822713143007,4.090457461347547,77.1006869841776,1,0,1
15.975947213547066,3.9119199314761373,0,37722.85679343763,1.278604915880577,17.660514178275164,3,1,1
19.03508432677022,1.847166087772111,1,6701.024744332144,7.592646984134004,63.74494012829735,24,1,0
49.42508046735417,4.622746407593548,0,11160.716663107014,0.9929900254292905,55.005554419806785,41,0,0
10.58724169669896,4.727870364216421,1,10471.398104412492,6.158232014585079,76.26877554278317,2,2,2
14.774832635098555,3.096630113001077,0,105373.71686124596,1.7366627069923872,51.87484829372569,58,0,1
39.68825849722908,3.394474731920148,0,60270.32472426987,6.057606536091313,72.66341269626557,12,1,2
12.601429541169633,3.2350727582403365,1,100778.21863698933,1.6362860834389772,57.646307444471205,32,0,2
16.610567346068567,2.7268797394663475,1,20113.431784437726,2.412418928887395,19.608635300091294,3,1,1
20.36273463532566,3.806940516670572,1,8633.506399810882,6.0416192128381265,2.6538750577532753,38,2,2
43.91926524423979,0.2397841101543946,1,22167.80882530077,7.501995419839833,72.6726567249891,27,2,1
45.996136883879835,2.7777505838702132,0,4406.875678150567,9.89878510599625,74.1168596739647,38,0,2
10.548311666957247,3.9515921568894576,1,22364.091458685583,6.0620996607253375,59.17648643748531,21,2,2
10.179286827684518,0.31584264421327946,0,36376.48898711657,1.2879583030605986,59.61789855542058,33,0,2
13.973616301990782,2.566703622122862,1,11282.286983885162,1.6443560511837718,72.49430108859228,36,1,2
16.653460946255016,1.9125793484206994,0,33898.523150768175,3.5302135980943694,19.06361653475028,3,1,1
47.82332287273184,0.33027194888180644,0,11160.716663107014,2.449997307807938,30.977166791764176,34,0,0
20.62970433463707,3.9515921568894576,1,30794.28209503906,6.165180315823713,116.26193925329048,6,2,2
47.90417037567936,2.162875729703054,0,10051.92542870302,1.6427179504334855,22.613633515360696,31,0,0
10.618367956654858,3.9515921568894576,1,24792.964350735154,6.035386904331999,60.87376126139033,20,2,2
49.86085242507691,3.200448653274107,0,17858.89119708408,1.5695413379902499,22.328809964529928,35,0,0
15.975947213547066,3.9119199314761373,0,36463.76761717204,1.2898438573389597,57.15934941149102,45,1,1
44.391975194620166,2.274544470817161,1,18882.81060170677,7.655993018475488,78.32142812072799,74,0,1
18.517106028271368,2.6769476578653473,0,41560.814305244385,9.339715054526515,84.73225451912192,30,0,2
47.275586924116176,0.745439365336424,1,20145.531881004503,0.05002193215277351,79.47450167999752,55,0,1
45.996136883879835,2.2630858784089583,1,15168.459933366046,1.2912279203861698,74.1168596739647,34,0,2
13.880114139764327,3.259014441916881,1,5347.106497044783,9.12564567034424,59.43175065905841,32,0,2
16.68853014946474,2.9423472545339706,1,10694.700881755713,2.4431962657975848,20.182530897048508,4,1,1
15.673957931175357,0.1521606107636121,1,22167.80882530077,7.501995419839833,12.536777755686678,27,2,2
19.03508432677022,3.846506371915694,1,6701.024744332144,7.6148714127698796,72.68281562210404,24,1,0
10.005996784421159,0.8235775046773207,1,10303.06453356913,1.466929634148148,67.18156104613699,31,0,2
28.803720728964162,3.8077155413857793,1,104408.23275234648,9.134372579829721,0.2500839272311506,21,2,2
30.512653289907927,3.21993514013998,0,22068.822713143007,4.165209138257215,77.1006869841776,1,0,1
48.23081957873812,0.7167725498347544,0,57844.89683682603,9.53849109428013,78.19819813323718,35,1,1
43.865384925551126,0.2397841101543946,1,12036.41822396332,9.006393444133343,76.32300035670002,27,2,1
49.52552380986229,3.200448653274107,0,12419.828114240776,1.5583023965318672,15.390645833493753,3,0,0
20.366378325475246,0.18169887152643538,1,10011.626709382825,2.2554170787833963,111.20924684573781,31,0,2
45.41720310491354,0.6457964312449388,0,18438.21071325166,8.72365013313438,21.299697885758484,34,1,1
16.610567346068567,2.7268797394663475,1,18406.110616684888,2.436860989881698,15.82325847343256,3,1,2
10.179286827684518,0.31584264421327946,1,4535.566337319178,1.293833053228495,65.23319690654276,38,0,2
13.933741321730114,2.6530059741888015,0,41560.814305244385,1.4959662194137882,20.36867867695711,3,1,1
11.198845331568835,2.2872675984783166,0,21954.459176690336,5.298728033053662,65.24521950664688,34,0,2
29.768618387633396,0.19730579491395117,1,10417.428087413336,1.293833053228495,75.73088729232346,2,0,1
