bandwidth,cruise_speed,firm_obstacle,illuminance,obstacle_distance,obstacle_size,power,quality,smoke_intensity
34.5431393933367,4.717129651907232,0,2112.2236993731517,7.940992793690626,6.779624211725834,72,2,1
34.5431393933367,4.717129651907232,0,2112.2236993731517,7.940992793690626,6.779624211725834,33,2,1
34.5431393933367,4.717129651907232,0,2112.2236993731517,7.940992793690626,6.779624211725834,23,2,1
34.5431393933367,4.717129651907232,0,2112.2236993731517,7.940992793690626,6.779624211725834,99,2,1
34.5431393933367,4.717129651907232,0,2112.2236993731517,7.940992793690626,6.779624211725834,17,2,1
34.5431393933367,4.717129651907232,0,2112.2236993731517,7.940992793690626,6.779624211725834,32,2,1
34.5431393933367,4.717129651907232,0,2112.2236993731517,7.940992793690626,6.779624211725834,64,2,1
34.5431393933367,4.717129651907232,0,2112.2236993731517,7.940992793690626,6.779624211725834,79,2,1
34.5431393933367,4.717129651907232,0,2112.2236993731517,7.940992793690626,6.779624211725834,64,2,1
34.5431393933367,4.717129651907232,0,2112.2236993731517,7.940992793690626,6.779624211725834,87,2,1
34.5431393933367,4.717129651907232,0,2112.2236993731517,7.940992793690626,6.779624211725834,4,2,1
34.5431393933367,4.717129651907232,0,2112.2236993731517,7.940992793690626,6.779624211725834,39,2,1
34.5431393933367,4.717129651907232,0,2112.2236993731517,7.940992793690626,6.779624211725834,57,2,1
34.5431393933367,4.717129651907232,0,2112.2236993731517,7.940992793690626,6.779624211725834,44,2,1
34.5431393933367,4.717129651907232,0,2112.2236993731517,7.940992793690626,6.779624211725834,39,2,1
34.5431393933367,4.717129651907232,0,2112.2236993731517,7.940992793690626,6.779624211725834,37,2,1
34.5431393933367,4.717129651907232,0,2112.2236993731517,7.940992793690626,6.779624211725834,4,2,1
34.5431393933367,4.717129651907232,0,2112.2236993731517,7.940992793690626,6.779624211725834,10,2,1
34.5431393933367,4.717129651907232,0,2112.2236993731517,7.940992793690626,6.779624211725834,54,2,1
34.5431393933367,4.717129651907232,0,2112.2236993731517,7.940992793690626,6.779624211725834,48,2,1
34.5431393933367,4.717129651907232,0,2112.2236993731517,7.940992793690626,6.779624211725834,96,2,1
34.5431393933367,4.717129651907232,0,2112.2236993731517,7.940992793690626,6.779624211725834,24,2,1
34.5431393933367,4.717129651907232,0,2112.2236993731517,7.940992793690626,6.779624211725834,85,2,1
34.5431393933367,4.717129651907232,0,2112.2236993731517,7.940992793690626,6.779624211725834,25,2,1
34.5431393933367,4.717129651907232,0,2112.2236993731517,7.940992793690626,6.779624211725834,14,2,1
34.5431393933367,4.717129651907232,0,2112.2236993731517,7.940992793690626,6.779624211725834,18,2,1
34.5431393933367,4.717129651907232,0,2112.2236993731517,7.940992793690626,6.779624211725834,40,2,1
34.5431393933367,4.717129651907232,0,2112.2236993731517,7.940992793690626,6.779624211725834,19,2,1
34.5431393933367,4.717129651907232,0,2112.2236993731517,7.940992793690626,6.779624211725834,90,2,1
34.5431393933367,4.717129651907232,0,2112.2236993731517,7.940992793690626,6.779624211725834,82,2,1
48.83553964074176,2.114920940721132,0,11170.025723844863,5.847090200533173,10.804289432559662,74,1,2
48.83553964074176,1.2796025257911303,0,11170.025723844863,5.847090200533173,10.804289432559662,74,1,2
48.83553964074176,2.954514258827058,0,11170.025723844863,5.847090200533173,10.804289432559662,74,1,2
48.83553964074176,3.021361480292279,0,11170.025723844863,5.847090200533173,10.804289432559662,74,1,2
48.83553964074176,3.2342901353009395,0,11170.025723844863,5.847090200533173,10.804289432559662,74,1,2
48.83553964074176,4.55678190224262,0,11170.025723844863,5.847090200533173,10.804289432559662,74,1,2
48.83553964074176,0.7510305598098421,0,11170.025723844863,5.847090200533173,10.804289432559662,74,1,2
48.83553964074176,1.856935642211981,0,11170.025723844863,5.847090200533173,10.804289432559662,74,1,2
48.83553964074176,1.4231031875540627,0,11170.025723844863,5.847090200533173,10.804289432559662,74,1,2
48.83553964074176,0.08391026162225368,0,11170.025723844863,5.847090200533173,10.804289432559662,74,1,2
48.83553964074176,0.9077696868136476,0,11170.025723844863,5.847090200533173,10.804289432559662,74,1,2
48.83553964074176,1.9733429064930141,0,11170.025723844863,5.847090200533173,10.804289432559662,74,1,2
48.83553964074176,1.9665535504316212,0,11170.025723844863,5.847090200533173,10.804289432559662,74,1,2
48.83553964074176,3.083639722035005,0,11170.025723844863,5.847090200533173,10.804289432559662,74,1,2
48.83553964074176,2.2613326441357318,0,11170.025723844863,5.847090200533173,10.804289432559662,74,1,2
48.83553964074176,3.0366533378573743,0,11170.025723844863,5.847090200533173,10.804289432559662,74,1,2
48.83553964074176,1.115299927066864,0,11170.025723844863,5.847090200533173,10.804289432559662,74,1,2
48.83553964074176,0.6699356589968952,0,11170.025723844863,5.847090200533173,10.804289432559662,74,1,2
48.83553964074176,1.6464468835587693,0,11170.025723844863,5.847090200533173,10.804289432559662,74,1,2
48.83553964074176,0.4805421676407351,0,11170.025723844863,5.847090200533173,10.804289432559662,74,1,2
48.83553964074176,1.8291995733389799,0,11170.025723844863,5.847090200533173,10.804289432559662,74,1,2
48.83553964074176,2.3008965374497894,0,11170.025723844863,5.847090200533173,10.804289432559662,74,1,2
48.83553964074176,3.5949432194475706,0,11170.025723844863,5.847090200533173,10.804289432559662,74,1,2
48.83553964074176,4.335124346677064,0,11170.025723844863,5.847090200533173,10.804289432559662,74,1,2
48.83553964074176,0.2591782625833705,0,11170.025723844863,5.847090200533173,10.804289432559662,74,1,2
48.83553964074176,4.7804795533294975,0,11170.025723844863,5.847090200533173,10.804289432559662,74,1,2
48.83553964074176,3.600507126076839,0,11170.025723844863,5.847090200533173,10.804289432559662,74,1,2
48.83553964074176,4.943867993365771,0,11170.025723844863,5.847090200533173,10.804289432559662,74,1,2
48.83553964074176,0.5938855464914511,0,11170.025723844863,5.847090200533173,10.804289432559662,74,1,2
48.83553964074176,1.8751087784914977,0,11170.025723844863,5.847090200533173,10.804289432559662,74,1,2
30.09016047620325,3.749369555364125,0,35679.66155885169,4.442588039343585,2.594127079786994,46,0,1
39.88893848073914,3.749369555364125,0,35679.66155885169,4.442588039343585,2.594127079786994,46,0,1
22.44123799293046,3.749369555364125,0,35679.66155885169,4.442588039343585,2.594127079786994,46,0,1
27.996171043383956,3.749369555364125,0,35679.66155885169,4.442588039343585,2.594127079786994,46,0,1
21.04637410402586,3.749369555364125,0,35679.66155885169,4.442588039343585,2.594127079786994,46,0,1
27.96660650804293,3.749369555364125,0,35679.66155885169,4.442588039343585,2.594127079786994,46,0,1
30.39896031605484,3.749369555364125,0,35679.66155885169,4.442588039343585,2.594127079786994,46,0,1
32.601117590580984,3.749369555364125,0,35679.66155885169,4.442588039343585,2.594127079786994,46,0,1
38.16762860368162,3.749369555364125,0,35679.66155885169,4.442588039343585,2.594127079786994,46,0,1
19.672799463152515,3.749369555364125,0,35679.66155885169,4.442588039343585,2.594127079786994,46,0,1
35.21961927141725,3.749369555364125,0,35679.66155885169,4.442588039343585,2.594127079786994,46,0,1
13.605847146452623,3.749369555364125,0,35679.66155885169,4.442588039343585,2.594127079786994,46,0,1
34.441678577289686,3.749369555364125,0,35679.66155885169,4.442588039343585,2.594127079786994,46,0,1
28.361503775257162,3.749369555364125,0,35679.66155885169,4.442588039343585,2.594127079786994,46,0,1
15.39416886296458,3.749369555364125,0,35679.66155885169,4.442588039343585,2.594127079786994,46,0,1
20.267790317337948,3.749369555364125,0,35679.66155885169,4.442588039343585,2.594127079786994,46,0,1
12.594928815168798,3.749369555364125,0,35679.66155885169,4.442588039343585,2.594127079786994,46,0,1
24.892878504314154,3.749369555364125,0,35679.66155885169,4.442588039343585,2.594127079786994,46,0,1
26.15118727368719,3.749369555364125,0,35679.66155885169,4.442588039343585,2.594127079786994,46,0,1
29.551295940415127,3.749369555364125,0,35679.66155885169,4.442588039343585,2.594127079786994,46,0,1
12.794295863222604,3.749369555364125,0,35679.66155885169,4.442588039343585,2.594127079786994,46,0,1
38.62731879445185,3.749369555364125,0,35679.66155885169,4.442588039343585,2.594127079786994,46,0,1
22.75734428516416,3.749369555364125,0,35679.66155885169,4.442588039343585,2.594127079786994,46,0,1
21.27214490293764,3.749369555364125,0,35679.66155885169,4.442588039343585,2.594127079786994,46,0,1
45.65461681530573,3.749369555364125,0,35679.66155885169,4.442588039343585,2.594127079786994,46,0,1
34.04449334720449,3.749369555364125,0,35679.66155885169,4.442588039343585,2.594127079786994,46,0,1
36.34693414620489,3.749369555364125,0,35679.66155885169,4.442588039343585,2.594127079786994,46,0,1
31.25689765954832,3.749369555364125,0,35679.66155885169,4.442588039343585,2.594127079786994,46,0,1
18.647882599758123,3.749369555364125,0,35679.66155885169,4.442588039343585,2.594127079786994,46,0,1
16.03457176935049,3.749369555364125,0,35679.66155885169,4.442588039343585,2.594127079786994,46,0,1
41.75432112900256,3.179344504836471,1,105566.76721493756,6.21290471285816,32.97674953418503,39,2,1
41.75432112900256,3.179344504836471,1,105566.76721493756,6.21290471285816,32.97674953418503,39,0,1
41.75432112900256,3.179344504836471,1,105566.76721493756,6.21290471285816,32.97674953418503,39,1,1
41.75432112900256,3.179344504836471,1,105566.76721493756,6.21290471285816,32.97674953418503,39,1,1
41.75432112900256,3.179344504836471,1,105566.76721493756,6.21290471285816,32.97674953418503,39,1,1
41.75432112900256,3.179344504836471,1,105566.76721493756,6.21290471285816,32.97674953418503,39,0,1
41.75432112900256,3.179344504836471,1,105566.76721493756,6.21290471285816,32.97674953418503,39,1,1
41.75432112900256,3.179344504836471,1,105566.76721493756,6.21290471285816,32.97674953418503,39,1,1
41.75432112900256,3.179344504836471,1,105566.76721493756,6.21290471285816,32.97674953418503,39,2,1
41.75432112900256,3.179344504836471,1,105566.76721493756,6.21290471285816,32.97674953418503,39,2,1
41.75432112900256,3.179344504836471,1,105566.76721493756,6.21290471285816,32.97674953418503,39,2,1
41.75432112900256,3.179344504836471,1,105566.76721493756,6.21290471285816,32.97674953418503,39,2,1
41.75432112900256,3.179344504836471,1,105566.76721493756,6.21290471285816,32.97674953418503,39,2,1
41.75432112900256,3.179344504836471,1,105566.76721493756,6.21290471285816,32.97674953418503,39,0,1
41.75432112900256,3.179344504836471,1,105566.76721493756,6.21290471285816,32.97674953418503,39,2,1
41.75432112900256,3.179344504836471,1,105566.76721493756,6.21290471285816,32.97674953418503,39,0,1
41.75432112900256,3.179344504836471,1,105566.76721493756,6.21290471285816,32.97674953418503,39,0,1
41.75432112900256,3.179344504836471,1,105566.76721493756,6.21290471285816,32.97674953418503,39,2,1
41.75432112900256,3.179344504836471,1,105566.76721493756,6.21290471285816,32.97674953418503,39,0,1
41.75432112900256,3.179344504836471,1,105566.76721493756,6.21290471285816,32.97674953418503,39,2,1
41.75432112900256,3.179344504836471,1,105566.76721493756,6.21290471285816,32.97674953418503,39,2,1
41.75432112900256,3.179344504836471,1,105566.76721493756,6.21290471285816,32.97674953418503,39,1,1
41.75432112900256,3.179344504836471,1,105566.76721493756,6.21290471285816,32.97674953418503,39,1,1
41.75432112900256,3.179344504836471,1,105566.76721493756,6.21290471285816,32.97674953418503,39,0,1
41.75432112900256,3.179344504836471,1,105566.76721493756,6.21290471285816,32.97674953418503,39,2,1
41.75432112900256,3.179344504836471,1,105566.76721493756,6.21290471285816,32.97674953418503,39,1,1
41.75432112900256,3.179344504836471,1,105566.76721493756,6.21290471285816,32.97674953418503,39,2,1
41.75432112900256,3.179344504836471,1,105566.76721493756,6.21290471285816,32.97674953418503,39,0,1
41.75432112900256,3.179344504836471,1,105566.76721493756,6.21290471285816,32.97674953418503,39,1,1
41.75432112900256,3.179344504836471,1,105566.76721493756,6.21290471285816,32.97674953418503,39,1,1
13.232680648100441,3.3590473808755474,1,106853.62801096041,7.9608479759531505,93.29750901845313,73,1,1
13.232680648100441,3.3590473808755474,1,24353.41575362722,7.9608479759531505,93.29750901845313,73,1,1
13.232680648100441,3.3590473808755474,1,53030.08295129687,7.9608479759531505,93.29750901845313,73,1,1
13.232680648100441,3.3590473808755474,1,75883.32116943001,7.9608479759531505,93.29750901845313,73,1,1
13.232680648100441,3.3590473808755474,1,113792.0466124038,7.9608479759531505,93.29750901845313,73,1,1
13.232680648100441,3.3590473808755474,1,75544.32499412443,7.9608479759531505,93.29750901845313,73,1,1
13.232680648100441,3.3590473808755474,1,53190.120689430674,7.9608479759531505,93.29750901845313,73,1,1
13.232680648100441,3.3590473808755474,1,78411.62633779633,7.9608479759531505,93.29750901845313,73,1,1
13.232680648100441,3.3590473808755474,1,35382.40529595777,7.9608479759531505,93.29750901845313,73,1,1
13.232680648100441,3.3590473808755474,1,11921.655624128905,7.9608479759531505,93.29750901845313,73,1,1
13.232680648100441,3.3590473808755474,1,99893.84240312321,7.9608479759531505,93.29750901845313,73,1,1
13.232680648100441,3.3590473808755474,1,56016.748850513,7.9608479759531505,93.29750901845313,73,1,1
13.232680648100441,3.3590473808755474,1,111215.3420069761,7.9608479759531505,93.29750901845313,73,1,1
13.232680648100441,3.3590473808755474,1,22570.724929382166,7.9608479759531505,93.29750901845313,73,1,1
13.232680648100441,3.3590473808755474,1,1603.490658573142,7.9608479759531505,93.29750901845313,73,1,1
13.232680648100441,3.3590473808755474,1,61804.42274452695,7.9608479759531505,93.29750901845313,73,1,1
13.232680648100441,3.3590473808755474,1,85596.85224153566,7.9608479759531505,93.29750901845313,73,1,1
13.232680648100441,3.3590473808755474,1,118763.45352499446,7.9608479759531505,93.29750901845313,73,1,1
13.232680648100441,3.3590473808755474,1,76552.87983891545,7.9608479759531505,93.29750901845313,73,1,1
13.232680648100441,3.3590473808755474,1,11082.05533205926,7.9608479759531505,93.29750901845313,73,1,1
13.232680648100441,3.3590473808755474,1,67044.8151782567,7.9608479759531505,93.29750901845313,73,1,1
13.232680648100441,3.3590473808755474,1,46369.15121661239,7.9608479759531505,93.29750901845313,73,1,1
13.232680648100441,3.3590473808755474,1,22215.855939336634,7.9608479759531505,93.29750901845313,73,1,1
13.232680648100441,3.3590473808755474,1,98303.50798617915,7.9608479759531505,93.29750901845313,73,1,1
13.232680648100441,3.3590473808755474,1,85733.40566971351,7.9608479759531505,93.29750901845313,73,1,1
13.232680648100441,3.3590473808755474,1,97027.70286918072,7.9608479759531505,93.29750901845313,73,1,1
13.232680648100441,3.3590473808755474,1,73241.0745789199,7.9608479759531505,93.29750901845313,73,1,1
13.232680648100441,3.3590473808755474,1,83729.19696733999,7.9608479759531505,93.29750901845313,73,1,1
13.232680648100441,3.3590473808755474,1,82409.72180714185,7.9608479759531505,93.29750901845313,73,1,1
13.232680648100441,3.3590473808755474,1,30490.058057149694,7.9608479759531505,93.29750901845313,73,1,1
37.55800592389794,3.998606307531128,0,9092.18587518695,4.985357787573049,99.26144353329346,48,0,2
37.55800592389794,3.998606307531128,0,9092.18587518695,4.985357787573049,99.26144353329346,48,0,1
37.55800592389794,3.998606307531128,0,9092.18587518695,4.985357787573049,99.26144353329346,48,0,2
37.55800592389794,3.998606307531128,0,9092.18587518695,4.985357787573049,99.26144353329346,48,0,2
37.55800592389794,3.998606307531128,0,9092.18587518695,4.985357787573049,99.26144353329346,48,0,0
37.55800592389794,3.998606307531128,0,9092.18587518695,4.985357787573049,99.26144353329346,48,0,1
37.55800592389794,3.998606307531128,0,9092.18587518695,4.985357787573049,99.26144353329346,48,0,1
37.55800592389794,3.998606307531128,0,9092.18587518695,4.985357787573049,99.26144353329346,48,0,0
37.55800592389794,3.998606307531128,0,9092.18587518695,4.985357787573049,99.26144353329346,48,0,1
37.55800592389794,3.998606307531128,0,9092.18587518695,4.985357787573049,99.26144353329346,48,0,0
37.55800592389794,3.998606307531128,0,9092.18587518695,4.985357787573049,99.26144353329346,48,0,1
37.55800592389794,3.998606307531128,0,9092.18587518695,4.985357787573049,99.26144353329346,48,0,0
37.55800592389794,3.998606307531128,0,9092.18587518695,4.985357787573049,99.26144353329346,48,0,1
37.55800592389794,3.998606307531128,0,9092.18587518695,4.985357787573049,99.26144353329346,48,0,1
37.55800592389794,3.998606307531128,0,9092.18587518695,4.985357787573049,99.26144353329346,48,0,1
37.55800592389794,3.998606307531128,0,9092.18587518695,4.985357787573049,99.26144353329346,48,0,0
37.55800592389794,3.998606307531128,0,9092.18587518695,4.985357787573049,99.26144353329346,48,0,0
37.55800592389794,3.998606307531128,0,9092.18587518695,4.985357787573049,99.26144353329346,48,0,2
37.55800592389794,3.998606307531128,0,9092.18587518695,4.985357787573049,99.26144353329346,48,0,2
37.55800592389794,3.998606307531128,0,9092.18587518695,4.985357787573049,99.26144353329346,48,0,2
37.55800592389794,3.998606307531128,0,9092.18587518695,4.985357787573049,99.26144353329346,48,0,1
37.55800592389794,3.998606307531128,0,9092.18587518695,4.985357787573049,99.26144353329346,48,0,2
37.55800592389794,3.998606307531128,0,9092.18587518695,4.985357787573049,99.26144353329346,48,0,2
37.55800592389794,3.998606307531128,0,9092.18587518695,4.985357787573049,99.26144353329346,48,0,2
37.55800592389794,3.998606307531128,0,9092.18587518695,4.985357787573049,99.26144353329346,48,0,1
37.55800592389794,3.998606307531128,0,9092.18587518695,4.985357787573049,99.26144353329346,48,0,1
37.55800592389794,3.998606307531128,0,9092.18587518695,4.985357787573049,99.26144353329346,48,0,2
37.55800592389794,3.998606307531128,0,9092.18587518695,4.985357787573049,99.26144353329346,48,0,2
37.55800592389794,3.998606307531128,0,9092.18587518695,4.985357787573049,99.26144353329346,48,0,1
37.55800592389794,3.998606307531128,0,9092.18587518695,4.985357787573049,99.26144353329346,48,0,2
13.81761201949541,1.290421723279826,1,8091.830316638917,2.9367928446585823,7.870648342747288,28,1,1
13.81761201949541,1.290421723279826,1,8091.830316638917,2.9367928446585823,3.205584754361759,28,1,1
13.81761201949541,1.290421723279826,1,8091.830316638917,2.9367928446585823,23.272137057829227,28,1,1
13.81761201949541,1.290421723279826,1,8091.830316638917,2.9367928446585823,113.85004301486029,28,1,1
13.81761201949541,1.290421723279826,1,8091.830316638917,2.9367928446585823,45.705882238568705,28,1,1
13.81761201949541,1.290421723279826,1,8091.830316638917,2.9367928446585823,98.14798765208411,28,1,1
13.81761201949541,1.290421723279826,1,8091.830316638917,2.9367928446585823,43.75148216767321,28,1,1
13.81761201949541,1.290421723279826,1,8091.830316638917,2.9367928446585823,77.9773385769868,28,1,1
13.81761201949541,1.290421723279826,1,8091.830316638917,2.9367928446585823,44.790986479611995,28,1,1
13.81761201949541,1.290421723279826,1,8091.830316638917,2.9367928446585823,98.52387284408933,28,1,1
13.81761201949541,1.290421723279826,1,8091.830316638917,2.9367928446585823,61.85991672805255,28,1,1
13.81761201949541,1.290421723279826,1,8091.830316638917,2.9367928446585823,113.36797033112161,28,1,1
13.81761201949541,1.290421723279826,1,8091.830316638917,2.9367928446585823,97.47363193987788,28,1,1
13.81761201949541,1.290421723279826,1,8091.830316638917,2.9367928446585823,117.62543838263008,28,1,1
13.81761201949541,1.290421723279826,1,8091.830316638917,2.9367928446585823,39.781137339219924,28,1,1
13.81761201949541,1.290421723279826,1,8091.830316638917,2.9367928446585823,33.239538814270716,28,1,1
13.81761201949541,1.290421723279826,1,8091.830316638917,2.9367928446585823,77.63330817979454,28,1,1
13.81761201949541,1.290421723279826,1,8091.830316638917,2.9367928446585823,84.55592845212723,28,1,1
13.81761201949541,1.290421723279826,1,8091.830316638917,2.9367928446585823,51.12300571511997,28,1,1
13.81761201949541,1.290421723279826,1,8091.830316638917,2.9367928446585823,18.187262482574624,28,1,1
13.81761201949541,1.290421723279826,1,8091.830316638917,2.9367928446585823,29.888252261176692,28,1,1
13.81761201949541,1.290421723279826,1,8091.830316638917,2.9367928446585823,119.85133741059231,28,1,1
13.81761201949541,1.290421723279826,1,8091.830316638917,2.9367928446585823,36.761287735052896,28,1,1
13.81761201949541,1.290421723279826,1,8091.830316638917,2.9367928446585823,39.87244254081577,28,1,1
13.81761201949541,1.290421723279826,1,8091.830316638917,2.9367928446585823,61.69287824607996,28,1,1
13.81761201949541,1.290421723279826,1,8091.830316638917,2.9367928446585823,13.967965230652194,28,1,1
13.81761201949541,1.290421723279826,1,8091.830316638917,2.9367928446585823,18.082117904318913,28,1,1
13.81761201949541,1.290421723279826,1,8091.830316638917,2.9367928446585823,95.17929237936586,28,1,1
13.81761201949541,1.290421723279826,1,8091.830316638917,2.9367928446585823,59.029083067273376,28,1,1
13.81761201949541,1.290421723279826,1,8091.830316638917,2.9367928446585823,26.24455719137709,28,1,1
49.04929621714937,4.617594063883917,0,99083.07684295083,9.062603769913993,99.11045204623733,46,1,1
49.04929621714937,4.617594063883917,0,99083.07684295083,2.672919370688617,99.11045204623733,46,1,1
49.04929621714937,4.617594063883917,0,99083.07684295083,6.857837932860282,99.11045204623733,46,1,1
49.04929621714937,4.617594063883917,0,99083.07684295083,6.957087123397279,99.11045204623733,46,1,1
49.04929621714937,4.617594063883917,0,99083.07684295083,0.9480175565902738,99.11045204623733,46,1,1
49.04929621714937,4.617594063883917,0,99083.07684295083,0.7742099444480699,99.11045204623733,46,1,1
49.04929621714937,4.617594063883917,0,99083.07684295083,7.7285318706569655,99.11045204623733,46,1,1
49.04929621714937,4.617594063883917,0,99083.07684295083,1.359142779637137,99.11045204623733,46,1,1
49.04929621714937,4.617594063883917,0,99083.07684295083,1.956274006055082,99.11045204623733,46,1,1
49.04929621714937,4.617594063883917,0,99083.07684295083,8.721121476995089,99.11045204623733,46,1,1
49.04929621714937,4.617594063883917,0,99083.07684295083,5.508379737647068,99.11045204623733,46,1,1
49.04929621714937,4.617594063883917,0,99083.07684295083,8.944000720278112,99.11045204623733,46,1,1
49.04929621714937,4.617594063883917,0,99083.07684295083,8.868316708022501,99.11045204623733,46,1,1
49.04929621714937,4.617594063883917,0,99083.07684295083,7.298885924192486,99.11045204623733,46,1,1
49.04929621714937,4.617594063883917,0,99083.07684295083,0.8635301861411371,99.11045204623733,46,1,1
49.04929621714937,4.617594063883917,0,99083.07684295083,5.19825284025612,99.11045204623733,46,1,1
49.04929621714937,4.617594063883917,0,99083.07684295083,2.5559932829899177,99.11045204623733,46,1,1
49.04929621714937,4.617594063883917,0,99083.07684295083,1.6928731475048586,99.11045204623733,46,1,1
49.04929621714937,4.617594063883917,0,99083.07684295083,4.3335444545193145,99.11045204623733,46,1,1
49.04929621714937,4.617594063883917,0,99083.07684295083,8.037036342771573,99.11045204623733,46,1,1
49.04929621714937,4.617594063883917,0,99083.07684295083,9.446389753936186,99.11045204623733,46,1,1
49.04929621714937,4.617594063883917,0,99083.07684295083,5.101917823797953,99.11045204623733,46,1,1
49.04929621714937,4.617594063883917,0,99083.07684295083,5.079668132269012,99.11045204623733,46,1,1
49.04929621714937,4.617594063883917,0,99083.07684295083,8.78988487883115,99.11045204623733,46,1,1
49.04929621714937,4.617594063883917,0,99083.07684295083,5.811949334389195,99.11045204623733,46,1,1
49.04929621714937,4.617594063883917,0,99083.07684295083,8.318362540924744,99.11045204623733,46,1,1
49.04929621714937,4.617594063883917,0,99083.07684295083,4.972312956807201,99.11045204623733,46,1,1
49.04929621714937,4.617594063883917,0,99083.07684295083,9.706271169772588,99.11045204623733,46,1,1
49.04929621714937,4.617594063883917,0,99083.07684295083,7.061781706640511,99.11045204623733,46,1,1
49.04929621714937,4.617594063883917,0,99083.07684295083,4.543633855614413,99.11045204623733,46,1,1
26.644163807603846,3.000615794548826,0,13255.604542999694,2.5212023456845642,89.87193425353102,55,0,1
26.644163807603846,3.000615794548826,0,13255.604542999694,2.5212023456845642,89.87193425353102,55,0,1
26.644163807603846,3.000615794548826,1,13255.604542999694,2.5212023456845642,89.87193425353102,55,0,1
26.644163807603846,3.000615794548826,1,13255.604542999694,2.5212023456845642,89.87193425353102,55,0,1
26.644163807603846,3.000615794548826,0,13255.604542999694,2.5212023456845642,89.87193425353102,55,0,1
26.644163807603846,3.000615794548826,0,13255.604542999694,2.5212023456845642,89.87193425353102,55,0,1
26.644163807603846,3.000615794548826,1,13255.604542999694,2.5212023456845642,89.87193425353102,55,0,1
26.644163807603846,3.000615794548826,0,13255.604542999694,2.5212023456845642,89.87193425353102,55,0,1
26.644163807603846,3.000615794548826,1,13255.604542999694,2.5212023456845642,89.87193425353102,55,0,1
26.644163807603846,3.000615794548826,0,13255.604542999694,2.5212023456845642,89.87193425353102,55,0,1
26.644163807603846,3.000615794548826,1,13255.604542999694,2.5212023456845642,89.87193425353102,55,0,1
26.644163807603846,3.000615794548826,1,13255.604542999694,2.5212023456845642,89.87193425353102,55,0,1
26.644163807603846,3.000615794548826,1,13255.604542999694,2.5212023456845642,89.87193425353102,55,0,1
26.644163807603846,3.000615794548826,1,13255.604542999694,2.5212023456845642,89.87193425353102,55,0,1
26.644163807603846,3.000615794548826,1,13255.604542999694,2.5212023456845642,89.87193425353102,55,0,1
26.644163807603846,3.000615794548826,0,13255.604542999694,2.5212023456845642,89.87193425353102,55,0,1
26.644163807603846,3.000615794548826,0,13255.604542999694,2.5212023456845642,89.87193425353102,55,0,1
26.644163807603846,3.000615794548826,0,13255.604542999694,2.5212023456845642,89.87193425353102,55,0,1
26.644163807603846,3.000615794548826,1,13255.604542999694,2.5212023456845642,89.87193425353102,55,0,1
26.644163807603846,3.000615794548826,0,13255.604542999694,2.5212023456845642,89.87193425353102,55,0,1
26.644163807603846,3.000615794548826,1,13255.604542999694,2.5212023456845642,89.87193425353102,55,0,1
26.644163807603846,3.000615794548826,1,13255.604542999694,2.5212023456845642,89.87193425353102,55,0,1
26.644163807603846,3.000615794548826,0,13255.604542999694,2.5212023456845642,89.87193425353102,55,0,1
26.644163807603846,3.000615794548826,0,13255.604542999694,2.5212023456845642,89.87193425353102,55,0,1
26.644163807603846,3.000615794548826,1,13255.604542999694,2.5212023456845642,89.87193425353102,55,0,1
26.644163807603846,3.000615794548826,1,13255.604542999694,2.5212023456845642,89.87193425353102,55,0,1
26.644163807603846,3.000615794548826,0,13255.604542999694,2.5212023456845642,89.87193425353102,55,0,1
26.644163807603846,3.000615794548826,1,13255.604542999694,2.5212023456845642,89.87193425353102,55,0,1
26.644163807603846,3.000615794548826,1,13255.604542999694,2.5212023456845642,89.87193425353102,55,0,1
26.644163807603846,3.000615794548826,1,13255.604542999694,2.5212023456845642,89.87193425353102,55,0,1
30.09016047620325,2.114920940721132,0,106853.62801096041,9.062603769913993,7.870648342747288,72,2,2
39.88893848073914,1.2796025257911303,0,24353.41575362722,2.672919370688617,3.205584754361759,33,0,1
22.44123799293046,2.954514258827058,1,53030.08295129687,6.857837932860282,23.272137057829227,23,1,2
27.996171043383956,3.021361480292279,1,75883.32116943001,6.957087123397279,113.85004301486029,99,1,2
21.04637410402586,3.2342901353009395,0,113792.0466124038,0.9480175565902738,45.705882238568705,17,1,0
27.96660650804293,4.55678190224262,0,75544.32499412443,0.7742099444480699,98.14798765208411,32,0,1
30.39896031605484,0.7510305598098421,1,53190.120689430674,7.7285318706569655,43.75148216767321,64,1,1
32.601117590580984,1.856935642211981,0,78411.62633779633,1.359142779637137,77.9773385769868,79,1,0
38.16762860368162,1.4231031875540627,1,35382.40529595777,1.956274006055082,44.790986479611995,64,2,1
19.672799463152515,0.08391026162225368,0,11921.655624128905,8.721121476995089,98.52387284408933,87,2,0
35.21961927141725,0.9077696868136476,1,99893.84240312321,5.508379737647068,61.85991672805255,4,2,1
13.605847146452623,1.9733429064930141,1,56016.748850513,8.944000720278112,113.36797033112161,39,2,0
34.441678577289686,1.9665535504316212,1,111215.3420069761,8.868316708022501,97.47363193987788,57,2,1
28.361503775257162,3.083639722035005,1,22570.724929382166,7.298885924192486,117.62543838263008,44,0,1
15.39416886296458,2.2613326441357318,1,1603.490658573142,0.8635301861411371,39.781137339219924,39,2,1
20.267790317337948,3.0366533378573743,0,61804.42274452695,5.19825284025612,33.239538814270716,37,0,0
12.594928815168798,1.115299927066864,0,85596.85224153566,2.5559932829899177,77.63330817979454,4,0,0
24.892878504314154,0.6699356589968952,0,118763.45352499446,1.6928731475048586,84.55592845212723,10,2,2
26.15118727368719,1.6464468835587693,1,76552.87983891545,4.3335444545193145,51.12300571511997,54,0,2
29.551295940415127,0.4805421676407351,0,11082.05533205926,8.037036342771573,18.187262482574624,48,2,2
12.794295863222604,1.8291995733389799,1,67044.8151782567,9.446389753936186,29.888252261176692,96,2,1
38.62731879445185,2.3008965374497894,1,46369.15121661239,5.101917823797953,119.85133741059231,24,1,2
22.75734428516416,3.5949432194475706,0,22215.855939336634,5.079668132269012,36.761287735052896,85,1,2
21.27214490293764,4.335124346677064,0,98303.50798617915,8.78988487883115,39.87244254081577,25,0,2
45.65461681530573,0.2591782625833705,1,85733.40566971351,5.811949334389195,61.69287824607996,14,2,1
34.04449334720449,4.7804795533294975,1,97027.70286918072,8.318362540924744,13.967965230652194,18,1,1
36.34693414620489,3.600507126076839,0,73241.0745789199,4.972312956807201,18.082117904318913,40,2,2
31.25689765954832,4.943867993365771,1,83729.19696733999,9.706271169772588,95.17929237936586,19,0,2
18.647882599758123,0.5938855464914511,1,82409.72180714185,7.061781706640511,59.029083067273376,90,1,1
16.03457176935049,1.8751087784914977,1,30490.058057149694,4.543633855614413,26.24455719137709,82,1,2
21.04637410402586,3.2342901353009395,1,113792.0466124038,0.9480175565902738,46.23657194273035,17,1,0
12.5925106087343,1.8291995733389799,1,86732.42532209471,9.589930606693038,29.888252261176692,95,2,1
27.996687717937256,4.518599715810489,1,75883.32116943001,7.2216805249666525,113.93538462966269,99,1,1
29.634474685651593,4.335124346677064,0,99984.80413416788,8.78988487883115,16.555655366777636,25,2,2
22.720256912719698,1.8191129926106497,0,22215.855939336634,5.0977759782076335,26.81467231677265,85,1,2
34.87410921486473,3.6030662622146528,1,85602.53230841659,5.807508542286522,63.93405750708396,14,2,2
22.44123799293046,2.954514258827058,0,52121.07000699698,6.857837932860282,23.272137057829227,23,1,2
20.267790317337948,3.0366533378573743,0,61804.42274452695,5.19825284025612,31.791686033370947,18,1,0
34.441678577289686,2.114284234313456,1,84037.27284360773,6.99781952850804,59.750799090604445,89,2,1
26.025945258350866,2.170347012916356,0,106853.62801096041,8.797484687903939,7.870648342747288,72,1,2
17.590356396134638,2.2456806819054886,1,23849.77897001119,0.7754378299121397,2.082067390285591,41,2,1
19.125301343853177,0.08391026162225368,1,55006.35743080119,8.721121476995089,112.6799373774038,87,2,0
35.17569664576623,3.083639722035005,1,26250.711478327616,7.29363203899749,117.62543838263008,43,0,1
26.12377640701973,1.6732487528735918,1,83729.19696733999,9.297591283227888,95.17929237936586,14,0,2
25.212261024413273,0.5496016613838626,1,35382.40529595777,1.956274006055082,41.814421196610816,64,2,1
38.62731879445185,2.3008965374497894,0,46369.15121661239,5.101917823797953,117.90324714667545,34,1,2
12.796714069657101,1.115299927066864,0,72752.9380457753,2.5559932829899177,68.308584469093,5,0,0
27.966089833489626,3.0595281345325547,0,77244.73803855463,0.5276629986664041,98.06261338247705,31,0,2
21.18896615787054,0.2155452594965579,0,9495.108677904223,8.037036342771573,41.50405065406594,48,0,2
16.459551236363097,3.583857115820895,1,30490.058057149694,3.978929466171354,37.44984214254402,82,1,2
46.0741356191,0.2620058073467457,0,73371.9479402168,4.798286871013758,7.133981280002416,40,2,1
32.601117590580984,1.856935642211981,1,79320.6392819332,1.359142779637137,77.9773385769868,79,1,0
34.04449334720449,4.7804795533294975,1,97027.70286918072,8.318362540924744,13.967965230652194,37,0,1
18.647882599758123,0.6344824070770779,1,109587.5949180907,8.93227854457249,96.75191355815915,58,1,1
28.20356021639666,0.6956054417105123,1,53190.120689430674,7.7285318706569655,43.75148216767321,66,2,1
40.16318052193373,1.2952544880394743,0,2151.747769297386,2.76101709418174,41.1237181411655,33,0,1
13.605847146452623,1.9733429064930141,0,12932.711590854407,8.944000720278112,92.59045787031636,39,2,0
28.40542640090793,0.9077696868136476,1,96384.9556932592,5.031956413189512,61.85991672805255,5,2,1
34.91432714645968,4.88234838532522,1,76552.87983891545,4.3335444545193145,55.226908580612296,54,0,2
37.848246069620956,1.5434373913172976,0,118763.45352499446,1.6928731475048586,87.53249284040719,10,2,2
31.14433713600068,4.776143020245599,1,46369.15121661239,4.594853245827618,119.85133741059231,19,0,2
39.00306733047914,1.3014598663524537,1,96384.9556932592,2.535944330528609,62.12859626544804,4,0,1
22.29724807295739,3.0366533378573743,0,61726.15919245976,6.824187035987223,33.239538814270716,46,0,0
39.0746395087206,1.2952544880394743,1,2123.782778115543,3.1846965216538647,47.671828501945214,33,0,1
26.15118727368719,1.6464468835587693,0,73628.27813577474,4.3335444545193145,53.84931486098645,54,2,2
32.26867287618259,1.6511326156825274,1,83729.19696733999,0.22798488870777067,95.17929237936586,17,0,2
17.083009673806902,2.2516914769276037,1,1106.3761667719464,0.9246951017794505,14.892234444087142,39,2,1
39.693515103731265,1.8846083586886646,1,30569.236359183644,5.125145562983594,22.39903545578384,34,1,2
37.9122682146993,0.2591782625833705,1,85733.40566971351,1.9732069403227415,45.71011697244544,13,2,1
21.143838254958503,1.115299927066864,0,72752.9380457753,1.1866203354415936,45.580526335311724,5,0,0
35.17569664576623,3.083639722035005,1,31504.809349792155,7.29363203899749,113.4958942232519,43,2,1
13.751548311500642,1.9733429064930141,1,56016.748850513,8.944000720278112,113.36797033112161,39,2,0
20.81376240461522,3.6030662622146528,0,85602.53230841659,5.872788943953434,63.93405750708396,14,1,2
10.56543723956874,3.2342901353009395,0,113792.0466124038,2.794215691154853,38.99234923134442,17,1,0
25.686779833873704,2.0041394628350875,1,35742.87332389028,9.084366751992338,38.24809041260167,65,2,1
38.739879317955534,2.447001820125731,1,83729.19696733999,9.706271169772588,95.17929237936586,24,1,2
29.291297537875227,0.7795145545343922,0,24353.41575362722,5.168931455948662,3.1539308613714176,34,2,1
20.411780237311017,2.954514258827058,1,53108.34650336405,5.231903737128852,23.272137057829227,23,1,2
28.04870219330037,3.083639722035005,0,22616.602261816777,7.298885924192486,115.34603585551197,48,0,1
46.0741356191,0.2620058073467457,1,76296.54964335752,4.655999493517724,4.507445827680655,40,0,1
26.45622112141815,1.879051779403045,1,86594.59134877345,9.967163362259095,77.9773385769868,79,1,0
32.35581324133887,4.7804795533294975,1,97027.70286918072,8.26102475228525,38.85687112435572,37,0,1
14.971389423739208,2.311719239383861,0,46289.97291458119,4.520406116428772,114.42835347601576,82,1,2
45.71414964347147,1.4231031875540627,1,35382.40529595777,5.79501720967663,61.94308299953455,65,2,1
12.925059363811638,4.335124346677064,0,98303.50798617915,8.78988487883115,62.60050067472933,25,0,2
17.81280835301642,2.2456806819054886,1,23849.77897001119,0.7754378299121397,2.082067390285591,41,0,1
35.21961927141725,0.9077696868136476,1,99893.84240312321,5.623975634320265,61.85991672805255,4,2,1
34.32813729173531,3.0366533378573743,1,61804.42274452695,4.651360967475695,31.791686033370947,18,2,0
21.59759974224872,1.115299927066864,1,85596.85224153566,0.9031748945556894,77.37627868833778,4,0,0
13.131846991665064,0.5188123176779109,0,12572.247628534733,1.8115100166497364,96.15667733310056,40,2,0
20.16965126646027,1.6732487528735918,1,73050.79263319122,9.297591283227888,95.17929237936586,14,0,2
13.131846991665064,0.5188123176779109,0,12572.247628534733,2.261512202319957,95.34914936138452,38,2,0
32.59021170762837,3.0366533378573743,1,61804.42274452695,4.651360967475695,92.67363400682018,18,2,0
38.8241219618792,2.775335795943562,1,1879.2489515127763,6.26224950713496,23.272137057829227,23,1,2
40.24508271084678,1.6423698620453326,1,83729.19696733999,0.22798488870777067,95.17929237936586,17,0,2
21.201057558604347,4.335124346677064,0,98303.50798617915,8.78988487883115,113.16989837742466,43,0,1
15.39416886296458,2.2613326441357318,0,1603.490658573142,0.8635301861411371,39.781137339219924,39,2,1
21.59759974224872,1.0964677925756363,1,85596.85224153566,0.9246173545272092,77.37627868833778,4,2,0
28.361503775257162,3.44441298987778,0,22570.724929382166,7.298885924192486,31.125866079555685,44,0,0
31.14433713600068,4.853900018108239,1,27746.26729550482,0.15226396175504253,119.85133741059231,42,0,2
12.22624154111196,4.847257940413339,1,99512.97211099106,8.308053148189769,74.47123388873467,37,0,1
32.35581324133887,4.7804795533294975,1,85037.28785061854,7.991768715291734,38.85687112435572,42,0,1
26.27905341628677,1.5178108923445524,1,76726.6838373266,4.357229834283348,68.43246017218479,54,0,0
35.17569664576623,2.819881476704314,1,26250.711478327616,7.29363203899749,112.5675555432152,42,0,1
19.62297388526755,2.954514258827058,1,52815.1453462083,5.2304002017483056,61.53504641384559,23,2,2
27.097963395583125,1.115299927066864,0,83431.34237992408,1.1866203354415936,45.580526335311724,5,0,0
13.605847146452623,1.9733429064930141,1,56016.748850513,8.944000720278112,114.17526519653755,40,2,0
14.100648858985112,1.9733429064930141,0,12932.711590854407,8.944000720278112,31.708485437333394,39,2,0
22.691755277029856,1.4957812929124943,1,51294.22321798578,3.1846965216538647,47.671828501945214,33,0,1
31.912528645125672,1.2883652794283253,0,24353.41575362722,3.321343297562304,3.205584754361759,33,0,1
35.24678404636045,3.083639722035005,1,31504.809349792155,7.29363203899749,40.11233176203156,23,2,2
40.16318052193373,1.2952544880394743,1,2151.747769297386,2.76101709418174,44.77671957552063,38,0,1
17.083009673806902,2.2705236126513255,1,1106.3761667719464,0.9032526418079307,18.706569995093638,39,0,1
20.267790317337948,3.0815823035682053,1,61804.42274452695,5.19825284025612,117.51899171547541,18,1,1
17.81280835301642,2.153143625483568,1,46201.1180299228,4.59122347987826,2.4530576643943576,18,0,1
34.44050464200784,1.0178416841003044,0,85680.93456517835,2.9354703303828478,22.265818778039247,4,0,0
30.116948270634037,4.943867993365771,1,96570.82367501342,9.706271169772588,95.17929237936586,19,0,2
12.67019314015181,1.115299927066864,0,72579.13404736418,2.5323079032483817,50.99913001202819,5,0,2
39.00306733047914,1.3014598663524537,1,96384.9556932592,2.535944330528609,53.65606298959133,5,0,1
46.42793903870113,0.2591782625833705,1,95032.95345288266,5.813452869769741,9.87667405644045,14,1,1
27.097963395583125,1.115299927066864,0,83431.34237992408,1.7009808265029667,45.580526335311724,5,0,0
22.691755277029856,1.4957812929124943,1,51294.22321798578,3.1846965216538647,47.671828501945214,42,0,2
17.81280835301642,2.2456806819054886,0,32618.36064578277,5.138120731185536,32.664776130762505,17,0,0
12.797144185793037,3.0366533378573743,1,71540.62186615242,4.651360967475695,48.52838351357922,18,0,0
38.797491111761225,2.9101597074596404,1,434.0121358756355,7.310814577089529,23.272137057829227,23,1,2
17.61969921751992,0.3968970311143908,1,47684.655281498635,5.811949334389195,61.25815328674672,14,2,1
39.88893848073914,1.2796025257911303,0,24353.41575362722,2.672919370688617,3.205584754361759,31,0,1
17.381927839449045,2.2705236126513255,1,344.7359082141618,9.78537931408244,18.706569995093638,39,0,1
20.088364612558415,3.0815823035682053,0,61804.42274452695,5.19825284025612,117.51899171547541,17,1,1
20.49522020643885,0.9293327020699832,1,85596.85224153566,0.9031748945556894,77.62069507862088,4,0,0
12.756154119731757,3.083639722035005,1,12391.666158432816,7.426690450357231,117.62543838263008,44,0,1
40.75160828305753,1.0479778749487,1,2151.747769297386,2.76101709418174,34.43036415595968,33,0,1
38.894891889715325,1.1923709391481547,1,12786.42497626815,3.3666678435950077,94.8143534909031,33,0,0
31.25689765954832,4.943867993365771,1,83296.23845038476,9.706271169772588,95.17929237936586,21,0,2
31.14433713600068,4.853900018108239,1,25239.4187004651,0.15226396175504253,119.85133741059231,33,0,1
20.267790317337948,3.1822279438402754,1,66567.21578416486,0.8361190668322536,3.3470134606916675,42,1,1
32.470174514682526,1.115299927066864,0,73114.99197009919,2.5323079032483817,95.14436844137157,5,2,2
35.202327495884205,2.7982470764775624,1,31504.809349792155,6.245066969042915,113.4958942232519,43,2,1
45.83976074436351,1.9109237314405148,1,84249.86836180702,4.59122347987826,3.161571908118276,27,0,1
20.16965126646027,1.6732487528735918,1,73050.79263319122,9.191548882986336,92.81237281253017,15,0,2
21.143838254958503,1.115299927066864,0,72752.9380457753,1.1866203354415936,45.580526335311724,8,0,0
28.650927318536873,1.4830250119897015,1,86522.58426303725,0.34179166121788196,93.83349706276131,14,0,2
12.334517125011395,1.9733429064930141,1,9264.568462177978,8.944000720278112,92.59045787031636,44,2,0
12.594928815168798,1.115299927066864,0,85596.85224153566,2.5559932829899177,77.04276741743966,4,0,0
36.283387582826506,2.2613326441357318,1,13068.83536523119,0.7419697628276345,39.781137339219924,38,2,1
30.572074272599615,4.931354894791282,0,62239.7721736295,4.594853245827618,119.85133741059231,19,0,2
13.32422422199927,0.5424578731855592,0,1911.8141568765286,1.6836955885479552,49.014139900419224,40,2,1
32.35581324133887,4.7804795533294975,1,97669.08964305754,7.991768715291734,38.85687112435572,42,0,1
39.88893848073914,1.2796025257911303,0,806.2768105604409,2.672919370688617,3.205584754361759,33,0,1
15.39416886296458,2.2613326441357318,1,25463.9294382302,0.8635301861411371,39.781137339219924,39,2,1
30.09016047620325,2.114920940721132,0,106853.62801096041,9.062603769913993,7.870648342747288,72,2,2
39.88893848073914,1.2796025257911303,0,24353.41575362722,2.672919370688617,3.205584754361759,33,0,1
22.44123799293046,2.954514258827058,1,53030.08295129687,6.857837932860282,23.272137057829227,23,1,2
27.996171043383956,3.021361480292279,1,75883.32116943001,6.957087123397279,113.85004301486029,99,1,2
21.04637410402586,3.2342901353009395,0,113792.0466124038,0.9480175565902738,45.705882238568705,17,1,0
27.96660650804293,4.55678190224262,0,75544.32499412443,0.7742099444480699,98.14798765208411,32,0,1
30.39896031605484,0.7510305598098421,1,53190.120689430674,7.7285318706569655,43.75148216767321,64,1,1
32.601117590580984,1.856935642211981,0,78411.62633779633,1.359142779637137,77.9773385769868,79,1,0
38.16762860368162,1.4231031875540627,1,35382.40529595777,1.956274006055082,44.790986479611995,64,2,1
19.672799463152515,0.08391026162225368,0,11921.655624128905,8.721121476995089,98.52387284408933,87,2,0
35.21961927141725,0.9077696868136476,1,99893.84240312321,5.508379737647068,61.85991672805255,4,2,1
13.605847146452623,1.9733429064930141,1,56016.748850513,8.944000720278112,113.36797033112161,39,2,0
34.441678577289686,1.9665535504316212,1,111215.3420069761,8.868316708022501,97.47363193987788,57,2,1
28.361503775257162,3.083639722035005,1,22570.724929382166,7.298885924192486,117.62543838263008,44,0,1
15.39416886296458,2.2613326441357318,1,1603.490658573142,0.8635301861411371,39.781137339219924,39,2,1
20.267790317337948,3.0366533378573743,0,61804.42274452695,5.19825284025612,33.239538814270716,37,0,0
12.594928815168798,1.115299927066864,0,85596.85224153566,2.5559932829899177,77.63330817979454,4,0,0
24.892878504314154,0.6699356589968952,0,118763.45352499446,1.6928731475048586,84.55592845212723,10,2,2
26.15118727368719,1.6464468835587693,1,76552.87983891545,4.3335444545193145,51.12300571511997,54,0,2
29.551295940415127,0.4805421676407351,0,11082.05533205926,8.037036342771573,18.187262482574624,48,2,2
12.794295863222604,1.8291995733389799,1,67044.8151782567,9.446389753936186,29.888252261176692,96,2,1
38.62731879445185,2.3008965374497894,1,46369.15121661239,5.101917823797953,119.85133741059231,24,1,2
22.75734428516416,3.5949432194475706,0,22215.855939336634,5.079668132269012,36.761287735052896,85,1,2
21.27214490293764,4.335124346677064,0,98303.50798617915,8.78988487883115,39.87244254081577,25,0,2
45.65461681530573,0.2591782625833705,1,85733.40566971351,5.811949334389195,61.69287824607996,14,2,1
34.04449334720449,4.7804795533294975,1,97027.70286918072,8.318362540924744,13.967965230652194,18,1,1
36.34693414620489,3.600507126076839,0,73241.0745789199,4.972312956807201,18.082117904318913,40,2,2
31.25689765954832,4.943867993365771,1,83729.19696733999,9.706271169772588,95.17929237936586,19,0,2
18.647882599758123,0.5938855464914511,1,82409.72180714185,7.061781706640511,59.029083067273376,90,1,1
16.03457176935049,1.8751087784914977,1,30490.058057149694,4.543633855614413,26.24455719137709,82,1,2
26.306357132475043,1.8153228422003354,0,98303.50798617915,8.78988487883115,40.873746041057856,25,0,2
30.09016047620325,2.114920940721132,0,54231.15459963927,9.062603769913993,7.870648342747288,39,2,2
19.863161659803957,0.10371213417675751,0,11921.655624128905,9.169866580186623,106.58120780801988,87,2,2
31.25689765954832,4.943867993365771,1,83729.19696733999,9.706271169772588,95.17929237936586,19,1,2
29.598097999632188,0.6780410250699749,0,9226.94597482717,1.2176943698664564,84.55592845212723,49,2,2
28.361503775257162,3.5971753850026555,1,22850.286652990373,7.377480197449541,111.48453499145776,44,0,1
39.2896442609093,1.9662971512832665,1,110514.48001223219,5.101917823797953,119.89916868410603,24,2,2
34.10589867215873,0.2591782625833705,1,85733.40566971351,5.811949334389195,61.69287824607996,18,2,1
22.75734428516416,3.548668389151717,0,20631.559456613868,5.1915291663600405,36.761287735052896,63,1,2
15.903160107442545,1.856935642211981,0,6589.764071202189,1.3766904390877628,39.04881935942931,79,1,1
36.726090976219346,0.8246016403008194,1,99893.84240312321,6.811782936861644,49.635646424527536,4,2,1
18.71343039307572,0.6135808478007814,1,67384.96276655864,9.446389753936186,25.65032534643435,96,2,1
40.46942715740822,1.2796025257911303,0,74371.3405402114,3.2900123439789732,3.205584754361759,33,0,1
12.594928815168798,3.1360747444106933,0,85596.85224153566,0.9527359389539041,77.42882979477187,4,0,0
19.719649059546132,0.7696187182167948,0,61804.42274452695,5.184668610855926,33.239538814270716,37,0,0
21.116975044150138,4.166189205411588,1,76552.87983891545,4.3335444545193145,50.121702214877885,54,0,2
13.605847146452623,1.9733429064930141,1,108633.9182967009,9.211477335839076,113.36797033112161,66,2,0
15.990442181719711,1.6579665816590774,1,30490.058057149694,4.858431060714304,26.24455719137709,91,1,0
27.996171043383956,3.021361480292279,1,66561.70571016724,6.957087123397279,113.85004301486029,99,0,2
24.8460764450971,0.47243680156766144,0,118588.46595135693,8.513462829625716,19.88836055103694,9,2,2
36.734759575372735,2.7450727105638557,0,72961.54252429648,4.893718682722655,24.746816006575827,40,2,2
32.726856546740294,2.0278542477963306,1,47048.4997977279,8.868316708022501,96.3236302167355,57,1,1
45.59318798319973,4.7804795533294975,1,97027.70286918072,8.318362540924744,13.967965230652194,14,1,1
38.16762860368162,1.4231031875540627,1,35382.40529595777,1.8444135725886628,44.790986479611995,86,2,1
32.09223129275558,2.2613326441357318,1,74071.86887928125,0.8459825266920523,67.32202989082447,39,2,0
22.44123799293046,3.037690302447868,1,53030.08295129687,5.554434733645688,23.272137057829227,26,1,2
12.728751878633485,1.8095046611330539,1,82069.5742188398,7.061781706640511,60.098757131720724,90,1,1
27.386117626018688,4.55678190224262,0,25526.417604976254,0.7742099444480699,98.14798765208411,32,0,1
18.843879527462654,1.213515615766274,0,113792.0466124038,2.551274997224359,42.4004959074309,17,1,0
30.39896031605484,2.7772374120170085,1,53190.120689430674,7.7421160961125945,43.75148216767321,64,1,1
32.74510184462053,0.9576520068744021,1,48688.930010318196,5.101917823797953,119.85133741059231,0,1,1
32.13165387720675,2.1931478004966665,1,83729.19696733999,0.9224465140304912,67.4609352250859,19,0,2
15.39416886296458,2.2613326441357318,1,23443.07928100574,0.8159100218637976,38.8429458207781,45,2,1
13.52830685619962,1.9022013046038155,1,56270.467989970726,3.8345136472647754,116.72752493771323,39,1,0
45.85614744321989,0.2591782625833705,1,85733.40566971351,5.927544242226103,61.69287824607996,33,0,1
20.203545647009086,2.954514258827058,1,53358.06039551999,5.090010306513167,23.272137057829227,37,1,2
12.809080873821884,1.115299927066864,0,90747.314834931,6.930467811083069,77.63330817979454,4,0,1
28.640855143738843,2.9342525876708034,0,88162.14872411534,0.9237322258038065,77.42882979477187,16,0,1
18.647882599758123,0.77244041327804,0,60357.17781273081,7.100740040648642,59.029083067273376,31,1,1
27.386117626018688,4.55678190224262,0,52410.64125249673,9.929068149241042,98.14798765208411,34,1,1
33.86077055651977,4.7804795533294975,1,98004.3209945597,8.77350785640708,14.751030325249632,18,1,1
31.244512290532704,0.4755810278477903,0,11439.535775338722,9.706271169772588,95.12451710131619,19,1,2
40.55486954884869,1.2796025257911303,0,74371.3405402114,0.8530415561088727,1.1393971089143395,25,1,1
22.347047163848593,1.2590839066624084,0,98303.50798617915,3.177054361296044,2.6590579254628643,25,0,2
45.59318798319973,4.7804795533294975,1,52142.30887447363,8.26635181633188,13.967965230652194,14,1,2
38.601244609616785,2.251014249614235,1,99893.84240312321,5.508379737647068,61.85991672805255,24,2,2
31.21747507509715,4.957174435792899,1,73588.81267974648,9.391662257798757,95.0403870116303,39,2,0
28.361503775257162,3.0823866003542935,1,934.0963074440315,7.350048042826907,117.62543838263008,42,0,1
18.921419995629535,1.213515615766274,0,113498.18136020347,7.660144677390575,43.47485193022086,16,2,0
27.96660650804293,4.55678190224262,0,75544.32499412443,0.7742099444480699,98.14798765208411,13,2,1
20.31960573588033,3.0366533378573743,0,61476.44530030382,6.966080466598138,33.239538814270716,30,0,0
36.528538543135795,0.8246016403008194,1,99893.84240312321,2.1752958806866474,49.635646424527536,4,2,0
12.261779207234113,3.5971753850026555,1,20285.96540287578,7.377480197449541,111.48453499145776,44,0,0
19.719649059546132,0.5910638514302058,1,84314.76992767821,5.145710276835747,33.239538814270716,93,0,0
32.726856546740294,2.0278542477963306,1,55651.998626721834,0.9129411052672003,96.3236302167355,57,0,1
26.223183433702427,1.8153228422003354,0,98282.61043435242,8.334739563348812,40.0906854068786,25,0,2
29.6104833686478,4.972183639977753,1,81549.02430499333,1.2176943698664564,81.99346449759388,49,2,2
20.96092675168788,3.2342901353009395,0,113792.0466124038,3.3850061975156702,45.705882238568705,17,0,0
38.0907724652392,4.355427058419382,0,24353.41575362722,8.492244540463211,40.526407239813985,33,0,1
22.44123799293046,3.037690302447868,1,97915.45567993181,5.39271231429776,23.272137057829227,26,1,1
12.594928815168798,1.115299927066864,0,85596.85224153566,2.5855933563086606,77.63330817979454,4,0,0
15.56181304475659,4.355427058419382,0,24353.41575362722,8.477990836237876,40.44279458903438,33,0,1
45.151112103299134,4.7804795533294975,1,52142.30887447363,8.26635181633188,13.20027846591001,14,1,2
39.88893848073914,1.2796025257911303,0,76345.92074418512,2.672919370688617,67.7841886097286,33,0,1
45.99906370684259,1.917659232667207,1,56270.467989970726,3.8345136472647754,118.87581823479314,38,1,0
27.96660650804293,4.629633048920678,0,80601.6956460563,1.2920522691437937,67.5869971790454,20,0,1
29.815506879942895,2.232260343200514,1,39616.58557275457,9.706271169772588,95.17929237936586,15,0,2
31.21747507509715,4.9206267572962545,1,68251.83834841626,8.099990508301723,95.0403870116303,44,2,0
12.708439349363097,4.3037924833141386,0,90598.62424389723,6.930467811083069,77.63330817979454,19,0,2
21.168704234329592,0.702190264772064,1,48688.930010318196,3.343650438708629,119.94156884960415,0,1,1
14.180242179983868,1.9716020909251468,1,100058.67250474246,2.0267145450765724,49.635646424527536,4,2,0
12.261779207234113,3.5971753850026555,1,20201.434932468976,0.7747068821829974,98.52930013520748,44,0,0
45.85614744321989,0.16217334971825204,1,85733.40566971351,5.927544242226103,109.35392945261384,33,0,1
28.361503775257162,3.0823866003542935,1,934.0963074440315,7.411065097222881,21.999350064621744,42,0,1
35.21961927141725,0.9003382004285049,1,94394.36573007648,5.508379737647068,61.85991672805255,4,2,1
12.594928815168798,3.1360747444106933,0,85596.85224153566,0.653065446557823,77.42882979477187,4,0,0
37.92381862513235,2.2613326441357318,1,23443.07928100574,1.0346163066543181,38.92655847155771,43,2,1
33.168888093888775,2.0278542477963306,1,47048.4997977279,8.868316708022501,83.13210912357793,57,1,1
32.09223129275558,2.2613326441357318,1,22079.473393104054,0.8459825266920523,4.408390262751488,39,2,0
13.143754836620836,4.7804795533294975,1,97027.70286918072,8.318362540924744,8.529125559128047,15,1,1
32.13165387720675,2.119276179322817,1,83802.75434917022,0.7738257006435989,103.55543493062616,12,2,2
40.06870956364572,4.957905352038784,1,87063.46867397538,5.101917823797953,119.85133741059231,24,1,2
24.93770189996244,3.1042704617427592,1,22570.724929382166,9.340149246819589,117.62543838263008,39,0,1
31.363322291389807,1.1191016954860211,1,83877.88755837378,9.706271169772588,95.17929237936586,4,1,1
32.53732437077464,3.2342901353009395,0,113792.0466124038,5.1432735826057066,44.21436371815716,19,0,0
35.95843220457874,0.8263424675328567,1,55801.3634277676,9.088475788716547,106.66867899125693,39,2,0
27.386117626018688,4.55678190224262,0,25610.948075383058,7.380599166274578,111.10322213211073,32,0,1
20.65151882593048,3.7197749663426682,1,22850.286652990373,7.377480197449541,63.81704360038032,44,0,1
24.47176666426169,2.954514258827058,1,48534.740397864305,5.028993251566126,117.74829685356269,37,1,2
38.56841863791907,0.9077696868136476,1,99893.84240312321,5.508379737647068,61.85991672805255,4,2,1
12.809080873821884,4.7534595148038505,0,90747.314834931,6.930467811083069,77.63330817979454,4,0,1
12.0622350682006,3.5971753850026555,1,22209.96308526197,0.654053601111372,111.48453499145776,44,0,0
21.172603162723508,3.0823866003542935,1,934.0963074440315,7.810184677386298,44.23118707354629,38,0,1
21.254798481997323,2.0733373211268207,1,56016.748850513,8.944000720278112,113.36797033112161,4,2,0
11.668304967225,3.1182841495259614,1,17461.37109268264,0.7747068821829974,118.07475016144761,43,0,1
27.96660650804293,4.629633048920678,1,77505.53855867602,1.7071338413302346,38.857101681227206,20,0,1
28.361503775257162,0.41297610996821543,1,85623.5512695892,7.376015406733944,111.48453499145776,33,0,1
44.08942582182046,4.9913849285169745,1,52142.30887447363,9.393944158202999,13.20027846591001,14,1,2
28.345176556299364,3.1059422942344495,1,27129.35934905282,7.298885924192486,117.62543838263008,44,0,1
39.78502012974107,4.843295457368472,1,24353.41575362722,8.492244540463211,40.526407239813985,33,0,1
29.400067050413387,2.3574688632409044,0,84966.66629549976,2.447100209901078,95.17929237936586,4,0,2
14.180242179983868,1.9240869130281157,0,99766.85705458587,2.0633754688645216,49.62059855760868,4,2,0
45.995189878828725,0.14215813948166556,1,86057.5072989757,3.9503920604217564,109.35392945261384,38,0,1
12.594928815168798,1.115299927066864,0,86280.53064735833,2.5739020387280327,77.63330817979454,4,2,0
43.02946726675901,1.1326908406361655,1,52142.30887447363,8.26635181633188,13.967965230652194,14,1,2
12.594928815168798,3.3885532911279146,0,92353.77033063557,7.382848777179557,77.42882979477187,4,0,0
28.14982736425108,3.2342901353009395,0,113792.0466124038,3.4141950233606835,23.474045246198827,17,0,0
10.996164767547896,0.6021989044206365,1,48688.930010318196,3.343650438708629,119.94156884960415,36,1,1
28.982930057099978,3.5612778358309876,1,934.0963074440315,7.350048042826907,98.06476385141521,42,0,0
37.92381862513235,2.2613326441357318,0,26539.291102661,1.0346163066543181,67.65645396975974,43,2,1
45.85614744321989,3.4482050342173087,1,22960.292250033308,5.92900903294117,61.69287824607996,44,0,1
31.21747507509715,4.877511580716736,1,73588.81267974648,8.264069754343286,95.0403870116303,39,2,0
27.69452848696617,3.0819678895433147,1,22570.724929382166,9.340149246819589,117.62543838263008,39,0,1
20.65151882593048,3.7197749663426682,0,22850.286652990373,7.377480197449541,63.81704360038032,48,0,1
13.014165799452094,0.9900914321842549,1,40246.77128891884,9.771516606278894,77.63330817979454,18,0,0
10.816155715226046,3.183589922301466,1,85888.66769155509,0.9160750220884863,77.44387766162163,5,0,0
45.86002127123375,1.9414013327938697,1,55946.36635687476,5.811665829069432,118.87581823479314,33,1,0
36.528538543135795,0.8246016403008194,1,99210.16399719921,2.169634256988036,49.635646424527536,4,0,0
13.605847146452623,2.064548229606965,1,53243.662224694606,8.944000720278112,113.36797033112161,2,2,0
14.180242179983868,1.9716020909251468,1,95204.15617362772,2.0267145450765724,49.635646424527536,39,2,0
30.09016047620325,2.114920940721132,0,106853.62801096041,9.062603769913993,7.870648342747288,72,2,2
39.88893848073914,1.2796025257911303,0,24353.41575362722,2.672919370688617,3.205584754361759,33,0,1
22.44123799293046,2.954514258827058,1,53030.08295129687,6.857837932860282,23.272137057829227,23,1,2
27.996171043383956,3.021361480292279,1,75883.32116943001,6.957087123397279,113.85004301486029,99,1,2
21.04637410402586,3.2342901353009395,0,113792.0466124038,0.9480175565902738,45.705882238568705,17,1,0
27.96660650804293,4.55678190224262,0,75544.32499412443,0.7742099444480699,98.14798765208411,32,0,1
30.39896031605484,0.7510305598098421,1,53190.120689430674,7.7285318706569655,43.75148216767321,64,1,1
32.601117590580984,1.856935642211981,0,78411.62633779633,1.359142779637137,77.9773385769868,79,1,0
38.16762860368162,1.4231031875540627,1,35382.40529595777,1.956274006055082,44.790986479611995,64,2,1
19.672799463152515,0.08391026162225368,0,11921.655624128905,8.721121476995089,98.52387284408933,87,2,0
35.21961927141725,0.9077696868136476,1,99893.84240312321,5.508379737647068,61.85991672805255,4,2,1
13.605847146452623,1.9733429064930141,1,56016.748850513,8.944000720278112,113.36797033112161,39,2,0
34.441678577289686,1.9665535504316212,1,111215.3420069761,8.868316708022501,97.47363193987788,57,2,1
28.361503775257162,3.083639722035005,1,22570.724929382166,7.298885924192486,117.62543838263008,44,0,1
15.39416886296458,2.2613326441357318,1,1603.490658573142,0.8635301861411371,39.781137339219924,39,2,1
20.267790317337948,3.0366533378573743,0,61804.42274452695,5.19825284025612,33.239538814270716,37,0,0
12.594928815168798,1.115299927066864,0,85596.85224153566,2.5559932829899177,77.63330817979454,4,0,0
24.892878504314154,0.6699356589968952,0,118763.45352499446,1.6928731475048586,84.55592845212723,10,2,2
26.15118727368719,1.6464468835587693,1,76552.87983891545,4.3335444545193145,51.12300571511997,54,0,2
29.551295940415127,0.4805421676407351,0,11082.05533205926,8.037036342771573,18.187262482574624,48,2,2
12.794295863222604,1.8291995733389799,1,67044.8151782567,9.446389753936186,29.888252261176692,96,2,1
38.62731879445185,2.3008965374497894,1,46369.15121661239,5.101917823797953,119.85133741059231,24,1,2
22.75734428516416,3.5949432194475706,0,22215.855939336634,5.079668132269012,36.761287735052896,85,1,2
21.27214490293764,4.335124346677064,0,98303.50798617915,8.78988487883115,39.87244254081577,25,0,2
45.65461681530573,0.2591782625833705,1,85733.40566971351,5.811949334389195,61.69287824607996,14,2,1
34.04449334720449,4.7804795533294975,1,97027.70286918072,8.318362540924744,13.967965230652194,18,1,1
36.34693414620489,3.600507126076839,0,73241.0745789199,4.972312956807201,18.082117904318913,40,2,2
31.25689765954832,4.943867993365771,1,83729.19696733999,9.706271169772588,95.17929237936586,19,0,2
18.647882599758123,0.5938855464914511,1,82409.72180714185,7.061781706640511,59.029083067273376,90,1,1
16.03457176935049,1.8751087784914977,1,30490.058057149694,4.543633855614413,26.24455719137709,82,1,2
21.27214490293764,4.335124346677064,1,98303.50798617915,8.78988487883115,40.02981510504438,25,0,2
27.842874038164464,1.4231031875540627,1,78002.64229590322,2.1778760950613494,44.790986479611995,64,2,1
30.604324031700695,0.7471243336693436,1,82409.72180714185,7.757066400116989,59.11214951864022,91,1,1
21.060174095667442,3.2342901353009395,0,115130.41898805709,0.9480175565902738,41.73182145909256,17,2,0
34.340132455078034,1.8086166196272382,1,111215.3420069761,9.014007508181,30.106051374982318,56,2,2
28.087965368609794,3.0843826078741823,1,105953.8685487353,9.05327530677087,119.04958158819713,44,0,2
38.62731879445185,2.3008965374497894,0,45221.58409729057,5.101917823797953,119.85133741059231,24,1,2
24.892878504314154,0.6699356589968952,0,118763.45352499446,1.6928731475048586,83.10626802788767,10,2,2
22.75734428516416,3.73084432315288,0,24748.754588913467,4.925059988455015,30.017279131700214,85,1,2
30.048311906347298,4.827683146840824,0,73241.0745789199,4.707194062988939,18.082117904318913,40,2,1
14.865103205096624,4.839540196942977,1,85555.50617594337,2.2080237201311648,76.98924678159577,21,0,2
29.001908247008245,0.4805421676407351,0,60642.1744934717,8.037036342771573,32.54186445562382,48,2,2
39.720565168773874,1.2796025257911303,0,28033.40230257266,8.924660600027668,3.205584754361759,39,0,1
15.236686867321989,0.27622944330300325,1,1603.490658573142,0.5424639527740571,39.781137339219924,33,2,1
26.195576475673864,1.426775647807169,1,76552.87983891545,4.3335444545193145,46.42763923239824,54,0,2
35.21961927141725,0.9077696868136476,0,99893.84240312321,5.508379737647068,61.70254416383156,14,2,1
38.29136107211948,4.55678190224262,0,39767.82928469431,0.7742099444480699,88.82326393385685,32,0,1
18.44251912527735,0.5977917726319495,1,54890.65165106643,7.0332471771804865,43.66841571630638,63,1,1
19.65899947151093,0.02159837691985189,0,10101.591544271585,8.721121476995089,102.49669497215066,87,1,0
16.524099148778248,1.9659640949923545,1,30490.058057149694,3.8509466540548667,94.86295069734874,83,1,1
29.311202762104113,2.1141780548818683,0,23455.06011085547,7.129747143106224,0.7967278134518869,72,2,1
32.601117590580984,1.856935642211981,1,79559.1934546287,1.359142779637137,77.9773385769868,79,1,0
12.794295863222604,1.8814204963561345,1,64511.926851817814,9.5915514170818,36.63226086452938,96,2,1
34.08349277262557,3.552555151448134,1,97027.70286918072,8.318362540924744,13.967965230652194,20,1,2
31.465872235332526,1.176377115398931,0,83770.54303293226,9.875634094865044,95.82335377684667,4,0,0
20.267790317337948,3.0366533378573743,0,12246.633986377019,5.19825284025612,12.59344652967464,37,0,0
13.782594317656834,1.9733429064930141,1,52507.871026894296,2.2107873042172175,113.36797033112161,33,2,0
48.58782306204242,2.2450593466668347,1,85733.40566971351,5.811949334389195,65.79677612758987,14,2,1
27.95178184139728,3.2410327295133605,1,75883.32116943001,6.957087123397279,117.63924990647213,99,1,2
34.441678577289686,1.9664041477540057,1,114687.25852912664,8.697937132878709,97.51672609348478,58,2,1
28.366382416967074,3.0843826078741823,1,105953.8685487353,9.05327530677087,110.28441890257787,44,0,2
25.559679212613894,0.6699356589968952,0,119530.00497691626,1.6928731475048586,84.55592845212723,10,2,2
21.27214490293764,2.5639566540190706,0,61260.4945679341,4.804059951464017,32.954718151112615,25,0,2
38.54552033614892,4.5680074127638335,0,36316.115743184804,4.79858716103627,93.1454342216706,40,2,1
31.465872235332526,0.7503940377707397,0,82275.91625314397,9.875634094865044,98.75565634525373,25,0,0
48.26072357124255,2.224491224448954,1,85450.42324913178,5.593904507023762,65.79677612758987,14,2,1
22.44123799293046,1.297325097437291,0,53030.08295129687,6.857837932860282,23.25163495361239,32,1,2
14.857232971785132,4.821245439831681,1,86413.00326524425,2.2080237201311648,76.98924678159577,41,2,2
27.83894891512362,4.923590721030477,0,96999.04022545984,0.7888537168774516,13.967965230652194,20,1,1
21.04637410402586,3.163365797991074,1,111311.29665432255,0.9480175565902738,118.51789291035792,17,1,0
13.93456720141117,1.1340805124530364,0,85596.85224153566,2.5559932829899177,77.63330817979454,40,0,0
45.65461681530573,0.2591782625833705,1,85728.29016971936,5.8230799285593955,61.69287824607996,14,2,2
39.76046993526019,0.8950899056749598,1,28033.40230257266,8.958747978139789,5.162563709267388,4,2,1
15.236686867321989,2.969861149198102,1,1603.490658573142,5.371903903893228,39.781137339219924,33,2,1
28.083086726899882,3.083639722035005,1,22570.724929382166,7.298885924192486,117.74280957012725,44,0,1
12.794295863222604,1.7356073207296503,1,64511.926851817814,9.5915514170818,36.63226086452938,96,2,1
20.267790317337948,4.412670228986848,0,98847.43151047608,9.183235975778704,45.48673513948888,37,0,0
29.794152642061505,4.816457628628446,0,76692.78819475809,0.6838083662620225,24.858406816806458,32,0,1
21.27214490293764,4.335124346677064,1,98303.50798617915,8.78988487883115,40.02981510504438,4,0,2
34.35870817140815,4.796239855115911,1,97310.68528975915,8.75373113672809,13.967965230652194,18,1,1
39.88893848073914,2.9367916963235334,1,24353.41575362722,2.672919370688617,3.2298029572428426,22,0,1
13.613717379764118,1.983125273160892,1,52381.33797015122,8.944000720278112,113.36797033112161,21,0,0
38.62731879445185,2.380748625754982,0,45221.58409729057,5.101917823797953,119.85133741059231,24,1,2
29.82241627067662,3.157788156354468,1,75572.98763406993,8.309399440125613,98.14798765208411,32,0,2
13.782594317656834,2.044267243796094,0,54941.9890563599,0.8961524187509293,43.177851523155205,33,2,0
15.39416886296458,2.242552059286526,1,1603.490658573142,0.8635301861411371,39.781137339219924,3,2,1
31.25689765954832,4.943867993365771,1,83734.31246733414,9.688587355674793,95.17929237936586,19,0,1
35.1797145049308,1.2922823069298326,0,99893.84240312321,5.4742539396239245,60.07440909053376,39,0,1
20.267790317337948,0.3452661383885529,0,12246.633986377019,0.26170956723517724,12.59344652967464,37,0,0
45.65461681530573,2.050942439609792,1,86828.93897929919,2.057450067629726,114.67385098205321,14,2,1
13.609524298724423,2.0866158426850587,0,54943.88622432645,8.944000720278112,43.619677245911426,44,2,0
12.239032135288985,1.1905641131463933,1,52507.871026894296,9.514980505930726,113.09959689308462,3,2,0
28.361503775257162,3.193305253416531,1,22570.724929382166,7.298885924192486,3.0288617876988937,44,0,1
21.37631714540743,3.0450768330797735,0,53030.08295129687,6.771414592955431,18.861982209367234,22,1,2
21.290764570970488,4.335124346677064,1,5605.634269472706,8.78988487883115,39.77050702886088,3,2,2
19.296440742407547,3.034281657255878,1,87098.07938571634,5.196875083162547,14.567867066195799,13,2,1
21.04637410402586,3.1601678980677272,1,83439.37985093822,0.8438744254259967,118.51789291035792,17,0,0
16.56549443790064,1.102798553780082,1,28033.40230257266,9.254516472257775,4.2956286469094955,4,2,1
45.65461681530573,3.0526583171949504,1,86828.93897929919,2.057450067629726,103.0884564929525,9,2,1
24.892878504314154,0.6624043498072248,0,118763.45352499446,1.0251513879538798,89.35999424806727,14,2,2
36.646510605403066,2.969861149198102,1,1603.490658573142,5.371903903893228,118.27155944866081,32,2,1
28.083086726899882,3.083639722035005,1,22570.724929382166,2.7994321482443625,117.74280957012725,44,0,1
14.833850276562583,2.242552059286526,1,81549.41419500166,0.9033089088677098,35.40389467375378,1,2,1
14.697824922096242,1.985786764015927,1,53892.16457158476,8.944569384679827,113.5134662956644,19,0,0
38.633081874576604,2.380748625754982,0,44496.73320927933,0.7885802583982513,119.85133741059231,30,1,2
12.986304387329808,2.044267243796094,1,56014.851682546454,0.8058948035949718,112.85723376396075,33,2,0
32.955918785040005,1.959155908748942,0,83770.54303293226,2.493268061926543,94.1049744529773,34,0,0
39.88893848073914,2.9367916963235334,1,24353.41575362722,2.3517928504911634,117.56700931465477,22,0,1
22.3498891685502,0.3452661383885529,1,12246.633986377019,0.3799695898915898,8.664769220170351,38,0,0
15.218067210950704,0.5158363594193549,1,87613.22702961069,0.5424639527740571,40.040445415403425,33,0,1
48.93910428626472,2.2268629050504445,0,10635.016286342041,5.728736523862489,67.1334194397001,38,0,0
31.465872235332526,0.7503940377707397,0,110147.60335560882,9.497742198977825,98.75565634525373,28,1,0
38.59010162449347,2.2613326441357318,1,1603.490658573142,0.8635301861411371,39.50032911777339,39,2,1
21.04637410402586,2.064098913885964,0,115714.94936115101,1.7032261003232874,43.35929077074041,17,1,0
12.594928815168798,1.136000989804016,0,83567.97640734552,2.5559932829899177,77.63330817979454,4,0,0
17.218304731042636,2.1670724165208983,1,46369.15121661239,5.101917823797953,48.97862217251586,25,1,2
39.88893848073914,1.2796025257911303,0,24353.41575362722,7.172373173759135,3.205584754361759,33,0,1
14.865103205096624,4.839540196942977,1,1363.0957378690073,2.23065765361127,76.98924678159577,22,0,2
39.720565168773874,1.276941034936399,0,26522.575727151827,8.924091935625952,0.7793371207132154,39,0,1
28.137882106408533,4.55678190224262,0,90516.5298373274,5.088051842305855,98.14798765208411,25,0,1
14.697824922096242,1.985786764015927,0,54287.60479108771,8.961019846205149,112.75225980936044,19,0,0
22.3498891685502,0.3452661383885529,1,12246.633986377019,1.763002133318162,8.664769220170351,38,0,0
27.884594741869005,2.2763323955670502,1,1662.9883554857406,7.449617552888936,109.1371649693767,39,0,1
12.128392888539567,1.1905641131463933,1,52322.35085269821,0.707699146256169,113.09959689308462,3,2,0
28.361503775257162,3.083639722035005,1,22570.724929382166,7.298885924192486,117.68254193146991,44,0,0
24.892878504314154,0.4021392517628908,0,1708.518886772843,5.265683635305363,118.10522148332893,34,2,1
12.986304387329808,2.044267243796094,1,27634.487618750438,0.8058948035949718,112.85723376396075,6,2,0
15.236686867321989,0.27622944330300325,1,1603.490658573142,0.37761037113791973,39.781137339219924,33,2,1
14.833850276562583,2.242552059286526,1,81549.41419500166,0.9033089088677098,35.40389467375378,1,2,0
44.5873277922594,2.224491224448954,1,85422.90022233347,5.593904507023762,65.79677612758987,4,0,1
13.613717379764118,2.0662244451157883,1,52381.33797015122,1.5609979628547146,113.36797033112161,21,0,0
40.776250040745886,2.044267243796094,1,28228.7700485974,0.9441878907640842,50.98311402929784,20,2,0
31.465872235332526,0.7503940377707397,1,87692.60033573386,9.902568648845946,98.75565634525373,33,0,0
20.257667534844295,4.335124346677064,0,101717.10757718253,8.78988487883115,40.02981510504438,39,0,0
31.465872235332526,1.176377115398931,1,83375.10281217367,9.945260229929069,96.5845222179314,4,0,0
15.592671031128749,3.068639970603676,1,22547.511163435593,0.7200593449355943,47.952597473370076,45,2,1
15.504808298025772,2.242552059286526,1,1603.490658573142,9.448436534044701,40.1033749356398,3,2,1
20.267790317337948,3.0366533378573743,0,12246.633986377019,5.19825284025612,12.59344652967464,37,0,1
36.646510605403066,2.969861149198102,1,118492.33384528612,1.7990950004663495,84.60627165045209,8,2,2
39.76046993526019,0.8950899056749598,1,56413.766388579985,8.958747978139789,5.162563709267388,31,2,1
13.782594317656834,1.9733429064930141,1,52507.871026894296,1.1250103140558507,113.36797033112161,33,2,1
16.214133436900866,1.136000989804016,0,83595.49943414383,2.161856800158944,70.0342910562782,18,2,0
21.04637410402586,3.077068726111487,1,83439.37985093822,8.229408745801548,118.51789291035792,17,0,0
12.929468491469628,2.9367916963235334,0,55359.9799382287,2.624884272367446,3.2298029572428426,35,0,1
15.218067210950704,0.5158363594193549,0,82196.54294702077,0.5424639527740571,40.040445415403425,24,0,1
21.282267685431293,0.3452661383885529,1,8971.747102605783,0.26170956723517724,12.59344652967464,3,0,2
28.088512243727916,2.8369397971174695,1,22570.724929382166,7.298885924192486,117.62900361095575,44,0,1
20.267790317337948,3.0366533378573743,0,12246.633986377019,4.877405983931231,9.273198251192706,38,0,0
28.356078258429125,3.083639722035005,1,22570.724929382166,7.298885924192486,117.73924434180157,44,0,1
14.833850276562583,2.242552059286526,1,81549.41419500166,0.0799596100989648,11.40187402364115,1,2,1
30.09016047620325,2.114920940721132,0,106853.62801096041,9.062603769913993,7.870648342747288,72,2,2
39.88893848073914,1.2796025257911303,0,24353.41575362722,2.672919370688617,3.205584754361759,33,0,1
22.44123799293046,2.954514258827058,1,53030.08295129687,6.857837932860282,23.272137057829227,23,1,2
27.996171043383956,3.021361480292279,1,75883.32116943001,6.957087123397279,113.85004301486029,99,1,2
21.04637410402586,3.2342901353009395,0,113792.0466124038,0.9480175565902738,45.705882238568705,17,1,0
27.96660650804293,4.55678190224262,0,75544.32499412443,0.7742099444480699,98.14798765208411,32,0,1
30.39896031605484,0.7510305598098421,1,53190.120689430674,7.7285318706569655,43.75148216767321,64,1,1
32.601117590580984,1.856935642211981,0,78411.62633779633,1.359142779637137,77.9773385769868,79,1,0
38.16762860368162,1.4231031875540627,1,35382.40529595777,1.956274006055082,44.790986479611995,64,2,1
19.672799463152515,0.08391026162225368,0,11921.655624128905,8.721121476995089,98.52387284408933,87,2,0
35.21961927141725,0.9077696868136476,1,99893.84240312321,5.508379737647068,61.85991672805255,4,2,1
13.605847146452623,1.9733429064930141,1,56016.748850513,8.944000720278112,113.36797033112161,39,2,0
34.441678577289686,1.9665535504316212,1,111215.3420069761,8.868316708022501,97.47363193987788,57,2,1
28.361503775257162,3.083639722035005,1,22570.724929382166,7.298885924192486,117.62543838263008,44,0,1
15.39416886296458,2.2613326441357318,1,1603.490658573142,0.8635301861411371,39.781137339219924,39,2,1
20.267790317337948,3.0366533378573743,0,61804.42274452695,5.19825284025612,33.239538814270716,37,0,0
12.594928815168798,1.115299927066864,0,85596.85224153566,2.5559932829899177,77.63330817979454,4,0,0
24.892878504314154,0.6699356589968952,0,118763.45352499446,1.6928731475048586,84.55592845212723,10,2,2
26.15118727368719,1.6464468835587693,1,76552.87983891545,4.3335444545193145,51.12300571511997,54,0,2
29.551295940415127,0.4805421676407351,0,11082.05533205926,8.037036342771573,18.187262482574624,48,2,2
12.794295863222604,1.8291995733389799,1,67044.8151782567,9.446389753936186,29.888252261176692,96,2,1
38.62731879445185,2.3008965374497894,1,46369.15121661239,5.101917823797953,119.85133741059231,24,1,2
22.75734428516416,3.5949432194475706,0,22215.855939336634,5.079668132269012,36.761287735052896,85,1,2
21.27214490293764,4.335124346677064,0,98303.50798617915,8.78988487883115,39.87244254081577,25,0,2
45.65461681530573,0.2591782625833705,1,85733.40566971351,5.811949334389195,61.69287824607996,14,2,1
34.04449334720449,4.7804795533294975,1,97027.70286918072,8.318362540924744,13.967965230652194,18,1,1
36.34693414620489,3.600507126076839,0,73241.0745789199,4.972312956807201,18.082117904318913,40,2,2
31.25689765954832,4.943867993365771,1,83729.19696733999,9.706271169772588,95.17929237936586,19,0,2
18.647882599758123,0.5938855464914511,1,82409.72180714185,7.061781706640511,59.029083067273376,90,1,1
16.03457176935049,1.8751087784914977,1,30490.058057149694,4.543633855614413,26.24455719137709,82,1,2
35.11601876977661,4.669241264127198,0,78411.62633779633,1.0696628745785113,76.32917405414408,79,1,0
27.996171043383956,3.016675621828873,1,75539.66661704786,6.957087123397279,113.87087065610505,95,1,1
38.68820507619305,3.4772070667139836,0,17407.534492737654,5.573906375080864,36.761287735052896,85,1,2
30.39896031605484,0.7501809856049725,0,119489.86696333918,7.9446282127233525,43.967294718737215,64,2,1
16.330500742007565,1.9478624346313271,1,31763.149732166476,4.543633855614413,40.35495144854402,25,1,2
14.819014155241419,2.2613326441357318,1,1603.490658573142,0.8635301861411371,39.781137339219924,39,2,1
13.605847146452623,2.2585938478191485,1,46695.17695685777,8.80838996903243,113.36797033112161,39,2,0
21.3467868517671,1.2796025257911303,0,114482.0158207188,0.884702552262771,5.916296605605483,17,1,1
16.95567874472299,2.058217958103166,0,11921.655624128905,8.864943888338109,99.6671445427302,81,2,0
12.793019022051926,1.7961102606745334,1,67099.2524505119,9.446389753936186,31.53499019757705,96,2,1
34.038184485637395,0.9077696868136476,1,96569.77736706566,4.961779995350369,61.85991672805255,4,2,1
30.09016047620325,0.3043648447580859,1,106853.62801096041,5.742915872786611,65.72168781353872,72,2,1
21.389298353214077,2.9544539057166754,1,53030.08295129687,5.226718520403339,23.272137057829227,18,1,2
26.15118727368719,1.6464468835587693,1,82368.58174140297,3.5053713753989513,51.12300571511997,54,0,2
27.920044630516426,1.652172025595958,0,75544.32499412443,0.8680580717886572,98.14798765208411,32,0,1
28.361503775257162,3.0883255804984104,1,22914.42486758723,7.298885924192486,117.60461061355156,47,0,2
22.236767596638266,1.5408393346720946,1,35392.502388383466,1.4620594018177973,41.28119283118056,64,2,1
28.522916561750044,0.4491746756458058,1,49820.27554628993,1.4771227853987003,88.44040723483496,9,1,2
18.838739986864656,3.731401277511099,0,97030.07940696622,8.78988487883115,25.76204828366087,84,0,2
30.126616331076068,0.4805421676407351,0,11082.05533205926,8.037036342771573,18.187262482574624,48,2,2
36.34693414620489,3.600507126076839,0,73241.0745789199,5.107860738023714,18.082117904318913,40,2,2
39.58852444391133,3.2342901353009395,0,23354.433836705277,2.736235435578891,55.593267013421084,33,0,0
34.441678577289686,0.03605937235416923,1,111215.3420069761,8.724494296679483,97.47363193987788,57,2,1
12.596205656339475,1.1483892397327533,0,85542.41496927552,2.5559932829899177,77.24524139393563,11,0,0
35.22592813298434,4.8001095543634165,1,100351.76790523826,8.271724182070521,13.967965230652194,18,1,1
41.76363659324656,2.07027288585158,0,85733.40566971351,9.131532394758148,0.6977290826120148,14,2,2
20.267790317337948,2.995059598318388,0,61804.42274452695,6.829372252712734,33.239538814270716,37,0,0
31.25689765954832,4.943867993365771,1,83729.19696733999,9.706271169772588,95.17929237936586,20,0,2
18.647882599758123,0.5938855464914511,1,76594.01990465433,7.061781706640511,57.74858170112697,91,1,1
36.43864027039747,3.567494577566222,0,74592.20256519274,2.9161399406660014,3.205584754361759,33,0,1
27.96660650804293,1.866150251142756,0,75544.32499412443,0.7742099444480699,78.10340325872929,79,1,1
40.6165807468763,2.2613326441357318,0,30821.006648399714,0.8635301861411371,40.544458218617535,44,2,1
35.19870154642225,1.940899863743414,0,11921.655624128905,5.697175971589779,99.6671445427302,79,2,1
20.003187666752346,2.2585938478191485,1,46130.65487852161,8.80838996903243,111.94829018096962,46,2,0
46.16486923436691,2.9544539057166754,1,85639.93433993703,5.226718520403339,23.272137057829227,12,2,2
13.009727039344462,1.9733429064930141,1,83974.89171513019,8.944000720278112,95.73297736574285,39,0,2
26.00883059122975,1.6329753668272184,1,73931.16066930669,6.812734611146982,32.572523352884296,54,0,0
22.15018526997925,2.2613326441357318,1,1603.490658573142,0.8635301861411371,39.781137339219924,40,2,1
31.25689765954832,4.395276224115951,1,83729.19696733999,9.706271169772588,79.99861464197716,16,1,2
27.146701820537924,3.2494324482067145,0,23369.86056470693,7.641433239852142,55.593267013421084,34,0,0
30.304784567084944,0.44104568994773685,1,53190.120689430674,7.7285318706569655,43.75148216767321,64,1,2
28.361503775257162,3.1186876755973145,1,93716.98726102723,7.298885924192486,117.60461061355156,48,0,2
12.596205656339475,1.1483892397327533,0,85542.41496927552,2.5559932829899177,5.680646320847082,11,0,0
38.17689778578391,1.9478624346313271,1,38236.13199845402,4.543633855614413,40.35495144854402,25,1,2
22.44123799293046,2.9901187582507758,1,53030.08295129687,6.857852335058047,77.04457394453624,23,0,2
32.601117590580984,4.5471202564285615,0,78411.62633779633,1.359142779637137,98.02192296729838,32,0,0
14.10014569300164,1.5673202044127266,1,44.4129518303198,2.672919370688617,2.5633803905574872,33,0,1
16.9766294926144,0.9093045937485582,1,99893.84240312321,8.676135681458563,61.85991672805255,4,2,0
11.189841757230177,3.0366533378573743,0,62368.94482286314,5.19825284025612,34.55271842313631,35,0,0
21.45124210900236,0.2591782625833705,1,53123.55427397489,6.093211035591352,61.69287824607996,15,1,1
31.858811819851404,4.943867993365771,1,58660.099878744186,9.706271169772588,112.81424359632445,19,2,0
20.41014699979859,3.0085311151369734,0,64118.2274840865,4.350182096023515,50.66712987144164,50,0,2
15.480751217231928,1.5408393346720946,1,35392.502388383466,1.4620594018177973,41.28119283118056,63,2,1
37.13247959905927,4.7804795533294975,1,97027.70286918072,8.318362540924744,12.891166270885051,20,0,1
40.80332590636541,3.0684974091292294,1,22555.298201380512,2.3936875423736206,117.62543838263008,43,0,1
28.61709231071994,0.7236317957650065,1,49820.27554628993,1.4771227853987003,88.44040723483496,9,1,1
34.038184485637395,0.8774121370033185,1,25767.27928501409,4.961779995350369,61.85991672805255,3,2,1
34.02615617669352,3.567494577566222,0,77842.60060185053,2.9161399406660014,75.0781960094751,33,0,1
16.78116824933129,2.4730604028891547,1,47302.468803016156,5.101917823797953,119.85133741059231,24,1,2
12.594928815168798,1.0796956685068406,0,85596.85224153566,2.5559790867185694,23.86091288683449,4,1,0
15.369813977423298,2.308841200527486,1,1603.490658573142,0.8635301861411371,37.266759083978144,11,2,0
35.015342331005655,0.9077696868136476,1,100989.99222741916,6.943435219860596,76.92618079989876,4,2,1
37.13247959905927,4.7804795533294975,1,97071.04428395763,8.318362540924744,11.717924989165436,11,0,1
28.61709231071994,0.7236317957650065,1,2640.8568184998003,3.324374296029421,89.00162036606608,10,2,1
16.26723796277163,1.9478624346313271,1,622.0201873570695,4.543633855614413,40.35495144854402,24,1,2
33.89256630598551,4.909396848856069,0,58543.96674569501,2.5559790867185694,113.27545510289457,19,1,0
35.26847395974371,0.8774121370033185,1,25767.27928501409,4.961779995350369,61.85991672805255,3,2,1
14.070747745898078,0.42682180899094635,1,49820.27554628993,1.4771227853987003,88.44040723483496,9,1,2
32.90078738873836,4.343040981044678,0,25258.24657365012,1.359142779637137,54.25393468744285,32,0,0
11.249690701284955,4.899261456613542,1,97027.70286918072,8.340204339914441,34.65890750530677,18,1,1
45.65461681530573,0.0848262854831705,1,85733.40566971351,5.811949334389195,61.49870458463823,14,2,1
39.91401135039434,1.2971014937443082,0,24353.41575362722,2.635811164984416,0.5074984960321638,33,0,2
21.403648378046288,3.083639722035005,1,53183.21433921423,7.298885924192486,116.39414247959009,44,1,1
31.29565119223683,4.870531075197151,1,53449.853040070695,6.178704967689292,62.52075705414882,15,1,2
13.605847146452623,1.8237394977666614,1,55415.761271241965,8.092400261412035,113.36797033112161,39,0,0
12.620560544075746,1.0413681288873806,0,85542.41496927552,2.045993469841596,85.24972376078682,39,0,1
22.64551493839022,3.5519129188999248,1,51933.81326153623,5.4227968528442485,60.010268910365035,23,0,2
12.596205656339475,1.1483892397327533,0,85499.07355449712,2.8609207663761227,1.4336170280383778,20,0,0
14.819014155241419,2.2613326441357318,1,46957.730943191345,0.8635301861411371,39.219922045773814,38,1,1
14.163408472238201,1.5673202044127266,1,31867.684436741547,2.672919370688617,2.5633803905574872,33,0,1
12.375134650254818,1.0674728649162895,1,85712.98537373918,9.803120476171143,23.05161297172239,4,2,0
16.3397383885831,2.4730604028891547,1,47302.468803016156,5.101917823797953,119.96058231250181,24,1,2
28.51056268447101,2.2585938478191485,1,46695.17695685777,8.80838996903243,113.36797033112161,39,2,0
27.147800731075534,3.2494324482067145,0,76523.28340831149,7.007282382524058,99.36122032330925,34,0,0
33.011878372626995,2.903849786199311,0,62368.94482286314,5.176410428194645,20.07853217660226,35,0,0
38.17689778578391,1.9478624346313271,1,38236.13199845402,4.3518404672126785,40.54912510999007,25,1,2
20.554850195775785,2.954514258827058,1,53030.08295129687,6.89494630155274,22.639567637895546,26,1,1
28.347153750433925,3.2657496279245044,1,27923.641824692248,5.226718520403339,23.757093073955474,21,0,2
21.412488577145517,0.2865182009419809,1,83402.89819957316,9.924887322975442,93.5977241088655,19,0,1
13.009727039344462,1.9733429064930141,1,84575.87929255689,8.951542619220394,95.73297736574285,39,2,2
27.146701820537924,3.2351725149691903,0,23369.86056470693,7.616342965699107,55.593267013421084,41,0,0
22.44123799293046,3.2045905820738874,1,51814.46223311772,6.857837932860282,23.272137057829227,23,1,2
16.317667782430604,2.2613326441357318,1,1254.166554215206,1.3992824769863175,44.36059151817683,39,2,1
30.938700401581656,4.870531075197151,1,53449.853040070695,8.157725429899731,62.493227208625655,15,1,2
38.17689778578391,2.405950860299205,1,38236.13199845402,4.492927057144162,2.205151579189213,25,1,2
14.101847380358324,4.922220825729788,1,49820.27554628993,2.259232379207641,88.44040723483496,19,1,2
28.61709231071994,0.7236317957650065,1,49820.27554628993,1.665811198254292,88.44040723483496,9,1,1
45.416157361594244,1.1616133329648997,0,85499.07355449712,2.7078723001157865,61.88309470244895,20,0,1
28.522935628326124,4.943867993365771,1,59094.886031490925,9.243275019326255,112.96947257864078,18,1,0
16.972192727340072,2.1293702980698237,1,85733.40566971351,5.811949334389195,62.43250912257426,14,2,1
28.612327732200395,1.1483892397327533,0,85542.41496927552,2.6962030834469624,10.08180727772822,11,0,2
28.361503775257162,3.083639722035005,1,22570.724929382166,7.181977036846648,117.62543838263008,44,2,1
13.132132824433851,1.5336883797742342,1,44.4129518303198,1.3765306078902002,2.5633803905574872,33,0,1
21.412488577145517,0.2865182009419809,1,59613.59443074548,2.6862004231367234,93.5977241088655,19,0,0
13.606282810358357,2.3041845023738814,1,46695.17695685777,8.80838996903243,113.36797033112161,38,2,0
21.45124210900236,0.32801088941000645,1,53123.55427397489,6.118301309739862,61.69287824607996,15,1,1
28.61709231071994,0.4742662495561989,1,4020.2041828424008,3.324374296029421,89.00162036606608,10,2,1
15.407001822541542,1.9478624346313271,1,32349.949342840573,4.69379691862644,40.35495144854402,25,1,2
13.96391490539702,1.8237394977666614,1,55415.761271241965,7.09897476077717,118.8769757887098,39,0,0
14.163408472238201,1.5673202044127266,1,31867.684436741547,2.7236261691703603,40.86606422523159,33,0,1
31.25689765954832,0.9210509978124815,1,83729.19696733999,9.209425485187342,95.17929237936586,9,0,2
22.64551493839022,3.625931830079531,1,51933.81326153623,5.234115729790014,60.010268910365035,28,0,2
12.872944598379586,0.24597438651274578,1,85733.40566971351,5.964997814745012,1.770474364484425,14,2,0
31.858792753275324,0.7476427456732336,1,49385.48939354319,1.8993394620897308,88.28484190118459,10,2,2
45.45789979425851,0.2536944412771518,1,47302.468803016156,5.101917823797953,117.84755404723178,16,1,2
12.337378153796035,3.2657496279245044,1,27923.641824692248,5.555942175081946,23.955975484129226,21,0,0
35.26847395974371,0.8774121370033185,1,25767.27928501409,5.078688882539157,61.85991672805255,4,0,1
33.53198151358831,4.579495327596874,0,78411.62633779633,2.655531542758105,98.02192296729838,32,0,0
33.89256630598551,4.909396848856069,0,82333.27051441956,9.68048357020957,113.27545510289457,19,1,1
15.369378313517704,2.2632505459727534,1,1351.2327994863801,0.8635301861411371,37.266759083978144,12,2,0
30.09016047620325,2.114920940721132,0,106853.62801096041,9.062603769913993,7.870648342747288,72,2,2
39.88893848073914,1.2796025257911303,0,24353.41575362722,2.672919370688617,3.205584754361759,33,0,1
22.44123799293046,2.954514258827058,1,53030.08295129687,6.857837932860282,23.272137057829227,23,1,2
27.996171043383956,3.021361480292279,1,75883.32116943001,6.957087123397279,113.85004301486029,99,1,2
21.04637410402586,3.2342901353009395,0,113792.0466124038,0.9480175565902738,45.705882238568705,17,1,0
27.96660650804293,4.55678190224262,0,75544.32499412443,0.7742099444480699,98.14798765208411,32,0,1
30.39896031605484,0.7510305598098421,1,53190.120689430674,7.7285318706569655,43.75148216767321,64,1,1
32.601117590580984,1.856935642211981,0,78411.62633779633,1.359142779637137,77.9773385769868,79,1,0
38.16762860368162,1.4231031875540627,1,35382.40529595777,1.956274006055082,44.790986479611995,64,2,1
19.672799463152515,0.08391026162225368,0,11921.655624128905,8.721121476995089,98.52387284408933,87,2,0
35.21961927141725,0.9077696868136476,1,99893.84240312321,5.508379737647068,61.85991672805255,4,2,1
13.605847146452623,1.9733429064930141,1,56016.748850513,8.944000720278112,113.36797033112161,39,2,0
34.441678577289686,1.9665535504316212,1,111215.3420069761,8.868316708022501,97.47363193987788,57,2,1
28.361503775257162,3.083639722035005,1,22570.724929382166,7.298885924192486,117.62543838263008,44,0,1
15.39416886296458,2.2613326441357318,1,1603.490658573142,0.8635301861411371,39.781137339219924,39,2,1
20.267790317337948,3.0366533378573743,0,61804.42274452695,5.19825284025612,33.239538814270716,37,0,0
12.594928815168798,1.115299927066864,0,85596.85224153566,2.5559932829899177,77.63330817979454,4,0,0
24.892878504314154,0.6699356589968952,0,118763.45352499446,1.6928731475048586,84.55592845212723,10,2,2
26.15118727368719,1.6464468835587693,1,76552.87983891545,4.3335444545193145,51.12300571511997,54,0,2
29.551295940415127,0.4805421676407351,0,11082.05533205926,8.037036342771573,18.187262482574624,48,2,2
12.794295863222604,1.8291995733389799,1,67044.8151782567,9.446389753936186,29.888252261176692,96,2,1
38.62731879445185,2.3008965374497894,1,46369.15121661239,5.101917823797953,119.85133741059231,24,1,2
22.75734428516416,3.5949432194475706,0,22215.855939336634,5.079668132269012,36.761287735052896,85,1,2
21.27214490293764,4.335124346677064,0,98303.50798617915,8.78988487883115,39.87244254081577,25,0,2
45.65461681530573,0.2591782625833705,1,85733.40566971351,5.811949334389195,61.69287824607996,14,2,1
34.04449334720449,4.7804795533294975,1,97027.70286918072,8.318362540924744,13.967965230652194,18,1,1
36.34693414620489,3.600507126076839,0,73241.0745789199,4.972312956807201,18.082117904318913,40,2,2
31.25689765954832,4.943867993365771,1,83729.19696733999,9.706271169772588,95.17929237936586,19,0,2
18.647882599758123,0.5938855464914511,1,82409.72180714185,7.061781706640511,59.029083067273376,90,1,1
16.03457176935049,1.8751087784914977,1,30490.058057149694,4.543633855614413,26.24455719137709,82,1,2
13.605847146452623,1.9733429064930141,1,56016.748850513,8.944000720278112,62.062736181405626,39,2,0
12.412988841818754,4.55678190224262,0,86212.16900138604,0.9958120334543374,98.14798765208411,30,0,1
30.27221594522232,2.0644351706613167,0,106853.62801096041,9.077217994361531,99.01278854050531,87,2,2
34.57398988192149,4.335124346677064,0,111465.10639542917,8.78988487883115,35.53850568631792,25,2,2
30.36858503466887,0.6070914097020093,0,118763.45352499446,7.932363696985229,45.963503477812,65,2,2
20.246129898924465,3.59593559079158,1,46116.11413999636,5.101800146363927,119.70535888071949,24,1,2
20.267790317337948,3.0366533378573743,0,61300.20199187401,5.19825284025612,33.239538814270716,37,0,0
29.551295940415127,0.4805421676407351,0,11082.05533205926,8.037036342771573,16.789406333444063,64,2,1
36.34693414620489,3.737056287528604,0,73533.21676561402,1.2312529326914377,19.206995635523,78,2,2
12.650276830905558,1.8844011900183468,1,30490.058057149694,4.278515822762474,26.24455719137709,82,0,2
24.84331542836752,3.081581043345895,1,52355.77510012414,6.836363656170992,19.822167424361076,46,0,1
12.378633815645106,1.8291995733389799,1,66066.58788427201,9.446389753936186,28.6515082279433,96,2,1
21.010174699824606,2.2613326441357318,1,5283.477207518593,0.947769645162996,39.781137339219924,40,2,1
31.235623120740946,0.9407375483601088,1,83729.19696733999,9.297591283227888,95.17929237936586,14,0,2
19.01831715319864,0.08159315794118616,1,97027.70286918072,8.318362540924744,10.601294708186483,18,1,1
45.65461681530573,0.2591782625833705,1,85733.40566971351,5.811949334389195,112.97741675880545,24,2,1
28.153056025306768,1.115299927066864,0,81772.0873622544,2.5559932829899177,68.308584469093,6,0,0
19.490744015200022,0.1434761583740588,0,13622.186659901734,8.706507252547548,7.525844616812606,72,2,0
21.13983363985784,1.6246758349945196,1,98053.74299616467,8.868316708022501,101.80580232762813,57,0,1
25.31114587235407,0.7505078199159497,1,53190.120689430674,0.975917820760763,83.60206136462617,9,1,1
40.0860131779491,2.299904165903586,0,22468.893037022688,4.901318891937985,22.588919290396625,85,1,2
27.996171043383956,3.021361480292279,1,76387.54192208295,6.957087123397279,113.85004301486029,99,1,2
38.16762860368162,1.4231031875540627,1,35382.40529595777,1.956274006055082,44.790986479611995,48,2,2
32.601117590580984,1.9085008352952684,0,78119.48415110222,5.100240859676158,76.85293031321268,41,1,0
23.621165163796384,1.6371544720319204,1,76552.87983891545,4.3335444545193145,51.12300571511997,56,1,2
28.427798232886545,2.956572937516168,1,23245.03300357167,7.320360200881776,118.67032031278822,23,1,2
39.88893848073914,1.2796025257911303,0,25331.646359948587,2.672919370688617,1.7383256452501135,33,0,1
15.430368270486818,3.2342901353009395,0,110283.15990253979,0.492132179754998,45.705882238568705,16,1,0
38.8702340608015,4.863363294022935,1,99893.84240312321,5.508379737647068,65.96381431263457,4,2,1
33.67406013131471,4.992621842600245,1,82409.72180714185,7.061781706640511,62.40208842020948,90,1,1
30.393894794463325,0.6070914097020093,1,48499.8853003195,7.859754192767583,45.963503477812,47,0,2
21.13983363985784,2.9426526394678802,1,97140.79947088359,8.868316708022501,23.0965137004451,20,1,1
36.34693414620489,1.177003176349366,0,73301.9051194149,2.4377469663676212,23.16382893329577,80,2,2
15.430368270486818,3.2546101643628464,0,110283.15990253979,2.4500671482412715,41.861779200265374,16,1,0
16.898471150524244,1.2796025257911303,1,19784.09874587392,2.672919370688617,3.205584754361759,24,0,2
25.115327317853936,0.8394608159673111,1,53653.81946839801,0.9473083857965012,84.7707435475565,9,1,1
29.67023776815899,0.9077696868136476,1,99893.84240312321,5.946364632624301,61.85991672805255,4,0,1
39.88893848073914,1.2796025257911303,0,21244.83555562039,2.709344661950587,1.7383256452501135,33,0,1
21.27214490293764,4.457319535931157,1,83145.44202603598,9.701159167470918,39.87244254081577,25,0,2
45.65461681530573,0.291818849188476,1,84274.15170735994,6.740994875627468,52.31847648174953,14,2,1
13.605847146452623,2.2544669123495726,1,58336.52733274199,8.944000720278112,40.61400477013265,39,2,1
29.551295940415127,0.36480979179477346,0,1682.612253942787,8.037036342771573,18.187262482574624,48,2,2
26.15118727368719,1.5378171165801875,1,76762.94295020016,4.242679879997361,51.12300571511997,54,2,2
20.39391251904256,4.82832321844834,0,60090.10707459048,5.1301406841535915,99.49433062587387,30,0,1
30.40907163931154,2.3034381528914207,0,46369.15121661239,5.21761419019755,119.85133741059231,6,2,2
25.04045762524831,3.081581043345895,0,119568.89996807072,6.908973160388434,19.822167424361076,64,2,1
22.44123799293046,1.6365374544024207,1,53943.01387127507,6.857837932860282,101.97905140104018,58,0,2
28.153056025306768,3.6753542972836533,0,83158.28710309125,1.1491494724387858,64.35181321585726,4,0,0
12.594928815168798,1.115299927066864,0,85596.85224153566,0.5981148113013167,81.47741119563717,4,0,0
43.23648664142266,3.322489550791131,0,44145.62642885471,5.101800146363927,119.8811693623174,33,1,1
21.04637410402586,3.1453558216969917,0,113280.51321840016,0.9766269915545356,45.705882238568705,17,1,0
28.361503775257162,3.083639722035005,1,22570.724929382166,7.298885924192486,117.62543838263008,44,2,1
31.25689765954832,4.821287204505511,0,98887.26292711547,8.794991763363946,95.17929237936586,19,0,2
28.427798232886545,2.956572937516168,1,19921.98350026904,5.766166755702872,118.67032031278822,23,1,2
21.010174699824606,1.9802086382791728,1,5283.477207518593,0.947769645162996,61.22986875050171,40,2,0
15.39416886296458,2.369769123921834,1,11004.459029193757,0.8635301861411371,39.781137339219924,39,2,1
38.16762860368162,1.406530234271619,1,34234.2479663573,1.9048519408117934,44.790986479611995,48,0,2
12.287004425020577,2.974504115524221,0,87926.48466728283,1.0640523129086512,31.892441345138216,37,0,0
47.228317629802255,2.0618935552196853,1,106853.62801096041,8.961390561290647,99.01278854050531,88,1,2
21.224244397475893,4.5665851446973935,0,86212.16900138604,0.9958120334543374,98.14798765208411,30,0,1
20.296744983150496,3.1585046132419947,0,63216.936888815064,2.5559932829899177,78.14532720306104,4,0,0
37.91758683062585,2.3008965374497894,1,41473.15230125728,5.101917823797953,119.85133741059231,19,1,2
10.911604929593935,0.7505078199159497,1,85699.86688110181,0.975917820760763,84.02181666262383,9,1,0
15.400142167380265,3.2356117878248654,1,53030.08295129687,6.904339104993662,23.272137057829227,23,1,2
31.427425106530656,3.4821972647823407,1,83177.87356452612,1.1491494724387858,64.35181321585726,4,0,0
12.412988841818754,4.084498616283836,0,86212.16900138604,0.7401421350835946,98.14798765208411,39,0,1
15.39416886296458,2.345286417239563,1,11004.459029193757,0.27726999069819125,39.781137339219924,13,2,1
24.831687286665165,3.2188132587996243,0,52495.182524664895,6.865509922688334,19.822167424361076,45,0,1
20.246129898924465,3.5655684042205547,1,90016.71637316907,4.982044981984988,61.17847130642035,24,2,2
28.427798232886545,2.956572937516168,1,19791.22195718271,7.776925620307596,118.67032031278822,29,0,2
28.361503775257162,2.836786545462861,1,36050.45490208415,7.298885924192486,115.98061628180055,44,0,1
29.73893910932868,2.9687115380552367,1,88054.07336396644,1.1849791235316367,61.85991672805255,4,0,1
21.00454339452029,2.038823212569688,1,7148.949127324573,0.8072257964858656,61.02159018287186,40,0,0
20.779750658730585,2.956572937516168,1,19921.98350026904,6.071090212624158,108.93325500068391,41,1,1
25.115327317853936,0.9041803246730062,1,54054.38181003111,1.1938207977810071,84.6072410192551,9,1,1
12.566013132506342,0.99345051626199,0,82829.81254083193,5.19825284025612,32.727520322682565,37,0,0
14.322004554841833,1.9733429064930141,1,63414.002364981185,8.944000720278112,114.27984835108754,39,2,0
25.353054413747685,1.115299927066864,0,53087.10604236916,0.5981148113013167,81.47741119563717,8,0,1
22.471464141031376,2.9531926063031317,0,110283.15990253979,0.46043387000806213,45.705882238568705,18,1,0
27.982528578324427,4.911709528030615,0,76102.33682159374,9.706271169772588,92.02845810823356,19,0,2
15.39416886296458,2.520364098160097,1,1125.2542354889633,0.8635301861411371,39.781137339219924,30,2,1
21.04637410402586,3.1431774956858787,0,113280.51321840016,0.9766269915545356,45.705882238568705,43,1,0
39.90056633147935,1.453676603665317,1,25192.238962458134,2.643773246951151,7.246209572260087,32,0,1
45.65461681530573,0.2725125045637201,1,52589.266738660255,5.811949334389195,119.10486130895556,19,1,1
16.898471150524244,1.2796025257911303,1,23237.909792262875,2.672919370688617,3.3057766317656334,23,1,2
39.88893848073914,1.2705329364937383,0,18140.056022930923,3.387297695295599,4.6144688559709905,33,0,1
12.30951158838581,0.913563599473409,0,99766.25370642889,5.825660060524912,31.892441345138216,37,0,0
21.277776208241953,4.398594786144187,1,84155.63233569005,9.701159167470918,42.71282342775056,25,2,2
28.658222274118575,2.2613326441357318,1,5283.477207518593,0.947769645162996,41.9546809085158,21,2,2
35.21961927141725,0.8430501781079525,1,98931.80666272176,5.500328524160635,61.85991672805255,4,2,1
12.044907186919351,2.3008965374497894,1,43863.23595072121,5.112832509523629,119.99336630781129,21,1,2
27.73495120899165,3.083639722035005,1,63342.65552718994,8.96113158938861,117.62205847882281,44,2,1
25.36013440042554,0.7505078199159497,1,45501.596356527676,6.203841760841268,118.88720450010533,17,1,1
28.34602360563108,2.836786545462861,1,36050.45490208415,7.861597637201969,118.32236566676434,10,0,1
27.7040826907314,4.898147201557308,1,88054.07336396644,1.451806885348618,62.66373386205506,4,0,1
12.566013132506342,1.1985885335447115,0,84302.23474811454,5.19825284025612,31.573008241083908,37,0,0
12.594928815168798,1.115299927066864,0,84091.6698254052,2.63377891156415,39.76064331410361,18,0,0
20.779750658730585,2.5712273905620275,1,19921.98350026904,6.071090212624158,109.56662798114938,41,1,1
16.898471150524244,1.2796025257911303,1,19784.09874587392,0.8436275007073181,4.238511576071112,24,0,2
24.84331542836752,3.0790936687077504,0,61352.59083545413,6.836363656170992,33.439078152796775,46,0,1
15.321819944633992,2.3052552925610703,1,48203.26169022694,5.310382625922633,118.28791476321483,38,1,1
31.427425106530656,3.484263224140984,1,64239.01005614063,1.1491494724387858,64.35181321585726,4,0,0
21.010174699824606,2.084502232984602,1,89458.63614090237,0.947769645162996,61.17929380856975,40,2,2
38.4079290619509,1.453676603665317,1,25192.238962458134,2.6732400449569234,1.6456829000277744,33,0,1
25.115327317853936,1.0265809555199639,1,54054.38181003111,1.1938207977810071,26.340401517156472,9,1,1
38.533560579952045,1.115299927066864,0,83206.76843847267,0.5890813521877205,81.47741119563717,4,0,0
14.948649777935483,1.9733429064930141,1,22642.076102677307,7.28175496973358,114.28322821707194,39,0,0
45.65461681530573,0.2725125045637201,1,52589.266738660255,0.5920009341818564,83.53006381865524,23,1,1
25.130807487480023,0.8394608159673111,1,53653.81946839801,0.9473083857965012,84.7707435475565,48,1,1
29.56877968307596,3.0007206494244336,1,83729.19696733999,9.728572649516435,107.86828266334015,19,0,2
21.00454339452029,2.024495786734001,1,5877.297741649694,0.8072257964858656,62.176102278093154,40,0,0
15.39416886296458,2.3385151717341244,1,12527.781976583232,0.20482225725848746,77.65380220906633,5,2,1
29.67023776815899,0.9586904281853459,1,99893.84240312321,5.946364632624301,61.22327252687934,4,0,1
15.39416886296458,2.2613326441357318,1,1603.490658573142,2.692823223997847,38.78973582455533,39,2,1
20.267790317337948,3.55793290646392,1,52807.60700919696,5.19825284025612,19.6226280859675,37,0,0
38.70064937136931,2.3692978227896977,1,9172.702432105183,0.6574894240631077,39.78161507233391,25,2,2
20.296744983150496,3.156438653883352,0,82155.80039719543,3.541697609144707,78.14532720306104,4,0,0
20.246129898924465,3.461274808131071,1,6050.996031745322,4.982044981984988,61.229046248352304,24,2,0
39.88893848073914,1.2796025257911303,0,25331.646359948587,2.643452572682845,7.33893716589507,33,0,1
15.400142167380265,3.1132144828812724,1,53030.08295129687,6.904339104993662,81.53907536953574,14,1,2
30.09016047620325,2.114920940721132,0,106853.62801096041,9.062603769913993,7.870648342747288,72,2,2
39.88893848073914,1.2796025257911303,0,24353.41575362722,2.672919370688617,3.205584754361759,33,0,1
22.44123799293046,2.954514258827058,1,53030.08295129687,6.857837932860282,23.272137057829227,23,1,2
27.996171043383956,3.021361480292279,1,75883.32116943001,6.957087123397279,113.85004301486029,99,1,2
21.04637410402586,3.2342901353009395,0,113792.0466124038,0.9480175565902738,45.705882238568705,17,1,0
27.96660650804293,4.55678190224262,0,75544.32499412443,0.7742099444480699,98.14798765208411,32,0,1
30.39896031605484,0.7510305598098421,1,53190.120689430674,7.7285318706569655,43.75148216767321,64,1,1
32.601117590580984,1.856935642211981,0,78411.62633779633,1.359142779637137,77.9773385769868,79,1,0
38.16762860368162,1.4231031875540627,1,35382.40529595777,1.956274006055082,44.790986479611995,64,2,1
19.672799463152515,0.08391026162225368,0,11921.655624128905,8.721121476995089,98.52387284408933,87,2,0
35.21961927141725,0.9077696868136476,1,99893.84240312321,5.508379737647068,61.85991672805255,4,2,1
13.605847146452623,1.9733429064930141,1,56016.748850513,8.944000720278112,113.36797033112161,39,2,0
34.441678577289686,1.9665535504316212,1,111215.3420069761,8.868316708022501,97.47363193987788,57,2,1
28.361503775257162,3.083639722035005,1,22570.724929382166,7.298885924192486,117.62543838263008,44,0,1
15.39416886296458,2.2613326441357318,1,1603.490658573142,0.8635301861411371,39.781137339219924,39,2,1
20.267790317337948,3.0366533378573743,0,61804.42274452695,5.19825284025612,33.239538814270716,37,0,0
12.594928815168798,1.115299927066864,0,85596.85224153566,2.5559932829899177,77.63330817979454,4,0,0
24.892878504314154,0.6699356589968952,0,118763.45352499446,1.6928731475048586,84.55592845212723,10,2,2
26.15118727368719,1.6464468835587693,1,76552.87983891545,4.3335444545193145,51.12300571511997,54,0,2
29.551295940415127,0.4805421676407351,0,11082.05533205926,8.037036342771573,18.187262482574624,48,2,2
12.794295863222604,1.8291995733389799,1,67044.8151782567,9.446389753936186,29.888252261176692,96,2,1
38.62731879445185,2.3008965374497894,1,46369.15121661239,5.101917823797953,119.85133741059231,24,1,2
22.75734428516416,3.5949432194475706,0,22215.855939336634,5.079668132269012,36.761287735052896,85,1,2
21.27214490293764,4.335124346677064,0,98303.50798617915,8.78988487883115,39.87244254081577,25,0,2
45.65461681530573,0.2591782625833705,1,85733.40566971351,5.811949334389195,61.69287824607996,14,2,1
34.04449334720449,4.7804795533294975,1,97027.70286918072,8.318362540924744,13.967965230652194,18,1,1
36.34693414620489,3.600507126076839,0,73241.0745789199,4.972312956807201,18.082117904318913,40,2,2
31.25689765954832,4.943867993365771,1,83729.19696733999,9.706271169772588,95.17929237936586,19,0,2
18.647882599758123,0.5938855464914511,1,82409.72180714185,7.061781706640511,59.029083067273376,90,1,1
16.03457176935049,1.8751087784914977,1,30490.058057149694,4.543633855614413,26.24455719137709,82,1,2
30.058064066012342,0.4805421676407351,0,11082.05533205926,8.7711709752241,18.187262482574624,42,2,2
30.09016047620325,2.9087846088219784,0,110805.29351225347,9.15694712627089,11.57817565691645,69,2,2
19.68309656949627,0.08391026162225368,0,10587.210701410673,6.936931821849247,98.52387284408933,90,2,1
25.100752798578267,4.537382019038544,0,75544.32499412443,4.45378281192008,95.59873147208974,32,0,1
12.785474017089214,1.8291995733389799,1,119966.82124654311,9.736786824829288,83.98321228607001,97,2,2
28.802979716473303,1.8815006343181944,1,22804.93496505417,7.298885924192486,117.62543838263008,44,0,2
31.25689765954832,1.6220342225515578,1,83729.19696733999,9.904445252206294,95.17929237936586,19,0,2
20.4977002404619,3.2342901353009395,0,113792.0466124038,0.9480175565902738,47.097811052835,17,1,2
30.234671457250652,2.0095903573524514,1,112234.10457500567,8.88107988714071,44.60798763371205,57,2,1
32.601117590580984,1.652614378906991,0,85253.64887706777,1.2226234836088135,37.67372679886911,81,1,2
33.552999602167716,4.8975695484168895,1,87176.26643988599,8.318362540924744,13.967965230652194,18,1,1
20.290467717475494,3.036555401545903,1,75883.32116943001,5.212548457873898,114.93217529196197,99,1,2
39.88893848073914,1.2796025257911303,0,24183.426048611153,2.8238026738906394,0.08399965107523144,39,0,1
15.39416886296458,1.919436348902734,1,1603.490658573142,0.7603665105033426,63.333059918577824,39,2,1
35.21879095729592,0.9077696868136476,1,99893.84240312321,5.508379737647068,18.83305049249786,4,2,1
20.765376778585704,4.335124346677064,0,98303.50798617915,8.159394606887457,41.03611880197124,25,0,2
22.44123799293046,2.1002480734637214,1,53030.08295129687,6.763481816993906,3.624691383158839,26,1,2
17.59348494595922,0.5938855464914511,1,83773.20700996637,8.845971186074475,59.029083067273376,87,1,0
27.956591424365914,1.665207228085011,1,66617.93772912708,0.5256501927298072,53.6722441335822,54,0,2
24.90215660017873,0.42034445443681845,0,52241.76036222449,1.0264840274581764,30.460973177308993,10,2,1
15.5931146444222,2.8364092419885547,1,30255.848021477697,4.543633855614413,26.24455719137709,85,1,1
38.16762860368162,4.710163223817048,1,35382.40529595777,1.956274006055082,44.790986479611995,64,2,1
38.62731879445185,2.3008965374497894,1,46369.15121661239,5.101917823797953,117.075413967589,24,1,0
34.60596743609388,0.7079940126031077,1,66056.91649903441,7.7157686906941825,96.6170789853017,64,1,1
22.75734428516416,3.5949432194475706,0,22215.855939336634,5.216237658806528,77.06489954885771,85,1,0
13.09647693614992,0.9370903256245553,0,86126.67319384155,2.897985196629752,77.63330817979454,2,0,0
27.973493643363636,3.02145941660375,0,61804.42274452695,6.942791505778399,20.550667881651624,37,0,0
13.605847146452623,1.7055896797506582,1,67011.37989732373,8.853544806002157,119.7501342238796,33,2,0
45.65461681530573,0.2591782625833705,1,85733.40566971351,5.917037836068083,38.140955666876124,14,2,1
36.34776246032622,3.600507126076839,0,73241.0745789199,4.972312956807201,61.10902734883694,38,2,2
15.39416886296458,2.2594850856179702,1,2131.592583300151,0.8635301861411371,46.0541061081703,44,2,1
32.601117590580984,1.652614378906991,0,84666.36450690415,1.3200680875645798,37.67372679886911,82,0,0
22.44123799293046,1.406623897419202,1,53030.08295129687,6.763481816993906,3.624691383158839,20,1,2
13.52652596341911,4.537382019038544,0,80878.87153030452,4.45378281192008,95.59873147208974,4,0,1
14.110756233416225,1.9097403681388436,1,48481.813706595654,0.7825659481140206,63.770162740788315,40,2,0
33.90965050268937,1.7194692537666125,1,83701.78719391102,7.544127127076135,12.79088173308628,18,1,2
21.27214490293764,4.77373735782975,0,89784.52532776089,8.488154268254899,39.87244254081577,25,1,2
35.21879095729592,1.8760741765415214,1,98092.2484591142,7.353230527612263,18.83305049249786,4,2,1
13.605847146452623,1.864685662369785,1,55257.83619615981,2.9103640876091306,112.42956305311968,39,2,0
31.25689765954832,4.531535122510415,1,90997.99424392615,9.706271169772588,95.20359561360358,14,0,2
39.88893848073914,3.659512750918925,0,24399.652723639803,2.672919370688617,3.205584754361759,39,1,1
45.65461681530573,0.2869847571935935,1,88455.3000097986,6.326051999096161,38.140955666876124,23,2,2
35.21961927141725,1.1227294766934475,1,99893.84240312321,5.508379737647068,61.85991672805255,4,2,1
13.57073569817247,1.1324796057146018,0,85596.85224153566,2.247060259271395,77.63330817979454,4,2,0
11.656494815709344,1.8291995733389799,1,119026.7192069794,9.708183708213614,62.34515808325744,100,2,1
28.361503775257162,3.0854872805527545,1,22077.275833488024,7.298885924192486,110.91570978602229,39,0,1
20.267790317337948,3.0366533378573743,0,61619.41088008558,5.19825284025612,33.239538814270716,36,1,2
21.04637410402586,3.2342901353009395,0,113792.0466124038,0.9480175565902738,45.705882238568705,25,1,0
24.670927801987155,0.9207217016125266,0,86045.70182266188,2.897985196629752,104.43043177019646,30,0,0
38.62731879445185,2.3105925182136793,1,712.7321459395534,5.080269442219304,117.075413967589,20,1,1
31.16136696172023,4.780049942242487,1,87203.67621331495,9.893341503438586,96.38010678809673,12,0,1
34.04449334720449,4.341866426796608,1,98047.41127195308,8.8087710885691,13.967965230652194,18,0,1
28.802979716473303,0.9131961453224117,1,24605.822344749242,5.454035134200615,117.62543838263008,31,0,2
39.88893848073914,1.2796025257911303,0,47929.98592882227,8.714460672111564,0.08399965107523144,39,0,1
27.96660650804293,4.967662999564757,0,75544.32499412443,0.7742099444480699,98.12368441784638,19,0,1
22.75734428516416,1.181774629836621,0,22169.618969324052,5.216237658806528,77.06489954885771,85,0,0
22.44123799293046,2.994854656076132,1,51693.03415039371,5.901931689854056,23.272137057829227,14,1,1
11.194784648754837,1.6884100011030378,1,67011.37989732373,9.156655303964016,119.7501342238796,33,0,0
45.65461681530573,0.2591782625833705,1,85989.00825683096,5.615106000397241,83.33093244886155,14,2,2
15.39416886296458,2.2613326441357318,1,1603.490658573142,0.8635301861411371,2.808014517633122,39,0,1
13.605847146452623,1.7262000448727006,1,67011.37989732373,8.83052679534314,119.15434218338625,33,2,0
34.04634807078218,4.932021449045079,1,98047.41127195308,8.779656406938349,13.967965230652194,18,0,1
28.802979716473303,0.9131961453224117,1,20252.178294432633,0.7300595232102833,117.62543838263008,32,0,2
32.05993376505728,2.2617486466303993,0,86045.70182266188,2.8909793268777553,118.82012932735731,15,0,0
15.39416886296458,2.2613326441357318,1,24460.88569099266,0.8503129104311983,39.9388264866524,34,2,1
45.65461681530573,3.1039531660740804,1,85733.40566971351,5.811949334389195,61.69287824607996,14,2,1
13.605847146452623,1.838545235770942,1,55257.83619615981,2.5026715947280564,75.72157517041497,0,2,0
28.802979716473303,1.8815006343181944,1,22804.93496505417,6.5431190058380215,119.67617979791679,44,0,2
31.25689765954832,1.5205573220754292,1,83752.92305844022,9.904445252206294,22.90171873359943,19,0,2
31.106215791046118,4.781748745205056,1,87203.67621331495,9.90020351621846,96.38010678809673,12,0,1
15.39416886296458,3.172545335996748,1,1603.490658573142,0.5030526686921966,117.32570896384627,44,0,1
15.442795943837432,1.7872067762670643,1,1235.7062970934137,5.058702991633963,45.697056074288184,44,2,1
15.39416886296458,4.917812033136305,1,75836.54628236659,0.7607087593194742,97.7527667502388,39,2,1
12.263858426783777,1.1619195897052368,0,85596.85224153566,1.8119370474126892,77.63330817979454,4,0,0
22.44123799293046,1.406623897419202,1,53030.08295129687,7.220927227617149,4.160940896915251,19,1,2
22.44123799293046,2.974244290971167,1,45553.01429437257,5.760941642806957,34.50862385286966,14,1,1
33.551144878590016,4.306624009623085,1,77442.4468162581,8.347477222555492,13.967965230652194,18,1,1
14.110756233416225,1.9097403681388436,1,52139.723770059245,5.507913891696892,63.20853154548364,39,2,0
38.62731879445185,0.9598696186226902,1,46369.15121661239,5.108923693596181,104.38875799587449,24,1,0
39.88893848073914,1.2796025257911303,0,1554.00198638636,2.6861376093859772,3.1027872720515575,33,0,1
20.267790317337948,0.3430388971534952,0,64661.713291871936,5.19825284025612,31.8862371853299,37,0,0
13.09647693614992,1.2454120660323962,0,87481.23484822648,2.897985196629752,114.323537461569,43,0,0
11.194784648754837,1.7260060902121754,1,67011.37989732373,9.21529460751703,117.6983312782717,33,0,0
22.44123799293046,2.7389157333322696,1,53006.35685833321,6.857837932860282,92.39905367592507,23,1,2
25.155903969252414,4.741245574841154,0,73243.56311607518,4.45378281192008,95.59873147208974,32,0,1
28.361503775257162,2.172427030173427,1,22570.724929382166,7.298885924192486,2.718497281487881,40,0,1
38.57949435518894,2.3105925182136793,1,8181.582609573908,1.344355716084604,117.04443040398579,25,1,1
27.715377742374095,1.9279799228727956,0,2031.1650533501816,0.7738676956319382,63.70397641784099,19,0,1
28.700421698047933,3.038867777722797,1,32833.74254226203,7.194940239788313,110.99659024552984,39,0,1
31.25689765954832,4.943867993365771,1,83729.19696733999,9.706271169772588,87.97226006045489,20,0,2
22.44123799293046,2.8893297476741377,1,45553.01429437257,5.760941642806957,34.583469142441295,14,1,1
38.5918534909762,0.35152754942568654,1,85655.0112000439,5.811949334389195,114.15145131492946,29,1,1
13.605847146452623,1.7055896797506582,1,67143.15565090731,8.853544806002157,119.89886764931663,33,0,1
15.39416886296458,2.2530649844819637,1,2131.592583300151,5.379642046387282,46.0541061081703,34,2,1
11.194784648754837,1.7072258742730841,1,83349.03976292902,9.89389660197977,119.7501342238796,19,0,0
22.660053942663748,2.994854656076132,1,51067.98390024692,5.901931689854056,23.272137057829227,14,1,1
38.62731879445185,1.9804330514324984,1,2144.305762853259,5.101917823797953,117.075413967589,20,1,1
30.38153015909078,3.083639722035005,1,98087.48005143038,7.861597637201969,117.62543838263008,44,0,1
31.16136696172023,4.314677995354373,1,1045.9468483802193,1.1165192666744561,97.1454666930082,12,0,1
32.06876741620462,2.3951625172249136,0,85917.45099472367,3.2263680490105866,118.82012932735731,19,0,0
33.41649944126439,1.7930526482829456,1,87277.02126408377,2.5027092377084283,78.92428159524023,17,2,0
14.621874074496247,2.1102469391804197,1,1603.490658573142,9.824253456071691,63.333059918577824,12,2,1
39.446946330977944,1.2796025257911303,1,79823.13260524001,2.672919370688617,3.205584754361759,33,0,2
28.802979716473303,1.063958940140795,1,22065.26053648244,0.19506311863021852,111.02308411739703,33,0,2
28.361503775257162,2.172427030173427,1,98876.38879967644,7.298885924192486,2.718497281487881,40,0,1
22.44123799293046,1.4915384422649969,1,53030.08295129687,6.763481816993906,3.568932893665247,20,1,2
45.64225738147313,2.2190423249654683,1,8317.8771430833,1.344355716084604,61.11648995816866,25,2,1
27.715377742374095,1.9279799228727956,0,2341.70515133518,0.7738676956319382,59.16222045422998,19,2,0
28.802979716473303,0.9196162694825798,1,24605.822344749242,0.9383429906119538,117.62543838263008,45,0,2
31.25689765954832,1.5017414489053829,1,67415.26319283432,9.166904189420805,22.90171873359943,33,0,2
10.99772443994737,1.7260060902121754,1,67636.43014747051,7.6523225520504266,118.74089056411133,33,0,0
38.62731879445185,2.3105925182136793,1,45447.88071014375,5.080269442219304,117.075413967589,24,1,0
34.04449334720449,4.341866426796608,1,22530.542400016217,8.8087710885691,13.967965230652194,18,0,1
15.39416886296458,2.074753892085223,1,90124.93459493615,9.537483460743951,39.01566505802012,39,2,1
31.248064008400974,1.6220342225515578,1,83857.4477952782,9.492048363931191,95.17929237936586,15,0,2
13.744555057791601,4.95687233938738,1,55157.08136151679,8.318268008556501,10.788753494611818,1,1,1
31.879011733646237,4.781748745205056,1,87203.67621331495,0.7193407305614246,96.38010678809673,39,0,1
31.698889808811263,4.943867993365771,0,28259.533930887057,9.970455994847079,87.97226006045489,20,0,1
28.361503775257162,3.0854872805527545,1,20264.19359143822,7.409457757514639,117.51804466745719,38,0,1
34.04634807078218,4.932021449045079,1,21741.541757184634,8.779656406938349,13.967965230652194,18,0,1
