bandwidth,cruise_speed,firm_obstacle,illuminance,obstacle_distance,obstacle_size,power,quality,smoke_intensity
10.675687894633255,1.0320463463125313,1,99552.56864846275,7.692611310300412,53.163024702127835,61,0,1
10.675687894633255,1.0320463463125313,1,99552.56864846275,7.692611310300412,53.163024702127835,25,0,1
10.675687894633255,1.0320463463125313,1,99552.56864846275,7.692611310300412,53.163024702127835,98,0,1
10.675687894633255,1.0320463463125313,1,99552.56864846275,7.692611310300412,53.163024702127835,95,0,1
10.675687894633255,1.0320463463125313,1,99552.56864846275,7.692611310300412,53.163024702127835,6,0,1
10.675687894633255,1.0320463463125313,1,99552.56864846275,7.692611310300412,53.163024702127835,19,0,1
10.675687894633255,1.0320463463125313,1,99552.56864846275,7.692611310300412,53.163024702127835,20,0,1
10.675687894633255,1.0320463463125313,1,99552.56864846275,7.692611310300412,53.163024702127835,18,0,1
10.675687894633255,1.0320463463125313,1,99552.56864846275,7.692611310300412,53.163024702127835,58,0,1
10.675687894633255,1.0320463463125313,1,99552.56864846275,7.692611310300412,53.163024702127835,35,0,1
10.675687894633255,1.0320463463125313,1,99552.56864846275,7.692611310300412,53.163024702127835,48,0,1
10.675687894633255,1.0320463463125313,1,99552.56864846275,7.692611310300412,53.163024702127835,23,0,1
10.675687894633255,1.0320463463125313,1,99552.56864846275,7.692611310300412,53.163024702127835,96,0,1
10.675687894633255,1.0320463463125313,1,99552.56864846275,7.692611310300412,53.163024702127835,67,0,1
10.675687894633255,1.0320463463125313,1,99552.56864846275,7.692611310300412,53.163024702127835,67,0,1
10.675687894633255,1.0320463463125313,1,99552.56864846275,7.692611310300412,53.163024702127835,11,0,1
10.675687894633255,1.0320463463125313,1,99552.56864846275,7.692611310300412,53.163024702127835,16,0,1
10.675687894633255,1.0320463463125313,1,99552.56864846275,7.692611310300412,53.163024702127835,90,0,1
10.675687894633255,1.0320463463125313,1,99552.56864846275,7.692611310300412,53.163024702127835,31,0,1
10.675687894633255,1.0320463463125313,1,99552.56864846275,7.692611310300412,53.163024702127835,86,0,1
10.675687894633255,1.0320463463125313,1,99552.56864846275,7.692611310300412,53.163024702127835,79,0,1
10.675687894633255,1.0320463463125313,1,99552.56864846275,7.692611310300412,53.163024702127835,0,0,1
10.675687894633255,1.0320463463125313,1,99552.56864846275,7.692611310300412,53.163024702127835,47,0,1
10.675687894633255,1.0320463463125313,1,99552.56864846275,7.692611310300412,53.163024702127835,54,0,1
10.675687894633255,1.0320463463125313,1,99552.56864846275,7.692611310300412,53.163024702127835,47,0,1
10.675687894633255,1.0320463463125313,1,99552.56864846275,7.692611310300412,53.163024702127835,10,0,1
10.675687894633255,1.0320463463125313,1,99552.56864846275,7.692611310300412,53.163024702127835,72,0,1
10.675687894633255,1.0320463463125313,1,99552.56864846275,7.692611310300412,53.163024702127835,26,0,1
10.675687894633255,1.0320463463125313,1,99552.56864846275,7.692611310300412,53.163024702127835,35,0,1
10.675687894633255,1.0320463463125313,1,99552.56864846275,7.692611310300412,53.163024702127835,42,0,1
49.72378355673995,2.2680806092663826,0,10415.487140515817,8.753094124586951,6.67352298195504,52,0,1
49.72378355673995,2.3407329547195035,0,10415.487140515817,8.753094124586951,6.67352298195504,52,0,1
49.72378355673995,4.637583504361632,0,10415.487140515817,8.753094124586951,6.67352298195504,52,0,1
49.72378355673995,1.2938554471107522,0,10415.487140515817,8.753094124586951,6.67352298195504,52,0,1
49.72378355673995,0.9394510539226897,0,10415.487140515817,8.753094124586951,6.67352298195504,52,0,1
49.72378355673995,3.352552370272501,0,10415.487140515817,8.753094124586951,6.67352298195504,52,0,1
49.72378355673995,4.733093516759888,0,10415.487140515817,8.753094124586951,6.67352298195504,52,0,1
49.72378355673995,4.614054377218757,0,10415.487140515817,8.753094124586951,6.67352298195504,52,0,1
49.72378355673995,4.401249999617368,0,10415.487140515817,8.753094124586951,6.67352298195504,52,0,1
49.72378355673995,0.32177847961807393,0,10415.487140515817,8.753094124586951,6.67352298195504,52,0,1
49.72378355673995,4.683480624645668,0,10415.487140515817,8.753094124586951,6.67352298195504,52,0,1
49.72378355673995,3.2462018452723767,0,10415.487140515817,8.753094124586951,6.67352298195504,52,0,1
49.72378355673995,4.357779227626482,0,10415.487140515817,8.753094124586951,6.67352298195504,52,0,1
49.72378355673995,2.040492340279921,0,10415.487140515817,8.753094124586951,6.67352298195504,52,0,1
49.72378355673995,1.0969496725416912,0,10415.487140515817,8.753094124586951,6.67352298195504,52,0,1
49.72378355673995,3.9648503844734657,0,10415.487140515817,8.753094124586951,6.67352298195504,52,0,1
49.72378355673995,3.308172354958918,0,10415.487140515817,8.753094124586951,6.67352298195504,52,0,1
49.72378355673995,3.894200460110361,0,10415.487140515817,8.753094124586951,6.67352298195504,52,0,1
49.72378355673995,1.006723489508849,0,10415.487140515817,8.753094124586951,6.67352298195504,52,0,1
49.72378355673995,0.6717586864919628,0,10415.487140515817,8.753094124586951,6.67352298195504,52,0,1
49.72378355673995,3.818125448188357,0,10415.487140515817,8.753094124586951,6.67352298195504,52,0,1
49.72378355673995,0.10114361855043275,0,10415.487140515817,8.753094124586951,6.67352298195504,52,0,1
49.72378355673995,4.72800340649303,0,10415.487140515817,8.753094124586951,6.67352298195504,52,0,1
49.72378355673995,0.6754393125463276,0,10415.487140515817,8.753094124586951,6.67352298195504,52,0,1
49.72378355673995,3.0005514276480048,0,10415.487140515817,8.753094124586951,6.67352298195504,52,0,1
49.72378355673995,2.095035240057341,0,10415.487140515817,8.753094124586951,6.67352298195504,52,0,1
49.72378355673995,1.6194752606703804,0,10415.487140515817,8.753094124586951,6.67352298195504,52,0,1
49.72378355673995,0.8512313578180231,0,10415.487140515817,8.753094124586951,6.67352298195504,52,0,1
49.72378355673995,3.9019140064655238,0,10415.487140515817,8.753094124586951,6.67352298195504,52,0,1
49.72378355673995,4.572622936277961,0,10415.487140515817,8.753094124586951,6.67352298195504,52,0,1
39.15485527444827,4.985894043025633,0,105180.66348369271,1.3998520527900316,12.580348529426587,3,0,2
34.011391502682145,4.985894043025633,0,105180.66348369271,1.3998520527900316,12.580348529426587,3,0,2
38.45815481194356,4.985894043025633,0,105180.66348369271,1.3998520527900316,12.580348529426587,3,0,2
31.443544260446274,4.985894043025633,0,105180.66348369271,1.3998520527900316,12.580348529426587,3,0,2
32.33061367211856,4.985894043025633,0,105180.66348369271,1.3998520527900316,12.580348529426587,3,0,2
46.243354805983046,4.985894043025633,0,105180.66348369271,1.3998520527900316,12.580348529426587,3,0,2
21.30561642177313,4.985894043025633,0,105180.66348369271,1.3998520527900316,12.580348529426587,3,0,2
18.88855593163688,4.985894043025633,0,105180.66348369271,1.3998520527900316,12.580348529426587,3,0,2
47.878728189087475,4.985894043025633,0,105180.66348369271,1.3998520527900316,12.580348529426587,3,0,2
47.724667060855154,4.985894043025633,0,105180.66348369271,1.3998520527900316,12.580348529426587,3,0,2
29.039885092500942,4.985894043025633,0,105180.66348369271,1.3998520527900316,12.580348529426587,3,0,2
42.03112004432417,4.985894043025633,0,105180.66348369271,1.3998520527900316,12.580348529426587,3,0,2
39.72999901345602,4.985894043025633,0,105180.66348369271,1.3998520527900316,12.580348529426587,3,0,2
47.97064484627881,4.985894043025633,0,105180.66348369271,1.3998520527900316,12.580348529426587,3,0,2
13.268131570467126,4.985894043025633,0,105180.66348369271,1.3998520527900316,12.580348529426587,3,0,2
45.92628790034716,4.985894043025633,0,105180.66348369271,1.3998520527900316,12.580348529426587,3,0,2
30.00495390671828,4.985894043025633,0,105180.66348369271,1.3998520527900316,12.580348529426587,3,0,2
27.958535262928574,4.985894043025633,0,105180.66348369271,1.3998520527900316,12.580348529426587,3,0,2
37.470404561174405,4.985894043025633,0,105180.66348369271,1.3998520527900316,12.580348529426587,3,0,2
34.65907287760835,4.985894043025633,0,105180.66348369271,1.3998520527900316,12.580348529426587,3,0,2
27.46145287824674,4.985894043025633,0,105180.66348369271,1.3998520527900316,12.580348529426587,3,0,2
21.64428594163993,4.985894043025633,0,105180.66348369271,1.3998520527900316,12.580348529426587,3,0,2
46.74655704875965,4.985894043025633,0,105180.66348369271,1.3998520527900316,12.580348529426587,3,0,2
42.7524222693985,4.985894043025633,0,105180.66348369271,1.3998520527900316,12.580348529426587,3,0,2
14.098543259007158,4.985894043025633,0,105180.66348369271,1.3998520527900316,12.580348529426587,3,0,2
26.178913488158532,4.985894043025633,0,105180.66348369271,1.3998520527900316,12.580348529426587,3,0,2
40.536086551208825,4.985894043025633,0,105180.66348369271,1.3998520527900316,12.580348529426587,3,0,2
45.16237385913258,4.985894043025633,0,105180.66348369271,1.3998520527900316,12.580348529426587,3,0,2
48.48917715812525,4.985894043025633,0,105180.66348369271,1.3998520527900316,12.580348529426587,3,0,2
19.62883557336894,4.985894043025633,0,105180.66348369271,1.3998520527900316,12.580348529426587,3,0,2
49.933284312230974,2.3483455453491593,0,84824.44844933112,3.8160554139358007,101.41041489448605,42,2,2
49.933284312230974,2.3483455453491593,0,84824.44844933112,3.8160554139358007,101.41041489448605,42,2,2
49.933284312230974,2.3483455453491593,0,84824.44844933112,3.8160554139358007,101.41041489448605,42,2,2
49.933284312230974,2.3483455453491593,0,84824.44844933112,3.8160554139358007,101.41041489448605,42,2,2
49.933284312230974,2.3483455453491593,0,84824.44844933112,3.8160554139358007,101.41041489448605,42,2,2
49.933284312230974,2.3483455453491593,0,84824.44844933112,3.8160554139358007,101.41041489448605,42,0,2
49.933284312230974,2.3483455453491593,0,84824.44844933112,3.8160554139358007,101.41041489448605,42,2,2
49.933284312230974,2.3483455453491593,0,84824.44844933112,3.8160554139358007,101.41041489448605,42,0,2
49.933284312230974,2.3483455453491593,0,84824.44844933112,3.8160554139358007,101.41041489448605,42,0,2
49.933284312230974,2.3483455453491593,0,84824.44844933112,3.8160554139358007,101.41041489448605,42,0,2
49.933284312230974,2.3483455453491593,0,84824.44844933112,3.8160554139358007,101.41041489448605,42,0,2
49.933284312230974,2.3483455453491593,0,84824.44844933112,3.8160554139358007,101.41041489448605,42,0,2
49.933284312230974,2.3483455453491593,0,84824.44844933112,3.8160554139358007,101.41041489448605,42,1,2
49.933284312230974,2.3483455453491593,0,84824.44844933112,3.8160554139358007,101.41041489448605,42,2,2
49.933284312230974,2.3483455453491593,0,84824.44844933112,3.8160554139358007,101.41041489448605,42,2,2
49.933284312230974,2.3483455453491593,0,84824.44844933112,3.8160554139358007,101.41041489448605,42,0,2
49.933284312230974,2.3483455453491593,0,84824.44844933112,3.8160554139358007,101.41041489448605,42,1,2
49.933284312230974,2.3483455453491593,0,84824.44844933112,3.8160554139358007,101.41041489448605,42,2,2
49.933284312230974,2.3483455453491593,0,84824.44844933112,3.8160554139358007,101.41041489448605,42,2,2
49.933284312230974,2.3483455453491593,0,84824.44844933112,3.8160554139358007,101.41041489448605,42,0,2
49.933284312230974,2.3483455453491593,0,84824.44844933112,3.8160554139358007,101.41041489448605,42,2,2
49.933284312230974,2.3483455453491593,0,84824.44844933112,3.8160554139358007,101.41041489448605,42,2,2
49.933284312230974,2.3483455453491593,0,84824.44844933112,3.8160554139358007,101.41041489448605,42,0,2
49.933284312230974,2.3483455453491593,0,84824.44844933112,3.8160554139358007,101.41041489448605,42,2,2
49.933284312230974,2.3483455453491593,0,84824.44844933112,3.8160554139358007,101.41041489448605,42,0,2
49.933284312230974,2.3483455453491593,0,84824.44844933112,3.8160554139358007,101.41041489448605,42,2,2
49.933284312230974,2.3483455453491593,0,84824.44844933112,3.8160554139358007,101.41041489448605,42,0,2
49.933284312230974,2.3483455453491593,0,84824.44844933112,3.8160554139358007,101.41041489448605,42,1,2
49.933284312230974,2.3483455453491593,0,84824.44844933112,3.8160554139358007,101.41041489448605,42,0,2
49.933284312230974,2.3483455453491593,0,84824.44844933112,3.8160554139358007,101.41041489448605,42,1,2
18.31582763331192,2.1005691048491166,0,23194.34214357813,1.2604156651274423,58.79813456360234,17,2,0
18.31582763331192,2.1005691048491166,0,113085.84342104848,1.2604156651274423,58.79813456360234,17,2,0
18.31582763331192,2.1005691048491166,0,17487.396195740555,1.2604156651274423,58.79813456360234,17,2,0
18.31582763331192,2.1005691048491166,0,62580.139132659424,1.2604156651274423,58.79813456360234,17,2,0
18.31582763331192,2.1005691048491166,0,14607.117030220104,1.2604156651274423,58.79813456360234,17,2,0
18.31582763331192,2.1005691048491166,0,13042.919755134872,1.2604156651274423,58.79813456360234,17,2,0
18.31582763331192,2.1005691048491166,0,83622.75324143289,1.2604156651274423,58.79813456360234,17,2,0
18.31582763331192,2.1005691048491166,0,106659.17249874436,1.2604156651274423,58.79813456360234,17,2,0
18.31582763331192,2.1005691048491166,0,55360.668035153714,1.2604156651274423,58.79813456360234,17,2,0
18.31582763331192,2.1005691048491166,0,95359.1830379316,1.2604156651274423,58.79813456360234,17,2,0
18.31582763331192,2.1005691048491166,0,103154.39723672853,1.2604156651274423,58.79813456360234,17,2,0
18.31582763331192,2.1005691048491166,0,64270.27852092332,1.2604156651274423,58.79813456360234,17,2,0
18.31582763331192,2.1005691048491166,0,93068.49605679314,1.2604156651274423,58.79813456360234,17,2,0
18.31582763331192,2.1005691048491166,0,35181.845655866964,1.2604156651274423,58.79813456360234,17,2,0
18.31582763331192,2.1005691048491166,0,18049.551629417943,1.2604156651274423,58.79813456360234,17,2,0
18.31582763331192,2.1005691048491166,0,22725.066707937694,1.2604156651274423,58.79813456360234,17,2,0
18.31582763331192,2.1005691048491166,0,889.3100930895279,1.2604156651274423,58.79813456360234,17,2,0
18.31582763331192,2.1005691048491166,0,8582.139252132427,1.2604156651274423,58.79813456360234,17,2,0
18.31582763331192,2.1005691048491166,0,90146.61002668706,1.2604156651274423,58.79813456360234,17,2,0
18.31582763331192,2.1005691048491166,0,108402.47102266569,1.2604156651274423,58.79813456360234,17,2,0
18.31582763331192,2.1005691048491166,0,6908.256971614951,1.2604156651274423,58.79813456360234,17,2,0
18.31582763331192,2.1005691048491166,0,86522.6261208018,1.2604156651274423,58.79813456360234,17,2,0
18.31582763331192,2.1005691048491166,0,93328.10843736061,1.2604156651274423,58.79813456360234,17,2,0
18.31582763331192,2.1005691048491166,0,81760.02857422282,1.2604156651274423,58.79813456360234,17,2,0
18.31582763331192,2.1005691048491166,0,59900.463627763165,1.2604156651274423,58.79813456360234,17,2,0
18.31582763331192,2.1005691048491166,0,58282.74775782929,1.2604156651274423,58.79813456360234,17,2,0
18.31582763331192,2.1005691048491166,0,83372.46222379821,1.2604156651274423,58.79813456360234,17,2,0
18.31582763331192,2.1005691048491166,0,29436.51888134398,1.2604156651274423,58.79813456360234,17,2,0
18.31582763331192,2.1005691048491166,0,90319.96343818618,1.2604156651274423,58.79813456360234,17,2,0
18.31582763331192,2.1005691048491166,0,23109.756316393283,1.2604156651274423,58.79813456360234,17,2,0
39.81863939986454,2.0457616421398086,1,63490.981412604095,3.903993554935361,20.671425559273814,7,2,0
39.81863939986454,2.0457616421398086,1,63490.981412604095,3.903993554935361,20.671425559273814,7,2,0
39.81863939986454,2.0457616421398086,1,63490.981412604095,3.903993554935361,20.671425559273814,7,2,0
39.81863939986454,2.0457616421398086,1,63490.981412604095,3.903993554935361,20.671425559273814,7,2,2
39.81863939986454,2.0457616421398086,1,63490.981412604095,3.903993554935361,20.671425559273814,7,2,1
39.81863939986454,2.0457616421398086,1,63490.981412604095,3.903993554935361,20.671425559273814,7,2,0
39.81863939986454,2.0457616421398086,1,63490.981412604095,3.903993554935361,20.671425559273814,7,2,2
39.81863939986454,2.0457616421398086,1,63490.981412604095,3.903993554935361,20.671425559273814,7,2,0
39.81863939986454,2.0457616421398086,1,63490.981412604095,3.903993554935361,20.671425559273814,7,2,1
39.81863939986454,2.0457616421398086,1,63490.981412604095,3.903993554935361,20.671425559273814,7,2,0
39.81863939986454,2.0457616421398086,1,63490.981412604095,3.903993554935361,20.671425559273814,7,2,2
39.81863939986454,2.0457616421398086,1,63490.981412604095,3.903993554935361,20.671425559273814,7,2,0
39.81863939986454,2.0457616421398086,1,63490.981412604095,3.903993554935361,20.671425559273814,7,2,1
39.81863939986454,2.0457616421398086,1,63490.981412604095,3.903993554935361,20.671425559273814,7,2,0
39.81863939986454,2.0457616421398086,1,63490.981412604095,3.903993554935361,20.671425559273814,7,2,1
39.81863939986454,2.0457616421398086,1,63490.981412604095,3.903993554935361,20.671425559273814,7,2,2
39.81863939986454,2.0457616421398086,1,63490.981412604095,3.903993554935361,20.671425559273814,7,2,1
39.81863939986454,2.0457616421398086,1,63490.981412604095,3.903993554935361,20.671425559273814,7,2,2
39.81863939986454,2.0457616421398086,1,63490.981412604095,3.903993554935361,20.671425559273814,7,2,2
39.81863939986454,2.0457616421398086,1,63490.981412604095,3.903993554935361,20.671425559273814,7,2,1
39.81863939986454,2.0457616421398086,1,63490.981412604095,3.903993554935361,20.671425559273814,7,2,0
39.81863939986454,2.0457616421398086,1,63490.981412604095,3.903993554935361,20.671425559273814,7,2,0
39.81863939986454,2.0457616421398086,1,63490.981412604095,3.903993554935361,20.671425559273814,7,2,2
39.81863939986454,2.0457616421398086,1,63490.981412604095,3.903993554935361,20.671425559273814,7,2,2
39.81863939986454,2.0457616421398086,1,63490.981412604095,3.903993554935361,20.671425559273814,7,2,1
39.81863939986454,2.0457616421398086,1,63490.981412604095,3.903993554935361,20.671425559273814,7,2,1
39.81863939986454,2.0457616421398086,1,63490.981412604095,3.903993554935361,20.671425559273814,7,2,0
39.81863939986454,2.0457616421398086,1,63490.981412604095,3.903993554935361,20.671425559273814,7,2,2
39.81863939986454,2.0457616421398086,1,63490.981412604095,3.903993554935361,20.671425559273814,7,2,2
39.81863939986454,2.0457616421398086,1,63490.981412604095,3.903993554935361,20.671425559273814,7,2,1
15.25880278426306,0.1669430607184269,1,38264.93573999748,5.9276474335891285,9.403734300623011,8,1,0
15.25880278426306,0.1669430607184269,1,38264.93573999748,5.9276474335891285,8.849759799833215,8,1,0
15.25880278426306,0.1669430607184269,1,38264.93573999748,5.9276474335891285,94.7777056555191,8,1,0
15.25880278426306,0.1669430607184269,1,38264.93573999748,5.9276474335891285,26.69343798150534,8,1,0
15.25880278426306,0.1669430607184269,1,38264.93573999748,5.9276474335891285,18.02141073237219,8,1,0
15.25880278426306,0.1669430607184269,1,38264.93573999748,5.9276474335891285,49.1079705409627,8,1,0
15.25880278426306,0.1669430607184269,1,38264.93573999748,5.9276474335891285,31.380341076193737,8,1,0
15.25880278426306,0.1669430607184269,1,38264.93573999748,5.9276474335891285,33.20836866769714,8,1,0
15.25880278426306,0.1669430607184269,1,38264.93573999748,5.9276474335891285,95.2042323541901,8,1,0
15.25880278426306,0.1669430607184269,1,38264.93573999748,5.9276474335891285,56.32183068153569,8,1,0
15.25880278426306,0.1669430607184269,1,38264.93573999748,5.9276474335891285,119.49600419145398,8,1,0
15.25880278426306,0.1669430607184269,1,38264.93573999748,5.9276474335891285,11.799897642695147,8,1,0
15.25880278426306,0.1669430607184269,1,38264.93573999748,5.9276474335891285,35.33694183760508,8,1,0
15.25880278426306,0.1669430607184269,1,38264.93573999748,5.9276474335891285,105.75492759678865,8,1,0
15.25880278426306,0.1669430607184269,1,38264.93573999748,5.9276474335891285,52.243466536921666,8,1,0
15.25880278426306,0.1669430607184269,1,38264.93573999748,5.9276474335891285,92.34413616055215,8,1,0
15.25880278426306,0.1669430607184269,1,38264.93573999748,5.9276474335891285,51.96889368038888,8,1,0
15.25880278426306,0.1669430607184269,1,38264.93573999748,5.9276474335891285,48.71239299423417,8,1,0
15.25880278426306,0.1669430607184269,1,38264.93573999748,5.9276474335891285,106.32116344399743,8,1,0
15.25880278426306,0.1669430607184269,1,38264.93573999748,5.9276474335891285,37.647060862873694,8,1,0
15.25880278426306,0.1669430607184269,1,38264.93573999748,5.9276474335891285,65.57278358036056,8,1,0
15.25880278426306,0.1669430607184269,1,38264.93573999748,5.9276474335891285,67.74757843093664,8,1,0
15.25880278426306,0.1669430607184269,1,38264.93573999748,5.9276474335891285,5.1973392320512435,8,1,0
15.25880278426306,0.1669430607184269,1,38264.93573999748,5.9276474335891285,11.87170560314577,8,1,0
15.25880278426306,0.1669430607184269,1,38264.93573999748,5.9276474335891285,28.32992375279021,8,1,0
15.25880278426306,0.1669430607184269,1,38264.93573999748,5.9276474335891285,0.3270590559851261,8,1,0
15.25880278426306,0.1669430607184269,1,38264.93573999748,5.9276474335891285,81.99397306118269,8,1,0
15.25880278426306,0.1669430607184269,1,38264.93573999748,5.9276474335891285,69.4340205238415,8,1,0
15.25880278426306,0.1669430607184269,1,38264.93573999748,5.9276474335891285,41.04012246144743,8,1,0
15.25880278426306,0.1669430607184269,1,38264.93573999748,5.9276474335891285,50.29508086687884,8,1,0
13.740015145254446,0.9252682849109128,1,61284.235316042315,0.4097306935799794,94.13418501684639,56,2,0
13.740015145254446,0.9252682849109128,1,61284.235316042315,4.0095731564967965,94.13418501684639,56,2,0
13.740015145254446,0.9252682849109128,1,61284.235316042315,8.412833416386762,94.13418501684639,56,2,0
13.740015145254446,0.9252682849109128,1,61284.235316042315,0.37848701511344784,94.13418501684639,56,2,0
13.740015145254446,0.9252682849109128,1,61284.235316042315,6.531467635588591,94.13418501684639,56,2,0
13.740015145254446,0.9252682849109128,1,61284.235316042315,6.9133897460034,94.13418501684639,56,2,0
13.740015145254446,0.9252682849109128,1,61284.235316042315,2.1925692341030767,94.13418501684639,56,2,0
13.740015145254446,0.9252682849109128,1,61284.235316042315,2.9549740070307506,94.13418501684639,56,2,0
13.740015145254446,0.9252682849109128,1,61284.235316042315,1.7960468519745354,94.13418501684639,56,2,0
13.740015145254446,0.9252682849109128,1,61284.235316042315,5.659114090832644,94.13418501684639,56,2,0
13.740015145254446,0.9252682849109128,1,61284.235316042315,3.692949167491859,94.13418501684639,56,2,0
13.740015145254446,0.9252682849109128,1,61284.235316042315,1.3015358100217844,94.13418501684639,56,2,0
13.740015145254446,0.9252682849109128,1,61284.235316042315,2.890153587357267,94.13418501684639,56,2,0
13.740015145254446,0.9252682849109128,1,61284.235316042315,2.443801497099516,94.13418501684639,56,2,0
13.740015145254446,0.9252682849109128,1,61284.235316042315,9.868695255574876,94.13418501684639,56,2,0
13.740015145254446,0.9252682849109128,1,61284.235316042315,6.1035023292522075,94.13418501684639,56,2,0
13.740015145254446,0.9252682849109128,1,61284.235316042315,4.786424573732301,94.13418501684639,56,2,0
13.740015145254446,0.9252682849109128,1,61284.235316042315,4.889646982207405,94.13418501684639,56,2,0
13.740015145254446,0.9252682849109128,1,61284.235316042315,5.7598893937307984,94.13418501684639,56,2,0
13.740015145254446,0.9252682849109128,1,61284.235316042315,9.810683850489799,94.13418501684639,56,2,0
13.740015145254446,0.9252682849109128,1,61284.235316042315,3.8490540260751427,94.13418501684639,56,2,0
13.740015145254446,0.9252682849109128,1,61284.235316042315,0.5719585438577868,94.13418501684639,56,2,0
13.740015145254446,0.9252682849109128,1,61284.235316042315,1.8455818176616978,94.13418501684639,56,2,0
13.740015145254446,0.9252682849109128,1,61284.235316042315,0.0749690097679856,94.13418501684639,56,2,0
13.740015145254446,0.9252682849109128,1,61284.235316042315,2.017193857792506,94.13418501684639,56,2,0
13.740015145254446,0.9252682849109128,1,61284.235316042315,6.025289902423213,94.13418501684639,56,2,0
13.740015145254446,0.9252682849109128,1,61284.235316042315,2.573110226336647,94.13418501684639,56,2,0
13.740015145254446,0.9252682849109128,1,61284.235316042315,8.361577325263461,94.13418501684639,56,2,0
13.740015145254446,0.9252682849109128,1,61284.235316042315,9.515736873967311,94.13418501684639,56,2,0
13.740015145254446,0.9252682849109128,1,61284.235316042315,1.2231022107589073,94.13418501684639,56,2,0
41.474122355095744,4.629689580592903,1,87695.6048268821,2.051281396760558,38.45326777607764,33,2,2
41.474122355095744,4.629689580592903,1,87695.6048268821,2.051281396760558,38.45326777607764,33,2,2
41.474122355095744,4.629689580592903,0,87695.6048268821,2.051281396760558,38.45326777607764,33,2,2
41.474122355095744,4.629689580592903,1,87695.6048268821,2.051281396760558,38.45326777607764,33,2,2
41.474122355095744,4.629689580592903,0,87695.6048268821,2.051281396760558,38.45326777607764,33,2,2
41.474122355095744,4.629689580592903,1,87695.6048268821,2.051281396760558,38.45326777607764,33,2,2
41.474122355095744,4.629689580592903,1,87695.6048268821,2.051281396760558,38.45326777607764,33,2,2
41.474122355095744,4.629689580592903,0,87695.6048268821,2.051281396760558,38.45326777607764,33,2,2
41.474122355095744,4.629689580592903,0,87695.6048268821,2.051281396760558,38.45326777607764,33,2,2
41.474122355095744,4.629689580592903,1,87695.6048268821,2.051281396760558,38.45326777607764,33,2,2
41.474122355095744,4.629689580592903,1,87695.6048268821,2.051281396760558,38.45326777607764,33,2,2
41.474122355095744,4.629689580592903,0,87695.6048268821,2.051281396760558,38.45326777607764,33,2,2
41.474122355095744,4.629689580592903,1,87695.6048268821,2.051281396760558,38.45326777607764,33,2,2
41.474122355095744,4.629689580592903,0,87695.6048268821,2.051281396760558,38.45326777607764,33,2,2
41.474122355095744,4.629689580592903,1,87695.6048268821,2.051281396760558,38.45326777607764,33,2,2
41.474122355095744,4.629689580592903,0,87695.6048268821,2.051281396760558,38.45326777607764,33,2,2
41.474122355095744,4.629689580592903,1,87695.6048268821,2.051281396760558,38.45326777607764,33,2,2
41.474122355095744,4.629689580592903,1,87695.6048268821,2.051281396760558,38.45326777607764,33,2,2
41.474122355095744,4.629689580592903,1,87695.6048268821,2.051281396760558,38.45326777607764,33,2,2
41.474122355095744,4.629689580592903,0,87695.6048268821,2.051281396760558,38.45326777607764,33,2,2
41.474122355095744,4.629689580592903,1,87695.6048268821,2.051281396760558,38.45326777607764,33,2,2
41.474122355095744,4.629689580592903,0,87695.6048268821,2.051281396760558,38.45326777607764,33,2,2
41.474122355095744,4.629689580592903,0,87695.6048268821,2.051281396760558,38.45326777607764,33,2,2
41.474122355095744,4.629689580592903,1,87695.6048268821,2.051281396760558,38.45326777607764,33,2,2
41.474122355095744,4.629689580592903,0,87695.6048268821,2.051281396760558,38.45326777607764,33,2,2
41.474122355095744,4.629689580592903,1,87695.6048268821,2.051281396760558,38.45326777607764,33,2,2
41.474122355095744,4.629689580592903,1,87695.6048268821,2.051281396760558,38.45326777607764,33,2,2
41.474122355095744,4.629689580592903,1,87695.6048268821,2.051281396760558,38.45326777607764,33,2,2
41.474122355095744,4.629689580592903,1,87695.6048268821,2.051281396760558,38.45326777607764,33,2,2
41.474122355095744,4.629689580592903,0,87695.6048268821,2.051281396760558,38.45326777607764,33,2,2
39.15485527444827,2.2680806092663826,1,23194.34214357813,0.4097306935799794,9.403734300623011,61,2,0
34.011391502682145,2.3407329547195035,1,113085.84342104848,4.0095731564967965,8.849759799833215,25,2,0
38.45815481194356,4.637583504361632,0,17487.396195740555,8.412833416386762,94.7777056555191,98,2,0
31.443544260446274,1.2938554471107522,1,62580.139132659424,0.37848701511344784,26.69343798150534,95,2,2
32.33061367211856,0.9394510539226897,0,14607.117030220104,6.531467635588591,18.02141073237219,6,2,1
46.243354805983046,3.352552370272501,1,13042.919755134872,6.9133897460034,49.1079705409627,19,0,0
21.30561642177313,4.733093516759888,1,83622.75324143289,2.1925692341030767,31.380341076193737,20,2,2
18.88855593163688,4.614054377218757,0,106659.17249874436,2.9549740070307506,33.20836866769714,18,0,0
47.878728189087475,4.401249999617368,0,55360.668035153714,1.7960468519745354,95.2042323541901,58,0,1
47.724667060855154,0.32177847961807393,1,95359.1830379316,5.659114090832644,56.32183068153569,35,0,0
29.039885092500942,4.683480624645668,1,103154.39723672853,3.692949167491859,119.49600419145398,48,0,2
42.03112004432417,3.2462018452723767,0,64270.27852092332,1.3015358100217844,11.799897642695147,23,0,0
39.72999901345602,4.357779227626482,1,93068.49605679314,2.890153587357267,35.33694183760508,96,1,1
47.97064484627881,2.040492340279921,0,35181.845655866964,2.443801497099516,105.75492759678865,67,2,0
13.268131570467126,1.0969496725416912,1,18049.551629417943,9.868695255574876,52.243466536921666,67,2,1
45.92628790034716,3.9648503844734657,0,22725.066707937694,6.1035023292522075,92.34413616055215,11,0,2
30.00495390671828,3.308172354958918,1,889.3100930895279,4.786424573732301,51.96889368038888,16,1,1
27.958535262928574,3.894200460110361,1,8582.139252132427,4.889646982207405,48.71239299423417,90,2,2
37.470404561174405,1.006723489508849,1,90146.61002668706,5.7598893937307984,106.32116344399743,31,2,2
34.65907287760835,0.6717586864919628,0,108402.47102266569,9.810683850489799,37.647060862873694,86,0,1
27.46145287824674,3.818125448188357,1,6908.256971614951,3.8490540260751427,65.57278358036056,79,2,0
21.64428594163993,0.10114361855043275,0,86522.6261208018,0.5719585438577868,67.74757843093664,0,2,0
46.74655704875965,4.72800340649303,0,93328.10843736061,1.8455818176616978,5.1973392320512435,47,0,2
42.7524222693985,0.6754393125463276,1,81760.02857422282,0.0749690097679856,11.87170560314577,54,2,2
14.098543259007158,3.0005514276480048,0,59900.463627763165,2.017193857792506,28.32992375279021,47,0,1
26.178913488158532,2.095035240057341,1,58282.74775782929,6.025289902423213,0.3270590559851261,10,2,1
40.536086551208825,1.6194752606703804,1,83372.46222379821,2.573110226336647,81.99397306118269,72,0,0
45.16237385913258,0.8512313578180231,1,29436.51888134398,8.361577325263461,69.4340205238415,26,1,2
48.48917715812525,3.9019140064655238,1,90319.96343818618,9.515736873967311,41.04012246144743,35,0,2
19.62883557336894,4.572622936277961,0,23109.756316393283,1.2231022107589073,50.29508086687884,42,1,1
30.00495390671828,3.308172354958918,1,9601.963088957848,5.796883116120833,48.919396470807484,15,2,1
34.011391502682145,2.3407329547195035,1,113085.84342104848,4.0095731564967965,8.849759799833215,98,2,0
34.65907287760835,0.6717586864919628,0,108402.47102266569,9.810683850489799,38.28595304680162,86,0,1
45.15172423458256,3.2462018452723767,0,64270.27852092332,0.8397481426068278,11.799897642695147,23,0,0
38.640369046149964,4.373628064988841,0,84789.22045986325,8.412833416386762,87.18203716291362,98,2,0
47.35352693951414,4.72800340649303,0,15601.325147028612,1.8455818176616978,3.92026009815957,47,0,2
32.92395414116906,1.3317463429036642,0,14605.213020274554,7.235139657103872,50.28723344652636,49,1,1
46.87618924208204,3.5935029386166333,1,16290.471161017666,9.868695255574876,52.36531634515922,67,2,1
45.92628790034716,3.9648503844734657,0,22725.066707937694,7.924860579699744,92.34413616055215,11,0,2
48.48917715812525,3.9019140064655238,1,4653.542819845876,9.551118156956582,41.04012246144743,36,0,0
38.96833348438798,2.1630648167348614,1,13651.006251111656,0.5567438795378554,6.53347318968477,61,2,0
21.30561642177313,4.733093516759888,1,83622.75324143289,5.4357216643387565,31.380341076193737,19,2,1
23.15772281600224,0.10114361855043275,0,86522.6261208018,0.5719585438577868,67.74757843093664,0,2,0
18.481707456350303,4.432177950703906,0,35181.845655866964,2.9619880434569863,29.240770605214227,69,2,0
44.625722957451245,0.6790681975797117,1,81112.72499519277,0.23456142468742058,9.934787249485733,54,2,2
37.470404561174405,1.006723489508849,1,82485.20232504855,4.749430851342266,109.35688477232554,32,1,2
39.72999901345602,4.357779227626482,1,93068.49605679314,2.890153587357267,35.33694183760508,22,1,1
47.878728189087475,4.401249999617368,0,57776.02755743632,1.7960468519745354,95.2042323541901,58,0,1
42.041769668866266,0.8512313578180231,1,32947.76398122798,7.6611050294879375,69.4340205238415,31,1,2
40.35387231700242,1.6194752606703804,1,16074.109111695863,2.573110226336647,78.59006254651386,72,0,0
27.339465735034697,3.894200460110361,1,88271.94752534581,4.889646982207405,50.08754711878875,85,2,2
19.035495721393655,4.235345150533958,0,23111.660326345038,1.2231022107589073,18.029261254586153,1,2,1
12.660896400922653,0.706210208655629,1,13033.338786974151,6.9133897460034,48.986120732725134,19,0,0
14.098543259007158,3.0005514276480048,0,59900.463627763165,2.017193857792506,27.257178101603586,52,0,1
27.46145287824674,3.8552065494948677,1,85626.53619121065,3.802549329866922,65.57278358036056,87,2,2
29.22640688089647,4.531593438868952,1,112435.26161735822,3.8634362123622346,116.94213819408887,48,0,2
26.178913488158532,2.095035240057341,1,58282.74775782929,2.3184072471351325,0.1956392382650396,10,2,2
31.52143008258843,1.4448778443102857,1,62580.139132659424,0.37848701511344784,26.69343798150534,95,2,2
48.26376199206562,2.3835425838145077,0,106659.17249874436,2.4367874606732807,105.70455595319474,12,0,0
47.724667060855154,0.3181495952091362,1,96006.4866169213,5.565547881166713,56.32183068153569,35,0,0
12.345960382314907,2.4805262169746634,0,113085.84342104848,4.0095731564967965,8.849759799833215,46,2,1
46.87618924208204,3.5935029386166333,1,1304.9402416795883,9.868695255574876,52.36531634515922,67,2,1
19.879870131410268,4.614054377218757,1,83171.95292572145,3.306992890063234,31.463921487438075,18,0,0
31.143215523426647,3.761625909308032,0,14607.117030220104,6.547326075950747,40.87066890500751,6,2,1
46.243354805983046,2.3901944524161665,1,13042.919755134872,2.414455878416453,118.93393011137991,12,0,0
19.659263236579886,4.057265051486274,0,23111.660326345038,1.2231022107589073,50.66314369835109,41,2,1
30.00495390671828,3.308172354958918,1,9601.963088957848,5.319461414508889,48.919396470807484,15,2,1
46.78359828855275,0.3274112107404986,0,92997.12742790309,0.5719585438577868,65.12107014446745,3,2,0
26.172552548589824,2.095035240057341,1,58282.74775782929,3.9012429030097566,0.6061578814415824,10,2,1
22.025210238250217,3.9648503844734657,0,23879.80508320794,6.1035023292522075,92.34413616055215,16,0,1
12.660896400922653,2.8911468965936526,1,13033.338786974151,6.833313484380598,48.986120732725134,52,0,0
45.15172423458256,3.2462018452723767,0,84190.64940812411,0.708826235196244,11.24694314152557,23,0,0
42.126696495173185,3.966239204500405,0,68194.09284527751,8.36907004267354,92.62336222689095,11,0,0
45.00767578035777,3.9019140064655238,1,91646.79443754237,9.515736873967311,41.04012246144743,26,0,2
26.178913488158532,0.8676013387706286,1,58624.11529428997,2.3374919752118513,2.112147035977671,11,1,2
34.57241134116555,3.0005514276480048,1,59900.463627763165,2.017193857792506,28.32992375279021,25,0,0
30.00495390671828,3.5172663172245677,1,18359.21704743973,4.908737843811718,51.96889368038888,16,1,1
18.56556724155083,4.733093516759888,0,107109.96826317602,2.165994824829971,33.124788256452796,20,2,2
48.48917715812525,0.8773186537631019,1,4653.542819845876,9.551118156956582,18.19086438924596,35,0,0
48.26376199206562,3.3459005016700925,0,106659.17249874436,6.935721961879166,32.9299064891583,19,0,0
19.005068058182705,4.569472130304697,0,23109.756316393283,1.2231022107589073,17.661204321297152,2,1,1
13.268131570467126,1.0969496725416912,1,15858.551889881599,9.868695255574876,52.243466536921666,70,2,1
22.555925637089626,0.09551126229586666,1,87034.23628109401,5.659114090832644,56.32183068153569,35,0,0
28.53477626240132,4.531593438868952,1,112435.26161735822,5.987483211775958,118.41781246897254,48,0,2
45.202958629546714,4.733093516759888,1,82468.1355378314,5.4357216643387565,30.247597629920772,11,2,2
14.098543259007158,0.8156297891092654,0,59900.463627763165,2.0972748912339867,27.257178101603586,19,0,1
39.72999901345602,4.357779227626482,1,62849.14450072509,3.021107368708644,35.33694183760508,22,1,1
45.83071144866754,3.165140679749343,0,22725.066707937694,0.8646851136812863,12.101424222119633,23,0,2
48.64386182840645,0.8512313578180231,1,28109.692188030353,8.361577325263461,69.4340205238415,35,1,2
42.041769668866266,2.0786652783651083,1,32606.39644582972,7.642020540953827,68.78931726908928,31,2,2
30.00495390671828,3.4764227062904034,1,4934.531578668899,4.904158726920258,52.75956679055943,35,1,1
18.343718579911666,1.9996029913771731,0,32606.39644582972,1.2123403461376414,68.78931726908928,31,2,2
47.23530852742536,3.352552370272501,1,13042.919755134872,6.130998222263471,49.1079705409627,19,0,1
26.35516154130243,2.2072431516909967,1,59849.06751946979,2.0248051922484818,0.31824535815944355,18,0,0
14.098543259007158,0.8156297891092654,0,86960.91595524829,5.6470754074153815,27.789493592855038,15,0,0
39.846542806223795,3.9800606046489984,1,62570.20120467809,3.13475718630698,35.33694183760508,11,0,1
31.657514611354838,1.6814551829604505,1,14792.098932102152,2.3184072471351325,0.1956392382650396,10,2,2
19.879870131410268,3.2766655607735826,1,77952.931200916,3.200860794914145,47.92319453836887,15,0,0
30.06224959689264,3.3488934419355307,1,10221.266659576071,5.319461414508889,51.33692337525446,11,0,1
45.02018647676816,2.3901944524161665,1,13042.919755134872,2.414455878416453,44.82233263035535,12,0,2
21.56624411222435,4.733093516759888,1,83622.75324143289,2.1925692341030767,31.380341076193737,19,2,1
45.96834463108872,4.062187877656821,0,24783.50429893048,5.195964220355502,1.2581545036147164,11,0,2
12.660896400922653,3.306725480078307,1,13033.338786974151,4.802512881469916,49.00492531600361,20,0,0
48.48917715812525,3.2513551142122794,0,3190.2755451119847,0.7341194744256692,41.04012246144743,36,0,0
42.463481205523,2.8911468965936526,1,22453.967439812244,6.833313484380598,49.79152688188151,52,0,0
48.48917715812525,0.9181735288010515,1,18078.282697951698,9.551118156956582,17.400205819098893,16,0,0
42.70293129634103,4.646991382784956,1,22548.075167017716,7.65340613552935,15.887246080313354,2,1,1
20.999520357052297,3.9648503844734657,0,23879.80508320794,6.885893852992137,92.34413616055215,16,0,0
37.852588758390674,3.0005514276480048,1,58334.143866122664,3.893631568878533,28.32992375279021,25,2,1
22.40184266461901,0.09551126229586666,1,59973.783952460086,2.1093137906704245,55.789515210294184,33,0,1
45.80974397054779,4.342569007450485,0,25280.014287236972,7.811206948314357,92.34413616055215,22,1,2
26.85201254892226,1.0777705955125954,0,58097.956042507016,6.531467635588591,18.02141073237219,6,2,1
34.79479912241651,4.645519973117388,1,9601.963088957848,5.903015211520002,32.4601234198826,17,2,1
42.06940049703353,3.925518117522591,0,67584.58176433515,8.36907004267354,90.2058339468609,15,2,0
46.23084410957266,3.9019140064655238,1,91646.79443754237,9.515736873967311,114.29975713070773,26,0,0
21.30561642177313,4.733093516759888,1,83622.75324143289,5.4357216643387565,36.608097525966414,20,2,2
26.135445804947594,2.095035240057341,1,48946.47560360823,6.097579626288236,91.01090573304333,10,2,1
30.00495390671828,0.7076964316465861,1,7138.101733882278,6.897301438254515,51.95008909711041,17,1,1
49.51332724313822,3.795484889829496,1,66109.40020798925,9.618388664448272,11.799897642695147,23,0,0
16.055705734002768,3.165140679749343,0,17096.779723141888,0.49268817496829564,11.296574218621966,23,0,2
45.92628790034716,3.9648503844734657,1,15591.991031556183,8.570027976495824,92.34413616055215,11,0,0
32.33061367211856,0.9394510539226897,0,14607.117030220104,6.531467635588591,21.598876369237054,6,2,2
19.879870131410268,3.2766655607735826,1,77952.931200916,3.200860794914145,47.92319453836887,13,0,0
45.83071144866754,3.165140679749343,0,63718.53731301839,0.8644605116889237,9.07402399993855,23,0,2
26.144143765002458,2.095035240057341,1,6308.093681381619,3.9012429030097566,51.1358982256468,10,2,1
28.12852166813173,2.095035240057341,1,13118.41458850598,6.041143261665571,6.075794369513385,12,2,0
45.02018647676816,2.3901944524161665,1,13103.800789465302,4.871925460626319,44.94065567201237,12,1,2
21.79354438550514,4.648653172565112,1,83622.75324143289,2.1925692341030767,28.54506256433504,20,2,2
12.621115906040377,3.9648503844734657,0,25103.52984576083,6.085503367500134,92.34413616055215,16,0,0
24.14926551915198,4.0120735095801905,0,27945.83345484676,0.8817867538305346,19.014789995881856,8,1,1
30.158598694457936,3.3071014544358897,1,49294.047534380225,5.796883116120833,104.98514593655773,15,2,1
48.48917715812525,0.4325126269163255,1,18078.282697951698,7.672800343706194,12.389167489057565,4,1,1
12.660896400922653,3.306725480078307,1,10209.725537480643,4.790992296660007,49.00492531600361,20,0,0
42.126696495173185,3.340575653292063,0,68194.09284527751,8.36907004267354,77.69394430920718,11,0,0
23.795732026463774,2.8911468965936526,1,12925.25948286361,6.752075786954775,49.437232383469365,52,0,1
26.35516154130243,2.2231903933476875,0,59849.06751946979,2.1141396149560485,0.04457306828321794,18,0,2
26.420413497978135,2.095035240057341,1,58282.74775782929,2.3184072471351325,0.384663206697784,10,2,1
48.48917715812525,3.9019140064655238,1,4653.542819845876,8.65331893227918,41.04012246144743,37,0,0
45.15172423458256,3.324554856508588,0,23276.812608207,0.8399727445991905,11.799897642695147,23,0,0
30.033362690305648,3.308172354958918,1,58442.47815013262,4.786424573732301,2.085908801225969,16,1,1
46.243354805983046,2.3901944524161665,1,58207.74515548849,2.3986026118299932,116.94153980592215,10,0,1
29.789387566810433,3.5172663172245677,1,18359.21704743973,2.741942635774941,68.5404589041041,16,0,1
34.3068711856834,4.6888177884192395,1,9601.963088957848,5.903015211520002,32.4601234198826,17,2,1
22.06513293690052,0.706210208655629,1,11809.61405820234,6.931388707755474,48.986120732725134,19,0,1
21.056618466943384,4.522248999591815,0,23044.836689991513,6.885893852992137,90.99268380263182,16,0,0
25.981801017207943,3.037157609267372,1,7266.4568918761615,6.097579626288236,50.54525312571724,17,2,1
42.70293129634103,4.9580872475786855,1,22548.075167017716,9.531664835903777,15.887246080313354,16,0,0
30.06224959689264,3.3488934419355307,1,13044.879909069583,5.330981999318799,54.93045015289394,11,0,1
46.243354805983046,3.978215921479322,1,13042.919755134872,6.9133897460034,47.87240832896477,19,0,0
12.42664861681525,3.4764227062904034,1,5042.6112667441075,4.985396424343936,52.75956679055943,35,1,0
39.15485527444827,2.2680806092663826,1,23194.34214357813,0.4097306935799794,9.403734300623011,61,2,0
34.011391502682145,2.3407329547195035,1,113085.84342104848,4.0095731564967965,8.849759799833215,25,2,0
38.45815481194356,4.637583504361632,0,17487.396195740555,8.412833416386762,94.7777056555191,98,2,0
31.443544260446274,1.2938554471107522,1,62580.139132659424,0.37848701511344784,26.69343798150534,95,2,2
32.33061367211856,0.9394510539226897,0,14607.117030220104,6.531467635588591,18.02141073237219,6,2,1
46.243354805983046,3.352552370272501,1,13042.919755134872,6.9133897460034,49.1079705409627,19,0,0
21.30561642177313,4.733093516759888,1,83622.75324143289,2.1925692341030767,31.380341076193737,20,2,2
18.88855593163688,4.614054377218757,0,106659.17249874436,2.9549740070307506,33.20836866769714,18,0,0
47.878728189087475,4.401249999617368,0,55360.668035153714,1.7960468519745354,95.2042323541901,58,0,1
47.724667060855154,0.32177847961807393,1,95359.1830379316,5.659114090832644,56.32183068153569,35,0,0
29.039885092500942,4.683480624645668,1,103154.39723672853,3.692949167491859,119.49600419145398,48,0,2
42.03112004432417,3.2462018452723767,0,64270.27852092332,1.3015358100217844,11.799897642695147,23,0,0
39.72999901345602,4.357779227626482,1,93068.49605679314,2.890153587357267,35.33694183760508,96,1,1
47.97064484627881,2.040492340279921,0,35181.845655866964,2.443801497099516,105.75492759678865,67,2,0
13.268131570467126,1.0969496725416912,1,18049.551629417943,9.868695255574876,52.243466536921666,67,2,1
45.92628790034716,3.9648503844734657,0,22725.066707937694,6.1035023292522075,92.34413616055215,11,0,2
30.00495390671828,3.308172354958918,1,889.3100930895279,4.786424573732301,51.96889368038888,16,1,1
27.958535262928574,3.894200460110361,1,8582.139252132427,4.889646982207405,48.71239299423417,90,2,2
37.470404561174405,1.006723489508849,1,90146.61002668706,5.7598893937307984,106.32116344399743,31,2,2
34.65907287760835,0.6717586864919628,0,108402.47102266569,9.810683850489799,37.647060862873694,86,0,1
27.46145287824674,3.818125448188357,1,6908.256971614951,3.8490540260751427,65.57278358036056,79,2,0
21.64428594163993,0.10114361855043275,0,86522.6261208018,0.5719585438577868,67.74757843093664,0,2,0
46.74655704875965,4.72800340649303,0,93328.10843736061,1.8455818176616978,5.1973392320512435,47,0,2
42.7524222693985,0.6754393125463276,1,81760.02857422282,0.0749690097679856,11.87170560314577,54,2,2
14.098543259007158,3.0005514276480048,0,59900.463627763165,2.017193857792506,28.32992375279021,47,0,1
26.178913488158532,2.095035240057341,1,58282.74775782929,6.025289902423213,0.3270590559851261,10,2,1
40.536086551208825,1.6194752606703804,1,83372.46222379821,2.573110226336647,81.99397306118269,72,0,0
45.16237385913258,0.8512313578180231,1,29436.51888134398,8.361577325263461,69.4340205238415,26,1,2
48.48917715812525,3.9019140064655238,1,90319.96343818618,9.515736873967311,41.04012246144743,35,0,2
19.62883557336894,4.572622936277961,0,23109.756316393283,1.2231022107589073,50.29508086687884,42,1,1
26.178913488158532,2.095035240057341,1,58282.74775782929,6.025289902423213,0.3270590559851261,8,0,1
40.65921182205417,1.1042598686511642,1,18049.551629417943,9.902719782060375,15.346735405727593,26,2,1
21.989848340030047,4.49067924164899,1,113085.84342104848,3.7095963176574864,8.849759799833215,25,2,0
47.874434469566395,2.258616753495711,0,55365.18671192357,1.7962043550711349,93.36473005940921,58,0,0
49.07504236095058,4.448477497516159,1,81900.05203708209,5.076752170970024,11.87170560314577,54,2,2
22.232338685467628,0.06931520954061465,0,86522.6261208018,0.5719585438577868,62.18281255052326,2,2,0
40.48924862548964,1.6194752606703804,1,83372.46222379821,2.573110226336647,81.38754952094533,72,0,0
49.715473260251095,0.5109580889149529,1,95359.1830379316,5.659114090832644,32.484679561058286,35,0,0
44.3620332902284,3.8479989999384014,1,93807.11434396094,3.8490540260751427,65.57278358036056,79,2,0
29.039885092500942,4.837331484245318,1,103154.39723672853,3.692949167491859,96.51956656780568,48,0,2
21.764157307610144,4.6596860045967405,1,86036.60212346508,2.1569777466863895,31.380341076193737,25,2,1
45.92628790034716,3.9654961695277997,0,93537.03501446915,6.37845096587229,41.89975660624281,11,0,2
32.07879921224929,0.8512313578180231,0,29436.51888134398,6.58341169945394,65.90195571067596,7,2,2
34.65907287760835,0.6717586864919628,1,108402.47102266569,9.810683850489799,37.647060862873694,86,2,1
14.098543259007158,3.0005514276480048,0,59900.463627763165,2.017193857792506,28.32992375279021,49,2,1
14.655180197939888,3.238892074257148,0,64270.27852092332,1.3015358100217844,34.39375125038765,69,0,0
31.443544260446274,1.2938554471107522,1,62580.139132659424,0.37848701511344784,25.753880048686227,93,2,2
34.465906183689825,2.429011050808778,0,23109.756316393283,1.2975430691335732,50.29508086687884,42,1,1
47.97493856579989,4.183083195265932,0,35177.32697910913,1.826194517387643,105.75492759678865,75,2,1
27.649619906608535,0.09989786701511294,1,8486.658985130642,0.04524249728823504,48.71239299423417,95,2,2
46.29019252134104,3.352552370272501,1,13042.919755134872,6.724156264434569,49.71439407895373,19,0,0
16.12181286026991,4.614054377218757,0,106659.17249874436,2.9549740070307506,54.083195217645155,18,0,0
28.44911468764051,4.698122498131672,0,6601.142679871191,1.8650533141103276,5.1973392320512435,47,0,2
38.45815481194356,4.756163043571638,0,17487.396195740555,8.7304258499682,117.55287471977732,95,2,0
28.20905963999411,3.288214784277993,1,5640.196974170383,4.8220160726544945,51.96889368038888,16,1,2
48.07667457031053,3.90126822141119,1,19509.99334439919,9.776667065187022,91.48449578958258,35,0,2
45.41411815571319,0.9394510539226897,1,14607.117030220104,8.309633259403043,21.553616534835527,25,1,1
37.470404561174405,1.006723489508849,0,90146.61002668706,5.7598893937307984,106.32116344399743,42,0,2
21.64428594163993,0.10114361855043275,0,86695.73209688823,2.0557056309877706,66.88492404232935,51,2,0
17.419713070457362,3.0005514276480048,0,59900.463627763165,0.5334543543849729,27.141545990846776,0,0,1
18.88855593163688,4.614054377218757,0,113529.95636419815,1.310905918466648,33.20836866769714,18,0,0
28.33426853611,4.75749766700127,1,86036.60212346508,2.1569777466863895,3.2263673141871614,30,2,2
32.07421503756289,0.8512313578180231,0,29436.51888134398,6.578828801128869,65.90195571067596,7,2,2
15.27643278246969,4.824088093828825,0,106659.17249874436,2.9549740070307506,54.062147723425554,18,0,0
49.715473260251095,0.5109580889149529,1,95359.1830379316,5.6692342853103685,31.287163273386454,58,0,0
45.41411815571319,0.9394510539226897,1,762.0177499625979,4.796824706954609,51.72321634885569,25,1,1
42.01955097579893,3.350362012051975,0,64270.27852092332,1.3015358100217844,11.799897642695147,23,0,0
40.65921182205417,1.1042598686511642,1,18049.551629417943,9.401313696984046,15.346735405727593,26,2,1
26.178913488158532,3.9758782249785396,1,94148.04475324567,6.025289902423213,39.89931687802864,7,0,2
46.715934766317034,3.288214784277993,1,5640.196974170383,5.59302100230035,72.77600945631923,16,1,2
25.946612853763554,2.344752037104089,1,58282.74775782929,6.025289902423213,0.7469173618383249,10,2,1
48.066828018481786,4.43105964046767,1,86481.94584678166,2.2540080715579083,31.380341076193737,20,2,2
45.94032985890785,3.9001563237915247,0,22725.066707937694,6.1035023292522075,92.34413616055215,35,0,2
21.64428594163993,0.10114361855043275,0,83563.69380324779,0.6152535874991782,67.72281523199162,0,2,0
17.419713070457362,3.0005514276480048,0,59900.463627763165,0.5334543543849729,27.141545990846776,1,0,1
34.465906183689825,2.429011050808778,0,15846.063041007583,2.9416111649224708,50.29508086687884,42,1,1
21.87900345914398,4.698194566658063,0,6601.142679871191,1.7350441837058483,33.39228666818391,45,0,1
32.33519784680495,0.9394510539226897,0,14607.117030220104,6.536050533913662,18.02141073237219,6,2,1
29.039885092500942,4.944089736162566,1,103154.39723672853,3.692949167491859,96.54060951023452,48,0,2
47.874434469566395,2.370581279443552,0,55365.18671192357,1.2954179944572306,94.56215570328304,35,0,0
30.00495390671828,3.1662310678625887,1,14801.064106821372,8.299231968381966,21.799294210386527,16,1,1
46.30176158213031,3.2483922034929025,1,13042.919755134872,6.724156264434569,49.71439407895373,19,0,0
22.232338685467628,0.06931520954061465,0,86522.6261208018,0.4679473605605089,62.18281255052326,2,2,0
45.92628790034716,2.084652911590274,0,57671.737424258026,6.37845096587229,2.8980231835248347,11,0,1
29.208143739368083,0.32177847961807393,1,95359.1830379316,4.888109161186788,56.32183068153569,35,0,0
34.24369213707675,2.091016157672756,1,113085.84342104848,4.0095731564967965,8.470022093881141,34,2,0
19.36276014421737,3.1548567838587327,1,10230.104731869076,6.851952753857939,53.05753481258641,18,0,0
48.06263260927297,3.965962282093131,1,19509.99334439919,9.776667065187022,91.48449578958258,11,0,2
27.46145287824674,3.818125448188357,1,15186.197258596592,3.8061740483632445,65.5975467793056,81,2,0
40.536086551208825,1.6194752606703804,1,70511.46722608974,2.573110226336647,81.99397306118269,73,0,0
15.368998900449764,4.610353449926582,0,113529.95636419815,1.310905918466648,32.88290427675233,18,0,0
48.07667457031053,3.9032582557881295,0,66354.29798528505,1.1795836607183867,93.97408264957309,35,0,0
45.856770088531974,3.288214784277993,1,5365.11631345706,5.59302100230035,72.77600945631923,11,1,2
18.88855593163688,4.614054377218757,0,106659.17249874436,2.9549740070307506,33.20836866769714,2,0,0
46.34690188074077,3.3671061495981918,1,13154.299513701828,6.611667047086401,21.192257297521436,16,1,0
17.317279828379355,3.251756624732273,1,61561.85080500685,0.5567856727182567,27.303627967062646,15,0,1
25.537677953914645,0.8047917894274215,1,94148.04475324567,6.025289902423213,41.91592936129813,7,1,2
21.401008501038536,3.029309322670003,1,71436.28734783335,6.605299645508151,54.195598187696106,20,2,2
26.178913488158532,3.3274475332577254,1,58282.74775782929,4.71538433104425,51.34945606354261,10,2,1
28.194334653041178,3.397451241786238,1,60053.84506455181,4.8220160726544945,52.40069174335373,9,1,2
41.06057447942642,1.1042598686511642,1,18049.551629417943,9.902719782060375,15.346735405727593,2,2,1
34.011391502682145,0.49271438562175573,1,113085.84342104848,4.0095731564967965,8.208686503361161,34,2,0
32.07421503756289,0.5267306684164003,0,28235.678651131795,6.592448601267005,69.41505398691778,7,2,1
47.874434469566395,2.3205828277707035,0,56137.91868818601,1.2954179944572306,94.12216634300792,35,0,0
18.795989813673923,4.818332007220072,0,101765.28631192012,2.9549740070307506,54.66892560051275,18,0,0
39.4484304619498,3.2442118108946953,1,15594.228574340852,9.796571459162891,9.396888755148993,23,0,2
45.99582221414487,2.084652911590274,0,62023.34842067354,6.37845096587229,2.8980231835248347,16,0,1
22.232338685467628,0.06931520954061465,0,86522.6261208018,0.4679473605605089,62.18281255052326,18,2,0
29.947463903373645,3.151677288536898,1,14689.684348254415,8.303834975277635,50.32143138222216,26,0,1
46.390369576869446,2.9971870064086343,0,11384.873627229605,6.577138358121971,49.55231210380364,0,0,0
46.052469508289526,3.8651263543204943,1,14607.117030220104,8.309633259403043,18.836938294270517,29,0,1
19.267368064951963,4.853436391686232,1,12853.269476297915,2.300593051086828,43.38080684504358,14,0,0
29.764027529032862,2.14349607585424,1,889.3100930895279,6.0963301451112635,1.7609079830136096,16,1,1
26.19363847511146,1.9857987823216041,1,4046.405090342094,6.025289902423213,0.22651903146381525,15,0,1
28.44911468764051,4.698122498131672,0,7067.53795948256,2.554485645289628,5.1973392320512435,47,0,2
17.703681131148343,3.0005514276480048,0,59900.463627763165,1.8375615566452104,27.141545990846776,26,0,1
47.724667060855154,2.2514879767964344,1,95359.1830379316,5.659114090832644,56.97284381425408,25,0,0
25.946612853763554,1.6519948385936472,1,59483.58804539069,6.43457740485438,0.7469173618383249,10,2,2
46.243354805983046,3.402550821936921,1,12271.007960129937,6.9133897460034,49.54795570185651,19,0,0
21.30561642177313,4.734692518823185,1,85231.99573402833,0.4205993027759125,33.189277341877904,20,2,2
46.58425851422181,3.352552370272501,1,57679.93245545861,6.685025832749856,27.62214872246526,19,0,0
18.795989813673923,4.818332007220072,0,101765.28631192012,2.9549740070307506,54.33432953978074,18,0,0
37.0481589440504,0.4241329639478999,1,16817.47180464691,9.796571459162891,13.534505900255988,23,0,2
29.813976622771047,3.90126822141119,1,19509.99334439919,4.173808887101967,54.201735933844276,35,0,2
26.170252735294355,3.4483615626438224,1,14457.538721751676,6.9133897460034,49.30903967956781,32,0,2
19.268060784641403,3.0021117833082087,0,58038.909579233616,2.1756081249893873,27.141545990846776,1,0,1
26.23454809666078,2.047272324466351,1,58282.74775782929,6.025289902423213,22.403774624368108,10,2,1
45.888013687496084,3.4715567891380856,1,13348.805236177408,6.901355056143018,49.71439407895373,19,0,0
45.41411815571319,0.679007085760398,1,5538.717089958313,5.642219439240101,21.136498384897276,24,1,1
29.764027529032862,2.14349607585424,1,889.3100930895279,6.0963301451112635,1.5160481661493588,15,0,1
46.30176158213031,3.2483922034929025,1,13042.919755134872,6.724156264434569,41.924241262463966,19,0,0
47.73812920586916,2.3205828277707035,0,56137.91868818601,5.479521570024524,94.16334478775313,37,0,0
16.955229266719414,3.251756624732273,1,14812.563170454523,0.7922401047060599,48.78944978619927,15,0,1
29.947463903373645,3.151677288536898,1,14689.684348254415,8.935973109905467,50.32143138222216,26,0,1
26.178913488158532,3.3274475332577254,1,58282.74775782929,4.71538433104425,51.68405212427463,10,2,1
22.232338685467628,3.396924600043032,0,86522.6261208018,0.4679473605605089,70.64548661443916,2,2,0
48.816788850037725,3.397451241786238,1,52837.33301634995,9.821378418228417,89.68345128974524,9,1,2
26.248295882711744,2.279438776105687,1,58282.74775782929,6.025289902423213,0.19019247927220073,10,2,1
46.25003090738721,3.930067484271432,1,91979.5862852197,6.024519372092266,40.13823290031734,8,0,0
17.419020350767926,4.849055695924552,1,19796.938234038065,0.658451660564528,45.083451710430204,13,0,0
19.36276014421737,3.1548567838587327,1,6398.463704027903,6.851952753857939,55.95773124246334,18,0,0
29.949319298216032,3.2139939834488658,1,14801.064106821372,8.299231968381966,0.26076341017078164,16,1,1
48.14593386044413,3.2897466338263994,1,5618.737777786154,5.61807492688293,72.77600945631923,11,1,2
46.715934766317034,3.288214784277993,1,14708.597536607484,8.260434723832125,76.92475447190381,17,1,2
46.052469508289526,4.323081238737669,1,14607.117030220104,8.162686700555527,19.11274827180757,33,1,1
46.34690188074077,3.3671061495981918,1,13154.299513701828,7.13646241293004,19.045277008187885,14,1,0
47.86097232455239,0.32177847961807393,1,95359.1830379316,1.4750466392063077,49.60837129475189,35,0,0
22.343484525546806,0.22019558267911687,0,12941.26033181943,0.4679473605605089,62.18281255052326,18,2,0
17.339158732665318,2.9924947713070065,0,59900.463627763165,0.5334543543849729,46.3959942804029,0,0,1
46.12743040066033,3.352552370272501,1,86634.1537560029,6.9133897460034,49.1079705409627,3,0,0
39.15485527444827,2.2680806092663826,1,23194.34214357813,0.4097306935799794,9.403734300623011,61,2,0
34.011391502682145,2.3407329547195035,1,113085.84342104848,4.0095731564967965,8.849759799833215,25,2,0
38.45815481194356,4.637583504361632,0,17487.396195740555,8.412833416386762,94.7777056555191,98,2,0
31.443544260446274,1.2938554471107522,1,62580.139132659424,0.37848701511344784,26.69343798150534,95,2,2
32.33061367211856,0.9394510539226897,0,14607.117030220104,6.531467635588591,18.02141073237219,6,2,1
46.243354805983046,3.352552370272501,1,13042.919755134872,6.9133897460034,49.1079705409627,19,0,0
21.30561642177313,4.733093516759888,1,83622.75324143289,2.1925692341030767,31.380341076193737,20,2,2
18.88855593163688,4.614054377218757,0,106659.17249874436,2.9549740070307506,33.20836866769714,18,0,0
47.878728189087475,4.401249999617368,0,55360.668035153714,1.7960468519745354,95.2042323541901,58,0,1
47.724667060855154,0.32177847961807393,1,95359.1830379316,5.659114090832644,56.32183068153569,35,0,0
29.039885092500942,4.683480624645668,1,103154.39723672853,3.692949167491859,119.49600419145398,48,0,2
42.03112004432417,3.2462018452723767,0,64270.27852092332,1.3015358100217844,11.799897642695147,23,0,0
39.72999901345602,4.357779227626482,1,93068.49605679314,2.890153587357267,35.33694183760508,96,1,1
47.97064484627881,2.040492340279921,0,35181.845655866964,2.443801497099516,105.75492759678865,67,2,0
13.268131570467126,1.0969496725416912,1,18049.551629417943,9.868695255574876,52.243466536921666,67,2,1
45.92628790034716,3.9648503844734657,0,22725.066707937694,6.1035023292522075,92.34413616055215,11,0,2
30.00495390671828,3.308172354958918,1,889.3100930895279,4.786424573732301,51.96889368038888,16,1,1
27.958535262928574,3.894200460110361,1,8582.139252132427,4.889646982207405,48.71239299423417,90,2,2
37.470404561174405,1.006723489508849,1,90146.61002668706,5.7598893937307984,106.32116344399743,31,2,2
34.65907287760835,0.6717586864919628,0,108402.47102266569,9.810683850489799,37.647060862873694,86,0,1
27.46145287824674,3.818125448188357,1,6908.256971614951,3.8490540260751427,65.57278358036056,79,2,0
21.64428594163993,0.10114361855043275,0,86522.6261208018,0.5719585438577868,67.74757843093664,0,2,0
46.74655704875965,4.72800340649303,0,93328.10843736061,1.8455818176616978,5.1973392320512435,47,0,2
42.7524222693985,0.6754393125463276,1,81760.02857422282,0.0749690097679856,11.87170560314577,54,2,2
14.098543259007158,3.0005514276480048,0,59900.463627763165,2.017193857792506,28.32992375279021,47,0,1
26.178913488158532,2.095035240057341,1,58282.74775782929,6.025289902423213,0.3270590559851261,10,2,1
40.536086551208825,1.6194752606703804,1,83372.46222379821,2.573110226336647,81.99397306118269,72,0,0
45.16237385913258,0.8512313578180231,1,29436.51888134398,8.361577325263461,69.4340205238415,26,1,2
48.48917715812525,3.9019140064655238,1,90319.96343818618,9.515736873967311,41.04012246144743,35,0,2
19.62883557336894,4.572622936277961,0,23109.756316393283,1.2231022107589073,50.29508086687884,42,1,1
30.00495390671828,3.308172354958918,1,11947.499602850141,4.815946570908901,6.460617530821715,16,2,1
31.443544260446274,1.2938554471107522,1,62580.139132659424,0.37848701511344784,27.3323301654513,95,2,2
26.156636191382376,2.095035240057341,0,58282.74775782929,0.6814846954443952,0.3270590559851261,10,2,1
40.45262283281448,1.776544798161692,0,94313.20402983522,2.443801497099516,98.15925910418308,67,2,0
48.04761604483216,4.401249999617368,0,58836.541426583215,1.7960468519745354,9.344662055042448,58,2,1
48.52973213365004,0.7876368918272598,1,95357.43744283917,6.3629853090708535,118.52606133627485,55,0,0
46.39136865149785,3.3905242611051656,1,21398.59257340012,0.4097306935799794,50.650933306029096,61,2,0
18.88855593163688,4.614054377218757,0,106659.17249874436,4.777155167657687,33.20836866769714,18,0,0
45.16237385913258,0.8512313578180231,1,27424.30712740273,9.525207026638801,69.4340205238415,27,0,2
46.59370575065766,4.622987211725995,0,8580.489501570679,1.9925950036195739,3.31968815142087,47,0,2
21.30561642177313,4.733093516759888,1,83622.75324143289,5.925280307048718,31.380341076193737,19,2,1
38.98298624394852,1.006723489508849,1,90146.61002668706,5.7598893937307984,106.32116344399743,31,2,2
13.070460346554707,3.6263666764096456,1,18049.551629417943,9.870641236833901,45.14745409735361,79,2,1
36.581004914375995,0.6776137212797606,0,85481.17152512127,0.7491337119409529,35.41441080562615,86,2,1
34.011391502682145,2.3407329547195035,1,103221.01062393856,3.9800511593201957,54.38814303513104,25,1,0
40.536086551208825,1.6194752606703804,1,85786.40331590496,2.573110226336647,81.99397306118269,72,0,0
19.65111287017523,4.572622936277961,1,26621.001416278003,5.432706762049044,50.29508086687884,47,1,1
47.247845854869844,4.357779227626482,1,33937.07184365028,2.890153587357267,31.936066454726966,96,1,1
42.583509326070626,0.6754393125463276,1,80185.12241099979,0.0749690097679856,97.8342781927162,49,0,2
28.167059519416526,4.273946410868757,1,103156.14283182066,3.692949167491859,56.33719170961344,25,0,2
39.006838301560435,2.0801159094632053,1,13023.493431052284,6.9133897460034,7.868347429458524,19,0,0
14.098543259007158,3.0005514276480048,0,59900.463627763165,2.017193857792506,27.257178101603586,52,0,1
48.48917715812525,3.9389146774232167,1,84883.020412294,8.352105466434141,41.04012246144743,43,1,2
38.610994373536506,4.485696318584916,0,102421.79465255656,8.577948461376105,95.30667732832765,98,2,0
32.33061367211856,0.9394510539226897,0,14607.117030220104,2.3350269258240446,15.183933195485954,6,2,2
28.03642124477504,4.044128555148554,1,8582.139252132427,4.889646982207405,48.71239299423417,90,2,2
27.660245780416503,1.4504048782985919,1,6908.256971614951,3.766456101935685,68.82936410448643,63,2,0
21.64428594163993,0.09541344114986083,0,109443.89869586722,9.57155631511192,67.74757843093664,0,0,0
47.97064484627881,2.045497073837816,0,64923.549671606874,2.8144564795546474,103.79313296385371,21,2,0
42.03112004432417,3.1748034152852362,0,34528.57450936197,1.3755362133021583,13.780572114704498,69,0,0
37.61946113320055,1.0730547951846146,1,13023.493431052284,6.922298158146121,7.868347429458524,19,0,0
46.39136865149785,3.3905242611051656,1,69916.0791569627,5.783750180152358,57.35287187237465,61,2,0
18.57389984259258,1.3318716781813291,1,106653.20191226249,0.0471990060615215,47.552120360173845,29,0,0
13.071642428332332,0.8512313578180231,1,29451.601969094085,8.361577325263461,69.4340205238415,26,1,1
46.243354805983046,3.3091676499162257,1,13019.377008072403,6.924316926318536,51.43560300442565,19,0,0
41.8474583822486,0.6754393125463276,0,80185.12241099979,2.08213750104486,97.8342781927162,49,0,2
19.62883557336894,4.416043091910813,0,20644.86924311409,2.3301004261513016,89.94013878512769,44,0,1
39.15485527444827,2.2680806092663826,1,23194.34214357813,0.4097306935799794,9.403734300623011,60,2,2
27.481959556304066,3.308172354958918,1,6898.808378502378,4.815946570908901,6.460617530821715,16,2,1
27.80100614864535,4.612529675970214,1,26046.189284221902,9.17193049064309,114.50533547148939,14,0,2
28.167059519416526,4.273946410868757,1,103156.14283182066,3.5773146622166796,56.33153241186335,25,0,2
21.64428594163993,0.10114361855043275,0,90680.0110239856,0.5719585438577868,67.83806554023734,0,2,0
27.94416048913742,2.069598023113955,1,58282.74775782929,4.892999277989501,0.3270590559851261,10,2,1
47.62404369149036,0.32177847961807393,1,94628.88718416193,2.033620090681242,28.253888361057275,35,0,0
20.151160138390253,4.572622936277961,1,26621.001416278003,6.5375665048144365,54.51460108069457,47,1,1
37.470404561174405,2.0137846044591714,1,90146.61002668706,5.750980981588073,106.32116344399743,31,2,2
21.30561642177313,4.733093516759888,1,22092.162787560745,0.5604091591306823,31.380341076193737,19,2,1
31.758200865296292,4.720429680997025,0,62580.139132659424,5.32650311138719,27.309164420749667,99,2,2
45.386119760918824,1.0969496725416912,1,18034.468541691647,9.868695255574876,52.243466536921666,67,2,2
30.00495390671828,3.3515570753151933,1,936.8793231987875,4.775497393401496,49.19882791481338,16,1,1
14.841487603622156,3.0005514276480048,1,59820.211534762144,0.044008312130110916,27.257178101603586,55,0,1
45.92628790034716,3.9648503844734657,0,23100.75696508052,6.1035023292522075,45.84704875873132,11,1,2
21.30561642177313,4.733093516759888,1,83622.75324143289,2.1925692341030767,41.483299926213085,21,2,0
29.98444722866095,3.818125448188357,1,12139.60663096118,3.8490540260751427,68.83920523904607,80,2,0
46.3983180924429,0.91723006621067,1,104524.40058367432,4.038882056521462,73.8508674943547,48,0,2
21.64428594163993,0.09541344114986083,0,109443.89869586722,9.660046318310084,67.75323772868674,0,0,0
18.88855593163688,4.614054377218757,0,100781.84825970756,2.9549740070307506,33.117881580707255,18,0,0
26.193288261949686,3.9196375122138263,1,8582.139252132427,6.021937606641116,48.71239299423417,90,2,2
14.098543259007158,3.0005514276480048,0,60630.7590123173,5.6413179871319645,56.39786608388104,46,0,1
31.830566471791553,0.9394510539226897,0,14607.117030220104,5.426607892823198,18.02141073237219,7,2,1
39.006838301560435,2.0801159094632053,1,13023.493431052284,6.9133897460034,8.149660915447626,19,2,0
21.64428594163993,0.09541344114986083,0,109443.89869586722,6.156274617080606,31.25195785556695,20,0,0
37.485883729873755,3.380648061653967,1,91356.81057462253,4.740910520153789,106.52309165165389,32,1,1
21.65573393300369,0.12235477874733092,1,89498.46289316984,6.8328253681925295,0.4584733621829358,14,2,1
12.355987834231296,0.5554820415875175,1,26046.189284221902,9.062707099246335,76.91786923017716,25,0,1
21.266742308507816,4.399397788050381,1,20621.873622245446,2.4315798155413626,89.23771000422931,44,2,1
14.098543259007158,2.752084006234787,0,59900.463627763165,2.017193857792506,27.632382382153054,47,0,1
18.89990176739862,4.73408885068661,0,105477.50564540892,2.816445304877253,41.2945505115933,18,0,0
39.0431024742657,2.2680806092663826,1,22208.380292146736,4.846444815599606,9.403734300623011,61,2,0
19.667407602431325,4.572622936277961,1,26621.001416278003,5.432706762049044,50.29508086687884,47,1,1
18.88855593163688,4.666505870366083,0,106659.17249874436,4.777155167657687,49.91752133456925,22,0,0
33.018375789646356,0.8842673957703442,0,14685.696754518245,6.531467635588591,18.02141073237219,6,2,1
37.61946113320055,1.0599995845609949,1,10388.767796440487,6.922298158146121,7.00933563614068,25,0,0
31.77966149646973,0.5957867276654077,0,14607.117030220104,5.440229751729599,21.534525444713303,0,0,0
45.16237385913258,0.8512313578180231,1,29436.51888134398,8.351916133126956,69.4340205238415,19,1,0
27.481959556304066,3.298715342284912,1,3887.4551781319956,4.815946570908901,6.460617530821715,16,0,1
18.72801706812755,4.733093516759888,1,81706.95864422414,9.338849461136448,67.87596172760803,0,2,1
29.199844842128762,1.9846936179852497,1,5386.0296883874935,5.78556785483578,48.9947709474076,13,2,2
26.16746549679479,2.080718309769401,0,59464.29585760678,0.05731856612622899,70.08864923708529,0,2,0
28.524201501235137,4.856754207047709,1,29451.601969094085,8.362910094664763,107.00705118780498,15,1,2
19.667709686634254,4.749738813904423,0,22115.158408429386,0.3807866611506404,32.082766584064686,23,0,1
21.29427058601139,4.613059043292031,1,74886.07284725358,2.1925692341030767,46.53564722499271,21,2,0
29.8757803152238,3.3758950497800813,1,1981.3667899129323,0.35878722715953737,51.96889368038888,16,1,1
21.28932168951704,4.733093516759888,1,83622.75324143289,2.1925692341030767,23.921081136760627,20,2,2
46.243354805983046,3.3000372758635614,1,13509.31503474624,7.602158601487128,32.398817874099244,22,0,0
45.92628790034716,4.0200592039223135,0,22646.486983642775,7.407377888737809,92.34413616055215,11,0,2
28.167059519416526,4.3678733257549345,1,105858.41372418188,3.5773146622166796,57.21255515659553,19,0,2
21.695190917808937,0.005399346131947924,0,109443.89869586722,9.829559359603198,67.75323772868674,7,2,1
46.243354805983046,3.3091676499162257,1,13019.377008072403,6.933978118331544,51.43560300442565,26,0,2
18.88855593163688,4.646745525141398,1,108115.83761722723,1.1253317856478628,32.86496696080931,17,0,1
26.178913488158532,2.095035240057341,1,25872.659995494,6.025823447344607,75.87616732044903,10,2,1
27.481959556304066,3.785367882858044,1,3703.965167049553,9.527301918318459,6.460617530821715,18,0,1
18.886745824766408,4.5071906345100015,1,26621.001416278003,5.432706762049044,50.89798742605812,47,1,0
45.44185499763705,0.8512313578180231,1,26592.404853541382,8.351916133126956,69.54907611217212,21,1,0
30.00495390671828,3.3515570753151933,1,92471.05974506393,4.775497393401496,45.70992852791188,16,1,0
21.30561642177313,4.8079074187131585,1,21402.931018758525,0.5604091591306823,31.380341076193737,19,2,1
37.61946113320055,1.0730547951846146,1,13023.493431052284,6.922298158146121,7.868347429458524,19,2,0
31.770451984405426,0.6018687017703879,1,14603.650821015,5.6786298894674125,49.1079705409627,19,0,0
19.62883557336894,4.416043091910813,0,20520.48013941831,2.3301004261513016,89.94013878512769,44,0,0
18.88855593163688,4.666505870366083,0,106659.17249874436,4.777155167657687,47.72357035105872,22,0,0
30.474818137723148,3.374059862444037,1,11809.384377367536,7.074049859015595,51.42361529316985,16,1,0
31.830566471791553,0.9394510539226897,0,14607.117030220104,5.426607892823198,17.780126895045996,8,2,1
21.29479661439199,4.61806948600147,1,74886.07284725358,1.3079216540109373,47.1311778872901,21,2,0
29.038769485163964,4.0200592039223135,1,17930.735179965264,4.793834637120499,89.06865800948353,11,0,1
18.72801706812755,4.749371250539556,1,24313.094494081313,0.14568339019969478,29.89197504622614,5,2,1
12.355987834231296,0.5554820415875175,1,58456.277194216236,9.062151869716914,2.680187039283169,25,0,1
28.118981146913324,4.586948768474895,1,37085.69137780083,4.79430036289756,114.50533547148939,16,0,2
19.652922977045705,4.6130318345420225,0,106659.17249874436,4.777155167657687,35.3566665752411,17,0,1
19.383661033113732,4.586532505139813,1,29465.115444080606,4.806583946344996,50.180025278548214,48,1,1
21.64428594163993,0.10114361855043275,0,1134.812939931544,0.5719585438577868,67.83806554023734,0,2,1
37.61946113320055,0.9631407802320764,1,11077.999578787652,6.922298158146121,12.287675111724768,25,0,0
37.470404561174405,2.0137846044591714,1,96800.71222796575,5.750980981588073,106.32116344399743,24,0,2
46.64781890599772,3.346607158322387,0,13046.385964339976,6.9689606664406325,21.534525444713303,0,0,0
18.89990176739862,4.981549944481494,0,105591.38598805598,2.816445304877253,35.84260874173084,18,0,1
49.69633251331877,3.3000372758635614,1,13509.31503474624,7.602158601487128,32.398817874099244,22,0,0
45.643754667251585,3.3110028372522695,1,1981.3667899129323,0.26376816950808335,51.98088139164468,19,0,1
18.88855593163688,4.614054377218757,0,106659.17249874436,3.027332530955392,33.44965250702596,18,0,0
21.266216280127217,4.394387345340687,1,20621.873622245446,2.4315798155413626,88.64217893908221,44,2,1
45.0445510953035,3.308172354958918,0,889.3100930895279,7.399967824288437,69.80888376160908,16,1,2
19.667709686634254,4.733461080124756,0,82265.84901139786,9.692627452196003,44.12825159940473,22,0,1
39.15485527444827,2.2680806092663826,1,23194.34214357813,0.4097306935799794,9.403734300623011,61,2,0
34.011391502682145,2.3407329547195035,1,113085.84342104848,4.0095731564967965,8.849759799833215,25,2,0
38.45815481194356,4.637583504361632,0,17487.396195740555,8.412833416386762,94.7777056555191,98,2,0
31.443544260446274,1.2938554471107522,1,62580.139132659424,0.37848701511344784,26.69343798150534,95,2,2
32.33061367211856,0.9394510539226897,0,14607.117030220104,6.531467635588591,18.02141073237219,6,2,1
46.243354805983046,3.352552370272501,1,13042.919755134872,6.9133897460034,49.1079705409627,19,0,0
21.30561642177313,4.733093516759888,1,83622.75324143289,2.1925692341030767,31.380341076193737,20,2,2
18.88855593163688,4.614054377218757,0,106659.17249874436,2.9549740070307506,33.20836866769714,18,0,0
47.878728189087475,4.401249999617368,0,55360.668035153714,1.7960468519745354,95.2042323541901,58,0,1
47.724667060855154,0.32177847961807393,1,95359.1830379316,5.659114090832644,56.32183068153569,35,0,0
29.039885092500942,4.683480624645668,1,103154.39723672853,3.692949167491859,119.49600419145398,48,0,2
42.03112004432417,3.2462018452723767,0,64270.27852092332,1.3015358100217844,11.799897642695147,23,0,0
39.72999901345602,4.357779227626482,1,93068.49605679314,2.890153587357267,35.33694183760508,96,1,1
47.97064484627881,2.040492340279921,0,35181.845655866964,2.443801497099516,105.75492759678865,67,2,0
13.268131570467126,1.0969496725416912,1,18049.551629417943,9.868695255574876,52.243466536921666,67,2,1
45.92628790034716,3.9648503844734657,0,22725.066707937694,6.1035023292522075,92.34413616055215,11,0,2
30.00495390671828,3.308172354958918,1,889.3100930895279,4.786424573732301,51.96889368038888,16,1,1
27.958535262928574,3.894200460110361,1,8582.139252132427,4.889646982207405,48.71239299423417,90,2,2
37.470404561174405,1.006723489508849,1,90146.61002668706,5.7598893937307984,106.32116344399743,31,2,2
34.65907287760835,0.6717586864919628,0,108402.47102266569,9.810683850489799,37.647060862873694,86,0,1
27.46145287824674,3.818125448188357,1,6908.256971614951,3.8490540260751427,65.57278358036056,79,2,0
21.64428594163993,0.10114361855043275,0,86522.6261208018,0.5719585438577868,67.74757843093664,0,2,0
46.74655704875965,4.72800340649303,0,93328.10843736061,1.8455818176616978,5.1973392320512435,47,0,2
42.7524222693985,0.6754393125463276,1,81760.02857422282,0.0749690097679856,11.87170560314577,54,2,2
14.098543259007158,3.0005514276480048,0,59900.463627763165,2.017193857792506,28.32992375279021,47,0,1
26.178913488158532,2.095035240057341,1,58282.74775782929,6.025289902423213,0.3270590559851261,10,2,1
40.536086551208825,1.6194752606703804,1,83372.46222379821,2.573110226336647,81.99397306118269,72,0,0
45.16237385913258,0.8512313578180231,1,29436.51888134398,8.361577325263461,69.4340205238415,26,1,2
48.48917715812525,3.9019140064655238,1,90319.96343818618,9.515736873967311,41.04012246144743,35,0,2
19.62883557336894,4.572622936277961,0,23109.756316393283,1.2231022107589073,50.29508086687884,42,1,1
21.30561642177313,4.733093516759888,1,83622.75324143289,2.1925692341030767,31.380341076193737,69,2,2
39.15485527444827,2.2680806092663826,1,23194.34214357813,5.887776689566218,9.403734300623011,60,2,0
39.72999901345602,3.895777125597005,1,12674.35381199963,4.714311021521697,35.33694183760508,96,1,1
16.914069424272647,3.057096252749277,0,104084.31566061516,1.666189228431185,28.32992375279021,47,0,1
40.536086551208825,1.7506401096604183,1,83372.46222379821,2.5327881026689316,80.15447076647223,72,0,0
28.325048597728816,0.6190361740570371,0,108402.47102266569,9.72122963663681,67.7543188891538,86,0,1
19.47660867546837,4.5090381824517225,0,106659.17249874436,2.9549740070307506,27.653937360470707,11,0,0
26.315222408434543,2.3399037366484867,1,58282.74775782929,6.025289902423213,0.20621835323225834,10,2,1
46.243354805983046,3.5431335626288805,1,13142.660969523156,6.9133897460034,49.1079705409627,19,1,0
39.43155989605407,3.273526520706092,0,60779.20035161526,1.862616053785736,11.799897642695147,23,0,0
48.48917715812525,4.13993220526187,1,90319.96343818618,9.515736873967311,41.04012246144743,35,0,2
32.33061367211856,0.8478074621901471,0,25572.329351945442,1.59734041535999,18.02141073237219,3,2,1
47.97064484627881,1.283397985346223,0,35181.845655866964,2.7648419658283627,101.57955885608986,65,2,0
37.391477890014656,0.8512313578180231,1,26546.945511887505,8.361577325263461,70.05208992453578,31,2,2
42.7524222693985,4.419699306926532,0,54842.59875871276,0.0749690097679856,17.617109632270953,54,0,2
13.268131570467126,1.0969496725416912,1,18049.551629417943,9.868695255574876,52.243466536921666,18,2,1
47.724667060855154,0.32177847961807393,1,95359.1830379316,0.3556426504093131,42.0175279272588,36,0,0
27.958535262928574,4.35620256213553,1,89039.33516799458,3.065489548052306,47.76766168378148,90,2,2
29.039885092500942,4.6386108718158106,1,58970.34034664808,3.8226065434975567,119.49600419145398,42,0,2
27.46145287824674,3.6869603586643764,1,6908.256971614951,3.268446575078549,65.57278358036056,79,2,0
35.2670349800295,0.09221890965844462,0,86522.6261208018,0.597343468301232,37.64032040557303,0,2,0
45.92628790034716,3.9648503844734657,0,22725.066707937694,6.1035023292522075,92.34413616055215,26,0,2
33.875082582406044,2.095864458128358,1,113085.84342104848,3.820344566870392,9.105764377733133,25,2,0
30.68690169655705,3.306705517311248,1,825.6729936071506,4.786424573732301,49.00658973216755,16,0,1
47.69206503316196,4.700528731980519,0,96819.1846195566,1.3039730703464005,5.1973392320512435,47,0,2
38.45815481194356,4.756163043571638,0,17487.396195740555,8.7304258499682,94.7777056555191,98,2,0
18.297380927387444,4.572622936277961,0,19310.790658341855,6.157395084950306,50.29508086687884,38,1,1
31.031041717966914,2.050949802045462,1,62580.139132659424,0.8242644653198508,30.861045416244977,95,2,2
45.24130005483744,1.006723489508849,1,93036.2011533988,5.7598893937307984,105.70301632974284,26,1,2
47.878728189087475,0.6566333197312368,1,82278.09785025848,1.7960468519745354,89.47861822511723,58,2,1
45.399715971198425,1.0433508005447671,0,62433.07780903116,5.768505355762223,105.70301632974284,23,1,2
32.08044428869055,3.8883535468839123,0,22725.066707937694,6.341995727337549,92.34413616055215,11,2,1
46.73500520479345,3.9879435606372104,1,18539.961440254294,6.1035023292522075,94.15706604181227,26,0,0
13.268131570467126,1.0969496725416912,1,18579.091181577216,5.973503257199527,52.243466536921666,18,2,1
14.098543259007158,3.0005514276480048,0,59900.463627763165,2.017193857792506,28.32992375279021,49,0,1
28.98862114296514,4.6386108718158106,1,58970.34034664808,3.976719441646667,119.49600419145398,16,1,2
46.243354805983046,1.1129227581895957,1,13042.919755134872,7.16605918918366,41.965097704978554,18,0,0
47.97781359111406,4.6012675497197435,1,93046.72771944923,4.956546413150482,49.00658973216755,35,0,2
47.97064484627881,3.712940773837156,0,32264.173365410064,2.443801497099516,65.24311909761354,67,2,0
26.628437371804544,1.0274932568566792,1,29436.51888134398,8.034267907204569,68.5183397533865,30,1,2
26.178913488158532,4.591225831893734,0,28773.695883640743,6.841094253101227,0.3270590559851261,10,1,1
20.783888244148546,4.576740642889294,0,23109.756316393283,1.1988051590148208,50.07853595487667,40,1,1
34.011391502682145,2.3407329547195035,0,60572.986197088336,4.0095731564967965,8.849759799833215,23,2,0
32.33061367211856,0.9394510539226897,0,95501.50285458856,6.531467635588591,17.876969290468097,6,2,0
46.270057696714865,3.5431335626288805,0,104536.64869893299,6.787678117284471,49.077171435535995,19,1,0
41.87270412784466,3.209575707366641,1,94873.40156963089,1.2929700969260574,11.799897642695147,26,0,0
45.87874512640037,0.9243353334829003,0,25572.329351945442,1.59734041535999,18.02141073237219,3,0,2
33.065593409497986,2.095864458128358,0,116317.07380517709,3.820344566870392,8.076536436158099,25,2,2
26.315222408434543,2.3399037366484867,1,57753.23029216009,9.883109726298436,0.20621835323225834,10,2,1
19.47660867546837,4.054320587502526,0,106659.17249874436,2.9549740070307506,27.653937360470707,9,0,0
30.056217856254083,3.308172354958918,1,889.3100930895279,4.786424573732301,51.96889368038888,42,0,1
47.724667060855154,3.3276514991100052,1,86771.26160914835,0.3556426504093131,49.16040076324294,29,0,0
31.176449843273218,3.291144844825965,1,2300.0669473789094,9.342092802088889,41.04012246144743,16,0,1
27.46145287824674,2.014511910878009,1,9826.55073813782,3.268446575078549,106.08439992591086,79,2,0
46.48782337410172,4.35620256213553,1,89039.33516799458,3.382238194631004,48.68334245423678,90,2,2
18.297380927387444,2.0759009910258612,1,57848.4929708104,6.157395084950306,50.29508086687884,38,2,1
21.30561642177313,4.728975810148397,1,83622.75324143289,2.2168662859423676,31.596885988215668,22,2,2
39.43155989605407,2.473168184889641,1,113267.76670632271,1.7843861890024668,11.799897642695147,22,0,0
35.2670349800295,0.04822296007042973,0,6019.5339826411,0.597343468301232,37.78476187442764,0,2,1
18.852476425965403,4.614054377218757,1,15266.849318871384,3.0806856446939204,33.239167773124755,18,0,0
18.852476425965403,4.614054377218757,1,15477.571833064178,3.0806856446939204,33.239167773124755,17,0,0
29.8545452583962,3.8880309398515096,1,22559.90162828234,4.73843662341499,52.28620437843849,16,1,1
26.178913488158532,0.8279536117778092,1,60384.7086034687,5.59481523557918,5.398165167490324,32,2,2
39.95490788523157,4.123808543788798,0,22725.066707937694,9.690540224308721,0.8469301303194996,10,0,2
34.011391502682145,2.3296317399355573,1,113085.84342104848,3.87009395152388,8.142374809335296,25,2,0
46.632540376097936,0.7676979399963115,0,13216.106316259786,6.9133897460034,49.1079705409627,19,1,1
35.34327377181424,0.358866489678759,0,23006.637832651257,1.2901614280995655,50.29508086687884,66,2,1
32.2322347018152,3.291144844825965,1,5501.761422601487,6.541256988480207,43.27689413082737,16,0,1
46.243354805983046,4.065421478415469,1,12331.346622574412,6.9133897460034,29.0767183848168,19,0,0
18.895692267467137,4.614054377218757,0,106659.17249874436,0.3474379966489125,33.20836866769714,18,0,0
20.921742968833133,1.0274932568566792,1,29436.51888134398,8.034267907204569,68.5183397533865,25,1,2
46.29007635669615,3.370537490926254,1,255.64109870095317,4.751034363533002,41.745011621199225,16,0,0
46.90198357206303,4.055905545841932,1,18577.53809573445,6.105466324888643,52.243466536921666,10,2,0
20.286755532459416,4.733093516759888,1,60491.616115051336,4.049085433589553,10.277117755335178,20,2,2
46.1410270815832,3.3068107720517785,1,889.3100930895279,4.781719600600572,51.96889368038888,42,0,1
13.268131570467126,1.0969496725416912,1,17838.829115225155,9.868695255574876,52.243466536921666,18,2,1
30.01803862098124,3.3084949619912187,0,1163.7734277877262,6.389983677654776,90.88236654421112,11,2,1
45.16237385913258,2.1125584780032503,1,29436.51888134398,8.361577325263461,62.44260635526832,10,1,1
26.315222408434543,2.3853571223242707,1,44163.61786582388,6.273385546177842,94.35363450963662,11,2,1
26.07224490052312,4.614523183427581,0,28773.695883640743,6.980573455502763,1.0711780628316192,10,1,1
31.940560351028957,3.623314881033823,1,25082.328500569787,0.8848458253375333,18.02141073237219,3,2,0
19.55259763937442,4.808463110330226,0,6122.70680529472,0.4731345564691096,37.56558141772698,0,1,1
31.27482881357658,0.9394510539226897,0,14607.117030220104,9.509260458276271,17.40335028506202,6,2,1
19.47660867546837,3.3414514793380965,0,107374.70570066973,2.9549740070307506,47.68518951701964,9,0,0
47.724667060855154,3.3276514991100052,1,86771.26160914835,2.9642297223516563,49.16040076324294,29,0,0
37.00646527081687,2.095864458128358,1,113085.84342104848,3.820344566870392,9.105764377733133,30,2,0
30.7334136257326,1.0490926808125944,1,13611.749468627993,7.201449399096127,49.22667581594688,25,0,1
13.1010474081137,0.8425996232723703,1,18541.514526097057,5.801856544397564,94.15706604181227,26,0,1
35.00385475181972,2.3407329547195035,0,83704.12332341335,2.1530569572678657,29.95301191489533,21,2,0
29.84078276363343,3.966211967379108,0,22725.066707937694,6.108207302383937,92.34413616055215,15,0,2
46.243354805983046,3.548563346212043,1,13047.574111552653,6.9133897460034,49.1079705409627,19,0,0
12.94438401611011,1.211995431712926,1,84100.48586716443,2.1925692341030767,32.313796270494436,18,2,1
36.30541456078224,2.4233537006964925,1,56219.32881295979,7.161152460286042,0.20621835323225834,10,2,1
30.056217856254083,3.308172354958918,1,691.8289506447493,4.786424573732301,51.96889368038888,42,0,1
32.33061367211856,0.8399325922462646,0,10704.954648149698,6.531467635588591,19.415618074655825,6,2,1
31.183604664115265,0.9394510539226897,0,10132.154312352748,6.510101609319927,17.40335028506202,6,2,1
46.73500520479345,4.319617974339001,1,18055.281730001352,6.010286945364708,50.53995114237553,26,0,0
13.037624843287825,1.0969496725416912,0,12896.644633463777,9.868695255574876,51.58458616977054,18,2,1
19.587857794716648,1.048986598450324,0,26138.083474269046,9.868695255574876,52.15612957139413,43,2,1
19.011114204060767,4.058617407366362,0,107476.88154492629,3.241111967269598,43.06844509516948,9,0,0
26.178913488158532,2.095035240057341,1,60100.50812132615,6.025289902423213,0.3270590559851261,23,2,0
32.207731145509676,3.3152887543891145,1,1163.7734277877262,1.1241301721491692,90.88236654421112,19,2,0
26.2086298105357,3.291144844825965,1,2300.0669473789094,9.342092802088889,41.04012246144743,33,0,1
18.852476425965403,4.506809443913533,1,18822.89358489509,3.4097823325853795,29.57261455102836,20,0,0
44.62545160285629,2.3391209750736563,1,116510.86022643505,8.361577325263461,62.44260635526832,10,1,1
46.243354805983046,3.347122586689338,1,13138.006613105377,6.9133897460034,49.1079705409627,19,1,0
21.6294227174068,4.611968023918736,1,18102.502586116665,5.934770745563412,51.310011342687844,20,2,2
30.7334136257326,0.9656427748302664,1,13611.749468627993,9.901574846872295,49.22667581594688,25,0,1
30.68690169655705,3.306705517311248,1,825.6729936071506,4.786424573732301,49.00658973216755,25,0,1
13.1010474081137,0.9421180849487953,1,33894.367223515335,5.801856544397564,92.76489527078118,26,0,1
32.32345885127651,3.291144844825965,1,5233.419376302514,9.539543857624935,43.27689413082737,17,0,1
29.8545452583962,4.022223967030379,1,18490.17919579901,4.8000588104302055,95.90330789045231,16,1,1
30.074042987444315,3.966211967379108,1,22674.858482870062,6.108207302383937,93.00301508490617,17,0,2
13.309110551316966,4.373747992601149,1,18067.32589909486,1.2231022107589073,50.382417832406375,17,1,1
46.73470432946818,3.366240671052888,1,504.7821240200617,4.764740039508493,23.014443091538524,19,0,0
46.243354805983046,1.56629667112618,1,11228.297365108654,7.16605918918366,40.053874111285715,18,0,1
30.417578701039254,3.6165210886359267,0,25082.328500569787,6.151610289576912,18.02141073237219,3,2,1
31.146733520896046,0.8279536117778092,1,60384.7086034687,5.59481523557918,5.398165167490324,16,2,2
18.852476425965403,4.614054377218757,1,15476.968477129014,3.0806856446939204,33.239167773124755,18,0,0
34.548306574394566,2.1141704576490974,1,25102.26010767628,4.0095731564967965,8.849759799833215,25,2,0
39.15485527444827,2.2680806092663826,1,23194.34214357813,0.4097306935799794,9.403734300623011,61,2,0
34.011391502682145,2.3407329547195035,1,113085.84342104848,4.0095731564967965,8.849759799833215,25,2,0
38.45815481194356,4.637583504361632,0,17487.396195740555,8.412833416386762,94.7777056555191,98,2,0
31.443544260446274,1.2938554471107522,1,62580.139132659424,0.37848701511344784,26.69343798150534,95,2,2
32.33061367211856,0.9394510539226897,0,14607.117030220104,6.531467635588591,18.02141073237219,6,2,1
46.243354805983046,3.352552370272501,1,13042.919755134872,6.9133897460034,49.1079705409627,19,0,0
21.30561642177313,4.733093516759888,1,83622.75324143289,2.1925692341030767,31.380341076193737,20,2,2
18.88855593163688,4.614054377218757,0,106659.17249874436,2.9549740070307506,33.20836866769714,18,0,0
47.878728189087475,4.401249999617368,0,55360.668035153714,1.7960468519745354,95.2042323541901,58,0,1
47.724667060855154,0.32177847961807393,1,95359.1830379316,5.659114090832644,56.32183068153569,35,0,0
29.039885092500942,4.683480624645668,1,103154.39723672853,3.692949167491859,119.49600419145398,48,0,2
42.03112004432417,3.2462018452723767,0,64270.27852092332,1.3015358100217844,11.799897642695147,23,0,0
39.72999901345602,4.357779227626482,1,93068.49605679314,2.890153587357267,35.33694183760508,96,1,1
47.97064484627881,2.040492340279921,0,35181.845655866964,2.443801497099516,105.75492759678865,67,2,0
13.268131570467126,1.0969496725416912,1,18049.551629417943,9.868695255574876,52.243466536921666,67,2,1
45.92628790034716,3.9648503844734657,0,22725.066707937694,6.1035023292522075,92.34413616055215,11,0,2
30.00495390671828,3.308172354958918,1,889.3100930895279,4.786424573732301,51.96889368038888,16,1,1
27.958535262928574,3.894200460110361,1,8582.139252132427,4.889646982207405,48.71239299423417,90,2,2
37.470404561174405,1.006723489508849,1,90146.61002668706,5.7598893937307984,106.32116344399743,31,2,2
34.65907287760835,0.6717586864919628,0,108402.47102266569,9.810683850489799,37.647060862873694,86,0,1
27.46145287824674,3.818125448188357,1,6908.256971614951,3.8490540260751427,65.57278358036056,79,2,0
21.64428594163993,0.10114361855043275,0,86522.6261208018,0.5719585438577868,67.74757843093664,0,2,0
46.74655704875965,4.72800340649303,0,93328.10843736061,1.8455818176616978,5.1973392320512435,47,0,2
42.7524222693985,0.6754393125463276,1,81760.02857422282,0.0749690097679856,11.87170560314577,54,2,2
14.098543259007158,3.0005514276480048,0,59900.463627763165,2.017193857792506,28.32992375279021,47,0,1
26.178913488158532,2.095035240057341,1,58282.74775782929,6.025289902423213,0.3270590559851261,10,2,1
40.536086551208825,1.6194752606703804,1,83372.46222379821,2.573110226336647,81.99397306118269,72,0,0
45.16237385913258,0.8512313578180231,1,29436.51888134398,8.361577325263461,69.4340205238415,26,1,2
48.48917715812525,3.9019140064655238,1,90319.96343818618,9.515736873967311,41.04012246144743,35,0,2
19.62883557336894,4.572622936277961,0,23109.756316393283,1.2231022107589073,50.29508086687884,42,1,1
26.178913488158532,2.095035240057341,1,58282.74775782929,6.025289902423213,0.3270590559851261,8,0,1
47.873160114996786,2.0470372239025627,0,35181.845655866964,2.602268284438175,93.52013104309805,74,2,0
23.557077113548726,4.631030614692551,1,83622.75324143289,1.894865990844956,31.380341076193737,20,2,2
39.58881200631757,1.0159890317097056,1,93071.02838045174,0.09710740495266568,33.49885991668893,96,1,1
45.74113000810081,4.983298847122715,0,108534.45034502367,9.862235596024737,94.7777056555191,98,2,0
45.70525358880895,0.7488013664206089,1,29436.51888134398,8.361577325263461,63.86925452207936,26,1,2
13.85600417320978,3.0005514276480048,0,59900.463627763165,2.017193857792506,48.72481978752123,47,0,1
44.47808446768078,0.2903232278473117,0,86522.6261208018,0.5719585438577868,10.062373237224971,0,0,0
31.649021959845854,1.1377861664159663,1,113386.11628562343,4.0095731564967965,8.849759799833215,25,2,1
37.470404561174405,1.246980913183799,1,90146.61002668706,5.7598893937307984,68.44425994923898,31,2,2
19.474499780058068,4.539249689386281,0,108828.90169480871,2.9298438195987115,33.20836866769714,23,1,0
19.62883557336894,4.579584132788121,0,23801.253610991218,1.4967625719182855,48.73891201597127,42,2,1
32.02851597234052,0.32177847961807393,1,95359.1830379316,5.683874130352471,53.69057804824739,5,2,0
29.039885092500942,4.683480624645668,1,103154.39723672853,3.692949167491859,119.49600419145398,50,2,2
46.023772630903096,3.9583052500056786,0,22725.066707937694,6.1035023292522075,90.27451798124471,9,0,2
31.443544260446274,1.2938554471107522,1,62580.139132659424,0.37848701511344784,25.753880048686227,93,2,2
39.718919570524506,2.3702661349979097,1,23194.34214357813,0.48417155195464523,9.403734300623011,61,2,0
42.893609276536715,4.017154389600172,1,81757.4962505641,2.269483124775014,11.87170560314577,62,2,2
34.57974316824299,0.06035235540527706,0,17322.28141374015,8.35851097184856,37.647060862873694,92,0,1
46.47930060705842,3.352552370272501,1,13042.919755134872,6.724156264434569,28.713074506457367,19,0,0
19.87703425970811,3.2462018452723767,0,64270.27852092332,1.3015358100217844,66.53698657429216,23,2,0
14.246824236007953,2.2998964624109566,1,17533.983312179873,9.873345442885087,52.243466536921666,67,2,0
27.46145287824674,3.97902671424179,1,6908.256971614951,4.178985764897336,103.44953958027378,76,2,0
28.08165691719223,3.2898820568996903,1,5640.196974170383,4.811554761170238,51.96889368038888,16,0,1
27.546034358139856,3.887239222277797,1,7890.649405206075,5.382360735331336,50.26856184514174,90,1,2
48.01616684797749,0.9394510539226897,0,14607.117030220104,6.506707596068765,20.652676078034883,36,0,1
48.48917715812525,3.9019140064655238,1,90319.96343818618,9.515736873967311,41.04012246144743,46,0,2
45.16237385913258,4.643872019470836,1,29436.51888134398,8.361577325263461,69.13838815945891,47,1,2
31.86011681038905,1.5787034212221418,1,116370.13044075685,3.971917211113439,81.65544895408709,61,2,0
29.039885092500942,0.8858036033573153,1,103154.39723672853,3.692949167491859,115.04270313870254,27,0,2
18.88855593163688,4.614054377218757,0,106979.00840828917,9.825998588696937,33.20836866769714,18,0,0
39.04888755291432,1.0159890317097056,1,93071.02838045174,0.09710740495266568,33.49885991668893,96,1,1
28.088236649383298,2.095035240057341,1,55645.207015281194,6.025289902423213,3.521260795687505,8,0,1
46.023772630903096,2.9673461974499267,0,22725.066707937694,6.090129141956225,26.898091840256065,9,0,2
20.49972576876729,0.7488013664206089,1,81754.92154400708,8.361577325263461,25.362979048571876,27,1,2
42.03112004432417,3.357784634916986,0,64270.27852092332,1.3015358100217844,11.799897642695147,23,0,0
19.209713667044586,4.562064504776915,0,13042.919755134872,6.9133897460034,49.10397570643331,43,0,0
30.13668460623793,4.678778606940201,1,889.3100930895279,4.786424573732301,52.312740544861,16,1,1
29.039885092500942,0.8858036033573153,1,117279.90231355536,3.692949167491859,115.04270313870254,42,0,2
44.47808446768078,0.2903232278473117,1,86522.6261208018,0.6069490939552278,8.829670713352765,0,0,0
31.29363271286889,0.8957758294573821,1,13042.919755134872,6.539857633616726,25.66070559761759,19,2,0
45.16237385913258,0.8512313578180231,1,32451.466225162163,5.968060839545252,0.00658396961319152,26,2,2
23.557077113548726,4.631030614692551,1,60756.58267336592,1.894865990844956,31.380341076193737,21,2,2
39.15485527444827,2.340872797228717,0,23194.24250231815,1.4817385945528996,45.03833489691048,61,2,1
32.25015917923784,0.10341976099904655,0,85946.63915003923,0.520091272255959,67.75879455975831,0,2,0
14.246824236007953,2.2998964624109566,1,17196.272657057067,2.9282250190001298,52.243466536921666,67,2,0
45.92628790034716,3.9648503844734657,0,22725.066707937694,7.7017794761983716,92.34413616055215,11,0,2
26.172333755967465,3.318338987303999,1,4273.227707139367,4.811554761170238,47.37808679987089,20,0,1
12.845112746521277,3.9915104794775305,0,59900.463627763165,2.030568114434581,91.70638000273169,47,0,1
46.49645441435831,4.733093516759888,1,31304.355800096848,2.1925692341030767,69.88662374650326,19,2,2
46.644497757684874,3.363106972620822,1,23109.756316393283,1.2231022107589073,50.29907570140822,19,1,1
45.030556763151694,3.2731827900863015,1,26748.46278024016,9.345874537919645,68.79454129498679,47,1,2
48.01616684797749,0.9394510539226897,0,14607.117030220104,6.429033913882321,20.652676078034883,28,0,1
34.011391502682145,2.3407329547195035,0,113085.84342104848,3.9751150275572913,8.849759799833215,25,2,0
47.50966344003133,3.3962373575633,0,9183.34974406262,6.715766266406434,18.32501210880841,5,0,1
27.309484197163442,2.095035240057341,1,58692.78487256938,7.9974316733184985,74.99704578067893,10,1,1
13.85600417320978,3.319689097021061,0,82766.63419576883,2.017193857792506,48.72481978752123,46,0,1
19.62883557336894,4.506555152771243,1,28391.706858707745,0.42475673163784766,13.105272701889374,42,2,0
21.42264273801009,0.31950243880915075,1,95359.1830379316,5.741629042460689,53.67936191942572,2,2,0
23.557077113548726,4.631030614692551,0,83622.75324143289,1.894865990844956,91.27502668483734,20,0,2
24.599078366632483,2.095035240057341,1,58282.74775782929,1.8943993207829242,31.536180161963756,8,0,2
30.359589910906045,3.317440192923016,1,55645.207015281194,6.038438625896984,3.521260795687505,8,0,0
45.89139769761624,4.733093516759888,1,81618.20769920234,2.5948957100550074,69.88662374650326,19,2,2
45.41836335803788,4.046639150843063,1,71368.21508798675,2.030568114434581,104.43479368719437,26,0,1
44.47808446768078,0.2903232278473117,1,86522.6261208018,0.6069490939552278,7.452014564362624,0,0,0
30.6542454816006,4.810551839717306,1,102605.31430669734,9.361918375539357,53.136582801038095,16,1,1
20.5496924353205,0.31950243880915075,1,95359.1830379316,5.741629042460689,53.67936191942572,2,2,0
26.488454020457063,2.095035240057341,0,58282.74775782929,6.025289902423213,0.3270590559851261,10,2,1
30.13668460623793,4.678778606940201,1,10889.022268572782,4.786424573732301,52.312740544861,16,1,1
18.000368803985847,2.974685757025183,0,63447.68621561275,2.025264837768103,48.72481978752123,51,0,1
28.08165691719223,3.2502990210108527,1,5640.196974170383,4.811554761170238,51.96889368038888,16,0,1
25.53871861616175,3.1101248458620088,1,24658.29052272613,4.811554761170238,50.318548537042645,20,1,1
28.49203408174711,3.9583052500056786,0,20838.82324740833,6.1035023292522075,90.27451798124471,15,0,2
48.12363427436374,4.614054377218757,0,17213.666889978937,2.9549740070307506,33.20836866769714,18,0,0
19.62883557336894,4.579584132788121,0,23801.253610991218,1.4967625719182855,48.66473823005155,40,2,1
23.557077113548726,4.631030614692551,1,59053.37376699895,6.0257585166125125,0.6209289724974631,21,2,1
49.17310994025527,2.1301474173867145,1,13042.919755134872,6.900241022529629,49.1079705409627,19,0,1
21.903263050405833,4.733093516759888,1,42986.441489209006,2.1925692341030767,31.380341076193737,20,2,2
13.159587220331204,0.7488013664206089,0,29436.51888134398,8.361577325263461,63.165672209369575,47,1,2
45.16237385913258,0.8512313578180231,1,29436.51888134398,8.361577325263461,70.8636828118735,26,1,2
18.239264835749037,3.1386837766862516,0,6688.607967684278,4.0151656045721165,32.040679547169944,18,0,0
19.209713667044586,4.562064504776915,0,13042.919755134872,6.9133897460034,49.10397570643331,27,0,0
21.64428594163993,0.10114361855043275,1,91698.34531926033,0.5719585438577868,67.74757843093664,0,2,0
14.098543259007158,3.0005514276480048,0,38664.53671360318,2.017193857792506,28.32992375279021,47,0,1
15.695867175037407,4.598431133219738,0,19562.584043497623,1.2150312307870814,40.3437613288208,42,1,1
22.966375476774342,4.977230534489556,0,83622.75324143289,1.894865990844956,91.27502668483734,20,0,2
47.26291173121365,3.363106972620822,1,5124.11221367,1.2231022107589073,47.35861396423647,23,0,1
46.56894209119434,0.8858036033573153,1,105696.08397472644,3.692949167491859,115.04270313870254,27,0,2
17.09069898450288,3.419648110741646,1,102490.72103648637,6.724156264434569,28.713074506457367,19,0,0
31.29363271286889,0.09912456793521995,1,13042.919755134872,6.1277601112721,25.66070559761759,19,2,0
30.432652925675157,3.3417506286852707,1,13077.709246987331,4.835920391484539,28.713074506457367,19,1,1
43.80650138123944,4.540658322199269,1,13042.919755134872,6.9133897460034,49.10797489287228,19,0,0
26.178913488158532,2.095035240057341,1,58821.29397914253,2.1508016374854577,101.08376607403596,8,0,1
47.26291173121365,2.1235103944905847,1,12935.217752869772,1.2243868128781217,47.35861396423647,23,0,1
21.444432931053278,0.0603985124877483,1,91698.34531926033,0.5719585438577868,69.44240096744105,0,2,0
14.642470052759686,0.8512313578180231,1,29364.205617131076,8.361577325263461,71.64485508038865,26,1,2
24.599078366632483,2.095035240057341,1,95771.95506792642,1.8943993207829242,21.11731908962474,2,0,0
26.178913488158532,2.0827136856571795,1,58627.77395015408,6.025289902423213,0.3270590559851261,16,2,1
45.70525358880895,3.1572846631059757,1,29562.710511652072,8.361577325263461,63.07123163541511,26,1,2
29.103210166579622,0.6951607050717108,1,101903.73676724182,2.502987121552196,115.04270313870254,28,0,2
28.088236649383298,2.095035240057341,1,5640.110058706337,6.025289902423213,3.521260795687505,22,0,1
12.845112746521277,3.9899556941942076,0,5031.885502343248,2.0264056066106684,91.70638000273169,19,0,1
30.13785695426416,4.672112841988273,1,855.0023104440556,6.004004790054891,0.26719217351983815,8,0,1
19.45535614486608,0.2702375318806929,0,95359.1830379316,5.741629042460689,52.96234709839134,2,2,0
26.331131635539514,3.290381584227344,0,13042.919755134872,7.834867575411362,47.350666621096195,42,0,0
46.182534496998734,4.689520140382195,1,16191.017160000998,6.674660446680784,50.71783524575574,22,0,0
21.639771865868582,3.3739555634224505,0,9967.941990029276,6.9133897460034,52.19029258248259,27,0,0
45.41836335803788,4.046639150843063,1,70829.66886667351,5.905057161979839,5.454297045173519,20,0,1
48.441781931658845,3.3697439954917154,1,4454.887284826036,6.899243132060612,49.1079705409627,19,0,1
45.35980093488271,0.8366333737966518,1,29436.51888134398,8.361577325263461,64.97401069043494,24,1,2
44.38344762624571,2.603075664403504,0,59972.77691074193,2.294033938682351,47.94364751900645,51,0,1
20.5496924353205,0.31950243880915075,1,57869.97427200482,5.3408281824173365,42.88729366412625,8,2,2
30.00495390671828,3.3204939093416597,1,1273.6762611052072,4.786424573732301,51.028277567629104,10,1,1
25.53871861616175,0.7016821757860192,1,27288.702673300606,4.811554761170238,51.116571423706894,20,1,1
46.431904511575205,4.871185329988256,1,32552.756915251062,3.6897135440900675,69.88662374650326,18,2,2
28.08165691719223,3.7024211715594575,1,55677.04685863138,4.811554761170238,54.72009806538249,16,0,1
28.213736243373585,3.2914368421787845,1,60592.63667184053,4.815717295541775,51.96889368038888,47,0,1
30.358417562879815,3.3240625465838733,1,55645.207015281194,4.820858409574393,59.02982066304253,16,1,0
46.023772630903096,3.9583052500056786,1,22725.066707937694,5.477379424964322,88.93516960674054,9,0,2
19.05091578783301,3.9718811054467307,1,4273.227707139367,5.25141623184928,57.991489422626245,21,0,1
39.15485527444827,2.2680806092663826,1,23194.34214357813,0.4097306935799794,9.403734300623011,61,2,0
34.011391502682145,2.3407329547195035,1,113085.84342104848,4.0095731564967965,8.849759799833215,25,2,0
38.45815481194356,4.637583504361632,0,17487.396195740555,8.412833416386762,94.7777056555191,98,2,0
31.443544260446274,1.2938554471107522,1,62580.139132659424,0.37848701511344784,26.69343798150534,95,2,2
32.33061367211856,0.9394510539226897,0,14607.117030220104,6.531467635588591,18.02141073237219,6,2,1
46.243354805983046,3.352552370272501,1,13042.919755134872,6.9133897460034,49.1079705409627,19,0,0
21.30561642177313,4.733093516759888,1,83622.75324143289,2.1925692341030767,31.380341076193737,20,2,2
18.88855593163688,4.614054377218757,0,106659.17249874436,2.9549740070307506,33.20836866769714,18,0,0
47.878728189087475,4.401249999617368,0,55360.668035153714,1.7960468519745354,95.2042323541901,58,0,1
47.724667060855154,0.32177847961807393,1,95359.1830379316,5.659114090832644,56.32183068153569,35,0,0
29.039885092500942,4.683480624645668,1,103154.39723672853,3.692949167491859,119.49600419145398,48,0,2
42.03112004432417,3.2462018452723767,0,64270.27852092332,1.3015358100217844,11.799897642695147,23,0,0
39.72999901345602,4.357779227626482,1,93068.49605679314,2.890153587357267,35.33694183760508,96,1,1
47.97064484627881,2.040492340279921,0,35181.845655866964,2.443801497099516,105.75492759678865,67,2,0
13.268131570467126,1.0969496725416912,1,18049.551629417943,9.868695255574876,52.243466536921666,67,2,1
45.92628790034716,3.9648503844734657,0,22725.066707937694,6.1035023292522075,92.34413616055215,11,0,2
30.00495390671828,3.308172354958918,1,889.3100930895279,4.786424573732301,51.96889368038888,16,1,1
27.958535262928574,3.894200460110361,1,8582.139252132427,4.889646982207405,48.71239299423417,90,2,2
37.470404561174405,1.006723489508849,1,90146.61002668706,5.7598893937307984,106.32116344399743,31,2,2
34.65907287760835,0.6717586864919628,0,108402.47102266569,9.810683850489799,37.647060862873694,86,0,1
27.46145287824674,3.818125448188357,1,6908.256971614951,3.8490540260751427,65.57278358036056,79,2,0
21.64428594163993,0.10114361855043275,0,86522.6261208018,0.5719585438577868,67.74757843093664,0,2,0
46.74655704875965,4.72800340649303,0,93328.10843736061,1.8455818176616978,5.1973392320512435,47,0,2
42.7524222693985,0.6754393125463276,1,81760.02857422282,0.0749690097679856,11.87170560314577,54,2,2
14.098543259007158,3.0005514276480048,0,59900.463627763165,2.017193857792506,28.32992375279021,47,0,1
26.178913488158532,2.095035240057341,1,58282.74775782929,6.025289902423213,0.3270590559851261,10,2,1
40.536086551208825,1.6194752606703804,1,83372.46222379821,2.573110226336647,81.99397306118269,72,0,0
45.16237385913258,0.8512313578180231,1,29436.51888134398,8.361577325263461,69.4340205238415,26,1,2
48.48917715812525,3.9019140064655238,1,90319.96343818618,9.515736873967311,41.04012246144743,35,0,2
19.62883557336894,4.572622936277961,0,23109.756316393283,1.2231022107589073,50.29508086687884,42,1,1
48.035250206558736,2.155293732834696,0,22725.066707937694,6.583991362306412,93.58323876751594,8,2,2
39.15485527444827,2.2680806092663826,1,23194.34214357813,0.4097306935799794,9.403734300623011,0,2,0
42.11203929918018,1.6193960854312133,1,86881.42315157653,2.573110226336647,81.99397306118269,74,0,0
33.996044505789904,3.265109198461097,0,114899.69114042146,1.3106761840293402,8.849759799833215,25,2,0
38.77354199976921,3.311120303759764,1,16872.6987633967,4.860733194238476,48.71239299423417,90,2,2
47.58931201061458,4.364606225107097,0,93336.23697525852,1.791377137187054,5.1973392320512435,47,0,2
47.909788579263235,0.8512313578180231,1,29436.51888134398,8.361577325263461,69.29092430521739,51,1,2
22.082531216512976,4.757940553099182,1,83622.75324143289,1.5785678467417852,31.567447425447483,20,2,2
29.02664293318049,4.610943330351739,1,1650.1109304870479,3.38920112380522,119.49600419145398,48,0,1
47.732243231832385,3.9019140064655238,1,90319.96343818618,9.515736873967311,41.04012246144743,35,0,2
19.588112305365147,4.559980750824793,0,23109.756316393283,1.1715727842735277,52.34092537868063,42,1,1
45.25591160428948,3.2661604908785336,1,56998.70422253615,5.988644813441371,4.454506730342871,19,2,0
37.37741857753215,1.006723489508849,1,90146.61002668706,2.4869817223402904,27.20348653312631,31,2,2
14.098543259007158,3.0005514276480048,1,59591.396211349915,2.017193857792506,28.32992375279021,66,0,1
47.78298992518244,0.32520756596733474,1,81839.887278364,0.0749690097679856,11.87170560314577,54,0,2
45.86168253637046,3.8500487694898804,0,39061.23786736622,2.773733236845252,104.51582498775359,78,0,0
21.64428594163993,0.10114361855043275,0,86522.6261208018,0.5719585438577868,63.73551404172799,63,2,0
29.867590838951514,1.2939346223499193,1,62580.139132659424,0.37848701511344784,26.69343798150534,96,2,2
42.04646703769521,2.3218256015303784,1,62373.236644960816,4.000433659583724,11.799897642695147,23,0,0
27.64314806921408,4.624646171129991,0,8287.80485480065,8.441744135687383,94.7777056555191,98,2,0
38.887012711601685,4.721176406097605,1,93060.36751889523,2.8558577034600696,41.02075322555349,93,1,1
45.131313445351104,4.4143242771472035,0,60635.30833703262,1.7960468519745354,95.34732855308333,27,0,1
31.553698879989653,0.9568396808919649,0,14607.117030220104,6.514427090782935,9.391426985234098,6,2,1
30.018196066038733,3.38066466522527,1,104173.60090977224,4.786424573732301,40.71873167511744,16,1,2
36.77559634315401,0.8632626129758325,0,108402.47102266569,9.810683850489799,37.647060862873694,86,0,1
27.50217614665162,3.416672175560313,1,6908.256971614951,3.9005865226643968,69.77179627362004,74,2,0
26.178913488158532,2.1814271194329344,1,14327.429124039692,6.950034834985242,49.454897565200724,6,0,1
18.814038326669582,4.614054377218757,0,108562.9841717935,6.227881830510413,113.63417004324914,18,0,0
13.268131570467126,1.0969496725416912,0,18358.650264810592,9.868695255574876,52.243466536921666,48,2,1
42.694094798572806,0.6720102265364213,1,95512.8321452859,5.659114090832644,56.32183068153569,35,2,0
47.750118945628174,0.9394510539226897,0,16597.239330758064,6.531467635588591,56.18822234129726,22,0,1
26.178913488158532,2.095035240057341,1,53973.90628311319,6.025289902423213,0.3270590559851261,71,2,1
30.958965474191537,3.9419623200869927,0,889.3100930895279,4.803758908116846,51.96889368038888,11,1,2
42.52775991287267,3.2462018452723767,0,64682.703319779655,1.3192160123738685,11.799897642695147,26,0,0
39.15485527444827,4.404354770734339,1,23194.34214357813,0.4097306935799794,99.75283278625164,0,2,0
19.62883557336894,4.572622936277961,0,23418.063758427536,1.2231022107589073,50.29508086687884,31,0,1
22.26073753545928,0.025436753468856876,0,85828.17781891036,4.003084776082219,10.482435092683186,2,2,0
32.224248095336954,4.9875550371497335,1,84711.75962295316,2.0879426616361334,48.63734065133674,20,2,2
27.50217614665162,4.620731560256907,1,6908.256971614951,3.9005865226643968,119.86656309291324,77,2,0
30.213721743428025,2.2621419685439816,0,103768.20268736847,6.551777200836828,93.58323876751594,8,0,2
37.470404561174405,1.006723489508849,1,89979.20658030236,5.7598893937307984,110.08267089261015,31,2,2
13.247319562055731,1.4950619393988707,0,28145.66440120254,9.81062185329576,52.243466536921666,48,2,1
46.243354805983046,3.352552370272501,1,13042.919755134872,3.6366357028129834,49.1079705409627,25,0,0
26.178913488158532,2.1725979013217955,1,14327.429124039692,4.83494709828284,49.46646942220218,6,0,1
44.25991122024611,3.265645979785367,1,59915.371275857775,5.988644813441371,4.454506730342871,19,2,0
32.30086398436194,0.32177847961807393,1,93377.16759741241,5.659114090832644,18.155033707079046,59,2,0
13.268131570467126,1.0969496725416912,1,18049.551629417943,9.868695255574876,52.243466536921666,10,2,1
45.92628790034716,3.2938608000625402,1,22725.066707937694,6.731224148030405,92.34413616055215,23,0,1
18.501298896385826,4.614054377218757,0,108149.69048120274,6.210287812330854,113.63417004324914,18,0,0
48.01741964310494,2.264946476810996,0,55360.668035153714,1.7960468519745354,5.359403587362394,58,0,1
45.131313445351104,4.4143242771472035,0,60327.002441887074,1.7960468519745354,95.34732855308333,43,1,1
34.011391502682145,2.3572935803036463,1,113778.41166253533,0.5789881866409567,55.214715460795105,23,2,0
22.423226089213767,0.9568396808919649,0,13527.157372480171,6.005074662182651,9.391426985234098,6,2,1
29.02664293318049,3.406874072640648,1,1650.1109304870479,3.38920112380522,65.92741771506823,48,0,1
46.84842069908321,4.575612859687049,1,22105.462960480683,3.725163328864526,119.49600419145398,48,2,2
21.30561642177313,4.375144140768587,1,83790.1566878176,2.1925692341030767,31.380341076193737,20,2,2
14.08157361301016,2.97875809151766,1,59591.396211349915,1.9864459890064277,28.32992375279021,88,0,1
42.04646703769521,2.3218256015303784,1,62373.236644960816,7.277187655930778,11.799897642695147,23,0,0
29.70074284014191,2.5891355463279964,1,104173.60090977224,6.901512310419011,40.70715981811598,16,1,2
15.09896505336723,3.001065938741171,0,56983.79657444154,2.017193857792506,28.32992375279021,54,0,1
34.011391502682145,2.3407329547195035,1,21828.533710243108,4.0095731564967965,8.849759799833215,24,2,0
31.70079522986764,4.612480713446773,1,113735.83616522122,0.42398185537665434,55.673836403555185,18,2,0
30.00495390671828,3.259684926363568,1,2991.2715876559287,4.355950698915672,6.237052023654806,25,2,0
24.987593394705314,4.099788690969431,1,889.3100930895279,4.60625912287944,8.480172488562722,13,1,0
48.035250206558736,2.14419958202712,0,22725.066707937694,0.19644591762872876,99.24075588275721,8,2,2
46.30698824889653,0.8694233390825747,0,14655.084971925759,6.731224148030405,92.34413616055215,23,0,1
42.143758871703234,2.507466912028854,1,83494.53852958493,4.259972064552567,11.799897642695147,47,2,0
43.68018198175658,3.9648503844734657,0,25926.76118316027,1.2402143740445668,95.50631642899248,11,0,2
42.52775991287267,4.63249450922644,0,1750.4261397609298,1.3192160123738685,19.003953601492242,26,0,0
46.24959021613036,3.352552370272501,0,13042.919755134872,1.2932212566019836,49.1079705409627,23,0,0
20.472464802376244,2.095035240057341,1,58282.74775782929,6.025289902423213,0.3270590559851261,9,0,1
26.21257340277327,3.0249147913365935,0,9366.85602176486,1.9438443156213294,27.66964994588792,6,0,1
37.617131750545276,2.9898107544602617,1,88933.85295479573,5.816433163476018,106.32116344399743,22,2,1
27.655376410674563,3.352552370272501,1,1614.0029878837959,6.990026173211097,50.17349508886718,19,0,0
42.43629392638945,1.0944099666345433,1,18049.551629417943,7.267930060032666,52.243466536921666,10,0,1
26.178913488158532,2.1725979013217955,1,105441.58865880842,4.83494709828284,49.46646942220218,6,0,1
18.59908239115601,2.3585484420790084,0,108192.26597783748,6.3840077984816075,111.99187484746767,23,0,0
45.25591160428948,3.3087642359631064,1,56998.70422253615,5.988644813441371,47.16195775322543,16,1,1
39.15485527444827,2.314902817918802,0,10212.836395531725,0.6113439837446399,52.898337171594946,0,2,2
39.04818463266552,4.429515603400974,1,23194.34214357813,6.888126484746548,94.09531567101035,0,2,0
31.94944954102126,3.363901622440429,1,22263.02103960755,5.773063017361955,18.02141073237219,6,2,1
21.985205025961374,4.8879241823230295,1,62501.45135679355,1.237554792403085,31.348554766438674,20,0,2
21.870437709830004,4.572622936277961,0,23418.063758427536,6.333433646165836,48.74370704541929,31,0,1
29.02664293318049,3.2246137396734977,1,65192.97948241608,3.38920112380522,110.73768927750886,48,0,1
42.03112004432417,3.2462018452723767,1,64270.27852092332,3.6449505410880256,11.799897642695147,25,0,0
32.17142312131405,4.683480624645668,1,103154.39723672853,3.692949167491859,119.49600419145398,49,2,2
15.159082427022597,2.157578266837494,1,58969.85855148919,7.023396190479939,50.11517137341667,61,0,1
13.956141199247226,0.8312070191585819,1,60804.15327017536,1.7930339384820422,28.32992375279021,67,0,2
47.57007755409152,3.406874072640648,1,13083.138547234195,3.312564686855548,64.86189316716376,46,0,1
12.912902709088913,2.3243653090480505,1,62373.236644960816,9.86783621892779,11.799897642695147,12,2,0
26.073554502391197,2.095035240057341,1,58282.74775782929,6.296773708582566,0.3270590559851261,10,1,1
42.04646703769521,2.3190974775967015,1,62373.236644960816,4.096189368332416,8.220117462558669,23,0,0
46.131007990173075,3.301786911344311,0,9366.85602176486,2.3032578282992,27.66964994588792,7,0,1
27.655376410674563,3.352552370272501,1,2665.525106533371,6.775536306603662,10.20138124508043,25,0,0
43.73159469423754,3.2447049606076317,0,64682.703319779655,6.289595464426174,49.720966709570256,26,0,0
46.243354805983046,3.352552370272501,1,66130.66120000083,1.3082973475428692,48.338092826282,25,0,0
39.187176250884896,2.3407329547195035,1,23218.063663250396,0.36934399131640494,9.408381958342078,0,2,0
26.05616467767983,4.691611639816764,1,889.3100930895279,4.60625912287944,8.480172488562722,13,1,0
29.02664293318049,4.610943330351739,1,1650.1109304870479,3.38920112380522,118.15633430864601,51,1,1
39.11770158999706,4.404354770734339,1,23131.700241141483,0.4097306935799794,99.75283278625164,0,2,0
46.24959021613036,4.553305011344721,0,3604.9012738388983,0.9485413186892329,49.1079705409627,11,0,0
16.539894012581804,2.3312181474516542,1,59985.92238864216,9.922393517545908,11.53882039778004,6,2,0
46.0272358963461,4.4808202823982,0,14407.027038486041,6.731224148030405,94.08734952381482,24,0,1
31.70079522986764,4.612480713446773,1,54881.32767233314,0.42398185537665434,25.3031250479775,18,2,0
45.36413720468648,3.9648503844734657,0,22725.066707937694,7.274139570778118,92.34413616055215,12,0,2
30.110312892485616,3.308172354958918,1,889.3100930895279,4.786424573732301,51.96889368038888,16,2,1
26.178913488158532,2.175326025255472,1,14327.429124039692,4.910370296982764,53.055439383218165,6,0,1
26.005637000982205,3.0169886800548227,1,22725.066707937694,6.657953885853855,92.34413616055215,22,0,1
42.03112004432417,3.2462018452723767,1,67499.32454700454,3.6449505410880256,51.773892510624506,19,0,0
48.478422545213654,3.354049254937246,1,13042.919755134872,1.6371559194408487,11.187458189851288,19,0,0
21.985205025961374,4.8879241823230295,1,13362.43229603133,3.5290961894651742,32.118432481127414,25,0,2
33.979070526245145,2.2680806092663826,1,21804.812190570847,4.482933943387362,8.845112142114148,24,2,0
12.121783865205572,1.1056462910132336,1,19119.654870902108,9.868695255574876,52.243466536921666,5,2,1
45.25591160428948,3.1401892433094276,1,56998.70422253615,5.988644813441371,49.798713455487515,13,0,1
26.216067143083833,2.1814271194329344,1,14390.071026489704,6.950034834985242,49.454897565200724,6,0,1
18.501298896385826,3.4132931569470157,0,112699.46071116392,6.210287812330854,113.63417004324914,18,0,0
32.33061367211856,0.9394510539226897,0,16994.76113609143,6.419813316385472,18.282487977295794,6,2,1
39.32793559608344,0.8168758385154491,1,23442.400077043752,6.888126484746548,92.35210230774769,0,2,0
15.09896505336723,3.001065938741171,0,115642.79752503756,2.4538779195246083,58.70063550669846,54,0,1
42.36128070010957,1.0944099666345433,1,18049.551629417943,4.88920789212407,57.32572722849104,22,0,1
