bandwidth,cruise_speed,firm_obstacle,illuminance,obstacle_distance,obstacle_size,power,quality,smoke_intensity
18.984551919767064,2.532833577776439,0,86799.71506998363,7.012632531102934,10.89033431566727,30,1,2
18.984551919767064,2.532833577776439,0,86799.71506998363,7.012632531102934,10.89033431566727,78,1,2
18.984551919767064,2.532833577776439,0,86799.71506998363,7.012632531102934,10.89033431566727,38,1,2
18.984551919767064,2.532833577776439,0,86799.71506998363,7.012632531102934,10.89033431566727,61,1,2
18.984551919767064,2.532833577776439,0,86799.71506998363,7.012632531102934,10.89033431566727,47,1,2
18.984551919767064,2.532833577776439,0,86799.71506998363,7.012632531102934,10.89033431566727,71,1,2
18.984551919767064,2.532833577776439,0,86799.71506998363,7.012632531102934,10.89033431566727,34,1,2
18.984551919767064,2.532833577776439,0,86799.71506998363,7.012632531102934,10.89033431566727,8,1,2
18.984551919767064,2.532833577776439,0,86799.71506998363,7.012632531102934,10.89033431566727,29,1,2
18.984551919767064,2.532833577776439,0,86799.71506998363,7.012632531102934,10.89033431566727,63,1,2
18.984551919767064,2.532833577776439,0,86799.71506998363,7.012632531102934,10.89033431566727,62,1,2
18.984551919767064,2.532833577776439,0,86799.71506998363,7.012632531102934,10.89033431566727,99,1,2
18.984551919767064,2.532833577776439,0,86799.71506998363,7.012632531102934,10.89033431566727,24,1,2
18.984551919767064,2.532833577776439,0,86799.71506998363,7.012632531102934,10.89033431566727,42,1,2
18.984551919767064,2.532833577776439,0,86799.71506998363,7.012632531102934,10.89033431566727,95,1,2
18.984551919767064,2.532833577776439,0,86799.71506998363,7.012632531102934,10.89033431566727,11,1,2
18.984551919767064,2.532833577776439,0,86799.71506998363,7.012632531102934,10.89033431566727,70,1,2
18.984551919767064,2.532833577776439,0,86799.71506998363,7.012632531102934,10.89033431566727,96,1,2
18.984551919767064,2.532833577776439,0,86799.71506998363,7.012632531102934,10.89033431566727,92,1,2
18.984551919767064,2.532833577776439,0,86799.71506998363,7.012632531102934,10.89033431566727,68,1,2
18.984551919767064,2.532833577776439,0,86799.71506998363,7.012632531102934,10.89033431566727,90,1,2
18.984551919767064,2.532833577776439,0,86799.71506998363,7.012632531102934,10.89033431566727,19,1,2
18.984551919767064,2.532833577776439,0,86799.71506998363,7.012632531102934,10.89033431566727,76,1,2
18.984551919767064,2.532833577776439,0,86799.71506998363,7.012632531102934,10.89033431566727,67,1,2
18.984551919767064,2.532833577776439,0,86799.71506998363,7.012632531102934,10.89033431566727,51,1,2
18.984551919767064,2.532833577776439,0,86799.71506998363,7.012632531102934,10.89033431566727,100,1,2
18.984551919767064,2.532833577776439,0,86799.71506998363,7.012632531102934,10.89033431566727,85,1,2
18.984551919767064,2.532833577776439,0,86799.71506998363,7.012632531102934,10.89033431566727,21,1,2
18.984551919767064,2.532833577776439,0,86799.71506998363,7.012632531102934,10.89033431566727,99,1,2
18.984551919767064,2.532833577776439,0,86799.71506998363,7.012632531102934,10.89033431566727,86,1,2
11.517829415257985,3.49455392613675,1,29826.92228651543,1.3241163321788874,115.14923200110688,44,1,0
11.517829415257985,1.1083751378839257,1,29826.92228651543,1.3241163321788874,115.14923200110688,44,1,0
11.517829415257985,0.9238586612763061,1,29826.92228651543,1.3241163321788874,115.14923200110688,44,1,0
11.517829415257985,4.770785160902566,1,29826.92228651543,1.3241163321788874,115.14923200110688,44,1,0
11.517829415257985,1.7021876380200256,1,29826.92228651543,1.3241163321788874,115.14923200110688,44,1,0
11.517829415257985,2.2069724950972676,1,29826.92228651543,1.3241163321788874,115.14923200110688,44,1,0
11.517829415257985,3.280436758722019,1,29826.92228651543,1.3241163321788874,115.14923200110688,44,1,0
11.517829415257985,2.201509518507722,1,29826.92228651543,1.3241163321788874,115.14923200110688,44,1,0
11.517829415257985,0.0013225199022592893,1,29826.92228651543,1.3241163321788874,115.14923200110688,44,1,0
11.517829415257985,1.3012793518915693,1,29826.92228651543,1.3241163321788874,115.14923200110688,44,1,0
11.517829415257985,2.361177473561718,1,29826.92228651543,1.3241163321788874,115.14923200110688,44,1,0
11.517829415257985,3.806342220223755,1,29826.92228651543,1.3241163321788874,115.14923200110688,44,1,0
11.517829415257985,3.0319317033254727,1,29826.92228651543,1.3241163321788874,115.14923200110688,44,1,0
11.517829415257985,2.150975146374165,1,29826.92228651543,1.3241163321788874,115.14923200110688,44,1,0
11.517829415257985,0.9551423171699225,1,29826.92228651543,1.3241163321788874,115.14923200110688,44,1,0
11.517829415257985,3.9232777398037832,1,29826.92228651543,1.3241163321788874,115.14923200110688,44,1,0
11.517829415257985,0.9356174072128809,1,29826.92228651543,1.3241163321788874,115.14923200110688,44,1,0
11.517829415257985,3.618895320950777,1,29826.92228651543,1.3241163321788874,115.14923200110688,44,1,0
11.517829415257985,2.48704100180419,1,29826.92228651543,1.3241163321788874,115.14923200110688,44,1,0
11.517829415257985,2.7610386997468956,1,29826.92228651543,1.3241163321788874,115.14923200110688,44,1,0
11.517829415257985,1.9199478108009782,1,29826.92228651543,1.3241163321788874,115.14923200110688,44,1,0
11.517829415257985,1.014954834177052,1,29826.92228651543,1.3241163321788874,115.14923200110688,44,1,0
11.517829415257985,0.8487611506063075,1,29826.92228651543,1.3241163321788874,115.14923200110688,44,1,0
11.517829415257985,3.2074403547196493,1,29826.92228651543,1.3241163321788874,115.14923200110688,44,1,0
11.517829415257985,1.3806801537175701,1,29826.92228651543,1.3241163321788874,115.14923200110688,44,1,0
11.517829415257985,0.07109109448509121,1,29826.92228651543,1.3241163321788874,115.14923200110688,44,1,0
11.517829415257985,0.9631698348830592,1,29826.92228651543,1.3241163321788874,115.14923200110688,44,1,0
11.517829415257985,4.606003724797387,1,29826.92228651543,1.3241163321788874,115.14923200110688,44,1,0
11.517829415257985,3.55853517077136,1,29826.92228651543,1.3241163321788874,115.14923200110688,44,1,0
11.517829415257985,2.901297525274318,1,29826.92228651543,1.3241163321788874,115.14923200110688,44,1,0
26.06513482483299,0.7037301721241124,0,12162.38490212461,1.478542563827484,28.538039099547333,65,2,1
42.71693897543812,0.7037301721241124,0,12162.38490212461,1.478542563827484,28.538039099547333,65,2,1
20.527400541025816,0.7037301721241124,0,12162.38490212461,1.478542563827484,28.538039099547333,65,2,1
35.32285047306584,0.7037301721241124,0,12162.38490212461,1.478542563827484,28.538039099547333,65,2,1
10.480166255768983,0.7037301721241124,0,12162.38490212461,1.478542563827484,28.538039099547333,65,2,1
35.82735628841385,0.7037301721241124,0,12162.38490212461,1.478542563827484,28.538039099547333,65,2,1
48.90235614607517,0.7037301721241124,0,12162.38490212461,1.478542563827484,28.538039099547333,65,2,1
38.335210556158025,0.7037301721241124,0,12162.38490212461,1.478542563827484,28.538039099547333,65,2,1
13.069528932373405,0.7037301721241124,0,12162.38490212461,1.478542563827484,28.538039099547333,65,2,1
33.6604504691116,0.7037301721241124,0,12162.38490212461,1.478542563827484,28.538039099547333,65,2,1
22.6717778080196,0.7037301721241124,0,12162.38490212461,1.478542563827484,28.538039099547333,65,2,1
46.787830229171135,0.7037301721241124,0,12162.38490212461,1.478542563827484,28.538039099547333,65,2,1
10.724405769536158,0.7037301721241124,0,12162.38490212461,1.478542563827484,28.538039099547333,65,2,1
10.475072780711736,0.7037301721241124,0,12162.38490212461,1.478542563827484,28.538039099547333,65,2,1
13.84811044351498,0.7037301721241124,0,12162.38490212461,1.478542563827484,28.538039099547333,65,2,1
23.572007299509025,0.7037301721241124,0,12162.38490212461,1.478542563827484,28.538039099547333,65,2,1
45.29628404155116,0.7037301721241124,0,12162.38490212461,1.478542563827484,28.538039099547333,65,2,1
32.585815151006926,0.7037301721241124,0,12162.38490212461,1.478542563827484,28.538039099547333,65,2,1
36.494582260297044,0.7037301721241124,0,12162.38490212461,1.478542563827484,28.538039099547333,65,2,1
11.773693894400395,0.7037301721241124,0,12162.38490212461,1.478542563827484,28.538039099547333,65,2,1
16.992563275426093,0.7037301721241124,0,12162.38490212461,1.478542563827484,28.538039099547333,65,2,1
25.2297211353434,0.7037301721241124,0,12162.38490212461,1.478542563827484,28.538039099547333,65,2,1
35.11173869292524,0.7037301721241124,0,12162.38490212461,1.478542563827484,28.538039099547333,65,2,1
40.060057843961545,0.7037301721241124,0,12162.38490212461,1.478542563827484,28.538039099547333,65,2,1
32.98819320591814,0.7037301721241124,0,12162.38490212461,1.478542563827484,28.538039099547333,65,2,1
21.180122655757966,0.7037301721241124,0,12162.38490212461,1.478542563827484,28.538039099547333,65,2,1
17.1793822539528,0.7037301721241124,0,12162.38490212461,1.478542563827484,28.538039099547333,65,2,1
26.864092037226264,0.7037301721241124,0,12162.38490212461,1.478542563827484,28.538039099547333,65,2,1
20.234867562595554,0.7037301721241124,0,12162.38490212461,1.478542563827484,28.538039099547333,65,2,1
40.39681258826887,0.7037301721241124,0,12162.38490212461,1.478542563827484,28.538039099547333,65,2,1
41.766490280305675,2.9520677470010654,1,3442.164644632158,3.8989046174533772,106.42421413450126,74,1,0
41.766490280305675,2.9520677470010654,1,3442.164644632158,3.8989046174533772,106.42421413450126,74,2,0
41.766490280305675,2.9520677470010654,1,3442.164644632158,3.8989046174533772,106.42421413450126,74,1,0
41.766490280305675,2.9520677470010654,1,3442.164644632158,3.8989046174533772,106.42421413450126,74,2,0
41.766490280305675,2.9520677470010654,1,3442.164644632158,3.8989046174533772,106.42421413450126,74,2,0
41.766490280305675,2.9520677470010654,1,3442.164644632158,3.8989046174533772,106.42421413450126,74,0,0
41.766490280305675,2.9520677470010654,1,3442.164644632158,3.8989046174533772,106.42421413450126,74,2,0
41.766490280305675,2.9520677470010654,1,3442.164644632158,3.8989046174533772,106.42421413450126,74,2,0
41.766490280305675,2.9520677470010654,1,3442.164644632158,3.8989046174533772,106.42421413450126,74,1,0
41.766490280305675,2.9520677470010654,1,3442.164644632158,3.8989046174533772,106.42421413450126,74,0,0
41.766490280305675,2.9520677470010654,1,3442.164644632158,3.8989046174533772,106.42421413450126,74,2,0
41.766490280305675,2.9520677470010654,1,3442.164644632158,3.8989046174533772,106.42421413450126,74,0,0
41.766490280305675,2.9520677470010654,1,3442.164644632158,3.8989046174533772,106.42421413450126,74,2,0
41.766490280305675,2.9520677470010654,1,3442.164644632158,3.8989046174533772,106.42421413450126,74,2,0
41.766490280305675,2.9520677470010654,1,3442.164644632158,3.8989046174533772,106.42421413450126,74,1,0
41.766490280305675,2.9520677470010654,1,3442.164644632158,3.8989046174533772,106.42421413450126,74,0,0
41.766490280305675,2.9520677470010654,1,3442.164644632158,3.8989046174533772,106.42421413450126,74,1,0
41.766490280305675,2.9520677470010654,1,3442.164644632158,3.8989046174533772,106.42421413450126,74,2,0
41.766490280305675,2.9520677470010654,1,3442.164644632158,3.8989046174533772,106.42421413450126,74,0,0
41.766490280305675,2.9520677470010654,1,3442.164644632158,3.8989046174533772,106.42421413450126,74,2,0
41.766490280305675,2.9520677470010654,1,3442.164644632158,3.8989046174533772,106.42421413450126,74,1,0
41.766490280305675,2.9520677470010654,1,3442.164644632158,3.8989046174533772,106.42421413450126,74,1,0
41.766490280305675,2.9520677470010654,1,3442.164644632158,3.8989046174533772,106.42421413450126,74,1,0
41.766490280305675,2.9520677470010654,1,3442.164644632158,3.8989046174533772,106.42421413450126,74,1,0
41.766490280305675,2.9520677470010654,1,3442.164644632158,3.8989046174533772,106.42421413450126,74,0,0
41.766490280305675,2.9520677470010654,1,3442.164644632158,3.8989046174533772,106.42421413450126,74,2,0
41.766490280305675,2.9520677470010654,1,3442.164644632158,3.8989046174533772,106.42421413450126,74,1,0
41.766490280305675,2.9520677470010654,1,3442.164644632158,3.8989046174533772,106.42421413450126,74,2,0
41.766490280305675,2.9520677470010654,1,3442.164644632158,3.8989046174533772,106.42421413450126,74,1,0
41.766490280305675,2.9520677470010654,1,3442.164644632158,3.8989046174533772,106.42421413450126,74,0,0
45.55503361689477,4.056493384839391,0,118168.2794127373,7.904901384100076,79.467188088242,37,1,0
45.55503361689477,4.056493384839391,0,51775.59454951738,7.904901384100076,79.467188088242,37,1,0
45.55503361689477,4.056493384839391,0,35488.305844682,7.904901384100076,79.467188088242,37,1,0
45.55503361689477,4.056493384839391,0,104335.83401113673,7.904901384100076,79.467188088242,37,1,0
45.55503361689477,4.056493384839391,0,110283.3105297347,7.904901384100076,79.467188088242,37,1,0
45.55503361689477,4.056493384839391,0,92745.08359417855,7.904901384100076,79.467188088242,37,1,0
45.55503361689477,4.056493384839391,0,86391.80373233413,7.904901384100076,79.467188088242,37,1,0
45.55503361689477,4.056493384839391,0,1280.5427786879197,7.904901384100076,79.467188088242,37,1,0
45.55503361689477,4.056493384839391,0,33218.01112913392,7.904901384100076,79.467188088242,37,1,0
45.55503361689477,4.056493384839391,0,97459.06268047486,7.904901384100076,79.467188088242,37,1,0
45.55503361689477,4.056493384839391,0,119809.11722509924,7.904901384100076,79.467188088242,37,1,0
45.55503361689477,4.056493384839391,0,33713.9044754578,7.904901384100076,79.467188088242,37,1,0
45.55503361689477,4.056493384839391,0,91319.48346090964,7.904901384100076,79.467188088242,37,1,0
45.55503361689477,4.056493384839391,0,13597.120586947598,7.904901384100076,79.467188088242,37,1,0
45.55503361689477,4.056493384839391,0,89736.17568406864,7.904901384100076,79.467188088242,37,1,0
45.55503361689477,4.056493384839391,0,42812.89922019426,7.904901384100076,79.467188088242,37,1,0
45.55503361689477,4.056493384839391,0,9324.382660632691,7.904901384100076,79.467188088242,37,1,0
45.55503361689477,4.056493384839391,0,21134.82562443998,7.904901384100076,79.467188088242,37,1,0
45.55503361689477,4.056493384839391,0,68141.19436463629,7.904901384100076,79.467188088242,37,1,0
45.55503361689477,4.056493384839391,0,56716.08758399036,7.904901384100076,79.467188088242,37,1,0
45.55503361689477,4.056493384839391,0,82493.29882377753,7.904901384100076,79.467188088242,37,1,0
45.55503361689477,4.056493384839391,0,41833.233437591145,7.904901384100076,79.467188088242,37,1,0
45.55503361689477,4.056493384839391,0,71577.91768967271,7.904901384100076,79.467188088242,37,1,0
45.55503361689477,4.056493384839391,0,45095.07366098346,7.904901384100076,79.467188088242,37,1,0
45.55503361689477,4.056493384839391,0,92191.96057217642,7.904901384100076,79.467188088242,37,1,0
45.55503361689477,4.056493384839391,0,823.9470227246084,7.904901384100076,79.467188088242,37,1,0
45.55503361689477,4.056493384839391,0,70687.46520472094,7.904901384100076,79.467188088242,37,1,0
45.55503361689477,4.056493384839391,0,70524.45085659769,7.904901384100076,79.467188088242,37,1,0
45.55503361689477,4.056493384839391,0,7018.216390133751,7.904901384100076,79.467188088242,37,1,0
45.55503361689477,4.056493384839391,0,91768.20840610091,7.904901384100076,79.467188088242,37,1,0
46.21139197985837,2.864852039329995,0,80854.4046045247,7.701744252244613,75.75672545779287,87,1,2
46.21139197985837,2.864852039329995,0,80854.4046045247,7.701744252244613,75.75672545779287,87,1,1
46.21139197985837,2.864852039329995,0,80854.4046045247,7.701744252244613,75.75672545779287,87,1,1
46.21139197985837,2.864852039329995,0,80854.4046045247,7.701744252244613,75.75672545779287,87,1,2
46.21139197985837,2.864852039329995,0,80854.4046045247,7.701744252244613,75.75672545779287,87,1,2
46.21139197985837,2.864852039329995,0,80854.4046045247,7.701744252244613,75.75672545779287,87,1,0
46.21139197985837,2.864852039329995,0,80854.4046045247,7.701744252244613,75.75672545779287,87,1,2
46.21139197985837,2.864852039329995,0,80854.4046045247,7.701744252244613,75.75672545779287,87,1,1
46.21139197985837,2.864852039329995,0,80854.4046045247,7.701744252244613,75.75672545779287,87,1,1
46.21139197985837,2.864852039329995,0,80854.4046045247,7.701744252244613,75.75672545779287,87,1,2
46.21139197985837,2.864852039329995,0,80854.4046045247,7.701744252244613,75.75672545779287,87,1,2
46.21139197985837,2.864852039329995,0,80854.4046045247,7.701744252244613,75.75672545779287,87,1,2
46.21139197985837,2.864852039329995,0,80854.4046045247,7.701744252244613,75.75672545779287,87,1,1
46.21139197985837,2.864852039329995,0,80854.4046045247,7.701744252244613,75.75672545779287,87,1,2
46.21139197985837,2.864852039329995,0,80854.4046045247,7.701744252244613,75.75672545779287,87,1,1
46.21139197985837,2.864852039329995,0,80854.4046045247,7.701744252244613,75.75672545779287,87,1,1
46.21139197985837,2.864852039329995,0,80854.4046045247,7.701744252244613,75.75672545779287,87,1,2
46.21139197985837,2.864852039329995,0,80854.4046045247,7.701744252244613,75.75672545779287,87,1,2
46.21139197985837,2.864852039329995,0,80854.4046045247,7.701744252244613,75.75672545779287,87,1,1
46.21139197985837,2.864852039329995,0,80854.4046045247,7.701744252244613,75.75672545779287,87,1,1
46.21139197985837,2.864852039329995,0,80854.4046045247,7.701744252244613,75.75672545779287,87,1,1
46.21139197985837,2.864852039329995,0,80854.4046045247,7.701744252244613,75.75672545779287,87,1,1
46.21139197985837,2.864852039329995,0,80854.4046045247,7.701744252244613,75.75672545779287,87,1,2
46.21139197985837,2.864852039329995,0,80854.4046045247,7.701744252244613,75.75672545779287,87,1,2
46.21139197985837,2.864852039329995,0,80854.4046045247,7.701744252244613,75.75672545779287,87,1,0
46.21139197985837,2.864852039329995,0,80854.4046045247,7.701744252244613,75.75672545779287,87,1,2
46.21139197985837,2.864852039329995,0,80854.4046045247,7.701744252244613,75.75672545779287,87,1,2
46.21139197985837,2.864852039329995,0,80854.4046045247,7.701744252244613,75.75672545779287,87,1,0
46.21139197985837,2.864852039329995,0,80854.4046045247,7.701744252244613,75.75672545779287,87,1,1
46.21139197985837,2.864852039329995,0,80854.4046045247,7.701744252244613,75.75672545779287,87,1,2
18.706442197953418,3.481079530871734,0,100391.4582806725,6.533429772866365,109.74804092369929,57,1,2
18.706442197953418,3.481079530871734,0,100391.4582806725,6.533429772866365,44.92001455084848,57,1,2
18.706442197953418,3.481079530871734,0,100391.4582806725,6.533429772866365,28.420170201556516,57,1,2
18.706442197953418,3.481079530871734,0,100391.4582806725,6.533429772866365,68.37124186714169,57,1,2
18.706442197953418,3.481079530871734,0,100391.4582806725,6.533429772866365,3.6038647587401718,57,1,2
18.706442197953418,3.481079530871734,0,100391.4582806725,6.533429772866365,96.59366331825632,57,1,2
18.706442197953418,3.481079530871734,0,100391.4582806725,6.533429772866365,58.572846030373384,57,1,2
18.706442197953418,3.481079530871734,0,100391.4582806725,6.533429772866365,79.63121292751885,57,1,2
18.706442197953418,3.481079530871734,0,100391.4582806725,6.533429772866365,93.55597532528839,57,1,2
18.706442197953418,3.481079530871734,0,100391.4582806725,6.533429772866365,2.352965023344975,57,1,2
18.706442197953418,3.481079530871734,0,100391.4582806725,6.533429772866365,22.76311648485278,57,1,2
18.706442197953418,3.481079530871734,0,100391.4582806725,6.533429772866365,50.11987182951725,57,1,2
18.706442197953418,3.481079530871734,0,100391.4582806725,6.533429772866365,73.18350303307034,57,1,2
18.706442197953418,3.481079530871734,0,100391.4582806725,6.533429772866365,43.987506327558904,57,1,2
18.706442197953418,3.481079530871734,0,100391.4582806725,6.533429772866365,33.384116949246035,57,1,2
18.706442197953418,3.481079530871734,0,100391.4582806725,6.533429772866365,3.0258185238925384,57,1,2
18.706442197953418,3.481079530871734,0,100391.4582806725,6.533429772866365,51.28715302092631,57,1,2
18.706442197953418,3.481079530871734,0,100391.4582806725,6.533429772866365,112.7522975603236,57,1,2
18.706442197953418,3.481079530871734,0,100391.4582806725,6.533429772866365,3.598153145916072,57,1,2
18.706442197953418,3.481079530871734,0,100391.4582806725,6.533429772866365,72.00307711171428,57,1,2
18.706442197953418,3.481079530871734,0,100391.4582806725,6.533429772866365,24.486371143456495,57,1,2
18.706442197953418,3.481079530871734,0,100391.4582806725,6.533429772866365,116.60319690797171,57,1,2
18.706442197953418,3.481079530871734,0,100391.4582806725,6.533429772866365,96.80500523163624,57,1,2
18.706442197953418,3.481079530871734,0,100391.4582806725,6.533429772866365,25.909314680224334,57,1,2
18.706442197953418,3.481079530871734,0,100391.4582806725,6.533429772866365,116.54433391867417,57,1,2
18.706442197953418,3.481079530871734,0,100391.4582806725,6.533429772866365,37.33953408387095,57,1,2
18.706442197953418,3.481079530871734,0,100391.4582806725,6.533429772866365,82.86504784090907,57,1,2
18.706442197953418,3.481079530871734,0,100391.4582806725,6.533429772866365,31.40780465880008,57,1,2
18.706442197953418,3.481079530871734,0,100391.4582806725,6.533429772866365,35.05542051378302,57,1,2
18.706442197953418,3.481079530871734,0,100391.4582806725,6.533429772866365,7.658439604518197,57,1,2
41.02026326822417,0.25479076717245086,1,26582.890940149937,2.939430144993762,34.86000721574151,49,1,1
41.02026326822417,0.25479076717245086,1,26582.890940149937,4.102316251083574,34.86000721574151,49,1,1
41.02026326822417,0.25479076717245086,1,26582.890940149937,0.2712571243869566,34.86000721574151,49,1,1
41.02026326822417,0.25479076717245086,1,26582.890940149937,0.11735130404212257,34.86000721574151,49,1,1
41.02026326822417,0.25479076717245086,1,26582.890940149937,0.10407060171745197,34.86000721574151,49,1,1
41.02026326822417,0.25479076717245086,1,26582.890940149937,8.80124132286718,34.86000721574151,49,1,1
41.02026326822417,0.25479076717245086,1,26582.890940149937,4.1485767337244965,34.86000721574151,49,1,1
41.02026326822417,0.25479076717245086,1,26582.890940149937,9.165046688369596,34.86000721574151,49,1,1
41.02026326822417,0.25479076717245086,1,26582.890940149937,4.797712307636345,34.86000721574151,49,1,1
41.02026326822417,0.25479076717245086,1,26582.890940149937,5.590931421109413,34.86000721574151,49,1,1
41.02026326822417,0.25479076717245086,1,26582.890940149937,3.7188086870262707,34.86000721574151,49,1,1
41.02026326822417,0.25479076717245086,1,26582.890940149937,7.801768171832366,34.86000721574151,49,1,1
41.02026326822417,0.25479076717245086,1,26582.890940149937,3.4318629561292022,34.86000721574151,49,1,1
41.02026326822417,0.25479076717245086,1,26582.890940149937,8.077664214451158,34.86000721574151,49,1,1
41.02026326822417,0.25479076717245086,1,26582.890940149937,3.915619265945013,34.86000721574151,49,1,1
41.02026326822417,0.25479076717245086,1,26582.890940149937,1.2717017115157214,34.86000721574151,49,1,1
41.02026326822417,0.25479076717245086,1,26582.890940149937,4.174844441533555,34.86000721574151,49,1,1
41.02026326822417,0.25479076717245086,1,26582.890940149937,0.2922414950500951,34.86000721574151,49,1,1
41.02026326822417,0.25479076717245086,1,26582.890940149937,3.8735057731131493,34.86000721574151,49,1,1
41.02026326822417,0.25479076717245086,1,26582.890940149937,3.869491504369933,34.86000721574151,49,1,1
41.02026326822417,0.25479076717245086,1,26582.890940149937,7.075683533268436,34.86000721574151,49,1,1
41.02026326822417,0.25479076717245086,1,26582.890940149937,9.988314659568694,34.86000721574151,49,1,1
41.02026326822417,0.25479076717245086,1,26582.890940149937,1.5551672571826192,34.86000721574151,49,1,1
41.02026326822417,0.25479076717245086,1,26582.890940149937,6.093015508275766,34.86000721574151,49,1,1
41.02026326822417,0.25479076717245086,1,26582.890940149937,8.372308980893507,34.86000721574151,49,1,1
41.02026326822417,0.25479076717245086,1,26582.890940149937,6.819740751834643,34.86000721574151,49,1,1
41.02026326822417,0.25479076717245086,1,26582.890940149937,2.3351777936109572,34.86000721574151,49,1,1
41.02026326822417,0.25479076717245086,1,26582.890940149937,4.197942691977793,34.86000721574151,49,1,1
41.02026326822417,0.25479076717245086,1,26582.890940149937,9.329492118072348,34.86000721574151,49,1,1
41.02026326822417,0.25479076717245086,1,26582.890940149937,5.203186659554096,34.86000721574151,49,1,1
49.80454999945829,3.0080889755464986,1,35275.29099503237,0.30340878404188754,44.93944732657979,78,1,2
49.80454999945829,3.0080889755464986,1,35275.29099503237,0.30340878404188754,44.93944732657979,78,1,2
49.80454999945829,3.0080889755464986,0,35275.29099503237,0.30340878404188754,44.93944732657979,78,1,2
49.80454999945829,3.0080889755464986,0,35275.29099503237,0.30340878404188754,44.93944732657979,78,1,2
49.80454999945829,3.0080889755464986,1,35275.29099503237,0.30340878404188754,44.93944732657979,78,1,2
49.80454999945829,3.0080889755464986,1,35275.29099503237,0.30340878404188754,44.93944732657979,78,1,2
49.80454999945829,3.0080889755464986,0,35275.29099503237,0.30340878404188754,44.93944732657979,78,1,2
49.80454999945829,3.0080889755464986,1,35275.29099503237,0.30340878404188754,44.93944732657979,78,1,2
49.80454999945829,3.0080889755464986,1,35275.29099503237,0.30340878404188754,44.93944732657979,78,1,2
49.80454999945829,3.0080889755464986,1,35275.29099503237,0.30340878404188754,44.93944732657979,78,1,2
49.80454999945829,3.0080889755464986,1,35275.29099503237,0.30340878404188754,44.93944732657979,78,1,2
49.80454999945829,3.0080889755464986,0,35275.29099503237,0.30340878404188754,44.93944732657979,78,1,2
49.80454999945829,3.0080889755464986,0,35275.29099503237,0.30340878404188754,44.93944732657979,78,1,2
49.80454999945829,3.0080889755464986,0,35275.29099503237,0.30340878404188754,44.93944732657979,78,1,2
49.80454999945829,3.0080889755464986,1,35275.29099503237,0.30340878404188754,44.93944732657979,78,1,2
49.80454999945829,3.0080889755464986,0,35275.29099503237,0.30340878404188754,44.93944732657979,78,1,2
49.80454999945829,3.0080889755464986,0,35275.29099503237,0.30340878404188754,44.93944732657979,78,1,2
49.80454999945829,3.0080889755464986,1,35275.29099503237,0.30340878404188754,44.93944732657979,78,1,2
49.80454999945829,3.0080889755464986,0,35275.29099503237,0.30340878404188754,44.93944732657979,78,1,2
49.80454999945829,3.0080889755464986,0,35275.29099503237,0.30340878404188754,44.93944732657979,78,1,2
49.80454999945829,3.0080889755464986,0,35275.29099503237,0.30340878404188754,44.93944732657979,78,1,2
49.80454999945829,3.0080889755464986,0,35275.29099503237,0.30340878404188754,44.93944732657979,78,1,2
49.80454999945829,3.0080889755464986,1,35275.29099503237,0.30340878404188754,44.93944732657979,78,1,2
49.80454999945829,3.0080889755464986,1,35275.29099503237,0.30340878404188754,44.93944732657979,78,1,2
49.80454999945829,3.0080889755464986,0,35275.29099503237,0.30340878404188754,44.93944732657979,78,1,2
49.80454999945829,3.0080889755464986,0,35275.29099503237,0.30340878404188754,44.93944732657979,78,1,2
49.80454999945829,3.0080889755464986,1,35275.29099503237,0.30340878404188754,44.93944732657979,78,1,2
49.80454999945829,3.0080889755464986,0,35275.29099503237,0.30340878404188754,44.93944732657979,78,1,2
49.80454999945829,3.0080889755464986,0,35275.29099503237,0.30340878404188754,44.93944732657979,78,1,2
49.80454999945829,3.0080889755464986,0,35275.29099503237,0.30340878404188754,44.93944732657979,78,1,2
26.06513482483299,3.49455392613675,1,118168.2794127373,2.939430144993762,109.74804092369929,30,1,2
42.71693897543812,1.1083751378839257,1,51775.59454951738,4.102316251083574,44.92001455084848,78,2,1
20.527400541025816,0.9238586612763061,0,35488.305844682,0.2712571243869566,28.420170201556516,38,1,1
35.32285047306584,4.770785160902566,0,104335.83401113673,0.11735130404212257,68.37124186714169,61,2,2
10.480166255768983,1.7021876380200256,1,110283.3105297347,0.10407060171745197,3.6038647587401718,47,2,2
35.82735628841385,2.2069724950972676,1,92745.08359417855,8.80124132286718,96.59366331825632,71,0,0
48.90235614607517,3.280436758722019,0,86391.80373233413,4.1485767337244965,58.572846030373384,34,2,2
38.335210556158025,2.201509518507722,1,1280.5427786879197,9.165046688369596,79.63121292751885,8,2,1
13.069528932373405,0.0013225199022592893,1,33218.01112913392,4.797712307636345,93.55597532528839,29,1,1
33.6604504691116,1.3012793518915693,1,97459.06268047486,5.590931421109413,2.352965023344975,63,0,2
22.6717778080196,2.361177473561718,1,119809.11722509924,3.7188086870262707,22.76311648485278,62,2,2
46.787830229171135,3.806342220223755,0,33713.9044754578,7.801768171832366,50.11987182951725,99,0,2
10.724405769536158,3.0319317033254727,0,91319.48346090964,3.4318629561292022,73.18350303307034,24,2,1
10.475072780711736,2.150975146374165,0,13597.120586947598,8.077664214451158,43.987506327558904,42,2,2
13.84811044351498,0.9551423171699225,1,89736.17568406864,3.915619265945013,33.384116949246035,95,1,1
23.572007299509025,3.9232777398037832,0,42812.89922019426,1.2717017115157214,3.0258185238925384,11,0,1
45.29628404155116,0.9356174072128809,0,9324.382660632691,4.174844441533555,51.28715302092631,70,1,2
32.585815151006926,3.618895320950777,1,21134.82562443998,0.2922414950500951,112.7522975603236,96,2,2
36.494582260297044,2.48704100180419,0,68141.19436463629,3.8735057731131493,3.598153145916072,92,0,1
11.773693894400395,2.7610386997468956,0,56716.08758399036,3.869491504369933,72.00307711171428,68,2,1
16.992563275426093,1.9199478108009782,0,82493.29882377753,7.075683533268436,24.486371143456495,90,1,1
25.2297211353434,1.014954834177052,0,41833.233437591145,9.988314659568694,116.60319690797171,19,1,1
35.11173869292524,0.8487611506063075,1,71577.91768967271,1.5551672571826192,96.80500523163624,76,1,2
40.060057843961545,3.2074403547196493,1,45095.07366098346,6.093015508275766,25.909314680224334,67,1,2
32.98819320591814,1.3806801537175701,0,92191.96057217642,8.372308980893507,116.54433391867417,51,0,0
21.180122655757966,0.07109109448509121,0,823.9470227246084,6.819740751834643,37.33953408387095,100,2,2
17.1793822539528,0.9631698348830592,1,70687.46520472094,2.3351777936109572,82.86504784090907,85,1,2
26.864092037226264,4.606003724797387,0,70524.45085659769,4.197942691977793,31.40780465880008,21,2,0
20.234867562595554,3.55853517077136,0,7018.216390133751,9.329492118072348,35.05542051378302,99,1,1
40.39681258826887,2.901297525274318,0,91768.20840610091,5.203186659554096,7.658439604518197,86,0,2
16.992563275426093,1.9199478108009782,0,68448.12184432973,7.072736584146147,83.38331336722035,84,1,1
11.228209650295211,3.5557556295567556,0,10564.79489205411,3.4318629561292022,73.18350303307034,24,2,1
10.410056965001571,1.6887745861625714,1,110283.3105297347,4.646120083723709,6.860884162334138,29,2,2
45.201263846386055,3.280436758722019,0,88981.52195709484,4.146972651761664,58.572846030373384,69,2,2
38.335210556158025,4.771383844053116,0,2539.791915913258,9.165046688369596,79.61760737186344,8,2,1
23.572007299509025,3.766040744513357,1,48693.55322852631,1.2717017115157214,2.913407358973319,11,2,1
26.864092037226264,4.606003724797387,0,70524.45085659769,4.197942691977793,48.994713466478274,21,2,0
10.352624274237021,3.6254284425746106,1,21022.39179374484,0.0826649472754779,49.598515423437405,96,2,2
46.787830229171135,3.806342220223755,0,34189.216926352965,7.801768171832366,52.105727763131355,100,0,2
11.832098421597308,2.559492254537985,1,87400.15508744855,3.878264414644936,96.0808761672997,72,0,0
22.6717778080196,2.361177473561718,1,119809.11722509924,3.7188086870262707,22.76311648485278,61,2,2
25.2297211353434,2.8627028025027954,0,90622.01535704698,9.988314659568694,6.155993679554285,23,1,2
35.38363927444622,1.2992190329173277,1,97459.06268047486,1.362350189653259,2.352965023344975,62,0,2
13.84811044351498,0.9551423171699225,1,89736.17568406864,3.915619265945013,33.017084842178576,93,1,1
30.990512803831898,3.188326533942927,0,68141.19436463629,3.8735057731131493,3.0837024837938767,91,0,2
17.1793822539528,0.9631698348830592,1,82269.96198996325,2.338125821439727,23.96819221361815,90,1,2
22.088660117439545,3.047070170384219,0,87879.04261768094,9.329492118072348,35.05542051378302,99,1,1
13.140648405172104,0.049006241033809905,1,33218.01112913392,0.2947313742170823,93.55597532528839,47,1,1
48.99727184008984,1.1648615132018043,0,6916.827073037042,4.176448523496387,51.28715302092631,30,1,2
35.32285047306584,2.197789390093784,1,104385.10692494115,0.11735130404212257,68.3848474227971,61,2,2
42.71693897543812,1.1083751378839257,0,51775.59454951738,4.102316251083574,46.07179466526321,78,0,1
20.527400541025816,0.9238586612763061,0,35488.305844682,0.2712571243869566,28.420170201556516,49,1,1
33.166654973232376,2.5891427428434284,0,13709.55441764561,8.58351347262547,107.09868255774028,42,2,2
32.98819320591814,1.3806801537175701,0,91716.63199201474,8.372308980893507,117.50787322120097,51,0,0
35.811613543103846,2.7610386997468956,0,56716.08758399036,8.79233275859296,72.00307711171428,68,2,1
26.06513482483299,3.49455392613675,1,118168.2794127373,2.939430144993762,109.74804092369929,29,1,2
44.312677955096255,1.168764307705317,0,42979.42247163046,5.203186659554096,117.2291668625244,82,0,1
33.388549887590635,0.850821469580653,1,71577.91768967271,5.7838048192616505,96.80500523163624,76,1,2
21.180122655757966,0.015846839697473136,0,625.6243734882833,6.819740751834643,37.70656619093842,95,2,2
42.12644805922875,2.5061548225809083,1,46406.00583387362,6.093015508275766,26.436929193482975,68,1,1
22.734737511986953,3.11367224168927,0,35488.305844682,0.01058217752206847,28.420170201556516,49,1,1
11.419811201956103,3.0319317033254727,0,91732.40447965969,3.5184806908898234,116.41628513451076,23,2,1
20.625082931495214,0.9182859617090943,1,33218.01112913392,0.2947313742170823,93.55597532528839,47,1,1
21.180122655757966,0.07109109448509121,0,823.9470227246084,6.819740751834643,37.33953408387095,98,2,2
23.572007299509025,3.9232777398037832,0,42812.89922019426,1.2717017115157214,3.0258185238925384,11,1,1
23.220762679828937,2.2069724950972676,1,92745.08359417855,9.95081841790428,96.59366331825632,27,0,0
11.457936692073698,3.5557556295567556,0,10564.79489205411,3.4318629561292022,50.897767355834056,21,2,0
12.867114197883247,2.5543037594360056,1,118366.28648515545,4.0405446219636705,92.52959027135047,72,1,0
38.69991208687084,4.832118676829942,0,108903.4071652052,5.501006937824755,79.61760737186344,9,2,2
17.17525093077098,0.9631698348830592,1,83303.0350011902,2.330394795528249,24.737068944756388,90,1,2
23.572007299509025,3.766040744513357,1,48693.55322852631,1.2717017115157214,6.654708343622731,11,2,1
22.6717778080196,2.203777643984151,1,110725.11346416987,1.6998038942174492,82.24306536266377,61,2,1
45.33527018313316,3.5709233695159264,0,88981.52195709484,0.17692979422587474,68.85855021707843,76,2,2
49.2393586122488,4.265732540016922,0,72096.85205090772,4.823073971089052,26.241217569072088,30,1,2
13.069528932373405,0.08343499257073805,0,33218.01112913392,8.05402527083434,94.48037162118678,29,1,2
22.26997657646185,0.8572633387644331,0,86507.1425196332,9.954244795947465,35.05542051378302,100,1,1
32.42492905036231,1.3806801537175701,0,91303.71097326471,8.28566867154198,74.14923866811267,51,0,0
13.042978793969535,0.05715915830050228,0,35488.305844682,0.2712571243869566,28.420170201556516,38,1,1
23.55954555221231,2.8627028025027954,0,90622.01535704698,9.988314659568694,6.155993679554285,22,1,2
40.060057843961545,3.2074403547196493,1,45095.07366098346,6.093015508275766,25.909314680224334,67,0,2
35.7229654692956,1.014954834177052,0,41833.233437591145,8.82267224675222,116.60319690797171,72,1,1
29.473842585578446,4.606003724797387,0,70524.45085659769,4.197942691977793,71.28044914371316,24,2,1
29.643133878362317,3.499742421236707,1,87064.77621107396,2.850479748331168,109.69302845848465,30,0,2
10.410056965001571,1.610861355552359,1,4705.091278204891,9.192104303530545,5.746975860772476,28,2,1
26.069266177780705,3.7285767601126345,1,112943.45780937455,4.311222582469172,108.93725652714528,36,1,2
38.335210556158025,2.3589093480852883,1,9734.669322143498,9.132382064975488,22.647497352139112,7,2,2
35.18883784107643,4.744189699684867,0,98928.73307515464,4.1151815873382676,58.085537680436644,56,2,2
26.406562576211336,1.2143101758822081,0,5490.328934425859,2.4678037076756985,31.40780465880008,21,2,0
10.475072780711736,2.105329872270296,1,13597.120586947598,4.82135104564622,43.987506327558904,42,2,1
25.2297211353434,1.014954834177052,0,46936.939868339716,9.994287474085505,116.60319690797171,95,1,1
29.600732722399055,2.236882935091118,1,67876.81832507075,9.73750197240628,96.59366331825632,27,0,0
23.536828115847875,3.767339410686329,1,112408.308094915,1.2717017115157214,6.654708343622731,11,1,1
23.403606468765553,1.9563813473894678,1,41609.86215703615,4.82135104564622,44.90801462504902,10,1,1
13.069528932373405,0.08270692844700557,0,33218.01112913392,8.05402527083434,92.34423762441708,29,1,2
29.643133878362317,3.499742421236707,1,86199.79108963991,2.846358212215575,108.71462613874623,30,0,2
10.318231693848652,0.9238586612763061,0,1865.6615105848869,0.2712571243869566,28.420170201556516,43,2,1
40.060057843961545,3.172662646785143,1,49366.90657314201,6.093015508275766,73.11000745134834,67,0,2
20.765741891675944,2.3102910528555864,1,32587.905384962898,0.2947313742170823,96.27569764254166,6,1,1
13.140648405172104,0.049006241033809905,1,33218.01112913392,0.2947313742170823,100.55050334568915,47,1,1
10.468814047423137,3.766040744513357,0,10956.623183075884,1.2717017115157214,2.913407358973319,11,2,1
22.809810244083025,3.096235523562789,0,35054.604178826696,0.01058217752206847,28.420170201556516,26,1,1
10.360428429593599,0.0013225199022592893,1,33218.01112913392,3.950324811408188,93.55597532528839,29,2,1
28.456880310492362,0.9759018083779478,0,41833.233437591145,4.207187387818255,116.60319690797171,19,1,1
18.987033157271853,2.1463942239933482,0,35488.305844682,9.231430674421222,28.420170201556516,37,1,1
23.09387254300923,4.602411815144231,0,70524.45085659769,4.432327080181629,71.28044914371316,24,2,1
26.104445361441854,3.7272780939396624,1,39975.27911473618,4.311222582469172,108.93725652714528,36,2,2
10.714052583540326,4.100149534599273,0,6201.854843067014,1.2717017115157214,2.3116868636685624,43,2,1
13.042978793969535,0.05788722242423562,0,35488.305844682,0.2712571243869566,30.556249469163664,38,1,1
11.457936692073698,3.300368689185059,0,10564.79489205411,3.2155113795359265,50.897767355834056,21,2,0
23.572007299509025,3.9232777398037832,0,43677.88405662445,1.2758232528911386,6.60189995938837,11,0,1
21.057832937660898,1.610861355552359,1,38600.48609137432,9.192104303530545,9.396444137789363,28,1,1
10.724405769536158,3.212365569408964,0,87047.64911090481,3.4318629561292022,25.982815544522417,24,2,1
43.13907962835133,0.7230217345130656,1,9734.669322143498,9.132382064975488,26.927533989228543,48,2,2
38.335210556158025,4.410222405371563,0,2539.791915913258,9.657752794490978,94.8249457128187,10,2,1
23.941936589972848,3.5557556295567556,1,48302.23968307118,3.4318629561292022,74.09551276568601,25,2,1
48.78641173620268,1.1822983329929544,0,8971.69802688056,4.176448523496387,51.28715302092631,48,1,2
10.475072780711736,2.150975146374165,0,8944.757291945527,8.077664214451158,43.987506327558904,42,1,2
26.864092037226264,4.640849580145323,0,70524.45085659769,9.867192935204407,48.994713466478274,21,2,0
39.108901745936606,0.9789739668880978,1,7267.159843618495,0.268910034563441,79.63121292751885,9,2,1
38.335210556158025,2.3589093480852883,1,9734.669322143498,9.132382064975488,22.647497352139112,6,2,2
29.07991886396905,2.529329670060004,1,43555.13110042832,0.43864042833937056,96.59366331825632,27,0,0
13.948841276699397,0.049006241033809905,1,33218.01112913392,1.346910815443707,100.55050334568915,47,1,1
12.254829933936776,0.0013225199022592893,1,33218.01112913392,4.797712307636345,109.75457009255284,29,2,1
11.564720226533419,2.284454113521907,0,9752.271397657252,9.132382064975488,22.647497352139112,6,2,2
13.069528932373405,0.49722834564761176,0,2910.063919096514,9.194867005916073,90.75071080969667,30,1,1
10.410056965001571,2.1808507374630905,1,4529.571496147699,9.901352613727688,7.651806557053109,28,2,1
10.356238402415887,2.1635854756723525,0,14146.540937475651,5.543480344483659,43.987506327558904,42,1,2
23.572007299509025,3.9232777398037832,0,41438.03644616011,9.630608417502806,2.169631655216982,11,0,0
38.76595360547425,2.359674256428897,1,8724.249242870432,9.191452103241481,9.281542803528879,7,2,1
22.507847603643228,4.602411815144231,0,74470.63316742048,4.432327080181629,71.33368712919504,20,2,1
23.572007299509025,3.8107611440402183,1,48693.55322852631,1.2717017115157214,5.625291667425209,3,2,1
27.153837216851052,4.106720069199928,0,9820.153640135872,9.605269227840338,6.153608172999302,21,2,1
24.001506277059335,3.5557556295567556,1,48302.23968307118,3.4318629561292022,74.55482869185039,25,2,1
10.724405769536158,3.138086083210262,0,87047.64911090481,3.4318629561292022,25.982815544522417,17,2,1
23.25555137041851,3.1103340607709957,0,68115.65676801911,9.426468406703542,28.420170201556516,49,1,1
22.76388751310284,3.766040744513357,1,48693.55322852631,0.21969518893950113,2.913407358973319,8,2,1
40.06658336743524,0.9789739668880978,1,7267.159843618495,0.268910034563441,79.63121292751885,9,1,1
39.30530550732395,3.7604005570684373,1,10547.192816540355,3.4318629561292022,73.18350303307034,24,2,1
38.335210556158025,4.789173434299419,0,32890.54007032906,8.024204925417445,79.61760737186344,7,2,2
38.335210556158025,1.6315201365969911,1,1456.0704105663233,9.229536640380518,79.63121292751885,8,2,1
28.883547076498786,0.9632914844485336,0,36106.86734276251,8.075228880545176,116.60319690797171,19,2,1
23.220762679828937,2.2069724950972676,1,94119.9239415246,1.4559664920571471,98.86683491125466,27,0,1
20.627090574389637,1.6100964472087822,1,39611.54279924981,9.133034265264552,22.762398937981644,52,1,2
38.335210556158025,4.410222405371563,0,878.6869476003048,9.657752794490978,94.77170772320476,10,2,1
10.178537568212912,0.04887972989197342,1,33218.01112913392,4.218459591136573,94.88668876731893,31,2,1
14.075561468749074,4.6427396944041615,0,72951.41027904552,1.44200838750485,45.850427926509184,11,2,0
11.407355474514734,3.5557556295567556,0,10564.79489205411,3.4318629561292022,50.238431336345755,16,2,0
25.2297211353434,1.014954834177052,0,41833.233437591145,9.507146973590377,116.60319690797171,24,1,1
23.238897628296826,3.766040744513357,1,47783.27223680176,1.566356591181759,2.913407358973319,11,2,1
23.553872351041136,2.2069724950972676,1,93655.35947113221,9.95081841790428,96.59366331825632,26,0,0
26.06513482483299,3.49455392613675,1,118168.2794127373,2.939430144993762,109.74804092369929,30,1,2
42.71693897543812,1.1083751378839257,1,51775.59454951738,4.102316251083574,44.92001455084848,78,2,1
20.527400541025816,0.9238586612763061,0,35488.305844682,0.2712571243869566,28.420170201556516,38,1,1
35.32285047306584,4.770785160902566,0,104335.83401113673,0.11735130404212257,68.37124186714169,61,2,2
10.480166255768983,1.7021876380200256,1,110283.3105297347,0.10407060171745197,3.6038647587401718,47,2,2
35.82735628841385,2.2069724950972676,1,92745.08359417855,8.80124132286718,96.59366331825632,71,0,0
48.90235614607517,3.280436758722019,0,86391.80373233413,4.1485767337244965,58.572846030373384,34,2,2
38.335210556158025,2.201509518507722,1,1280.5427786879197,9.165046688369596,79.63121292751885,8,2,1
13.069528932373405,0.0013225199022592893,1,33218.01112913392,4.797712307636345,93.55597532528839,29,1,1
33.6604504691116,1.3012793518915693,1,97459.06268047486,5.590931421109413,2.352965023344975,63,0,2
22.6717778080196,2.361177473561718,1,119809.11722509924,3.7188086870262707,22.76311648485278,62,2,2
46.787830229171135,3.806342220223755,0,33713.9044754578,7.801768171832366,50.11987182951725,99,0,2
10.724405769536158,3.0319317033254727,0,91319.48346090964,3.4318629561292022,73.18350303307034,24,2,1
10.475072780711736,2.150975146374165,0,13597.120586947598,8.077664214451158,43.987506327558904,42,2,2
13.84811044351498,0.9551423171699225,1,89736.17568406864,3.915619265945013,33.384116949246035,95,1,1
23.572007299509025,3.9232777398037832,0,42812.89922019426,1.2717017115157214,3.0258185238925384,11,0,1
45.29628404155116,0.9356174072128809,0,9324.382660632691,4.174844441533555,51.28715302092631,70,1,2
32.585815151006926,3.618895320950777,1,21134.82562443998,0.2922414950500951,112.7522975603236,96,2,2
36.494582260297044,2.48704100180419,0,68141.19436463629,3.8735057731131493,3.598153145916072,92,0,1
11.773693894400395,2.7610386997468956,0,56716.08758399036,3.869491504369933,72.00307711171428,68,2,1
16.992563275426093,1.9199478108009782,0,82493.29882377753,7.075683533268436,24.486371143456495,90,1,1
25.2297211353434,1.014954834177052,0,41833.233437591145,9.988314659568694,116.60319690797171,19,1,1
35.11173869292524,0.8487611506063075,1,71577.91768967271,1.5551672571826192,96.80500523163624,76,1,2
40.060057843961545,3.2074403547196493,1,45095.07366098346,6.093015508275766,25.909314680224334,67,1,2
32.98819320591814,1.3806801537175701,0,92191.96057217642,8.372308980893507,116.54433391867417,51,0,0
21.180122655757966,0.07109109448509121,0,823.9470227246084,6.819740751834643,37.33953408387095,100,2,2
17.1793822539528,0.9631698348830592,1,70687.46520472094,2.3351777936109572,82.86504784090907,85,1,2
26.864092037226264,4.606003724797387,0,70524.45085659769,4.197942691977793,31.40780465880008,21,2,0
20.234867562595554,3.55853517077136,0,7018.216390133751,9.329492118072348,35.05542051378302,99,1,1
40.39681258826887,2.901297525274318,0,91768.20840610091,5.203186659554096,7.658439604518197,86,0,2
35.203816553537244,4.409587747768401,1,71577.91768967271,1.5551672571826192,98.08721400985806,74,1,2
20.527400541025816,0.9238586612763061,0,37473.49985199787,0.2712571243869566,28.420170201556516,38,1,1
26.864092037226264,0.02781682993311252,0,72802.6316289703,4.197942691977793,31.317833335800973,29,2,1
21.203343707713138,2.903310855830796,0,823.9470227246084,7.595750938865235,7.553028638228948,86,2,2
36.575685795180775,2.201509518507722,1,1156.1342390363911,9.165046688369596,79.63121292751885,8,2,2
10.724405769536158,3.0495521428268813,1,74524.87192849455,3.4318629561292022,73.18350303307034,24,2,1
35.82735628841385,2.2069724950972676,0,92745.08359417855,8.80124132286718,96.59366331825632,70,0,0
11.773693894400395,1.0160976318666757,0,57012.61137958974,4.332939641380619,72.08241444912825,68,2,1
19.195246957491367,1.9199478108009782,0,88513.27712133281,7.075683533268436,24.486371143456495,90,1,1
32.52767703700657,1.6939689538496314,1,92191.96057217642,8.372308980893507,116.54433391867417,51,0,0
35.54017934961391,3.942731111324526,0,104335.83401113673,0.004736586177928492,68.07372337204006,9,2,2
13.68890547133353,0.9551423171699225,1,91503.7486356467,3.915619265945013,33.384116949246035,85,1,2
36.494582260297044,2.5061548225809083,0,68141.19436463629,3.9332664734686436,3.598153145916072,68,0,2
48.98753913084813,3.3284200115823075,0,87243.4659656733,4.174447234927166,58.572846030373384,69,2,2
20.280545776363287,3.55853517077136,1,7018.216390133751,3.1363661312010995,42.263053832514956,26,1,1
46.695590917126594,1.067301368313238,0,33713.9044754578,7.801768171832366,48.83761730975996,100,0,2
13.069528932373405,4.734669486302598,1,30939.830951995045,4.797712307636345,93.64590543692745,20,1,0
40.37358824525161,0.09188258876173627,0,91768.20840610091,5.131568023393959,37.445689411191076,97,0,2
32.563102997451445,3.618895320950777,1,21223.189060909768,0.2922414950500951,112.7522975603236,96,2,1
22.6717778080196,2.3435570340603076,0,119809.11722509924,3.7188086870262707,22.76311648485278,62,2,2
10.475072780711736,2.150975146374165,1,13597.120586947598,8.077664214451158,43.987506327558904,43,2,2
25.2297211353434,2.759896021102555,0,32952.69541884938,9.988314659568694,116.45020727870707,19,1,1
42.71693897543812,1.0358853637012362,1,51251.661491189465,4.102316251083574,44.92001455084848,78,2,1
11.138549766564218,1.3888988378879643,0,115049.7179277266,0.21335137652643166,3.6038647587401718,47,2,2
23.354678424348087,4.7764894148874175,0,42812.89922019426,1.4879706386115874,3.5837254919662413,63,0,1
17.338587228223464,0.9631698348830592,1,68919.89225193401,2.328039020219855,82.86504784090907,95,1,1
33.44370038038556,3.188326533942927,1,45095.07366098346,6.033254807920392,25.909314680224334,91,1,1
45.45281173017554,1.0041633487011041,0,8543.057275749241,4.148973940330885,51.28715302092631,35,1,2
26.019456611068314,3.49455392613675,0,118168.2794127373,9.84908999649244,102.52090639692838,100,1,2
22.68150906509093,1.7021876380200256,1,110283.3105297347,0.2748121543591582,3.6038647587401718,47,2,2
22.694322452091818,0.9031490577099345,0,118134.66603678904,0.2712571243869566,28.561642812283964,29,1,1
20.480441199731562,2.150975146374165,0,14856.969209781131,8.077664214451158,43.987506327558904,42,2,2
10.580530184155478,3.072143547078449,1,74524.87192849455,3.9095325912892016,73.18350303307034,23,2,1
13.659680859081927,0.0023426603608198704,0,32604.62300588502,4.197942691977793,96.53923687346239,29,2,1
20.05169919469271,1.0083212137894777,0,37353.06490644398,3.4318629561292022,28.53431633217947,24,2,1
32.01848996606088,2.361177473561718,1,119809.11722509924,4.0250966326220485,22.76311648485278,95,2,1
26.019456611068314,3.49455392613675,0,117125.40374312877,9.84908999649244,103.30811476919199,99,1,2
33.581392913097545,3.5010640904874455,1,92431.49112040056,8.934151632420647,96.47402308208432,70,1,0
25.2297211353434,2.1703992834959105,0,334.6042714722862,9.991683445460607,117.2811978732623,19,2,1
36.723017758100454,2.201509518507722,1,986.73508223112,8.894957843453062,79.63121292751885,4,2,2
25.10379272763892,1.0129014406401466,0,92629.31460278187,9.988314659568694,116.60319690797171,19,1,0
24.556984825128595,3.9232777398037832,0,111914.94685330142,1.29742346505696,7.448715990956156,11,2,2
13.68890547133353,1.0562856949009387,1,69992.84988702051,3.915619265945013,33.384116949246035,85,1,2
13.243861347638793,1.7021876380200256,1,110283.3105297347,4.882550355495811,93.5981545801092,47,2,2
33.6604504691116,4.188478659859591,0,97459.06268047486,5.590931421109413,2.352965023344975,63,0,2
20.504855896953593,2.577582166294563,0,35548.098558799444,3.7188086870262707,22.621643874125333,63,2,2
10.882200645271197,0.07109109448509121,0,7762.884144611103,6.819740751834643,39.37535999292032,100,2,2
13.84811044351498,0.932552809631155,1,89736.17568406864,3.4379496307850137,33.384116949246035,96,1,1
26.274485804516246,0.0013225199022592893,1,60410.94865065342,4.797712307636345,28.33425593071148,29,1,1
11.21575680996793,2.947470431318309,0,91439.91040485352,0.2712571243869566,73.06935829440624,43,1,1
23.216390839610323,3.6085705410811237,1,22784.735875375096,0.37240460339291603,108.52574331059961,63,2,2
20.280545776363287,3.55853517077136,1,7115.984030932435,3.1363661312010995,44.49950634829628,25,1,1
26.581659015021742,2.200462330632628,1,118394.75407520818,2.8053010456077523,109.86768105641981,31,0,2
38.335210556158025,2.791006256114367,1,35265.15098827617,9.343990762232306,65.26441599845617,8,1,1
10.620500466239603,2.150975146374165,1,13798.472939702937,8.077664214451158,43.987506327558904,43,2,2
32.65360544471196,1.6960223473896539,1,41395.87077041725,7.282570623381144,116.54433391867417,51,0,1
11.077324367553821,1.3888988378879643,0,42490.63026239621,0.18788004637301192,3.349901040587726,47,0,1
24.124702188267268,4.502536853597657,0,92035.34960433749,4.197942691977793,31.40780465880008,21,2,0
10.3098956395361,4.734669486302598,1,30939.830951995045,0.03297104599513245,4.0916574682654385,20,1,0
23.354678424348087,1.623780348761108,1,42812.89922019426,1.5623001356811725,0.2087298382122631,71,0,1
22.621457141986323,1.014954834177052,0,41826.54019306401,9.988314659568694,116.60319690797171,18,1,1
21.08844615640586,3.487441676674126,1,21083.90809064475,3.1363661312010995,42.303812811378805,25,1,1
35.82735628841385,2.2067732436641894,1,92745.08359417855,8.80124132286718,97.51608288442388,71,0,1
24.818520380002376,4.7844866555049,0,118168.2794127373,9.84908999649244,96.34647993127166,100,1,2
38.478337260983395,2.52447465146776,1,13852.13449090913,8.077664214451158,43.22224449927366,47,2,1
10.770040445712663,3.0319317033254727,0,91319.48346090964,3.2973699186210643,28.6567129314669,33,2,1
26.292369089081483,3.2338541844492954,1,58518.0213859188,4.834152693623667,28.33425593071148,39,1,1
36.183947664705315,4.738835002973483,1,44371.97856297613,8.894957843453062,79.64268282921307,4,2,2
26.019456611068314,2.9440849646115788,0,117125.40374312877,9.84908999649244,102.68155325019995,42,1,2
13.659680859081927,0.0023426603608198704,0,32609.54658727114,4.797665719636619,96.53923687346239,29,2,1
32.65360544471196,1.6960223473896539,1,118637.07332015719,4.12357351667348,18.04211351536123,98,0,1
13.873829080671893,4.606003724797387,0,74606.05016143002,4.197942691977793,31.40780465880008,21,2,0
10.620500466239603,2.042328155238449,1,92367.99029175634,8.077664214451158,33.23474573842927,43,2,2
23.616413973902507,3.914341559744428,0,36989.615789149124,9.988314659568694,114.2719081518612,11,0,1
25.2297211353434,2.1703992834959105,0,334.6042714722862,9.991683445460607,115.52473314061555,14,2,1
11.104158114689003,4.734669486302598,1,6821.271825638274,4.797712307636345,93.64590543692745,20,1,0
38.335210556158025,2.2017087699408,1,1280.5427786879197,9.165046688369596,78.70879335961261,8,2,0
12.081422385237458,3.444321316211303,1,30939.830951995045,0.02504410262175827,10.657475596450873,20,1,0
10.656565130055347,2.791006256114367,1,35265.15098827617,9.343990762232306,66.02967782674872,4,1,2
20.49899721275472,0.9238586612763061,0,35488.305844682,0.40940112888941527,72.94696168746772,35,1,1
24.324289015075927,0.0151036800797828,1,7115.984030932435,2.9788437601752094,44.49950634829628,25,1,1
10.480166255768983,1.7021876380200256,1,107079.19423600544,0.10407060171745197,3.6038647587401718,47,2,2
23.893748517454,2.7433095545790485,0,290.95393059722244,1.4879706386115874,3.870511624019713,63,0,1
11.21575680996793,3.497939392843479,0,91439.91040485352,0.2712571243869566,73.69591674259654,99,1,1
13.069528932373405,0.0010640458887678506,1,33213.08754774781,3.5688115292321774,93.55597532528839,29,1,1
32.01848996606088,2.361177473561718,1,41010.003685097094,7.184093732200785,118.94577687676376,47,2,1
26.842606642473463,3.0495521428268813,1,70443.27262366221,3.4318629561292022,80.70609993249758,24,2,1
13.84811044351498,1.0038630835000086,1,11209.399313809241,3.915619265945013,44.13687753837567,95,1,1
16.90181489192621,2.795548897601348,0,42812.89922019426,1.2717017115157214,7.766707153986664,19,1,1
21.26951543046289,1.7796371355014498,1,104798.49410481536,3.1363661312010995,4.844819393926574,26,1,1
36.22352050334353,4.634848367567091,1,33512.50715305077,4.445142093355855,74.90418482561255,24,2,2
13.112543750365521,0.0014894546456034408,1,7115.984030932435,2.9788437601752094,49.558134633104,25,1,1
13.873829080671893,0.7190446693161928,0,83098.53300279332,4.197942691977793,33.522385928740654,12,2,0
25.2297211353434,3.4966644111142493,0,32952.69541884938,2.6089602371154865,116.45020727870707,19,1,1
10.187648385355693,2.1293210741407917,1,13798.472939702937,8.077664214451158,41.74597698526269,44,1,2
38.11636821114035,3.444321316211303,1,30939.830951995045,0.2906473793899158,12.13392964803932,20,1,0
23.527513468511046,4.030964885727508,0,1888.10827299632,9.76917852693282,1.639001903684183,14,0,1
10.447378579934165,3.487441676674126,1,21083.90809064475,2.989519529812002,71.99328846508084,25,1,1
13.095423714552505,2.7938212588749436,1,35265.15098827617,8.739633609600654,103.70653728426545,20,1,2
10.3098956395361,4.734669486302598,1,30939.830951995045,0.6111882073542794,4.0916574682654385,20,1,2
20.277134720598223,3.911543714581262,0,6274.628526944787,3.1363661312010995,116.29644524085151,26,1,1
26.35575743885468,0.0013225199022592893,0,60218.76809608625,1.0671429963965442,28.33425593071148,29,1,1
43.89621730151547,2.2017087699408,1,336.74954999803293,9.987079793798026,78.70879335961261,8,2,0
10.724405769536158,3.072489893597365,1,74524.87192849455,3.4308303163835245,73.18350303307034,24,2,1
11.104158114689003,4.950245834066187,1,7401.899872527423,4.797712307636345,93.64590543692745,20,1,0
13.659680859081927,0.18681765907607728,0,43464.094415810396,8.647621051440193,96.53923687346239,29,2,1
24.281439011015785,0.09431755792754722,1,33218.01112913392,4.797712307636345,89.83483585303128,29,1,1
25.2297211353434,4.6289062290685505,0,41833.233437591145,9.988314659568694,114.08995194869675,21,1,1
20.280545776363287,2.821766780759412,1,7115.984030932435,9.988265644873538,44.49950634829628,25,1,1
45.249709884492155,2.81266032834774,1,35265.15098827617,9.343990762232306,65.26441599845617,7,2,1
17.353971726089434,2.8684387357724037,1,1280.5427786879197,9.057790489706827,78.16868182822043,8,2,1
25.274214966341376,2.0971260888611547,0,41900.35348850001,1.3212605880795802,117.17696349519724,11,2,1
21.979379266224353,2.947470431318309,0,91439.91040485352,0.4206473791440226,51.64901907846236,43,1,1
10.630736974494145,4.731214806726202,1,30939.830951995045,4.6864348348606875,65.3744085170727,4,1,0
36.723017758100454,2.201509518507722,1,745.7917740198664,8.894957843453062,79.63121292751885,4,2,0
23.619825029667574,3.9068750459653794,1,37736.83594866604,9.988314659568694,39.74088895869827,11,0,1
16.820543382133533,2.795548897601348,1,43005.07977476156,5.002380628406431,7.766707153986664,19,1,1
25.2297211353434,2.1703992834959105,0,1278.4038558884415,9.155219279687412,117.2811978732623,19,2,1
10.657533120894106,3.049205796307965,1,74524.87192849455,4.171358255118962,73.18350303307034,23,2,1
13.069528932373405,0.04950700718837808,1,31412.28345699139,3.5688115292321774,93.55597532528839,29,1,1
26.06513482483299,3.49455392613675,1,118168.2794127373,2.939430144993762,109.74804092369929,30,1,2
42.71693897543812,1.1083751378839257,1,51775.59454951738,4.102316251083574,44.92001455084848,78,2,1
20.527400541025816,0.9238586612763061,0,35488.305844682,0.2712571243869566,28.420170201556516,38,1,1
35.32285047306584,4.770785160902566,0,104335.83401113673,0.11735130404212257,68.37124186714169,61,2,2
10.480166255768983,1.7021876380200256,1,110283.3105297347,0.10407060171745197,3.6038647587401718,47,2,2
35.82735628841385,2.2069724950972676,1,92745.08359417855,8.80124132286718,96.59366331825632,71,0,0
48.90235614607517,3.280436758722019,0,86391.80373233413,4.1485767337244965,58.572846030373384,34,2,2
38.335210556158025,2.201509518507722,1,1280.5427786879197,9.165046688369596,79.63121292751885,8,2,1
13.069528932373405,0.0013225199022592893,1,33218.01112913392,4.797712307636345,93.55597532528839,29,1,1
33.6604504691116,1.3012793518915693,1,97459.06268047486,5.590931421109413,2.352965023344975,63,0,2
22.6717778080196,2.361177473561718,1,119809.11722509924,3.7188086870262707,22.76311648485278,62,2,2
46.787830229171135,3.806342220223755,0,33713.9044754578,7.801768171832366,50.11987182951725,99,0,2
10.724405769536158,3.0319317033254727,0,91319.48346090964,3.4318629561292022,73.18350303307034,24,2,1
10.475072780711736,2.150975146374165,0,13597.120586947598,8.077664214451158,43.987506327558904,42,2,2
13.84811044351498,0.9551423171699225,1,89736.17568406864,3.915619265945013,33.384116949246035,95,1,1
23.572007299509025,3.9232777398037832,0,42812.89922019426,1.2717017115157214,3.0258185238925384,11,0,1
45.29628404155116,0.9356174072128809,0,9324.382660632691,4.174844441533555,51.28715302092631,70,1,2
32.585815151006926,3.618895320950777,1,21134.82562443998,0.2922414950500951,112.7522975603236,96,2,2
36.494582260297044,2.48704100180419,0,68141.19436463629,3.8735057731131493,3.598153145916072,92,0,1
11.773693894400395,2.7610386997468956,0,56716.08758399036,3.869491504369933,72.00307711171428,68,2,1
16.992563275426093,1.9199478108009782,0,82493.29882377753,7.075683533268436,24.486371143456495,90,1,1
25.2297211353434,1.014954834177052,0,41833.233437591145,9.988314659568694,116.60319690797171,19,1,1
35.11173869292524,0.8487611506063075,1,71577.91768967271,1.5551672571826192,96.80500523163624,76,1,2
40.060057843961545,3.2074403547196493,1,45095.07366098346,6.093015508275766,25.909314680224334,67,1,2
32.98819320591814,1.3806801537175701,0,92191.96057217642,8.372308980893507,116.54433391867417,51,0,0
21.180122655757966,0.07109109448509121,0,823.9470227246084,6.819740751834643,37.33953408387095,100,2,2
17.1793822539528,0.9631698348830592,1,70687.46520472094,2.3351777936109572,82.86504784090907,85,1,2
26.864092037226264,4.606003724797387,0,70524.45085659769,4.197942691977793,31.40780465880008,21,2,0
20.234867562595554,3.55853517077136,0,7018.216390133751,9.329492118072348,35.05542051378302,99,1,1
40.39681258826887,2.901297525274318,0,91768.20840610091,5.203186659554096,7.658439604518197,86,0,2
47.19514665078472,2.893680222894007,0,33713.9044754578,7.824837598103787,49.316607770500454,100,0,2
10.493864227936875,2.285940940172676,1,89736.17568406864,3.915619265945013,43.554806292480905,95,1,1
13.145306713885919,2.361177473561718,1,115570.6800723106,3.7188086870262707,22.76311648485278,29,2,2
16.992563275426093,1.1345867905149394,0,83302.71198965533,7.075683533268436,23.799663937054437,90,1,1
32.980451094449336,2.2516348506529646,1,1280.5427786879197,8.843519909305993,116.53236832858445,8,0,0
23.444450547598777,3.9232777398037832,1,115241.14664029468,1.2717017115157214,3.0258185238925384,11,0,1
10.724405769536158,3.0319317033254727,1,93297.08677768643,3.4318629561292022,73.18350303307034,23,2,1
20.524495537124864,0.07109109448509121,0,36398.92438478713,0.8312863299091697,28.553213116298387,100,2,2
10.480166255768983,1.5990440419965113,1,116156.01455393764,0.0425748227939482,4.1723421889583285,47,2,2
26.6931647995723,4.606003724797387,0,39930.67635232467,4.197942691977793,31.40780465880008,21,2,0
45.636876966618146,0.9357585373317259,0,9324.382660632691,4.174844441533555,51.28715302092631,72,1,2
17.1793822539528,0.9631698348830592,1,70687.46520472094,2.3351777936109572,82.86504784090907,76,1,2
36.420551610006235,3.55853517077136,0,390.65620785031206,9.329492118072348,35.05542051378302,99,1,1
26.06513482483299,3.488611520446491,1,118168.2794127373,3.185068770434256,109.74804092369929,31,1,2
35.448539276509386,3.21979850271948,0,46690.14215825405,6.234327577361887,25.909314680224334,67,2,2
40.39681258826887,3.813959522579417,0,91768.20840610091,5.643564584983045,8.466332574729666,85,0,2
13.830306730129564,0.9558856658877454,0,13597.120586947598,8.077664214451158,33.816816984324035,42,2,2
22.59605430664206,0.2305666258911826,1,30840.287734972335,4.893693962743645,93.55597532528839,62,1,1
42.71693897543812,1.893736158178362,1,50966.18137912218,4.102316251083574,45.60672176231145,78,2,1
38.34295266762663,1.3305548215820031,0,92191.96057217642,9.164088813896297,79.60495366517503,46,2,1
33.69653208958646,1.3012793518915693,0,40391.89714949529,5.590931421109413,2.352965023344975,63,0,2
35.82735628841385,2.2069724950972676,0,92745.08359417855,8.980711608204782,96.59366331825632,72,0,0
21.18302765965892,0.9238586612763061,0,614.1510994607488,6.285401845706202,37.20649116912907,38,1,1
48.90235614607517,3.3835803551455808,0,86391.80373233413,4.1485767337244965,58.12605950548398,34,2,2
11.773693894400395,2.7610386997468956,0,70515.4143368851,3.869491504369933,72.00307711171428,68,2,1
24.887458369080306,1.014813704058207,0,44597.46004857802,9.998675992098386,116.60319690797171,17,1,1
35.11173869292524,0.4957201549957041,1,71577.91768967271,1.5551672571826192,96.80500523163624,85,1,2
20.308898720796126,2.48704100180419,0,79592.60287856527,3.727654078941269,3.598153145916072,92,0,1
34.7574724225132,3.6248377266410357,1,21134.82562443998,0.092358999213076,112.7522975603236,95,2,2
40.248537565073896,4.803601507988498,1,102739.78236502103,0.09517638155858732,68.37124186714169,61,1,2
35.92691521643898,2.21615131630256,1,92727.95666859268,5.15560599436119,96.02557629954441,69,0,0
22.63306412069388,2.347019325467845,0,35488.305844682,0.2712571243869566,28.420170201556516,38,1,1
22.59605430664206,0.2305666258911826,1,30840.287734972335,4.893693962743645,113.67635237611948,62,1,1
33.69653208958646,1.3012793518915693,0,40391.89714949529,5.590931421109413,2.352965023344975,22,0,0
23.72693678762887,3.787074615793478,0,42812.89922019426,1.1808831516794709,1.1449654868023273,14,0,2
21.180122655757966,0.2004680665208336,0,823.9470227246084,6.819740751834643,37.33953408387095,95,2,2
25.2297211353434,0.9633782772204895,0,73421.27610543597,9.750647350373598,82.0122994276875,33,1,2
26.6931647995723,4.474575066783488,0,90636.86877157912,3.9237439005465884,32.50277112484164,23,2,0
26.1270320649833,2.6929401658702194,1,1840.35364592704,3.3802907426175373,112.80078372628627,31,0,2
34.54877425409849,0.5001449495177864,1,13597.120586947598,7.6911779067930635,34.71158901057214,42,2,2
23.444450547598777,3.9232777398037832,0,116540.2042240136,1.2717017115157214,3.0258185238925384,11,0,1
38.1155353782237,2.1973104498581404,1,65109.47622135902,3.2293703425321683,85.45385753550184,12,1,1
35.96868533656051,3.578249556641575,0,56310.148054644924,7.241910912004149,35.05542051378302,98,1,1
24.887458369080306,1.0308639939543702,0,52354.37908130916,9.98760346866275,117.00643403459247,17,1,0
13.069528932373405,0.0013225199022592893,1,31847.83100483546,4.797712307636345,73.15103208354604,29,1,1
38.62696543465166,2.901297525274318,0,91785.33533168679,8.84878872917531,8.334919696398856,86,0,2
20.56611422835153,0.938016849083357,1,119809.11722509924,3.7188086870262707,22.76311648485278,62,2,2
13.145306713885919,2.361177473561718,1,115570.6800723106,3.7188086870262707,22.76311648485278,36,2,2
26.864092037226264,4.606003724797387,0,70524.45085659769,4.197942691977793,31.40780465880008,65,2,2
35.167920985451545,4.770785160902566,0,111842.8289638343,0.20896607944427448,68.37124186714169,61,2,1
21.18302765965892,0.9238586612763061,0,614.1510994607488,6.285401845706202,37.20649116912907,42,1,1
17.1793822539528,1.4619962799223407,1,39099.42254198657,2.4248879116880677,117.36038407216748,84,1,1
13.84811044351498,0.8656317320204997,1,39907.51990286299,4.1898180573762165,33.384116949246035,93,1,1
32.918553854299084,3.488611520446491,1,119140.99725766484,8.308330864554685,116.4598786446876,4,1,0
14.395575023140642,0.951460871439004,0,71577.91768967271,1.941774892992882,95.91010147528159,85,1,2
47.19514665078472,2.893680222894007,1,33713.9044754578,7.824837598103787,49.316607770500454,100,0,2
10.440735995071712,2.290140008822257,1,1280.5427786879197,9.270681892940662,44.073078589053154,91,2,1
10.078475253409602,2.7413243138756527,0,1697.545309695157,3.869491504369933,72.00307711171428,68,2,1
32.98819320591814,1.3646298638214076,0,92191.96057217642,8.735523296426614,116.39470275079496,51,0,1
10.724405769536158,3.0319317033254727,1,93297.08677768643,3.4318629561292022,93.58844627436167,23,2,1
23.567333355827817,3.5332721080544798,1,44960.02849374937,1.2717017115157214,3.3419006955351342,10,0,2
21.18302765965892,0.9238586612763061,1,13156.425328588106,6.245128233493792,37.20649116912907,38,2,2
24.887458369080306,1.0393604404932804,0,52354.37908130916,9.98760346866275,116.8345403906911,14,1,0
35.92691521643898,2.21615131630256,0,40638.47690921019,5.15560599436119,101.51925095839341,69,0,0
21.074460485168025,0.9238586612763061,0,614.1510994607488,6.285401845706202,112.63613393971048,48,1,1
10.724405769536158,3.604099995399344,1,93297.08677768643,2.2386544320132877,93.52179352011412,86,2,2
22.807727280940224,2.657958726327068,0,16871.58788900359,0.772282661563211,28.420170201556516,38,1,1
26.1270320649833,2.6929401658702194,1,1840.35364592704,3.3802907426175373,112.80078372628627,31,1,2
20.56611422835153,0.9420017972187044,0,119809.11722509924,3.7188086870262707,20.66074051498213,19,2,2
26.6931647995723,4.6700372492861515,0,70422.48337105729,1.872919493779549,29.09604316201559,23,1,0
38.71747127966779,2.1973104498581404,1,65109.47622135902,3.2293703425321683,85.45385753550184,12,1,1
22.59605430664206,2.8836396414062673,1,41157.39683201855,4.893693962743645,114.52445907337666,54,1,1
12.36609617400164,3.0319317033254727,1,87961.49310233248,0.7615737030335539,1.0871168266094742,23,2,1
13.65478761729294,0.2305666258911826,1,30840.287734972335,4.79883799308134,93.55597532528839,62,1,1
38.33005033966835,2.201509518507722,1,1280.5427786879197,9.220607653901137,79.63121292751885,8,2,1
12.043862937647635,2.327495087641158,0,113246.68300067289,3.7188086870262707,22.135885981711205,41,2,1
34.54877425409849,0.5001449495177864,0,1106.7841172221679,7.732005406092888,34.71158901057214,42,1,1
13.033953698131029,0.015484415290812015,1,31847.83100483546,4.797712307636345,68.07499688458896,29,1,1
33.69653208958646,1.6819526131904992,1,92481.36832469994,5.590931421109413,2.352965023344975,22,0,0
32.239525779076274,2.2516348506529646,1,1280.5427786879197,8.843519909305993,40.788045064942146,7,0,0
17.1793822539528,0.9631698348830592,1,70687.46520472094,3.5283863177283905,82.93170059515657,22,1,1
25.05505797509706,0.9351715626966398,0,41422.08858912983,9.374160258078795,116.60319690797171,19,1,1
26.06513482483299,3.488611520446491,1,118168.2794127373,1.813430866881579,109.74804092369929,31,0,2
24.887458369080306,1.0108287559228597,1,46318.71755171773,9.998675992098386,117.49216549504966,60,1,1
11.032637598520036,0.8969326427941307,0,41086.11067167763,4.266798108396804,98.22124035768036,83,2,2
12.578987625920199,2.361177473561718,1,115570.6800723106,3.7188086870262707,25.473289637047863,29,2,2
47.19514665078472,0.24387509400561114,0,33713.9044754578,9.116802778023688,48.4589953926295,99,0,2
23.011395874223904,3.9232777398037832,1,115498.11282914267,3.6226982052639967,75.11961278442541,11,0,1
22.01084129546383,0.0013225199022592893,1,33218.01112913392,4.89256827729865,93.55597532528839,33,1,1
32.92371407078855,3.488611520446491,1,119879.92121111971,8.252769892985832,116.4598786446876,4,1,0
23.36142863553218,3.6141500420192085,1,112932.55778008448,1.2717017115157214,1.3613722507440684,11,0,1
22.662918857338155,0.9238586612763061,0,794.6042454424896,6.285401845706202,20.22872946483139,38,1,1
21.12259789892654,2.2516348506529646,1,30634.96139574588,5.727783006970713,40.788045064942146,7,0,0
17.4650612658021,2.2516348506529646,1,1280.5427786879197,9.14489080333889,114.00418903590219,8,0,0
15.06791164532182,2.9892870962869766,1,32834.647110374906,4.733999597149688,1.0871168266094742,29,2,1
23.104645815224234,3.9232777398037832,0,54138.52943231766,1.4130894534966865,1.046590049788037,11,0,1
21.18302765965892,0.7276215118023777,1,8460.005618447327,6.245128233493792,37.20649116912907,44,1,1
14.692258464750315,2.628310025044504,1,32042.59239074559,4.797712307636345,73.15103208354604,31,1,1
26.6931647995723,4.606003724797387,0,41859.51012062044,9.341696161383869,31.40780465880008,19,1,1
37.37923644980177,2.1973104498581404,1,65109.47622135902,3.2293703425321683,85.48425089616592,12,1,1
25.058136476032402,0.9351715626966398,0,39278.146532455234,9.374160258078795,116.60319690797171,18,1,1
23.567333355827817,2.1771472759052823,1,63452.92806342043,1.2537654280168948,4.712393263487023,10,0,1
26.256487859556934,3.9232777398037832,1,115498.11282914267,3.6226982052639967,74.16124215192605,11,0,2
38.248931601845676,2.201509518507722,1,1280.5427786879197,1.531143189424487,77.67574313366676,9,0,2
38.33005033966835,0.2668226626708571,1,30710.381170763936,9.220607653901137,79.63121292751885,8,2,1
14.124064158834713,0.059578070629478175,1,33927.202707282595,4.797712307636345,71.1307538622832,29,1,1
21.153172923014644,2.347019325467845,0,35741.04140639639,0.2712571243869566,37.350150694661004,38,1,1
32.48713923758845,0.2305666258911826,1,1620.1948935742803,8.514892322326903,113.67635237611948,62,1,1
34.03492650958696,0.9631698348830592,1,70687.46520472094,3.5800669323636756,85.43742789446128,22,1,1
11.939345741758967,0.0013225199022592893,1,88344.85571695669,0.825650843302455,93.55597532528839,16,1,1
24.887458369080306,1.0308639939543702,0,43300.00966683328,9.98760346866275,118.96388983636116,17,1,0
24.887458369080306,0.7056877275765181,0,44597.46004857802,9.998675992098386,116.60319690797171,16,2,2
24.504624646267658,0.1190834621203598,1,1840.35364592704,3.3802907426175373,112.80078372628627,29,1,2
25.2297211353434,1.014954834177052,0,39904.399669295366,4.753877260304053,116.60319690797171,21,2,0
23.349076013931267,0.0013225199022592893,1,33218.01112913392,4.89256827729865,93.52558196462431,33,1,1
24.88437986814496,1.0108287559228597,1,46318.71755171773,9.998675992098386,117.49216549504966,61,1,1
38.1155353782237,3.5534352816078574,1,46616.57665168836,3.2473067115465084,84.46777123027299,12,1,2
22.88194007965027,2.54952003321574,1,3296.8060487512303,3.3802907426175373,113.74726685593708,31,0,1
26.151413771866157,3.7389932847844065,1,114801.03221348034,9.423785185450225,111.70179495522446,30,2,1
22.59605430664206,2.1662895451267548,1,778.9512528965612,6.190688032650472,93.55597532528839,62,1,1
26.06513482483299,3.49455392613675,1,118168.2794127373,2.939430144993762,109.74804092369929,30,1,2
42.71693897543812,1.1083751378839257,1,51775.59454951738,4.102316251083574,44.92001455084848,78,2,1
20.527400541025816,0.9238586612763061,0,35488.305844682,0.2712571243869566,28.420170201556516,38,1,1
35.32285047306584,4.770785160902566,0,104335.83401113673,0.11735130404212257,68.37124186714169,61,2,2
10.480166255768983,1.7021876380200256,1,110283.3105297347,0.10407060171745197,3.6038647587401718,47,2,2
35.82735628841385,2.2069724950972676,1,92745.08359417855,8.80124132286718,96.59366331825632,71,0,0
48.90235614607517,3.280436758722019,0,86391.80373233413,4.1485767337244965,58.572846030373384,34,2,2
38.335210556158025,2.201509518507722,1,1280.5427786879197,9.165046688369596,79.63121292751885,8,2,1
13.069528932373405,0.0013225199022592893,1,33218.01112913392,4.797712307636345,93.55597532528839,29,1,1
33.6604504691116,1.3012793518915693,1,97459.06268047486,5.590931421109413,2.352965023344975,63,0,2
22.6717778080196,2.361177473561718,1,119809.11722509924,3.7188086870262707,22.76311648485278,62,2,2
46.787830229171135,3.806342220223755,0,33713.9044754578,7.801768171832366,50.11987182951725,99,0,2
10.724405769536158,3.0319317033254727,0,91319.48346090964,3.4318629561292022,73.18350303307034,24,2,1
10.475072780711736,2.150975146374165,0,13597.120586947598,8.077664214451158,43.987506327558904,42,2,2
13.84811044351498,0.9551423171699225,1,89736.17568406864,3.915619265945013,33.384116949246035,95,1,1
23.572007299509025,3.9232777398037832,0,42812.89922019426,1.2717017115157214,3.0258185238925384,11,0,1
45.29628404155116,0.9356174072128809,0,9324.382660632691,4.174844441533555,51.28715302092631,70,1,2
32.585815151006926,3.618895320950777,1,21134.82562443998,0.2922414950500951,112.7522975603236,96,2,2
36.494582260297044,2.48704100180419,0,68141.19436463629,3.8735057731131493,3.598153145916072,92,0,1
11.773693894400395,2.7610386997468956,0,56716.08758399036,3.869491504369933,72.00307711171428,68,2,1
16.992563275426093,1.9199478108009782,0,82493.29882377753,7.075683533268436,24.486371143456495,90,1,1
25.2297211353434,1.014954834177052,0,41833.233437591145,9.988314659568694,116.60319690797171,19,1,1
35.11173869292524,0.8487611506063075,1,71577.91768967271,1.5551672571826192,96.80500523163624,76,1,2
40.060057843961545,3.2074403547196493,1,45095.07366098346,6.093015508275766,25.909314680224334,67,1,2
32.98819320591814,1.3806801537175701,0,92191.96057217642,8.372308980893507,116.54433391867417,51,0,0
21.180122655757966,0.07109109448509121,0,823.9470227246084,6.819740751834643,37.33953408387095,100,2,2
17.1793822539528,0.9631698348830592,1,70687.46520472094,2.3351777936109572,82.86504784090907,85,1,2
26.864092037226264,4.606003724797387,0,70524.45085659769,4.197942691977793,31.40780465880008,21,2,0
20.234867562595554,3.55853517077136,0,7018.216390133751,9.329492118072348,35.05542051378302,99,1,1
40.39681258826887,2.901297525274318,0,91768.20840610091,5.203186659554096,7.658439604518197,86,0,2
40.02485521003344,1.952976867439924,0,83262.51665873507,6.1065733847684385,24.486371143456495,92,1,1
23.572007299509025,3.375689803929105,0,42295.09325361266,1.366920783577549,67.13506969746709,7,0,1
35.11173869292524,2.2006686335111407,1,2379.278361538687,1.5551672571826192,96.80500523163624,9,1,1
22.6351666504222,2.3030036322822154,1,119809.11722509924,4.187369926175377,22.76311648485278,70,2,2
12.17655062211173,1.7021876380200256,0,110912.7510442069,0.0624926713224454,3.6038647587401718,47,2,2
13.069528932373405,2.3416642370318517,1,33131.82642672441,4.797712307636345,94.13232288625922,29,1,1
12.816219133285013,2.824900222867762,0,56716.08758399036,3.91069626604283,72.00307711171428,67,2,1
12.79038927713596,0.9551423171699225,1,89736.17568406864,3.915619265945013,33.384116949246035,95,1,1
36.466889050395565,2.492487221553077,0,68571.11198371438,3.8921760440847364,4.263403372514762,92,0,1
34.94903470287963,1.3806801537175701,0,31782.572418602853,8.372308980893507,116.26986054879272,51,0,0
21.842074642196195,0.8038789614749359,0,823.9470227246084,6.819740751834643,37.33953408387095,26,2,2
25.2297211353434,1.0194828237858726,0,41833.233437591145,9.988525554145403,116.60319690797171,95,1,1
32.585815151006926,3.5510066692648867,1,69673.61421132984,0.2922414950500951,83.55106870403169,84,2,2
46.758730426691606,3.823080793301901,0,91768.20840610091,4.71633931072646,7.658439604518197,98,0,2
33.6604504691116,1.3012793518915693,1,97459.06268047486,6.295962967200207,1.2564263142997376,62,2,0
17.027931669317596,3.1744112980746957,1,44325.85579262396,7.062125656775763,25.909314680224334,65,1,2
35.32285047306584,4.770785160902566,0,104851.46723707518,0.10017055018617238,2.1578637391240862,61,2,2
38.335210556158025,0.8496020828694956,1,71206.87000087029,7.76502905478965,79.63121292751885,75,2,2
45.11653075106237,0.9937912790502266,0,9324.382660632691,3.7062832023844487,51.58377572949375,62,1,2
47.40485816185195,3.280436758722019,1,85762.2612348812,4.284499215583348,58.572846030373384,34,2,2
35.82735628841385,0.005697886952406694,1,92831.24364922204,8.80124132286718,93.55381437428265,64,0,0
26.11624859324195,3.4936676110490983,1,118168.2794127373,2.8982253833208667,109.74804092369929,31,1,2
10.475072780711736,2.150975146374165,0,13597.120586947598,8.077664214451158,50.595557365076665,42,2,2
42.74463218480842,1.1029289241503548,1,51345.676930439295,4.083645980111986,44.30364986873293,78,2,1
22.361353388935164,0.9238586612763061,0,95897.48799249985,0.3672388007038607,28.420170201556516,38,1,1
10.724405769536158,3.0319317033254727,0,91319.48346090964,3.4318629561292022,73.18350303307034,97,2,1
23.79247351835061,3.554010284226419,0,7018.216390133751,9.338150363955616,37.403057014885405,22,1,1
17.1793822539528,1.0310644345113966,1,22148.715567145122,2.3351777936109572,112.06547972811555,97,1,2
40.42591094248505,2.884558952156007,0,33713.9044754578,8.288613138866575,50.11987182951725,87,0,2
26.864092037226264,4.606003724797387,0,70524.45085659769,4.197942691977793,32.796365923031686,22,0,2
34.726725295900216,2.293918388084502,0,32943.38780677003,8.372308980893507,116.26986054879272,51,0,2
40.02485521003344,1.952976867439924,0,83262.51665873507,6.36531651587965,24.486371143456495,64,1,2
35.11173869292524,2.2006686335111407,1,2379.278361538687,1.5551672571826192,96.80500523163624,10,1,1
34.62525686554592,0.005697886952406694,1,88141.14572902855,8.869191618928747,93.55381437428265,64,1,0
11.08939459155025,2.146086871173048,0,12768.705593229257,3.450563034118087,73.18350303307034,97,2,2
42.1546680368526,2.901297525274318,0,91768.20840610091,6.800803568780235,6.910361478257032,92,0,2
49.79946532134465,3.280436758722019,0,86391.80373233413,4.356637873710507,62.31414551064933,32,2,1
17.026034356796636,0.8502487080718458,1,41450.803251439414,2.3754890288486257,97.01654254625142,24,1,1
10.717810088323626,2.1594461238605636,0,14711.032531417484,7.8024147236663985,50.595557365076665,42,2,1
35.756484107366475,2.2045946594428725,1,92745.08359417855,1.267705536813029,89.14068293634287,70,0,1
32.93987807209801,1.220296237565519,0,91880.68594559154,4.758277016634472,91.49335944585579,51,0,0
26.864092037226264,4.637376007649026,0,70524.45085659769,4.197942691977793,31.40780465880008,21,2,2
32.85116222192002,3.493825104658291,1,69673.61421132984,0.7993270025090182,78.54020402736285,85,2,2
23.572007299509025,1.6986475359479387,0,42812.89922019426,1.3263220488349323,4.934803578950664,11,0,1
13.108439630694932,2.3416642370318517,1,7372.230704672547,4.797712307636345,34.41327394215091,22,1,1
22.857476060198838,1.3897653979186535,1,116998.1321485897,4.187369926175377,22.76311648485278,70,2,0
17.027931669317596,3.1744112980746957,1,44325.85579262396,7.062125656775763,25.909314680224334,93,1,1
41.90557009058159,2.201509518507722,1,1280.5427786879197,9.165046688369596,79.63121292751885,8,2,1
13.069528932373405,0.0009916690313827026,1,37908.0893088772,4.797712307636345,99.12703652980122,27,0,1
10.475072780711736,3.036819978526569,0,92166.34669718098,8.058959522396165,43.987506327558904,41,2,1
20.084115882268925,0.8038789614749359,0,823.9470227246084,5.222123842608305,38.08973843472783,16,2,2
20.527400541025816,0.9238586612763061,0,35488.305844682,0.2712571243869566,28.420170201556516,38,1,2
35.11173869292524,1.0134672767115138,0,71960.34787622592,9.540905605188097,118.34996730694432,76,1,2
10.481668461924317,3.026409065577452,0,84808.14562735238,1.9779878043110284,73.18350303307034,24,2,2
23.64287948111107,3.371833007577168,0,42295.09325361266,8.899294519611509,67.65466340816306,7,0,0
26.912407171046393,4.7536104100115155,0,75884.87295109515,8.45858120091187,32.796365923031686,22,0,2
10.480166255768983,1.7021876380200256,1,110943.50391685579,0.10407060171745197,3.6038647587401718,47,2,0
22.406430737985666,2.361177473561718,1,119809.11722509924,4.801017595916617,22.76311648485278,62,2,2
12.17655062211173,3.7792954432630417,0,110912.7510442069,0.02992070069264896,3.6038647587401718,53,2,2
23.7536818158917,3.554010284226419,0,32778.23247572777,9.998445028702085,97.12184388002603,29,1,1
27.318812550488303,1.9544764459800064,0,14711.032531417484,8.472729622112924,49.909872964146615,42,2,1
34.613291912805266,1.371538715525055,0,26979.568740049308,8.372308980893507,116.26986054879272,4,0,1
35.11173869292524,2.179302946436381,1,5114.889792724902,1.5551672571826192,96.80500523163624,9,1,1
11.174407898546413,3.0319317033254727,0,91319.48346090964,4.084153999387584,73.18350303307034,21,2,1
17.027931669317596,3.2813117498523985,1,44325.85579262396,7.062125656775763,25.909314680224334,65,1,2
10.788128994845923,2.7577342737656743,0,91319.48346090964,3.4318629561292022,77.64437329533776,95,1,1
17.00757674781248,0.8502487080718458,1,39912.17199060671,5.010901234960068,34.80239993072993,22,1,1
35.11173869292524,2.2015598829139114,1,264.78589137074573,1.8980002877817752,95.69216097420635,10,1,1
10.481668461924317,3.026409065577452,0,84808.14562735238,1.9779878043110284,67.67493004808,21,2,2
10.413718922528762,2.3416642370318517,1,33131.82642672441,4.797712307636345,46.589494367578496,29,1,1
23.572007299509025,3.375689803929105,0,27224.52028503694,1.366920783577549,67.13506969746709,7,2,2
41.90557009058159,2.201509518507722,1,1280.5427786879197,9.165046688369596,81.95142328732292,9,2,1
19.920668681930355,0.8038789614749359,0,823.9470227246084,4.666791162231277,38.08973843472783,16,2,2
13.069528932373405,0.00124925860562064,1,37970.586023018535,5.260024416042755,106.97751881249921,19,0,1
23.908539309790502,2.7566441569514732,0,35396.04123727774,9.928207336928416,97.12184388002603,27,1,1
10.500842473288845,4.9141821044147775,0,75884.87295109515,7.788266302465319,33.48205032396651,25,0,2
23.907750089972424,3.9221358127953403,0,42812.89922019426,1.2717017115157214,13.34636780404379,52,0,0
35.11173869292524,0.8771938973213905,1,69229.03108861439,1.5551672571826192,96.80500523163624,76,1,2
25.650994316309777,1.014954834177052,0,41833.233437591145,9.988314659568694,117.947078766202,19,1,1
48.90235614607517,2.951145773864763,0,82486.39355215647,4.1485767337244965,58.572846030373384,34,2,2
23.76833512500683,3.554010284226419,0,7018.216390133751,9.338150363955616,37.403057014885405,29,2,1
13.12689725475281,2.3416642370318517,1,8912.44187944275,2.1623001343048456,96.62727906870735,24,1,1
38.335210556158025,2.200618269104951,1,2305.372324625405,8.818646516140834,80.74405718476041,6,2,1
23.64287948111107,3.371833007577168,0,42295.09325361266,8.899294519611509,73.1632363931534,7,0,0
12.028981552210322,2.150975146374165,0,13597.120586947598,8.051036279396175,91.53032658021911,42,2,2
12.17655062211173,1.7021876380200256,0,110912.7510442069,0.0624926713224454,3.542018951180035,47,0,1
10.480166255768983,1.7021876380200256,1,110283.3105297347,0.10407060171745197,2.273788199998876,46,2,2
27.027539237657805,4.3911269848256085,0,70524.45085659769,5.218262436371943,32.796365923031686,22,0,2
16.114915022768823,0.0009916690313827026,1,33155.514414992576,4.612481221652378,99.12703652980122,29,1,1
20.527400541025816,0.9238586612763061,0,32870.49708313203,0.18472547074528745,28.420170201556516,29,1,2
41.776643486529,3.375689803929105,1,42295.09325361266,1.072184592253298,66.17305165547121,9,2,1
41.90557009058159,1.7888578610940211,1,1280.5427786879197,9.165046688369596,79.63121292751885,15,2,1
35.083204581082555,2.179302946436381,0,5114.889792724902,1.736768691981466,96.80500523163624,10,0,1
17.026034356796636,1.1495813153985153,1,41450.803251439414,2.65905632907545,96.80384030783217,24,1,1
10.006801325725663,1.0750470590533325,0,85125.318693084,0.15983965196393257,74.59242690416377,24,1,2
21.577590367092405,3.371833007577168,0,42295.09325361266,8.908883150562062,73.1632363931534,7,0,0
13.068338476199411,2.3416642370318517,1,37913.53556147244,4.797712307636345,105.45165831206145,19,0,1
17.00757674781248,2.3597319784170185,1,39912.17199060671,5.652936350707014,13.224888707151266,37,1,1
35.11173869292524,2.3623950504826148,1,264.78589137074573,1.8980002877817752,95.69216097420635,10,1,1
23.77083415213691,3.371833007577168,0,76387.3876293803,8.889569198250882,67.65466340816306,11,0,2
16.114915022768823,3.379844274693042,1,33050.706071037406,4.612481221652378,68.11634483717043,29,2,1
13.076154750993933,2.2827338504837256,0,9841.315595976908,8.570343988184387,116.49323961728001,52,0,0
35.582026720993674,2.7349222042614403,0,36078.82109209597,9.928207336928416,97.12184388002603,8,1,1
24.365680630558806,3.8728613662288973,0,37908.0893088772,4.797712307636345,95.70754131756506,27,0,1
23.700922736543706,2.201509518507722,0,1280.5427786879197,9.434928161967793,82.91344132931798,10,0,1
12.028981552210322,2.150975146374165,0,13597.120586947598,8.849219408360167,91.53032658021911,42,2,2
36.33701176710324,1.774071033174906,1,26979.568740049308,8.190758662050756,116.26986054879272,3,1,1
35.11173869292524,2.2006686335111407,1,2379.278361538687,1.5551672571826192,97.01770747005547,10,1,1
22.480483188445405,2.981124749501525,0,32553.325166885625,2.006060851972122,34.901021820210914,29,2,2
20.07102965578519,0.7484210509323369,0,823.9470227246084,4.657108457719804,42.56592491154834,16,2,2
13.109630086868926,0.0005277575700757264,1,7430.187719695514,5.260024416042755,35.93111285303876,22,1,1
10.413718922528762,0.4374696444102819,1,32807.12914816341,4.900396808071032,35.17508908392876,22,1,1
13.069528932373405,2.1808290694631483,1,33131.82642672441,4.797712307636345,94.13232288625922,29,1,1
26.784452500020553,4.7536104100115155,0,41792.57857618259,8.468306522272497,32.796365923031686,22,0,0
23.572007299509025,0.06775814732209473,0,27329.32862899211,1.366920783577549,98.14576065054452,7,1,2
35.006893180851314,1.4396105402708248,1,31192.372704984467,2.1623001343048456,96.40048659468779,23,1,1
23.438251283099326,2.73138402373627,1,1863.9058594142152,1.5551672571826192,96.80500523163624,28,1,1
12.278004025089118,0.13144672452170036,1,42812.89922019426,1.2717017115157214,3.0258185238925384,11,0,1
34.931124092658315,3.283973879593117,1,264.78589137074573,1.8980002877817752,95.93320180716434,10,1,1
27.010306222823786,2.2402975526444457,0,42295.09325361266,8.899294519611509,72.92219555355568,6,0,0
26.06513482483299,3.49455392613675,1,118168.2794127373,2.939430144993762,109.74804092369929,30,1,2
42.71693897543812,1.1083751378839257,1,51775.59454951738,4.102316251083574,44.92001455084848,78,2,1
20.527400541025816,0.9238586612763061,0,35488.305844682,0.2712571243869566,28.420170201556516,38,1,1
35.32285047306584,4.770785160902566,0,104335.83401113673,0.11735130404212257,68.37124186714169,61,2,2
10.480166255768983,1.7021876380200256,1,110283.3105297347,0.10407060171745197,3.6038647587401718,47,2,2
35.82735628841385,2.2069724950972676,1,92745.08359417855,8.80124132286718,96.59366331825632,71,0,0
48.90235614607517,3.280436758722019,0,86391.80373233413,4.1485767337244965,58.572846030373384,34,2,2
38.335210556158025,2.201509518507722,1,1280.5427786879197,9.165046688369596,79.63121292751885,8,2,1
13.069528932373405,0.0013225199022592893,1,33218.01112913392,4.797712307636345,93.55597532528839,29,1,1
33.6604504691116,1.3012793518915693,1,97459.06268047486,5.590931421109413,2.352965023344975,63,0,2
22.6717778080196,2.361177473561718,1,119809.11722509924,3.7188086870262707,22.76311648485278,62,2,2
46.787830229171135,3.806342220223755,0,33713.9044754578,7.801768171832366,50.11987182951725,99,0,2
10.724405769536158,3.0319317033254727,0,91319.48346090964,3.4318629561292022,73.18350303307034,24,2,1
10.475072780711736,2.150975146374165,0,13597.120586947598,8.077664214451158,43.987506327558904,42,2,2
13.84811044351498,0.9551423171699225,1,89736.17568406864,3.915619265945013,33.384116949246035,95,1,1
23.572007299509025,3.9232777398037832,0,42812.89922019426,1.2717017115157214,3.0258185238925384,11,0,1
45.29628404155116,0.9356174072128809,0,9324.382660632691,4.174844441533555,51.28715302092631,70,1,2
32.585815151006926,3.618895320950777,1,21134.82562443998,0.2922414950500951,112.7522975603236,96,2,2
36.494582260297044,2.48704100180419,0,68141.19436463629,3.8735057731131493,3.598153145916072,92,0,1
11.773693894400395,2.7610386997468956,0,56716.08758399036,3.869491504369933,72.00307711171428,68,2,1
16.992563275426093,1.9199478108009782,0,82493.29882377753,7.075683533268436,24.486371143456495,90,1,1
25.2297211353434,1.014954834177052,0,41833.233437591145,9.988314659568694,116.60319690797171,19,1,1
35.11173869292524,0.8487611506063075,1,71577.91768967271,1.5551672571826192,96.80500523163624,76,1,2
40.060057843961545,3.2074403547196493,1,45095.07366098346,6.093015508275766,25.909314680224334,67,1,2
32.98819320591814,1.3806801537175701,0,92191.96057217642,8.372308980893507,116.54433391867417,51,0,0
21.180122655757966,0.07109109448509121,0,823.9470227246084,6.819740751834643,37.33953408387095,100,2,2
17.1793822539528,0.9631698348830592,1,70687.46520472094,2.3351777936109572,82.86504784090907,85,1,2
26.864092037226264,4.606003724797387,0,70524.45085659769,4.197942691977793,31.40780465880008,21,2,0
20.234867562595554,3.55853517077136,0,7018.216390133751,9.329492118072348,35.05542051378302,99,1,1
40.39681258826887,2.901297525274318,0,91768.20840610091,5.203186659554096,7.658439604518197,86,0,2
45.3191827013358,0.9356174072128809,0,51749.20635486284,4.171884732196082,41.18021113604034,69,2,2
10.542909274563822,1.7021876380200256,1,110283.3105297347,7.267141054443092,3.6038647587401718,47,2,2
38.335210556158025,0.35995704776592363,1,1280.5427786879197,9.165046688369596,93.92289356826159,8,2,1
33.953584925450265,0.9491386931484695,1,70687.46520472094,8.37650417145525,82.81628256301249,51,1,2
48.90235614607517,3.280436758722019,0,86117.42185357667,5.6141523643528615,58.572846030373384,34,2,2
23.572007299509025,4.017511503740617,1,42812.89922019426,1.2717017115157214,3.2567229019839132,11,0,1
11.773693894400395,3.1135553925883137,0,56716.08758399036,3.9680586940421936,72.00307711171428,68,2,1
21.044456177411412,0.9788656201146766,0,33198.582500502846,4.197942691977793,28.444453620465957,21,2,0
13.852290407606876,0.7365796552878234,1,89223.55946216249,2.5158755046332697,33.384116949246035,95,1,1
22.6717778080196,2.373536751489108,1,119809.11722509924,3.7188086870262707,22.76311648485278,62,2,2
35.82735628841385,2.2069724950972676,1,92745.08359417855,3.073981290968434,109.47890124576348,28,1,0
40.19829207509465,3.618895320950777,1,44985.98246085711,0.005017654561940255,112.7522975603236,96,2,2
46.787830229171135,2.4239902126528334,0,33713.9044754578,7.801768171832366,54.43672737943288,99,0,1
21.180122655757966,0.07109109448509121,0,4763.840998317013,5.624017334202132,42.900911748196584,98,2,2
40.39681258826887,3.0350209413358478,0,91773.16778628051,5.176401624401157,7.658439604518197,24,2,1
42.69404031565206,1.1083751378839257,1,9352.766877312719,4.1052759604210465,51.25354571506767,79,1,1
16.94120639944054,1.9199478108009782,0,82493.29882377753,0.08510852722940987,25.638151259259345,90,1,1
13.069528932373405,2.130449292752309,1,43887.27139039509,4.797712307636345,79.26429468453536,29,1,1
16.214094830224617,1.3947112954521932,0,92191.96057217642,2.330893404032962,116.56436280159335,85,0,0
25.2297211353434,1.014954834177052,0,41833.233437591145,9.988314659568694,116.60319690797171,30,1,1
35.11173869292524,0.934488018329655,0,71577.91768967271,1.5551672571826192,97.2192720436931,76,1,2
35.32285047306584,4.770785160902566,0,104629.5758224237,0.08107325786102293,68.37124186714169,61,2,2
26.347036400846246,4.548545823542255,0,72814.17436533178,0.2712571243869566,31.38352123989064,38,1,1
20.230687917588632,3.55853517077136,0,7018.216390133751,9.329492118072348,35.05542051378302,99,1,1
26.06513482483299,3.9883828104368453,1,109285.09632418037,8.666329021467519,95.11251341043783,73,0,2
32.44758091957264,3.2074403547196493,1,21243.916857129938,7.179749788588375,25.909314680224334,67,1,2
36.494582260297044,3.8693929979633164,0,74653.9856715284,3.9827865476483413,0.8003571754580854,92,0,2
33.6604504691116,1.3012793518915693,1,94891.98954857705,6.779488968535327,3.2977955213893795,64,0,2
10.724405769536158,2.8982082872639428,0,91314.52408073004,3.458647991282403,73.18350303307034,86,0,2
10.475072780711736,2.150975146374165,0,35689.95002310861,0.24050636918312795,43.987506327558904,45,2,1
23.552473941970714,3.9232777398037832,0,42812.89922019426,0.34664805794442244,2.848487434770993,3,1,1
10.333802576067216,1.0234428652336827,0,40324.86980920613,3.4318629561292022,72.98998854696782,24,2,1
13.069528932373405,2.731297913217411,1,43887.27139039509,3.723206374552765,91.81321035077914,67,1,1
20.80869865232881,1.1120081339637384,1,51787.96106495205,4.102316251083574,16.52515404836963,77,2,1
25.060382645002534,2.2774324568431252,0,119817.36726515146,9.875482683301389,116.31602043690981,31,1,1
10.475072780711736,2.150975146374165,0,105588.4809913809,0.24050636918312795,43.987506327558904,62,2,2
12.929580299469315,2.373536751489108,1,119809.11722509924,3.7188086870262707,22.76311648485278,62,2,2
26.06513482483299,2.1879152567216407,1,116772.50140572811,8.951022052571988,78.87804590863996,30,1,2
10.699794601878533,3.332939576336054,0,86692.4092768246,7.315465139068663,54.748981595933635,34,2,2
10.475072780711736,2.150975146374165,0,108584.2626751572,8.077664214451158,43.987506327558904,60,2,2
22.33097358104503,4.60370163789309,0,70524.45085659769,4.206725399293726,31.406626278586884,12,2,1
36.648842260038904,0.35995704776592363,1,5805.557723502003,1.5431366466266017,96.74110949603413,8,2,1
32.697583808718186,1.773325660989622,1,21134.82562443998,0.10174957260777495,109.53840301697365,95,2,2
23.572007299509025,3.8013316053496293,1,43770.38975518087,1.021881283380237,2.4508363418313763,19,0,1
17.167522065556376,2.0330509517286277,0,89714.95102855696,7.075683533268436,33.61360887896343,94,1,1
35.84688964657393,2.2069724950972676,1,97137.12136093195,3.0674613008077847,113.64558419694947,27,0,0
21.588352543444245,3.004131955353785,0,85036.93618281576,4.197942691977793,28.637969475513668,21,2,0
32.44758091957264,3.2074403547196493,1,21243.916857129938,6.812248333546178,25.909314680224334,37,1,2
42.435543464339865,0.9490136507812308,0,35475.93932924793,0.2712571243869566,44.39895892024,38,1,1
22.84111629836046,1.0986998584185437,1,39723.85607939667,3.7083847203885445,22.5098340928836,62,2,2
35.32285047306584,4.770785160902566,0,34724.67589906836,0.08107325786102293,68.37124186714169,44,2,1
22.81184948702617,0.0013225199022592893,1,38335.87658586728,5.376149656109263,93.55597532528839,29,1,1
38.335210556158025,3.592914922441085,1,2953.6926873075718,3.151422364246809,110.50079807576053,8,2,1
48.932335681912186,1.7021876380200256,1,109982.67837184739,4.1002526387610665,6.066472331453799,47,2,2
35.32285047306584,4.770785160902566,0,9423.053139069889,0.11735130404212257,68.37124186714169,43,2,2
26.264439524333728,4.008789248120582,0,72814.17436533178,0.2710699893437831,31.384699620103838,37,1,0
38.326990830369894,0.8487611506063075,1,67707.36698142123,9.17216258246969,93.98678930386372,76,1,2
11.10627590368205,3.5477572827724053,1,110283.3105297347,0.16058051522642902,9.979498284268246,47,2,2
25.2297211353434,0.47500452562520223,0,42821.809367760026,9.988314659568694,118.29284127080285,11,1,1
13.677331618787836,0.7365796552878234,1,82001.90725738306,2.5158755046332697,24.256879213739147,91,1,1
22.72651383958758,1.0312881346848881,1,39717.65823998427,3.6377380748827663,22.5098340928836,29,2,2
13.1336887442918,2.801921128684396,1,72814.17436533178,0.2710699893437831,31.384699620103838,37,1,0
27.781817973951313,2.1722228891991504,0,42821.809367760026,9.988314659568694,118.31978598117725,11,1,1
35.32285047306584,4.612054362529615,0,97012.57386195035,2.9156814863312963,70.69340607204651,61,2,2
25.2297211353434,1.014954834177052,0,41833.233437591145,9.779898607648262,111.44862545502582,45,1,1
22.81184948702617,0.05908189569679845,1,39898.18586408007,4.804718522787006,114.33661497248374,31,1,1
38.30376105385753,3.628935877640804,1,2953.6926873075718,3.242774504890798,45.167936406169446,15,2,1
32.5244343694613,3.2074403547196493,1,21243.916857129938,6.814381758899653,25.909314680224334,38,1,2
23.68004611055784,3.8013316053496293,1,54730.83880942187,0.2622716251086463,2.4508363418313763,46,0,1
49.59561426861842,3.280436758722019,0,88453.71364572123,3.9057644302133614,56.26778856053816,38,2,1
23.572007299509025,3.9232777398037832,0,43348.44429884606,0.8782279682790739,3.2579094266423465,10,0,1
38.84854740627717,4.868192021780612,1,1280.5427786879197,0.25992346810122324,93.84885986317963,4,2,1
10.23712129082477,0.4170928098756429,1,109924.07174392673,0.10407060171745197,97.01630187635024,47,2,1
40.975843650087455,2.201509518507722,1,1280.5427786879197,9.165046688369596,79.63121292751885,6,2,1
10.333802576067216,1.054470609632922,0,89265.57614648205,3.4318629561292022,72.98998854696782,24,2,1
13.184192479128889,0.08806920766464454,1,33224.20896854632,4.868358953142125,93.55597532528839,62,1,1
26.20073219835829,3.938166027161733,0,43887.27139039509,3.723206374552765,91.81321035077914,67,1,1
13.069528932373405,0.43329600764491105,1,45779.582101191816,4.797712307636345,79.02758985513134,29,1,1
35.84688964657393,2.3631291330985857,1,104460.3815101177,0.28220665903149844,111.31124635260568,27,0,0
35.82735628841385,1.5330282190124331,1,92745.08359417855,3.073981290968434,85.04131749349725,27,1,0
42.46699296663852,0.9490136507812308,0,35475.93932924793,0.19218775963560208,109.71403379611672,39,1,1
23.475620492124754,3.9232777398037832,0,42812.89922019426,0.36531874453919677,9.764395378989647,2,1,1
10.17980073033253,2.150975146374165,0,35689.95002310861,0.9933821549521509,43.829722178417576,18,2,1
18.985012480779584,0.9238586612763061,0,33426.393120372864,0.5207852525636298,22.933084424625317,34,1,2
23.572007299509025,4.017511503740617,1,42812.89922019426,1.2717017115157214,3.0218541262013052,9,0,1
35.32285047306584,0.2312249616673281,0,34724.67589906836,8.965268227880923,68.44527556480793,42,2,1
37.81651147078648,1.6450717941819821,1,8228.450963250882,0.7651297537051049,3.8292374600973247,8,2,2
10.06513302245575,2.150975146374165,0,13597.120586947598,8.077664214451158,43.987506327558904,42,2,2
13.852290407606876,0.705551910888645,1,40323.59689636763,2.5158755046332697,33.384116949246035,95,1,1
37.608767800284845,0.0013225199022592893,1,32845.2159891831,4.909044822328687,93.55597532528839,29,2,1
21.403958109885664,0.01735347417359062,0,35488.305844682,0.2712571243869566,28.420170201556516,38,1,1
35.97045860485313,1.5142761856536362,1,92745.08359417855,5.316391943934074,92.75124713052632,27,1,0
10.23712129082477,0.4170928098756429,1,109924.07174392673,0.10407060171745197,97.01630187635024,44,2,1
22.70407714957677,1.014954834177052,0,42825.30910051876,9.988314659568694,109.02855440491933,4,0,1
41.85803652627138,2.201509518507722,0,35313.09316535343,9.165046688369596,79.63121292751885,6,2,1
38.36132458543196,3.3845405516768485,1,2725.6573280653497,1.700819736998287,106.7330431123865,8,2,1
38.335210556158025,0.17851084378879878,1,1280.5427786879197,8.178654390123501,93.92289356826159,8,2,1
23.572007299509025,4.017511503740617,1,43741.70653021458,1.2717017115157214,3.02114249289547,9,0,1
29.567786175251605,0.3085257476836101,1,39898.18586408007,4.804718522787006,10.438051254667172,31,1,1
36.51044760641052,2.97444584222039,1,3070.1488600991615,4.927984149096402,99.9455663900662,29,2,1
38.327007080887654,1.6450717941819821,1,8228.450963250882,0.7651297537051049,6.594533434655473,8,2,2
10.461828013876321,0.09088161156492824,0,34199.77603469732,8.965268227880923,72.93250888468151,23,2,1
12.19352737482355,0.9264889742493974,1,33218.01112913392,4.797712307636345,94.38513206472871,29,1,1
22.668747177529475,0.04326400388510554,1,38335.87658586728,3.1337390031748282,88.48660130853214,29,1,1
23.62379037147304,4.017511503740617,1,41820.823557266645,2.0622661675743603,17.06706702790831,30,1,1
10.249478280557673,2.150975146374165,1,1844.8987932350246,0.7251505400597851,43.829722178417576,18,2,1
13.069528932373405,0.06297005220201435,1,45779.582101191816,4.797712307636345,79.02758985513134,29,1,1
36.62272823076498,0.5701101824874983,1,5789.274253165919,3.151422364246809,110.76392611757176,8,2,1
24.580989207308775,4.136389801576013,0,43348.44429884606,1.8639267116716165,3.2579094266423465,10,0,1
23.572007299509025,3.8013316053496293,1,42841.582445160544,1.021881283380237,2.451547975137211,18,0,1
23.36005486279371,3.316521892905748,1,22725.244730572806,6.812248333546178,113.19389109069573,35,1,2
38.30376105385753,0.704159394119741,1,32755.994768649216,3.2238351781235433,44.314969462371806,15,2,1
37.824714946056844,2.3862552714206773,1,1280.5427786879197,9.165046688369596,76.93953268004319,8,2,1
35.56220970353307,1.054470609632922,0,89265.57614648205,3.4318629561292022,68.50275522709424,42,2,1
37.66351974609535,1.0039565174108611,0,1736.6398813089836,9.999710540700905,116.60319690797171,30,1,1
37.599405905517536,2.0260827470705416,1,33396.599372589364,3.006765749567037,84.0310744782135,27,1,0
25.90141193180356,2.212507839013169,1,41645.09201106534,9.115501235350786,79.935037527624,8,2,1
23.572007299509025,3.9232777398037832,0,43348.44429884606,0.8782279682790739,3.2579094266423465,12,0,1
35.83671818318117,0.22261342808007067,1,92193.67758424528,4.976260363739793,94.56621834057196,29,2,1
38.2686540563957,0.345326765096016,1,1280.5427786879197,9.165046688369596,93.92289356826159,6,2,1
26.06513482483299,3.49455392613675,1,118168.2794127373,2.939430144993762,109.74804092369929,30,1,2
42.71693897543812,1.1083751378839257,1,51775.59454951738,4.102316251083574,44.92001455084848,78,2,1
20.527400541025816,0.9238586612763061,0,35488.305844682,0.2712571243869566,28.420170201556516,38,1,1
35.32285047306584,4.770785160902566,0,104335.83401113673,0.11735130404212257,68.37124186714169,61,2,2
10.480166255768983,1.7021876380200256,1,110283.3105297347,0.10407060171745197,3.6038647587401718,47,2,2
35.82735628841385,2.2069724950972676,1,92745.08359417855,8.80124132286718,96.59366331825632,71,0,0
48.90235614607517,3.280436758722019,0,86391.80373233413,4.1485767337244965,58.572846030373384,34,2,2
38.335210556158025,2.201509518507722,1,1280.5427786879197,9.165046688369596,79.63121292751885,8,2,1
13.069528932373405,0.0013225199022592893,1,33218.01112913392,4.797712307636345,93.55597532528839,29,1,1
33.6604504691116,1.3012793518915693,1,97459.06268047486,5.590931421109413,2.352965023344975,63,0,2
22.6717778080196,2.361177473561718,1,119809.11722509924,3.7188086870262707,22.76311648485278,62,2,2
46.787830229171135,3.806342220223755,0,33713.9044754578,7.801768171832366,50.11987182951725,99,0,2
10.724405769536158,3.0319317033254727,0,91319.48346090964,3.4318629561292022,73.18350303307034,24,2,1
10.475072780711736,2.150975146374165,0,13597.120586947598,8.077664214451158,43.987506327558904,42,2,2
13.84811044351498,0.9551423171699225,1,89736.17568406864,3.915619265945013,33.384116949246035,95,1,1
23.572007299509025,3.9232777398037832,0,42812.89922019426,1.2717017115157214,3.0258185238925384,11,0,1
45.29628404155116,0.9356174072128809,0,9324.382660632691,4.174844441533555,51.28715302092631,70,1,2
32.585815151006926,3.618895320950777,1,21134.82562443998,0.2922414950500951,112.7522975603236,96,2,2
36.494582260297044,2.48704100180419,0,68141.19436463629,3.8735057731131493,3.598153145916072,92,0,1
11.773693894400395,2.7610386997468956,0,56716.08758399036,3.869491504369933,72.00307711171428,68,2,1
16.992563275426093,1.9199478108009782,0,82493.29882377753,7.075683533268436,24.486371143456495,90,1,1
25.2297211353434,1.014954834177052,0,41833.233437591145,9.988314659568694,116.60319690797171,19,1,1
35.11173869292524,0.8487611506063075,1,71577.91768967271,1.5551672571826192,96.80500523163624,76,1,2
40.060057843961545,3.2074403547196493,1,45095.07366098346,6.093015508275766,25.909314680224334,67,1,2
32.98819320591814,1.3806801537175701,0,92191.96057217642,8.372308980893507,116.54433391867417,51,0,0
21.180122655757966,0.07109109448509121,0,823.9470227246084,6.819740751834643,37.33953408387095,100,2,2
17.1793822539528,0.9631698348830592,1,70687.46520472094,2.3351777936109572,82.86504784090907,85,1,2
26.864092037226264,4.606003724797387,0,70524.45085659769,4.197942691977793,31.40780465880008,21,2,0
20.234867562595554,3.55853517077136,0,7018.216390133751,9.329492118072348,35.05542051378302,99,1,1
40.39681258826887,2.901297525274318,0,91768.20840610091,5.203186659554096,7.658439604518197,86,0,2
21.180122655757966,0.07109109448509121,0,2751.5168033571645,6.818735881960285,37.60303402945396,84,0,2
25.733525015207384,3.021285607774669,0,43852.654055297855,9.988314659568694,116.60319690797171,19,1,1
10.319691309930144,3.905761518448123,0,42812.89922019426,1.2339903123240927,6.282837927486504,47,0,2
34.804073048874066,0.8487611506063075,1,72850.40200974213,1.1756828727202713,96.80500523163624,76,1,2
26.06513482483299,3.498008860803069,1,51728.3644323724,2.939430144993762,109.65722866775519,30,1,2
38.335210556158025,2.0442736464006126,1,7161.1967910233625,9.165046688369596,79.35673955766994,8,2,1
22.6717778080196,2.361177473561718,0,119809.11722509924,3.7188086870262707,40.350025292608976,62,2,2
10.34113393451314,2.1562615906137053,1,69835.89475928113,1.959986610021864,47.15980089163001,85,1,2
32.98819320591814,1.3806801537175701,0,10048.532064053557,8.372308980893507,117.37396102111056,60,0,0
20.531547421910936,1.2763784487601415,0,30148.969511725256,0.2861894942965768,27.909217918927595,39,1,1
35.32285047306584,4.770785160902566,0,104335.83401113673,0.11735130404212257,68.37124186714169,62,2,2
11.773693894400395,2.724089915039542,0,88978.24478023069,3.869491504369933,32.66986920238581,70,2,1
43.77227188770851,3.5569366332778083,1,45095.07366098346,5.938340896088336,25.909314680224334,97,1,1
35.82735628841385,2.2069724950972676,1,92745.08359417855,8.80124132286718,17.805209012835206,82,0,0
28.13668967580457,2.4555800689637435,0,68141.19436463629,3.8735057731131493,2.323518805398143,64,0,2
40.39681258826887,2.901297525274318,0,90047.1680127164,5.204191529428251,7.395939430433327,100,2,2
12.578198324381301,1.0379606605906513,0,89300.05975496891,3.4318629561292022,73.18350303307034,24,2,1
23.93158799532878,1.7197032050447534,1,110283.3105297347,0.14304023001557142,3.6038647587401718,11,2,1
47.09488368758537,4.0343484095120665,0,32441.420384028832,8.182974818190464,50.11987182951725,94,0,2
42.71693897543812,1.104921229673412,1,117723.84405765712,4.102316251083574,44.99834793558817,78,2,1
32.585815151006926,3.618895320950777,1,21134.82562443998,0.2922414950500951,113.57020796783742,96,2,2
48.90235614607517,3.280436758722019,1,86391.80373233413,4.1485767337244965,58.572846030373384,45,2,2
17.355501723991154,1.4025841400158612,0,14450.41702921611,8.452584563276945,79.69275326073083,42,2,2
45.29628404155116,0.9356174072128809,0,91518.07068578867,4.174844441533555,53.63478947112287,70,1,2
26.859945156347802,4.606003724797387,0,70524.45085659769,4.190957670867599,31.40780465880008,21,2,0
13.069528932373405,0.0013225199022592893,1,33218.01112913392,4.797712307636345,93.55597532528839,26,1,1
17.806072705065493,1.107305877243681,1,57474.01845926746,3.915619265945013,72.71732502562132,93,1,1
16.522221200681656,3.2090388922132016,0,7018.216390133751,9.48253358547684,35.05542051378302,68,1,2
16.992563275426093,1.5497256550473704,0,80743.59272631413,7.075683533268436,103.27155070819083,72,1,1
38.5892933039301,1.33274028488088,1,98751.48759515877,5.590931421109413,3.6275993638637813,91,0,1
26.864092037226264,4.606003724797387,0,70524.45085659769,4.197942691977793,35.149238746847466,21,1,0
38.335210556158025,2.201509518507722,1,45456.951408105524,9.173449134495483,79.63121292751885,10,2,1
26.858136424893626,1.735281302579572,0,30233.902468037733,9.240044822593687,82.48494118719472,42,2,2
24.020523042768964,2.2069724950972676,1,92745.08359417855,9.222848213577702,96.59366331825632,71,0,0
23.29630138001449,1.7197032050447534,0,110283.3105297347,3.6934740319319266,6.311395249675173,11,2,1
13.069528932373405,0.0013225199022592893,1,32516.718017772237,6.658828544204153,93.55597532528839,27,1,1
10.734182570559469,3.600351982878129,0,91137.02781195645,3.5084667746637948,6.432751926931278,47,2,2
31.50017277144149,4.770785160902566,0,104335.83401113673,0.11735130404212257,66.21788699440819,62,2,0
40.39681258826887,2.901297525274318,0,91768.20840610091,5.203186659554096,7.658439604518197,89,0,2
20.527400541025816,0.9238586612763061,0,35488.305844682,2.9620866536385386,28.420170201556516,38,1,1
10.11169925710826,2.150975146374165,0,16360.232279444062,4.025326935470153,43.987506327558904,37,2,2
41.2686637573198,2.0442736464006126,1,7161.1967910233625,9.165046688369596,81.2816333100343,8,2,1
16.522221200681656,3.2090388922132016,0,7018.216390133751,9.48253358547684,35.05542051378302,69,1,2
12.578198324381301,1.6979565959562395,0,89022.57730289783,0.15811851142189215,73.18350303307034,13,2,1
32.585815151006926,3.618895320950777,1,21134.82562443998,0.2922414950500951,107.78932008543872,96,2,2
27.034557068415197,3.3452314885758336,1,118168.2794127373,2.939430144993762,104.75709383256367,30,2,2
20.007136685143568,3.021285607774669,0,707.0299037193981,9.970327332383436,116.60319690797171,19,1,1
17.357310502535253,4.272124808232074,0,69119.33589568506,4.190957670867599,31.40780465880008,21,2,0
35.378840545673995,4.165286898674082,0,42812.89922019426,0.8468081167182522,3.0258185238925384,11,0,1
11.96492225535114,2.8127148591752524,1,60366.11733181461,0.33649115459811996,70.13799880659997,68,2,1
21.180122655757966,0.07109109448509121,0,1238.1051785114869,4.957619645389037,37.60303402945396,85,0,2
10.236527050090157,3.1424992673717433,0,42995.352096581075,1.1573875470033694,73.88613257586888,24,0,1
32.98819320591814,1.3990037320005668,0,10048.532064053557,8.565860773428719,117.37396102111056,60,0,2
25.2297211353434,1.014954834177052,0,41833.233437591145,9.988314659568694,116.60319690797171,18,1,1
26.06513482483299,3.498008860803069,1,51728.3644323724,0.2520744868216538,109.65722866775519,30,1,2
48.90235614607517,3.280436758722019,0,83635.30387484859,8.200908934338418,67.61066973848106,34,2,2
10.725158155326259,0.0013225199022592893,1,33218.01112913392,4.797712307636345,77.31918065683412,26,1,1
10.34113393451314,1.7464832219503452,1,69835.89475928113,1.959986610021864,47.15980089163001,84,1,2
10.480166255768983,1.0421917026558938,1,110560.77388407041,3.399082909993405,1.0278100260101874,46,2,2
32.585815151006926,3.618895320950777,1,21134.82562443998,0.2922414950500951,114.64931048290688,96,2,2
26.0240530366779,3.284474007586032,1,14618.735837801207,9.165046688369596,79.35673955766994,6,2,1
13.164405581397293,0.08492455751188122,1,11503.19531703684,4.797712307636345,93.55597532528839,26,2,1
13.553564299699602,1.7021876380200256,1,68841.95306538882,0.2507387228354925,30.722762366303826,32,2,0
25.18256261880911,3.0572345270415786,0,44859.293091977655,9.988314659568694,116.60319690797171,18,1,1
26.859945156347802,4.457334049254742,0,70524.45085659769,4.190957670867599,31.40780465880008,14,2,1
10.107092919173954,2.150975146374165,0,17379.278498208194,3.6239758398229904,43.987506327558904,47,2,2
12.84928065897211,1.7197032050447534,0,110283.3105297347,3.6934740319319266,8.417255009128219,23,2,1
13.069528932373405,0.0013225199022592893,1,33217.6967627167,6.658828544204153,101.29465745812513,27,1,1
41.2686637573198,2.0442736464006126,0,7376.305983302414,9.140862800304307,81.25652248376706,9,2,2
17.396750847726324,0.9441073080587143,0,89300.05975496891,3.4354394040280187,73.10633796810822,24,2,0
26.06513482483299,3.4394725351429787,1,51728.3644323724,0.3710897826185757,109.65722866775519,30,2,2
10.236527050090157,3.1424992673717433,0,38758.22496312594,1.0165787517895821,73.88613257586888,20,0,1
12.68313865135412,1.014954834177052,0,55751.69378704119,9.988314659568694,74.00647348585714,69,2,1
40.233935278962775,1.3980514342166526,1,109557.96305637548,2.939430144993762,109.74804092369929,30,1,2
10.381713585048567,2.150975146374165,0,35311.95136614375,8.077664214451158,43.987506327558904,42,1,2
26.26308973491867,4.606003724797387,0,111958.49805097716,5.226440093434215,3.853357138972621,47,2,2
12.190382987546641,2.1562615906137053,1,69835.89475928113,1.959986610021864,47.15980089163001,82,1,2
20.054295201678762,0.9790070464599285,0,804.6581209823962,8.375595077761036,116.60319690797171,17,1,1
12.73305581830965,1.6979565959562395,0,89022.57730289783,0.15811851142189215,83.50314726152604,20,2,0
10.319691309930144,3.905761518448123,0,41793.853993149554,1.2481243405084166,6.282837927486504,37,0,2
23.516813535289728,0.0013225199022592893,1,33218.01112913392,4.797712307636345,93.55597532528839,29,1,1
10.725158155326259,0.0013225199022592893,1,32517.032384189453,4.797712307636345,77.31918065683412,24,1,1
17.355501723991154,1.4025841400158612,1,14235.307840126781,8.476768451299765,79.71786408699806,45,2,1
12.538758975976418,4.365504670542485,0,69119.33589568506,4.187381222968782,31.48496999227046,21,2,1
38.335210556158025,2.0376565001047373,1,45456.951408105524,8.783225093445807,79.63121292751885,10,1,1
10.734182570559469,3.600351982878129,0,95374.080473119,3.649283544717558,6.432751926931278,48,2,2
22.859476255940375,2.7610386997468956,0,42797.62723454033,3.869491504369933,114.53252568345533,18,1,1
48.90235614607517,3.280436758722019,0,82014.5870515245,4.1485767337244965,58.572846030373384,34,2,2
13.069528932373405,0.15338369811129626,1,32516.718017772237,6.161639322588261,92.73472127955402,27,1,2
49.91090339543803,3.280436758722019,0,93374.01505308787,4.1485767337244965,59.39409986865351,34,2,1
35.46951994685778,4.130582839417509,1,45456.951408105524,9.173449134495483,8.05853152764849,10,2,1
41.2686637573198,2.047098076923144,0,7376.305983302414,9.140862800304307,115.13673664681073,12,1,2
25.685443577508867,4.28352817048325,1,71407.16241826967,9.34762134874527,88.36045960918632,22,2,0
10.725158155326259,0.0013225199022592893,0,42860.81081968612,1.2105635623689819,77.57861644054435,28,0,1
20.007136685143568,3.021285607774669,0,707.0299037193981,9.970327332383436,116.60319690797171,26,1,1
25.374138438138147,3.0480110495123807,0,38758.22496312594,1.1966964993650278,118.01238184817946,20,0,1
36.71616415815892,2.0442736464006126,0,8451.055613794371,1.09013499000286,79.35673955766994,8,2,1
13.069528932373405,0.0013225199022592893,1,33218.04807804868,4.792496928919764,101.29465745812513,27,1,1
41.08253217696225,3.5179322934401505,1,118168.2794127373,2.8709853787984696,104.9951086970586,30,1,2
23.516813535289728,0.0013225199022592893,1,43679.00847844809,3.883916628108664,113.4753280449771,18,1,1
25.2297211353434,1.014954834177052,0,41833.233437591145,9.959416251930332,116.60319690797171,19,1,1
11.739509422408602,0.28189235300487114,1,43390.99668673868,4.797712307636345,93.55597532528839,26,2,1
12.727112386144789,2.1694086576818705,1,69835.89475928113,1.8591412898852948,81.57377503031009,20,1,2
10.709039512779382,2.150975146374165,0,13597.120586947598,8.077664214451158,41.21241637821838,42,2,1
38.24453115497423,2.29382240299344,0,42812.89922019426,0.8468081167182522,71.14186079339571,11,0,1
20.054295201678762,0.8621641668916146,0,804.6581209823962,8.375595077761036,82.69208102163255,9,2,1
17.69591997755751,3.1333313835896077,0,16888.152566242145,4.173606370124935,31.40780465880008,5,2,1
10.236527050090157,3.1424992673717433,1,32651.57366108441,4.744557288626102,73.62669679215867,43,1,1
13.069528932373405,0.0013225199022592893,1,33218.01112913392,4.797712307636345,93.55597532528839,19,1,1
10.27125458765427,3.3676752571532047,0,44859.293091977655,9.640926801492308,72.11029646861401,24,1,1
14.216459528363806,1.6979565959562395,1,88604.1760135496,9.179866523167416,73.18350303307034,13,2,1
13.069528932373405,0.0013225199022592893,1,33217.65981380193,6.6640439229198485,93.55597532528839,29,1,1
26.251265284773275,2.0208952782781977,1,7161.1967910233625,9.229471976871189,81.2816333100343,8,2,1
15.996852703769125,0.10337180669850565,1,32516.718017772237,6.161639322588261,92.73472127955402,27,1,2
30.858272726445513,2.7610386997468956,0,37330.578987105895,4.783287183897614,94.61281475074912,29,1,1
38.335210556158025,2.0376565001047373,1,13569.271158129137,8.783225093445807,83.64405681073688,10,1,1
12.196326419711504,1.6848095288880742,0,89022.57730289783,0.2608788589348112,49.08917311222491,82,2,0
10.491191423258657,0.0013225199022592893,1,25815.066443167125,4.745837277929551,77.83533381159185,26,1,2
32.644281743251184,2.201509518507722,1,1750.6103097593968,4.7921826190877255,83.51983560462132,8,2,1
13.069528932373405,0.0013225199022592893,1,32907.37214471654,9.239275085692137,93.55597532528839,26,1,1
