bandwidth,cruise_speed,firm_obstacle,illuminance,obstacle_distance,obstacle_size,power,quality,smoke_intensity
33.19629716743557,4.294945215058348,1,75991.17621857152,6.343406437485342,110.5420167729578,94,1,2
33.19629716743557,4.294945215058348,1,75991.17621857152,6.343406437485342,110.5420167729578,5,1,2
33.19629716743557,4.294945215058348,1,75991.17621857152,6.343406437485342,110.5420167729578,60,1,2
33.19629716743557,4.294945215058348,1,75991.17621857152,6.343406437485342,110.5420167729578,51,1,2
33.19629716743557,4.294945215058348,1,75991.17621857152,6.343406437485342,110.5420167729578,23,1,2
33.19629716743557,4.294945215058348,1,75991.17621857152,6.343406437485342,110.5420167729578,52,1,2
33.19629716743557,4.294945215058348,1,75991.17621857152,6.343406437485342,110.5420167729578,66,1,2
33.19629716743557,4.294945215058348,1,75991.17621857152,6.343406437485342,110.5420167729578,26,1,2
33.19629716743557,4.294945215058348,1,75991.17621857152,6.343406437485342,110.5420167729578,57,1,2
33.19629716743557,4.294945215058348,1,75991.17621857152,6.343406437485342,110.5420167729578,13,1,2
33.19629716743557,4.294945215058348,1,75991.17621857152,6.343406437485342,110.5420167729578,93,1,2
33.19629716743557,4.294945215058348,1,75991.17621857152,6.343406437485342,110.5420167729578,2,1,2
33.19629716743557,4.294945215058348,1,75991.17621857152,6.343406437485342,110.5420167729578,42,1,2
33.19629716743557,4.294945215058348,1,75991.17621857152,6.343406437485342,110.5420167729578,39,1,2
33.19629716743557,4.294945215058348,1,75991.17621857152,6.343406437485342,110.5420167729578,6,1,2
33.19629716743557,4.294945215058348,1,75991.17621857152,6.343406437485342,110.5420167729578,38,1,2
33.19629716743557,4.294945215058348,1,75991.17621857152,6.343406437485342,110.5420167729578,62,1,2
33.19629716743557,4.294945215058348,1,75991.17621857152,6.343406437485342,110.5420167729578,2,1,2
33.19629716743557,4.294945215058348,1,75991.17621857152,6.343406437485342,110.5420167729578,0,1,2
33.19629716743557,4.294945215058348,1,75991.17621857152,6.343406437485342,110.5420167729578,24,1,2
33.19629716743557,4.294945215058348,1,75991.17621857152,6.343406437485342,110.5420167729578,13,1,2
33.19629716743557,4.294945215058348,1,75991.17621857152,6.343406437485342,110.5420167729578,79,1,2
33.19629716743557,4.294945215058348,1,75991.17621857152,6.343406437485342,110.5420167729578,12,1,2
33.19629716743557,4.294945215058348,1,75991.17621857152,6.343406437485342,110.5420167729578,62,1,2
33.19629716743557,4.294945215058348,1,75991.17621857152,6.343406437485342,110.5420167729578,82,1,2
33.19629716743557,4.294945215058348,1,75991.17621857152,6.343406437485342,110.5420167729578,99,1,2
33.19629716743557,4.294945215058348,1,75991.17621857152,6.343406437485342,110.5420167729578,12,1,2
33.19629716743557,4.294945215058348,1,75991.17621857152,6.343406437485342,110.5420167729578,86,1,2
33.19629716743557,4.294945215058348,1,75991.17621857152,6.343406437485342,110.5420167729578,99,1,2
33.19629716743557,4.294945215058348,1,75991.17621857152,6.343406437485342,110.5420167729578,63,1,2
43.50727813862067,0.9324604847558815,1,38186.781978513536,3.9125595231632895,53.810749482823816,33,2,1
43.50727813862067,4.209471306631599,1,38186.781978513536,3.9125595231632895,53.810749482823816,33,2,1
43.50727813862067,2.106265831699163,1,38186.781978513536,3.9125595231632895,53.810749482823816,33,2,1
43.50727813862067,0.14203257450310258,1,38186.781978513536,3.9125595231632895,53.810749482823816,33,2,1
43.50727813862067,4.761202043651775,1,38186.781978513536,3.9125595231632895,53.810749482823816,33,2,1
43.50727813862067,4.719168361586422,1,38186.781978513536,3.9125595231632895,53.810749482823816,33,2,1
43.50727813862067,1.6088462555566463,1,38186.781978513536,3.9125595231632895,53.810749482823816,33,2,1
43.50727813862067,2.467166856791903,1,38186.781978513536,3.9125595231632895,53.810749482823816,33,2,1
43.50727813862067,1.3638680409373116,1,38186.781978513536,3.9125595231632895,53.810749482823816,33,2,1
43.50727813862067,3.803849791453848,1,38186.781978513536,3.9125595231632895,53.810749482823816,33,2,1
43.50727813862067,4.858150983608583,1,38186.781978513536,3.9125595231632895,53.810749482823816,33,2,1
43.50727813862067,3.0435170748624563,1,38186.781978513536,3.9125595231632895,53.810749482823816,33,2,1
43.50727813862067,3.0684711050816067,1,38186.781978513536,3.9125595231632895,53.810749482823816,33,2,1
43.50727813862067,1.1571992625495637,1,38186.781978513536,3.9125595231632895,53.810749482823816,33,2,1
43.50727813862067,1.3404697775517733,1,38186.781978513536,3.9125595231632895,53.810749482823816,33,2,1
43.50727813862067,1.906971773125009,1,38186.781978513536,3.9125595231632895,53.810749482823816,33,2,1
43.50727813862067,2.844292634901204,1,38186.781978513536,3.9125595231632895,53.810749482823816,33,2,1
43.50727813862067,3.6625834379559667,1,38186.781978513536,3.9125595231632895,53.810749482823816,33,2,1
43.50727813862067,0.23556939042588654,1,38186.781978513536,3.9125595231632895,53.810749482823816,33,2,1
43.50727813862067,2.807317099638984,1,38186.781978513536,3.9125595231632895,53.810749482823816,33,2,1
43.50727813862067,4.830593357440097,1,38186.781978513536,3.9125595231632895,53.810749482823816,33,2,1
43.50727813862067,1.0941130442820057,1,38186.781978513536,3.9125595231632895,53.810749482823816,33,2,1
43.50727813862067,2.0878507663113046,1,38186.781978513536,3.9125595231632895,53.810749482823816,33,2,1
43.50727813862067,0.21618819219758056,1,38186.781978513536,3.9125595231632895,53.810749482823816,33,2,1
43.50727813862067,3.964492007720337,1,38186.781978513536,3.9125595231632895,53.810749482823816,33,2,1
43.50727813862067,0.804380193321807,1,38186.781978513536,3.9125595231632895,53.810749482823816,33,2,1
43.50727813862067,3.292151604558768,1,38186.781978513536,3.9125595231632895,53.810749482823816,33,2,1
43.50727813862067,1.1819481258492743,1,38186.781978513536,3.9125595231632895,53.810749482823816,33,2,1
43.50727813862067,4.725807246814497,1,38186.781978513536,3.9125595231632895,53.810749482823816,33,2,1
43.50727813862067,4.367191014835992,1,38186.781978513536,3.9125595231632895,53.810749482823816,33,2,1
31.7824207964178,3.740354909564388,1,13837.492623860475,7.463688115833302,93.70922076554486,23,2,1
35.71748601941948,3.740354909564388,1,13837.492623860475,7.463688115833302,93.70922076554486,23,2,1
43.382310094285465,3.740354909564388,1,13837.492623860475,7.463688115833302,93.70922076554486,23,2,1
17.25681504622554,3.740354909564388,1,13837.492623860475,7.463688115833302,93.70922076554486,23,2,1
17.297925312746074,3.740354909564388,1,13837.492623860475,7.463688115833302,93.70922076554486,23,2,1
11.767269799694677,3.740354909564388,1,13837.492623860475,7.463688115833302,93.70922076554486,23,2,1
30.289753346817314,3.740354909564388,1,13837.492623860475,7.463688115833302,93.70922076554486,23,2,1
28.474116009558518,3.740354909564388,1,13837.492623860475,7.463688115833302,93.70922076554486,23,2,1
18.016786448281103,3.740354909564388,1,13837.492623860475,7.463688115833302,93.70922076554486,23,2,1
46.27089696075444,3.740354909564388,1,13837.492623860475,7.463688115833302,93.70922076554486,23,2,1
48.51377908692372,3.740354909564388,1,13837.492623860475,7.463688115833302,93.70922076554486,23,2,1
49.7447478774843,3.740354909564388,1,13837.492623860475,7.463688115833302,93.70922076554486,23,2,1
44.88461365226674,3.740354909564388,1,13837.492623860475,7.463688115833302,93.70922076554486,23,2,1
28.14947339481045,3.740354909564388,1,13837.492623860475,7.463688115833302,93.70922076554486,23,2,1
22.128893514750587,3.740354909564388,1,13837.492623860475,7.463688115833302,93.70922076554486,23,2,1
29.623780779777604,3.740354909564388,1,13837.492623860475,7.463688115833302,93.70922076554486,23,2,1
14.616215828954164,3.740354909564388,1,13837.492623860475,7.463688115833302,93.70922076554486,23,2,1
12.974423478413538,3.740354909564388,1,13837.492623860475,7.463688115833302,93.70922076554486,23,2,1
22.586689770283748,3.740354909564388,1,13837.492623860475,7.463688115833302,93.70922076554486,23,2,1
30.71740244306737,3.740354909564388,1,13837.492623860475,7.463688115833302,93.70922076554486,23,2,1
15.693201068535888,3.740354909564388,1,13837.492623860475,7.463688115833302,93.70922076554486,23,2,1
49.06010204821818,3.740354909564388,1,13837.492623860475,7.463688115833302,93.70922076554486,23,2,1
12.79330109930996,3.740354909564388,1,13837.492623860475,7.463688115833302,93.70922076554486,23,2,1
21.418582778977505,3.740354909564388,1,13837.492623860475,7.463688115833302,93.70922076554486,23,2,1
40.427211445005256,3.740354909564388,1,13837.492623860475,7.463688115833302,93.70922076554486,23,2,1
16.698274139640166,3.740354909564388,1,13837.492623860475,7.463688115833302,93.70922076554486,23,2,1
16.54465232062416,3.740354909564388,1,13837.492623860475,7.463688115833302,93.70922076554486,23,2,1
19.81539025814509,3.740354909564388,1,13837.492623860475,7.463688115833302,93.70922076554486,23,2,1
14.09436315871844,3.740354909564388,1,13837.492623860475,7.463688115833302,93.70922076554486,23,2,1
32.43297043224088,3.740354909564388,1,13837.492623860475,7.463688115833302,93.70922076554486,23,2,1
34.8560097083625,4.430742744721306,0,56665.918517874496,5.274811848590053,65.6632389332434,95,1,0
34.8560097083625,4.430742744721306,0,56665.918517874496,5.274811848590053,65.6632389332434,95,1,0
34.8560097083625,4.430742744721306,0,56665.918517874496,5.274811848590053,65.6632389332434,95,0,0
34.8560097083625,4.430742744721306,0,56665.918517874496,5.274811848590053,65.6632389332434,95,1,0
34.8560097083625,4.430742744721306,0,56665.918517874496,5.274811848590053,65.6632389332434,95,0,0
34.8560097083625,4.430742744721306,0,56665.918517874496,5.274811848590053,65.6632389332434,95,2,0
34.8560097083625,4.430742744721306,0,56665.918517874496,5.274811848590053,65.6632389332434,95,2,0
34.8560097083625,4.430742744721306,0,56665.918517874496,5.274811848590053,65.6632389332434,95,1,0
34.8560097083625,4.430742744721306,0,56665.918517874496,5.274811848590053,65.6632389332434,95,2,0
34.8560097083625,4.430742744721306,0,56665.918517874496,5.274811848590053,65.6632389332434,95,1,0
34.8560097083625,4.430742744721306,0,56665.918517874496,5.274811848590053,65.6632389332434,95,1,0
34.8560097083625,4.430742744721306,0,56665.918517874496,5.274811848590053,65.6632389332434,95,2,0
34.8560097083625,4.430742744721306,0,56665.918517874496,5.274811848590053,65.6632389332434,95,2,0
34.8560097083625,4.430742744721306,0,56665.918517874496,5.274811848590053,65.6632389332434,95,0,0
34.8560097083625,4.430742744721306,0,56665.918517874496,5.274811848590053,65.6632389332434,95,2,0
34.8560097083625,4.430742744721306,0,56665.918517874496,5.274811848590053,65.6632389332434,95,1,0
34.8560097083625,4.430742744721306,0,56665.918517874496,5.274811848590053,65.6632389332434,95,0,0
34.8560097083625,4.430742744721306,0,56665.918517874496,5.274811848590053,65.6632389332434,95,2,0
34.8560097083625,4.430742744721306,0,56665.918517874496,5.274811848590053,65.6632389332434,95,2,0
34.8560097083625,4.430742744721306,0,56665.918517874496,5.274811848590053,65.6632389332434,95,1,0
34.8560097083625,4.430742744721306,0,56665.918517874496,5.274811848590053,65.6632389332434,95,1,0
34.8560097083625,4.430742744721306,0,56665.918517874496,5.274811848590053,65.6632389332434,95,1,0
34.8560097083625,4.430742744721306,0,56665.918517874496,5.274811848590053,65.6632389332434,95,1,0
34.8560097083625,4.430742744721306,0,56665.918517874496,5.274811848590053,65.6632389332434,95,1,0
34.8560097083625,4.430742744721306,0,56665.918517874496,5.274811848590053,65.6632389332434,95,1,0
34.8560097083625,4.430742744721306,0,56665.918517874496,5.274811848590053,65.6632389332434,95,1,0
34.8560097083625,4.430742744721306,0,56665.918517874496,5.274811848590053,65.6632389332434,95,1,0
34.8560097083625,4.430742744721306,0,56665.918517874496,5.274811848590053,65.6632389332434,95,0,0
34.8560097083625,4.430742744721306,0,56665.918517874496,5.274811848590053,65.6632389332434,95,1,0
34.8560097083625,4.430742744721306,0,56665.918517874496,5.274811848590053,65.6632389332434,95,2,0
12.333021919773346,1.914560270528383,0,64085.62586022361,9.427862326723652,98.0215938570085,35,0,1
12.333021919773346,1.914560270528383,0,58084.01265519489,9.427862326723652,98.0215938570085,35,0,1
12.333021919773346,1.914560270528383,0,16547.800207420645,9.427862326723652,98.0215938570085,35,0,1
12.333021919773346,1.914560270528383,0,73792.64443360532,9.427862326723652,98.0215938570085,35,0,1
12.333021919773346,1.914560270528383,0,57194.33886995194,9.427862326723652,98.0215938570085,35,0,1
12.333021919773346,1.914560270528383,0,98529.22678588712,9.427862326723652,98.0215938570085,35,0,1
12.333021919773346,1.914560270528383,0,24448.945170472904,9.427862326723652,98.0215938570085,35,0,1
12.333021919773346,1.914560270528383,0,18129.039663446663,9.427862326723652,98.0215938570085,35,0,1
12.333021919773346,1.914560270528383,0,2561.651329028987,9.427862326723652,98.0215938570085,35,0,1
12.333021919773346,1.914560270528383,0,119270.74983391337,9.427862326723652,98.0215938570085,35,0,1
12.333021919773346,1.914560270528383,0,100483.40786356741,9.427862326723652,98.0215938570085,35,0,1
12.333021919773346,1.914560270528383,0,105018.77797740324,9.427862326723652,98.0215938570085,35,0,1
12.333021919773346,1.914560270528383,0,26517.026331631663,9.427862326723652,98.0215938570085,35,0,1
12.333021919773346,1.914560270528383,0,8495.650725338792,9.427862326723652,98.0215938570085,35,0,1
12.333021919773346,1.914560270528383,0,115857.00012663662,9.427862326723652,98.0215938570085,35,0,1
12.333021919773346,1.914560270528383,0,100433.1793896998,9.427862326723652,98.0215938570085,35,0,1
12.333021919773346,1.914560270528383,0,89041.73851464552,9.427862326723652,98.0215938570085,35,0,1
12.333021919773346,1.914560270528383,0,65647.04511853667,9.427862326723652,98.0215938570085,35,0,1
12.333021919773346,1.914560270528383,0,78520.35518797959,9.427862326723652,98.0215938570085,35,0,1
12.333021919773346,1.914560270528383,0,91889.54058399388,9.427862326723652,98.0215938570085,35,0,1
12.333021919773346,1.914560270528383,0,64801.91523048999,9.427862326723652,98.0215938570085,35,0,1
12.333021919773346,1.914560270528383,0,84916.67395267892,9.427862326723652,98.0215938570085,35,0,1
12.333021919773346,1.914560270528383,0,23334.084265744612,9.427862326723652,98.0215938570085,35,0,1
12.333021919773346,1.914560270528383,0,67239.71147897496,9.427862326723652,98.0215938570085,35,0,1
12.333021919773346,1.914560270528383,0,84785.58657561056,9.427862326723652,98.0215938570085,35,0,1
12.333021919773346,1.914560270528383,0,19568.009701763156,9.427862326723652,98.0215938570085,35,0,1
12.333021919773346,1.914560270528383,0,34729.77880777921,9.427862326723652,98.0215938570085,35,0,1
12.333021919773346,1.914560270528383,0,4292.14433013636,9.427862326723652,98.0215938570085,35,0,1
12.333021919773346,1.914560270528383,0,99686.11535475565,9.427862326723652,98.0215938570085,35,0,1
12.333021919773346,1.914560270528383,0,28284.54893825526,9.427862326723652,98.0215938570085,35,0,1
39.985218641147945,1.763381349666876,0,92739.8460060236,1.4896652531109045,118.173963806455,8,1,0
39.985218641147945,1.763381349666876,0,92739.8460060236,1.4896652531109045,118.173963806455,8,1,1
39.985218641147945,1.763381349666876,0,92739.8460060236,1.4896652531109045,118.173963806455,8,1,2
39.985218641147945,1.763381349666876,0,92739.8460060236,1.4896652531109045,118.173963806455,8,1,2
39.985218641147945,1.763381349666876,0,92739.8460060236,1.4896652531109045,118.173963806455,8,1,1
39.985218641147945,1.763381349666876,0,92739.8460060236,1.4896652531109045,118.173963806455,8,1,0
39.985218641147945,1.763381349666876,0,92739.8460060236,1.4896652531109045,118.173963806455,8,1,2
39.985218641147945,1.763381349666876,0,92739.8460060236,1.4896652531109045,118.173963806455,8,1,0
39.985218641147945,1.763381349666876,0,92739.8460060236,1.4896652531109045,118.173963806455,8,1,1
39.985218641147945,1.763381349666876,0,92739.8460060236,1.4896652531109045,118.173963806455,8,1,2
39.985218641147945,1.763381349666876,0,92739.8460060236,1.4896652531109045,118.173963806455,8,1,1
39.985218641147945,1.763381349666876,0,92739.8460060236,1.4896652531109045,118.173963806455,8,1,2
39.985218641147945,1.763381349666876,0,92739.8460060236,1.4896652531109045,118.173963806455,8,1,1
39.985218641147945,1.763381349666876,0,92739.8460060236,1.4896652531109045,118.173963806455,8,1,1
39.985218641147945,1.763381349666876,0,92739.8460060236,1.4896652531109045,118.173963806455,8,1,1
39.985218641147945,1.763381349666876,0,92739.8460060236,1.4896652531109045,118.173963806455,8,1,0
39.985218641147945,1.763381349666876,0,92739.8460060236,1.4896652531109045,118.173963806455,8,1,2
39.985218641147945,1.763381349666876,0,92739.8460060236,1.4896652531109045,118.173963806455,8,1,1
39.985218641147945,1.763381349666876,0,92739.8460060236,1.4896652531109045,118.173963806455,8,1,2
39.985218641147945,1.763381349666876,0,92739.8460060236,1.4896652531109045,118.173963806455,8,1,2
39.985218641147945,1.763381349666876,0,92739.8460060236,1.4896652531109045,118.173963806455,8,1,0
39.985218641147945,1.763381349666876,0,92739.8460060236,1.4896652531109045,118.173963806455,8,1,1
39.985218641147945,1.763381349666876,0,92739.8460060236,1.4896652531109045,118.173963806455,8,1,2
39.985218641147945,1.763381349666876,0,92739.8460060236,1.4896652531109045,118.173963806455,8,1,0
39.985218641147945,1.763381349666876,0,92739.8460060236,1.4896652531109045,118.173963806455,8,1,1
39.985218641147945,1.763381349666876,0,92739.8460060236,1.4896652531109045,118.173963806455,8,1,1
39.985218641147945,1.763381349666876,0,92739.8460060236,1.4896652531109045,118.173963806455,8,1,1
39.985218641147945,1.763381349666876,0,92739.8460060236,1.4896652531109045,118.173963806455,8,1,1
39.985218641147945,1.763381349666876,0,92739.8460060236,1.4896652531109045,118.173963806455,8,1,2
39.985218641147945,1.763381349666876,0,92739.8460060236,1.4896652531109045,118.173963806455,8,1,2
42.083197286573906,4.852953789239163,1,16009.372946969754,6.62800919029795,73.57969978557779,39,1,1
42.083197286573906,4.852953789239163,1,16009.372946969754,6.62800919029795,72.06663645135409,39,1,1
42.083197286573906,4.852953789239163,1,16009.372946969754,6.62800919029795,74.05364074235118,39,1,1
42.083197286573906,4.852953789239163,1,16009.372946969754,6.62800919029795,32.28449296161256,39,1,1
42.083197286573906,4.852953789239163,1,16009.372946969754,6.62800919029795,41.406135862256164,39,1,1
42.083197286573906,4.852953789239163,1,16009.372946969754,6.62800919029795,38.4935545825699,39,1,1
42.083197286573906,4.852953789239163,1,16009.372946969754,6.62800919029795,31.073460521009295,39,1,1
42.083197286573906,4.852953789239163,1,16009.372946969754,6.62800919029795,69.61677490692676,39,1,1
42.083197286573906,4.852953789239163,1,16009.372946969754,6.62800919029795,111.58126217379348,39,1,1
42.083197286573906,4.852953789239163,1,16009.372946969754,6.62800919029795,65.50665618089931,39,1,1
42.083197286573906,4.852953789239163,1,16009.372946969754,6.62800919029795,32.82487028906685,39,1,1
42.083197286573906,4.852953789239163,1,16009.372946969754,6.62800919029795,78.65778467199574,39,1,1
42.083197286573906,4.852953789239163,1,16009.372946969754,6.62800919029795,67.45917878636672,39,1,1
42.083197286573906,4.852953789239163,1,16009.372946969754,6.62800919029795,0.5926776929942301,39,1,1
42.083197286573906,4.852953789239163,1,16009.372946969754,6.62800919029795,25.40662568185992,39,1,1
42.083197286573906,4.852953789239163,1,16009.372946969754,6.62800919029795,13.416519140148031,39,1,1
42.083197286573906,4.852953789239163,1,16009.372946969754,6.62800919029795,96.56129489131591,39,1,1
42.083197286573906,4.852953789239163,1,16009.372946969754,6.62800919029795,39.675699544067335,39,1,1
42.083197286573906,4.852953789239163,1,16009.372946969754,6.62800919029795,109.55177674416149,39,1,1
42.083197286573906,4.852953789239163,1,16009.372946969754,6.62800919029795,30.46850453848988,39,1,1
42.083197286573906,4.852953789239163,1,16009.372946969754,6.62800919029795,59.983360204869676,39,1,1
42.083197286573906,4.852953789239163,1,16009.372946969754,6.62800919029795,56.72603409821062,39,1,1
42.083197286573906,4.852953789239163,1,16009.372946969754,6.62800919029795,80.08375916907714,39,1,1
42.083197286573906,4.852953789239163,1,16009.372946969754,6.62800919029795,31.197172362108674,39,1,1
42.083197286573906,4.852953789239163,1,16009.372946969754,6.62800919029795,30.317807404664272,39,1,1
42.083197286573906,4.852953789239163,1,16009.372946969754,6.62800919029795,95.17172654150336,39,1,1
42.083197286573906,4.852953789239163,1,16009.372946969754,6.62800919029795,24.015139194546368,39,1,1
42.083197286573906,4.852953789239163,1,16009.372946969754,6.62800919029795,89.68267181624238,39,1,1
42.083197286573906,4.852953789239163,1,16009.372946969754,6.62800919029795,31.11998070984583,39,1,1
42.083197286573906,4.852953789239163,1,16009.372946969754,6.62800919029795,0.0770349946079163,39,1,1
34.025458203322636,2.882565245277284,1,30912.68294435586,3.7082454548828423,105.9359796064639,52,0,0
34.025458203322636,2.882565245277284,1,30912.68294435586,2.4523394544707555,105.9359796064639,52,0,0
34.025458203322636,2.882565245277284,1,30912.68294435586,4.4417884335627855,105.9359796064639,52,0,0
34.025458203322636,2.882565245277284,1,30912.68294435586,2.1765950787826363,105.9359796064639,52,0,0
34.025458203322636,2.882565245277284,1,30912.68294435586,5.776300038390136,105.9359796064639,52,0,0
34.025458203322636,2.882565245277284,1,30912.68294435586,5.402533321407315,105.9359796064639,52,0,0
34.025458203322636,2.882565245277284,1,30912.68294435586,8.051295709531193,105.9359796064639,52,0,0
34.025458203322636,2.882565245277284,1,30912.68294435586,7.026187829066366,105.9359796064639,52,0,0
34.025458203322636,2.882565245277284,1,30912.68294435586,6.766052563703351,105.9359796064639,52,0,0
34.025458203322636,2.882565245277284,1,30912.68294435586,6.286125119451168,105.9359796064639,52,0,0
34.025458203322636,2.882565245277284,1,30912.68294435586,1.9646651318415376,105.9359796064639,52,0,0
34.025458203322636,2.882565245277284,1,30912.68294435586,9.272591875757769,105.9359796064639,52,0,0
34.025458203322636,2.882565245277284,1,30912.68294435586,5.610520445270427,105.9359796064639,52,0,0
34.025458203322636,2.882565245277284,1,30912.68294435586,2.890015455340361,105.9359796064639,52,0,0
34.025458203322636,2.882565245277284,1,30912.68294435586,7.91627014089157,105.9359796064639,52,0,0
34.025458203322636,2.882565245277284,1,30912.68294435586,5.895637911607502,105.9359796064639,52,0,0
34.025458203322636,2.882565245277284,1,30912.68294435586,6.2269220238167,105.9359796064639,52,0,0
34.025458203322636,2.882565245277284,1,30912.68294435586,4.9267798625995525,105.9359796064639,52,0,0
34.025458203322636,2.882565245277284,1,30912.68294435586,3.0237295388050143,105.9359796064639,52,0,0
34.025458203322636,2.882565245277284,1,30912.68294435586,7.7675715988953575,105.9359796064639,52,0,0
34.025458203322636,2.882565245277284,1,30912.68294435586,8.250237434854016,105.9359796064639,52,0,0
34.025458203322636,2.882565245277284,1,30912.68294435586,9.692962447593498,105.9359796064639,52,0,0
34.025458203322636,2.882565245277284,1,30912.68294435586,6.966465782731126,105.9359796064639,52,0,0
34.025458203322636,2.882565245277284,1,30912.68294435586,1.9979958348039006,105.9359796064639,52,0,0
34.025458203322636,2.882565245277284,1,30912.68294435586,9.437856156947426,105.9359796064639,52,0,0
34.025458203322636,2.882565245277284,1,30912.68294435586,4.853142312973539,105.9359796064639,52,0,0
34.025458203322636,2.882565245277284,1,30912.68294435586,2.074904308870258,105.9359796064639,52,0,0
34.025458203322636,2.882565245277284,1,30912.68294435586,5.5298315688471735,105.9359796064639,52,0,0
34.025458203322636,2.882565245277284,1,30912.68294435586,7.086106737592618,105.9359796064639,52,0,0
34.025458203322636,2.882565245277284,1,30912.68294435586,8.40798038215941,105.9359796064639,52,0,0
41.319860407961436,2.765250665472385,1,21725.306071569394,1.298733927298501,41.6960025858489,45,2,2
41.319860407961436,2.765250665472385,0,21725.306071569394,1.298733927298501,41.6960025858489,45,2,2
41.319860407961436,2.765250665472385,1,21725.306071569394,1.298733927298501,41.6960025858489,45,2,2
41.319860407961436,2.765250665472385,0,21725.306071569394,1.298733927298501,41.6960025858489,45,2,2
41.319860407961436,2.765250665472385,1,21725.306071569394,1.298733927298501,41.6960025858489,45,2,2
41.319860407961436,2.765250665472385,0,21725.306071569394,1.298733927298501,41.6960025858489,45,2,2
41.319860407961436,2.765250665472385,1,21725.306071569394,1.298733927298501,41.6960025858489,45,2,2
41.319860407961436,2.765250665472385,1,21725.306071569394,1.298733927298501,41.6960025858489,45,2,2
41.319860407961436,2.765250665472385,0,21725.306071569394,1.298733927298501,41.6960025858489,45,2,2
41.319860407961436,2.765250665472385,0,21725.306071569394,1.298733927298501,41.6960025858489,45,2,2
41.319860407961436,2.765250665472385,1,21725.306071569394,1.298733927298501,41.6960025858489,45,2,2
41.319860407961436,2.765250665472385,0,21725.306071569394,1.298733927298501,41.6960025858489,45,2,2
41.319860407961436,2.765250665472385,0,21725.306071569394,1.298733927298501,41.6960025858489,45,2,2
41.319860407961436,2.765250665472385,0,21725.306071569394,1.298733927298501,41.6960025858489,45,2,2
41.319860407961436,2.765250665472385,1,21725.306071569394,1.298733927298501,41.6960025858489,45,2,2
41.319860407961436,2.765250665472385,0,21725.306071569394,1.298733927298501,41.6960025858489,45,2,2
41.319860407961436,2.765250665472385,1,21725.306071569394,1.298733927298501,41.6960025858489,45,2,2
41.319860407961436,2.765250665472385,1,21725.306071569394,1.298733927298501,41.6960025858489,45,2,2
41.319860407961436,2.765250665472385,0,21725.306071569394,1.298733927298501,41.6960025858489,45,2,2
41.319860407961436,2.765250665472385,1,21725.306071569394,1.298733927298501,41.6960025858489,45,2,2
41.319860407961436,2.765250665472385,1,21725.306071569394,1.298733927298501,41.6960025858489,45,2,2
41.319860407961436,2.765250665472385,1,21725.306071569394,1.298733927298501,41.6960025858489,45,2,2
41.319860407961436,2.765250665472385,1,21725.306071569394,1.298733927298501,41.6960025858489,45,2,2
41.319860407961436,2.765250665472385,1,21725.306071569394,1.298733927298501,41.6960025858489,45,2,2
41.319860407961436,2.765250665472385,1,21725.306071569394,1.298733927298501,41.6960025858489,45,2,2
41.319860407961436,2.765250665472385,0,21725.306071569394,1.298733927298501,41.6960025858489,45,2,2
41.319860407961436,2.765250665472385,0,21725.306071569394,1.298733927298501,41.6960025858489,45,2,2
41.319860407961436,2.765250665472385,1,21725.306071569394,1.298733927298501,41.6960025858489,45,2,2
41.319860407961436,2.765250665472385,0,21725.306071569394,1.298733927298501,41.6960025858489,45,2,2
41.319860407961436,2.765250665472385,0,21725.306071569394,1.298733927298501,41.6960025858489,45,2,2
31.7824207964178,0.9324604847558815,1,64085.62586022361,3.7082454548828423,73.57969978557779,94,1,0
35.71748601941948,4.209471306631599,0,58084.01265519489,2.4523394544707555,72.06663645135409,5,1,1
43.382310094285465,2.106265831699163,1,16547.800207420645,4.4417884335627855,74.05364074235118,60,0,2
17.25681504622554,0.14203257450310258,0,73792.64443360532,2.1765950787826363,32.28449296161256,51,1,2
17.297925312746074,4.761202043651775,1,57194.33886995194,5.776300038390136,41.406135862256164,23,0,1
11.767269799694677,4.719168361586422,0,98529.22678588712,5.402533321407315,38.4935545825699,52,2,0
30.289753346817314,1.6088462555566463,1,24448.945170472904,8.051295709531193,31.073460521009295,66,2,2
28.474116009558518,2.467166856791903,1,18129.039663446663,7.026187829066366,69.61677490692676,26,1,0
18.016786448281103,1.3638680409373116,0,2561.651329028987,6.766052563703351,111.58126217379348,57,2,1
46.27089696075444,3.803849791453848,0,119270.74983391337,6.286125119451168,65.50665618089931,13,1,2
48.51377908692372,4.858150983608583,1,100483.40786356741,1.9646651318415376,32.82487028906685,93,1,1
49.7447478774843,3.0435170748624563,0,105018.77797740324,9.272591875757769,78.65778467199574,2,2,2
44.88461365226674,3.0684711050816067,0,26517.026331631663,5.610520445270427,67.45917878636672,42,2,1
28.14947339481045,1.1571992625495637,0,8495.650725338792,2.890015455340361,0.5926776929942301,39,0,1
22.128893514750587,1.3404697775517733,1,115857.00012663662,7.91627014089157,25.40662568185992,6,2,1
29.623780779777604,1.906971773125009,0,100433.1793896998,5.895637911607502,13.416519140148031,38,1,0
14.616215828954164,2.844292634901204,1,89041.73851464552,6.2269220238167,96.56129489131591,62,0,2
12.974423478413538,3.6625834379559667,1,65647.04511853667,4.9267798625995525,39.675699544067335,2,2,1
22.586689770283748,0.23556939042588654,0,78520.35518797959,3.0237295388050143,109.55177674416149,0,2,2
30.71740244306737,2.807317099638984,1,91889.54058399388,7.7675715988953575,30.46850453848988,24,1,2
15.693201068535888,4.830593357440097,1,64801.91523048999,8.250237434854016,59.983360204869676,13,1,0
49.06010204821818,1.0941130442820057,1,84916.67395267892,9.692962447593498,56.72603409821062,79,1,1
12.79330109930996,2.0878507663113046,1,23334.084265744612,6.966465782731126,80.08375916907714,12,1,2
21.418582778977505,0.21618819219758056,1,67239.71147897496,1.9979958348039006,31.197172362108674,62,1,0
40.427211445005256,3.964492007720337,1,84785.58657561056,9.437856156947426,30.317807404664272,82,1,1
16.698274139640166,0.804380193321807,0,19568.009701763156,4.853142312973539,95.17172654150336,99,1,1
16.54465232062416,3.292151604558768,0,34729.77880777921,2.074904308870258,24.015139194546368,12,1,1
19.81539025814509,1.1819481258492743,1,4292.14433013636,5.5298315688471735,89.68267181624238,86,0,1
14.09436315871844,4.725807246814497,0,99686.11535475565,7.086106737592618,31.11998070984583,99,1,2
32.43297043224088,4.367191014835992,0,28284.54893825526,8.40798038215941,0.0770349946079163,63,2,2
40.427211445005256,3.6909899045967896,1,84785.58657561056,9.957185135582488,30.317807404664272,82,1,1
21.865901365731244,0.21618819219758056,1,65223.413282544585,1.9979958348039006,31.197172362108674,62,2,0
30.71740244306737,2.807317099638984,1,91247.97713669043,5.951430025149648,30.46850453848988,26,1,2
25.00308163999777,2.114832855252425,0,79097.6987752734,3.0237295388050143,109.55177674416149,3,0,2
17.297925312746074,4.210447081704372,1,52989.06372210418,5.776300038390136,70.77122247381061,0,0,1
30.289753346817314,1.2771116697895817,1,24448.945170472904,8.32407322087504,31.073460521009295,68,2,2
12.246880719705,1.2012610504174182,1,4292.14433013636,5.401500280966471,89.68267181624238,86,0,1
49.06010204821818,1.0941130442820057,1,84916.67395267892,6.382592178387577,95.52562094434703,61,1,2
44.88461365226674,3.0684711050816067,0,26517.026331631663,5.610520445270427,74.3746533114363,42,2,2
15.292323629440347,3.2709745941710593,0,33857.347979955215,2.09015252952839,24.015139194546368,12,1,1
17.25681504622554,0.14203257450310258,0,77379.81693688667,1.7148892831186187,65.20905198019406,52,1,2
27.892285081667488,1.1575163640737482,1,114809.25797780644,7.8874306867002355,25.4108683646974,39,0,1
32.43297043224088,3.973558086695326,0,28284.54893825526,8.40798038215941,0.0770349946079163,63,2,0
12.974423478413538,3.5511828545958335,1,65647.04511853667,4.9267798625995525,39.675699544067335,26,1,1
14.09436315871844,4.705585564679509,0,99686.11535475565,7.086504911972517,30.38542002441374,99,1,2
48.52455859275658,4.858150983608583,1,100483.40786356741,1.6396351865848526,32.82487028906685,93,1,1
49.11169153961813,3.0435170748624563,0,107034.55375967009,9.272591875757769,78.65778467199574,2,1,2
29.623780779777604,2.467624584255119,0,101074.74283700014,7.690787885646555,13.416519140148031,63,1,0
40.965824689484535,0.6536361606409911,1,15972.247158094455,4.4417884335627855,74.05364074235118,57,2,2
35.71748601941948,4.760225869741081,0,57143.08804776648,2.4523394544707555,48.87531408635272,22,1,1
19.33610661711697,4.69458026407302,0,98803.38608303532,5.530864609288018,39.95476408818514,52,2,0
14.616215828954164,2.844292634901204,1,89041.73851464552,9.584273682291386,57.7617057234516,80,0,1
12.79330109930996,2.0878507663113046,1,23334.084265744612,6.966465782731126,80.08375916907714,12,1,1
18.016786448281103,1.3850450709635305,0,7710.090860945052,6.6141136888345775,111.40014911424996,57,2,1
46.27089696075444,3.803849791453848,0,115258.46433169086,6.747868420822753,35.14420420340598,25,1,2
22.38608182789406,1.3401526760275888,0,6428.691668158635,2.9188503376291917,0.7965016300055616,6,2,1
15.693201068535888,4.830593357440097,1,64801.91523048999,8.250237434854016,59.983360204869676,13,1,2
28.474116009558518,2.467166856791903,1,18129.039663446663,7.026187829066366,69.61677490692676,2,2,0
16.698274139640166,0.8171270686171708,0,19568.009701763156,4.852744138551268,95.90612678364542,99,1,1
14.616215828954164,2.844292634901204,1,66020.34062547055,6.2269220238167,96.56129489131591,62,1,2
30.71740244306737,2.807317099638984,1,90072.16168516263,5.951430025149648,30.46850453848988,26,1,2
35.195855878346904,4.760225869741081,0,57143.08804776648,2.4523394544707555,42.15358019881258,22,1,1
16.502114683595437,3.5511828545958335,1,35888.280523438145,4.9267798625995525,39.675699544067335,26,1,1
15.774461965692446,1.3401526760275888,1,6428.691668158635,2.817027630270251,59.18244977746264,6,1,1
13.558850543933975,1.1812775374346407,1,4292.14433013636,9.51189826144413,89.68267181624238,86,0,1
22.586689770283748,0.23556939042588654,0,78520.35518797959,3.0237295388050143,109.55177674416149,0,1,1
30.289753346817314,1.1928739009261367,0,100055.06642317923,8.306500825828687,31.073460521009295,68,1,2
33.445451022721166,4.210447081704372,0,58050.65135205537,5.744051677426833,72.06527976068463,7,1,1
27.817831906035355,4.849652769582683,1,21166.130723591203,8.258055791571456,60.094039234928005,2,1,0
17.21864160811027,2.0878507663113046,1,23334.084265744612,6.966465782731126,84.35840725025422,12,1,2
25.619012781691392,1.7939021587852997,0,79135.4894624567,3.0345152010531082,39.63064667247537,1,0,2
43.27872561219676,2.106265831699163,1,16547.800207420645,4.4417884335627855,27.261962896565244,38,0,2
12.54220529844472,1.3556357447997773,0,7710.090860945052,6.629776883154302,113.35127809078652,5,2,1
34.52483375106866,2.797223528873828,0,25922.213048411162,7.8289300447209556,28.495577491367563,25,2,2
29.272810181200917,0.08104149135809391,1,18129.039663446663,7.026187829066366,69.61677490692676,26,1,0
17.297925312746074,4.761202043651775,1,55396.44572863716,5.776300038390136,41.406135862256164,23,0,1
12.80078624269046,3.2524394942636112,0,64488.54340583319,2.7300976712610114,24.015139194546368,12,1,1
21.789503174449802,4.830593357440097,0,63271.41521411505,8.250237434854016,2.3010458179705147,13,2,0
17.99295220962062,0.9230986568380326,1,4292.14433013636,5.531247377065166,100.86809290210485,86,0,1
15.292323629440347,3.2709745941710593,0,33857.347979955215,2.09015252952839,24.015139194546368,12,2,2
14.09436315871844,4.776059120152465,1,24078.938250087835,7.104077307004185,30.38542002441374,99,2,2
16.82817141523936,4.209471306631599,1,53022.425025243705,2.484587840949162,70.77257916448008,5,0,1
15.693201068535888,2.5346069088549963,1,65387.51312674483,7.0183694723373105,69.50609587686844,13,2,2
28.14947339481045,1.1571992625495637,0,8495.650725338792,2.890015455340361,0.5926776929942301,41,0,1
12.974423478413538,3.8939368423291016,1,65609.25443135337,4.9267798625995525,109.57959306235128,2,2,1
27.892285081667488,1.1575163640737482,1,114809.25797780644,7.8874306867002355,75.23065992552421,63,0,1
18.267888324041845,2.117260092475645,1,23334.084265744612,6.9508025884114,80.08375916907714,57,1,1
44.884917368585896,3.0785646758467626,1,92484.4000599035,5.549161997242334,69.43210683337729,41,1,1
21.865901365731244,2.6366505166974115,1,65223.413282544585,1.8106678430354561,31.197172362108674,62,2,0
12.974423478413538,3.6625834379559667,1,65647.04511853667,4.9267798625995525,39.04375973782678,2,2,2
35.13930867874541,4.210447081704372,1,52989.06372210418,5.987005705720997,70.82730915298146,6,0,1
28.474116009558518,2.430176627018032,1,18129.039663446663,4.752194344663103,69.61677490692676,26,1,0
17.297925312746074,4.761202043651775,1,47828.56472202981,5.776300038390136,41.406135862256164,23,0,1
12.07247205035494,2.0736169231429797,1,21052.7385770228,6.908394529564934,80.20774452874744,12,1,1
28.14947339481045,1.1571992625495637,1,8495.650725338792,2.890015455340361,0.15531123560843518,39,0,1
28.474116009558518,2.469425406771565,1,15082.06687976646,1.6884952516643401,69.61677490692676,2,2,0
15.292323629440347,3.37863226812334,0,34459.1031644737,2.757220235531947,21.569982579560403,12,1,1
12.974423478413538,4.8042813953641215,1,65647.04511853667,4.9267798625995525,39.04375973782678,2,2,2
12.974423478413538,3.2866337917399013,1,65647.04511853667,4.9267798625995525,38.151890937825584,1,2,1
12.830222071339458,3.2524394942636112,0,64787.04601333873,1.7823114260806663,24.015139194546368,16,1,1
22.34316570518873,2.148999056571057,0,63271.41521411505,8.255744883549413,13.496323596777884,12,1,0
22.589180758033173,1.394925962436376,1,21166.130723591203,8.258055791571456,1.2590285441320468,2,2,0
12.974423478413538,4.203645742543142,1,53164.35152589661,4.9267798625995525,72.00714073765172,2,0,1
43.27872561219676,2.1010441376154443,1,16455.08462095681,4.726914354569409,27.261962896565244,7,0,1
17.21864160811027,1.7375684952412631,1,88208.37554010804,6.966465782731126,30.322100802463037,12,1,2
17.721772869583262,4.210447081704372,0,58050.65135205537,5.744051677426833,72.00919308151379,7,1,1
16.502114683595437,4.0874035915611895,1,35888.280523438145,7.200773346607889,32.283589413696035,30,1,1
22.656474950751985,2.325779216725067,1,65387.51312674483,7.0183694723373105,69.50609587686844,13,2,2
30.71740244306737,2.807317099638984,1,94171.83624906259,9.130256907351798,30.344521442586306,24,1,2
11.754982735578588,3.5511828545958335,0,65647.04511853667,4.9267798625995525,39.675699544067335,26,1,1
15.292323629440347,3.2687160441913647,0,33857.347979955215,7.4279433597664175,24.733959503111937,12,2,2
22.586689770283748,0.4542793870493307,0,77918.6002352429,3.1350947140071384,111.84043360723635,0,1,1
17.297925312746074,3.619175022225723,1,55396.44572863716,5.776300038390136,41.406135862256164,23,0,1
16.54465232062416,3.650479616841714,0,34729.77880777921,2.074904308870258,24.015139194546368,12,1,1
15.663765241334106,4.830593357440097,1,64503.41262298445,9.188605274532245,59.983360204869676,13,1,0
18.64326736871356,4.576229284734506,1,23334.084265744612,6.960958334016772,80.08375916907714,13,2,2
27.61473297589633,4.7796441502046205,0,6428.691668158635,2.6951427695575934,60.40924972361818,6,1,1
16.82817141523936,3.899762406417556,1,65467.32793070047,2.196734012707581,108.34444624898283,5,2,1
13.352037518456118,1.3453743701117271,1,6521.407583400826,2.5319017095975194,34.25183270696435,52,1,2
29.880628313764355,2.807317099638984,1,26373.859735472946,5.951430025149648,84.5048151319953,26,1,2
30.71740244306737,2.975123246853546,1,36811.46670308942,7.7675715988953575,40.17409185819245,24,1,1
12.971999470559588,2.0878507663113046,1,23334.084265744612,4.760958553271749,37.93270515777134,21,1,1
28.19850172026277,4.576229284734506,1,23334.084265744612,6.893978087534471,80.08375916907714,13,0,2
15.794536100647097,1.2971801145193036,1,57194.33886995194,5.844638277114602,58.910004499270464,23,0,1
22.50898784684106,0.23556939042588654,0,78520.35518797959,3.102089502057178,61.630397909895194,0,1,0
15.693201068535888,4.830593357440097,1,64801.91523048999,8.250237434854016,108.42054263212239,14,2,0
28.474116009558518,4.733323512720929,1,18129.039663446663,6.983301417626113,69.61677490692676,2,0,0
12.827111525860609,4.210447081704372,1,52989.06372210418,6.560237528955249,70.77122247381061,0,0,1
12.07247205035494,2.074573572363393,1,20979.426337484638,6.908394529564934,79.29777245248415,39,0,1
12.946293052693214,3.8939368423291016,1,17851.24861336182,4.9267798625995525,109.57959306235128,27,1,1
17.30896136627272,4.761202043651775,1,55396.44572863716,6.222539840807863,33.18172559864195,3,0,1
28.474116009558518,2.393962634386486,1,49450.307636267404,6.77572041068327,72.12459334886147,26,1,0
27.61473297589633,4.6169519688051075,0,4962.627347267346,2.6951427695575934,28.17054645417024,6,1,1
15.663765241334106,4.417210267837142,1,64503.41262298445,5.72264775875263,72.08570827716692,13,1,0
22.38608182789406,1.332801948465282,0,6428.691668158635,2.9188503376291917,0.7965016300055616,6,2,0
16.502114683595437,3.5511828545958335,1,90966.34347499534,3.8890586674120096,29.970112224364787,26,1,2
12.79572510716391,3.2866337917399013,1,65647.04511853667,7.1322870918560355,80.30294497032625,0,2,1
18.5942390561041,1.1571992625495637,0,8495.650725338792,2.956995718704836,0.5926776929942301,39,2,1
17.277851177791423,4.66853164887212,1,6428.691668158635,2.748689397383981,53.31619543977386,6,1,1
24.588871288397026,4.692760785084644,1,21983.291396854514,8.198777978171991,108.01283777736583,2,1,1
16.82817141523936,3.899762406417556,1,65467.32793070047,2.196734012707581,56.985981939643175,5,1,1
17.297925312746074,2.493326598521117,1,47828.56472202981,6.058731048090801,41.406135862256164,23,2,1
17.21864160811027,2.0878507663113046,1,28892.25626817876,6.422734728412217,84.35840725025422,12,1,2
43.27872561219676,2.1053091824787495,1,16621.112446958807,4.19139659060701,28.171944256786105,11,1,2
28.50375796219031,2.430176627018032,1,66220.48575607211,4.244594979480481,69.61677490692676,2,2,0
16.817135361712715,4.209471306631599,1,53022.425025243705,2.484587840949162,70.77257916448008,25,0,1
12.974423478413538,4.203645742543142,1,15031.993032408229,4.785059480847037,69.49932229571702,2,0,1
47.26535237417515,2.225580489781225,1,33787.593671956274,4.536357897145368,59.50066625135752,7,0,1
17.721772869583262,4.766529725592334,0,58050.65135205537,9.653187927027831,59.906845009216546,7,1,1
22.589180758033173,1.1205485209913337,1,21166.130723591203,8.258055791571456,1.2590285441320468,2,2,1
31.7824207964178,0.9324604847558815,1,64085.62586022361,3.7082454548828423,73.57969978557779,94,1,0
35.71748601941948,4.209471306631599,0,58084.01265519489,2.4523394544707555,72.06663645135409,5,1,1
43.382310094285465,2.106265831699163,1,16547.800207420645,4.4417884335627855,74.05364074235118,60,0,2
17.25681504622554,0.14203257450310258,0,73792.64443360532,2.1765950787826363,32.28449296161256,51,1,2
17.297925312746074,4.761202043651775,1,57194.33886995194,5.776300038390136,41.406135862256164,23,0,1
11.767269799694677,4.719168361586422,0,98529.22678588712,5.402533321407315,38.4935545825699,52,2,0
30.289753346817314,1.6088462555566463,1,24448.945170472904,8.051295709531193,31.073460521009295,66,2,2
28.474116009558518,2.467166856791903,1,18129.039663446663,7.026187829066366,69.61677490692676,26,1,0
18.016786448281103,1.3638680409373116,0,2561.651329028987,6.766052563703351,111.58126217379348,57,2,1
46.27089696075444,3.803849791453848,0,119270.74983391337,6.286125119451168,65.50665618089931,13,1,2
48.51377908692372,4.858150983608583,1,100483.40786356741,1.9646651318415376,32.82487028906685,93,1,1
49.7447478774843,3.0435170748624563,0,105018.77797740324,9.272591875757769,78.65778467199574,2,2,2
44.88461365226674,3.0684711050816067,0,26517.026331631663,5.610520445270427,67.45917878636672,42,2,1
28.14947339481045,1.1571992625495637,0,8495.650725338792,2.890015455340361,0.5926776929942301,39,0,1
22.128893514750587,1.3404697775517733,1,115857.00012663662,7.91627014089157,25.40662568185992,6,2,1
29.623780779777604,1.906971773125009,0,100433.1793896998,5.895637911607502,13.416519140148031,38,1,0
14.616215828954164,2.844292634901204,1,89041.73851464552,6.2269220238167,96.56129489131591,62,0,2
12.974423478413538,3.6625834379559667,1,65647.04511853667,4.9267798625995525,39.675699544067335,2,2,1
22.586689770283748,0.23556939042588654,0,78520.35518797959,3.0237295388050143,109.55177674416149,0,2,2
30.71740244306737,2.807317099638984,1,91889.54058399388,7.7675715988953575,30.46850453848988,24,1,2
15.693201068535888,4.830593357440097,1,64801.91523048999,8.250237434854016,59.983360204869676,13,1,0
49.06010204821818,1.0941130442820057,1,84916.67395267892,9.692962447593498,56.72603409821062,79,1,1
12.79330109930996,2.0878507663113046,1,23334.084265744612,6.966465782731126,80.08375916907714,12,1,2
21.418582778977505,0.21618819219758056,1,67239.71147897496,1.9979958348039006,31.197172362108674,62,1,0
40.427211445005256,3.964492007720337,1,84785.58657561056,9.437856156947426,30.317807404664272,82,1,1
16.698274139640166,0.804380193321807,0,19568.009701763156,4.853142312973539,95.17172654150336,99,1,1
16.54465232062416,3.292151604558768,0,34729.77880777921,2.074904308870258,24.015139194546368,12,1,1
19.81539025814509,1.1819481258492743,1,4292.14433013636,5.5298315688471735,89.68267181624238,86,0,1
14.09436315871844,4.725807246814497,0,99686.11535475565,7.086106737592618,31.11998070984583,99,1,2
32.43297043224088,4.367191014835992,0,28284.54893825526,8.40798038215941,0.0770349946079163,63,2,2
49.06010204821818,0.8234378874766074,1,84916.67395267892,9.976228677053669,56.72603409821062,57,1,1
21.58223328536219,0.21618819219758056,1,63917.28985474599,1.9979958348039006,31.197172362108674,62,1,0
16.54465232062416,3.292151604558768,0,28383.23432458411,2.2004188493821646,24.015139194546368,14,1,1
43.55687343473285,3.0728776111635296,0,26609.90114529235,5.610520445270427,67.45917878636672,60,0,1
17.297925312746074,1.34652465747205,1,113105.29803848137,5.776300038390136,40.730152472477066,1,0,1
30.289753346817314,1.2771116697895817,1,24448.945170472904,8.32407322087504,31.073460521009295,68,2,2
28.404565259678996,1.1747201446560414,0,8495.650725338792,2.845237970778683,0.5926776929942301,39,0,2
17.25681504622554,0.14203257450310258,1,73792.64443360532,2.3499495696441697,94.89002205131,62,0,2
30.71740244306737,2.807317099638984,1,91889.54058399388,7.7675715988953575,37.38405359853314,24,1,2
21.29241045318126,4.665211165025395,0,99112.079392072,3.038977759462955,109.55177674416149,95,1,2
49.7447478774843,3.0435170748624563,0,26310.828800189644,4.356576468109926,95.02379461908843,4,2,2
19.523156496381812,1.1862410768740075,1,65360.24445539291,5.526371994789223,89.691219600056,2,2,1
48.51377908692372,4.464518055467917,1,100483.40786356741,1.9646651318415376,32.82487028906685,93,1,1
12.79330109930996,1.9764518383106435,1,23334.084265744612,6.966465782731126,80.08375916907714,11,1,2
40.427211445005256,4.7167615534776886,1,84785.58657561056,9.437329881113405,30.224041292403225,82,1,1
18.036483760868506,1.3638680409373116,0,2561.651329028987,6.638372029948699,111.58126217379348,79,2,1
32.134129291013274,0.9324604847558815,1,67408.04748445257,3.7082454548828423,73.57969978557779,94,1,0
46.27089696075444,4.357063814252083,0,119776.76166107261,6.139620035502883,65.50665618089931,38,1,2
44.71005031181936,2.527437667751284,1,16454.925393778718,4.4417884335627855,74.05364074235118,40,2,2
22.128893514750587,4.748373334467672,1,53814.99985854214,7.91627014089157,32.2563733220804,22,2,1
32.17787856737233,4.34943501698119,0,28563.242475050854,8.452664314146258,1.538244500293855,63,2,1
14.616215828954164,2.844292634901204,0,89041.73851464552,6.104361280454789,33.95563095993914,51,1,2
14.09436315871844,0.2994928243823338,0,83322.09665671526,6.93416786271585,30.939203849113973,5,2,2
16.698274139640166,0.804380193321807,0,98269.49827943342,9.729735134044368,81.36735489436512,100,1,1
13.266661627586398,3.6582910307711214,1,2935.9611569783274,4.930239436657503,39.66714956058759,87,0,1
28.474116009558518,2.467166856791903,1,18129.039663446663,7.026187829066366,69.61677490692676,27,1,0
11.767269799694677,3.9668972195747383,0,98529.22678588712,5.401813756780989,38.587320694830936,52,2,0
29.502089773168905,1.9576886272655187,1,89091.69280711396,6.709405741968121,16.9439500312019,62,0,2
49.7447478774843,0.9627077424503858,0,64522.55509293426,9.272591875757769,78.65778467199574,2,2,2
14.738014362929768,2.7935757807607486,0,100383.22509722349,5.895637911607502,93.04651537314751,38,2,0
19.523156496381812,1.1862410768740075,1,65360.24445539291,4.453174748500896,89.05352966040397,2,2,1
17.369056056803252,4.778219692122738,1,55612.283047495046,4.9647237427367275,41.406135862256164,2,0,1
28.65807464761828,2.8137276132919387,1,33964.660512873124,7.789611882783695,38.730737085277674,27,1,0
44.71005031181936,0.1519498871706122,1,16454.925393778718,4.4417884335627855,74.05364074235118,40,2,2
12.471074749501913,3.0684711050816067,0,26548.900855241867,7.003004502327375,72.39035233914218,42,2,1
27.752040475439117,2.0824055306113056,1,23165.74321215485,7.031131270198155,69.61677490692676,26,1,2
15.693201068535888,4.844043566060772,1,61285.55755683254,8.250237434854016,47.02574483360226,13,1,0
45.528123754904094,1.0470579421735748,0,36484.64346838539,3.47187984730225,0.01674902314501736,38,2,2
22.586689770283748,0.07584100847222564,0,60968.65704458628,3.0237295388050143,109.61390271860802,0,2,2
14.738014362929768,3.027156354609542,0,100383.22509722349,5.895637911607502,93.04651537314751,46,2,0
16.54465232062416,3.292151604558768,0,67120.89772896073,2.0750567692482593,23.62930677900809,12,1,1
22.128893514750587,1.3404697775517733,1,112732.02626349409,7.91627014089157,25.40662568185992,7,2,1
17.28049477887549,1.34652465747205,1,101098.2949241722,5.738428555811796,40.730152472477066,1,0,1
18.91113437828775,4.7922577846462,0,98897.8482741942,4.357423741140034,73.70772302396209,95,1,2
16.54465232062416,3.292151604558768,0,28383.23432458411,2.2004188493821646,24.65295476571194,14,1,1
12.90329289386551,3.645441351643562,1,65647.04511853667,5.738356158252961,39.675699544067335,23,2,1
30.533443805007604,2.460756343138948,1,91647.09078989612,7.004147545178029,68.27009142223902,24,1,2
21.58223328536219,2.6042719133962606,1,63917.28985474599,1.9979958348039006,27.242512000427148,62,1,0
45.26905282044871,1.9764518383106435,1,23302.209742134408,5.573981725674052,80.29226911295227,11,1,2
12.79330109930996,2.1996148271024323,1,17685.60443326146,6.961522341599337,80.08375916907714,9,1,0
22.128893514750587,4.938383177215426,1,53814.99985854214,7.91627014089157,30.660566691696026,22,2,1
26.10699694053386,3.1711803319138667,0,9585.10530447557,4.339907151983728,111.2246727470593,5,0,2
35.71748601941948,4.46995273971465,0,75635.71079858698,4.40129242426633,72.0039665139708,5,1,1
49.7447478774843,2.8099365010136625,0,105018.77797740324,9.272591875757769,78.65778467199574,10,2,2
21.418582778977505,0.21618819219758056,1,34848.592563567065,1.9978433744258994,31.197172362108674,62,1,0
28.14947339481045,1.1571992625495637,0,11253.557343801906,2.890015455340361,0.5926776929942301,38,0,1
14.233952156203038,4.725807246814497,0,103718.34691732486,7.1239782201708195,31.11998070984583,99,1,2
45.7536878177659,1.969983809566852,1,16766.104717600734,2.1066256890850443,114.35521805682643,60,0,2
16.54465232062416,3.042575435658212,0,28383.23432458411,9.438219807894772,24.015139194546368,14,1,2
49.83390373132953,3.2930932437630123,0,105018.77797740324,0.9613658322857386,78.65778467199574,2,2,1
12.79330109930996,2.1996148271024323,1,20887.991155207383,6.961522341599337,80.08375916907714,9,1,0
16.577341951987492,1.1862410768740075,1,66189.96406191,4.453174748500896,93.13369893691294,2,2,1
16.54465232062416,3.292151604558768,0,35425.72031916427,2.2004188493821646,24.045337400857726,12,1,1
16.54465232062416,3.0431283134759894,0,26296.597447439988,2.224984808259419,24.015139194546368,14,1,2
27.752040475439117,2.0879034060882926,1,23165.22552143811,7.028910803239091,64.86422997193556,26,1,2
13.244765870188647,3.6625834379559667,1,65647.04511853667,4.98874860422494,39.675699544067335,2,2,1
26.10699694053386,1.127158285065229,1,9585.10530447557,4.339907151983728,105.82678542381854,5,0,2
13.72001379296205,1.9764518383106435,1,23334.084265744612,7.285705620087855,81.99400026202999,11,1,2
22.6310565976013,0.04003084540906032,1,65360.24445539291,3.067464651249722,108.21131888581374,2,2,1
28.474116009558518,2.467166856791903,1,14409.579154397376,7.486425216613765,69.72876921944975,26,1,0
28.14947339481045,1.1178757932144845,0,64530.69602850171,2.890015455340361,0.5926776929942301,38,0,1
17.182465768833225,4.478098788361887,1,64801.91523048999,8.032651126932032,72.02362578628733,12,1,0
17.281575157222363,4.96133047454881,1,102363.40293155123,4.8789678057915955,40.730152472477066,1,0,1
16.92311379670891,4.761202043651775,1,57194.33886995194,5.776300038390136,41.406135862256164,23,0,1
49.7447478774843,0.9627077424503858,0,64522.55509293426,8.704276214402949,83.17545470277123,2,2,2
19.490466865018565,3.042575435658212,0,27553.515355922224,9.438219807894772,19.936665970651532,14,1,2
16.54465232062416,3.292151604558768,0,34931.04330698023,2.074904308870258,24.622756559400578,14,1,1
49.7447478774843,3.292540365945235,0,28271.949150197324,4.223606628026259,95.02379461908843,4,2,1
11.918938259005241,2.0823528908343176,1,23334.601956461356,6.026931136372374,80.08375916907714,12,1,2
21.85859579403698,1.3404697775517733,1,112732.02626349409,8.723281171739517,25.40662568185992,7,2,1
17.297925312746074,3.3905477514771163,0,113436.84625359878,5.776300038390136,39.06214550635429,1,0,1
28.474116009558518,2.467166856791903,1,18129.039663446663,7.026187829066366,69.61677490692676,33,1,0
19.478789669064255,0.15841467600727066,0,60968.65704458628,5.48263688245304,82.6857960468332,0,2,2
35.71748601941948,4.209471306631599,0,58084.01265519489,2.6591179350391285,71.95464213883112,5,1,1
15.693201068535888,4.857702675555277,1,8038.975077831423,8.264171174950466,51.58739220175513,13,1,0
35.80258804587726,4.822447174556727,0,75635.71079858698,4.6188770209844225,59.96370093255315,6,1,1
17.367975678456375,1.0138882438217092,1,54346.99863841142,5.824184492756928,46.76575306008304,2,0,1
45.636301650778826,1.9764518383106435,1,22155.30499850005,5.573981725674052,79.2150486242455,11,1,2
28.099100384877204,2.8137276132919387,1,33964.660512873124,7.525514942972991,38.730737085277674,24,1,0
27.47391264546536,2.0824055306113056,0,23165.74321215485,2.345860398555435,73.92842412803262,26,1,2
28.099100384877204,2.8137276132919387,1,33843.445021094754,4.915430509265993,24.32150727724798,25,1,0
27.69185218240356,2.8137276132919387,1,33964.660512873124,7.294449136845105,38.67939025042032,29,1,0
35.78735317165582,4.207495460238042,1,61086.7347213737,8.162135642686605,71.95464213883112,5,1,1
11.395764385165574,1.9764518383106435,1,23334.084265744612,7.285705620087855,81.99400026202999,11,1,2
16.54465232062416,3.292151604558768,1,29114.913992307505,2.1099559426250556,22.45424721891156,12,1,1
12.79330109930996,2.5844023899344117,1,11930.378189752588,6.961522341599337,80.08375916907714,11,1,0
16.471818121345517,1.2077516432109607,1,25922.45692061251,5.575913257741841,24.65295476571194,15,1,1
28.474116009558518,2.467166856791903,1,4973.274051142773,7.026187829066366,69.61677490692676,27,1,0
17.297925312746074,4.761202043651775,1,57194.33886995194,5.751408054494574,38.14260490956303,23,0,1
17.643258344409016,4.287557661804607,0,75635.71079858698,5.04057499626619,72.9026800607917,5,1,1
27.752040475439117,2.16536251813608,1,14530.42730409737,4.4276687775751284,71.2693255818156,26,1,2
16.98661807466,2.1068329908890866,1,57772.31009362496,6.935152760968186,44.05776818619424,2,1,1
28.474116009558518,2.467166856791903,1,23142.469141137986,6.535871603204511,69.61677490692676,26,1,0
19.490466865018565,3.042575435658212,0,116299.20902241697,5.729308732478459,18.589718553549364,17,1,1
16.577341951987492,4.2723434562926474,1,57214.89600548463,4.4189647598618045,93.13369893691294,1,2,1
12.974423478413538,3.6625834379559667,1,68170.4918815895,7.536864294232411,39.675699544067335,0,2,1
17.016795842197165,4.857702675555277,1,8038.975077831423,8.264171174950466,51.58739220175513,12,1,0
15.623623224709585,4.844043566060772,0,60611.414624897196,2.745191993768435,47.02574483360226,13,1,0
11.558106464526563,2.1996148271024323,0,20887.991155207383,6.926474550077446,81.31081946148909,9,1,0
45.26905282044871,1.9586316931816337,1,23302.209742134408,6.666513464420464,78.48241678362936,9,1,2
17.63481544490967,3.2706412159995755,0,65360.24445539291,2.1508777497783402,89.2557294202513,2,2,1
26.10699694053386,3.1092391803392854,0,9585.10530447557,4.36479913587929,114.25778482617876,5,0,2
35.44330590254777,4.780282570693581,1,54565.227733693646,4.391670428165541,44.9428886898778,2,0,1
26.10699694053386,1.127158285065229,1,13292.297841268553,6.943369644295542,104.17418539568308,5,0,2
13.174658872758489,0.994906021087558,1,23334.084265744612,5.855497514519866,80.08375916907714,12,0,2
14.406136537582828,1.9764518383106435,1,18320.654788053293,6.966465782731126,69.48728465905232,11,1,2
17.297925312746074,1.34652465747205,1,26438.89005351979,9.483600759713347,52.503365325665825,1,0,2
16.92311379670891,1.5146506696907893,1,66169.4069263773,5.810510027029227,41.406135862256164,24,0,1
16.92311379670891,4.536187729100744,1,21162.10758602997,5.746872373280274,41.406135862256164,23,0,1
28.474116009558518,2.467166856791903,1,54161.28531848409,7.055615494176184,69.61677490692676,27,1,0
31.7824207964178,0.9324604847558815,1,64085.62586022361,3.7082454548828423,73.57969978557779,94,1,0
35.71748601941948,4.209471306631599,0,58084.01265519489,2.4523394544707555,72.06663645135409,5,1,1
43.382310094285465,2.106265831699163,1,16547.800207420645,4.4417884335627855,74.05364074235118,60,0,2
17.25681504622554,0.14203257450310258,0,73792.64443360532,2.1765950787826363,32.28449296161256,51,1,2
17.297925312746074,4.761202043651775,1,57194.33886995194,5.776300038390136,41.406135862256164,23,0,1
11.767269799694677,4.719168361586422,0,98529.22678588712,5.402533321407315,38.4935545825699,52,2,0
30.289753346817314,1.6088462555566463,1,24448.945170472904,8.051295709531193,31.073460521009295,66,2,2
28.474116009558518,2.467166856791903,1,18129.039663446663,7.026187829066366,69.61677490692676,26,1,0
18.016786448281103,1.3638680409373116,0,2561.651329028987,6.766052563703351,111.58126217379348,57,2,1
46.27089696075444,3.803849791453848,0,119270.74983391337,6.286125119451168,65.50665618089931,13,1,2
48.51377908692372,4.858150983608583,1,100483.40786356741,1.9646651318415376,32.82487028906685,93,1,1
49.7447478774843,3.0435170748624563,0,105018.77797740324,9.272591875757769,78.65778467199574,2,2,2
44.88461365226674,3.0684711050816067,0,26517.026331631663,5.610520445270427,67.45917878636672,42,2,1
28.14947339481045,1.1571992625495637,0,8495.650725338792,2.890015455340361,0.5926776929942301,39,0,1
22.128893514750587,1.3404697775517733,1,115857.00012663662,7.91627014089157,25.40662568185992,6,2,1
29.623780779777604,1.906971773125009,0,100433.1793896998,5.895637911607502,13.416519140148031,38,1,0
14.616215828954164,2.844292634901204,1,89041.73851464552,6.2269220238167,96.56129489131591,62,0,2
12.974423478413538,3.6625834379559667,1,65647.04511853667,4.9267798625995525,39.675699544067335,2,2,1
22.586689770283748,0.23556939042588654,0,78520.35518797959,3.0237295388050143,109.55177674416149,0,2,2
30.71740244306737,2.807317099638984,1,91889.54058399388,7.7675715988953575,30.46850453848988,24,1,2
15.693201068535888,4.830593357440097,1,64801.91523048999,8.250237434854016,59.983360204869676,13,1,0
49.06010204821818,1.0941130442820057,1,84916.67395267892,9.692962447593498,56.72603409821062,79,1,1
12.79330109930996,2.0878507663113046,1,23334.084265744612,6.966465782731126,80.08375916907714,12,1,2
21.418582778977505,0.21618819219758056,1,67239.71147897496,1.9979958348039006,31.197172362108674,62,1,0
40.427211445005256,3.964492007720337,1,84785.58657561056,9.437856156947426,30.317807404664272,82,1,1
16.698274139640166,0.804380193321807,0,19568.009701763156,4.853142312973539,95.17172654150336,99,1,1
16.54465232062416,3.292151604558768,0,34729.77880777921,2.074904308870258,24.015139194546368,12,1,1
19.81539025814509,1.1819481258492743,1,4292.14433013636,5.5298315688471735,89.68267181624238,86,0,1
14.09436315871844,4.725807246814497,0,99686.11535475565,7.086106737592618,31.11998070984583,99,1,2
32.43297043224088,4.367191014835992,0,28284.54893825526,8.40798038215941,0.0770349946079163,63,2,2
40.427211445005256,3.888220040137629,1,84785.58657561056,9.493990556547443,30.317807404664272,61,1,1
28.20024159333116,1.1571992625495637,0,8495.650725338792,5.848177537116387,4.648680855023453,39,1,0
12.974423478413538,3.6625834379559667,1,65647.04511853667,4.857390263068336,39.675699544067335,2,2,2
21.600665220728246,0.23556939042588654,0,58693.10834630739,2.957335659026195,71.89496986081681,1,2,1
31.7824207964178,0.9324604847558815,0,34456.29531351656,3.7053567748281075,73.57969978557779,13,1,0
12.214978451214954,0.8856315105661992,0,97954.09295338958,9.838982268936615,38.4935545825699,50,1,0
19.748250630093388,1.3638680409373116,0,4284.479985169068,6.766052563703351,83.2380917962449,43,2,1
17.25681504622554,0.14203257450310258,1,73792.64443360532,2.1765950787826363,32.28449296161256,67,2,2
13.812998073613358,2.080095420385228,0,102538.94740786019,9.272591875757769,90.98164263833112,2,2,2
15.693201068535888,4.830561606144389,1,59492.54729291781,2.0337358175595073,59.983360204869676,13,1,0
44.88461365226674,2.736529948107342,0,26517.026331631663,5.610520445270427,70.77933333029422,62,2,2
14.223339859384083,4.546728226027159,0,108730.50919059792,7.028747456762741,31.186589432186725,97,1,0
46.27309029746812,3.7991915464210955,0,119270.74983391337,6.862355990188739,66.11617320047259,13,1,2
22.128893514750587,4.73485315076986,1,115810.23272259308,7.592536042143504,41.01313519518105,23,2,1
21.418582778977505,0.21618819219758056,1,67239.71147897496,1.9979958348039006,31.197172362108674,60,1,0
43.382310094285465,2.1825376325789585,1,16547.800207420645,4.4417884335627855,74.05364074235118,82,0,2
29.573012581256894,1.9145958834415522,0,100433.1793896998,2.937475831400208,13.975933329759378,38,0,1
14.616215828954164,2.970800629392407,1,89041.73851464552,5.509045768827852,96.56129489131591,62,0,1
36.703510682197674,4.209471306631599,0,77911.2594968655,2.523657662396425,107.04918147958547,6,1,2
16.54465232062416,3.292151604558768,1,64359.109357416055,2.077792988966675,24.015139194546368,98,1,1
49.06010204821818,4.875678265459836,1,87035.95117408391,5.267109386120799,56.72603409821062,79,2,1
18.08392607633281,1.1819481258492743,1,2569.315674005101,5.5298315688471735,111.46175488109664,86,0,1
34.77496370125081,1.6088462555566463,0,24199.294375480582,8.051295709531193,31.073460521009295,50,1,2
48.23113140167271,3.0512724207884663,1,25806.696715094353,7.816419386105666,80.08375916907714,12,1,2
48.51377908692372,4.858182734904291,1,100646.56382229208,8.181126592676598,32.82487028906685,93,1,1
34.49087234311324,4.367191014835992,0,28563.242475050854,8.40798038215941,1.538244500293855,43,2,1
28.345302156395555,2.6453214356277353,1,8429.81530263227,7.083547109896244,69.55016630791846,28,1,2
30.714743110562,2.8119753446235105,1,91889.54058399388,7.7675715988953575,30.46850453848988,24,1,2
17.297925312746074,1.3600987919191638,1,57124.319624259246,5.776300038390136,25.79962634896284,6,0,1
16.698274139640166,0.804380193321807,0,19568.009701763156,4.853142312973539,95.17172654150336,100,1,1
28.080080323350103,2.6301214654576195,1,8339.327535982535,7.082937047969981,69.55016630791846,6,1,2
44.88461365226674,4.710440338993655,0,100444.08227978628,7.066150188627161,67.45917878636672,100,2,2
35.0931475031928,1.6183795475550877,0,10554.862755802149,5.848177537116387,4.648680855023453,39,1,0
30.814514728022424,2.0381970117857424,1,21982.171266093857,6.966465782731126,80.08375916907714,80,1,0
28.14947339481045,1.2193978898530802,0,5797.3610251963555,2.9374491100871873,0.5926776929942301,39,0,2
34.49087234311324,1.8782888123136556,1,51435.34145094518,8.343981795218438,9.593297662545801,43,2,1
16.54465232062416,3.292151604558768,0,58024.32415711728,2.074904308870258,71.83906476594028,1,2,1
15.553933697076484,4.634321818409802,1,95482.3636179778,8.241299365602003,31.032810337160708,24,1,2
15.584061504111876,4.797073979303948,1,19787.637005900793,7.026187829066366,69.61677490692676,34,1,0
21.494789784894355,4.963022682991811,0,100755.42801515505,6.766052563703351,83.2380917962449,91,2,1
35.300612256939594,3.6761113328726855,0,65286.91191439498,3.7053567748281075,73.57969978557779,13,1,0
12.974423478413538,3.539218634351152,0,65851.70818318512,4.9267798625995525,39.675699544067335,2,2,1
22.310334325089322,4.73485315076986,1,118512.94400157593,7.592536042143504,41.01313519518105,24,2,1
16.471783558651325,3.0512724207884663,1,71151.28721578109,7.816419386105666,80.76634554443828,100,1,2
30.627622131779958,3.2071027773865217,1,91889.54058399388,7.7675715988953575,15.604355641968933,24,0,2
22.394115347796838,1.3556697480680575,1,115559.98965350777,7.916880202817828,25.40662568185992,28,2,1
14.09436315871844,3.0835749539602446,0,25757.63030458829,5.630476994235711,31.11998070984583,41,1,1
27.882057791388384,2.022108551736676,0,24199.294375480582,7.8143277138136344,31.073460521009295,50,1,2
13.765524873754062,0.9997945618178105,1,65437.55458337048,3.7082454548828423,73.57969978557779,7,1,2
13.812998073613358,2.2556659419951433,0,105922.44226343377,9.231930939993793,90.98164263833112,2,2,1
17.297925312746074,4.03504586023112,0,31117.85936302118,5.840298504417734,24.029995848856103,1,0,1
21.600665220728246,0.23556939042588654,0,35398.56299709508,2.957335659026195,26.625685999002837,12,1,1
30.85671823289371,2.863330201722589,1,67446.58305574949,7.776509668147368,59.41905441352302,13,1,0
28.58326791211548,2.3193110509194117,1,57833.97550436319,2.0337358175595073,59.983360204869676,13,1,0
46.681195649988965,1.2338954288338377,1,4589.438326709773,8.181126592676598,32.82487028906685,45,1,1
12.999232398365473,0.9189454907771601,1,34816.42852144669,4.857390263068336,39.675699544067335,2,2,2
34.19411795719832,4.209471306631599,1,58084.01265519489,2.081734612702637,72.06663645135409,5,1,1
17.297925312746074,4.873834428519637,1,57194.33886995194,5.776300038390136,43.821293569315905,23,0,1
48.59811865652302,3.914624139339212,1,19014.77583509288,1.7670992610991412,24.015139194546368,12,1,1
14.70351304688397,2.970800629392407,1,89041.73851464552,5.509045768827852,100.42996226336598,62,1,1
13.765524873754062,1.155391787549024,1,65437.55458337048,3.191241852287945,2.9832435777845916,6,1,2
22.953904523904978,3.6761113328726855,0,65286.91191439498,7.9492036957200884,73.57969978557779,15,1,0
12.582548741922475,1.261819274634987,0,56755.40264343791,4.778776374156138,39.675699544067335,2,2,1
47.117160394088465,1.2286519243718745,1,4589.438326709773,8.167299486030375,32.82487028906685,68,1,1
16.54523391121859,3.5493057166229884,0,31117.85936302118,6.0292825344516405,17.918328526661455,1,0,1
15.584061504111876,4.797073979303948,1,24870.476148058027,7.026187829066366,67.39713099546192,34,1,0
33.82182291564817,4.761202043651775,1,57165.70442069833,6.117098130293719,69.55385139463459,23,0,1
15.346152914028107,2.4574210695717484,1,18805.723308655943,6.863486136889108,69.61677490692676,26,1,0
13.812998073613358,2.027023875591443,0,102538.94740786019,9.574112478214404,90.98164263833112,2,2,2
12.974423478413538,3.6625834379559667,1,34406.6192112961,4.859228410258997,39.675699544067335,1,2,1
47.4728931784286,2.9982164227257373,0,25241.638899453777,7.768905408371998,80.08375916907714,12,1,2
12.79330109930996,2.07130919695555,1,23334.084265744612,6.966465782731126,23.777686902774445,13,1,2
31.7824207964178,0.7956249600816345,1,64085.62586022361,1.7158451716926177,24.66076325330385,94,1,1
35.71748601941948,4.209471306631599,0,56349.881792900094,2.3051448612956777,72.40742484243812,1,1,1
28.20024159333116,1.0016020368183502,0,8495.650725338792,5.9001140560275624,75.84070381830625,38,1,0
34.657042064516176,4.73485315076986,1,118578.57600618612,3.3486840285136616,41.01313519518105,24,2,1
17.68980219679992,3.63749843973502,1,66220.62516400644,5.670930841097752,25.728387470684442,6,0,1
17.297925312746074,4.857583038216745,1,57194.33886995194,5.790127130324442,43.821293569315905,24,0,1
16.656613220741292,4.03658578355176,0,58024.32415711728,1.6267008921404706,66.73197898542654,6,2,1
12.974423478413538,3.6625834379559667,1,65647.04511853667,4.857390263068336,41.89534345591035,2,2,2
17.670232239754704,3.6313120862428288,1,58112.64710444851,2.081734612702637,43.918920919242375,5,1,1
28.821193027055138,4.834930189113857,1,59025.79968063084,2.196442522851708,59.8781019008977,13,1,0
33.294183370051144,2.860388644432775,1,96528.9994681027,7.7675715988953575,30.46850453848988,23,1,2
12.999232398365473,0.9189454907771601,1,66056.85443498826,6.415497958717633,39.675699544067335,2,2,2
32.203638182975816,0.9855177706079057,1,35021.3531291572,3.7528701707464105,76.05260785358695,13,1,0
26.75675619433354,2.3193110509194117,1,57833.97550436319,2.0337358175595073,59.983360204869676,13,1,0
16.54465232062416,3.5856416982684953,0,34729.77880777921,2.074904308870258,80.32126778525438,12,1,1
48.9536557548007,3.914624139339212,1,19014.77583509288,3.519945684049401,72.93409046385858,12,1,0
28.345302156395555,2.6453214356277353,1,10170.806796673074,7.230744191006439,69.55016630791846,28,1,2
46.681195649988965,1.2338954288338377,1,5841.463333488171,8.332976387522029,39.55695359744758,45,1,1
12.974423478413538,1.2745428403895658,1,65646.87654474744,4.863536250575939,38.49276198442975,3,1,2
32.203638182975816,1.279217651401571,1,35920.77375327588,3.7528701707464105,26.660339051435518,2,1,0
17.379014020179156,1.3600987919191638,1,57124.319624259246,5.776300038390136,25.79962634896284,2,2,1
26.75675619433354,4.301169290819342,1,53851.97163332303,1.918759677118192,67.73481683807758,13,1,0
17.297925312746074,4.857583038216745,1,59162.89551792352,6.951625500134778,43.821293569315905,12,0,1
28.58326791211548,2.3193110509194117,1,36247.14079145476,2.0337358175595073,59.983360204869676,13,1,0
17.297925312746074,4.03504586023112,0,31117.85936302118,5.840298504417734,24.029995848856103,3,0,1
12.974423478413538,3.5879403194830126,0,34059.60622522792,4.9267798625995525,39.870347335657385,0,2,1
15.693201068535888,4.755495742154659,1,59492.54729291781,1.6629605655093176,60.19287975252438,14,0,1
16.54523391121859,2.6057804938003932,0,30667.364540961207,6.0292825344516405,65.73576917646568,2,0,1
46.681195649988965,3.4895173773418,1,3793.758153804003,8.181126592676598,25.470813822993456,45,0,1
17.670232239754704,3.6313120862428288,0,34353.28009952919,2.0747599807168453,43.918920919242375,5,1,1
30.71740244306737,2.807317099638984,1,91889.54058399388,7.921345642832975,38.29760586621253,24,1,2
20.166959197313357,4.761202043651775,1,49485.90199306685,5.583747994774177,41.406135862256164,23,0,1
17.167443920012076,3.914624139339212,1,61195.70182445385,1.5903341170362668,72.93409046385858,12,2,0
13.765524873754062,3.3975707873902623,1,65437.7231571597,3.7020994673752385,76.98228127619211,7,2,2
10.041910584201098,0.6231545555805438,0,56164.53792850666,4.102191048162579,79.00888114997046,13,2,1
13.808971127784275,0.9189454907771601,1,34816.42852144669,5.133005690286482,39.675699544067335,6,0,2
34.19411795719832,2.2275979668620103,1,68293.73077827443,2.081734612702637,72.15338016473528,5,1,1
12.79330109930996,2.0878507663113046,1,21365.533703900594,5.804967412920784,80.08375916907714,24,1,2
12.974423478413538,3.6625834379559667,1,57169.90526942107,4.859228410258997,39.675699544067335,1,2,1
28.76248332031004,2.6453214356277353,1,8429.81530263227,7.083547109896244,69.55016630791846,27,1,2
16.54465232062416,3.5369200131366347,0,66521.88077629407,2.074904308870258,80.12661999367958,12,1,1
33.82182291564817,4.836267907641491,1,50590.23085781215,6.4879063884388195,69.3443318469799,23,1,0
28.080080323350103,3.5736466882734206,1,8789.876102195649,7.082937047969981,21.732875047714113,6,1,2
17.68980219679992,1.381876719227125,1,67263.83398681115,5.670930841097752,33.082443936757834,6,1,1
16.54465232062416,3.459921826599059,1,58489.14581293096,2.08187894085605,24.015139194546368,14,1,1
10.44121112309952,3.6625834379559667,1,65647.04511853667,5.556962562369607,30.620285776830027,2,2,1
30.955185336704552,1.0016020368183502,0,8495.650725338792,5.89845702086345,75.84070381830625,38,1,0
46.65876374107657,3.292151604558768,0,15843.68450975974,2.074904308870258,71.83906476594028,1,1,1
31.7824207964178,0.9324604847558815,1,64085.62586022361,3.7082454548828423,73.57969978557779,94,1,0
35.71748601941948,4.209471306631599,0,58084.01265519489,2.4523394544707555,72.06663645135409,5,1,1
43.382310094285465,2.106265831699163,1,16547.800207420645,4.4417884335627855,74.05364074235118,60,0,2
17.25681504622554,0.14203257450310258,0,73792.64443360532,2.1765950787826363,32.28449296161256,51,1,2
17.297925312746074,4.761202043651775,1,57194.33886995194,5.776300038390136,41.406135862256164,23,0,1
11.767269799694677,4.719168361586422,0,98529.22678588712,5.402533321407315,38.4935545825699,52,2,0
30.289753346817314,1.6088462555566463,1,24448.945170472904,8.051295709531193,31.073460521009295,66,2,2
28.474116009558518,2.467166856791903,1,18129.039663446663,7.026187829066366,69.61677490692676,26,1,0
18.016786448281103,1.3638680409373116,0,2561.651329028987,6.766052563703351,111.58126217379348,57,2,1
46.27089696075444,3.803849791453848,0,119270.74983391337,6.286125119451168,65.50665618089931,13,1,2
48.51377908692372,4.858150983608583,1,100483.40786356741,1.9646651318415376,32.82487028906685,93,1,1
49.7447478774843,3.0435170748624563,0,105018.77797740324,9.272591875757769,78.65778467199574,2,2,2
44.88461365226674,3.0684711050816067,0,26517.026331631663,5.610520445270427,67.45917878636672,42,2,1
28.14947339481045,1.1571992625495637,0,8495.650725338792,2.890015455340361,0.5926776929942301,39,0,1
22.128893514750587,1.3404697775517733,1,115857.00012663662,7.91627014089157,25.40662568185992,6,2,1
29.623780779777604,1.906971773125009,0,100433.1793896998,5.895637911607502,13.416519140148031,38,1,0
14.616215828954164,2.844292634901204,1,89041.73851464552,6.2269220238167,96.56129489131591,62,0,2
12.974423478413538,3.6625834379559667,1,65647.04511853667,4.9267798625995525,39.675699544067335,2,2,1
22.586689770283748,0.23556939042588654,0,78520.35518797959,3.0237295388050143,109.55177674416149,0,2,2
30.71740244306737,2.807317099638984,1,91889.54058399388,7.7675715988953575,30.46850453848988,24,1,2
15.693201068535888,4.830593357440097,1,64801.91523048999,8.250237434854016,59.983360204869676,13,1,0
49.06010204821818,1.0941130442820057,1,84916.67395267892,9.692962447593498,56.72603409821062,79,1,1
12.79330109930996,2.0878507663113046,1,23334.084265744612,6.966465782731126,80.08375916907714,12,1,2
21.418582778977505,0.21618819219758056,1,67239.71147897496,1.9979958348039006,31.197172362108674,62,1,0
40.427211445005256,3.964492007720337,1,84785.58657561056,9.437856156947426,30.317807404664272,82,1,1
16.698274139640166,0.804380193321807,0,19568.009701763156,4.853142312973539,95.17172654150336,99,1,1
16.54465232062416,3.292151604558768,0,34729.77880777921,2.074904308870258,24.015139194546368,12,1,1
19.81539025814509,1.1819481258492743,1,4292.14433013636,5.5298315688471735,89.68267181624238,86,0,1
14.09436315871844,4.725807246814497,0,99686.11535475565,7.086106737592618,31.11998070984583,99,1,2
32.43297043224088,4.367191014835992,0,28284.54893825526,8.40798038215941,0.0770349946079163,63,2,2
32.43297043224088,4.367191014835992,0,95692.03152137065,8.40798038215941,0.5518998049611739,52,2,2
22.128893514750587,1.3404697775517733,1,112620.12967743086,7.9681760910690365,25.40662568185992,6,0,2
11.944979949677137,2.0878507663113046,1,23334.084265744612,6.966465782731126,80.08375916907714,12,1,2
49.7447478774843,3.0435170748624563,0,12750.062732354498,9.19522410931868,78.65778467199574,3,2,2
17.10888250258458,0.9910897588232173,1,5942.035502084927,5.776300038390136,41.406135862256164,22,0,1
49.06010204821818,1.0903904842233787,1,98630.20621076738,9.544984909385182,13.013560139792403,79,1,1
44.88461365226674,3.064466894919006,0,20149.672854263572,5.578521025823079,67.45917878636672,43,2,1
32.5763985031382,4.817679270179799,0,64085.62586022361,7.071146200981428,73.57969978557779,99,1,0
28.14947339481045,1.1571992625495637,0,8495.650725338792,2.897978429193764,2.9936871874826565,39,0,1
36.16514763595916,0.20178203233461378,0,58084.01265519489,2.4523394544707555,32.259732319865414,3,1,1
30.289753346817314,1.6752503240768235,1,24448.945170472904,8.051295709531193,24.531920096960377,83,2,2
34.82743950049438,2.807317099638984,1,65527.045612111215,7.690526559306136,30.56962080870396,3,2,2
16.812270597966293,3.763488618757127,0,119915.94352533398,2.254801098433698,24.086932303928826,13,1,2
14.083818237369718,4.830593357440097,1,56837.98439152358,8.250237434854016,59.983360204869676,13,1,0
48.22638128543727,4.841919348731888,0,5880.724053481967,6.771783365185719,111.58126217379348,57,2,1
11.767269799694677,4.719168361586422,0,31121.335578771726,5.402533321407315,38.861232394035426,43,2,0
14.616215828954164,2.844292634901204,1,89041.73851464552,6.175016073369519,97.16412849071887,62,2,1
17.25681504622554,0.14203257450310258,0,73792.64443360532,2.1765950787826363,39.20004202164586,51,1,2
43.382310094285465,2.106265831699163,1,108786.03590512124,4.518069388998855,74.05364074235118,59,0,2
20.06542595093913,4.893730123518062,1,58652.821399023116,5.5298315688471735,89.68267181624238,86,0,1
29.623780779777604,1.9106943331977684,0,86719.64713127945,5.895637911607502,57.12951206908298,38,1,0
16.698274139640166,0.4383470179764122,0,26917.33352463719,4.8851417324208875,95.17172654150336,99,1,1
14.755217436435457,0.8131795655256164,1,99686.11535475565,3.5004207525123316,31.11998070984583,94,1,2
22.586689770283748,0.23803155449931224,0,78520.35518797959,3.0157665649516114,108.85420581696351,0,2,2
21.418582778977505,4.241393993096997,1,68785.26827790927,1.9979958348039006,71.00407671054342,64,1,0
40.427211445005256,3.964492007720337,1,84785.58657561056,9.919581835858109,30.317807404664272,65,1,1
16.379050334605427,3.652087638148899,1,92009.54008440576,5.003824890721333,39.574583273853264,23,1,1
45.9918325761412,3.5896614439004386,0,25236.392398109274,6.129460808316357,65.43486600008865,12,1,1
18.192287304044598,1.363275995351379,1,100483.40786356741,1.9589399077590754,32.82487028906685,93,1,1
22.08977625528005,1.3304999444164642,0,34729.77880777921,2.074904308870258,25.48343879496494,6,1,1
19.81539025814509,1.1570164079116048,1,8483.09511721112,5.388462545750541,89.68267181624238,89,0,1
16.54465232062416,3.198387989042004,0,9348.079981043149,2.074904308870258,32.2132673618352,12,1,1
43.435995551090755,2.106265831699163,1,16547.800207420645,4.4417884335627855,83.23982017019739,4,0,2
22.406661868401724,3.016413876619181,1,18129.039663446663,7.090191504642156,69.61677490692676,26,0,2
16.379050334605427,3.9370017610195953,1,92009.54008440576,5.003824890721333,29.772063281485792,23,1,1
14.616215828954164,2.858548632150166,1,89041.73851464552,6.175016073369519,103.75623735276277,61,2,2
35.64449857430968,2.807317099638984,1,58108.46444659279,2.2966245780368633,70.33289063496585,11,2,1
14.083818237369718,0.12227482508157239,1,56822.594533855845,8.618070182931804,59.983360204869676,3,1,0
12.79330109930996,0.972975450570645,1,23334.084265744612,6.966465782731126,40.36388824453215,10,1,2
20.784524146151817,3.1050767617564685,0,83351.92140852081,5.150545590612513,60.960480097574845,0,2,2
30.71740244306737,4.969214261082014,1,42200.47190613436,7.7675715988953575,84.47896072193842,24,1,2
12.974423478413538,4.307216141125989,1,65647.04511853667,4.9267798625995525,39.675699544067335,0,2,1
17.25681504622554,0.009710872611218502,0,73792.64443360532,2.1765950787826363,32.28449296161256,53,1,2
15.693201068535888,4.830593357440097,1,64718.007425896954,8.415199872224287,59.983360204869676,13,0,0
45.9918325761412,3.5896614439004386,0,32757.580369829364,6.557747764260073,65.43486600008865,12,2,1
28.14947339481045,1.1821309804872333,0,4304.699939605231,3.0393474525887596,2.9936871874826565,37,0,1
28.14947339481045,1.1571992625495637,0,33306.51061599198,2.890015455340361,0.8418014607642874,39,0,1
49.7447478774843,3.0435170748624563,0,12750.062732354498,9.19522410931868,74.44137427343506,59,2,2
28.196347655908433,1.3440330094198276,1,112620.12967743086,7.904172415493215,25.40662568185992,6,1,0
11.944979949677137,2.0735947690623435,1,23334.084265744612,6.966465782731126,80.08375916907714,13,1,1
34.694317315702186,4.209471306631599,0,65502.59382071331,8.169791797754247,32.3033669252017,8,1,2
36.16514763595916,4.897973987686923,0,58099.40251286263,2.3942871979707476,32.259732319865414,13,1,1
15.962542655497707,2.1059650773761613,1,5942.035502084927,5.776300038390136,81.12600677423418,22,0,1
41.91038457669967,0.20287721185752972,0,15323.461654825463,2.8766903664090373,109.22788417438395,43,2,1
20.06542595093913,2.6647878117852994,1,95467.93634253881,5.5298315688471735,34.08962960480547,86,0,1
44.88461365226674,3.0684711050816067,0,26517.026331631663,5.610520445270427,67.45917878636672,41,2,1
22.08977625528005,1.5410993019500827,0,34729.77880777921,2.074904308870258,25.48343879496494,4,1,1
17.297925312746074,4.761202043651775,1,57278.24667454498,5.611337147328061,41.406135862256164,23,1,1
22.586689770283748,0.23803155449931224,0,70999.18119522983,3.0157665649516114,108.85420581696351,0,1,2
17.281653155254787,1.072350232852902,1,1781.659134363439,5.527889138653264,89.68267181624238,86,0,1
49.7447478774843,3.173738994755192,0,9239.192328849214,9.202365716004897,68.67508374799796,2,2,2
22.586689770283748,0.2744534271167396,0,78520.35518797959,2.962517517610725,109.55177674416149,6,2,2
11.944979949677137,2.0887123836114356,1,23334.084265744612,6.966465782731126,73.15242925785947,13,1,1
17.279384117400546,4.761202043651775,1,690.1026322880825,5.527415225211335,41.406135862256164,23,1,1
39.58046782427618,2.0629652189484307,1,65647.04511853667,4.981466569807671,39.675699544067335,2,2,1
28.260838325127153,1.1411474216522288,1,56837.98439152358,8.250237434854016,62.708434021973694,13,1,0
17.297925312746074,4.825606130721428,1,17252.515351234262,5.776300038390136,39.63621030804029,26,0,1
16.238096330966762,1.8071919443296531,1,8774.112855927302,8.254105615875691,81.12600677423418,22,0,1
16.54465232062416,2.742391725233506,0,34578.06590700507,2.074904308870258,62.77701280146126,4,1,1
19.73168527088331,2.467166856791903,1,18129.039663446663,5.525229900220667,69.61677490692676,26,1,0
36.16514763595916,4.897973987686923,1,58099.40251286263,8.32494473099237,33.21169916077161,13,1,1
28.396278959487827,4.969214261082014,1,42200.47190613436,7.7675715988953575,84.47896072193842,25,1,2
17.2109967228567,0.9910897588232173,1,23309.874908127204,5.776300038390136,43.09762018753208,22,0,1
44.467878099440966,3.5896614439004386,0,27063.30842146081,6.207468208489498,39.40064978373405,6,1,1
45.9918325761412,3.0485210824064817,0,36268.65835859038,6.550582210432921,78.06598077408177,12,2,1
16.54465232062416,3.163865345437597,0,9348.079981043149,2.074904308870258,32.2132673618352,1,1,1
14.071170394713514,2.15234577612137,1,23334.084265744612,6.966465782731126,80.08375916907714,12,1,2
17.300194350600314,1.072350232852902,1,60219.79405022114,5.287089929198043,89.68267181624238,86,0,1
16.849559558940502,3.7058840399560453,1,16547.800207420645,5.054585116697821,83.23982017019739,4,0,2
13.972684258543033,4.82972380521746,0,8495.650725338792,2.897978429193764,1.3639359606077477,41,0,1
20.135182025521537,3.0355632477883536,1,58070.91717047393,7.090191504642156,71.38670046281209,23,0,2
18.108589696005637,4.978610942057306,1,62015.11776716092,5.76193181114202,59.983360204869676,13,1,0
14.083818237369718,0.12227482508157239,1,56974.30743469975,8.618070182931804,24.424940092761503,12,1,0
28.557820998225054,1.1819481258492743,1,4292.14433013636,7.030789497692671,89.68267181624238,86,0,1
15.693201068535888,4.679399889771044,0,64718.007425896954,2.5720701317030215,59.03139336575079,13,0,0
15.874404003976164,0.5175555172748514,1,5966.312998638163,6.966465782731126,41.45254199981182,12,1,2
14.517457127178217,4.325974147490792,1,63820.13045443774,2.4938922051029273,65.70991576054516,0,2,1
12.974423478413538,4.186986698761419,1,65647.04511853667,6.908668581574367,40.606813790931476,3,2,2
22.586689770283748,0.21235507456407143,1,57420.67235187466,3.0237295388050143,62.64028171482077,0,2,2
10.61743648285213,2.2080670396136077,1,23334.084265744612,4.984577063748574,79.15264492326892,17,1,1
40.67602817646698,4.978610942057306,1,72789.89727586607,5.76193181114202,58.10926051321916,2,1,0
14.083818237369718,4.613078510529582,1,56822.45327912269,8.248642172039279,59.983360204869676,6,1,0
16.924714222081537,1.9132869033208113,1,9584.723309336157,8.254105615875691,81.12600677423418,13,0,1
17.297925312746074,4.834265227757063,1,56594.872661291796,5.776300038390136,41.406135862256164,39,0,1
15.686014898480753,0.6302869528604816,1,5427.787654443048,5.054585116697821,38.0718107237073,24,0,2
17.297925312746074,4.825606130721428,1,17252.515351234262,5.776300038390136,39.63621030804029,22,0,1
17.466899630618535,4.6050908581392,1,56815.55074857088,5.762023713323528,41.406135862256164,23,1,2
15.874404003976164,2.15784423857287,1,4698.891237756416,6.966465782731126,41.45254199981182,12,1,2
22.592669325618278,3.1027519918490745,1,11909.442835514252,3.054207979790502,69.61677490692676,26,0,2
11.944979949677137,2.194252086719601,1,23334.084265744612,6.966465782731126,73.2878941913023,17,1,1
16.388112548989763,3.675001120279531,1,65647.04511853667,4.774895784645954,39.675699544067335,2,2,1
15.364901858307393,3.198387989042004,0,10583.97402906744,2.167217535001762,32.2132673618352,26,1,1
18.87406167579956,3.0355632477883536,1,953.0997382251517,7.090191504642156,81.31215503114042,23,0,2
12.79330109930996,2.0878507663113046,1,24980.90796559168,2.1759721330840556,79.29200784406899,12,1,1
12.79330109930996,4.155166099100535,1,24241.29264280839,6.786685851055007,64.86131903347673,0,1,2
17.690608121664386,1.9117194540176488,1,65880.91117378746,4.981466569807671,39.675699544067335,24,2,1
14.083818237369718,0.3762487631992718,1,56838.12564625675,8.619665445746541,59.983360204869676,4,1,0
11.944979949677137,2.0735947690623435,1,22523.474484942504,7.081298405917918,80.08375916907714,22,1,1
15.693201068535888,4.757530173334803,1,64801.91523048999,8.250237434854016,59.983360204869676,14,1,0
17.396065923888806,3.818336940775601,1,17062.057028741532,5.776300038390136,85.14108760301377,2,0,1
45.9918325761412,3.5896614439004386,0,32757.580369829364,6.557747764260073,58.67736929589876,12,2,1
16.72982891330737,2.0878507663113046,1,23796.780703742847,6.698139150418047,80.08375916907714,10,1,1
14.071170394713514,0.4562563588059977,1,17280.405452640407,6.897206551330318,80.08375916907714,12,1,2
22.40068231306719,0.21235507456407143,1,57420.67235187466,7.059713050816495,62.64028171482077,1,2,2
10.61743648285213,2.1025273365054424,1,18319.910469979997,4.984577063748574,79.01717998982609,13,1,1
13.012653092175732,4.81787101504058,1,64718.007425896954,8.567071325648879,59.983360204869676,13,0,0
43.435995551090755,2.106265831699163,1,16547.800207420645,4.4417884335627855,83.23982017019739,7,0,2
15.962542655497707,2.1059650773761613,1,65005.21044806639,5.768679032034404,71.20055220590585,22,0,1
35.64449857430968,2.807317099638984,1,56461.64135658111,7.087122436553983,70.01500666143106,11,2,2
14.517457127178217,1.1436032785630184,1,62912.92496015987,2.673672466003503,19.895650884435597,7,2,1
31.7824207964178,0.9324604847558815,1,64085.62586022361,3.7082454548828423,73.57969978557779,94,1,0
35.71748601941948,4.209471306631599,0,58084.01265519489,2.4523394544707555,72.06663645135409,5,1,1
43.382310094285465,2.106265831699163,1,16547.800207420645,4.4417884335627855,74.05364074235118,60,0,2
17.25681504622554,0.14203257450310258,0,73792.64443360532,2.1765950787826363,32.28449296161256,51,1,2
17.297925312746074,4.761202043651775,1,57194.33886995194,5.776300038390136,41.406135862256164,23,0,1
11.767269799694677,4.719168361586422,0,98529.22678588712,5.402533321407315,38.4935545825699,52,2,0
30.289753346817314,1.6088462555566463,1,24448.945170472904,8.051295709531193,31.073460521009295,66,2,2
28.474116009558518,2.467166856791903,1,18129.039663446663,7.026187829066366,69.61677490692676,26,1,0
18.016786448281103,1.3638680409373116,0,2561.651329028987,6.766052563703351,111.58126217379348,57,2,1
46.27089696075444,3.803849791453848,0,119270.74983391337,6.286125119451168,65.50665618089931,13,1,2
48.51377908692372,4.858150983608583,1,100483.40786356741,1.9646651318415376,32.82487028906685,93,1,1
49.7447478774843,3.0435170748624563,0,105018.77797740324,9.272591875757769,78.65778467199574,2,2,2
44.88461365226674,3.0684711050816067,0,26517.026331631663,5.610520445270427,67.45917878636672,42,2,1
28.14947339481045,1.1571992625495637,0,8495.650725338792,2.890015455340361,0.5926776929942301,39,0,1
22.128893514750587,1.3404697775517733,1,115857.00012663662,7.91627014089157,25.40662568185992,6,2,1
29.623780779777604,1.906971773125009,0,100433.1793896998,5.895637911607502,13.416519140148031,38,1,0
14.616215828954164,2.844292634901204,1,89041.73851464552,6.2269220238167,96.56129489131591,62,0,2
12.974423478413538,3.6625834379559667,1,65647.04511853667,4.9267798625995525,39.675699544067335,2,2,1
22.586689770283748,0.23556939042588654,0,78520.35518797959,3.0237295388050143,109.55177674416149,0,2,2
30.71740244306737,2.807317099638984,1,91889.54058399388,7.7675715988953575,30.46850453848988,24,1,2
15.693201068535888,4.830593357440097,1,64801.91523048999,8.250237434854016,59.983360204869676,13,1,0
49.06010204821818,1.0941130442820057,1,84916.67395267892,9.692962447593498,56.72603409821062,79,1,1
12.79330109930996,2.0878507663113046,1,23334.084265744612,6.966465782731126,80.08375916907714,12,1,2
21.418582778977505,0.21618819219758056,1,67239.71147897496,1.9979958348039006,31.197172362108674,62,1,0
40.427211445005256,3.964492007720337,1,84785.58657561056,9.437856156947426,30.317807404664272,82,1,1
16.698274139640166,0.804380193321807,0,19568.009701763156,4.853142312973539,95.17172654150336,99,1,1
16.54465232062416,3.292151604558768,0,34729.77880777921,2.074904308870258,24.015139194546368,12,1,1
19.81539025814509,1.1819481258492743,1,4292.14433013636,5.5298315688471735,89.68267181624238,86,0,1
14.09436315871844,4.725807246814497,0,99686.11535475565,7.086106737592618,31.11998070984583,99,1,2
32.43297043224088,4.367191014835992,0,28284.54893825526,8.40798038215941,0.0770349946079163,63,2,2
40.427211445005256,3.6909899045967896,1,84785.58657561056,9.934439362182731,30.317807404664272,13,1,1
22.56497991351892,1.3404697775517733,1,104440.3336218555,7.91627014089157,25.40662568185992,6,2,1
43.382310094285465,2.106265831699163,1,11453.385620439149,4.598297244653712,74.05364074235118,62,0,2
18.547796033644243,1.369035186663261,0,79227.98278771165,3.0237295388050143,109.55177674416149,3,2,1
17.297925312746074,2.0925787903786173,1,53998.70116942893,5.776300038390136,78.44961970084265,2,0,1
16.698274139640166,0.4898339874458041,0,19568.009701763156,5.129823839137176,95.17172654150336,99,1,1
21.94688090190831,0.22407138986409436,1,67239.71147897496,1.9489184215525222,31.197172362108674,62,1,2
14.09436315871844,4.725807246814497,0,99686.11535475565,6.303710951017439,94.85972394325093,99,1,2
19.81539025814509,1.1819481258492743,1,4292.14433013636,5.5298315688471735,96.56882739601282,86,0,1
34.42254962517091,4.850997092246869,0,99333.47684945693,2.467587675128885,72.06663645135409,93,1,1
44.88461365226674,3.0684711050816067,0,26656.44305617423,5.296200044641919,66.85556911058657,62,2,1
29.95945438235242,2.808796913560284,1,91766.87127433046,7.751274593974642,39.67727378804693,2,2,2
17.25681504622554,0.03215826802245858,0,73792.64443360532,2.1765950787826363,32.28449296161256,51,1,1
16.54465232062416,3.1807510212209844,0,34729.77880777921,2.074904308870258,24.015139194546368,26,1,1
11.767269799694677,4.700498050300515,0,98529.22678588712,5.4028354409059975,38.0911581672777,94,1,0
46.28806067834244,3.803849791453848,0,119270.74983391337,6.148637216824741,65.50665618089931,82,1,2
49.13265086715789,3.0435170748624563,0,116435.25068755854,9.272591875757769,78.65778467199574,2,2,2
49.06010204821818,1.6547658592256815,1,90050.39539484063,9.501756650905243,56.72603409821062,99,1,1
22.055680184922487,0.656068418270873,0,2486.177183863947,6.766052563703351,111.58126217379348,54,2,2
12.79330109930996,4.753421753552878,1,21383.525986329478,6.966465782731126,49.21403957299642,23,1,2
29.761455224058345,1.601248438084236,1,24727.63870726851,8.100365292591707,32.53467002669445,66,2,0
14.616215828954164,2.844292634901204,1,89041.73851464552,7.060108264844853,32.821402679619574,62,0,2
48.51377908692372,4.2165953079653224,1,63462.60345581674,1.8145223039330927,32.643981079961854,5,1,1
32.43297043224088,4.367191014835992,0,28145.132213712688,8.722286693109064,4.575661080529305,56,2,2
13.734859862408536,3.66110362403279,1,62159.51255243468,4.943076855534255,30.466930294510288,24,1,1
28.14947339481045,1.1571992625495637,0,8495.650725338792,2.890015455340361,0.5926776929942301,39,0,2
28.474116009558518,2.467166856791903,1,18129.039663446663,7.026187829066366,69.61677490692676,12,1,0
31.7824207964178,0.9446260403073001,1,64085.62586022361,3.7079433353842117,73.98209620874397,52,2,0
14.616215828954164,2.844292634901204,1,89924.85637693403,6.2269220238167,96.56129489131591,62,1,2
29.623780779777604,1.906971773125009,0,99550.06152740458,5.895637911607502,13.416519140148031,38,0,0
16.036976938200432,3.1807510212209844,0,34729.77880777921,2.074904308870258,24.015139194546368,26,1,1
48.51377908692372,4.2165953079653224,1,63398.52001654307,1.8145223039330927,32.643981079961854,5,1,1
29.72693451214238,1.0016772623986157,1,62863.19545795198,3.7079433353842117,73.98209620874397,27,2,0
46.28806067834244,4.713323409721094,0,99006.09255757542,6.153586310835303,68.71772645214362,82,1,2
22.586689770283748,2.3162292482807456,1,78520.35518797959,3.0237295388050143,106.18520840315541,12,2,2
28.14947339481045,1.1560823865853638,0,8495.650725338792,2.89440861163949,0.4722990117904562,31,0,0
48.44086464040512,4.858150983608583,1,92260.50950726656,1.9646651318415376,75.10530252302927,60,1,1
43.366345976311145,2.2597758017193628,0,11424.690303549336,2.837210965890116,71.95743972880182,62,0,1
12.974423478413538,4.212482038365689,1,65647.04511853667,4.9267798625995525,39.675699544067335,2,2,1
22.964968067863637,1.5186338677088802,1,96740.40792864187,8.06891901763867,49.280928406354526,5,2,1
19.799263732531752,3.073863744115474,0,3760.9854827190684,5.610520445270427,67.14842534946239,42,2,1
18.547796033644243,1.4952054373026602,0,81592.80893185899,2.691558858057778,109.55177674416149,3,2,1
29.95945438235242,2.48235342175721,1,103055.664290416,7.026170388987147,38.52011568907041,2,1,2
13.584997269979537,3.388612018383445,1,62939.76567232747,2.3198119949576874,23.529362400738403,12,1,1
15.693201068535888,4.830593357440097,0,64801.91523048999,8.250237434854016,59.983360204869676,13,1,0
35.39978913714282,4.209471306631599,0,58148.09609446855,2.384680694770147,72.06663645135409,5,1,1
31.742253373343758,2.737712215446742,1,18129.039663446663,7.026187829066366,68.07003765564778,51,1,0
12.24589584593652,3.752533519663556,0,119583.90238552989,5.90157951368057,94.85972394325093,100,1,2
12.79330109930996,2.5571853098006745,0,26956.712329779773,6.966465782731126,80.08375916907714,0,1,2
21.418582778977505,0.21733969791597352,1,67239.71147897496,1.9936026785047998,31.949350899284795,62,1,2
43.45517249677488,2.106265831699163,1,16547.800207420645,4.4417884335627855,31.773209050673294,91,0,2
28.1654267879524,1.1634136717858397,1,8524.346042228606,4.487138551025986,3.7322876554231073,39,0,2
19.153251893466862,2.0925787903786173,1,53998.70116942893,5.776300038390136,78.44961970084265,2,0,1
12.394032063376695,4.753421753552878,1,21383.525986329478,6.777001115385486,25.33973685362195,24,1,2
44.89907083970323,1.1819481258492743,1,27054.806429903467,5.5298315688471735,89.68267181624238,88,0,1
40.427211445005256,3.6909899045967896,1,85018.14784193556,9.960856131276806,30.317807404664272,16,1,1
28.474116009558518,2.7936103485949766,1,18129.039663446663,7.751292034053861,70.77393300857065,12,2,0
16.694514913483587,3.6644613931992622,0,33949.52569088753,4.698169191956192,30.952707088318256,24,1,1
18.016786448281103,1.3638680409373116,1,2561.651329028987,6.766052563703351,111.48958740039524,57,2,1
12.79330109930996,4.753421753552878,1,21383.525986329478,6.966465782731126,32.49412373647083,23,1,2
28.48854821295512,2.467166856791903,1,34475.76105218149,7.026187829066366,72.05733445942265,12,1,0
16.54465232062416,3.291169899329811,0,26616.58922266135,7.479575818388117,24.015139194546368,12,1,1
17.297925312746074,4.761202043651775,1,61521.7663279696,5.776300038390136,2.7379298183359353,23,0,1
12.974423478413538,3.6625834379559667,1,65647.04511853667,4.9267798625995525,49.53951944603075,2,2,1
17.143637457688136,1.7714387201768242,1,53998.70116942893,5.462570322520303,76.0667862282951,2,0,1
40.427211445005256,3.6670103141305512,1,85018.14784193556,4.522940005370572,30.317807404664272,16,1,1
13.775976146595848,4.212482038365689,1,65647.04511853667,4.9267798625995525,39.675699544067335,53,2,1
43.32042247221834,1.2687678037877461,1,8546.890455120905,4.4449941104168404,0.15691257770006573,37,0,2
28.14947339481045,1.1571992625495637,0,8495.650725338792,2.890015455340361,0.5926776929942301,48,0,0
12.79330109930996,2.0878507663113046,1,23334.084265744612,6.966465782731126,77.14145377557246,6,1,2
27.514863425487864,3.8857192434530368,1,64085.62586022361,3.7876927507282465,65.17177615764281,82,2,0
13.734859862408536,3.6340383101773988,1,58977.82655223891,3.4957789797372203,32.53168710828712,24,1,0
37.97735291371893,4.170626525828864,0,15666.3836662803,2.3647695415490806,72.06663645135409,5,1,1
28.274664447536495,4.830593357440097,1,63056.76661883609,7.748639768153986,59.983360204869676,13,1,0
28.37615148541759,3.6909899045967896,1,84785.58657561056,9.934439362182731,1.207711613413803,13,1,1
16.022548779714526,3.1807510212209844,0,18383.05742135183,2.074904308870258,33.35633376899462,26,1,1
12.79330109930996,2.558167015029621,0,35069.90191489763,1.5619895403173203,80.08375916907714,0,1,2
28.14947339481045,1.1560823865853638,0,8495.650725338792,2.89440861163949,38.108188382122094,35,0,0
12.981412983956412,4.753421753552878,1,21383.525986329478,6.265882523992747,50.54549744744545,23,1,2
19.307539748524796,2.0925787903786173,1,53998.70116942893,5.776300038390136,78.44961970084265,2,0,1
16.694514913483587,3.6884409836655,0,40299.26210257411,9.995479726918878,30.952707088318256,14,1,1
18.016786448281103,1.3638680409373116,1,2561.651329028987,6.766052563703351,111.48958740039524,6,2,1
25.76218816666394,2.106265831699163,1,16525.25579611565,4.48393287417193,79.77730610233849,60,0,2
15.693201068535888,4.830593357440097,0,64801.91523048999,8.250237434854016,59.983360204869676,13,1,1
47.99614157372167,0.8628003221008793,0,119270.74983391337,6.068887801483328,74.31697623200047,47,1,2
29.72693451214238,1.028747093216576,1,62863.19545795198,6.896040256641634,66.90547249478894,27,2,1
28.474116009558518,2.5060107906128564,1,60611.03010419867,7.046099966097982,69.61677490692676,26,1,0
15.89265987409124,2.7936103485949766,1,36069.316382658304,8.25288970075389,70.77393300857065,12,2,0
40.20053329994134,1.1571992625495637,0,4951.75354617634,2.949917147720521,29.98263295323465,34,0,2
29.080485827614634,1.1571992625495637,0,8576.19762853122,2.890015455340361,0.5926776929942301,22,0,1
30.31609269662103,1.028747093216576,1,62159.87662759205,6.896040256641634,66.90547249478894,24,2,1
29.72693451214238,1.0016772623986157,1,12678.160969629505,3.5246393569913366,73.98209620874397,27,2,0
12.79330109930996,1.754089270763732,1,20561.699636741832,5.552458862587143,62.64365297888877,23,1,2
35.39978913714282,4.824045783082668,0,55862.17930385999,2.384680694770147,50.27416595665149,5,1,1
16.54465232062416,3.60855081133089,0,34729.77880777921,7.090565279895213,24.015139194546368,12,1,0
25.799122961640943,1.1892450440316447,0,57700.795081607546,2.89440861163949,0.19132248871003554,31,0,0
12.79330109930996,1.9728722417076536,0,83075.75626894059,1.5619895403173203,80.08375916907714,0,1,2
12.974423478413538,3.8498989799681573,1,65647.04511853667,4.9267798625995525,34.611916999984714,2,2,1
15.89265987409124,2.7936103485949766,1,35891.74911415611,6.9973170757081435,70.77393300857065,12,2,0
19.307539748524796,2.0925787903786173,1,53998.70116942893,5.776300038390136,70.04779081012859,25,0,0
28.46547211930913,1.3477361927011136,1,114.5252970802012,7.0252151745803495,111.48958740039524,6,1,0
40.427211445005256,2.0568546646960773,1,85300.03372699696,9.960856131276806,74.92890815826708,17,1,1
15.549433141451853,3.7778085654932716,1,64809.846559266254,4.9267798625995525,25.95415840966502,2,2,1
36.99204076065729,2.7936103485949766,1,18129.039663446663,7.691034917000291,61.66846515508735,12,2,0
17.297925312746074,4.319527313739871,0,65612.59284198645,5.776300038390136,2.7379298183359353,35,0,1
12.843193343994013,3.66110362403279,1,62862.83138279461,4.943076855534255,30.466930294510288,27,1,1
29.080485827614634,1.1571992625495637,0,54365.00965905729,2.8276287479535216,0.5926776929942301,22,0,1
17.143637457688136,4.568850021044302,1,53355.88257812852,6.8765772426641645,75.57035880384247,2,0,1
12.981412983956412,4.753421753552878,1,21383.525986329478,6.265882523992747,72.33796794214749,23,1,2
28.474116009558518,2.467166856791903,1,10960.449486148971,2.010535753192507,69.61677490692676,12,1,1
17.39019537001826,4.720251608422735,1,8474.172382339159,5.776300038390136,41.406135862256164,23,0,1
19.153251893466862,2.501257702985983,1,34212.542938826744,5.8221215495105225,77.16710451469396,2,0,1
12.974423478413538,4.284233638007398,1,61754.62194133783,4.9267798625995525,49.53951944603075,2,2,1
12.79330109930996,2.0878507663113046,1,19690.250150804684,8.22203840776241,68.32131558107669,6,1,2
28.474116009558518,2.5060107906128564,1,60611.03010419867,6.230842930911507,78.01860379764082,3,1,1
18.03986259932541,2.4832987051143363,1,36735.62892477608,6.767025218189367,72.35911799081585,17,2,1
17.297925312746074,3.695823022772224,1,53716.81527922715,5.776300038390136,33.838520266739735,2,0,1
13.118191405831173,4.715118366924859,1,44645.301756277855,8.250237434854016,59.983360204869676,13,1,0
30.3924792355139,2.467166856791903,1,18129.039663446663,7.034393393570937,69.61677490692676,26,1,0
28.14947339481045,1.1560823865853638,1,7732.686751166605,2.9310404050382557,38.108188382122094,23,0,0
31.7824207964178,0.9324604847558815,1,64085.62586022361,3.7082454548828423,73.57969978557779,94,1,0
35.71748601941948,4.209471306631599,0,58084.01265519489,2.4523394544707555,72.06663645135409,5,1,1
43.382310094285465,2.106265831699163,1,16547.800207420645,4.4417884335627855,74.05364074235118,60,0,2
17.25681504622554,0.14203257450310258,0,73792.64443360532,2.1765950787826363,32.28449296161256,51,1,2
17.297925312746074,4.761202043651775,1,57194.33886995194,5.776300038390136,41.406135862256164,23,0,1
11.767269799694677,4.719168361586422,0,98529.22678588712,5.402533321407315,38.4935545825699,52,2,0
30.289753346817314,1.6088462555566463,1,24448.945170472904,8.051295709531193,31.073460521009295,66,2,2
28.474116009558518,2.467166856791903,1,18129.039663446663,7.026187829066366,69.61677490692676,26,1,0
18.016786448281103,1.3638680409373116,0,2561.651329028987,6.766052563703351,111.58126217379348,57,2,1
46.27089696075444,3.803849791453848,0,119270.74983391337,6.286125119451168,65.50665618089931,13,1,2
48.51377908692372,4.858150983608583,1,100483.40786356741,1.9646651318415376,32.82487028906685,93,1,1
49.7447478774843,3.0435170748624563,0,105018.77797740324,9.272591875757769,78.65778467199574,2,2,2
44.88461365226674,3.0684711050816067,0,26517.026331631663,5.610520445270427,67.45917878636672,42,2,1
28.14947339481045,1.1571992625495637,0,8495.650725338792,2.890015455340361,0.5926776929942301,39,0,1
22.128893514750587,1.3404697775517733,1,115857.00012663662,7.91627014089157,25.40662568185992,6,2,1
29.623780779777604,1.906971773125009,0,100433.1793896998,5.895637911607502,13.416519140148031,38,1,0
14.616215828954164,2.844292634901204,1,89041.73851464552,6.2269220238167,96.56129489131591,62,0,2
12.974423478413538,3.6625834379559667,1,65647.04511853667,4.9267798625995525,39.675699544067335,2,2,1
22.586689770283748,0.23556939042588654,0,78520.35518797959,3.0237295388050143,109.55177674416149,0,2,2
30.71740244306737,2.807317099638984,1,91889.54058399388,7.7675715988953575,30.46850453848988,24,1,2
15.693201068535888,4.830593357440097,1,64801.91523048999,8.250237434854016,59.983360204869676,13,1,0
49.06010204821818,1.0941130442820057,1,84916.67395267892,9.692962447593498,56.72603409821062,79,1,1
12.79330109930996,2.0878507663113046,1,23334.084265744612,6.966465782731126,80.08375916907714,12,1,2
21.418582778977505,0.21618819219758056,1,67239.71147897496,1.9979958348039006,31.197172362108674,62,1,0
40.427211445005256,3.964492007720337,1,84785.58657561056,9.437856156947426,30.317807404664272,82,1,1
16.698274139640166,0.804380193321807,0,19568.009701763156,4.853142312973539,95.17172654150336,99,1,1
16.54465232062416,3.292151604558768,0,34729.77880777921,2.074904308870258,24.015139194546368,12,1,1
19.81539025814509,1.1819481258492743,1,4292.14433013636,5.5298315688471735,89.68267181624238,86,0,1
14.09436315871844,4.725807246814497,0,99686.11535475565,7.086106737592618,31.11998070984583,99,1,2
32.43297043224088,4.367191014835992,0,28284.54893825526,8.40798038215941,0.0770349946079163,63,2,2
49.06010204821818,1.0941130442820057,0,84916.67395267892,9.692962447593498,61.088795130462806,79,1,1
22.586689770283748,0.14525354164237536,0,74929.0338578484,3.0237295388050143,108.30616931623197,0,2,2
12.974423478413538,3.6625834379559667,1,65647.04511853667,4.9267798625995525,37.59519542488877,2,2,1
14.590207697534055,2.663252822251814,0,91853.83546462186,7.086106737592618,31.04428105774184,96,1,2
17.27447222974965,4.761202043651775,1,57194.33886995194,5.515633430252565,89.59728965708375,22,0,1
47.81887094159722,4.8860959740957455,1,100483.40786356741,1.9646651318415376,27.306029173736448,79,1,1
43.382310094285465,2.106265831699163,1,28873.84614735267,4.4417884335627855,74.05364074235118,60,0,0
11.767269799694677,2.955945693455966,1,98529.22678588712,5.395843308891892,38.4935545825699,51,2,2
44.19515835539646,1.3853958612100632,0,21414.57857819835,5.607863810770513,67.45917878636672,42,2,1
33.061956753792415,4.209471306631599,0,58084.01265519489,2.729021075382084,72.06663645135409,2,1,1
16.54465232062416,3.292151604558768,1,35339.09458854495,8.84686608332876,30.146872927745,82,1,1
31.929810481479137,1.637707434161983,1,24518.767337643192,8.249307491158431,32.30843929505782,63,1,0
31.7824207964178,2.088048314662748,1,70998.84452133771,6.947774091949762,69.69489061259435,94,1,2
28.14947339481045,1.1571992625495637,1,8495.650725338792,2.890015455340361,0.7756563408918105,39,0,1
29.623780779777604,1.906971773125009,0,100433.1793896998,5.895637911607502,13.416519140148031,13,1,0
18.016786448281103,1.3638680409373116,1,2561.651329028987,7.018980418354717,111.58126217379348,57,2,1
17.25681504622554,0.2323484232868873,0,78726.59202358566,1.400821069786137,33.50465474123769,51,1,2
49.7447478774843,3.0435170748624563,0,105018.77797740324,9.272591875757769,78.06467483324417,3,2,2
30.22196048186715,4.859741079195195,1,99779.67750811082,7.7675715988953575,32.090285505705054,51,1,2
19.838843341141512,1.1819481258492743,1,4292.14433013636,5.790498176984745,41.4915164377774,87,0,1
37.597423713095985,4.367191014835992,0,28284.54893825526,8.40798038215941,0.21776009084443615,63,2,2
21.418582778977505,0.21618819219758056,1,67239.71147897496,1.9979958348039006,31.197172362108674,62,1,2
18.020842685146054,4.596628261344977,0,89041.73851464552,6.233612036332123,96.56129489131591,63,0,0
22.8174725422369,3.023545029180604,1,115857.00012663662,7.918926772784562,31.5803899322746,6,2,1
16.698274139640166,0.804380193321807,0,19568.009701763156,4.853142312973539,95.17172654150336,100,1,1
40.912515061605646,3.97601718319544,0,83848.33311013723,2.6557471305558207,24.186073671465643,12,1,1
14.054522958313138,4.7912449816656535,1,64732.095006591604,8.05222565322678,58.748381435223244,13,2,2
12.79330109930996,0.9248170866138737,1,23334.084265744612,3.7269371434673753,80.08375916907714,12,1,0
28.474116009558518,2.467166856791903,0,18129.039663446663,7.026187829066366,69.61677490692676,26,1,0
46.27089696075444,3.803849791453848,0,119270.74983391337,6.286125119451168,65.50665618089931,38,1,2
43.8876054751678,2.057890377906271,1,16547.800207420645,4.4417884335627855,74.05364074235118,68,0,2
22.582472493785176,2.952012379203433,1,27181.734379523128,5.610520445270427,67.45917878636672,6,2,1
17.27447222974965,4.761202043651775,1,57194.33886995194,5.515633430252565,89.59728965708375,2,0,1
11.990630420067248,1.1747719455395162,1,22295.86658843886,5.787707191328831,80.08375916907714,12,1,0
20.084061204348743,3.292151604558768,1,62973.965300392796,2.074904308870258,37.554625263655275,12,2,1
14.054522958313138,4.7912449816656535,1,64936.75823793299,8.097083975976773,58.748381435223244,13,2,0
24.95878473567246,0.14525354164237536,0,74929.0338578484,3.0237295388050143,108.30616931623197,89,2,2
43.350284032305986,2.0927656360238127,1,64387.08420780649,4.4417884335627855,74.05364074235118,12,0,0
29.97941353710506,2.0992169052200174,1,100614.05124359636,6.966465782731126,80.08375916907714,12,1,2
22.8174725422369,3.0519915250393646,0,115857.00012663662,8.694301779360984,31.5803899322746,5,1,1
31.99320870953839,4.516132856747744,0,58084.01265519489,2.4523394544707555,69.63003291059063,26,1,0
31.75659576320248,3.6625834379559667,1,91530.85878631417,4.9267798625995525,39.675699544067335,4,2,1
15.204641261319322,4.725807246814497,1,96843.44727812782,7.1214409179025475,0.7260141461019103,34,1,2
15.837666686044894,1.3813240408577996,0,27119.136049771496,5.772851991170791,67.45917878636672,43,1,1
16.579919422179902,3.292151604558768,1,35339.09458854495,8.740036040955658,30.146872927745,82,0,1
28.269058682311655,1.2055747163773134,0,8495.650725338792,2.902861178880759,0.5926776929942301,39,0,1
45.28021327202904,1.4569285105097634,0,114839.91321071798,7.91627014089157,25.40662568185992,42,2,1
33.061956753792415,4.209471306631599,0,58084.01265519489,3.475988662603535,72.06663645135409,22,1,1
21.357303243817412,0.931993266923632,1,5331.083195300218,3.4228698288777046,92.24019321606943,82,0,1
12.974423478413538,3.6625834379559667,0,37149.67603429765,4.545938220292639,24.05570935578641,3,1,1
30.441335030392352,1.637707434161983,1,24518.767337643192,8.249307491158431,32.30843929505782,63,1,2
21.511220054129183,1.1819481258492743,1,4292.14433013636,5.9917587347504355,41.4915164377774,1,0,1
15.72614024178989,4.835703098507631,1,29288.67729182555,9.395835971506711,59.983360204869676,58,1,0
12.445647490308994,1.895605634216296,0,23151.973413282787,5.895637911607502,13.416519140148031,13,1,0
28.474116009558518,2.467166856791903,1,18129.039663446663,7.026187829066366,69.61677490692676,27,2,0
28.474116009558518,2.2452655187309185,1,18129.039663446663,8.627456651453688,68.28551611789543,5,1,1
11.96700460834193,2.807317099638984,1,65751.85393060355,7.928554837588502,30.46850453848988,24,1,2
27.039314701821624,1.892325582305557,0,8495.650725338792,3.3773105451676964,34.55220138529008,99,0,1
42.74442540947874,2.6673246428401858,0,91853.83546462186,6.921118557192199,31.04428105774184,92,2,2
17.26265821119033,4.761202043651775,1,57194.33886995194,5.883124368609694,41.406135862256164,23,1,1
30.212115126893494,1.1716056327490607,1,8627.31093616582,2.890015455340361,41.6280813439331,6,0,1
17.667974143981198,4.761202043651775,1,57194.33886995194,5.515633430252565,89.59728965708375,5,0,1
29.922297558967838,4.516132856747744,0,58084.01265519489,2.4523394544707555,74.71447878832035,26,1,0
12.974423478413538,3.6728122704750166,1,69735.29888513802,4.903324830003279,37.59519542488877,2,2,1
15.72614024178989,4.840076342422486,1,57759.08484344887,3.46678761942617,60.3771479409889,58,1,0
15.32921050779255,2.0927656360238127,1,64790.92625686719,4.4417884335627855,60.33568630774878,12,1,0
12.32578755355275,1.0231638886346874,1,57194.33886995194,5.434106885292169,89.59728965708375,22,0,1
19.81539025814509,1.1819481258492743,1,4292.14433013636,5.5298315688471735,89.57173288425737,86,0,1
20.05794433403409,1.3411412830276144,1,4292.14433013636,5.940943863824455,37.93990322555233,1,2,1
28.474116009558518,2.2452655187309185,1,18129.039663446663,8.654542035301477,68.28551611789543,15,1,1
35.71748601941948,4.209471306631599,0,58084.01265519489,2.455615870501995,72.35688586784657,5,1,1
11.96700460834193,2.844206654875902,1,65680.19194466069,7.928554837588502,29.542303995286026,15,1,2
14.112541342588877,4.760971045855745,1,64936.75823793299,5.708506033625289,58.748381435223244,8,0,0
14.054522958313138,4.738560382210114,1,64732.095006591604,8.05222565322678,58.748381435223244,40,0,1
31.76407285953714,3.6481778205178084,1,91466.44384941072,4.763795761403864,0.32550801198539503,37,2,1
22.188970579601637,2.952012379203433,1,27181.734379523128,5.610520445270427,67.45917878636672,2,2,1
29.663266302825203,2.594521867504568,1,91889.54058399388,7.7675715988953575,30.46850453848988,23,1,2
19.838843341141512,1.171719998096774,1,4292.14433013636,5.813953209581018,27.624016584645556,88,0,1
35.63869152070388,4.205085541844021,0,29613.605112214875,9.753264478850976,71.67284871523485,22,1,1
43.716216871370726,4.830593357440097,1,69063.66972992977,8.250237434854016,73.70131463947207,13,0,0
17.567216539403518,4.653929904795994,1,23334.084265744612,3.7269371434673753,80.08375916907714,14,1,0
12.79330109930996,2.8331308398962043,1,23334.084265744612,6.509836331494509,82.66706474422419,12,1,2
24.34519470366651,1.1812766203734333,1,115857.00012663662,7.9670850107096625,25.616141406923205,6,0,1
28.474116009558518,2.5596199554687016,1,18129.039663446663,7.026187829066366,66.74194310779137,5,1,0
33.061956753792415,4.209471306631599,0,47023.919668397604,2.7257446593508448,72.06663645135409,2,1,1
11.990630420067248,1.1378824421364424,1,22295.86658843886,5.787707191328831,87.41252789501681,26,1,0
16.49547323457205,4.791475979461683,1,57194.33886995194,8.16487795341681,41.406135862256164,23,2,1
28.14947339481045,1.1571992625495637,0,884.5769565221344,2.890015455340361,0.5926776929942301,12,2,2
11.990630420067248,0.849308853535028,1,3066.8881724396488,5.787707191328831,43.246080686472375,12,1,1
21.511220054129183,1.1819481258492743,1,23530.64779728096,5.9917587347504355,78.32919491734019,0,0,0
12.974423478413538,1.2023354555788206,1,6226.220629896838,6.05844394826078,37.633712111030164,1,2,1
11.990630420067248,1.0842341452712707,1,3066.8881724396488,6.164305873707431,43.246080686472375,25,1,1
10.701892868721664,0.9750996229054079,1,64801.91523048999,8.250237434854016,59.93517232893214,23,1,0
21.511220054129183,1.1819481258492743,1,23530.64779728096,5.9069539036772625,78.32919491734019,0,0,1
30.212115126893494,1.0008634094168958,1,4399.724907599821,2.890015455340361,41.6280813439331,6,0,1
17.567216539403518,4.653929904795994,1,23334.084265744612,3.7351415122045273,51.11528251285047,14,0,0
14.054522958313138,4.7912449816656535,1,57449.0015774946,5.654624664826704,58.748381435223244,13,2,1
16.507304741069078,4.782577262417403,1,56936.54830789793,5.4657236510756215,89.59728965708375,27,0,1
11.990630420067248,4.730451296978586,1,22295.86658843886,5.787707191328831,70.05247435286526,1,1,0
12.79330109930996,0.9248170866138737,1,23760.152878588156,5.12802969087263,80.08375916907714,12,1,1
29.558799771881365,3.136715601418742,1,18129.039663446663,5.432529092048414,69.61677490692676,27,1,0
17.319196798359705,4.761202043651775,1,57194.33886995194,5.342507345217143,41.406135862256164,39,0,1
11.990630420067248,1.1378824421364424,1,22295.86658843886,5.764037636558578,38.22165222737479,26,1,1
14.054522958313138,4.7912449816656535,1,22866.177641164366,6.485570667490994,58.748381435223244,13,2,0
35.63869152070388,4.205522031950529,0,58061.1029591712,9.753264478850976,71.67284871523485,26,1,1
21.511220054129183,3.642196644984925,1,63829.44920365625,4.860094649089208,41.452999751636,1,0,1
29.922297558967838,4.516132856747744,0,58084.01265519489,2.4523394544707555,74.71447878832035,12,1,0
15.631417807715959,4.851408347169412,1,57194.33886995194,5.434106885292169,89.64547752401839,12,0,1
20.084061204348743,3.292151604558768,1,62973.965300392796,2.1597096979034083,37.554625263655275,12,2,0
28.474116009558518,2.7337308294395957,1,18129.039663446663,8.67150315051104,71.47338176656919,21,1,1
14.08323636396562,4.760971045855745,1,64936.75823793299,5.700301664888506,82.66472952267809,8,1,0
14.508058140971816,4.761202043651775,1,56617.58548224994,7.913234406575055,89.59728965708375,5,0,2
44.11652444705959,2.066249163993511,1,63456.83499588071,3.8030999324854813,86.97329210152242,13,0,0
17.27447222974965,1.3394905415230394,1,57194.33886995194,5.515633430252565,89.59728965708375,10,0,1
29.90713866765054,2.2452655187309185,1,17702.971050603133,8.32489068831423,68.28551611789543,5,1,0
22.582472493785176,2.966905143251974,1,27181.734379523128,7.204179182281494,67.45917878636672,5,2,1
28.128202111115534,1.1571992625495637,1,8495.650725338792,2.7810317137732756,0.7756563408918105,27,0,1
12.974423478413538,3.6728122704750166,1,69735.29888513802,4.926994384773531,86.78607023137327,2,2,0
12.79330109930996,2.8331308398962043,1,65404.672276191304,8.121349639798996,82.66706474422419,12,1,2
33.061956753792415,4.209034816525091,0,29636.514815097995,2.7366039273721574,72.06663645135409,2,1,1
