bandwidth,cruise_speed,firm_obstacle,illuminance,obstacle_distance,obstacle_size,power,quality,smoke_intensity
48.00318330419108,0.5601892452812568,1,88243.51083069138,0.5454380814698434,114.60698182903467,10,0,2
48.00318330419108,0.5601892452812568,1,88243.51083069138,0.5454380814698434,114.60698182903467,23,0,2
48.00318330419108,0.5601892452812568,1,88243.51083069138,0.5454380814698434,114.60698182903467,76,0,2
48.00318330419108,0.5601892452812568,1,88243.51083069138,0.5454380814698434,114.60698182903467,43,0,2
48.00318330419108,0.5601892452812568,1,88243.51083069138,0.5454380814698434,114.60698182903467,40,0,2
48.00318330419108,0.5601892452812568,1,88243.51083069138,0.5454380814698434,114.60698182903467,9,0,2
48.00318330419108,0.5601892452812568,1,88243.51083069138,0.5454380814698434,114.60698182903467,64,0,2
48.00318330419108,0.5601892452812568,1,88243.51083069138,0.5454380814698434,114.60698182903467,59,0,2
48.00318330419108,0.5601892452812568,1,88243.51083069138,0.5454380814698434,114.60698182903467,24,0,2
48.00318330419108,0.5601892452812568,1,88243.51083069138,0.5454380814698434,114.60698182903467,79,0,2
48.00318330419108,0.5601892452812568,1,88243.51083069138,0.5454380814698434,114.60698182903467,19,0,2
48.00318330419108,0.5601892452812568,1,88243.51083069138,0.5454380814698434,114.60698182903467,87,0,2
48.00318330419108,0.5601892452812568,1,88243.51083069138,0.5454380814698434,114.60698182903467,1,0,2
48.00318330419108,0.5601892452812568,1,88243.51083069138,0.5454380814698434,114.60698182903467,32,0,2
48.00318330419108,0.5601892452812568,1,88243.51083069138,0.5454380814698434,114.60698182903467,78,0,2
48.00318330419108,0.5601892452812568,1,88243.51083069138,0.5454380814698434,114.60698182903467,11,0,2
48.00318330419108,0.5601892452812568,1,88243.51083069138,0.5454380814698434,114.60698182903467,15,0,2
48.00318330419108,0.5601892452812568,1,88243.51083069138,0.5454380814698434,114.60698182903467,40,0,2
48.00318330419108,0.5601892452812568,1,88243.51083069138,0.5454380814698434,114.60698182903467,71,0,2
48.00318330419108,0.5601892452812568,1,88243.51083069138,0.5454380814698434,114.60698182903467,59,0,2
48.00318330419108,0.5601892452812568,1,88243.51083069138,0.5454380814698434,114.60698182903467,17,0,2
48.00318330419108,0.5601892452812568,1,88243.51083069138,0.5454380814698434,114.60698182903467,25,0,2
48.00318330419108,0.5601892452812568,1,88243.51083069138,0.5454380814698434,114.60698182903467,28,0,2
48.00318330419108,0.5601892452812568,1,88243.51083069138,0.5454380814698434,114.60698182903467,65,0,2
48.00318330419108,0.5601892452812568,1,88243.51083069138,0.5454380814698434,114.60698182903467,74,0,2
48.00318330419108,0.5601892452812568,1,88243.51083069138,0.5454380814698434,114.60698182903467,91,0,2
48.00318330419108,0.5601892452812568,1,88243.51083069138,0.5454380814698434,114.60698182903467,63,0,2
48.00318330419108,0.5601892452812568,1,88243.51083069138,0.5454380814698434,114.60698182903467,39,0,2
48.00318330419108,0.5601892452812568,1,88243.51083069138,0.5454380814698434,114.60698182903467,27,0,2
48.00318330419108,0.5601892452812568,1,88243.51083069138,0.5454380814698434,114.60698182903467,48,0,2
41.50399159469569,3.8363685685052955,1,109806.94988990664,6.499913796797161,39.23193414599223,36,0,1
41.50399159469569,3.055234320609319,1,109806.94988990664,6.499913796797161,39.23193414599223,36,0,1
41.50399159469569,3.7186684904713694,1,109806.94988990664,6.499913796797161,39.23193414599223,36,0,1
41.50399159469569,2.534422432338223,1,109806.94988990664,6.499913796797161,39.23193414599223,36,0,1
41.50399159469569,4.414878633979104,1,109806.94988990664,6.499913796797161,39.23193414599223,36,0,1
41.50399159469569,0.778339827216199,1,109806.94988990664,6.499913796797161,39.23193414599223,36,0,1
41.50399159469569,2.987723845932802,1,109806.94988990664,6.499913796797161,39.23193414599223,36,0,1
41.50399159469569,0.4716550041203804,1,109806.94988990664,6.499913796797161,39.23193414599223,36,0,1
41.50399159469569,4.826649391673063,1,109806.94988990664,6.499913796797161,39.23193414599223,36,0,1
41.50399159469569,2.1719956807052854,1,109806.94988990664,6.499913796797161,39.23193414599223,36,0,1
41.50399159469569,0.607353402404982,1,109806.94988990664,6.499913796797161,39.23193414599223,36,0,1
41.50399159469569,4.511664912700858,1,109806.94988990664,6.499913796797161,39.23193414599223,36,0,1
41.50399159469569,4.644365854793515,1,109806.94988990664,6.499913796797161,39.23193414599223,36,0,1
41.50399159469569,1.174305298636678,1,109806.94988990664,6.499913796797161,39.23193414599223,36,0,1
41.50399159469569,1.5985153969788817,1,109806.94988990664,6.499913796797161,39.23193414599223,36,0,1
41.50399159469569,0.9152940512195823,1,109806.94988990664,6.499913796797161,39.23193414599223,36,0,1
41.50399159469569,1.9501207497845878,1,109806.94988990664,6.499913796797161,39.23193414599223,36,0,1
41.50399159469569,2.3846488821160094,1,109806.94988990664,6.499913796797161,39.23193414599223,36,0,1
41.50399159469569,1.4723186470606808,1,109806.94988990664,6.499913796797161,39.23193414599223,36,0,1
41.50399159469569,1.6364757216122416,1,109806.94988990664,6.499913796797161,39.23193414599223,36,0,1
41.50399159469569,1.3122435271055333,1,109806.94988990664,6.499913796797161,39.23193414599223,36,0,1
41.50399159469569,0.5655425414924647,1,109806.94988990664,6.499913796797161,39.23193414599223,36,0,1
41.50399159469569,0.7571075245641912,1,109806.94988990664,6.499913796797161,39.23193414599223,36,0,1
41.50399159469569,4.916787474626466,1,109806.94988990664,6.499913796797161,39.23193414599223,36,0,1
41.50399159469569,0.8762147548117033,1,109806.94988990664,6.499913796797161,39.23193414599223,36,0,1
41.50399159469569,4.134627329126817,1,109806.94988990664,6.499913796797161,39.23193414599223,36,0,1
41.50399159469569,4.516674851992405,1,109806.94988990664,6.499913796797161,39.23193414599223,36,0,1
41.50399159469569,3.162994607235553,1,109806.94988990664,6.499913796797161,39.23193414599223,36,0,1
41.50399159469569,3.3794640049351927,1,109806.94988990664,6.499913796797161,39.23193414599223,36,0,1
41.50399159469569,1.4927743383215635,1,109806.94988990664,6.499913796797161,39.23193414599223,36,0,1
16.4930491508714,2.6165398412054346,1,114653.6563744547,7.987014935347058,87.23621394882431,77,2,1
48.1612249670623,2.6165398412054346,1,114653.6563744547,7.987014935347058,87.23621394882431,77,2,1
20.444860313205304,2.6165398412054346,1,114653.6563744547,7.987014935347058,87.23621394882431,77,2,1
47.6642080664915,2.6165398412054346,1,114653.6563744547,7.987014935347058,87.23621394882431,77,2,1
41.967432436352425,2.6165398412054346,1,114653.6563744547,7.987014935347058,87.23621394882431,77,2,1
45.84958456082432,2.6165398412054346,1,114653.6563744547,7.987014935347058,87.23621394882431,77,2,1
25.64653876158654,2.6165398412054346,1,114653.6563744547,7.987014935347058,87.23621394882431,77,2,1
26.59928970652456,2.6165398412054346,1,114653.6563744547,7.987014935347058,87.23621394882431,77,2,1
27.71830109397962,2.6165398412054346,1,114653.6563744547,7.987014935347058,87.23621394882431,77,2,1
16.951815919512946,2.6165398412054346,1,114653.6563744547,7.987014935347058,87.23621394882431,77,2,1
27.400325514399192,2.6165398412054346,1,114653.6563744547,7.987014935347058,87.23621394882431,77,2,1
14.786656993329679,2.6165398412054346,1,114653.6563744547,7.987014935347058,87.23621394882431,77,2,1
35.564935608951984,2.6165398412054346,1,114653.6563744547,7.987014935347058,87.23621394882431,77,2,1
19.56053785513493,2.6165398412054346,1,114653.6563744547,7.987014935347058,87.23621394882431,77,2,1
28.23750828795061,2.6165398412054346,1,114653.6563744547,7.987014935347058,87.23621394882431,77,2,1
32.29069073877905,2.6165398412054346,1,114653.6563744547,7.987014935347058,87.23621394882431,77,2,1
23.29901740006163,2.6165398412054346,1,114653.6563744547,7.987014935347058,87.23621394882431,77,2,1
41.75549618480737,2.6165398412054346,1,114653.6563744547,7.987014935347058,87.23621394882431,77,2,1
49.95442453131423,2.6165398412054346,1,114653.6563744547,7.987014935347058,87.23621394882431,77,2,1
48.41580289030719,2.6165398412054346,1,114653.6563744547,7.987014935347058,87.23621394882431,77,2,1
28.22138063178365,2.6165398412054346,1,114653.6563744547,7.987014935347058,87.23621394882431,77,2,1
28.327075211968264,2.6165398412054346,1,114653.6563744547,7.987014935347058,87.23621394882431,77,2,1
23.243693758639896,2.6165398412054346,1,114653.6563744547,7.987014935347058,87.23621394882431,77,2,1
32.70725714653625,2.6165398412054346,1,114653.6563744547,7.987014935347058,87.23621394882431,77,2,1
24.613169861404742,2.6165398412054346,1,114653.6563744547,7.987014935347058,87.23621394882431,77,2,1
35.35554097910037,2.6165398412054346,1,114653.6563744547,7.987014935347058,87.23621394882431,77,2,1
27.495367998137098,2.6165398412054346,1,114653.6563744547,7.987014935347058,87.23621394882431,77,2,1
47.72834259522149,2.6165398412054346,1,114653.6563744547,7.987014935347058,87.23621394882431,77,2,1
26.357715162660483,2.6165398412054346,1,114653.6563744547,7.987014935347058,87.23621394882431,77,2,1
44.564198518696124,2.6165398412054346,1,114653.6563744547,7.987014935347058,87.23621394882431,77,2,1
24.303368829870813,1.0318703065557022,1,7686.491594933402,3.4177796599754395,74.27803044459418,0,1,0
24.303368829870813,1.0318703065557022,1,7686.491594933402,3.4177796599754395,74.27803044459418,0,1,0
24.303368829870813,1.0318703065557022,1,7686.491594933402,3.4177796599754395,74.27803044459418,0,0,0
24.303368829870813,1.0318703065557022,1,7686.491594933402,3.4177796599754395,74.27803044459418,0,1,0
24.303368829870813,1.0318703065557022,1,7686.491594933402,3.4177796599754395,74.27803044459418,0,1,0
24.303368829870813,1.0318703065557022,1,7686.491594933402,3.4177796599754395,74.27803044459418,0,1,0
24.303368829870813,1.0318703065557022,1,7686.491594933402,3.4177796599754395,74.27803044459418,0,1,0
24.303368829870813,1.0318703065557022,1,7686.491594933402,3.4177796599754395,74.27803044459418,0,2,0
24.303368829870813,1.0318703065557022,1,7686.491594933402,3.4177796599754395,74.27803044459418,0,0,0
24.303368829870813,1.0318703065557022,1,7686.491594933402,3.4177796599754395,74.27803044459418,0,0,0
24.303368829870813,1.0318703065557022,1,7686.491594933402,3.4177796599754395,74.27803044459418,0,1,0
24.303368829870813,1.0318703065557022,1,7686.491594933402,3.4177796599754395,74.27803044459418,0,1,0
24.303368829870813,1.0318703065557022,1,7686.491594933402,3.4177796599754395,74.27803044459418,0,1,0
24.303368829870813,1.0318703065557022,1,7686.491594933402,3.4177796599754395,74.27803044459418,0,1,0
24.303368829870813,1.0318703065557022,1,7686.491594933402,3.4177796599754395,74.27803044459418,0,0,0
24.303368829870813,1.0318703065557022,1,7686.491594933402,3.4177796599754395,74.27803044459418,0,0,0
24.303368829870813,1.0318703065557022,1,7686.491594933402,3.4177796599754395,74.27803044459418,0,2,0
24.303368829870813,1.0318703065557022,1,7686.491594933402,3.4177796599754395,74.27803044459418,0,1,0
24.303368829870813,1.0318703065557022,1,7686.491594933402,3.4177796599754395,74.27803044459418,0,1,0
24.303368829870813,1.0318703065557022,1,7686.491594933402,3.4177796599754395,74.27803044459418,0,0,0
24.303368829870813,1.0318703065557022,1,7686.491594933402,3.4177796599754395,74.27803044459418,0,2,0
24.303368829870813,1.0318703065557022,1,7686.491594933402,3.4177796599754395,74.27803044459418,0,1,0
24.303368829870813,1.0318703065557022,1,7686.491594933402,3.4177796599754395,74.27803044459418,0,2,0
24.303368829870813,1.0318703065557022,1,7686.491594933402,3.4177796599754395,74.27803044459418,0,1,0
24.303368829870813,1.0318703065557022,1,7686.491594933402,3.4177796599754395,74.27803044459418,0,0,0
24.303368829870813,1.0318703065557022,1,7686.491594933402,3.4177796599754395,74.27803044459418,0,2,0
24.303368829870813,1.0318703065557022,1,7686.491594933402,3.4177796599754395,74.27803044459418,0,2,0
24.303368829870813,1.0318703065557022,1,7686.491594933402,3.4177796599754395,74.27803044459418,0,1,0
24.303368829870813,1.0318703065557022,1,7686.491594933402,3.4177796599754395,74.27803044459418,0,0,0
24.303368829870813,1.0318703065557022,1,7686.491594933402,3.4177796599754395,74.27803044459418,0,1,0
49.49898021069073,3.2779513081475837,0,18298.22492209922,7.261034555862485,56.21005694191812,73,1,2
49.49898021069073,3.2779513081475837,0,50776.376889303356,7.261034555862485,56.21005694191812,73,1,2
49.49898021069073,3.2779513081475837,0,26630.53387498753,7.261034555862485,56.21005694191812,73,1,2
49.49898021069073,3.2779513081475837,0,62169.71723515508,7.261034555862485,56.21005694191812,73,1,2
49.49898021069073,3.2779513081475837,0,29355.34143279087,7.261034555862485,56.21005694191812,73,1,2
49.49898021069073,3.2779513081475837,0,50935.2974889198,7.261034555862485,56.21005694191812,73,1,2
49.49898021069073,3.2779513081475837,0,108782.2981470649,7.261034555862485,56.21005694191812,73,1,2
49.49898021069073,3.2779513081475837,0,47807.79419843585,7.261034555862485,56.21005694191812,73,1,2
49.49898021069073,3.2779513081475837,0,114284.23769012699,7.261034555862485,56.21005694191812,73,1,2
49.49898021069073,3.2779513081475837,0,39430.266967661926,7.261034555862485,56.21005694191812,73,1,2
49.49898021069073,3.2779513081475837,0,99287.42615656319,7.261034555862485,56.21005694191812,73,1,2
49.49898021069073,3.2779513081475837,0,99985.31892901592,7.261034555862485,56.21005694191812,73,1,2
49.49898021069073,3.2779513081475837,0,93910.20955476929,7.261034555862485,56.21005694191812,73,1,2
49.49898021069073,3.2779513081475837,0,106119.10337562436,7.261034555862485,56.21005694191812,73,1,2
49.49898021069073,3.2779513081475837,0,71785.32145130371,7.261034555862485,56.21005694191812,73,1,2
49.49898021069073,3.2779513081475837,0,76061.14260217515,7.261034555862485,56.21005694191812,73,1,2
49.49898021069073,3.2779513081475837,0,39789.84546697938,7.261034555862485,56.21005694191812,73,1,2
49.49898021069073,3.2779513081475837,0,79264.28219260884,7.261034555862485,56.21005694191812,73,1,2
49.49898021069073,3.2779513081475837,0,116500.32486321068,7.261034555862485,56.21005694191812,73,1,2
49.49898021069073,3.2779513081475837,0,72455.51734202729,7.261034555862485,56.21005694191812,73,1,2
49.49898021069073,3.2779513081475837,0,110994.21181362447,7.261034555862485,56.21005694191812,73,1,2
49.49898021069073,3.2779513081475837,0,3770.2474597825567,7.261034555862485,56.21005694191812,73,1,2
49.49898021069073,3.2779513081475837,0,40657.463036422225,7.261034555862485,56.21005694191812,73,1,2
49.49898021069073,3.2779513081475837,0,44752.68429564251,7.261034555862485,56.21005694191812,73,1,2
49.49898021069073,3.2779513081475837,0,108344.08732149356,7.261034555862485,56.21005694191812,73,1,2
49.49898021069073,3.2779513081475837,0,5083.632133477095,7.261034555862485,56.21005694191812,73,1,2
49.49898021069073,3.2779513081475837,0,5818.216542623577,7.261034555862485,56.21005694191812,73,1,2
49.49898021069073,3.2779513081475837,0,58698.59580366071,7.261034555862485,56.21005694191812,73,1,2
49.49898021069073,3.2779513081475837,0,106506.4953872962,7.261034555862485,56.21005694191812,73,1,2
49.49898021069073,3.2779513081475837,0,27942.51425031582,7.261034555862485,56.21005694191812,73,1,2
24.014435596962258,0.15408376612319807,1,33260.711019370334,6.958448065212288,59.431344749434935,70,1,1
24.014435596962258,0.15408376612319807,1,33260.711019370334,6.958448065212288,59.431344749434935,70,1,2
24.014435596962258,0.15408376612319807,1,33260.711019370334,6.958448065212288,59.431344749434935,70,1,1
24.014435596962258,0.15408376612319807,1,33260.711019370334,6.958448065212288,59.431344749434935,70,1,1
24.014435596962258,0.15408376612319807,1,33260.711019370334,6.958448065212288,59.431344749434935,70,1,1
24.014435596962258,0.15408376612319807,1,33260.711019370334,6.958448065212288,59.431344749434935,70,1,1
24.014435596962258,0.15408376612319807,1,33260.711019370334,6.958448065212288,59.431344749434935,70,1,1
24.014435596962258,0.15408376612319807,1,33260.711019370334,6.958448065212288,59.431344749434935,70,1,1
24.014435596962258,0.15408376612319807,1,33260.711019370334,6.958448065212288,59.431344749434935,70,1,2
24.014435596962258,0.15408376612319807,1,33260.711019370334,6.958448065212288,59.431344749434935,70,1,1
24.014435596962258,0.15408376612319807,1,33260.711019370334,6.958448065212288,59.431344749434935,70,1,1
24.014435596962258,0.15408376612319807,1,33260.711019370334,6.958448065212288,59.431344749434935,70,1,0
24.014435596962258,0.15408376612319807,1,33260.711019370334,6.958448065212288,59.431344749434935,70,1,1
24.014435596962258,0.15408376612319807,1,33260.711019370334,6.958448065212288,59.431344749434935,70,1,2
24.014435596962258,0.15408376612319807,1,33260.711019370334,6.958448065212288,59.431344749434935,70,1,1
24.014435596962258,0.15408376612319807,1,33260.711019370334,6.958448065212288,59.431344749434935,70,1,0
24.014435596962258,0.15408376612319807,1,33260.711019370334,6.958448065212288,59.431344749434935,70,1,0
24.014435596962258,0.15408376612319807,1,33260.711019370334,6.958448065212288,59.431344749434935,70,1,0
24.014435596962258,0.15408376612319807,1,33260.711019370334,6.958448065212288,59.431344749434935,70,1,2
24.014435596962258,0.15408376612319807,1,33260.711019370334,6.958448065212288,59.431344749434935,70,1,2
24.014435596962258,0.15408376612319807,1,33260.711019370334,6.958448065212288,59.431344749434935,70,1,0
24.014435596962258,0.15408376612319807,1,33260.711019370334,6.958448065212288,59.431344749434935,70,1,2
24.014435596962258,0.15408376612319807,1,33260.711019370334,6.958448065212288,59.431344749434935,70,1,1
24.014435596962258,0.15408376612319807,1,33260.711019370334,6.958448065212288,59.431344749434935,70,1,0
24.014435596962258,0.15408376612319807,1,33260.711019370334,6.958448065212288,59.431344749434935,70,1,2
24.014435596962258,0.15408376612319807,1,33260.711019370334,6.958448065212288,59.431344749434935,70,1,1
24.014435596962258,0.15408376612319807,1,33260.711019370334,6.958448065212288,59.431344749434935,70,1,2
24.014435596962258,0.15408376612319807,1,33260.711019370334,6.958448065212288,59.431344749434935,70,1,1
24.014435596962258,0.15408376612319807,1,33260.711019370334,6.958448065212288,59.431344749434935,70,1,2
24.014435596962258,0.15408376612319807,1,33260.711019370334,6.958448065212288,59.431344749434935,70,1,0
46.99030268727478,4.220693108979105,0,8446.710978387808,2.8231909119895504,67.38999178550011,69,0,2
46.99030268727478,4.220693108979105,0,8446.710978387808,2.8231909119895504,37.32474075107683,69,0,2
46.99030268727478,4.220693108979105,0,8446.710978387808,2.8231909119895504,34.87407312250113,69,0,2
46.99030268727478,4.220693108979105,0,8446.710978387808,2.8231909119895504,74.10599880491293,69,0,2
46.99030268727478,4.220693108979105,0,8446.710978387808,2.8231909119895504,109.838656391623,69,0,2
46.99030268727478,4.220693108979105,0,8446.710978387808,2.8231909119895504,108.3120386466239,69,0,2
46.99030268727478,4.220693108979105,0,8446.710978387808,2.8231909119895504,102.29966802568211,69,0,2
46.99030268727478,4.220693108979105,0,8446.710978387808,2.8231909119895504,54.28787719314834,69,0,2
46.99030268727478,4.220693108979105,0,8446.710978387808,2.8231909119895504,113.10401217817166,69,0,2
46.99030268727478,4.220693108979105,0,8446.710978387808,2.8231909119895504,114.9214014497799,69,0,2
46.99030268727478,4.220693108979105,0,8446.710978387808,2.8231909119895504,117.13445778059362,69,0,2
46.99030268727478,4.220693108979105,0,8446.710978387808,2.8231909119895504,67.82138433369089,69,0,2
46.99030268727478,4.220693108979105,0,8446.710978387808,2.8231909119895504,46.074739829967186,69,0,2
46.99030268727478,4.220693108979105,0,8446.710978387808,2.8231909119895504,73.7798196573837,69,0,2
46.99030268727478,4.220693108979105,0,8446.710978387808,2.8231909119895504,70.15292781953472,69,0,2
46.99030268727478,4.220693108979105,0,8446.710978387808,2.8231909119895504,14.609601541875122,69,0,2
46.99030268727478,4.220693108979105,0,8446.710978387808,2.8231909119895504,70.03470003231506,69,0,2
46.99030268727478,4.220693108979105,0,8446.710978387808,2.8231909119895504,23.001207621630666,69,0,2
46.99030268727478,4.220693108979105,0,8446.710978387808,2.8231909119895504,52.10534046310985,69,0,2
46.99030268727478,4.220693108979105,0,8446.710978387808,2.8231909119895504,8.320824750556959,69,0,2
46.99030268727478,4.220693108979105,0,8446.710978387808,2.8231909119895504,94.62719463269208,69,0,2
46.99030268727478,4.220693108979105,0,8446.710978387808,2.8231909119895504,92.3103539482202,69,0,2
46.99030268727478,4.220693108979105,0,8446.710978387808,2.8231909119895504,105.78658810483542,69,0,2
46.99030268727478,4.220693108979105,0,8446.710978387808,2.8231909119895504,33.04244524547061,69,0,2
46.99030268727478,4.220693108979105,0,8446.710978387808,2.8231909119895504,12.76051511505434,69,0,2
46.99030268727478,4.220693108979105,0,8446.710978387808,2.8231909119895504,11.171738531400063,69,0,2
46.99030268727478,4.220693108979105,0,8446.710978387808,2.8231909119895504,93.1218705689109,69,0,2
46.99030268727478,4.220693108979105,0,8446.710978387808,2.8231909119895504,52.40958888875788,69,0,2
46.99030268727478,4.220693108979105,0,8446.710978387808,2.8231909119895504,6.037880220334388,69,0,2
46.99030268727478,4.220693108979105,0,8446.710978387808,2.8231909119895504,61.20468050932361,69,0,2
41.88978137715296,4.0182026181577655,0,16150.038121072477,1.4765303742416935,45.64268933978782,20,0,0
41.88978137715296,4.0182026181577655,0,16150.038121072477,2.15055359217747,45.64268933978782,20,0,0
41.88978137715296,4.0182026181577655,0,16150.038121072477,6.694130126984044,45.64268933978782,20,0,0
41.88978137715296,4.0182026181577655,0,16150.038121072477,1.0337536416605186,45.64268933978782,20,0,0
41.88978137715296,4.0182026181577655,0,16150.038121072477,4.971214806747902,45.64268933978782,20,0,0
41.88978137715296,4.0182026181577655,0,16150.038121072477,2.0886255729490513,45.64268933978782,20,0,0
41.88978137715296,4.0182026181577655,0,16150.038121072477,5.460506053351554,45.64268933978782,20,0,0
41.88978137715296,4.0182026181577655,0,16150.038121072477,0.5313838527992287,45.64268933978782,20,0,0
41.88978137715296,4.0182026181577655,0,16150.038121072477,8.915267167017184,45.64268933978782,20,0,0
41.88978137715296,4.0182026181577655,0,16150.038121072477,8.685357794869649,45.64268933978782,20,0,0
41.88978137715296,4.0182026181577655,0,16150.038121072477,1.5629425339981373,45.64268933978782,20,0,0
41.88978137715296,4.0182026181577655,0,16150.038121072477,5.277112071556044,45.64268933978782,20,0,0
41.88978137715296,4.0182026181577655,0,16150.038121072477,0.4127599572981855,45.64268933978782,20,0,0
41.88978137715296,4.0182026181577655,0,16150.038121072477,9.932620719541774,45.64268933978782,20,0,0
41.88978137715296,4.0182026181577655,0,16150.038121072477,5.336158226182288,45.64268933978782,20,0,0
41.88978137715296,4.0182026181577655,0,16150.038121072477,6.69621296932572,45.64268933978782,20,0,0
41.88978137715296,4.0182026181577655,0,16150.038121072477,1.1581563462070021,45.64268933978782,20,0,0
41.88978137715296,4.0182026181577655,0,16150.038121072477,2.6341806046838867,45.64268933978782,20,0,0
41.88978137715296,4.0182026181577655,0,16150.038121072477,2.3435628379399187,45.64268933978782,20,0,0
41.88978137715296,4.0182026181577655,0,16150.038121072477,3.0641993785905743,45.64268933978782,20,0,0
41.88978137715296,4.0182026181577655,0,16150.038121072477,4.396278965429042,45.64268933978782,20,0,0
41.88978137715296,4.0182026181577655,0,16150.038121072477,5.313272895379754,45.64268933978782,20,0,0
41.88978137715296,4.0182026181577655,0,16150.038121072477,3.4400605437675003,45.64268933978782,20,0,0
41.88978137715296,4.0182026181577655,0,16150.038121072477,0.19393599740472167,45.64268933978782,20,0,0
41.88978137715296,4.0182026181577655,0,16150.038121072477,9.095958076877547,45.64268933978782,20,0,0
41.88978137715296,4.0182026181577655,0,16150.038121072477,6.509566349533155,45.64268933978782,20,0,0
41.88978137715296,4.0182026181577655,0,16150.038121072477,6.433383793227487,45.64268933978782,20,0,0
41.88978137715296,4.0182026181577655,0,16150.038121072477,9.676926775685233,45.64268933978782,20,0,0
41.88978137715296,4.0182026181577655,0,16150.038121072477,0.5474278227857898,45.64268933978782,20,0,0
41.88978137715296,4.0182026181577655,0,16150.038121072477,1.344058016280636,45.64268933978782,20,0,0
34.981538651843074,2.1633084769298128,1,6340.077700258733,7.1088835568839155,105.7966287798182,63,2,1
34.981538651843074,2.1633084769298128,1,6340.077700258733,7.1088835568839155,105.7966287798182,63,2,1
34.981538651843074,2.1633084769298128,1,6340.077700258733,7.1088835568839155,105.7966287798182,63,2,1
34.981538651843074,2.1633084769298128,0,6340.077700258733,7.1088835568839155,105.7966287798182,63,2,1
34.981538651843074,2.1633084769298128,0,6340.077700258733,7.1088835568839155,105.7966287798182,63,2,1
34.981538651843074,2.1633084769298128,1,6340.077700258733,7.1088835568839155,105.7966287798182,63,2,1
34.981538651843074,2.1633084769298128,0,6340.077700258733,7.1088835568839155,105.7966287798182,63,2,1
34.981538651843074,2.1633084769298128,1,6340.077700258733,7.1088835568839155,105.7966287798182,63,2,1
34.981538651843074,2.1633084769298128,0,6340.077700258733,7.1088835568839155,105.7966287798182,63,2,1
34.981538651843074,2.1633084769298128,0,6340.077700258733,7.1088835568839155,105.7966287798182,63,2,1
34.981538651843074,2.1633084769298128,1,6340.077700258733,7.1088835568839155,105.7966287798182,63,2,1
34.981538651843074,2.1633084769298128,0,6340.077700258733,7.1088835568839155,105.7966287798182,63,2,1
34.981538651843074,2.1633084769298128,0,6340.077700258733,7.1088835568839155,105.7966287798182,63,2,1
34.981538651843074,2.1633084769298128,1,6340.077700258733,7.1088835568839155,105.7966287798182,63,2,1
34.981538651843074,2.1633084769298128,0,6340.077700258733,7.1088835568839155,105.7966287798182,63,2,1
34.981538651843074,2.1633084769298128,1,6340.077700258733,7.1088835568839155,105.7966287798182,63,2,1
34.981538651843074,2.1633084769298128,0,6340.077700258733,7.1088835568839155,105.7966287798182,63,2,1
34.981538651843074,2.1633084769298128,0,6340.077700258733,7.1088835568839155,105.7966287798182,63,2,1
34.981538651843074,2.1633084769298128,0,6340.077700258733,7.1088835568839155,105.7966287798182,63,2,1
34.981538651843074,2.1633084769298128,0,6340.077700258733,7.1088835568839155,105.7966287798182,63,2,1
34.981538651843074,2.1633084769298128,0,6340.077700258733,7.1088835568839155,105.7966287798182,63,2,1
34.981538651843074,2.1633084769298128,0,6340.077700258733,7.1088835568839155,105.7966287798182,63,2,1
34.981538651843074,2.1633084769298128,1,6340.077700258733,7.1088835568839155,105.7966287798182,63,2,1
34.981538651843074,2.1633084769298128,1,6340.077700258733,7.1088835568839155,105.7966287798182,63,2,1
34.981538651843074,2.1633084769298128,1,6340.077700258733,7.1088835568839155,105.7966287798182,63,2,1
34.981538651843074,2.1633084769298128,0,6340.077700258733,7.1088835568839155,105.7966287798182,63,2,1
34.981538651843074,2.1633084769298128,1,6340.077700258733,7.1088835568839155,105.7966287798182,63,2,1
34.981538651843074,2.1633084769298128,1,6340.077700258733,7.1088835568839155,105.7966287798182,63,2,1
34.981538651843074,2.1633084769298128,0,6340.077700258733,7.1088835568839155,105.7966287798182,63,2,1
34.981538651843074,2.1633084769298128,0,6340.077700258733,7.1088835568839155,105.7966287798182,63,2,1
16.4930491508714,3.8363685685052955,1,18298.22492209922,1.4765303742416935,67.38999178550011,10,1,1
48.1612249670623,3.055234320609319,1,50776.376889303356,2.15055359217747,37.32474075107683,23,1,2
20.444860313205304,3.7186684904713694,1,26630.53387498753,6.694130126984044,34.87407312250113,76,0,1
47.6642080664915,2.534422432338223,0,62169.71723515508,1.0337536416605186,74.10599880491293,43,1,1
41.967432436352425,4.414878633979104,0,29355.34143279087,4.971214806747902,109.838656391623,40,1,1
45.84958456082432,0.778339827216199,1,50935.2974889198,2.0886255729490513,108.3120386466239,9,1,1
25.64653876158654,2.987723845932802,0,108782.2981470649,5.460506053351554,102.29966802568211,64,1,1
26.59928970652456,0.4716550041203804,1,47807.79419843585,0.5313838527992287,54.28787719314834,59,2,1
27.71830109397962,4.826649391673063,0,114284.23769012699,8.915267167017184,113.10401217817166,24,0,2
16.951815919512946,2.1719956807052854,0,39430.266967661926,8.685357794869649,114.9214014497799,79,0,1
27.400325514399192,0.607353402404982,1,99287.42615656319,1.5629425339981373,117.13445778059362,19,1,1
14.786656993329679,4.511664912700858,0,99985.31892901592,5.277112071556044,67.82138433369089,87,1,0
35.564935608951984,4.644365854793515,0,93910.20955476929,0.4127599572981855,46.074739829967186,1,1,1
19.56053785513493,1.174305298636678,1,106119.10337562436,9.932620719541774,73.7798196573837,32,1,2
28.23750828795061,1.5985153969788817,0,71785.32145130371,5.336158226182288,70.15292781953472,78,0,1
32.29069073877905,0.9152940512195823,1,76061.14260217515,6.69621296932572,14.609601541875122,11,0,0
23.29901740006163,1.9501207497845878,0,39789.84546697938,1.1581563462070021,70.03470003231506,15,2,0
41.75549618480737,2.3846488821160094,0,79264.28219260884,2.6341806046838867,23.001207621630666,40,1,0
49.95442453131423,1.4723186470606808,0,116500.32486321068,2.3435628379399187,52.10534046310985,71,1,2
48.41580289030719,1.6364757216122416,0,72455.51734202729,3.0641993785905743,8.320824750556959,59,0,2
28.22138063178365,1.3122435271055333,0,110994.21181362447,4.396278965429042,94.62719463269208,17,2,0
28.327075211968264,0.5655425414924647,0,3770.2474597825567,5.313272895379754,92.3103539482202,25,1,2
23.243693758639896,0.7571075245641912,1,40657.463036422225,3.4400605437675003,105.78658810483542,28,2,1
32.70725714653625,4.916787474626466,1,44752.68429564251,0.19393599740472167,33.04244524547061,65,1,0
24.613169861404742,0.8762147548117033,1,108344.08732149356,9.095958076877547,12.76051511505434,74,0,2
35.35554097910037,4.134627329126817,0,5083.632133477095,6.509566349533155,11.171738531400063,91,2,1
27.495367998137098,4.516674851992405,1,5818.216542623577,6.433383793227487,93.1218705689109,63,2,2
47.72834259522149,3.162994607235553,1,58698.59580366071,9.676926775685233,52.40958888875788,39,1,1
26.357715162660483,3.3794640049351927,0,106506.4953872962,0.5474278227857898,6.037880220334388,27,0,2
44.564198518696124,1.4927743383215635,0,27942.51425031582,1.344058016280636,61.20468050932361,48,1,0
27.743453559423912,2.447048536381309,1,59662.111247467874,6.152600351193138,74.10599880491293,43,2,2
28.23750828795061,1.6201590975007945,0,71785.32145130371,8.777256881622602,69.9096942264203,78,0,1
49.1287089997837,1.4318194264961717,0,105570.2905717494,0.5474278227857898,5.813023465641386,30,0,2
41.75549618480737,2.3846488821160094,0,39713.145897795745,1.0991126216260745,23.001207621630666,39,1,0
35.11491202132307,1.6830279830350052,0,5083.632133477095,6.509566349533155,11.155712827288786,91,2,1
30.15630603988348,0.9152940512195823,1,69964.80603145728,6.69621296932572,12.686032669216694,72,0,0
35.397579297792404,4.638666717506499,0,93318.5873198901,0.4127599572981855,52.728523375580984,40,1,1
27.896957125844473,4.826649391673063,1,114284.23769012699,8.915267167017184,113.38720164979506,23,0,2
23.243693758639896,1.1391260470425089,1,40657.463036422225,3.4400605437675003,105.18441893223803,28,2,1
15.283592322320136,4.414878633979104,0,29355.34143279087,4.971214806747902,109.838656391623,40,1,1
26.435288204093165,0.48767349765784235,0,50360.136484856885,4.396278965429042,94.62719463269208,18,2,0
45.84958456082432,3.8089799876178025,1,16620.62725897347,2.98052269089239,108.3120386466239,9,1,1
24.59537134812329,3.13530036135608,0,108344.08732149356,5.5067313549838115,102.98562143243203,74,0,2
44.564198518696124,1.4927743383215635,0,26471.167591505004,0.7321431805058254,61.20468050932361,45,1,0
47.40506414115375,4.516674851992405,0,124.81244560919004,1.314960053819624,93.1218705689109,63,1,1
16.951815919512946,2.1503519801833733,0,39430.266967661926,5.24423990675013,115.12817818676632,79,0,1
26.73916493991132,3.6331960110966293,0,116500.32486321068,2.3435628379399187,52.35411545940002,73,1,2
23.29901740006163,1.9501207497845878,0,78615.75097159302,2.6932243696896427,70.03470003231506,15,2,0
48.63995610692518,4.088066859999724,0,72455.51734202729,3.0641993785905743,8.336850454668237,60,0,2
20.444860313205304,3.7186684904713694,1,26630.53387498753,6.77360023720815,34.87407312250113,27,0,1
48.490619659546674,3.1686504439588163,1,59290.21778203557,9.676926775685233,45.75580534314408,1,1,1
47.95994639817924,3.055234320609319,0,50776.376889303356,2.15055359217747,36.932330326167055,24,1,2
19.56053785513493,0.792286776158482,1,106119.10337562436,9.932620719541774,74.381970387298,32,1,2
41.614671640530354,4.511664912700858,0,99985.31892901592,5.277112071556044,67.82138433369089,87,1,0
28.18138689272427,1.2962251082028664,1,109580.65922961745,0.5313838527992287,53.93949777797257,58,2,1
16.4930491508714,0.8057878334291979,1,52612.92435748661,1.479282215702304,67.38999178550011,23,1,1
25.70820677005793,0.7286744153177762,1,108782.2981470649,9.049646041516898,13.558975899316959,65,1,1
41.967432436352425,3.3555635383224525,0,29355.34143279087,4.971214806747902,5.796336484870565,40,1,1
28.635863987069133,3.010278515121394,0,3770.2474597825567,5.313272895379754,92.3103539482202,64,1,2
26.357715162660483,4.438778807119522,0,106506.4953872962,0.5474278227857898,110.32572777857037,27,0,2
16.19095523288775,3.5796153497610756,1,101994.72607025603,9.995291506366932,69.96595657814082,32,1,1
28.205747407830156,1.8156211008344685,0,39789.84546697938,4.393623883512162,70.03470003231506,15,2,0
16.951815919512946,2.1503519801833733,0,32965.024279613106,5.24423990675013,115.12817818676632,79,1,1
26.435288204093165,0.48767349765784235,0,50425.36101065161,4.396278965429042,95.12410658101939,10,2,0
15.283592322320136,4.414878633979104,1,77559.28668203349,4.971214806747902,113.92761265409109,40,0,1
23.35863231735506,1.9501207497845878,0,7424.395614357694,2.6932243696896427,71.09985526595973,18,2,0
48.1612249670623,3.055234320609319,1,50776.376889303356,2.15055359217747,39.60288568866643,23,2,2
16.205190008588005,1.1391260470425089,1,40755.45328347363,1.424200516193075,105.18441893223803,23,2,1
27.83799342099794,4.826649391673063,1,113906.52409045228,9.003937469395671,118.27209134108598,23,0,2
47.95994639817924,3.824797890242221,0,52076.53363578758,1.5484284876347267,39.01756488856199,24,1,2
48.490619659546674,3.1200020296619186,1,59290.21778203557,9.676926775685233,44.089674928618194,1,1,1
45.47115735028239,0.778339827216199,1,49957.54744773036,2.0886255729490513,105.83138062856358,9,2,1
28.044807009090157,4.651978524233973,0,93910.20955476929,0.7593886805203813,117.45551555958471,1,0,2
16.4930491508714,1.431058421760058,1,30216.42555780648,0.9164831878623918,67.38999178550011,10,1,2
23.31465062401513,1.3393110175829026,0,110994.21181362447,1.1608204204612358,117.72149748344401,17,2,0
26.73916493991132,3.6331960110966293,0,116500.32486321068,2.3435628379399187,52.35411545940002,73,0,2
49.95442453131423,1.4723186470606808,0,116500.32486321068,2.3435628379399187,59.121088676638564,71,1,2
41.75549618480737,2.3846488821160094,0,43015.20713303267,1.8644900809610916,22.50457941027814,41,1,0
32.29069073877905,0.9152940512195823,0,27857.20484279895,6.69621296932572,14.609601541875122,11,1,0
28.576249069775727,2.8611232797645627,0,75206.82971901496,5.313272895379754,91.24519871391396,61,1,2
26.59928970652456,0.4716550041203804,1,47807.79419843585,0.5163147234218202,54.28787719314834,59,1,1
24.380272372877723,0.8057878334291979,1,48735.98109099548,3.896509242158011,67.38999178550011,28,1,1
27.90329820467931,0.5655425414924647,0,661.1592112851235,5.224498801254381,92.3103539482202,25,1,2
48.841273349622554,3.0394164179805405,1,6527.929483175612,2.9606169984177377,108.3120386466239,9,1,2
27.400325514399192,0.6560791487238091,1,99287.42615656319,1.5629425339981373,117.93086533858107,19,1,1
23.6198276616224,0.7571075245641912,1,40657.463036422225,3.4400605437675003,108.26724612289576,28,1,1
35.23842969383947,4.819036722129434,0,114284.23769012699,8.594896171795165,40.73934766607001,26,1,1
20.444860313205304,3.7186684904713694,1,25577.21747434398,7.4377503112195935,34.87407312250113,76,0,1
48.1612249670623,4.6401923177217625,1,49818.765201547,0.7585168872416131,46.243030159525524,23,1,2
35.564935608951984,3.0855319028073724,0,94867.81469865158,2.086786254257769,37.15645042151849,1,1,1
20.444860313205304,3.7186684904713694,1,26526.397091932173,6.77360023720815,33.32035605818601,19,0,1
16.4930491508714,1.431058421760058,1,29524.776055395232,0.9164831878623918,67.38999178550011,10,1,2
28.352124268611135,0.5655425414924647,0,3770.2474597825567,5.276860124979028,92.3103539482202,23,1,2
28.300540093304203,1.787788861213329,0,9077.110572158042,4.140152723659267,107.6899624564474,15,1,0
23.743039121541095,0.5655425414924647,1,37115.458292629824,3.553358500703483,92.60658236734615,25,1,2
32.29069073877905,0.9152940512195823,1,85027.28810609091,6.69621296932572,40.30680898465395,11,0,0
49.226026292431975,4.6401923177217625,1,49155.51951616033,0.7585168872416131,46.512207689355755,23,1,2
16.050313038985642,0.8057878334291979,1,52624.84845875891,0.6233160091752734,54.24173427619989,23,1,1
24.380272372877723,0.8057878334291979,1,37375.551490694816,3.896509242158011,67.38999178550011,31,1,1
35.564935608951984,4.735302690364014,0,93910.20955476929,0.8094976016425037,46.074739829967186,0,1,1
27.424441759382436,0.4701941069888075,1,41756.31364888522,0.5115124708846802,54.28787719314834,59,2,1
17.374097495903897,1.1463905303722206,0,39529.21416743186,4.415314881127141,96.21420064386369,18,2,0
46.655084503827716,4.414878633979104,1,29355.34143279087,3.835244897341041,109.838656391623,9,1,1
22.729408887608365,1.0607402858467136,1,18298.22492209922,1.4232441690484534,67.38999178550011,10,1,1
23.243693758639896,1.1391260470425089,1,40761.59981948199,3.5264669162080384,106.72585520158108,38,2,1
24.85654234800961,0.6560791487238091,1,99287.42615656319,1.5629425339981373,117.93086533858107,25,1,1
48.685649525271614,3.067248657611553,1,37242.930622536594,2.9606169984177377,70.65649422959171,9,2,2
27.78008674476062,0.7571075245641912,0,1585.1147180724183,5.111200844318651,107.97101757914037,28,1,1
48.1612249670623,2.9914519985885137,1,50776.376889303356,2.15055359217747,13.905684785253568,23,2,2
20.736136312872176,1.9501207497845878,0,93113.38700648432,2.3903062818709873,70.04960166577949,15,2,0
27.04202789229015,0.3867431080750766,1,52750.68370385945,1.606189967225102,67.43613470244857,55,1,1
23.31465062401513,1.3393110175829026,0,110994.21181362447,1.1608204204612358,117.72149748344401,13,2,0
32.29069073877905,0.811315800610477,0,27857.20484279895,6.69621296932572,14.609601541875122,11,1,0
26.575173461541315,0.608814299536555,1,99287.42615656319,1.5828144506411672,117.13445778059362,19,1,1
23.631327579552085,2.1503519801833733,0,50261.18928508694,5.22520399105203,115.12817818676632,79,0,1
14.454787920605888,0.778339827216199,0,50935.2974889198,2.311557033748742,108.3120386466239,40,1,2
16.205190008588005,3.9147557481443016,1,40755.45328347363,1.4774867213863154,105.18441893223803,23,2,1
29.103158011798975,1.8156211008344685,0,52130.29023397844,4.393623883512162,93.87778555663387,15,2,0
45.622629847131314,1.1280505168219328,1,40755.45328347363,2.0887340829411687,108.24436835803866,7,2,1
28.100515759417227,0.48767349765784235,0,39987.127552066166,4.396278965429042,70.7841091023765,17,2,0
17.369942415690264,0.824410498716377,1,51875.12673458483,0.7096452379660814,53.93366081934933,22,2,1
16.68891455555721,0.8006017361707914,1,53579.48935279211,1.5630898390859311,117.33920777330087,23,1,1
48.685649525271614,3.067248657611553,1,37242.930622536594,2.9606169984177377,70.65649422959171,22,2,2
49.226026292431975,4.569925569704441,1,49155.51951616033,0.8154981453392669,67.64460688947966,24,1,2
15.95185980934248,1.1078654595463437,1,3531.795720616302,4.140152723659267,107.6899624564474,15,1,0
32.57329431469018,0.608814299536555,1,99287.42615656319,6.7932864027163475,117.13445778059362,19,1,1
20.444860313205304,3.7186684904713694,1,24294.2812313934,6.77040462051649,68.07178796197019,19,0,1
26.50443275240022,0.5684361091932867,0,52654.00760388343,5.258040470261507,94.62719463269208,18,2,0
20.444860313205304,3.7186684904713694,1,28132.39227981541,7.179266993624787,46.318421358823336,23,0,1
46.655084503827716,4.444116544314712,1,32273.824273307637,3.352741035275943,68.3564489554938,9,1,1
47.39025091351107,0.778339827216199,1,26579.5762955639,1.993371706029078,105.83138062856358,9,2,1
48.841273349622554,3.0394164179805405,1,6527.929483175612,2.9606169984177377,108.3120386466239,3,1,2
13.615773752023092,1.431058421760058,1,23762.085885210996,0.928232348498724,14.656253406366623,11,1,0
16.4930491508714,1.431058421760058,1,49696.76077474398,2.1321268765570083,63.05919993813105,6,2,2
22.933162198498934,1.0607402858467136,1,96883.85754416996,6.871686313842956,69.82054583141333,10,0,1
16.981335395229525,1.127767865085045,0,39520.6081598368,4.415314881127141,96.21420064386369,18,1,0
27.400325514399192,0.6612652459822156,1,98943.79225675925,1.4791349106145102,67.74439891048198,19,1,1
28.352124268611135,0.5655425414924647,0,3770.2474597825567,5.276860124979028,92.3103539482202,10,1,2
24.380272372877723,0.8748847199754048,1,37375.551490694816,3.8396139432018046,55.94726636874762,31,1,1
25.998849072621873,1.8190494487123985,0,40755.45328347363,1.424200516193075,103.03545274544246,23,2,1
26.292569885630204,0.9152940512195823,0,27857.20484279895,0.48042554612996,17.67286231314943,11,1,0
24.380272372877723,1.2979204747468276,1,48735.98109099548,3.8940199747254693,32.63855992622067,28,1,1
27.83415365637225,0.48477992995702046,0,661.1592112851235,4.767389310029812,92.3103539482202,25,1,2
48.1612249670623,4.6401923177217625,1,47946.531575618086,0.39037184020615623,34.79868192320332,27,1,2
16.4930491508714,3.8363685685052955,1,18298.22492209922,1.4765303742416935,108.87098784424843,15,1,1
32.29069073877905,0.6707374085894907,0,61542.195489892496,6.791473641527761,14.609601541875122,11,1,0
16.205190008588005,3.9147557481443016,1,38585.67771551063,1.4774867213863154,105.18441893223803,23,2,1
32.29069073877905,0.9152940512195823,1,76061.14260217515,6.685563050168206,67.34405472459095,10,0,2
48.1612249670623,2.9914519985885137,1,31296.041672452688,0.9349099123121927,18.2373395648632,23,1,2
32.086937428022324,0.9152940512195823,1,11435.979631211514,1.2481747102662792,40.30680898465395,27,1,0
16.4930491508714,3.8363685685052955,1,18298.22492209922,1.4765303742416935,67.38999178550011,10,1,1
48.1612249670623,3.055234320609319,1,50776.376889303356,2.15055359217747,37.32474075107683,23,1,2
20.444860313205304,3.7186684904713694,1,26630.53387498753,6.694130126984044,34.87407312250113,76,0,1
47.6642080664915,2.534422432338223,0,62169.71723515508,1.0337536416605186,74.10599880491293,43,1,1
41.967432436352425,4.414878633979104,0,29355.34143279087,4.971214806747902,109.838656391623,40,1,1
45.84958456082432,0.778339827216199,1,50935.2974889198,2.0886255729490513,108.3120386466239,9,1,1
25.64653876158654,2.987723845932802,0,108782.2981470649,5.460506053351554,102.29966802568211,64,1,1
26.59928970652456,0.4716550041203804,1,47807.79419843585,0.5313838527992287,54.28787719314834,59,2,1
27.71830109397962,4.826649391673063,0,114284.23769012699,8.915267167017184,113.10401217817166,24,0,2
16.951815919512946,2.1719956807052854,0,39430.266967661926,8.685357794869649,114.9214014497799,79,0,1
27.400325514399192,0.607353402404982,1,99287.42615656319,1.5629425339981373,117.13445778059362,19,1,1
14.786656993329679,4.511664912700858,0,99985.31892901592,5.277112071556044,67.82138433369089,87,1,0
35.564935608951984,4.644365854793515,0,93910.20955476929,0.4127599572981855,46.074739829967186,1,1,1
19.56053785513493,1.174305298636678,1,106119.10337562436,9.932620719541774,73.7798196573837,32,1,2
28.23750828795061,1.5985153969788817,0,71785.32145130371,5.336158226182288,70.15292781953472,78,0,1
32.29069073877905,0.9152940512195823,1,76061.14260217515,6.69621296932572,14.609601541875122,11,0,0
23.29901740006163,1.9501207497845878,0,39789.84546697938,1.1581563462070021,70.03470003231506,15,2,0
41.75549618480737,2.3846488821160094,0,79264.28219260884,2.6341806046838867,23.001207621630666,40,1,0
49.95442453131423,1.4723186470606808,0,116500.32486321068,2.3435628379399187,52.10534046310985,71,1,2
48.41580289030719,1.6364757216122416,0,72455.51734202729,3.0641993785905743,8.320824750556959,59,0,2
28.22138063178365,1.3122435271055333,0,110994.21181362447,4.396278965429042,94.62719463269208,17,2,0
28.327075211968264,0.5655425414924647,0,3770.2474597825567,5.313272895379754,92.3103539482202,25,1,2
23.243693758639896,0.7571075245641912,1,40657.463036422225,3.4400605437675003,105.78658810483542,28,2,1
32.70725714653625,4.916787474626466,1,44752.68429564251,0.19393599740472167,33.04244524547061,65,1,0
24.613169861404742,0.8762147548117033,1,108344.08732149356,9.095958076877547,12.76051511505434,74,0,2
35.35554097910037,4.134627329126817,0,5083.632133477095,6.509566349533155,11.171738531400063,91,2,1
27.495367998137098,4.516674851992405,1,5818.216542623577,6.433383793227487,93.1218705689109,63,2,2
47.72834259522149,3.162994607235553,1,58698.59580366071,9.676926775685233,52.40958888875788,39,1,1
26.357715162660483,3.3794640049351927,0,106506.4953872962,0.5474278227857898,6.037880220334388,27,0,2
44.564198518696124,1.4927743383215635,0,27942.51425031582,1.344058016280636,61.20468050932361,48,1,0
26.27743957751555,2.4371507347269477,0,47807.79419843585,0.5299944001531987,54.28787719314834,59,2,0
25.676913443618805,2.979467154999937,1,3165.5475909168817,6.41525454791549,93.1218705689109,62,2,2
35.35554097910037,4.134627329126817,0,5083.632133477095,6.605912672538926,11.171738531400063,93,2,1
32.29069073877905,0.9152940512195823,1,76061.14260217515,6.69621296932572,68.80178542323398,12,0,0
45.77968385039324,0.8014398934258598,0,115012.03070000914,2.2952779395682645,118.39452596843302,24,0,1
28.23750828795061,1.5369412280623944,0,71785.32145130371,5.336158226182288,70.15292781953472,78,0,1
45.76963740500159,3.7186684904713694,0,27931.04851445511,1.7952937747667432,61.3410389173667,74,0,0
48.1612249670623,3.055234320609319,1,4723.060268840818,2.191571877360428,37.32474075107683,25,1,2
19.811064416932737,1.174305298636678,1,106119.10337562436,9.546434710243016,65.62901253478883,33,1,0
41.967432436352425,4.414878633979104,0,29577.996745982633,5.397914755083153,85.5378295387725,40,1,1
47.6642080664915,2.534422432338223,0,62169.71723515508,1.0337536416605186,74.10599880491293,43,0,1
37.33303427753593,4.644365854793515,0,93910.20955476929,0.4127599572981855,45.662058869858,1,1,0
27.261637907880974,0.6210354881117506,1,18489.852230845776,1.4729528740204505,117.13445778059362,19,1,1
28.130210108457863,3.4331314652362535,0,111314.11916447918,4.503158469212759,8.05020508753119,38,0,2
21.965618676495637,1.4723186470606808,0,41491.788863286674,2.3435628379399187,49.73371299799052,71,1,2
42.077340849470126,0.41934418131645845,1,79666.33277471976,2.600188124539886,23.001207621630666,40,1,1
27.464993316104835,4.524918462072334,0,112493.5887461559,5.478635298663551,102.29966802568211,64,1,1
47.72834259522149,3.162994607235553,1,58698.59580366071,9.676926775685233,52.40958888875788,37,1,1
14.786656993329679,4.511664912700858,0,99985.31892901592,5.277112071556044,13.63121235446826,79,1,0
27.787525868929265,4.903172172796903,1,50063.67991661218,8.799316780641494,108.3120386466239,8,1,2
24.84071097218875,0.8762147548117033,1,108344.08732149356,9.095958076877547,2.0112832488231547,73,0,2
19.23070630936806,1.4927743383215635,1,26641.99961084824,6.242997309693889,34.737714715028815,50,1,1
28.327075211968264,0.5655425414924647,0,49892.03971545077,5.272254662189771,92.3103539482202,23,1,2
32.45673069842376,4.916787474626466,1,44752.68429564251,0.5233070223115268,33.04244524547061,64,1,2
16.951815919512946,2.1719956807052854,0,39207.611654470165,8.685357794869649,114.9214014497799,79,0,1
48.41580289030719,1.6937770151183624,0,72455.51734202729,3.0641993785905743,8.320824750556959,59,1,2
22.441734010298763,1.9501207497845878,0,39789.84546697938,1.1581563462070021,72.41207547874384,13,2,1
16.631737348094134,3.852485126556711,1,99097.36982755916,1.5665200342193804,67.38999178550011,3,1,1
26.332759162415236,1.2585762732213521,0,106186.58803643352,0.45531294594670113,92.79109940844741,17,2,0
49.92360471956285,0.7571075245641912,1,116624.57192527618,3.4400605437675003,108.15136182568726,28,2,1
26.567598765573877,0.607353402404982,1,99287.42615656319,1.5629425339981373,117.13445778059362,19,1,1
12.913710843290552,3.8363685685052955,1,18298.22492209922,1.4765303742416935,59.461702569161496,10,1,2
27.994543221391925,0.7371015497452073,0,27942.51425031582,5.219069161901466,89.60231746634227,49,1,0
27.37760510115438,0.8461572422590767,0,77528.95982985239,0.5299944001531987,54.28787719314834,59,2,0
49.22176133527613,1.0049128595054309,0,93910.20955476929,0.9149018606341675,108.30206788920151,2,1,0
20.444860313205304,1.5280658301988035,1,26630.53387498753,7.049229603988388,34.87407312250113,78,0,1
19.0354230064557,4.901171718217275,1,53225.26511371744,8.33685927647787,117.8380007030906,48,1,2
22.59892010984086,0.7571075245641912,1,38350.748632602495,1.7198878978970993,105.78658810483542,28,2,1
48.731876305314245,1.907897634992378,1,39789.84546697938,1.1581563462070021,51.51903362590002,39,2,0
32.29069073877905,0.9152940512195823,1,76061.14260217515,6.69621296932572,14.609601541875122,1,0,0
28.327075211968264,2.0000569019128918,0,3770.2474597825567,5.313272895379754,92.3103539482202,25,1,2
45.76041857956705,0.4753787506581497,0,50582.401650115076,2.020342846776866,108.3120386466239,9,0,1
27.261637907880974,0.632991715582494,1,18489.852230845776,1.4729528740204505,116.9138005177109,20,2,0
46.936882956951585,2.4269378070433034,0,41007.33535803272,1.063483232698402,55.71032792833539,65,1,1
49.33613307522148,3.162994607235553,1,58698.59580366071,9.676926775685233,52.40958888875788,37,1,1
49.816301867609965,3.0255791022293472,1,4723.060268840818,2.191571877360428,34.248854074452616,28,1,1
44.89652751837605,1.4842794404760167,0,49892.03971545077,1.3972577511543278,61.147500433974415,23,1,2
19.56053785513493,1.174305298636678,1,106119.10337562436,9.932620719541774,73.7798196573837,41,1,2
33.85464002255238,2.4925156327922955,1,46339.97697034861,6.69621296932572,68.80178542323398,12,0,0
37.845971314836135,4.393173292948422,1,116624.57192527618,3.4400605437675003,45.50468375594391,28,2,1
27.88498207012429,3.727543746993194,0,71785.32145130371,5.329508920033027,70.15292781953472,76,0,1
27.98280917625958,1.4411729091302943,1,26865.872694733633,5.989046275348722,34.737714715028815,10,1,1
16.091700698333675,3.852485126556711,1,99097.36982755916,3.2866926837104185,67.38999178550011,3,1,1
26.469068970684706,3.3997205385323186,0,49011.554967089956,9.676926775685233,70.0838840404667,16,1,1
35.564935608951984,4.644365854793515,0,93910.20955476929,0.4127599572981855,46.074739829967186,15,1,1
22.441734010298763,0.4531650682738718,0,39789.84546697938,1.1581563462070021,72.41207547874384,13,2,1
47.75337404739956,2.5383301658472304,1,62169.71723515508,1.1020363682459733,74.10599880491293,43,1,1
26.332759162415236,1.2466200460448897,0,106186.58803643352,0.45531294594670113,92.99895911370876,17,1,1
32.70725714653625,4.699983261267076,1,62580.101569596765,0.16436664401713602,33.003971383869924,43,1,0
47.72834259522149,3.617591813403501,1,53820.167741430654,9.876692852562778,57.01529295378656,37,1,1
27.787525868929265,0.9221839992911247,1,50063.67991661218,8.799316780641494,110.22931426122466,1,1,2
32.25918056310348,0.7798794360725729,0,84770.4791142089,5.284705537560683,92.26299721786256,11,1,2
16.091700698333675,3.8744530273241273,1,7296.699659355763,3.280269938589912,31.389272522301482,3,1,1
27.27717421226289,0.5654294507084222,0,3770.2474597825567,1.6705470338090147,92.3103539482202,25,1,0
22.574498546462912,1.1397609967812605,0,38521.68683731349,0.9118968554648105,109.41104249289748,13,2,0
44.89652751837605,1.5069543908468632,0,49018.91594662586,1.6110259146143342,61.147500433974415,23,1,2
49.33613307522148,3.162994607235553,1,58698.59580366071,9.941317857255726,53.25561011939402,37,0,1
23.054173516439686,1.9501207497845878,0,39789.84546697938,1.1581563462070021,70.03470003231506,22,1,0
46.840248518620974,3.646229317198612,1,58346.20949972729,9.676926775685233,52.40958888875788,37,1,1
45.76041857956705,0.4753787506581497,0,50582.401650115076,1.939451563487324,103.90685476580506,4,0,1
26.567598765573877,0.607353402404982,1,27531.437214720427,1.6004526871865608,116.18999284701337,11,1,1
20.778002647938216,0.7832588358291979,0,39600.905705312536,1.1581563462070021,72.41207547874384,13,1,1
27.261637907880974,0.6210354881117506,1,18489.852230845776,6.606500961723935,117.13445778059362,19,1,0
45.47742696418418,3.055234320609319,1,4723.060268840818,2.191571877360428,37.32474075107683,24,1,2
23.243693758639896,0.7571075245641912,1,18361.10857760178,3.556856126655167,104.99483619686688,28,2,1
32.29069073877905,4.863573637357293,1,76061.14260217515,6.69621296932572,12.625163456263039,8,0,0
28.35858538764383,2.9465063059893497,1,1359.706199282089,6.270852627213857,14.66408558747429,25,0,0
49.816301867609965,3.0036112014333542,1,96845.93065543094,2.197994622481044,70.24957357920854,28,1,1
28.037555370871342,0.6331048063665364,1,18489.852230845776,5.1156846902138255,116.9138005177109,17,2,2
49.43832087584946,2.130685702642362,0,96343.42261951789,1.161161351376359,72.41207547874384,0,1,1
25.013566309106206,3.744527803411881,0,49884.67873591486,9.676926775685233,70.0838840404667,16,1,1
32.29069073877905,0.8453121394418017,1,76061.14260217515,5.757905772917569,67.95576419259784,12,1,0
48.33416450965197,3.055234320609319,1,50776.376889303356,2.15055359217747,37.32474075107683,23,2,2
47.999665699591716,3.134357103440439,1,54172.55404536408,9.876692852562778,57.01529295378656,37,1,1
27.98280917625958,1.4411729091302943,1,26865.872694733633,6.069939933179876,34.737714715028815,10,1,1
20.444860313205304,3.7186684904713694,1,98385.88035251788,6.6566589153803175,40.062112387607954,84,0,1
47.463719520221304,0.44824605966736725,1,44775.677255759765,2.0886255729490513,108.3120386466239,9,2,1
33.85464002255238,2.4925156327922955,1,46339.97697034861,1.5627262185960085,68.80178542323398,15,0,1
12.913710843290552,3.8363685685052955,1,18298.22492209922,2.845628021155191,59.461702569161496,9,1,2
16.4930491508714,3.8363685685052955,1,34819.14521794527,1.4765303742416935,68.18166247347258,10,1,1
22.574498546462912,1.1397609967812605,0,42214.30683911078,0.9118968554648105,109.41104249289748,16,1,0
33.85464002255238,2.306961280305258,0,46244.91837913391,6.865500383651801,68.78379710039088,12,0,0
46.042346407722754,0.9221839992911247,1,50573.76106803514,8.799316780641494,110.22931426122466,1,1,2
26.469068970684706,3.395801691538299,0,46401.612861109985,9.676926775685233,68.82388960819578,16,0,1
28.38137250288266,0.632991715582494,1,18489.852230845776,1.767525096070293,116.9138005177109,11,1,0
48.62540021364049,3.0314468740696063,1,18298.22492209922,2.1317309850253854,68.563457634456,6,1,1
48.09350657165608,3.055234320609319,1,58535.303481179704,2.15055359217747,102.44831137443451,23,1,1
45.84958456082432,0.778339827216199,1,50935.2974889198,2.0886255729490513,108.3120386466239,21,1,1
27.08553300578431,3.8363685685052955,1,18495.488826745674,6.257284058138561,61.034683049078524,10,1,2
16.465079169549732,0.8453121394418017,1,98665.59233992257,3.53718192712444,67.94814357987102,12,1,0
33.94928091677589,3.59554024722627,1,75890.60998997261,6.69621296932572,14.609601541875122,12,0,0
27.98280917625958,0.7516718971072942,1,28064.060825319597,3.568415429761232,34.737714715028815,10,1,1
28.037555370871342,1.092630763328689,1,17948.82096942806,5.1156846902138255,68.04383532486763,17,2,1
13.786885165856567,3.837265674161132,1,58698.59580366071,9.772074492319259,59.76890724897625,37,0,1
44.715289359384954,0.5383734517643071,1,1359.706199282089,6.125337407960277,16.966729555405557,25,0,0
27.98280917625958,1.4411729091302943,1,36460.366268921796,5.989046275348722,34.737714715028815,10,2,1
23.054173516439686,2.482313446764317,1,39884.904058194086,0.9902901990521817,70.05268835515817,21,1,0
27.504233358965802,0.4753787506581497,0,50072.32049869211,2.020342846776866,111.4000857876197,9,0,1
33.85464002255238,2.496434479785866,1,48949.91907632857,1.5627262185960085,70.0617798555049,22,1,1
16.091700698333675,3.8744530273241273,1,7296.699659355763,3.280269938589912,29.023207969879444,3,2,1
17.234788066192248,3.860156015031414,1,50776.376889303356,1.4953529813937982,36.15127490813009,15,2,2
23.243693758639896,0.7571075245641912,1,16978.521005770053,3.556856126655167,39.8685180943702,28,2,2
26.567598765573877,0.607353402404982,1,99287.42615656319,1.5356669068454976,117.13445778059362,10,1,1
13.090752748450802,0.6210354881117506,1,18292.588326199326,1.8257951653531488,105.63646074989755,19,1,0
26.879681935941207,3.852485126556711,1,76492.92006749801,5.5074165295318585,67.39761239822693,3,1,1
46.066687476741166,0.9373556624091934,1,53990.70035363077,9.648343801707789,57.01529295378656,36,1,1
23.243693758639896,1.4466085367193129,1,40657.463036422225,5.941585047220488,105.78658810483542,28,2,1
18.409356006867203,3.8363685685052955,1,44865.85841857042,1.4765303742416935,116.92253084802115,17,1,2
48.15837616841508,3.1041254910509726,1,18298.22492209922,2.910803352782348,52.948405439579275,9,1,2
29.403296909948356,2.478215623128893,0,50582.401650115076,2.0849690485347345,101.6086753114507,3,0,1
16.4930491508714,3.8363685685052955,1,18298.22492209922,1.4765303742416935,67.38999178550011,10,1,1
48.1612249670623,3.055234320609319,1,50776.376889303356,2.15055359217747,37.32474075107683,23,1,2
20.444860313205304,3.7186684904713694,1,26630.53387498753,6.694130126984044,34.87407312250113,76,0,1
47.6642080664915,2.534422432338223,0,62169.71723515508,1.0337536416605186,74.10599880491293,43,1,1
41.967432436352425,4.414878633979104,0,29355.34143279087,4.971214806747902,109.838656391623,40,1,1
45.84958456082432,0.778339827216199,1,50935.2974889198,2.0886255729490513,108.3120386466239,9,1,1
25.64653876158654,2.987723845932802,0,108782.2981470649,5.460506053351554,102.29966802568211,64,1,1
26.59928970652456,0.4716550041203804,1,47807.79419843585,0.5313838527992287,54.28787719314834,59,2,1
27.71830109397962,4.826649391673063,0,114284.23769012699,8.915267167017184,113.10401217817166,24,0,2
16.951815919512946,2.1719956807052854,0,39430.266967661926,8.685357794869649,114.9214014497799,79,0,1
27.400325514399192,0.607353402404982,1,99287.42615656319,1.5629425339981373,117.13445778059362,19,1,1
14.786656993329679,4.511664912700858,0,99985.31892901592,5.277112071556044,67.82138433369089,87,1,0
35.564935608951984,4.644365854793515,0,93910.20955476929,0.4127599572981855,46.074739829967186,1,1,1
19.56053785513493,1.174305298636678,1,106119.10337562436,9.932620719541774,73.7798196573837,32,1,2
28.23750828795061,1.5985153969788817,0,71785.32145130371,5.336158226182288,70.15292781953472,78,0,1
32.29069073877905,0.9152940512195823,1,76061.14260217515,6.69621296932572,14.609601541875122,11,0,0
23.29901740006163,1.9501207497845878,0,39789.84546697938,1.1581563462070021,70.03470003231506,15,2,0
41.75549618480737,2.3846488821160094,0,79264.28219260884,2.6341806046838867,23.001207621630666,40,1,0
49.95442453131423,1.4723186470606808,0,116500.32486321068,2.3435628379399187,52.10534046310985,71,1,2
48.41580289030719,1.6364757216122416,0,72455.51734202729,3.0641993785905743,8.320824750556959,59,0,2
28.22138063178365,1.3122435271055333,0,110994.21181362447,4.396278965429042,94.62719463269208,17,2,0
28.327075211968264,0.5655425414924647,0,3770.2474597825567,5.313272895379754,92.3103539482202,25,1,2
23.243693758639896,0.7571075245641912,1,40657.463036422225,3.4400605437675003,105.78658810483542,28,2,1
32.70725714653625,4.916787474626466,1,44752.68429564251,0.19393599740472167,33.04244524547061,65,1,0
24.613169861404742,0.8762147548117033,1,108344.08732149356,9.095958076877547,12.76051511505434,74,0,2
35.35554097910037,4.134627329126817,0,5083.632133477095,6.509566349533155,11.171738531400063,91,2,1
27.495367998137098,4.516674851992405,1,5818.216542623577,6.433383793227487,93.1218705689109,63,2,2
47.72834259522149,3.162994607235553,1,58698.59580366071,9.676926775685233,52.40958888875788,39,1,1
26.357715162660483,3.3794640049351927,0,106506.4953872962,0.5474278227857898,6.037880220334388,27,0,2
44.564198518696124,1.4927743383215635,0,27942.51425031582,1.344058016280636,61.20468050932361,48,1,0
26.7857176589124,2.297275077682268,1,76756.67551345381,2.524834173671362,23.001207621630666,40,2,1
14.786656993329679,4.148857092164801,0,99985.31892901592,6.543390886922936,10.869975186270239,87,1,0
25.608590218439073,1.9280866941487291,0,107846.09333151809,5.460506053351554,69.86046170313956,18,1,1
47.6642080664915,2.534422432338223,0,58030.25439583939,0.7143090846558611,74.10599880491293,42,1,1
27.865733104765493,1.5992227746988088,0,72455.51734202729,3.0641993785905743,69.80535379819044,59,0,2
21.110147791356958,0.7571075245641912,1,34562.95801566501,3.4400605437675003,103.70169157862598,73,2,1
32.24564040510786,4.626536191464935,1,93610.31133426527,6.69621296932572,47.6588845569488,2,0,0
17.19374943925452,1.4927743383215635,0,27942.51425031582,1.344058016280636,115.12905161331402,48,1,0
19.56053785513493,3.1935190071648365,1,106119.10337562436,9.932620719541774,72.5053738327117,32,1,2
25.082932424663067,1.4723186470606808,0,116500.32486321068,2.3435628379399187,52.10534046310985,71,1,2
28.019989299478794,0.5797718255507376,0,7890.774423439272,5.313272895379754,92.3103539482202,25,1,0
27.400325514399192,3.8074459878953224,1,14166.02256245527,2.457203003891934,117.13445778059362,19,1,1
27.491528248686027,4.848313466559678,0,5818.216542623577,6.46494130156363,113.78934542074148,63,2,2
41.967432436352425,4.414878633979104,0,27882.20530691149,4.291981683981768,109.838656391623,37,1,1
41.569066463853325,0.4716550041203804,0,23527.271244123393,0.6407726100229534,54.28787719314834,59,1,0
35.35554097910037,4.497435149655732,0,5083.632133477095,5.243287534166259,68.12916998603654,91,2,1
23.336965943209098,3.2230999977460955,0,39789.84546697938,1.1581563462070021,102.47390135047323,66,2,0
47.72834259522149,3.162994607235553,1,62112.68968080197,9.835733546089866,52.40958888875788,39,1,1
48.71113918931048,1.6357683438923147,0,71785.32145130371,5.336158226182288,8.689592634626688,79,0,1
20.444860313205304,3.7186684904713694,1,26630.53387498753,6.77360023720815,34.87407312250113,43,0,1
36.56825049567647,0.9296286239608722,0,76361.04082259368,0.4127599572981855,13.025579141084627,10,1,1
44.320792892986226,2.1719956807052854,0,39430.266967661926,8.685357794869649,60.92649754623581,79,0,1
26.357715162660483,1.3602505433679903,0,106506.4953872962,0.5474278227857898,7.38742577923,27,0,2
49.142704559332856,0.8762147548117033,1,108344.08732149356,9.095958076877547,12.76051511505434,74,0,2
28.32446924124611,1.2980142474335863,0,108488.37869212903,4.396278965429042,94.27881406274201,17,2,2
16.4930491508714,0.6365673935464382,1,103434.40267795841,1.4769188637518553,67.38999178550011,23,1,1
27.766010337076366,4.495010266464879,1,114284.23769012699,8.883708026915622,93.60485630193718,25,0,2
25.16367159740289,1.4723186470606808,0,108708.86102894173,2.3435628379399187,52.10534046310985,71,1,2
48.34941155548145,3.0143447623862545,1,114563.84726935145,2.15055359217747,37.32474075107683,24,1,2
49.761832916078916,2.987723845932802,0,116573.75512938622,5.460506053351554,102.29966802568211,64,1,1
49.0456488189584,3.055234320609319,1,50510.17702887226,2.551920541373696,37.32474075107683,23,1,2
47.72834259522149,3.162994607235553,1,62112.68968080197,9.719868451939508,95.81315358272157,46,1,1
25.16367159740289,1.4723186470606808,0,108708.86102894173,1.3194476809799371,52.10534046310985,3,1,2
26.59928970652456,0.4716550041203804,0,48005.40310121244,0.5533146746825466,53.957418629623675,59,2,1
27.865733104765493,1.5992227746988088,0,84621.15602865731,2.002632288103189,69.80535379819044,85,0,2
20.444860313205304,3.7186684904713694,1,26654.30768833177,5.551852224270197,111.2677752919178,35,0,1
45.84958456082432,0.35888460313793746,0,29738.09321443175,2.0886255729490513,109.77490057223545,5,1,1
49.35649297485992,3.0934951552281733,0,27942.51425031582,1.344058016280636,112.6976833787087,48,1,0
20.375040393246024,3.7186684904713694,1,26630.53387498753,6.926891974026835,34.87407312250113,43,0,1
23.243693758639896,0.7571075245641912,1,102988.54444715218,3.3657466320344076,105.78658810483542,23,2,1
20.06274829960341,1.174305298636678,0,93962.5502957738,0.413886525643516,72.72014531745053,31,1,2
28.019989299478794,0.5797718255507376,0,7890.774423439272,6.057282056070218,92.3103539482202,19,1,0
46.89292197197353,1.4927743383215635,0,27942.51425031582,1.1591347345073566,118.68464801358884,49,1,1
32.30206094884728,0.6024352844096665,1,99287.42615656319,0.26535478529786993,117.13445778059362,19,1,1
25.608590218439073,1.9280866941487291,0,116632.96405357379,5.397484140373224,53.21102268456015,16,1,2
15.156655405418736,3.6144805434297598,1,18564.427684231414,1.4765303742416935,67.38999178550011,10,1,1
31.858896414337448,1.3122435271055333,0,110994.21181362447,4.476470937778858,51.22362128924368,16,2,0
32.24564040510786,4.626536191464935,1,93610.31133426527,6.69621296932572,47.6588845569488,71,0,0
23.29901740006163,1.746794752171919,1,44196.4055890256,1.1362255254955682,76.93134019087444,15,2,0
28.327075211968264,0.3309078156503725,0,3770.2474597825567,5.313272895379754,109.98052129979422,25,1,2
41.967432436352425,4.414878633979104,0,31461.726758808112,4.291981683981768,36.5545101879691,78,1,1
41.967432436352425,4.3054033027718,1,50552.545707523976,4.971214806747902,108.37579446601146,50,1,1
14.275748002050133,1.5622737919311827,1,58698.59580366071,9.676926775685233,54.7487841622505,39,1,1
19.63035777509421,3.348467234617636,1,106119.10337562436,9.60455664943353,72.5053738327117,33,1,2
16.4930491508714,0.6365673935464382,1,41102.22478258128,1.5512327873053549,64.50153083225334,28,1,1
33.0137211218207,4.7030945096446946,1,106066.76263353413,9.823319045567782,46.074739829967186,2,1,1
23.81839233858377,3.8074459878953224,1,14166.02256245527,2.457203003891934,117.13445778059362,25,1,1
14.581503036936187,2.1719956807052854,0,39430.266967661926,8.870006430295046,56.10800589177046,79,0,0
27.388955304330963,0.9202121692149875,1,76061.14260217515,6.69621296932572,14.609601541875122,11,0,0
25.082932424663067,1.4723186470606808,0,107713.43033476442,2.4065847704978265,69.37815169551256,73,1,1
23.29901740006163,4.012056432214016,1,44196.4055890256,1.0986875189016154,109.98495738877772,25,2,1
14.03506453175276,0.35224165140815655,0,59084.53935486406,9.676926775685233,49.88732316692111,39,1,1
32.30206094884728,0.6024352844096665,1,99287.42615656319,0.26535478529786993,117.13445778059362,46,1,1
49.74156075476684,3.161385476278888,1,106119.10337562436,9.932620719541774,72.71984141052025,32,1,2
21.095477028031098,3.8075560610949992,1,26654.30768833177,2.426134634814863,117.23944238138021,19,0,1
20.61264672502118,4.7030945096446946,1,106066.76263353413,9.820292751970882,46.074739829967186,2,1,1
35.80176006161713,4.644365854793515,0,93910.20955476929,1.4821813465598739,46.074739829967186,8,1,1
32.24100621993898,4.564715269153518,1,93610.31133426527,6.372887786822636,47.232318827169436,2,0,0
20.375040393246024,3.7186684904713694,0,26630.53387498753,5.266567397422079,32.17603695876415,43,0,1
28.022622985504597,1.3140216909851397,0,110994.21181362447,4.396278965429042,95.41462765627867,70,2,2
23.243693758639896,1.019478581110191,1,45479.68809764558,3.3657466320344076,105.78658810483542,23,2,1
26.498800890731253,0.9168569410355004,1,50935.2974889198,2.1453430223623533,108.3120386466239,11,1,1
23.29901740006163,1.7072296867742405,0,39476.27703960819,1.062174486020546,70.03470003231506,13,2,0
31.80910165625008,0.7561087478983766,1,76061.14260217515,6.69621296932572,16.054167506082464,11,0,0
14.951641719816616,3.8363685685052955,1,18298.22492209922,1.4765303742416935,67.38999178550011,10,1,1
23.81839233858377,1.542178302255891,1,14166.02256245527,2.4947410198098923,77.24117268487421,15,1,0
46.088484033270866,1.5689315301033906,1,29352.149680096394,2.0886255729490513,111.04157320856237,5,1,1
47.72834259522149,3.162994607235553,1,75234.39943833346,9.719868451939508,95.81315358272157,19,1,1
18.667906400595108,3.1951281381215018,1,58698.59580366071,9.430043142765289,52.40958888875788,39,1,1
27.400325514399192,3.7185584172716926,1,14166.02256245527,5.2000662454430255,111.1627863102846,35,1,1
32.845934739911044,3.7186684904713694,1,19734.292641998934,6.826979052482153,34.87407312250113,43,0,1
14.920715341484545,3.6144805434297598,1,29654.203083754343,0.40711133062339866,67.38999178550011,1,1,1
28.024623484647666,0.5797718255507376,0,7890.774423439272,6.081675183388083,92.73691667597505,19,1,0
28.019989299478794,0.5797718255507376,1,7890.774423439272,7.9052011395970165,95.00826360771745,25,1,0
25.16367159740289,1.4705404831810744,0,108708.86102894173,2.3435628379399187,51.31790125299494,18,1,0
48.1612249670623,3.105869400293736,1,104084.9220839072,2.655930242658391,37.32474075107683,23,1,2
45.836915360574075,0.9202121692149875,1,90740.04585043849,6.639497776734152,14.609601541875122,9,0,0
17.19374943925452,1.3932798456802529,0,28256.082677687147,1.345483442720509,118.1090539785075,50,1,0
23.72528284120714,0.9162928278853968,1,40657.463036422225,4.131702590510615,104.3402117146915,17,2,1
19.021931060872454,3.7186684904713694,1,29853.787168157258,6.700562850967709,34.87407312250113,5,1,1
19.021931060872454,3.7186684904713694,1,29853.787168157258,6.700562850967709,34.87407312250113,5,1,0
27.400325514399192,3.8074459878953224,1,14166.02256245527,5.185679144554589,111.41771179329484,22,1,1
45.45337574238546,0.36232803072178876,0,29738.09321443175,2.5193222591991398,104.85649358335097,5,1,0
27.86221617438076,3.7186684904713694,0,26630.53387498753,5.3621337008332,30.19595666700217,43,1,1
14.791013206212703,3.5069676912263326,1,40657.463036422225,3.4400605437675003,105.78658810483542,0,2,1
35.35820199992961,3.9707416441112757,1,76611.26229544048,2.7649032792395993,114.43736995094105,19,0,0
20.71874360888481,3.670269289736857,1,26654.30768833177,5.551852224270197,92.22116070245893,30,0,1
23.272037316888305,1.752145873269371,1,29764.686430136557,3.8959588824843516,78.35014924480829,15,2,1
23.29901740006163,4.0140757155634486,1,44196.4055890256,1.0986875189016154,109.98495738877772,24,2,1
45.84958456082432,3.1623853145098417,1,75032.45626234205,2.0886255729490513,116.27262187812778,9,1,1
27.388955304330963,0.9366957419834772,1,26428.93274078991,6.69621296932572,11.997796161622768,43,0,0
18.6736103595433,0.9002384461607174,1,58698.59580366071,9.430043142765289,52.23304839307907,38,1,1
28.019989299478794,0.5797718255507376,1,7890.774423439272,2.4237704481684545,96.13445902014156,25,1,0
30.200108523037212,4.626536191464935,1,93610.31133426527,6.69621296932572,47.6588845569488,2,0,0
15.156655405418736,3.6144805434297598,1,18564.427684231414,6.831183975470813,67.38999178550011,42,1,1
46.5687492345824,0.9202121692149875,1,82192.75656142794,6.639497776734152,14.609601541875122,9,0,1
27.400325514399192,3.7185584172716926,1,14166.02256245527,3.1662962900623906,116.87953049421785,35,1,1
24.212607427831067,1.5387442066383212,1,14166.02256245527,2.064044333559804,77.24117268487421,15,1,1
16.175067596711166,0.5797718255507376,0,7890.774423439272,5.986108879976961,94.71688216920563,19,0,0
23.373397042098016,0.8646654047960449,1,29654.203083754343,0.40711133062339866,67.16138492602677,30,1,1
20.730207767616854,0.3429984761526429,1,26104.199985382984,6.887094512291196,18.151210054833278,11,0,1
27.74610600386877,0.6284788980337752,0,7890.774423439272,7.266255669238122,111.35695705608299,35,1,0
23.752262924380464,0.9109417069409776,1,44196.4055890256,1.1362255254955682,101.37162530762768,17,2,0
20.444860313205304,3.7166492071219364,1,26477.869413779004,6.77360023720815,34.87407312250113,57,0,1
47.94907964811222,0.7448669241034054,1,58914.149597728334,9.719868451939508,93.8993989770677,19,1,1
19.29343096600331,3.9265618617708937,1,76262.75202351702,6.926891974026835,34.87407312250113,11,0,1
32.28498719978291,3.210187977993624,1,76061.14260217515,6.69621296932572,14.786203403320982,12,0,0
23.81839233858377,3.8074459878953224,1,14166.02256245527,7.964275712356917,116.00042524660361,25,1,1
10.88361729434231,3.8363685685052955,1,18298.22492209922,1.4765303742416935,67.38999178550011,10,1,1
32.845934739911044,3.7186684904713694,1,19734.292641998934,1.472402824505194,34.87407312250113,11,0,1
16.4930491508714,3.8363685685052955,1,18298.22492209922,1.4765303742416935,67.38999178550011,10,1,1
48.1612249670623,3.055234320609319,1,50776.376889303356,2.15055359217747,37.32474075107683,23,1,2
20.444860313205304,3.7186684904713694,1,26630.53387498753,6.694130126984044,34.87407312250113,76,0,1
47.6642080664915,2.534422432338223,0,62169.71723515508,1.0337536416605186,74.10599880491293,43,1,1
41.967432436352425,4.414878633979104,0,29355.34143279087,4.971214806747902,109.838656391623,40,1,1
45.84958456082432,0.778339827216199,1,50935.2974889198,2.0886255729490513,108.3120386466239,9,1,1
25.64653876158654,2.987723845932802,0,108782.2981470649,5.460506053351554,102.29966802568211,64,1,1
26.59928970652456,0.4716550041203804,1,47807.79419843585,0.5313838527992287,54.28787719314834,59,2,1
27.71830109397962,4.826649391673063,0,114284.23769012699,8.915267167017184,113.10401217817166,24,0,2
16.951815919512946,2.1719956807052854,0,39430.266967661926,8.685357794869649,114.9214014497799,79,0,1
27.400325514399192,0.607353402404982,1,99287.42615656319,1.5629425339981373,117.13445778059362,19,1,1
14.786656993329679,4.511664912700858,0,99985.31892901592,5.277112071556044,67.82138433369089,87,1,0
35.564935608951984,4.644365854793515,0,93910.20955476929,0.4127599572981855,46.074739829967186,1,1,1
19.56053785513493,1.174305298636678,1,106119.10337562436,9.932620719541774,73.7798196573837,32,1,2
28.23750828795061,1.5985153969788817,0,71785.32145130371,5.336158226182288,70.15292781953472,78,0,1
32.29069073877905,0.9152940512195823,1,76061.14260217515,6.69621296932572,14.609601541875122,11,0,0
23.29901740006163,1.9501207497845878,0,39789.84546697938,1.1581563462070021,70.03470003231506,15,2,0
41.75549618480737,2.3846488821160094,0,79264.28219260884,2.6341806046838867,23.001207621630666,40,1,0
49.95442453131423,1.4723186470606808,0,116500.32486321068,2.3435628379399187,52.10534046310985,71,1,2
48.41580289030719,1.6364757216122416,0,72455.51734202729,3.0641993785905743,8.320824750556959,59,0,2
28.22138063178365,1.3122435271055333,0,110994.21181362447,4.396278965429042,94.62719463269208,17,2,0
28.327075211968264,0.5655425414924647,0,3770.2474597825567,5.313272895379754,92.3103539482202,25,1,2
23.243693758639896,0.7571075245641912,1,40657.463036422225,3.4400605437675003,105.78658810483542,28,2,1
32.70725714653625,4.916787474626466,1,44752.68429564251,0.19393599740472167,33.04244524547061,65,1,0
24.613169861404742,0.8762147548117033,1,108344.08732149356,9.095958076877547,12.76051511505434,74,0,2
35.35554097910037,4.134627329126817,0,5083.632133477095,6.509566349533155,11.171738531400063,91,2,1
27.495367998137098,4.516674851992405,1,5818.216542623577,6.433383793227487,93.1218705689109,63,2,2
47.72834259522149,3.162994607235553,1,58698.59580366071,9.676926775685233,52.40958888875788,39,1,1
26.357715162660483,3.3794640049351927,0,106506.4953872962,0.5474278227857898,6.037880220334388,27,0,2
44.564198518696124,1.4927743383215635,0,27942.51425031582,1.344058016280636,61.20468050932361,48,1,0
21.123955030291658,3.7186684904713694,1,26630.53387498753,6.342888246987341,35.07712063338774,32,0,2
27.152014510918633,1.6364757216122416,0,72874.35922404088,3.0641993785905743,8.320824750556959,59,0,2
32.538564501909015,1.7710680750035444,0,44605.81206759238,5.336158226182288,32.02395335539303,80,1,1
47.365169224665934,1.4870556577575598,1,50935.2974889198,2.0886255729490513,108.3120386466239,9,1,1
14.786656993329679,4.511664912700858,0,99985.31892901592,3.4697571549719712,67.82138433369089,87,1,0
34.695075637813034,4.134627329126817,0,7219.062845404362,6.509566349533155,8.012355006734012,91,2,1
23.29901740006163,2.003723929309512,0,39789.84546697938,1.1581563462070021,70.03470003231506,23,2,2
31.978518422015078,0.8126327398600336,1,49585.15646623847,6.678857719723373,14.737289687661034,11,0,0
35.564935608951984,4.646122755242653,0,93910.20955476929,0.4127599572981855,46.86522099011221,62,1,1
41.75549618480737,2.395355126106007,0,78916.16241879525,2.6341806046838867,23.001207621630666,40,1,0
25.64653876158654,2.5320749187311966,0,108782.2981470649,5.460506053351554,99.92230030036038,65,1,1
47.72834259522149,2.8961965021620495,1,58146.5543794686,5.060887773077496,109.08696998908775,40,1,1
25.90433493949473,0.26796937406270316,1,19025.804244228668,0.552271622146904,54.28787719314834,59,2,1
24.646426000090745,0.8762147548117033,0,113152.51730749424,9.095958076877547,13.555856849293498,74,0,2
44.859561770165165,1.554657735628286,0,27628.76498082204,1.3445670813663375,116.2350379069182,48,1,0
19.945974829044204,1.174305298636678,1,106119.10337562436,9.932620719541774,84.31145211475734,75,1,1
48.6789450486287,3.3794640049351927,0,106087.60783737608,0.5474278227857898,6.037880220334388,24,0,2
28.40620093257785,4.720324931448451,1,71932.19367937921,0.15570992142217022,71.17141988484693,60,0,0
49.95442453131423,0.7636028167375198,0,116500.32486321068,2.3435628379399187,52.10534046310985,71,1,2
23.243693758639896,0.7571075245641912,1,40657.463036422225,5.247415460351987,105.78658810483542,28,2,1
28.182854507125718,1.3122435271055333,0,109121.97551410322,4.396278965429042,97.96145117462544,17,2,0
27.71830109397962,4.765760273734145,0,114284.23769012699,8.915267167017184,113.10401217817166,16,0,0
48.1612249670623,3.055234320609319,1,76527.00208203075,2.167910464674441,13.107667069247576,24,1,2
27.495367998137098,4.514917951543265,1,5818.216542623577,6.433383793227487,92.33138582825613,2,2,2
16.951815919512946,2.161289436715288,0,39778.386746302356,8.685357794869649,114.9214014497799,79,0,1
47.6642080664915,2.9900713595398285,0,62169.71723515508,1.0337536416605186,76.48336571461249,43,1,1
41.967432436352425,4.414878633979104,0,29907.382867336077,9.577946022529375,53.15440334238315,39,1,1
16.4930491508714,3.8363685685052955,1,49812.3248522725,1.4556426868820702,67.38999178550011,10,1,1
28.29381907328226,0.5655425414924647,1,1497.7796422573592,5.313272895379754,91.95245339991493,23,1,2
27.10469884366755,0.5852147185994654,1,101800.64387053171,1.5624334689124357,61.915835775370965,19,1,1
25.90433493949473,0.26796937406270316,0,19212.371766372482,0.11506304376129894,40.757750172165764,59,2,2
48.17600167234748,2.9900713595398285,0,6502.193747288948,1.0337536416605186,76.28060721706109,43,1,2
27.740490841069022,1.9501207497845878,0,39789.84546697938,2.3235756109304018,68.54185688843604,15,2,0
23.243693758639896,0.7571075245641912,1,40657.463036422225,3.397306598362949,33.74013854640723,22,1,2
25.64653876158654,3.0055086919235516,0,108782.2981470649,5.460506053351554,102.7422012606671,64,2,1
15.904803884635143,0.7172684441306445,1,49266.27145288963,1.5629425339981373,115.10099040331453,19,1,1
27.10469884366755,0.699391361004733,1,101800.64387053171,1.5624334689124357,61.915835775370965,19,1,1
41.967432436352425,1.4434823157804704,0,28306.945131102224,4.368994850878258,109.838656391623,40,1,1
26.59928970652456,4.745318885338344,1,60684.8245910158,0.5313838527992287,30.600290093228693,52,1,1
41.967432436352425,4.414878633979104,0,29907.382867336077,3.6774948055851877,53.15440334238315,39,1,1
31.783341222350124,3.714586772837916,1,18298.22492209922,1.4609906951438019,67.38999178550011,10,1,1
21.123955030291658,1.3107752229780998,1,27466.119988766346,6.4054993795813715,33.91959971118986,32,0,2
45.84958456082432,0.778339827216199,1,50935.2974889198,2.7345240348166744,117.46976362351637,9,1,2
49.69797755623348,1.510055918844797,1,59256.76378483996,9.676926775685233,70.77129103881809,39,1,1
30.608740790509806,4.79192213193055,0,114284.23769012699,4.959839551426677,92.16281049791462,16,0,0
23.29901740006163,2.003723929309512,1,39650.10464724899,1.1581563462070021,70.03470003231506,23,2,1
26.94107492398659,4.514917951543265,1,61529.76582830124,6.433383793227487,92.53414432578909,2,2,1
26.723877245296553,4.826649391673063,0,113860.35820735758,8.174397690739156,114.55653617870809,24,0,2
48.42874531656299,3.055234320609319,1,50776.376889303356,2.193307537583229,109.33127865142231,23,2,1
23.243693758639896,0.7571075245641912,1,40657.463036422225,5.35225438275978,99.06939495115772,28,1,1
29.150465697484258,3.7618703048174824,1,91907.74656767803,1.4556426868820702,67.38999178550011,12,1,1
32.29069073877905,0.9199993097760064,1,76061.14260217515,7.022239138534822,14.609601541875122,11,0,0
47.365169224665934,4.457977624768368,1,50935.2974889198,2.2598541008103936,108.3120386466239,9,1,1
32.70725714653625,0.6040367848483719,1,47831.27349163829,0.19393599740472167,56.7300323486974,65,2,0
14.786656993329679,4.511664912700858,0,99985.31892901592,9.520917562065343,67.82138433369089,87,1,0
16.688240181024366,0.7989342787298409,1,49585.15646623847,6.69447101703343,14.737289687661034,12,0,0
28.182854507125718,3.720136730315081,0,108256.8207842042,4.333667832833127,97.96145117462544,17,2,0
49.95442453131423,1.60983933867759,0,116500.32486321068,2.0648094398491548,51.433786175844574,71,1,1
47.5330677483893,3.145713028423838,0,27942.51425031582,1.344058016280636,67.23037568718551,48,1,0
28.29381907328226,0.7398243669026494,1,1497.7796422573592,9.242293938796074,112.89354986488226,23,1,2
19.41221563926707,0.7571075245641912,1,40657.463036422225,3.4400605437675003,105.78658810483542,26,2,1
27.495367998137098,4.450236561867233,1,5818.216542623577,6.694866537208677,92.4552029168789,12,0,0
49.704438437055956,1.5097857075185748,0,59359.88916065954,3.0111011623418884,52.10534046310985,38,1,2
20.900147991537658,3.019546310018526,1,28427.069193176358,8.699114363594264,37.59408351176256,30,0,2
27.400325514399192,0.6140189497112323,1,99287.42615656319,2.259885075850042,117.86369278792704,14,2,1
16.036859228353325,0.8627432055557074,1,1750.840189734492,1.4396433411800205,111.34756296473284,10,1,2
44.564198518696124,1.4927743383215635,1,27942.51425031582,1.344058016280636,61.20468050932361,48,1,0
25.90433493949473,0.26796937406270316,1,19025.804244228668,0.552271622146904,54.28787719314834,7,1,1
22.1427830245347,0.9166551674431327,1,27466.119988766346,7.024401125783625,33.91959971118986,30,0,2
28.07374427955027,0.5359881196210748,1,1309.6797919040255,5.34267183380753,69.97196713525437,23,1,2
31.987417135207835,3.714586772837916,1,18298.22492209922,9.560011777318328,67.38999178550011,6,1,1
34.106835042075446,3.7620534755996964,1,91907.74656767803,1.4556426868820702,67.38999178550011,15,1,1
32.19877593207918,0.8126327398600336,1,50212.566705561054,6.678857719723373,14.737289687661034,11,0,2
23.24355928877225,0.4518080437019891,1,39763.42547879428,5.327370530258893,105.78658810483542,28,2,0
16.688240181024366,0.7873671561980327,1,56829.123144427795,1.357900679247813,117.39075388242968,12,0,0
26.94107492398659,4.514917951543265,1,61529.76582830124,6.433383793227487,93.89713926469862,2,2,1
32.29069073877905,0.9788527587664599,1,76061.14260217515,6.434730225344531,14.865722120128547,1,2,2
49.94793428237253,1.4725888583869033,1,116250.97374349057,8.98354284229009,70.77129103881809,67,1,1
48.30032664332762,3.4962176464871204,1,50776.376889303356,2.15055359217747,37.32474075107683,32,1,2
27.740490841069022,1.9434558951440226,0,38105.76849533887,1.6266330690785429,67.45586068071383,15,1,0
28.75001672389096,3.7135301466606934,1,21944.035245636023,9.270865660949951,68.92738815644226,23,1,1
47.365169224665934,1.4870556577575598,0,50935.2974889198,2.0886255729490513,108.3120386466239,9,1,1
47.365169224665934,4.905915200923963,1,56574.625345475986,2.2598541008103936,108.3120386466239,61,2,1
32.227980269217134,1.402238002037925,1,76061.14260217515,6.403337392332568,14.609601541875122,10,0,0
23.519092193793636,2.033284459627617,1,40177.546013558895,1.1288400102549465,87.86527341034514,25,2,1
47.51985173191627,3.162994607235553,1,58698.59580366071,1.5838538468209904,52.40958888875788,35,1,1
16.4930491508714,3.8361853977230815,1,49812.3248522725,1.4556426868820702,90.27205412009718,10,1,1
23.023436248673253,0.7571075245641912,1,40030.05279709965,3.397306598362949,33.74013854640723,23,1,0
23.299151869929272,2.2919136525953143,0,40683.883024607334,1.6764611674319196,70.03470003231506,15,2,1
15.904803884635143,0.7157830861943614,1,49290.21107915201,6.901024355137685,10.946196322335183,19,1,1
16.053105186462037,0.6148147230349219,1,49329.21083436222,1.4513080102639255,67.91366381240786,10,1,1
23.791747790552726,0.8392020536402434,1,50935.2974889198,2.2598541008103936,105.59630154356107,9,1,1
32.13845107121834,1.402238002037925,1,76061.14260217515,6.403337392332568,14.609601541875122,10,1,0
31.987417135207835,3.7107955610762353,1,39210.164933920176,9.606011186223185,91.21142841118318,6,1,1
29.345077311332904,1.0243984637657584,1,89151.59502645026,1.4556426868820702,110.27716924861008,10,1,1
26.94107492398659,4.514917951543265,1,61810.3790593584,6.433383793227487,92.04168086176048,2,2,1
16.330433723347923,0.7949375453575214,1,49585.15646623847,5.738804141006498,117.53533016610653,12,0,0
32.29069073877905,0.9199993097760064,1,76061.14260217515,7.022239138534822,14.609601541875122,12,1,0
30.79154501348325,3.5574877631547333,1,14915.522166498098,1.719979560362774,14.737289687661034,12,0,1
16.521957921243228,0.745036169967364,1,56829.123144427795,1.357900679247813,117.9997169127897,12,0,0
27.422896762665935,4.700143092815127,1,6661.50268092567,6.67848233019836,92.4552029168789,12,0,0
25.90433493949473,0.08476846249640402,1,40186.86017972238,0.552271622146904,69.82260580639495,7,1,1
23.023436248673253,0.7571075245641912,1,50775.82125280858,3.222102895224269,44.7258961696553,23,1,0
27.52728520842463,2.2918724718678996,0,38408.7223999389,1.3785508084350973,70.03470003231506,15,2,1
21.123955030291658,2.224933802525637,1,27354.03897011812,6.4054993795813715,87.23508517482605,22,1,2
27.56892524444468,3.829202657008301,1,99287.42615656319,1.5672772106162818,116.47208767020973,19,1,1
46.80172285327052,4.375201999275475,1,45775.63941590419,3.5750131742771005,108.50232520789827,28,2,1
28.38334827128105,0.7398243669026494,1,1497.7796422573592,9.550757975670736,112.89354986488226,23,0,2
23.519092193793636,2.0370756621290047,1,8357.791129325313,1.1288400102549465,64.04383677415387,25,2,1
16.036859228353325,3.6002358855503043,1,5350.3852388396845,1.4396433411800205,68.45715573987208,12,1,2
15.904803884635143,0.7157830861943614,1,49009.597848094854,6.901024355137685,12.830507060056107,19,1,1
15.904803884635143,0.7212651775029641,1,49266.27145288963,1.5629425339981373,16.14214444308815,19,1,1
18.65027511455942,3.8363685685052955,1,18298.22492209922,1.4765303742416935,67.38999178550011,10,0,1
31.783341222350124,0.9697630228660097,1,49896.7948964362,6.691807779292702,62.548397393702444,10,1,2
26.070617420891274,0.26796937406270316,1,19025.804244228668,0.552271622146904,53.0122827452348,59,2,1
32.05098965748624,0.8126327398600336,1,65013.59581496217,6.69524192673369,14.737289687661034,12,0,0
23.29901740006163,1.9501207497845878,0,18628.789584519844,1.1581563462070021,54.499971419068444,15,2,0
27.740490841069022,1.9434558951440226,0,38105.76849533887,1.6266330690785429,67.45586068071383,14,1,0
22.298898625722366,4.514917951543265,1,5212.592681288377,6.404302935132189,92.33138582825613,1,2,2
28.29381907328226,0.5655425414924647,1,1655.5927971690016,5.313272895379754,38.636955932288956,33,0,2
16.4930491508714,3.8363685685052955,1,18298.22492209922,1.4765303742416935,67.38999178550011,10,1,1
48.1612249670623,3.055234320609319,1,50776.376889303356,2.15055359217747,37.32474075107683,23,1,2
20.444860313205304,3.7186684904713694,1,26630.53387498753,6.694130126984044,34.87407312250113,76,0,1
47.6642080664915,2.534422432338223,0,62169.71723515508,1.0337536416605186,74.10599880491293,43,1,1
41.967432436352425,4.414878633979104,0,29355.34143279087,4.971214806747902,109.838656391623,40,1,1
45.84958456082432,0.778339827216199,1,50935.2974889198,2.0886255729490513,108.3120386466239,9,1,1
25.64653876158654,2.987723845932802,0,108782.2981470649,5.460506053351554,102.29966802568211,64,1,1
26.59928970652456,0.4716550041203804,1,47807.79419843585,0.5313838527992287,54.28787719314834,59,2,1
27.71830109397962,4.826649391673063,0,114284.23769012699,8.915267167017184,113.10401217817166,24,0,2
16.951815919512946,2.1719956807052854,0,39430.266967661926,8.685357794869649,114.9214014497799,79,0,1
27.400325514399192,0.607353402404982,1,99287.42615656319,1.5629425339981373,117.13445778059362,19,1,1
14.786656993329679,4.511664912700858,0,99985.31892901592,5.277112071556044,67.82138433369089,87,1,0
35.564935608951984,4.644365854793515,0,93910.20955476929,0.4127599572981855,46.074739829967186,1,1,1
19.56053785513493,1.174305298636678,1,106119.10337562436,9.932620719541774,73.7798196573837,32,1,2
28.23750828795061,1.5985153969788817,0,71785.32145130371,5.336158226182288,70.15292781953472,78,0,1
32.29069073877905,0.9152940512195823,1,76061.14260217515,6.69621296932572,14.609601541875122,11,0,0
23.29901740006163,1.9501207497845878,0,39789.84546697938,1.1581563462070021,70.03470003231506,15,2,0
41.75549618480737,2.3846488821160094,0,79264.28219260884,2.6341806046838867,23.001207621630666,40,1,0
49.95442453131423,1.4723186470606808,0,116500.32486321068,2.3435628379399187,52.10534046310985,71,1,2
48.41580289030719,1.6364757216122416,0,72455.51734202729,3.0641993785905743,8.320824750556959,59,0,2
28.22138063178365,1.3122435271055333,0,110994.21181362447,4.396278965429042,94.62719463269208,17,2,0
28.327075211968264,0.5655425414924647,0,3770.2474597825567,5.313272895379754,92.3103539482202,25,1,2
23.243693758639896,0.7571075245641912,1,40657.463036422225,3.4400605437675003,105.78658810483542,28,2,1
32.70725714653625,4.916787474626466,1,44752.68429564251,0.19393599740472167,33.04244524547061,65,1,0
24.613169861404742,0.8762147548117033,1,108344.08732149356,9.095958076877547,12.76051511505434,74,0,2
35.35554097910037,4.134627329126817,0,5083.632133477095,6.509566349533155,11.171738531400063,91,2,1
27.495367998137098,4.516674851992405,1,5818.216542623577,6.433383793227487,93.1218705689109,63,2,2
47.72834259522149,3.162994607235553,1,58698.59580366071,9.676926775685233,52.40958888875788,39,1,1
26.357715162660483,3.3794640049351927,0,106506.4953872962,0.5474278227857898,6.037880220334388,27,0,2
44.564198518696124,1.4927743383215635,0,27942.51425031582,1.344058016280636,61.20468050932361,48,1,0
47.6642080664915,2.534422432338223,0,62169.71723515508,1.2406132780520518,74.10599880491293,55,1,2
14.786656993329679,4.511664912700858,0,103677.68663128275,5.3436334541835615,61.80200726609254,87,1,0
26.23825924576864,0.4716550041203804,1,54685.975572081785,0.5313838527992287,54.28787719314834,65,2,1
27.71830109397962,4.827956138252979,0,114284.23769012699,8.909157476388998,108.9653377743216,24,0,0
41.75549618480737,2.3846488821160094,0,79296.54479141996,6.492205334910646,22.948355825312326,40,1,0
24.613169861404742,4.37296960078344,1,105227.81365489951,9.095958076877547,14.348350522693025,68,0,2
20.444860313205304,4.456918521417208,0,26630.53387498753,6.694130126984044,34.87407312250113,76,0,1
23.309906458479986,0.7571075245641912,1,40657.463036422225,3.4236235731847016,105.72049147143503,51,2,1
35.564935608951984,4.478904020482254,0,90553.2565732374,0.4127599572981855,46.074739829967186,36,1,1
19.56053785513493,1.174305298636678,1,106119.10337562436,9.922966356054403,73.7798196573837,32,1,2
24.979414836833527,3.0332793159067215,0,108618.40172973601,2.3435628379399187,52.10534046310985,71,1,2
28.327075211968264,0.6058833908816088,0,3609.8845846468903,5.629426378573038,92.3103539482202,23,1,2
23.54247762264365,0.8643443226023384,1,15079.164237428187,1.5629425339981373,117.13445778059362,19,1,1
28.23750828795061,1.3175781058939429,0,71785.32145130371,5.35347504329469,70.15292781953472,78,0,1
45.774128879536676,0.7929835259339615,0,106506.4953872962,0.526232112973703,6.037880220334388,27,0,2
48.41580289030719,1.6364757216122416,0,72455.51734202729,3.7972142973146608,8.320824750556959,43,0,1
44.564198518696124,1.4927743383215635,0,27942.51425031582,1.642961069712715,67.22405757692195,48,1,0
23.29901740006163,2.063479022853477,0,39789.84546697938,1.1581563462070021,70.03470003231506,9,2,0
32.70725714653625,4.915480727972866,1,44488.688046820906,0.27351665612779463,37.091109518522934,65,1,2
36.4573917165005,0.9152940512195823,1,76028.88000336403,2.838188323057999,14.662453338198347,11,0,0
35.35554097910037,1.621626177691316,0,8084.212682884249,6.509566349533155,11.171738531400063,91,2,1
16.951815919512946,1.562707630019926,1,39430.266967661926,8.685357794869649,114.9214014497799,79,0,1
27.429155298297008,4.516674851992405,1,5818.216542623577,6.44982076392111,91.27441284585346,29,2,2
41.967432436352425,4.641543061881236,0,32712.254511374198,4.971214806747902,109.838656391623,0,1,1
47.72834259522149,3.162994607235553,1,58698.59580366071,9.686576912408569,52.40958888875788,38,1,1
49.816523926566184,1.4640852324435651,0,116664.20938917235,5.460506053351554,102.29966802568211,64,1,1
46.11954378936913,3.0149875296499213,1,51030.220917445775,2.2025144151458305,37.32474075107683,25,1,2
16.4930491508714,3.8363685685052955,1,102175.5411675549,1.5253681523256757,67.38999178550011,10,1,1
28.22138063178365,1.5931808181904719,0,110994.21181362447,4.37896214831664,94.62719463269208,17,2,0
26.4321346538912,3.3648423352560743,1,50935.2974889198,2.109830912088661,108.3120386466239,9,1,1
17.906064217777672,1.562707630019926,1,39395.01394334069,0.47099404255494104,76.76194437785126,79,0,1
27.495367998137098,4.968351814328646,1,5818.216542623577,6.433383793227487,93.1218705689109,68,2,2
36.4573917165005,0.9152940512195823,1,76028.88000336403,2.838188323057999,14.662453338198347,8,0,0
27.487187113657242,3.055234320609319,1,50776.376889303356,2.15055359217747,92.24982028339718,23,1,2
23.309906458479986,0.7571075245641912,1,50795.51438020542,3.492421531842214,117.36371973494897,51,2,1
26.91202398387948,0.8643443226023384,1,3668.5229311004314,1.5629425339981373,118.10415485765597,19,1,1
27.429155298297008,4.516674851992405,1,5818.216542623577,6.44982076392111,91.27441284585346,24,0,2
27.400325514399192,0.607353402404982,1,99287.42615656319,1.5629425339981373,117.13445778059362,9,2,1
27.71830109397962,4.854549518904212,1,114284.23769012699,8.909157476388998,114.24592310026247,24,0,0
16.507472462156265,4.9004193592319,1,45268.636098329785,1.5253681523256757,73.91831586161048,64,1,1
23.29901740006163,2.971429832493632,1,39789.84546697938,1.1581563462070021,70.03470003231506,25,2,0
16.4930491508714,3.8363685685052955,1,21984.412808620033,1.487017871759766,67.38999178550011,10,1,1
19.56053785513493,1.1756058248014511,1,70824.99047316026,9.922966356054403,11.526064896383978,32,1,2
23.243693758639896,0.7571075245641912,1,40657.463036422225,4.725469433870016,105.78658810483542,28,2,1
47.22757736740432,0.8865673367882365,1,50935.2974889198,2.097281122615082,108.3120386466239,9,1,1
46.66321794180698,2.534422432338223,0,62204.970259491965,9.280450754667736,93.86107733135933,43,1,1
45.774128879536676,0.9947726095647993,0,106506.4953872962,0.846786380633186,16.850340235888687,26,0,2
49.90867068481496,3.162994607235553,1,50803.79943112053,9.686576912408569,38.879611184453424,37,1,1
47.37753428390947,0.19252136942472964,0,3770.2474597825567,5.313272895379754,37.385263002922095,28,1,2
26.4321346538912,3.3648423352560743,1,54777.615635759554,2.109830912088661,108.3120386466239,9,1,1
28.081106708768225,0.6058833908816088,0,15020.602792331927,5.629426378573038,91.24859155424275,23,1,2
27.860582824661158,4.826649391673063,0,111006.69696667854,8.745811552243925,113.10401217817166,29,2,2
24.25007260764171,2.063479022853477,0,39789.84546697938,1.1581563462070021,70.03470003231506,19,1,0
20.444860313205304,3.7186684904713694,0,26630.53387498753,6.694130126984044,34.87407312250113,76,0,1
33.3445600622152,4.500331815307751,1,98737.41232935245,0.19393599740472167,33.04244524547061,11,1,0
46.11954378936913,1.9208553873266405,0,51030.220917445775,2.1065527461225715,37.32474075107683,15,1,2
41.967432436352425,4.641543061881236,0,45467.62558988799,4.971214806747902,109.838656391623,0,1,1
32.29069073877905,0.913993525054809,1,107160.88548971277,6.69621296932572,76.87798563404995,11,0,0
14.786656993329679,4.511664912700858,0,103677.68663128275,3.5031740091009027,61.80200726609254,87,1,0
23.577387357962223,3.2168442772969366,0,108618.40172973601,2.334907288273888,52.10534046310985,71,1,2
36.95263858017262,0.9152940512195823,1,76028.88000336403,1.5302244298168222,118.10517336974593,13,1,0
23.33021509555954,0.9843900422085362,1,66227.59025198426,2.027938414156519,105.79589175889872,9,1,1
19.56053785513493,0.7133671572418064,1,106119.10337562436,9.922966356054403,73.7798196573837,22,1,2
49.90867068481496,3.27651042347867,1,50803.79943112053,9.686576912408569,90.6894634493067,37,1,1
46.59784235744045,0.607353402404982,1,97108.34299339805,9.503073588226918,116.30406126000904,19,1,1
22.184665487656787,3.7231439817456526,1,16225.189216095254,6.694182601754461,39.040179205904806,79,0,1
16.4930491508714,4.002134190995562,1,21984.412808620033,1.487017871759766,67.38999178550011,10,1,1
23.650985347421557,0.7571075245641912,1,36696.94984950301,8.881617734535821,114.31596137810826,28,2,1
29.007855767337883,0.5577259437684718,0,6863.640268036259,2.872510347576524,95.31076451281953,8,1,0
23.29901740006163,2.063479022853477,0,15914.047513929225,1.5649143004163284,70.03470003231506,9,2,0
31.480302370066667,3.8363685685052955,1,18298.22492209922,6.696213282347678,13.462386374599372,10,1,1
27.429155298297008,4.516674851992405,1,4616.988026220457,6.486961066698925,88.38716537230238,10,0,2
45.84958456082432,0.778339827216199,1,50935.2974889198,2.0886255729490513,96.80949852593548,10,1,1
28.327075211968264,0.6058833908816088,0,3609.8845846468903,5.629426378573038,92.3103539482202,19,1,0
41.967432436352425,4.641543061881236,0,51069.57827338339,2.4476972058828057,109.838656391623,0,1,1
27.425762386260764,0.8643443226023384,1,3668.5229311004314,1.9274937321122039,41.46361603147469,14,0,1
27.30173082902096,3.1573952161095797,1,40657.463036422225,4.807361971144173,110.37737024427786,28,2,1
23.29901740006163,2.971429832493632,1,54654.01159506947,1.1581563462070021,70.03470003231506,32,2,0
27.429155298297008,4.4031558655497784,1,2089.359092333566,6.44982076392111,39.46455521569193,29,2,2
28.51951075366966,3.162994607235553,1,60877.67163547209,1.7868372793893252,52.967408170874066,38,1,1
32.29069073877905,0.9095323491786143,1,106733.43654311667,6.696160494555302,76.57722374010042,8,0,0
41.860189455180134,4.641543061881236,0,32712.254511374198,4.971214806747902,109.838656391623,0,1,1
29.734452684171544,4.854549518904212,1,117292.03867463031,3.4672067094276002,105.71654959530305,24,0,0
35.77661116112414,0.923110648945195,1,73162.54412256519,5.280210392097425,11.703689305076992,25,0,2
23.998995282883342,0.8643443226023384,1,38954.963245789084,1.1871883891197033,117.13445778059362,19,1,1
17.303452533177857,0.9152940512195823,1,76061.14260217515,1.476592404115932,68.53941395916922,11,0,0
26.4321346538912,3.3648423352560743,1,56072.55226606619,2.0726927255176473,111.19921075513507,23,1,1
16.4930491508714,3.8363685685052955,1,102175.5411675549,1.5253681523256757,65.70493774430084,8,1,1
24.25007260764171,2.063479022853477,0,43668.627745018166,1.1581563462070021,70.03470003231506,23,1,2
46.11954378936913,3.0149875296499213,1,45428.26823395038,6.230737661243029,37.32474075107683,24,1,2
31.325227011160415,0.9799282816806405,1,13510.178220176955,1.6478312387183665,118.10517336974593,13,1,0
27.425762386260764,0.8643443226023384,1,3881.5442389698073,1.9274937321122039,41.46361603147469,14,0,1
23.230791364310846,0.8643443226023384,1,15079.164237428187,1.5581248766392755,119.90470573153388,19,1,1
36.4573917165005,0.9152940512195823,1,76028.88000336403,2.915815302881692,14.662453338198347,8,0,0
27.623766945902933,4.516674851992405,1,5818.216542623577,6.44982076392111,90.11583101580774,24,2,2
26.40211840800636,4.002134190995562,1,21984.412808620033,1.5661396500086415,67.38999178550011,10,1,1
45.979894783172064,0.778339827216199,1,50935.2974889198,1.1475595522811906,96.80949852593548,10,1,1
30.021290286797253,3.2597740394107992,0,6863.640268036259,2.872510347576524,52.834068327687746,41,1,0
15.135145044993703,3.8363685685052955,1,18206.579301356884,1.755815600629308,67.38999178550011,10,1,1
29.734452684171544,4.810916546996966,1,49999.076643769724,3.4672067094276002,105.71654959530305,24,0,0
23.998995282883342,3.5123937420767555,1,39798.24938404223,1.3041871197787849,37.38340890303671,19,1,1
45.84958456082432,0.4403954515722408,1,50935.2974889198,2.0886255729490513,108.3120386466239,0,1,1
27.71830109397962,4.854549518904212,1,118898.36157026106,8.733919336469073,114.6847764619585,24,0,1
27.429155298297008,4.5166336711597275,1,3176.6201166262817,5.883487163253051,88.06890798155074,11,0,2
23.487055607839583,1.6712661041199306,1,40657.463036422225,4.725469433870016,108.3977299957496,11,2,0
36.82830447949584,3.771748790527381,1,80378.73769636797,6.578651396097239,13.462386374599372,10,1,1
26.4321346538912,3.3648423352560743,1,59780.54454558058,2.2447835426270055,108.3120386466239,9,1,1
16.804735414742986,3.8363685685052955,1,18298.22492209922,1.903795322098075,59.26054603673244,10,1,1
26.4321346538912,3.3648423352560743,1,39078.56614072277,2.109830912088661,108.3120386466239,5,1,1
27.429155298297008,4.4031558655497784,1,2089.359092333566,6.44982076392111,40.62313227920528,29,0,2
17.002955076004596,0.8643443226023384,1,3668.5229311004314,1.4838207557492618,118.10415485765597,19,1,1
22.794938123269176,2.063479022853477,0,15914.047513929225,1.5729995872890068,75.49638890317296,9,2,0
48.302244044483686,0.4617159118861709,1,58698.59580366071,9.686576912408569,94.88628194645611,7,1,1
26.4321346538912,3.3648423352560743,1,56072.55226606619,2.0757599595693663,106.35761613588281,23,1,1
41.967432436352425,4.641543061881236,0,117757.35530799534,2.4476972058828057,109.838656391623,0,1,1
49.90867068481496,0.8104585381264309,1,66232.23829414678,9.527237936269458,117.73790689037709,37,1,1
41.860189455180134,4.641543061881236,0,32712.254511374198,4.971214806747902,109.838656391623,5,1,1
23.243693758639896,0.7571075245641912,1,40097.456228805044,3.4400605437675003,114.3963450033414,21,2,0
35.488791436154244,0.9152940512195823,1,76028.88000336403,3.1057186815399147,14.986039276432898,10,0,0
17.06009068542529,0.9152940512195823,1,75937.53814547531,1.476592404115932,65.92710625793976,28,0,1
16.4930491508714,3.8363685685052955,1,18298.22492209922,1.4765303742416935,67.38999178550011,10,1,1
48.1612249670623,3.055234320609319,1,50776.376889303356,2.15055359217747,37.32474075107683,23,1,2
20.444860313205304,3.7186684904713694,1,26630.53387498753,6.694130126984044,34.87407312250113,76,0,1
47.6642080664915,2.534422432338223,0,62169.71723515508,1.0337536416605186,74.10599880491293,43,1,1
41.967432436352425,4.414878633979104,0,29355.34143279087,4.971214806747902,109.838656391623,40,1,1
45.84958456082432,0.778339827216199,1,50935.2974889198,2.0886255729490513,108.3120386466239,9,1,1
25.64653876158654,2.987723845932802,0,108782.2981470649,5.460506053351554,102.29966802568211,64,1,1
26.59928970652456,0.4716550041203804,1,47807.79419843585,0.5313838527992287,54.28787719314834,59,2,1
27.71830109397962,4.826649391673063,0,114284.23769012699,8.915267167017184,113.10401217817166,24,0,2
16.951815919512946,2.1719956807052854,0,39430.266967661926,8.685357794869649,114.9214014497799,79,0,1
27.400325514399192,0.607353402404982,1,99287.42615656319,1.5629425339981373,117.13445778059362,19,1,1
14.786656993329679,4.511664912700858,0,99985.31892901592,5.277112071556044,67.82138433369089,87,1,0
35.564935608951984,4.644365854793515,0,93910.20955476929,0.4127599572981855,46.074739829967186,1,1,1
19.56053785513493,1.174305298636678,1,106119.10337562436,9.932620719541774,73.7798196573837,32,1,2
28.23750828795061,1.5985153969788817,0,71785.32145130371,5.336158226182288,70.15292781953472,78,0,1
32.29069073877905,0.9152940512195823,1,76061.14260217515,6.69621296932572,14.609601541875122,11,0,0
23.29901740006163,1.9501207497845878,0,39789.84546697938,1.1581563462070021,70.03470003231506,15,2,0
41.75549618480737,2.3846488821160094,0,79264.28219260884,2.6341806046838867,23.001207621630666,40,1,0
49.95442453131423,1.4723186470606808,0,116500.32486321068,2.3435628379399187,52.10534046310985,71,1,2
48.41580289030719,1.6364757216122416,0,72455.51734202729,3.0641993785905743,8.320824750556959,59,0,2
28.22138063178365,1.3122435271055333,0,110994.21181362447,4.396278965429042,94.62719463269208,17,2,0
28.327075211968264,0.5655425414924647,0,3770.2474597825567,5.313272895379754,92.3103539482202,25,1,2
23.243693758639896,0.7571075245641912,1,40657.463036422225,3.4400605437675003,105.78658810483542,28,2,1
32.70725714653625,4.916787474626466,1,44752.68429564251,0.19393599740472167,33.04244524547061,65,1,0
24.613169861404742,0.8762147548117033,1,108344.08732149356,9.095958076877547,12.76051511505434,74,0,2
35.35554097910037,4.134627329126817,0,5083.632133477095,6.509566349533155,11.171738531400063,91,2,1
27.495367998137098,4.516674851992405,1,5818.216542623577,6.433383793227487,93.1218705689109,63,2,2
47.72834259522149,3.162994607235553,1,58698.59580366071,9.676926775685233,52.40958888875788,39,1,1
26.357715162660483,3.3794640049351927,0,106506.4953872962,0.5474278227857898,6.037880220334388,27,0,2
44.564198518696124,1.4927743383215635,0,27942.51425031582,1.344058016280636,61.20468050932361,48,1,0
48.41580289030719,1.6880813730501198,0,71917.84498747184,3.0510644529092543,8.285271716054233,59,0,2
27.495367998137098,3.907367796631292,1,46125.500652463255,0.8442323770892242,54.76555225025744,59,2,2
32.29069073877905,1.0001267971072474,1,58604.262575312925,6.69621296932572,14.609601541875122,10,0,1
41.75549618480737,2.3846488821160094,0,73141.28034224111,2.6341806046838867,23.001207621630666,40,1,1
35.550894402917635,1.5985153969788817,0,71785.32145130371,5.355126798536257,9.935442749460531,76,0,1
41.967432436352425,4.434310321698674,0,30164.22281829152,4.971214806747902,109.838656391623,38,1,1
20.444860313205304,3.7186684904713694,1,26630.53387498753,6.915577667747613,34.87407312250113,19,0,1
19.605586158751933,1.2423849652240162,0,108019.10173465937,9.932620719541774,69.5649171091981,32,1,2
28.22138063178365,1.3244622485020576,0,99833.84757685164,5.262312402659356,94.62719463269208,17,2,0
16.951815919512946,2.1719956807052854,0,112165.11264119009,8.685357794869649,114.9214014497799,79,1,1
35.564935608951984,0.6024416028516622,0,93910.20955476929,5.338651194859649,46.074739829967186,2,1,1
17.53547533995352,3.576711994303286,1,40657.463036422225,3.41459494577334,105.78658810483542,28,2,1
34.34243630340043,0.8762147548117033,1,106247.81191349521,0.4674231177921637,32.542380663007776,74,0,2
44.564198518696124,1.5067653758710942,0,26768.79681235603,1.9992667846449754,37.43209955486152,48,1,0
49.95442453131423,1.4723186470606808,0,116500.32486321068,2.3435628379399187,51.168829958180396,70,1,2
26.357715162660483,3.327858353372954,0,105781.1258551969,0.2538354283824882,6.073433254837122,27,0,2
26.59928970652456,0.4716550041203804,1,2533.0286658621862,6.126476732067925,92.64419496941625,63,2,1
47.72834259522149,3.078164208467779,1,76155.47583052283,9.676926775685233,52.40958888875788,39,1,0
45.84958456082432,0.6944311905955208,1,50935.2974889198,2.0886255729490513,108.3120386466239,9,1,0
28.042154864131476,4.134627329126817,0,5083.632133477095,6.490597777179186,71.40542449031776,91,2,1
27.400325514399192,0.5877725157124964,1,98137.88330589564,1.5629425339981373,117.13445778059362,23,1,1
23.29901740006163,1.9501207497845878,0,39789.84546697938,0.9387319194340682,70.45800245879785,83,2,0
27.868603904087482,4.7449486346172325,1,114238.33931040044,8.864267688410475,113.10401217817166,24,0,2
15.172093967238993,4.498748435204188,0,111145.68309791731,4.4110786343257296,67.82138433369089,87,1,0
25.64653876158654,2.987723845932802,0,35938.72031116784,5.460506053351554,102.29966802568211,64,0,1
28.327075211968264,4.603848547458817,0,3770.2474597825567,0.3958365288214005,92.3103539482202,24,1,2
23.11669232190847,1.0168257381972943,1,18298.22492209922,1.5019959847505415,67.38999178550011,10,1,1
24.76741236796431,4.916787474626466,1,44752.68429564251,8.892239393879205,23.996367868658204,64,1,0
48.1612249670623,3.041243283912929,1,51950.09433587418,1.2876908307846935,61.09732170559116,21,1,2
41.967432436352425,4.4400381189702225,0,26609.434669658665,6.66820957724458,115.84292264541038,40,0,1
49.95442453131423,0.5700737684061232,0,116500.32486321068,1.89175422020045,51.168829958180396,70,1,2
19.56053785513493,1.1085589150274033,1,39184.569174225566,9.932620719541774,73.7798196573837,14,1,2
27.400325514399192,0.607353402404982,1,97754.22535556437,2.8005564341751024,109.00167816293049,19,1,1
35.58066593728337,4.644365854793515,0,94117.09263516875,0.4127599572981855,46.074739829967186,24,1,1
17.53547533995352,3.5787410412043457,1,40657.463036422225,2.0934281945609263,105.78658810483542,10,2,1
49.09016480522052,4.672906538300559,0,24876.132838569472,5.7861627210594095,114.59827572717444,40,0,1
20.444860313205304,3.7186684904713694,0,26626.99707649387,6.694130126984044,34.87407312250113,76,0,1
33.77416149072861,0.9923085322442946,1,58604.262575312925,6.354461712667506,14.609601541875122,10,0,0
16.4930491508714,3.8363685685052955,1,99402.30102363651,1.4765303742416935,67.7553647371341,10,1,1
27.71830109397962,4.826649391673063,0,113596.4409293154,8.915267167017184,113.10401217817166,25,0,2
35.83454024281867,0.6024416028516622,1,94261.9827754051,5.338651194859649,46.134153937965294,2,1,1
28.67890417744399,3.041243283912929,1,52233.021861335685,1.255597927641704,61.09732170559116,59,1,2
48.14149822783312,3.055234320609319,1,50758.812821933,4.866062745611526,37.32474075107683,24,1,2
45.84958456082432,0.7500111107293193,1,48784.87607322364,2.0886255729490513,108.3120386466239,9,1,1
30.192270211316092,1.467787453272766,0,1756.692966923085,5.313272895379754,93.07437217940729,25,1,2
23.29901740006163,2.015867133463405,0,106717.83619028181,1.1581563462070021,70.03470003231506,33,2,0
47.05803815231077,3.078164208467779,1,77688.67660837101,9.676926775685233,50.09756838031606,39,1,0
27.384595186063727,0.5877725157124964,1,97931.00022549619,1.5629425339981373,117.13445778059362,5,1,1
45.84958456082432,0.6924885184656118,1,50935.2974889198,3.4097923241641195,108.3120386466239,27,1,0
41.886268568229916,3.0762454416583025,1,58698.59580366071,9.54273525142857,52.40958888875788,39,1,1
44.564198518696124,1.5067653758710942,1,19534.147223575208,1.9992667846449754,37.43209955486152,48,1,0
32.29069073877905,0.9231123160825352,1,76061.14260217515,6.69621296932572,14.609601541875122,11,0,1
28.22138063178365,1.3244622485020576,0,20176.113895960443,5.262312402659356,94.26182166074453,17,2,0
39.12176454811494,4.434310321698674,0,30677.829860038306,4.971214806747902,99.63854011825721,36,1,1
20.175256227958478,3.7186684904713694,0,26936.94002853452,6.571764954738592,34.81465901450302,17,0,1
46.05930138116031,0.4716550041203804,1,47524.86667297434,0.5634767645633341,50.474031387740865,21,2,1
41.12760617676245,4.744990309101678,0,29372.90550039214,2.255705668265735,103.36846820497539,39,1,1
25.402679600262562,0.7538406862241167,1,40127.09798354973,3.4400605437675003,105.78658810483542,28,2,1
25.27936857875078,0.4663522881580098,1,50935.2974889198,2.2839147067102283,108.3120386466239,9,1,1
47.153556966927866,0.7836425431806598,1,47807.79419843585,0.536488994248768,57.15601696539953,64,2,1
19.888404899015523,1.0001267971072474,1,59529.72815776475,6.69621296932572,14.609601541875122,10,0,1
27.124635472982366,0.5877725157124964,1,97931.00022549619,1.5501136282756294,112.3324730558349,5,1,1
22.915698528331674,0.5983314152863998,1,99420.87931664853,1.5019959847505415,67.38999178550011,10,1,1
28.22138063178365,0.7542088695582376,0,20421.692094317958,6.356150998001846,94.26182166074453,20,2,1
27.400325514399192,0.5877861948113028,1,94364.56790717583,5.3676019563727655,117.13445778059362,26,1,1
30.192270211316092,1.8297292149532596,0,1756.692966923085,1.021628950665148,93.07437217940729,15,2,2
32.00716396520224,0.7597081379627733,1,40657.463036422225,3.4661215777512484,105.78658810483542,28,2,1
46.416026199755294,3.055234320609319,1,50776.376889303356,2.15055359217747,106.87443277298627,23,1,2
17.53547533995352,4.037674750734687,1,51797.943395369795,3.41459494577334,105.78658810483542,28,2,1
20.15144786360779,0.9485947686038217,1,48784.87607322364,2.0886255729490513,108.7231175464462,9,1,1
16.881506014820282,4.3267111599574415,1,26594.28435110625,6.569875006579677,34.87407312250113,74,0,1
45.84958456082432,0.6944311905955208,0,50935.2974889198,2.0886255729490513,108.3120386466239,38,1,0
49.26113046110272,3.041243283912929,1,51950.09433587418,1.2876908307846935,61.09732170559116,10,1,2
33.77416149072861,0.9923085322442946,1,58604.262575312925,0.7755755978225873,16.985523881416043,21,0,0
20.175256227958478,3.7186684904713694,1,50862.93169088883,3.604928210683303,43.114363578778274,27,0,0
32.84714628236817,3.7186684904713694,1,35662.91309068439,6.915577667747613,34.87407312250113,29,0,1
40.97494420140238,4.744990309101678,0,29372.90550039214,1.9232120619107846,103.36846820497539,39,1,1
27.400325514399192,1.0258477253211915,1,16637.27781748159,3.488168640166668,109.00167816293049,19,1,1
25.402679600262562,1.324094065177223,1,40996.91494306812,3.4400605437675003,105.78658810483542,28,2,0
35.83454024281867,0.6024279237528558,1,91261.68679939925,1.5339977554335096,46.134153937965294,2,1,1
23.29901740006163,1.4647420406710285,0,39789.84546697938,5.092088034326261,70.03470003231506,25,1,0
23.52722053225686,0.9205117026839531,1,76061.14260217515,5.837861070768393,14.609601541875122,5,0,1
16.69663050376677,3.5787410412043457,1,41116.31457122376,2.0934281945609263,36.22707230271213,10,2,1
25.27936857875078,0.4663522881580098,1,50988.537266457104,2.8782621601316984,108.3120386466239,3,1,1
47.22909803623574,0.7521783590588238,1,42530.4541543958,9.932620719541774,73.36847027751186,7,1,2
20.056403449260245,3.90259929707225,1,18334.474445980755,1.400938305032268,71.48554491716389,13,1,1
41.967432436352425,4.414878633979104,1,29355.34143279087,4.241721694328029,109.838656391623,11,1,1
46.05930138116031,0.4716550041203804,1,47524.86667297434,6.147314187732032,48.098144191190016,10,2,1
45.84958456082432,0.6924885184656118,0,27009.305829073295,5.30091977797965,108.3120386466239,17,1,1
17.53547533995352,3.4623668792590765,1,40657.463036422225,2.0934281945609263,112.62023800697746,10,2,1
20.75346204790967,3.5770623225713414,1,25872.2832145593,6.938816525292939,34.782629938570174,10,2,1
33.10268399333664,0.9922139249681793,1,59557.126081636234,6.494531919358728,16.985523881416043,21,0,0
27.400325514399192,0.5877725157124964,1,98137.88330589564,1.5629425339981373,70.71973539157952,25,1,0
44.63423854686536,0.6639592037398846,1,40711.373212812825,2.02565241480276,108.3047094107424,3,1,1
23.52722053225686,1.004945716727626,1,86946.62993507652,5.837861070768393,14.609601541875122,5,0,1
23.11669232190847,1.4582131433654615,0,1273.2871437599115,1.6454048371700143,90.06303878839535,7,1,2
25.402679600262562,1.1706782950271726,1,41304.658254429225,3.441422787455521,105.78658810483542,28,2,1
20.000898873283663,0.28743656442023224,1,92428.77896616599,6.494092085293001,37.522397352205296,5,0,1
48.47828606481355,3.015278281926243,1,39738.15466054272,1.1517620952085719,106.87443277298627,23,1,2
29.383056694672845,0.9923085322442946,1,58604.262575312925,6.354461712667506,14.609601541875122,16,0,0
35.83454024281867,0.6024416028516622,1,94261.9827754051,3.4621735225951173,46.134153937965294,2,1,1
17.5564260824905,3.90259929707225,1,40392.97225238176,0.8757046770728589,71.48554491716389,6,1,1
16.426375303052957,3.7186684904713694,1,35662.91309068439,1.4407241877220356,34.87407312250113,29,0,1
41.967432436352425,4.4122531616196285,1,50887.501912127416,4.456186895175321,109.838656391623,11,1,1
25.27936857875078,1.4428747304725056,1,51754.03580535229,2.2839147067102283,108.33943097504516,12,1,1
16.38802876910325,3.7203472091043737,1,40325.523580451525,2.0701937451061414,36.318515486643086,19,0,1
19.798349550126783,1.0002214043833628,1,58576.86465144144,0.9680429830826329,14.609601541875122,10,0,1
23.29901740006163,1.4647420406710285,0,39789.84546697938,5.092088034326261,116.3311496858219,23,1,1
18.744618446291845,3.568578247446576,1,50881.387312529194,2.088711508485728,105.79391734071693,10,2,0
32.29069073877905,0.9156927830635746,1,58604.262575312925,6.69621296932572,14.609601541875122,10,0,1
30.192270211316092,1.026400048104608,1,24238.171709751412,5.169869081584111,70.40132517221521,25,1,1
16.469205320069136,3.6118160743372987,1,40657.463036422225,3.41323270208532,105.78658810483542,39,2,0
36.008898321490136,3.5413886309207756,0,28258.360955733715,0.2161313775942959,34.8770310594181,17,1,1
30.049440224064384,2.0175274416726703,0,50828.06769574001,2.5314063176585266,74.38281459611447,15,2,0
20.15144786360779,0.9485947686038217,1,48784.87607322364,2.0886255729490513,108.7231175464462,10,1,1
27.400325514399192,1.0258477253211915,1,26198.042449878514,5.364646312432055,109.00167816293049,18,1,1
20.035452706723266,3.4623668792590765,1,18370.474554322464,2.2426689769406876,112.62023800697746,10,2,1
32.91384870041382,3.8363685685052955,1,18298.22492209922,6.9515055888908055,67.38999178550011,10,1,1
25.27936857875078,0.47009390902020676,1,29456.376787380254,2.668794990464203,108.3120386466239,3,1,1
17.53547533995352,4.037674750734687,1,50979.20507893731,3.4025017673025624,105.75919577641417,38,2,1
