bandwidth,cruise_speed,firm_obstacle,illuminance,obstacle_distance,obstacle_size,power,quality,smoke_intensity
30.280739100716726,4.864297933959319,0,83712.62137072944,5.668029465592356,100.65633970751922,74,2,1
30.280739100716726,4.864297933959319,0,83712.62137072944,5.668029465592356,100.65633970751922,85,2,1
30.280739100716726,4.864297933959319,0,83712.62137072944,5.668029465592356,100.65633970751922,10,2,1
30.280739100716726,4.864297933959319,0,83712.62137072944,5.668029465592356,100.65633970751922,16,2,1
30.280739100716726,4.864297933959319,0,83712.62137072944,5.668029465592356,100.65633970751922,46,2,1
30.280739100716726,4.864297933959319,0,83712.62137072944,5.668029465592356,100.65633970751922,56,2,1
30.280739100716726,4.864297933959319,0,83712.62137072944,5.668029465592356,100.65633970751922,76,2,1
30.280739100716726,4.864297933959319,0,83712.62137072944,5.668029465592356,100.65633970751922,37,2,1
30.280739100716726,4.864297933959319,0,83712.62137072944,5.668029465592356,100.65633970751922,3,2,1
30.280739100716726,4.864297933959319,0,83712.62137072944,5.668029465592356,100.65633970751922,21,2,1
30.280739100716726,4.864297933959319,0,83712.62137072944,5.668029465592356,100.65633970751922,46,2,1
30.280739100716726,4.864297933959319,0,83712.62137072944,5.668029465592356,100.65633970751922,38,2,1
30.280739100716726,4.864297933959319,0,83712.62137072944,5.668029465592356,100.65633970751922,92,2,1
30.280739100716726,4.864297933959319,0,83712.62137072944,5.668029465592356,100.65633970751922,43,2,1
30.280739100716726,4.864297933959319,0,83712.62137072944,5.668029465592356,100.65633970751922,64,2,1
30.280739100716726,4.864297933959319,0,83712.62137072944,5.668029465592356,100.65633970751922,61,2,1
30.280739100716726,4.864297933959319,0,83712.62137072944,5.668029465592356,100.65633970751922,9,2,1
30.280739100716726,4.864297933959319,0,83712.62137072944,5.668029465592356,100.65633970751922,74,2,1
30.280739100716726,4.864297933959319,0,83712.62137072944,5.668029465592356,100.65633970751922,5,2,1
30.280739100716726,4.864297933959319,0,83712.62137072944,5.668029465592356,100.65633970751922,1,2,1
30.280739100716726,4.864297933959319,0,83712.62137072944,5.668029465592356,100.65633970751922,59,2,1
30.280739100716726,4.864297933959319,0,83712.62137072944,5.668029465592356,100.65633970751922,25,2,1
30.280739100716726,4.864297933959319,0,83712.62137072944,5.668029465592356,100.65633970751922,36,2,1
30.280739100716726,4.864297933959319,0,83712.62137072944,5.668029465592356,100.65633970751922,61,2,1
30.280739100716726,4.864297933959319,0,83712.62137072944,5.668029465592356,100.65633970751922,15,2,1
30.280739100716726,4.864297933959319,0,83712.62137072944,5.668029465592356,100.65633970751922,8,2,1
30.280739100716726,4.864297933959319,0,83712.62137072944,5.668029465592356,100.65633970751922,70,2,1
30.280739100716726,4.864297933959319,0,83712.62137072944,5.668029465592356,100.65633970751922,100,2,1
30.280739100716726,4.864297933959319,0,83712.62137072944,5.668029465592356,100.65633970751922,68,2,1
30.280739100716726,4.864297933959319,0,83712.62137072944,5.668029465592356,100.65633970751922,84,2,1
43.895812061308995,0.18388678833662409,1,97186.32825027693,9.278789765791718,26.38124270189187,85,1,2
43.895812061308995,2.837699065742223,1,97186.32825027693,9.278789765791718,26.38124270189187,85,1,2
43.895812061308995,3.0467006852255176,1,97186.32825027693,9.278789765791718,26.38124270189187,85,1,2
43.895812061308995,0.03463289757134114,1,97186.32825027693,9.278789765791718,26.38124270189187,85,1,2
43.895812061308995,0.8954193695661727,1,97186.32825027693,9.278789765791718,26.38124270189187,85,1,2
43.895812061308995,0.8246110676319784,1,97186.32825027693,9.278789765791718,26.38124270189187,85,1,2
43.895812061308995,2.309789547669321,1,97186.32825027693,9.278789765791718,26.38124270189187,85,1,2
43.895812061308995,2.8350180811364627,1,97186.32825027693,9.278789765791718,26.38124270189187,85,1,2
43.895812061308995,2.2595461191857584,1,97186.32825027693,9.278789765791718,26.38124270189187,85,1,2
43.895812061308995,4.598878400541314,1,97186.32825027693,9.278789765791718,26.38124270189187,85,1,2
43.895812061308995,4.074621034345788,1,97186.32825027693,9.278789765791718,26.38124270189187,85,1,2
43.895812061308995,2.0058302724997077,1,97186.32825027693,9.278789765791718,26.38124270189187,85,1,2
43.895812061308995,1.0158077823091538,1,97186.32825027693,9.278789765791718,26.38124270189187,85,1,2
43.895812061308995,1.7916276925768004,1,97186.32825027693,9.278789765791718,26.38124270189187,85,1,2
43.895812061308995,4.310175181186835,1,97186.32825027693,9.278789765791718,26.38124270189187,85,1,2
43.895812061308995,1.7440777729146233,1,97186.32825027693,9.278789765791718,26.38124270189187,85,1,2
43.895812061308995,4.955328110206988,1,97186.32825027693,9.278789765791718,26.38124270189187,85,1,2
43.895812061308995,2.8288441975378094,1,97186.32825027693,9.278789765791718,26.38124270189187,85,1,2
43.895812061308995,1.1842292661416494,1,97186.32825027693,9.278789765791718,26.38124270189187,85,1,2
43.895812061308995,3.2934865252559042,1,97186.32825027693,9.278789765791718,26.38124270189187,85,1,2
43.895812061308995,3.3011325544781664,1,97186.32825027693,9.278789765791718,26.38124270189187,85,1,2
43.895812061308995,2.573037866068941,1,97186.32825027693,9.278789765791718,26.38124270189187,85,1,2
43.895812061308995,1.3954648582957552,1,97186.32825027693,9.278789765791718,26.38124270189187,85,1,2
43.895812061308995,3.1495909841725074,1,97186.32825027693,9.278789765791718,26.38124270189187,85,1,2
43.895812061308995,2.3959541183655233,1,97186.32825027693,9.278789765791718,26.38124270189187,85,1,2
43.895812061308995,3.266444074383676,1,97186.32825027693,9.278789765791718,26.38124270189187,85,1,2
43.895812061308995,2.7112013854441304,1,97186.32825027693,9.278789765791718,26.38124270189187,85,1,2
43.895812061308995,0.606055724114164,1,97186.32825027693,9.278789765791718,26.38124270189187,85,1,2
43.895812061308995,4.543690129067333,1,97186.32825027693,9.278789765791718,26.38124270189187,85,1,2
43.895812061308995,0.08606630193778553,1,97186.32825027693,9.278789765791718,26.38124270189187,85,1,2
22.430425155748395,4.7798101045110535,1,88611.32885482778,0.5137444817131154,86.99501467139507,69,0,2
16.854542457083042,4.7798101045110535,1,88611.32885482778,0.5137444817131154,86.99501467139507,69,0,2
23.72199890162916,4.7798101045110535,1,88611.32885482778,0.5137444817131154,86.99501467139507,69,0,2
34.7005893849964,4.7798101045110535,1,88611.32885482778,0.5137444817131154,86.99501467139507,69,0,2
32.03349304427341,4.7798101045110535,1,88611.32885482778,0.5137444817131154,86.99501467139507,69,0,2
38.643811164644006,4.7798101045110535,1,88611.32885482778,0.5137444817131154,86.99501467139507,69,0,2
29.57814935691183,4.7798101045110535,1,88611.32885482778,0.5137444817131154,86.99501467139507,69,0,2
43.65991992433936,4.7798101045110535,1,88611.32885482778,0.5137444817131154,86.99501467139507,69,0,2
23.918028185149534,4.7798101045110535,1,88611.32885482778,0.5137444817131154,86.99501467139507,69,0,2
31.921800900348455,4.7798101045110535,1,88611.32885482778,0.5137444817131154,86.99501467139507,69,0,2
30.17757163183195,4.7798101045110535,1,88611.32885482778,0.5137444817131154,86.99501467139507,69,0,2
10.882226841120088,4.7798101045110535,1,88611.32885482778,0.5137444817131154,86.99501467139507,69,0,2
19.11915739341171,4.7798101045110535,1,88611.32885482778,0.5137444817131154,86.99501467139507,69,0,2
13.346289439097824,4.7798101045110535,1,88611.32885482778,0.5137444817131154,86.99501467139507,69,0,2
19.95279163448616,4.7798101045110535,1,88611.32885482778,0.5137444817131154,86.99501467139507,69,0,2
10.263512087406266,4.7798101045110535,1,88611.32885482778,0.5137444817131154,86.99501467139507,69,0,2
21.728331713574924,4.7798101045110535,1,88611.32885482778,0.5137444817131154,86.99501467139507,69,0,2
24.95549011849613,4.7798101045110535,1,88611.32885482778,0.5137444817131154,86.99501467139507,69,0,2
35.87294299158941,4.7798101045110535,1,88611.32885482778,0.5137444817131154,86.99501467139507,69,0,2
43.74882388085838,4.7798101045110535,1,88611.32885482778,0.5137444817131154,86.99501467139507,69,0,2
26.619604042296245,4.7798101045110535,1,88611.32885482778,0.5137444817131154,86.99501467139507,69,0,2
35.266739301898525,4.7798101045110535,1,88611.32885482778,0.5137444817131154,86.99501467139507,69,0,2
30.790613882687566,4.7798101045110535,1,88611.32885482778,0.5137444817131154,86.99501467139507,69,0,2
19.22908371304654,4.7798101045110535,1,88611.32885482778,0.5137444817131154,86.99501467139507,69,0,2
17.95700209736721,4.7798101045110535,1,88611.32885482778,0.5137444817131154,86.99501467139507,69,0,2
28.091489698727138,4.7798101045110535,1,88611.32885482778,0.5137444817131154,86.99501467139507,69,0,2
41.77453781269504,4.7798101045110535,1,88611.32885482778,0.5137444817131154,86.99501467139507,69,0,2
33.73109525915966,4.7798101045110535,1,88611.32885482778,0.5137444817131154,86.99501467139507,69,0,2
37.97288230171307,4.7798101045110535,1,88611.32885482778,0.5137444817131154,86.99501467139507,69,0,2
39.20897001582016,4.7798101045110535,1,88611.32885482778,0.5137444817131154,86.99501467139507,69,0,2
14.967465066174427,3.119197812518289,0,68357.96044975967,4.906958634308232,16.394482564194888,58,0,1
14.967465066174427,3.119197812518289,0,68357.96044975967,4.906958634308232,16.394482564194888,58,1,1
14.967465066174427,3.119197812518289,0,68357.96044975967,4.906958634308232,16.394482564194888,58,2,1
14.967465066174427,3.119197812518289,0,68357.96044975967,4.906958634308232,16.394482564194888,58,0,1
14.967465066174427,3.119197812518289,0,68357.96044975967,4.906958634308232,16.394482564194888,58,0,1
14.967465066174427,3.119197812518289,0,68357.96044975967,4.906958634308232,16.394482564194888,58,1,1
14.967465066174427,3.119197812518289,0,68357.96044975967,4.906958634308232,16.394482564194888,58,0,1
14.967465066174427,3.119197812518289,0,68357.96044975967,4.906958634308232,16.394482564194888,58,1,1
14.967465066174427,3.119197812518289,0,68357.96044975967,4.906958634308232,16.394482564194888,58,0,1
14.967465066174427,3.119197812518289,0,68357.96044975967,4.906958634308232,16.394482564194888,58,0,1
14.967465066174427,3.119197812518289,0,68357.96044975967,4.906958634308232,16.394482564194888,58,0,1
14.967465066174427,3.119197812518289,0,68357.96044975967,4.906958634308232,16.394482564194888,58,0,1
14.967465066174427,3.119197812518289,0,68357.96044975967,4.906958634308232,16.394482564194888,58,1,1
14.967465066174427,3.119197812518289,0,68357.96044975967,4.906958634308232,16.394482564194888,58,1,1
14.967465066174427,3.119197812518289,0,68357.96044975967,4.906958634308232,16.394482564194888,58,0,1
14.967465066174427,3.119197812518289,0,68357.96044975967,4.906958634308232,16.394482564194888,58,0,1
14.967465066174427,3.119197812518289,0,68357.96044975967,4.906958634308232,16.394482564194888,58,1,1
14.967465066174427,3.119197812518289,0,68357.96044975967,4.906958634308232,16.394482564194888,58,1,1
14.967465066174427,3.119197812518289,0,68357.96044975967,4.906958634308232,16.394482564194888,58,1,1
14.967465066174427,3.119197812518289,0,68357.96044975967,4.906958634308232,16.394482564194888,58,1,1
14.967465066174427,3.119197812518289,0,68357.96044975967,4.906958634308232,16.394482564194888,58,0,1
14.967465066174427,3.119197812518289,0,68357.96044975967,4.906958634308232,16.394482564194888,58,0,1
14.967465066174427,3.119197812518289,0,68357.96044975967,4.906958634308232,16.394482564194888,58,1,1
14.967465066174427,3.119197812518289,0,68357.96044975967,4.906958634308232,16.394482564194888,58,0,1
14.967465066174427,3.119197812518289,0,68357.96044975967,4.906958634308232,16.394482564194888,58,0,1
14.967465066174427,3.119197812518289,0,68357.96044975967,4.906958634308232,16.394482564194888,58,2,1
14.967465066174427,3.119197812518289,0,68357.96044975967,4.906958634308232,16.394482564194888,58,1,1
14.967465066174427,3.119197812518289,0,68357.96044975967,4.906958634308232,16.394482564194888,58,1,1
14.967465066174427,3.119197812518289,0,68357.96044975967,4.906958634308232,16.394482564194888,58,0,1
14.967465066174427,3.119197812518289,0,68357.96044975967,4.906958634308232,16.394482564194888,58,0,1
15.588181184931882,2.1693926104105343,0,103527.6879852669,9.406868125127225,50.54385253454634,87,2,0
15.588181184931882,2.1693926104105343,0,54702.360899615145,9.406868125127225,50.54385253454634,87,2,0
15.588181184931882,2.1693926104105343,0,75056.80999622721,9.406868125127225,50.54385253454634,87,2,0
15.588181184931882,2.1693926104105343,0,108465.95845972613,9.406868125127225,50.54385253454634,87,2,0
15.588181184931882,2.1693926104105343,0,65415.50690440527,9.406868125127225,50.54385253454634,87,2,0
15.588181184931882,2.1693926104105343,0,18935.142361342732,9.406868125127225,50.54385253454634,87,2,0
15.588181184931882,2.1693926104105343,0,85682.78040540036,9.406868125127225,50.54385253454634,87,2,0
15.588181184931882,2.1693926104105343,0,112263.49747453793,9.406868125127225,50.54385253454634,87,2,0
15.588181184931882,2.1693926104105343,0,50222.37281911632,9.406868125127225,50.54385253454634,87,2,0
15.588181184931882,2.1693926104105343,0,79422.67445878629,9.406868125127225,50.54385253454634,87,2,0
15.588181184931882,2.1693926104105343,0,104917.34710259517,9.406868125127225,50.54385253454634,87,2,0
15.588181184931882,2.1693926104105343,0,18769.154773851616,9.406868125127225,50.54385253454634,87,2,0
15.588181184931882,2.1693926104105343,0,93903.94827078356,9.406868125127225,50.54385253454634,87,2,0
15.588181184931882,2.1693926104105343,0,56882.24904611757,9.406868125127225,50.54385253454634,87,2,0
15.588181184931882,2.1693926104105343,0,66328.51259827802,9.406868125127225,50.54385253454634,87,2,0
15.588181184931882,2.1693926104105343,0,110913.18815765684,9.406868125127225,50.54385253454634,87,2,0
15.588181184931882,2.1693926104105343,0,97585.95260318344,9.406868125127225,50.54385253454634,87,2,0
15.588181184931882,2.1693926104105343,0,16106.616732435317,9.406868125127225,50.54385253454634,87,2,0
15.588181184931882,2.1693926104105343,0,49795.3144402938,9.406868125127225,50.54385253454634,87,2,0
15.588181184931882,2.1693926104105343,0,81106.44842428685,9.406868125127225,50.54385253454634,87,2,0
15.588181184931882,2.1693926104105343,0,97414.05399894582,9.406868125127225,50.54385253454634,87,2,0
15.588181184931882,2.1693926104105343,0,19320.056879316744,9.406868125127225,50.54385253454634,87,2,0
15.588181184931882,2.1693926104105343,0,84162.58122254413,9.406868125127225,50.54385253454634,87,2,0
15.588181184931882,2.1693926104105343,0,62289.548699569605,9.406868125127225,50.54385253454634,87,2,0
15.588181184931882,2.1693926104105343,0,9367.855891111692,9.406868125127225,50.54385253454634,87,2,0
15.588181184931882,2.1693926104105343,0,62354.075404528034,9.406868125127225,50.54385253454634,87,2,0
15.588181184931882,2.1693926104105343,0,53878.29989231406,9.406868125127225,50.54385253454634,87,2,0
15.588181184931882,2.1693926104105343,0,53284.612332387915,9.406868125127225,50.54385253454634,87,2,0
15.588181184931882,2.1693926104105343,0,32135.17911173949,9.406868125127225,50.54385253454634,87,2,0
15.588181184931882,2.1693926104105343,0,43850.73480761834,9.406868125127225,50.54385253454634,87,2,0
14.848097157109681,4.5204282411154475,0,104011.07061939844,7.159030731246272,29.282575760742027,35,2,2
14.848097157109681,4.5204282411154475,0,104011.07061939844,7.159030731246272,29.282575760742027,35,2,2
14.848097157109681,4.5204282411154475,0,104011.07061939844,7.159030731246272,29.282575760742027,35,2,1
14.848097157109681,4.5204282411154475,0,104011.07061939844,7.159030731246272,29.282575760742027,35,2,1
14.848097157109681,4.5204282411154475,0,104011.07061939844,7.159030731246272,29.282575760742027,35,2,0
14.848097157109681,4.5204282411154475,0,104011.07061939844,7.159030731246272,29.282575760742027,35,2,2
14.848097157109681,4.5204282411154475,0,104011.07061939844,7.159030731246272,29.282575760742027,35,2,1
14.848097157109681,4.5204282411154475,0,104011.07061939844,7.159030731246272,29.282575760742027,35,2,2
14.848097157109681,4.5204282411154475,0,104011.07061939844,7.159030731246272,29.282575760742027,35,2,0
14.848097157109681,4.5204282411154475,0,104011.07061939844,7.159030731246272,29.282575760742027,35,2,2
14.848097157109681,4.5204282411154475,0,104011.07061939844,7.159030731246272,29.282575760742027,35,2,1
14.848097157109681,4.5204282411154475,0,104011.07061939844,7.159030731246272,29.282575760742027,35,2,1
14.848097157109681,4.5204282411154475,0,104011.07061939844,7.159030731246272,29.282575760742027,35,2,2
14.848097157109681,4.5204282411154475,0,104011.07061939844,7.159030731246272,29.282575760742027,35,2,0
14.848097157109681,4.5204282411154475,0,104011.07061939844,7.159030731246272,29.282575760742027,35,2,2
14.848097157109681,4.5204282411154475,0,104011.07061939844,7.159030731246272,29.282575760742027,35,2,0
14.848097157109681,4.5204282411154475,0,104011.07061939844,7.159030731246272,29.282575760742027,35,2,2
14.848097157109681,4.5204282411154475,0,104011.07061939844,7.159030731246272,29.282575760742027,35,2,1
14.848097157109681,4.5204282411154475,0,104011.07061939844,7.159030731246272,29.282575760742027,35,2,2
14.848097157109681,4.5204282411154475,0,104011.07061939844,7.159030731246272,29.282575760742027,35,2,1
14.848097157109681,4.5204282411154475,0,104011.07061939844,7.159030731246272,29.282575760742027,35,2,1
14.848097157109681,4.5204282411154475,0,104011.07061939844,7.159030731246272,29.282575760742027,35,2,1
14.848097157109681,4.5204282411154475,0,104011.07061939844,7.159030731246272,29.282575760742027,35,2,0
14.848097157109681,4.5204282411154475,0,104011.07061939844,7.159030731246272,29.282575760742027,35,2,0
14.848097157109681,4.5204282411154475,0,104011.07061939844,7.159030731246272,29.282575760742027,35,2,0
14.848097157109681,4.5204282411154475,0,104011.07061939844,7.159030731246272,29.282575760742027,35,2,0
14.848097157109681,4.5204282411154475,0,104011.07061939844,7.159030731246272,29.282575760742027,35,2,1
14.848097157109681,4.5204282411154475,0,104011.07061939844,7.159030731246272,29.282575760742027,35,2,2
14.848097157109681,4.5204282411154475,0,104011.07061939844,7.159030731246272,29.282575760742027,35,2,0
14.848097157109681,4.5204282411154475,0,104011.07061939844,7.159030731246272,29.282575760742027,35,2,1
39.963761029556615,3.696287012370295,0,118150.01573686345,5.716454959480356,104.11275450555036,29,0,1
39.963761029556615,3.696287012370295,0,118150.01573686345,5.716454959480356,99.95261288488815,29,0,1
39.963761029556615,3.696287012370295,0,118150.01573686345,5.716454959480356,68.95785655670022,29,0,1
39.963761029556615,3.696287012370295,0,118150.01573686345,5.716454959480356,103.7080707868798,29,0,1
39.963761029556615,3.696287012370295,0,118150.01573686345,5.716454959480356,114.22092333133602,29,0,1
39.963761029556615,3.696287012370295,0,118150.01573686345,5.716454959480356,76.45099329813534,29,0,1
39.963761029556615,3.696287012370295,0,118150.01573686345,5.716454959480356,0.33641103193491784,29,0,1
39.963761029556615,3.696287012370295,0,118150.01573686345,5.716454959480356,76.91672348824328,29,0,1
39.963761029556615,3.696287012370295,0,118150.01573686345,5.716454959480356,59.20034456512249,29,0,1
39.963761029556615,3.696287012370295,0,118150.01573686345,5.716454959480356,94.88605019294889,29,0,1
39.963761029556615,3.696287012370295,0,118150.01573686345,5.716454959480356,43.0955579121218,29,0,1
39.963761029556615,3.696287012370295,0,118150.01573686345,5.716454959480356,83.21364397005284,29,0,1
39.963761029556615,3.696287012370295,0,118150.01573686345,5.716454959480356,43.812496736907605,29,0,1
39.963761029556615,3.696287012370295,0,118150.01573686345,5.716454959480356,70.08059413568301,29,0,1
39.963761029556615,3.696287012370295,0,118150.01573686345,5.716454959480356,54.20207256506367,29,0,1
39.963761029556615,3.696287012370295,0,118150.01573686345,5.716454959480356,25.28984900738584,29,0,1
39.963761029556615,3.696287012370295,0,118150.01573686345,5.716454959480356,38.437304864999,29,0,1
39.963761029556615,3.696287012370295,0,118150.01573686345,5.716454959480356,7.6556120451851495,29,0,1
39.963761029556615,3.696287012370295,0,118150.01573686345,5.716454959480356,74.84093760753306,29,0,1
39.963761029556615,3.696287012370295,0,118150.01573686345,5.716454959480356,107.07074588795695,29,0,1
39.963761029556615,3.696287012370295,0,118150.01573686345,5.716454959480356,71.45674945129824,29,0,1
39.963761029556615,3.696287012370295,0,118150.01573686345,5.716454959480356,20.408863433413785,29,0,1
39.963761029556615,3.696287012370295,0,118150.01573686345,5.716454959480356,64.57185887679066,29,0,1
39.963761029556615,3.696287012370295,0,118150.01573686345,5.716454959480356,31.185182406201804,29,0,1
39.963761029556615,3.696287012370295,0,118150.01573686345,5.716454959480356,46.02274981199158,29,0,1
39.963761029556615,3.696287012370295,0,118150.01573686345,5.716454959480356,0.3025267828031186,29,0,1
39.963761029556615,3.696287012370295,0,118150.01573686345,5.716454959480356,115.08210610700584,29,0,1
39.963761029556615,3.696287012370295,0,118150.01573686345,5.716454959480356,62.750601869250325,29,0,1
39.963761029556615,3.696287012370295,0,118150.01573686345,5.716454959480356,68.58141464073694,29,0,1
39.963761029556615,3.696287012370295,0,118150.01573686345,5.716454959480356,11.365265087000784,29,0,1
31.05285077736641,1.4533212627032266,0,2741.149552028976,1.317723807728588,93.30956205662663,12,0,0
31.05285077736641,1.4533212627032266,0,2741.149552028976,8.821957795171357,93.30956205662663,12,0,0
31.05285077736641,1.4533212627032266,0,2741.149552028976,8.459048714458536,93.30956205662663,12,0,0
31.05285077736641,1.4533212627032266,0,2741.149552028976,6.73646848376582,93.30956205662663,12,0,0
31.05285077736641,1.4533212627032266,0,2741.149552028976,6.9493365349285705,93.30956205662663,12,0,0
31.05285077736641,1.4533212627032266,0,2741.149552028976,9.315138008962506,93.30956205662663,12,0,0
31.05285077736641,1.4533212627032266,0,2741.149552028976,6.76333669736055,93.30956205662663,12,0,0
31.05285077736641,1.4533212627032266,0,2741.149552028976,6.015091614439742,93.30956205662663,12,0,0
31.05285077736641,1.4533212627032266,0,2741.149552028976,1.4844343447808706,93.30956205662663,12,0,0
31.05285077736641,1.4533212627032266,0,2741.149552028976,2.2946722121687357,93.30956205662663,12,0,0
31.05285077736641,1.4533212627032266,0,2741.149552028976,2.191088065961224,93.30956205662663,12,0,0
31.05285077736641,1.4533212627032266,0,2741.149552028976,0.4363493539725294,93.30956205662663,12,0,0
31.05285077736641,1.4533212627032266,0,2741.149552028976,4.137706043065142,93.30956205662663,12,0,0
31.05285077736641,1.4533212627032266,0,2741.149552028976,0.45960959073343743,93.30956205662663,12,0,0
31.05285077736641,1.4533212627032266,0,2741.149552028976,9.083413427853847,93.30956205662663,12,0,0
31.05285077736641,1.4533212627032266,0,2741.149552028976,6.2296943252006205,93.30956205662663,12,0,0
31.05285077736641,1.4533212627032266,0,2741.149552028976,3.3354003719429604,93.30956205662663,12,0,0
31.05285077736641,1.4533212627032266,0,2741.149552028976,2.645798759562531,93.30956205662663,12,0,0
31.05285077736641,1.4533212627032266,0,2741.149552028976,7.372897960147691,93.30956205662663,12,0,0
31.05285077736641,1.4533212627032266,0,2741.149552028976,8.983429430491892,93.30956205662663,12,0,0
31.05285077736641,1.4533212627032266,0,2741.149552028976,9.948352081021154,93.30956205662663,12,0,0
31.05285077736641,1.4533212627032266,0,2741.149552028976,0.8406429809075222,93.30956205662663,12,0,0
31.05285077736641,1.4533212627032266,0,2741.149552028976,4.45274355159631,93.30956205662663,12,0,0
31.05285077736641,1.4533212627032266,0,2741.149552028976,9.731613312588962,93.30956205662663,12,0,0
31.05285077736641,1.4533212627032266,0,2741.149552028976,5.871373487411605,93.30956205662663,12,0,0
31.05285077736641,1.4533212627032266,0,2741.149552028976,8.007125569220625,93.30956205662663,12,0,0
31.05285077736641,1.4533212627032266,0,2741.149552028976,3.8510323352633655,93.30956205662663,12,0,0
31.05285077736641,1.4533212627032266,0,2741.149552028976,8.748492427881091,93.30956205662663,12,0,0
31.05285077736641,1.4533212627032266,0,2741.149552028976,9.648019032633128,93.30956205662663,12,0,0
31.05285077736641,1.4533212627032266,0,2741.149552028976,2.6847510675132815,93.30956205662663,12,0,0
32.489219037728574,4.5281952403424475,1,98712.1845790904,3.686254091529454,75.05418399215283,36,1,2
32.489219037728574,4.5281952403424475,0,98712.1845790904,3.686254091529454,75.05418399215283,36,1,2
32.489219037728574,4.5281952403424475,1,98712.1845790904,3.686254091529454,75.05418399215283,36,1,2
32.489219037728574,4.5281952403424475,0,98712.1845790904,3.686254091529454,75.05418399215283,36,1,2
32.489219037728574,4.5281952403424475,1,98712.1845790904,3.686254091529454,75.05418399215283,36,1,2
32.489219037728574,4.5281952403424475,1,98712.1845790904,3.686254091529454,75.05418399215283,36,1,2
32.489219037728574,4.5281952403424475,1,98712.1845790904,3.686254091529454,75.05418399215283,36,1,2
32.489219037728574,4.5281952403424475,0,98712.1845790904,3.686254091529454,75.05418399215283,36,1,2
32.489219037728574,4.5281952403424475,0,98712.1845790904,3.686254091529454,75.05418399215283,36,1,2
32.489219037728574,4.5281952403424475,1,98712.1845790904,3.686254091529454,75.05418399215283,36,1,2
32.489219037728574,4.5281952403424475,0,98712.1845790904,3.686254091529454,75.05418399215283,36,1,2
32.489219037728574,4.5281952403424475,1,98712.1845790904,3.686254091529454,75.05418399215283,36,1,2
32.489219037728574,4.5281952403424475,1,98712.1845790904,3.686254091529454,75.05418399215283,36,1,2
32.489219037728574,4.5281952403424475,1,98712.1845790904,3.686254091529454,75.05418399215283,36,1,2
32.489219037728574,4.5281952403424475,0,98712.1845790904,3.686254091529454,75.05418399215283,36,1,2
32.489219037728574,4.5281952403424475,0,98712.1845790904,3.686254091529454,75.05418399215283,36,1,2
32.489219037728574,4.5281952403424475,0,98712.1845790904,3.686254091529454,75.05418399215283,36,1,2
32.489219037728574,4.5281952403424475,0,98712.1845790904,3.686254091529454,75.05418399215283,36,1,2
32.489219037728574,4.5281952403424475,1,98712.1845790904,3.686254091529454,75.05418399215283,36,1,2
32.489219037728574,4.5281952403424475,1,98712.1845790904,3.686254091529454,75.05418399215283,36,1,2
32.489219037728574,4.5281952403424475,0,98712.1845790904,3.686254091529454,75.05418399215283,36,1,2
32.489219037728574,4.5281952403424475,1,98712.1845790904,3.686254091529454,75.05418399215283,36,1,2
32.489219037728574,4.5281952403424475,1,98712.1845790904,3.686254091529454,75.05418399215283,36,1,2
32.489219037728574,4.5281952403424475,1,98712.1845790904,3.686254091529454,75.05418399215283,36,1,2
32.489219037728574,4.5281952403424475,1,98712.1845790904,3.686254091529454,75.05418399215283,36,1,2
32.489219037728574,4.5281952403424475,1,98712.1845790904,3.686254091529454,75.05418399215283,36,1,2
32.489219037728574,4.5281952403424475,1,98712.1845790904,3.686254091529454,75.05418399215283,36,1,2
32.489219037728574,4.5281952403424475,1,98712.1845790904,3.686254091529454,75.05418399215283,36,1,2
32.489219037728574,4.5281952403424475,0,98712.1845790904,3.686254091529454,75.05418399215283,36,1,2
32.489219037728574,4.5281952403424475,0,98712.1845790904,3.686254091529454,75.05418399215283,36,1,2
22.430425155748395,0.18388678833662409,1,103527.6879852669,1.317723807728588,104.11275450555036,74,0,2
16.854542457083042,2.837699065742223,0,54702.360899615145,8.821957795171357,99.95261288488815,85,1,2
23.72199890162916,3.0467006852255176,1,75056.80999622721,8.459048714458536,68.95785655670022,10,2,1
34.7005893849964,0.03463289757134114,0,108465.95845972613,6.73646848376582,103.7080707868798,16,0,1
32.03349304427341,0.8954193695661727,1,65415.50690440527,6.9493365349285705,114.22092333133602,46,0,0
38.643811164644006,0.8246110676319784,1,18935.142361342732,9.315138008962506,76.45099329813534,56,1,2
29.57814935691183,2.309789547669321,1,85682.78040540036,6.76333669736055,0.33641103193491784,76,0,1
43.65991992433936,2.8350180811364627,0,112263.49747453793,6.015091614439742,76.91672348824328,37,1,2
23.918028185149534,2.2595461191857584,0,50222.37281911632,1.4844343447808706,59.20034456512249,3,0,0
31.921800900348455,4.598878400541314,1,79422.67445878629,2.2946722121687357,94.88605019294889,21,0,2
30.17757163183195,4.074621034345788,0,104917.34710259517,2.191088065961224,43.0955579121218,46,0,1
10.882226841120088,2.0058302724997077,1,18769.154773851616,0.4363493539725294,83.21364397005284,38,0,1
19.11915739341171,1.0158077823091538,1,93903.94827078356,4.137706043065142,43.812496736907605,92,1,2
13.346289439097824,1.7916276925768004,1,56882.24904611757,0.45960959073343743,70.08059413568301,43,1,0
19.95279163448616,4.310175181186835,0,66328.51259827802,9.083413427853847,54.20207256506367,64,0,2
10.263512087406266,1.7440777729146233,0,110913.18815765684,6.2296943252006205,25.28984900738584,61,0,0
21.728331713574924,4.955328110206988,0,97585.95260318344,3.3354003719429604,38.437304864999,9,1,2
24.95549011849613,2.8288441975378094,0,16106.616732435317,2.645798759562531,7.6556120451851495,74,1,1
35.87294299158941,1.1842292661416494,1,49795.3144402938,7.372897960147691,74.84093760753306,5,1,2
43.74882388085838,3.2934865252559042,1,81106.44842428685,8.983429430491892,107.07074588795695,1,1,1
26.619604042296245,3.3011325544781664,0,97414.05399894582,9.948352081021154,71.45674945129824,59,0,1
35.266739301898525,2.573037866068941,1,19320.056879316744,0.8406429809075222,20.408863433413785,25,0,1
30.790613882687566,1.3954648582957552,1,84162.58122254413,4.45274355159631,64.57185887679066,36,1,0
19.22908371304654,3.1495909841725074,1,62289.548699569605,9.731613312588962,31.185182406201804,61,0,0
17.95700209736721,2.3959541183655233,1,9367.855891111692,5.871373487411605,46.02274981199158,15,0,0
28.091489698727138,3.266444074383676,1,62354.075404528034,8.007125569220625,0.3025267828031186,8,2,0
41.77453781269504,2.7112013854441304,1,53878.29989231406,3.8510323352633655,115.08210610700584,70,1,1
33.73109525915966,0.606055724114164,1,53284.612332387915,8.748492427881091,62.750601869250325,100,1,2
37.97288230171307,4.543690129067333,0,32135.17911173949,9.648019032633128,68.58141464073694,68,0,0
39.20897001582016,0.08606630193778553,0,43850.73480761834,2.6847510675132815,11.365265087000784,84,0,1
34.61991205993303,0.27140369320952784,0,97979.72878835414,3.5796786023660534,38.437304864999,9,1,2
18.75627091612574,0.20287576319405676,1,62289.548699569605,9.795207851406541,31.106388895125576,74,0,2
13.346289439097824,1.7916276925768004,1,59843.84254931097,0.07941688867341923,70.08059413568301,43,1,0
38.643811164644006,0.8246110676319784,1,29931.738226686764,9.315138008962506,79.13661034736386,51,1,2
21.63921939353405,1.6628691472214772,0,66328.51259827802,6.199129464613973,54.20207256506367,64,0,0
28.091489698727138,3.4136173726158705,1,60772.88949694497,8.007125569220625,0.3025267828031186,21,2,0
43.74882388085838,3.2934865252559042,1,81106.44842428685,8.983429430491892,107.07074588795695,60,1,1
41.77453781269504,2.7112013854441304,1,54287.20490118395,3.8435862883534426,117.4718256912284,27,1,1
35.146350216625166,1.211804661389672,1,49795.3144402938,7.372897960147691,83.51032569171913,5,1,1
36.287054840968,2.8268099489862917,0,54702.360899615145,8.832012746122771,99.54752372462754,58,0,2
39.49201098133085,0.08606630193778553,1,43850.73480761834,2.6847510675132815,22.138251760952315,85,0,1
23.771830447444817,3.2102999473547675,0,76645.37584800804,2.9199520745864476,11.995447347705316,10,2,1
30.811441800986767,1.3954648582957552,1,84162.58122254413,5.826355571342832,64.30934200462649,36,0,0
33.123163559226924,0.5523548854125492,1,53284.612332387915,8.748492427881091,62.750601869250325,100,1,2
19.31888652074872,1.0213516874268893,1,93903.94827078356,4.137706043065142,116.17496552941806,93,1,0
21.80900905125697,4.7242088765129715,0,108072.18227260183,6.73646848376582,103.7066459795307,16,0,1
22.90323795266961,3.106844933733706,1,97827.47576091888,1.1417266110220332,97.09243501909063,61,0,0
43.65991992433936,2.8350180811364627,0,109286.8382806158,6.015091614439742,76.91672348824328,31,1,2
30.17757163183195,4.074621034345788,0,104917.34710259517,2.191088065961224,43.0955579121218,47,0,1
11.003659365162697,4.391194793787856,0,110913.18815765684,9.113948922750305,25.919680476081684,65,0,2
31.921800900348455,4.738790765026099,1,79867.17534594855,2.2946722121687357,94.88605019294889,21,0,2
26.619604042296245,3.3011325544781664,0,97414.05399894582,9.948352081021154,71.45674945129824,1,0,1
35.266739301898525,2.3929731178471645,1,14471.171170819354,1.092029291652129,20.408863433413785,68,0,1
10.882226841120088,1.9782548772561734,1,18769.154773851616,0.4363493539725294,74.54425588586678,37,0,2
20.421590526985778,4.5545380357147955,0,32135.17911173949,9.637963425291776,68.98650289339355,68,1,0
17.674042831689476,1.8307717614723558,0,22643.93461371055,5.871373487411605,46.02274981199158,15,0,0
24.905658572680476,2.8288441975378094,1,14521.388551394804,8.184806903746303,67.53409725010292,74,1,1
29.55732143861263,2.309789547669321,1,85682.78040540036,4.4174088783232355,1.675907926405209,76,1,1
24.462280444925938,2.4553560986192275,0,53456.25420108839,1.4844343447808706,59.90120584229633,3,0,0
31.83376406558281,0.8898754644484372,1,65415.50690440527,6.9493365349285705,41.417069254046815,45,0,2
29.336729002422896,2.5727968279910143,1,93291.01179391006,0.6392995940642543,20.408863433413785,25,0,1
10.875721296510154,2.0023597641270316,1,18769.154773851616,0.45829576454670534,70.3085252949655,38,0,1
31.926994491592563,4.787494675743845,0,103577.17401565617,2.2657785687502052,94.88605019294889,21,0,2
24.43283800588999,1.681513712672385,0,53456.25420108839,6.30724993378227,57.02830166334016,69,0,0
30.162274221782067,1.4778973455344608,0,83399.31228260341,3.1354900007636144,38.437304864999,4,1,2
23.72199890162916,3.0467006852255176,1,81295.78561793927,8.56694353678223,45.670906112263424,10,0,1
38.643811164644006,0.8246110676319784,1,34664.1449254159,9.662555437782693,79.13661034736386,17,1,1
13.995332837807604,1.7813444201072213,1,59772.449084673324,6.177865868654328,70.0393873814687,43,1,0
35.146350216625166,2.6454019694885567,1,49885.19730362562,7.745692675314222,83.51032569171913,2,1,1
23.918028185149534,2.3225069286454714,0,50222.37281911632,1.4844343447808706,61.3533752140054,3,0,0
31.818230408071646,3.266444074383676,1,65395.434629724645,8.007125569220625,0.29593947393479425,8,2,0
19.22908371304654,3.1495909841725074,1,62289.548699569605,8.944779031042103,38.22520324926049,28,0,0
43.74882388085838,3.2934865252559042,1,82618.79842468824,8.986470915675909,107.08196583688779,1,1,1
17.913324323169636,2.388450912153747,1,9379.22880623965,5.871373487411605,74.52968564932536,15,0,0
35.508159656387335,2.310030585747248,1,11755.27780329014,7.040677790516273,13.406400372691724,76,0,1
13.352803029811973,1.7950982009494767,1,56882.24904611757,0.4376631801592615,82.98571281077035,43,1,0
26.614410451052144,3.21323736189347,1,80067.09549709057,9.990819092449204,69.72104562318556,1,0,1
17.354340888470304,2.4367115331683618,0,66328.51259827802,1.3764102153249822,59.70118680627193,5,0,0
16.971822201598723,4.961919989807367,1,98349.22154297344,4.45274355159631,64.57185887679066,36,1,0
17.674042831689476,1.8307717614723558,0,23231.199608867446,5.763477701346991,69.30970025643222,15,2,0
21.80900905125697,4.7242088765129715,0,108072.18227260183,6.73646848376582,103.7066459795307,50,0,2
30.163807540584727,1.4057481307653341,1,84233.97468705034,0.3249632323675673,64.35054875884079,36,0,0
41.77453781269504,1.2776040817732501,1,54197.32203785213,3.874607092567695,117.4718256912284,27,1,1
35.87294299158941,1.1212684583315804,1,48036.38738780795,7.372897960147691,72.68790695865013,5,1,2
28.306752334928905,0.8521986084525718,1,63208.97744767957,6.9493365349285705,118.72626484632309,46,0,0
33.131806425975135,0.03463289757134114,0,108465.95845972613,6.231119610429893,96.6656826861842,62,0,1
31.921800900348455,4.568140386036095,1,79422.67445878629,2.2946722121687357,94.88605019294889,21,0,2
15.31088839340782,2.837699065742223,0,54313.31157260499,8.81891630998734,99.94139293595457,84,1,2
10.929022163977734,1.9782548772561734,1,18757.78186242449,0.30118152516860675,44.5020079687564,37,0,2
15.571780703546722,2.7865589443262144,1,54702.360899615145,8.620895289620034,33.503878609301765,85,1,2
26.50614359346343,0.5786603869225275,1,47418.832422308275,7.273461392790438,72.52059865288913,5,1,2
30.163807540584727,1.4057481307653341,1,84233.97468705034,0.3249632323675673,64.35054875884079,36,1,1
43.74882388085838,2.6877651881925777,1,54356.40528012613,8.986470915675909,105.14075872216806,1,1,1
19.22908371304654,3.149075137187307,1,62289.548699569605,8.456657921735577,40.19993285731042,28,0,0
13.346289439097824,1.7916276925768004,1,59843.84254931097,0.07941688867341923,70.66878702982505,43,1,0
10.882226841120088,1.795373012156961,1,58357.726670400654,0.43241348996638596,70.58716899452627,37,0,2
35.223976118929095,0.9752165255915539,1,19320.056879316744,0.7618466893939497,19.328451579272333,37,0,1
35.985845039906856,1.220771691908805,1,49795.3144402938,7.372897960147691,74.84093760753306,5,0,0
29.79190162163556,1.3954648582957552,1,84162.58122254413,4.45274355159631,67.11697630009542,36,0,0
17.448488242201904,2.3470332350374963,0,56746.17691741531,0.2793003956414299,59.70118680627193,3,0,0
21.240711705310574,4.955328110206988,1,97585.95260318344,3.3354003719429604,40.82729314802421,9,1,2
12.121116397277252,1.953028026653155,1,81044.06368618069,0.30118152516860675,51.0939083762118,37,0,1
23.918028185149534,2.2595461191857584,0,50222.37281911632,1.9357789141161175,77.70238085182473,3,0,1
13.995332837807604,1.8326215555945338,1,25180.2307236365,6.177865868654328,69.2931953542498,43,1,0
32.50367592535442,4.783864470705968,1,8141.531011915897,5.479032523354761,101.07298679873209,21,0,2
35.981209849132185,3.189254732029467,1,80684.65046010264,9.972799586629735,69.88835392894657,1,0,1
37.73530985106027,1.211804661389672,1,49795.3144402938,7.372897960147691,84.04350909525483,5,0,0
41.77453781269504,3.3169227225074547,1,82549.59804528489,3.8435862883534426,119.3032819402816,27,1,1
23.72199890162916,2.849442836600888,1,75056.80999622721,8.947169823765039,68.95785655670022,10,2,1
10.882226841120088,2.0058302724997077,1,18769.154773851616,0.4363493539725294,85.99541309005394,38,0,1
13.346289439097824,1.9745095576760125,1,17293.740035791907,0.46354545473958086,75.92123013914288,43,1,0
32.076256227242844,2.493240922853627,1,65415.50690440527,7.032232550295097,115.7084658379442,52,0,0
23.909680410316138,2.2859645031310984,0,50222.37281911632,1.4844343447808706,61.3533752140054,3,1,2
17.913324323169636,2.444013559177664,1,6290.039095084836,5.871373487411605,74.52968564932536,22,1,0
14.49716094980085,1.8847764990803428,1,66464.58472698029,0.821933714766875,82.98571281077035,45,1,0
35.63397032530115,2.6454019694885567,0,49885.19730362562,9.343034507938185,85.8773803912936,3,1,1
43.74882388085838,3.3187133757989544,1,18820.689208187552,8.983429430491892,107.07074588795695,1,1,2
10.875721296510154,2.0023597641270316,1,18769.154773851616,0.45829576454670534,58.779890773803146,35,0,0
17.674042831689476,1.7794946259850433,0,57823.41900094714,5.763477701346991,70.05589228365113,15,2,0
17.375134667246638,2.3959541183655233,1,81160.74010299926,2.385515187006319,46.02274981199158,15,0,0
24.265398590376442,2.3225069286454714,1,54629.92839131571,1.4844343447808706,117.94769402826762,26,0,0
23.909680410316138,2.2859645031310984,1,49810.71879230363,6.882848261736182,61.3533752140054,5,0,2
32.02774479794455,4.701179770289268,1,2432.1638531394556,5.887353728421222,101.64352322456821,4,0,2
19.20444658797908,2.4081385177050825,1,62059.00815868126,9.778005480990117,40.01167335423054,15,0,0
42.34340296315987,2.005390299203855,1,81038.94488574272,0.30118152516860675,48.87967162513782,37,0,1
10.875721296510154,2.0023597641270316,1,18769.154773851616,0.45829576454670534,58.818548471744776,35,0,0
43.74882388085838,3.2934865252559042,1,83850.0142803226,8.986470915675909,107.08196583688779,1,1,1
30.790613882687566,2.242834827958591,0,84162.58122254413,4.45274355159631,59.16182952100608,36,1,0
37.46480597824686,1.2505720435084287,0,23231.199608867446,5.8420783917249945,69.30970025643222,5,0,0
19.22908371304654,3.1489139848600205,1,62289.548699569605,8.944779031042103,38.22520324926049,28,1,0
10.912410574462891,3.3261716903911616,1,73848.48750593535,0.30118152516860675,43.64844176690333,37,0,2
10.882226841120088,2.0041481448748804,1,58357.726670400654,0.43241348996638596,70.54673077100438,44,0,2
35.87294299158941,1.9682360377005301,1,11925.099196365927,1.0219165449187884e-05,72.66648086920036,1,1,2
10.68669035764179,2.6965159561354577,0,58725.013654663475,0.2789789845329596,83.21364397005284,38,0,0
35.87294299158941,1.1842292661416494,1,5598.717944324093,7.372897960147691,74.84093760753306,5,1,0
41.427159707923735,2.7112013854441304,0,49879.64932898455,3.8435862883534426,60.40129111158669,4,1,1
37.73530985106027,1.211804661389672,0,50206.96846710648,1.828619020955839,84.04350909525483,3,1,0
18.432934778590173,2.419386729148287,1,8155.031341891901,5.629519526584797,52.783142131382334,15,0,0
17.937961448237093,3.1293875316359654,1,9314.730838143623,5.847706300799604,74.71794515474076,28,0,0
13.58642540561375,3.241124252680696,1,81111.56722472481,8.983429430491892,107.07074588795695,2,1,1
17.354340888470304,2.4367115331683618,0,66328.51259827802,1.3764102153249822,59.66252910833029,5,0,0
43.74882388085838,2.6877651881925777,1,56352.023224480974,8.986470915675909,105.14075872216806,1,1,1
23.918028185149534,1.4121761495241583,1,50222.37281911632,1.4844343447808706,64.61037392090708,3,0,0
16.195489269531244,1.800971409872788,1,49795.3144402938,7.372897960147691,74.84093760753306,15,2,0
35.146350216625166,1.2124817293331942,1,49795.3144402938,7.372897960147691,83.51032569171913,4,0,1
26.614410451052144,1.8653205485943805,1,28028.69640050021,9.990819092449204,70.57461182508823,2,0,1
14.251124508834812,1.7970551397817887,1,27381.05958200321,0.4363493539725294,84.80699116727367,38,0,1
10.830081184303758,1.1312872979024773,1,47526.2846971314,7.853185519711196,74.56568197531654,46,0,2
17.19313048781732,2.004607885877324,1,16790.415869760523,0.4366707650810806,59.70118680627193,3,0,1
17.913324323169636,2.444013559177664,1,50515.55138912577,5.871373487411605,74.52968564932536,22,1,2
22.430425155748395,0.18388678833662409,1,103527.6879852669,1.317723807728588,104.11275450555036,74,0,2
16.854542457083042,2.837699065742223,0,54702.360899615145,8.821957795171357,99.95261288488815,85,1,2
23.72199890162916,3.0467006852255176,1,75056.80999622721,8.459048714458536,68.95785655670022,10,2,1
34.7005893849964,0.03463289757134114,0,108465.95845972613,6.73646848376582,103.7080707868798,16,0,1
32.03349304427341,0.8954193695661727,1,65415.50690440527,6.9493365349285705,114.22092333133602,46,0,0
38.643811164644006,0.8246110676319784,1,18935.142361342732,9.315138008962506,76.45099329813534,56,1,2
29.57814935691183,2.309789547669321,1,85682.78040540036,6.76333669736055,0.33641103193491784,76,0,1
43.65991992433936,2.8350180811364627,0,112263.49747453793,6.015091614439742,76.91672348824328,37,1,2
23.918028185149534,2.2595461191857584,0,50222.37281911632,1.4844343447808706,59.20034456512249,3,0,0
31.921800900348455,4.598878400541314,1,79422.67445878629,2.2946722121687357,94.88605019294889,21,0,2
30.17757163183195,4.074621034345788,0,104917.34710259517,2.191088065961224,43.0955579121218,46,0,1
10.882226841120088,2.0058302724997077,1,18769.154773851616,0.4363493539725294,83.21364397005284,38,0,1
19.11915739341171,1.0158077823091538,1,93903.94827078356,4.137706043065142,43.812496736907605,92,1,2
13.346289439097824,1.7916276925768004,1,56882.24904611757,0.45960959073343743,70.08059413568301,43,1,0
19.95279163448616,4.310175181186835,0,66328.51259827802,9.083413427853847,54.20207256506367,64,0,2
10.263512087406266,1.7440777729146233,0,110913.18815765684,6.2296943252006205,25.28984900738584,61,0,0
21.728331713574924,4.955328110206988,0,97585.95260318344,3.3354003719429604,38.437304864999,9,1,2
24.95549011849613,2.8288441975378094,0,16106.616732435317,2.645798759562531,7.6556120451851495,74,1,1
35.87294299158941,1.1842292661416494,1,49795.3144402938,7.372897960147691,74.84093760753306,5,1,2
43.74882388085838,3.2934865252559042,1,81106.44842428685,8.983429430491892,107.07074588795695,1,1,1
26.619604042296245,3.3011325544781664,0,97414.05399894582,9.948352081021154,71.45674945129824,59,0,1
35.266739301898525,2.573037866068941,1,19320.056879316744,0.8406429809075222,20.408863433413785,25,0,1
30.790613882687566,1.3954648582957552,1,84162.58122254413,4.45274355159631,64.57185887679066,36,1,0
19.22908371304654,3.1495909841725074,1,62289.548699569605,9.731613312588962,31.185182406201804,61,0,0
17.95700209736721,2.3959541183655233,1,9367.855891111692,5.871373487411605,46.02274981199158,15,0,0
28.091489698727138,3.266444074383676,1,62354.075404528034,8.007125569220625,0.3025267828031186,8,2,0
41.77453781269504,2.7112013854441304,1,53878.29989231406,3.8510323352633655,115.08210610700584,70,1,1
33.73109525915966,0.606055724114164,1,53284.612332387915,8.748492427881091,62.750601869250325,100,1,2
37.97288230171307,4.543690129067333,0,32135.17911173949,9.648019032633128,68.58141464073694,68,0,0
39.20897001582016,0.08606630193778553,0,43850.73480761834,2.6847510675132815,11.365265087000784,84,0,1
24.471829119269174,3.0467006852255176,1,75056.80999622721,9.260050393016753,68.95785655670022,10,2,0
34.7005893849964,3.4467860502312737,0,81418.62813050367,6.604000266626611,107.02796338678716,1,0,1
36.16587382943416,1.194437864308639,1,49795.3144402938,7.421394197518702,74.84093760753306,5,1,2
22.430425155748395,0.2307106776947605,1,34719.09895397918,1.0081023430622804,68.72083276133331,74,0,2
25.694349095182474,4.310175181186835,0,63739.45574493251,9.083413427853847,57.13341111628921,64,0,2
24.143506170427663,3.266444074383676,1,62354.075404528034,8.007125569220625,0.3025267828031186,10,2,0
31.921800900348455,3.207806227389338,1,82107.07591369475,2.2946722121687357,115.20191310166355,71,0,2
30.158170793202288,4.074621034345788,0,104917.34710259517,2.191088065961224,43.0955579121218,62,0,1
38.643811164644006,0.8246110676319784,1,18935.142361342732,9.315138008962506,78.55887953561455,27,1,2
30.504940663967865,2.309789547669321,1,85682.78040540036,6.831310705011312,11.05538769075551,76,0,1
26.619604042296245,3.3011325544781664,1,65036.88909739418,9.909225591571262,71.45674945129824,59,0,1
13.346289439097824,0.6458472977275419,1,57009.729099513104,0.45960959073343743,68.99031617857393,43,1,0
17.95700209736721,2.603383774010533,1,9367.855891111692,5.871373487411605,46.02274981199158,24,1,0
10.271043676706004,2.0024503294749003,0,111975.69749406009,6.048046131667758,27.629936115480284,61,0,0
44.91970813043116,2.692912900336787,0,107871.24160985206,6.092919986561933,76.08122566948865,3,0,0
19.22908371304654,3.1495909841725074,1,62289.548699569605,9.731613312588962,31.185182406201804,73,0,1
43.74882388085838,0.020006772224374636,1,108153.7552057489,9.093018608626464,92.0830636954772,16,1,1
16.561727827654938,2.7371657257421784,0,54511.38680681555,8.773461553667381,99.95118807753906,85,1,2
37.97288230171307,4.513324155497834,0,100941.41374834595,9.648019032633128,103.97331634226936,68,0,0
19.213932657888353,2.8288441975378094,0,16106.616732435317,2.645798759562531,7.6556120451851495,75,1,1
21.47964032262714,4.955328110206988,0,97585.95260318344,3.3354003719429604,32.73810655061352,9,1,2
41.77453781269504,4.26487208767873,1,53878.29989231406,3.8510323352633655,94.76545123707032,24,1,1
30.81001472131723,1.3954648582957552,1,84162.58122254413,4.45274355159631,64.57185887679066,36,1,0
35.266739301898525,2.6948755315152346,1,19949.67840418969,1.20639650634922,20.408863433413785,54,0,1
39.459776086630576,0.08606630193778553,0,43850.73480761834,2.6167772488560557,0.7159163549911156,84,0,1
30.592974620363393,0.8954193695661727,0,97792.67106038469,6.956754449294669,114.22092333133602,46,0,0
33.73109525915966,1.5588545187073146,1,56082.975962892866,8.748492427881091,62.7038154919098,100,1,2
19.11915739341171,1.0158077823091538,1,93903.94827078356,4.137706043065142,49.45588497758807,92,0,2
10.87469574509551,1.7474577159394304,1,17554.768211216076,0.4363493539725294,80.87359138992402,38,0,1
23.918028185149534,2.285340663021924,0,67866.9210615862,1.4066620429341588,62.928536383884925,38,1,2
23.72199890162916,3.0467006852255176,1,70521.18268751515,8.45667921807938,65.85879592865496,10,2,1
35.35719078735715,3.1495909841725074,0,56995.049870635485,9.731613312588962,104.9131779447452,61,0,1
34.324042325705015,0.9665123875961469,1,18114.324038868075,7.661846262021153,75.1816847201383,38,0,1
35.51836472931208,3.4467860502312737,1,80711.10648803515,6.604000266626611,110.17883942348688,1,0,1
24.612635121836245,3.0819198362990194,0,77619.5261696698,9.639035747610333,68.5727818246931,11,2,0
26.619604042296245,3.572197188668027,1,65036.88909739418,0.41205301167791664,80.376466035791,56,0,1
18.18880860110937,2.4853025622360807,1,19081.912529258858,9.28750684456327,44.66612234529577,15,1,2
31.19352739495057,2.021351844965772,1,78839.78699875736,2.246435379650212,81.75657043689937,21,0,2
40.99091666942444,2.2595461191857584,0,53805.14468153312,1.4844343447808706,66.0293975789126,3,0,0
30.81001472131723,0.8296285738903297,1,88890.76178407515,8.644754638367589,77.14652775082432,56,1,0
44.91970813043116,1.2666145942843972,0,107871.24160985206,6.092919986561933,76.08122566948865,3,0,0
30.790613882687566,3.2810421447127345,1,84357.19533642136,4.419288230095855,74.9779064704619,36,1,0
13.34217777793103,1.800675606425445,1,65293.27093670894,1.2128273809225778,70.08059413568301,43,0,0
17.95700209736721,2.603383774010533,1,13919.760250617335,5.873742840677872,45.146463583469576,24,1,0
18.57248809778178,0.03463289757134114,1,101911.45707249462,6.73646848376582,27.78954197913785,16,0,0
10.961585916220209,1.7384976930207918,1,49235.76238113107,0.2677618532107533,80.53284427731877,3,1,2
34.70003483160466,2.573037866068941,0,19851.95203297081,0.8406429809075222,11.759723777078896,21,0,1
37.8320762853385,4.88577527941966,1,33641.57392429118,9.192255913597277,68.96648937274406,67,0,0
13.346289439097824,0.5780847149188599,1,57009.729099513104,9.850000135019393,68.99031617857393,42,1,0
38.41203668768697,0.7352655021058292,1,9221.08573370653,5.898754877362309,79.91550699847677,27,0,0
10.882226841120088,4.582818938117088,1,19352.464172696546,0.48464436203823724,93.94360999207065,38,0,1
24.143506170427663,3.266444074383676,1,62354.075404528034,8.007125569220625,0.027974378601780536,6,2,0
24.701642020312732,4.26487208767873,1,50295.52802989726,3.8510323352633655,94.76545123707032,24,1,1
41.89467249492009,1.3904473520406038,1,18935.142361342732,3.954062136138126,63.876324424101696,36,1,2
37.0603061519683,2.6105275779921184,1,48036.38738780795,7.372897960147691,74.84093760753306,5,1,2
43.74882388085838,1.3639729817275552,1,80911.83431040963,9.550059681510554,103.74438366868003,1,1,1
35.275786002892914,2.685827617666687,1,19949.67840418969,0.4531787675062942,20.408863433413785,54,1,1
28.091489698727138,3.0703462040544363,1,62354.075404528034,8.007125569220625,0.3025267828031186,6,2,0
32.03349304427341,0.8833590869079305,1,65512.57110693419,6.431302579222301,114.22092333133602,46,0,0
35.266739301898525,2.5850985097243764,1,21796.907226408115,0.8406429809075222,20.408863433413785,25,0,1
14.173374431834995,0.5780847149188599,1,57009.729099513104,7.334375784331233,74.32046709205197,41,1,2
32.024687906380535,0.8413129148385554,1,65512.57110693419,6.428164251918192,69.50690657798978,46,0,0
38.40665242987882,0.8111203335920169,1,13861.111684184838,6.108714316395658,44.50226916591315,32,1,2
10.882226841120088,4.582818938117088,1,19363.369819532956,0.48464436203823724,83.26225208653781,38,0,1
13.30127199653669,1.981508281401466,1,80711.10648803515,6.604000266626611,70.18048881726465,7,0,1
37.8320762853385,4.88577527941966,1,31739.012600950886,9.192255913597277,75.90519896517598,67,0,0
35.266739301898525,2.573037866068941,1,19320.056879316744,0.8406429809075222,27.242143402608956,10,0,1
34.33327646379354,0.9239275439867954,1,49951.250108135224,7.41208554263983,74.84777587621785,17,0,1
30.036242731935523,3.2810421447127345,1,58630.92810156542,4.419288230095855,5.00672925167396,36,1,0
16.572151708297802,2.603383774010533,1,9367.855891111692,5.871373487411605,46.02274981199158,38,1,1
10.785592911813302,1.7384976930207918,1,49235.76238113107,8.096675430115072,1.8840057607574758,3,1,2
18.57248809778178,0.029663308852092896,1,58451.22101770819,0.38675224113950923,27.78954197913785,44,0,0
35.87294299158941,1.1842292661416494,1,49795.3144402938,7.372897960147691,74.94498652293036,15,1,2
24.57627138767776,2.589788047184357,0,50222.37281911632,1.4844343447808706,59.78854492474615,3,0,0
31.92619022203381,0.7352655021058292,1,9221.08573370653,5.263218675168533,82.55690358714467,27,0,2
36.23970775465979,2.6105275779921184,1,48036.38738780795,9.604680474783141,69.51078669405503,7,1,0
23.73080403953115,3.0887535425099473,1,75056.80999622721,8.46218702851692,113.65362078695401,10,2,1
18.194192841863845,2.528774533667155,1,18993.790927775244,8.824240123334864,79.20307395121627,27,1,0
11.678889602169122,2.0058302724997077,1,18758.249127015202,0.4363493539725294,97.44285837783225,31,0,1
35.56509797543783,3.2659533745706,1,65293.27093670894,1.2128273809225778,110.07788635265976,45,0,0
43.74882388085838,1.6386354991638208,1,82814.39822216873,9.550059681510554,103.74438366868003,1,1,1
24.471829119269174,3.0467006852255176,1,75056.80999622721,9.260050393016753,75.8127652385988,37,2,0
36.156639691345646,1.237022707917991,1,17958.391805353218,7.671154916900025,80.5904961982003,3,1,2
24.89787732117994,3.266444074383676,1,88080.34263048129,8.007125569220625,71.41286392293483,6,2,0
11.434549636513841,1.7474577159394304,1,17554.768211216076,0.4363493539725294,80.87359138992402,24,0,0
28.091489698727138,3.3314906521073646,1,58737.30532938063,0.24667824743027778,79.47169024619672,5,2,0
13.36490179358563,0.6541418943934404,1,100469.91375555293,6.506452837922117,68.99031617857393,6,1,0
18.18880860110937,2.4853025622360807,1,19081.912529258858,8.891959451719071,44.48963458294394,5,1,2
35.266739301898525,2.2548565817257784,1,21796.907226408115,0.8406429809075222,20.408863433413785,18,0,1
38.40764736599883,4.598878400541314,1,79422.67445878629,2.526622108859289,95.43009013672871,14,0,0
10.693788539150862,1.774235588138738,1,17554.768211216076,0.12191847952009738,114.3081131361254,38,0,1
35.524627636832605,2.573037866068941,1,19320.056879316744,0.8406429809075222,27.454475965914014,10,0,1
36.20988649879829,2.6105275779921184,1,15526.01859344374,9.604680474783141,75.16584180041488,7,1,1
24.143506170427663,3.266444074383676,1,62354.075404528034,7.3838741162251464,1.6175752364028355,22,2,1
37.0603061519683,2.576047159628964,1,51846.532771562386,7.398299612122391,20.5874980463394,5,1,2
38.41203668768697,1.922528280058947,1,2027.571063249855,0.6620057659915921,83.63747470769188,38,0,0
18.090732976638407,1.8220691828018953,1,19081.912529258858,9.28750684456327,44.66612234529577,15,1,2
10.882226841120088,0.873038256244214,1,4170.42356720479,0.2462776682813077,82.59547623379005,38,0,1
22.879774028950372,2.532981158871273,1,18753.407424197405,8.658640534520242,97.55925242608188,31,0,1
13.407021905271375,4.853626371614107,1,97541.75565809416,0.3754748004982935,92.48557465203716,8,0,0
43.74882388085838,2.549682415326231,1,80911.83431040963,9.550059681510554,103.74438366868003,3,1,1
36.03104009824659,2.2595461191857584,0,50222.37281911632,1.4231211746602535,59.20034456512249,3,0,0
17.95700209736721,2.603383774010533,1,22208.85520380902,5.873742840677872,45.146463583469576,24,0,0
17.95968388933429,2.603383774010533,1,9367.855891111692,6.520773143058067,27.689553647711705,24,1,0
37.8320762853385,4.857415571711353,1,33641.57392429118,9.192255913597277,68.96648937274406,65,0,0
32.42333052078746,0.8565812158225954,1,65512.57110693419,6.4095326991404615,80.78110432662436,46,0,0
35.260476394378,3.4467860502312737,1,80711.10648803515,6.604000266626611,109.92357817078312,1,0,1
34.35386358156651,0.9665123875961469,1,50624.73523822953,7.661846262021153,69.52662961377845,38,0,0
34.33327646379354,0.9239275439867954,1,49951.250108135224,8.035336995635308,74.81645100595296,17,0,0
35.266739301898525,2.607518284432096,1,15509.97035693844,0.8185333879669288,74.66241217529817,25,0,1
10.882226841120088,0.818567572877946,1,18601.87105421781,5.680594292130483,87.79154038599822,22,0,1
10.894147825556733,2.4717741587378583,1,13141.831088582901,0.4363493539725294,80.87359138992402,30,0,0
31.92619022203381,4.561042889693385,1,19381.55140023396,5.542308576970033,83.22367943989242,26,0,2
11.913066835065347,2.00162364729559,1,18998.632630593038,0.626705343831329,79.0866799020342,32,1,0
10.840124701131895,0.33868348929173164,1,22280.752869201526,6.64110136922133,70.44835151358158,38,1,1
24.57627138767776,1.400887754969133,0,50222.37281911632,1.4844343447808706,59.78854492474615,1,0,0
24.052861916262092,1.194437864308639,1,49795.3144402938,7.482955654215845,74.84093760753306,5,1,2
13.30127199653669,1.981508281401466,1,80711.10648803515,6.604000266626611,70.18048881726465,7,1,1
18.569806305814698,0.03463289757134114,1,101911.45707249462,5.863453908256574,46.1227381434942,16,0,0
13.34217777793103,1.800675606425445,1,65293.27093670894,1.2128273809225778,70.08059413568301,45,0,0
22.430425155748395,0.18388678833662409,1,103527.6879852669,1.317723807728588,104.11275450555036,74,0,2
16.854542457083042,2.837699065742223,0,54702.360899615145,8.821957795171357,99.95261288488815,85,1,2
23.72199890162916,3.0467006852255176,1,75056.80999622721,8.459048714458536,68.95785655670022,10,2,1
34.7005893849964,0.03463289757134114,0,108465.95845972613,6.73646848376582,103.7080707868798,16,0,1
32.03349304427341,0.8954193695661727,1,65415.50690440527,6.9493365349285705,114.22092333133602,46,0,0
38.643811164644006,0.8246110676319784,1,18935.142361342732,9.315138008962506,76.45099329813534,56,1,2
29.57814935691183,2.309789547669321,1,85682.78040540036,6.76333669736055,0.33641103193491784,76,0,1
43.65991992433936,2.8350180811364627,0,112263.49747453793,6.015091614439742,76.91672348824328,37,1,2
23.918028185149534,2.2595461191857584,0,50222.37281911632,1.4844343447808706,59.20034456512249,3,0,0
31.921800900348455,4.598878400541314,1,79422.67445878629,2.2946722121687357,94.88605019294889,21,0,2
30.17757163183195,4.074621034345788,0,104917.34710259517,2.191088065961224,43.0955579121218,46,0,1
10.882226841120088,2.0058302724997077,1,18769.154773851616,0.4363493539725294,83.21364397005284,38,0,1
19.11915739341171,1.0158077823091538,1,93903.94827078356,4.137706043065142,43.812496736907605,92,1,2
13.346289439097824,1.7916276925768004,1,56882.24904611757,0.45960959073343743,70.08059413568301,43,1,0
19.95279163448616,4.310175181186835,0,66328.51259827802,9.083413427853847,54.20207256506367,64,0,2
10.263512087406266,1.7440777729146233,0,110913.18815765684,6.2296943252006205,25.28984900738584,61,0,0
21.728331713574924,4.955328110206988,0,97585.95260318344,3.3354003719429604,38.437304864999,9,1,2
24.95549011849613,2.8288441975378094,0,16106.616732435317,2.645798759562531,7.6556120451851495,74,1,1
35.87294299158941,1.1842292661416494,1,49795.3144402938,7.372897960147691,74.84093760753306,5,1,2
43.74882388085838,3.2934865252559042,1,81106.44842428685,8.983429430491892,107.07074588795695,1,1,1
26.619604042296245,3.3011325544781664,0,97414.05399894582,9.948352081021154,71.45674945129824,59,0,1
35.266739301898525,2.573037866068941,1,19320.056879316744,0.8406429809075222,20.408863433413785,25,0,1
30.790613882687566,1.3954648582957552,1,84162.58122254413,4.45274355159631,64.57185887679066,36,1,0
19.22908371304654,3.1495909841725074,1,62289.548699569605,9.731613312588962,31.185182406201804,61,0,0
17.95700209736721,2.3959541183655233,1,9367.855891111692,5.871373487411605,46.02274981199158,15,0,0
28.091489698727138,3.266444074383676,1,62354.075404528034,8.007125569220625,0.3025267828031186,8,2,0
41.77453781269504,2.7112013854441304,1,53878.29989231406,3.8510323352633655,115.08210610700584,70,1,1
33.73109525915966,0.606055724114164,1,53284.612332387915,8.748492427881091,62.750601869250325,100,1,2
37.97288230171307,4.543690129067333,0,32135.17911173949,9.648019032633128,68.58141464073694,68,0,0
39.20897001582016,0.08606630193778553,0,43850.73480761834,2.6847510675132815,11.365265087000784,84,0,1
34.08054228298664,0.25109257823624054,1,102335.46147177707,2.2946722121687357,104.00092954567857,21,0,2
10.263512087406266,1.950865701551281,0,84695.45024966374,6.295176387510898,65.79113238182929,36,0,0
39.04948803079772,0.24764526883280458,0,57857.19156783051,1.4852990821851262,59.20034456512249,3,0,0
38.772868055385544,3.670784531952342,1,16623.263062467842,9.309510683978479,101.05818204219017,85,1,2
37.97288230171307,4.59722478145602,0,32135.17911173949,9.648019032633128,68.58141464073694,68,0,0
23.593981004642053,3.0467006852255176,1,74734.14083377732,8.459048714458536,68.95785655670022,7,0,1
10.882226841120088,0.12855392263709775,1,18769.154773851616,0.19033090055821944,84.88379995318466,96,0,2
35.90349758629869,2.8350180811364627,0,103081.26824790957,7.374366137192584,74.5343604599109,38,1,2
14.763618638592526,1.7916276925768004,1,8356.581012071445,0.45960959073343743,72.33005075907144,43,1,0
24.95549011849613,2.826231108701812,1,16106.616732435317,3.515911011485523,7.6556120451851495,74,2,1
34.7005893849964,3.404504271886512,0,96017.63965669317,6.73646848376582,71.11132051982362,18,0,1
18.6986468637128,2.573037866068941,1,19320.056879316744,4.192655169646694,21.066434680873876,25,1,1
43.77218431217239,2.7112013854441304,1,53945.64735052553,8.477188687902688,115.08210610700584,70,1,1
29.314265290036115,4.074621034345788,0,104917.34710259517,2.191088065961224,43.0955579121218,46,0,2
22.430425155748395,4.547038455701781,1,80614.9006220383,1.317723807728588,94.99787515281459,78,0,2
26.84258945404808,1.5137438821833555,1,117384.8489694035,4.45274355159631,24.07058041787625,61,1,0
24.077510005820578,2.1072539855360075,0,44050.125178442264,2.683886330150752,11.365265087000784,84,0,1
16.725678094710055,0.8246110676319784,0,57014.320266618524,9.031180279188675,75.34542377973878,56,1,2
30.280843078829065,2.309789547669321,1,85682.78040540036,6.668581335136209,3.8692043022415046,76,0,1
32.16151094128169,0.8954193695661727,1,65738.17606685517,6.9493365349285705,114.22092333133602,46,2,0
33.73109525915966,1.9971247666387515,1,53284.612332387915,8.445862161007536,62.750601869250325,41,1,1
43.629365306362246,1.1842292661416494,1,54771.96819858841,5.831975244481672,77.22330063586544,5,1,2
21.547997655351033,2.3959541183655233,1,57904.79661968244,5.871373487411605,46.02274981199158,15,0,0
19.95279163448616,4.310175181186835,0,66328.51259827802,9.083413427853847,54.20207256506367,37,0,2
29.400340207321484,3.2690571632196734,0,62354.075404528034,8.007125569220625,0.03610523714189018,8,1,0
26.619604042296245,0.020830486826236227,0,109588.03679275198,9.948352081021154,104.0534866441118,59,0,1
35.68725498069502,1.0158077823091538,1,93712.97362718036,0.7858672313324853,43.15492552283983,92,0,2
41.750702445597994,3.2934865252559042,1,81039.10096590203,4.023291015130265,106.32412769540461,1,1,1
21.728331713574924,4.955328110206988,0,97585.95260318344,2.860385053771961,38.437304864999,13,1,1
32.03349304427341,0.09189366348979539,0,44291.10120524095,7.449161499719291,5.938568134240022,46,0,0
23.918028185149534,3.226954408322382,0,63817.332965533074,1.7968219611224083,2.8628888821018315,3,0,0
35.13626703026369,0.8794708742758062,1,65415.50690440527,6.954275621776983,114.22092333133602,46,0,0
35.03987538170904,4.9884531825722815,1,19320.056879316744,1.0670960489669414,38.913092357870866,25,1,1
33.73109525915966,1.9944158691442913,1,63765.58724968918,8.445862161007536,66.0024937209035,41,1,1
29.585019521998436,2.3959541183655233,1,9367.855891111692,8.020472709425142,1.7786695935554526,15,0,0
43.74882388085838,3.779435931570782,1,8466.4789844388,0.05596849898702505,99.1229143604677,1,1,1
22.360101355932738,4.4269153169188025,1,80614.9006220383,1.317723807728588,84.15719684384877,78,0,2
44.573395153089315,1.1842292661416494,1,54771.96819858841,5.828954471753981,77.22330063586544,5,1,2
34.72952822818772,2.8298830823697396,0,108994.65855530815,6.738759703898071,97.57852314062384,38,1,1
36.908592191452904,3.404504271886512,1,96017.63965669317,6.626451149065852,70.10181802800116,18,0,1
41.750702445597994,3.4136307056023965,0,55522.443141728174,1.209081075985987,109.39664986084695,1,1,1
31.622552534979107,4.598878400541314,1,79422.67445878629,2.2946722121687357,68.05727765453145,21,0,2
23.593981004642053,3.0467006852255176,1,74734.14083377732,8.459048714458536,68.95785655670022,18,0,1
23.991753502446723,0.3603877578364376,1,100917.85577734762,2.2946722121687357,103.80091196901631,22,0,2
19.11915739341171,1.0294162428822111,1,100184.97474214365,4.137706043065142,43.812496736907605,19,1,0
28.091489698727138,2.299035785246446,1,51114.22002003358,7.694921356184006,57.58493780803137,8,2,0
31.943274039899627,1.2001777614320168,1,49795.3144402938,7.36795887329928,74.84093760753306,5,1,2
21.955195653014243,2.4073418152297252,0,97585.95260318344,3.1089557001767547,19.93307594689142,9,0,2
30.280843078829065,2.3124984451637807,1,82106.38658020715,6.668581335136209,3.516749492934075,73,0,1
17.772323159577518,3.2690571632196734,0,62354.075404528034,6.1879530405921255,45.18709659374241,8,1,0
14.763618638592526,1.7916276925768004,1,81038.99108578375,9.723699190629693,72.33005075907144,43,1,0
10.103887369426097,0.2746777186070939,1,13804.923754636704,0.19033090055821944,95.72447826214929,96,0,2
17.97634021801194,2.573037866068941,1,19320.056879316744,4.195675942374386,21.066434680873876,25,1,1
35.87455874310737,0.0753008908824877,0,102552.5681523182,7.372074917060332,75.4626463819188,16,0,2
12.088517614317677,1.7916276925768004,0,60423.78634827241,0.7629799207943848,67.02298480657613,36,1,0
39.04948803079772,0.15086889929142067,1,83373.84939107846,4.237092524681444,58.654786078310174,3,0,0
10.82153984860418,1.950865701551281,0,84695.45024966374,6.295176387510898,92.61990487905655,45,0,0
10.882226841120088,2.0058302724997077,1,18769.154773851616,0.4363493539725294,75.45561216545129,38,0,1
33.81078768229741,2.940325012115899,1,76474.4150463365,8.459048714458536,69.15785732193908,10,2,1
21.547997655351033,2.3823456686623863,1,57693.550511351285,5.871373487411605,61.28909658942838,88,0,2
21.728331713574924,4.979446781238115,0,97585.95260318344,3.3354003719429604,37.7928427439802,0,2,2
32.917541430924345,1.9971247666387515,1,54641.8590613914,5.90105079386945,78.35807193247922,41,1,1
10.164135023791378,2.0058302724997077,1,75720.10432181446,0.4363493539725294,65.09050907086832,38,0,1
18.31215860141895,2.573037866068941,1,7452.558688041525,0.8623967037291973,21.069739451966893,25,1,1
41.722897923113266,2.336747669848494,1,9367.855891111692,4.161608815281079,0.8342884048255783,15,0,0
41.86034091547908,0.3736161817010284,0,54493.28234556038,1.2763830840925667,103.71409722716834,1,0,1
35.182411292660575,1.1842292661416494,1,20598.318807268362,7.372897960147691,21.682991482735616,5,1,1
19.109787107490725,1.0032590066287013,1,62354.075404528034,8.007125569220625,3.364350401673015,9,2,0
43.74882388085838,3.2934865252559042,1,49209.91641676801,9.443058279454748,112.90045777074546,1,1,1
10.82153984860418,1.904916031294237,0,84695.45024966374,6.255896264792526,59.35173944162551,46,0,0
43.774376073382285,3.869455391726617,1,8679.996761465824,2.389981575129585,66.80692737113401,1,1,1
21.105188975441283,3.226954408322382,1,57934.43949252962,1.7968219611224083,2.7690714435021633,6,0,0
23.72199890162916,3.0467006852255176,1,73638.28044003624,8.459048714458536,68.95785655670022,10,0,1
36.03471063117961,3.404504271886512,1,96017.63965669317,5.016614570767633,69.60181801898457,8,0,0
11.954312839032612,1.8159372500122044,0,11727.178034287004,0.7474435394033689,67.02298480657613,36,1,0
28.74973285611402,2.2386768278182645,1,51702.22452508029,7.694921356184006,58.22939992905948,8,1,0
45.386896686842185,1.1842292661416494,1,56599.81358146352,8.373765698617703,53.989400300650786,5,1,2
23.740760718475833,3.0467006852255176,1,18122.43859044737,8.459048714458536,75.50793052998594,7,0,1
35.65323626196886,2.573037866068941,1,16422.577009803314,4.383072576610864,20.405558662320768,25,0,1
29.61282383475539,3.352692973770285,1,81039.10096590203,7.882153952969951,110.97973768763049,1,1,1
34.590950914043745,3.113034415985754,0,109488.06256293454,6.6694198510349265,111.37355180940541,16,1,1
17.94865330047499,2.573037866068941,1,48517.053419592805,4.195675942374386,74.22445901856088,25,1,2
29.456571198717533,3.2926032714363416,1,100184.97474214365,4.137706043065142,41.358866946468964,18,1,0
34.140560487823976,1.2001777614320168,1,81691.84644517124,7.36795887329928,74.84093760753306,5,1,2
26.242563555898485,2.2595461191857584,0,50222.37281911632,1.9357789141161175,92.46850990881782,2,0,0
31.596997756781498,4.50885875990695,1,79245.89941895992,0.07940019236971296,99.15654051378382,21,0,2
24.36083686505928,2.3959541183655233,0,63787.690092685894,5.871373487411605,46.2351851447099,15,0,0
17.95700209736721,2.3959541183655233,1,6599.262107707709,5.871373487411605,46.02274981199158,15,2,0
17.790935514065325,3.2690571632196734,0,70119.30851166458,6.6434267885358915,45.68709660276505,8,1,1
10.882226841120088,1.9815207150643037,1,67472.16530635074,0.45188573536777543,83.21364397005284,38,0,1
23.5955436408008,4.598878400541314,1,92374.24902168376,2.3170699873752354,68.05727765453145,21,0,2
17.95700209736721,2.3959541183655233,1,9367.855891111692,5.871373487411605,46.02274981199158,18,0,0
29.100828415634815,2.3770911393161462,1,20598.318807268362,7.372897960147691,21.682991482735616,4,1,1
41.67224200000567,3.0467006852255176,1,9413.670732263978,8.459048714458536,0.44563662642709545,10,0,1
17.97783181652778,2.573037866068941,1,53965.58017048931,0.8623967037291973,21.24414776878374,25,1,1
24.750957218497984,3.3416018121556093,1,61617.157169352984,7.707390339512826,0.4593826402103689,8,2,0
24.36083686505928,2.3959541183655233,0,63787.690092685894,5.871373487411605,21.52790439830438,25,0,1
18.878612683813152,2.7631238332509556,1,6561.100625737832,5.999861379343903,49.36121729011605,14,2,1
18.41785070413946,2.57760055073011,1,18757.83065105153,4.119582144591518,75.80268712601809,22,1,1
45.75157030000126,3.203733656692452,1,73023.68872561767,8.373765698617703,68.0832410331964,5,1,2
21.547997655351033,2.3959541183655233,1,57904.79661968244,5.837909287368094,46.02274981199158,5,0,0
43.74882388085838,3.779435931570782,1,48443.13734061709,0.05596849898702505,98.85559959337736,3,1,1
22.170098915462635,2.036325743454319,1,18769.154773851616,0.5120265048702011,83.21364397005284,40,0,1
41.41678445175233,3.226954408322382,1,56615.887381132285,1.7968219611224083,17.621797420246388,3,0,0
31.767769612666008,3.0467006852255176,1,17953.109784414715,8.436518238403702,83.79868106061168,7,0,1
17.54801601707138,3.1572497033099842,0,62495.902348812044,6.1879530405921255,45.18709659374241,8,1,0
35.66660239902379,1.2030922457348145,1,9367.855891111692,8.020472709425142,1.7786695935554526,15,0,0
23.644628302737715,2.336747669848494,1,74706.77616603763,4.161608815281079,72.18765738121239,17,0,0
18.282980085366166,2.573037866068941,1,2436.390383704027,4.195675942374386,74.05012307446086,31,1,2
27.24831207945168,2.2952723476654535,1,51851.13825520863,7.957327079063553,56.5813406596115,8,2,0
17.97634021801194,2.840694848582622,1,19320.056879316744,4.195675942374386,50.354797302547745,15,1,0
42.826713338547144,2.4089867917868606,1,81239.99977626358,9.165000779523794,103.72929026595794,2,1,0
11.167428989741484,2.001267587838538,1,19331.38100211683,0.5114330654946717,20.719488420469446,24,0,1
23.35444228662952,1.0271978524965415,1,57214.405295882054,8.459048714458536,50.82900049282391,21,0,1
31.943274039899627,1.2001777614320168,1,49795.3144402938,7.401423073340332,74.84093760753306,12,1,2
35.87294299158941,1.1842292661416494,1,9821.194529297296,7.372897960147691,75.10825233317843,1,1,2
10.527157800784515,4.943898586299808,0,97585.95260318344,3.260362829045195,38.437304864999,9,1,2
24.25193872571454,3.2934865252559042,0,80964.0623800505,4.023291015130265,101.65565840212153,1,1,1
10.209646588501347,2.3464119316601875,1,65220.81928410254,0.45188573536777543,83.21364397005284,38,0,1
42.78798532557522,1.97185645325261,1,11628.9597393865,4.161608815281079,0.8342884048255783,15,0,0
22.430425155748395,0.18388678833662409,1,103527.6879852669,1.317723807728588,104.11275450555036,74,0,2
16.854542457083042,2.837699065742223,0,54702.360899615145,8.821957795171357,99.95261288488815,85,1,2
23.72199890162916,3.0467006852255176,1,75056.80999622721,8.459048714458536,68.95785655670022,10,2,1
34.7005893849964,0.03463289757134114,0,108465.95845972613,6.73646848376582,103.7080707868798,16,0,1
32.03349304427341,0.8954193695661727,1,65415.50690440527,6.9493365349285705,114.22092333133602,46,0,0
38.643811164644006,0.8246110676319784,1,18935.142361342732,9.315138008962506,76.45099329813534,56,1,2
29.57814935691183,2.309789547669321,1,85682.78040540036,6.76333669736055,0.33641103193491784,76,0,1
43.65991992433936,2.8350180811364627,0,112263.49747453793,6.015091614439742,76.91672348824328,37,1,2
23.918028185149534,2.2595461191857584,0,50222.37281911632,1.4844343447808706,59.20034456512249,3,0,0
31.921800900348455,4.598878400541314,1,79422.67445878629,2.2946722121687357,94.88605019294889,21,0,2
30.17757163183195,4.074621034345788,0,104917.34710259517,2.191088065961224,43.0955579121218,46,0,1
10.882226841120088,2.0058302724997077,1,18769.154773851616,0.4363493539725294,83.21364397005284,38,0,1
19.11915739341171,1.0158077823091538,1,93903.94827078356,4.137706043065142,43.812496736907605,92,1,2
13.346289439097824,1.7916276925768004,1,56882.24904611757,0.45960959073343743,70.08059413568301,43,1,0
19.95279163448616,4.310175181186835,0,66328.51259827802,9.083413427853847,54.20207256506367,64,0,2
10.263512087406266,1.7440777729146233,0,110913.18815765684,6.2296943252006205,25.28984900738584,61,0,0
21.728331713574924,4.955328110206988,0,97585.95260318344,3.3354003719429604,38.437304864999,9,1,2
24.95549011849613,2.8288441975378094,0,16106.616732435317,2.645798759562531,7.6556120451851495,74,1,1
35.87294299158941,1.1842292661416494,1,49795.3144402938,7.372897960147691,74.84093760753306,5,1,2
43.74882388085838,3.2934865252559042,1,81106.44842428685,8.983429430491892,107.07074588795695,1,1,1
26.619604042296245,3.3011325544781664,0,97414.05399894582,9.948352081021154,71.45674945129824,59,0,1
35.266739301898525,2.573037866068941,1,19320.056879316744,0.8406429809075222,20.408863433413785,25,0,1
30.790613882687566,1.3954648582957552,1,84162.58122254413,4.45274355159631,64.57185887679066,36,1,0
19.22908371304654,3.1495909841725074,1,62289.548699569605,9.731613312588962,31.185182406201804,61,0,0
17.95700209736721,2.3959541183655233,1,9367.855891111692,5.871373487411605,46.02274981199158,15,0,0
28.091489698727138,3.266444074383676,1,62354.075404528034,8.007125569220625,0.3025267828031186,8,2,0
41.77453781269504,2.7112013854441304,1,53878.29989231406,3.8510323352633655,115.08210610700584,70,1,1
33.73109525915966,0.606055724114164,1,53284.612332387915,8.748492427881091,62.750601869250325,100,1,2
37.97288230171307,4.543690129067333,0,32135.17911173949,9.648019032633128,68.58141464073694,68,0,0
39.20897001582016,0.08606630193778553,0,43850.73480761834,2.6847510675132815,11.365265087000784,84,0,1
26.272307972484416,3.2934865252559042,0,80428.50834838818,8.784018214780344,91.74060711978348,1,1,1
22.991597292043217,0.2118181891598203,1,103527.6879852669,0.507488167634037,34.19216760163612,10,0,2
17.869217212039203,2.4266198609810035,0,10765.537857064395,5.108144873187427,47.034031644930764,15,0,0
20.604988134075853,4.311627462020006,0,66328.51259827802,9.375042944622443,54.20207256506367,64,0,2
19.22908371304654,3.1495909841725074,1,62289.548699569605,9.731613312588962,18.94816034222766,61,0,0
23.826564175868068,2.8383242144516734,0,50125.959908268545,1.4844343447808706,97.77331568592534,82,0,2
13.880373672670801,0.045928719358050984,0,41261.91055425853,0.44651945554034467,11.365265087000784,85,0,1
30.790613882687566,1.3954648582957552,1,84162.58122254413,4.45274355159631,64.57185887679066,36,1,1
38.643811164644006,0.8246110676319784,1,18935.142361342732,6.736005538080777,79.3820385963693,56,1,2
23.99664599656729,0.606055724114164,1,53539.436776351475,8.748492427881091,62.750601869250325,100,1,2
34.65904775301433,1.1456453622898537,1,49795.3144402938,7.372897960147691,113.45572671133347,5,1,2
41.77453781269504,2.823112676743988,1,53878.29989231406,0.48181323180584323,112.53244953126348,70,1,1
18.948642045606285,4.553089502696903,1,93903.94827078356,4.313379535942591,92.82272792933622,18,0,2
42.05291242982728,2.976042628327875,1,16786.16208575638,2.8441305437930713,7.6556120451851495,72,1,1
21.724173073317736,4.88371588077182,0,97585.95260318344,3.3354003719429604,108.33085781746988,73,1,2
10.395716735200276,1.7134120302991553,1,109508.36172670612,6.227482039641726,29.256880451750654,34,0,0
30.17757163183195,3.983796937439914,0,114039.6044525075,2.191088065961224,47.02210975966818,46,0,1
37.32068722980533,4.54223784823413,0,32135.17911173949,9.645803608449265,68.58141464073694,68,0,0
32.03349304427341,0.8954193695661727,1,65415.50690440527,6.9493365349285705,119.6660715772538,46,0,0
13.200526999675379,2.258920970476308,0,54798.773810462924,8.821957795171357,59.21183837591954,7,1,0
38.68467816776456,1.7836684893222294,1,56882.24904611757,2.6980383024032855,70.08059413568301,42,1,0
35.266739301898525,2.573037866068941,1,19320.056879316744,0.8406429809075222,20.408863433413785,25,0,0
29.57814935691183,2.309730180828492,1,84936.41108558195,8.867217060997973,0.33641103193491784,76,0,1
33.87796200943555,3.266444074383676,1,62099.250960564474,8.007125569220625,0.3025267828031186,12,2,0
24.2545205561564,3.3011325544781664,0,97414.05399894582,9.948352081021154,71.45674945129824,59,0,1
35.914484623571475,0.2023192265354018,0,109016.63729809523,6.73646848376582,74.65668249012293,16,0,1
10.882226841120088,2.0058302724997077,1,18769.154773851616,3.8069394080012637,90.1410334807768,38,0,1
32.09231654255586,1.0594628331043086,1,79422.67445878629,2.2946722121687357,45.87580629892003,87,1,2
37.18859164751747,1.1889489989215964,1,93903.94827078356,3.8803781407256412,43.762422009622455,92,1,2
17.803553291407233,1.0057068080215659,1,49795.3144402938,7.6302256298108855,74.89101233489583,5,1,2
23.72199890162916,3.0467006852255176,1,79528.46327194989,8.547476454310617,47.40141051064158,10,2,1
34.2467449809873,2.3959541183655233,1,50145.5740403598,5.871373487411605,47.22818520798319,1,0,0
21.724173073317736,0.9433027125602531,1,97585.95260318344,3.4134444539425544,108.33085781746988,75,1,2
35.41912583626892,3.059239122953252,1,18769.665521957664,0.8406429809075222,12.793324256930063,23,0,0
31.921800900348455,4.83306726791143,1,56150.339662121165,9.27770008839546,59.42907972062808,20,0,0
22.450776156568157,4.738608981059096,0,97585.95260318344,1.321441826477065,38.437304864999,76,1,2
18.948642045606285,4.553089502696903,1,103510.04121387123,4.687064009493221,96.87068453110909,19,0,2
35.24096702282408,2.5951015396365884,1,63117.19747913265,0.9919242664634442,20.408863433413785,25,0,1
32.03349304427341,0.9869786412450771,1,65415.50690440527,6.9493365349285705,115.89144308603265,38,0,0
10.14382090485361,3.166217824501887,1,108853.94822933104,6.500411854075495,29.256880451750654,34,0,0
30.96081782896256,1.141624863314454,1,65415.50690440527,6.9493365349285705,119.6660715772538,46,1,0
19.22908371304654,3.1495909841725074,0,62289.548699569605,6.892118862559492,32.317256780687046,61,0,0
43.74882388085838,3.2934865252559042,0,81106.44842428685,8.983429430491892,107.07074588795695,1,1,1
34.65904775301433,1.7914519149077375,1,49795.3144402938,7.3190978789501475,71.81638145957626,41,1,0
33.97229431424384,2.235781567434752,1,62099.250960564474,8.106010206039414,0.3025267828031186,12,2,0
17.869217212039203,2.4266198609810035,0,6459.512298856767,5.019711375324292,68.59047769098997,15,0,0
19.583208818963648,0.957301281167613,1,5840.980289803101,7.372897960147691,71.41355006587331,15,1,2
17.56267435794722,4.899700460526198,0,49795.3144402938,7.88081989169913,74.89101233489583,2,1,2
10.891988263399021,1.451997544998274,1,19319.546131210693,3.8069394080012637,90.1410334807768,33,0,1
11.900374725678532,2.009135966330218,0,78771.89315156237,1.826122237180484,94.66880841729355,7,1,2
21.707980712755163,0.18388678833662409,1,103527.6879852669,3.6269089820565377,100.55062194525526,8,0,2
22.991597292043217,0.2118181891598203,1,93921.59504217224,0.18014388152084893,35.60267012128374,10,0,2
28.1172619778011,3.2443804008160244,1,18556.99702376043,7.859468304653319,0.3025267828031186,12,2,0
10.882226841120088,2.0058302724997077,1,18769.154773851616,0.5519620755890431,79.14653211093908,46,0,1
19.570825384940818,1.692746137417716,1,62941.961750947914,9.453840446768604,18.94816034222766,61,0,0
11.977320342059713,1.7916276925768004,1,56882.24904611757,0.45960959073343743,70.30858506862958,37,0,0
35.914484623571475,0.2023192265354018,1,109016.63729809523,9.57291164598524,73.52460852835735,16,0,1
26.272307972484416,3.9290536155052687,1,80428.50834838818,8.784018214780344,91.74060711978348,1,1,1
38.68467816776456,1.1378619367048541,1,56882.24904611757,2.768860630363047,111.71073744452278,6,1,2
23.82369588046209,3.5555962818048523,0,50222.37281911632,1.3860139864819692,59.20034456512249,3,0,0
13.071563964574416,2.2660894685512813,0,50222.37281911632,1.4844343447808706,59.20034456512249,37,0,0
34.833163659728,2.5951015396365884,1,18816.0211733475,0.911895213131324,20.603030557889525,23,0,1
11.157002465603922,2.4266198609810035,0,6459.512298856767,5.046929928261437,68.59047769098997,15,0,0
19.780921366255814,1.0237530747115746,1,5405.885494179105,7.893116359332581,60.924023289368606,15,1,1
27.478243755919905,1.668682622545169,1,19319.546131210693,8.646772311545725,90.1410334807768,33,1,1
10.162761036787806,3.0467006852255176,1,17778.150535436445,8.641410375008942,79.22856887468781,10,2,1
34.57780493788988,2.573037866068941,1,19320.056879316744,0.8406429809075222,20.408863433413785,25,0,1
17.923557089840582,2.43189671216589,0,85023.7936375232,5.116545974302687,91.74060711978348,1,1,1
31.424920115145735,4.829900608160635,1,56150.339662121165,7.859096579242528,60.804571219402696,20,1,0
21.873355793337296,0.18388678833662409,0,103527.6879852669,2.4539412530227143,100.55062194525526,7,0,2
17.95700209736721,2.3969049578259267,1,9367.855891111692,6.094657806124424,46.02274981199158,15,0,0
28.21184384252407,3.2443804008160244,1,18556.99702376043,7.812364948941628,1.5166691499904843,12,2,0
31.576464003632633,0.8982879955774226,1,62885.72865021202,7.349012332736651,113.88803862822752,46,0,0
19.626776941364987,1.638413144309967,1,56162.7389785828,9.453840446768604,18.94816034222766,61,0,2
34.2467449809873,2.3959541183655233,1,53844.71174906151,5.742626966297063,47.22818520798319,5,0,0
22.825355912011712,1.7850843432112777,1,56882.24904611757,0.45960959073343743,70.30858506862958,3,0,0
35.24260769269321,3.207443451768141,1,63070.880291440335,0.7819949718692354,12.599157132479512,25,0,0
17.597202557710272,2.0058302724997077,1,25676.700046722413,3.5562107305223893,90.1410334807768,38,0,1
10.706355344661134,1.9393784798203346,1,19204.28525571326,0.13117066734928673,83.21364397005284,34,0,2
10.219670239175377,3.8716513889427806,1,80428.50834838818,3.9440589352403483,91.74060711978348,1,0,1
20.615783798300438,1.846875435251488,1,76048.45804715145,0.31569077632843756,68.87581979295148,46,0,1
35.266739301898525,2.5934899836452385,1,19320.056879316744,0.8406429809075222,20.408863433413785,25,0,0
26.217968100700233,3.5868714854660104,0,13099.34768497953,8.683697723104702,47.034031644930764,15,0,0
18.05955723377902,4.902867120275071,0,49795.3144402938,9.299422807727423,73.5155208361212,2,0,2
12.909007548838208,2.258920970476308,1,54798.773810462924,8.821957795171357,59.21183837591954,8,1,0
43.74882388085838,3.292535685795328,1,81106.44842428685,9.072583098616093,107.07074588795695,1,1,1
35.819902758845785,0.2023192265354018,0,109016.63729809523,6.4325101369577515,74.77175615577542,16,0,1
34.689750302961315,1.1427767362786039,1,65716.66563590942,6.854971949105838,113.45572671133347,13,1,2
31.865849403767342,4.65076902678638,1,76801.90365974103,2.2946722121687357,94.88605019294889,21,0,0
13.388658108586135,1.0057068080215659,1,49795.3144402938,7.6302256298108855,74.28511444875986,1,1,2
32.90353645943776,2.4881644023103524,1,26467.00877345331,0.9228233905084615,92.38525259355424,25,0,1
11.977320342059713,1.7916276925768004,1,62797.49797459322,0.36626322956336116,70.30858506862958,41,0,1
18.186127741358856,1.0237530747115746,0,5405.885494179105,7.893116359332581,60.924023289368606,15,0,0
10.891988263399021,1.4724921110309188,1,19822.19733973776,3.8069394080012637,91.49461467886539,26,0,1
17.95700209736721,3.352012401298722,1,9434.796592607505,6.094657806124424,46.02274981199158,15,0,0
34.993089865522165,2.388039232483222,1,54509.215550147725,8.641410375008942,79.22856887468781,10,0,1
10.219670239175377,3.8716513889427806,1,19151.029451919312,0.7635668025628208,91.4814817078333,1,0,0
28.184631382198432,3.2443804008160244,1,19043.287158569365,7.812556193107506,81.23802309964546,1,2,0
35.266312310278316,2.3959541183655233,1,50145.5740403598,1.8749513240701112,14.712452714892422,26,0,0
22.255799087166636,1.0057068080215659,1,49795.3144402938,7.6302256298108855,74.89101233489583,5,1,2
17.99192225262297,0.957301281167613,1,62698.63433290083,7.371331947614997,59.30636768672295,15,1,2
32.03349304427341,0.8954193695661727,1,68532.88896425016,6.9493365349285705,119.6660715772538,45,0,0
12.336207568982285,2.004813466960696,1,18736.979648595403,3.7003785217543883,19.849029250115485,25,0,1
10.706355344661134,1.9393784798203346,1,19204.28525571326,0.13117066734928673,83.21364397005284,35,0,2
34.833163659728,3.607257910810659,1,18816.0211733475,8.53141067777726,20.434365846860572,23,0,1
34.67574726664534,4.65076902678638,1,76298.27798374661,2.2946722121687357,35.70505424277208,21,0,0
10.882226841120088,2.0058302724997077,1,18135.219286050487,0.4599157544930837,83.21364397005284,38,0,0
10.237424728166975,2.4980252458125807,1,6459.512298856767,5.046929928261437,68.59047769098997,15,1,1
17.869217212039203,2.406125294952042,0,5956.880075915067,5.019711375324292,67.23689649011821,15,0,0
24.937602844264635,2.38085482877172,1,18490.056325064892,8.166972506245097,0.031228115195829353,12,2,0
10.189280663349797,3.1156964151640767,1,17113.672850919425,5.742626966297063,47.22818520798319,5,2,0
35.266739301898525,2.5934899836452385,1,80597.98749055571,4.021302349465624,20.668685220585402,25,0,1
17.589886937647087,4.899700460526198,0,49309.02605074417,7.880628647533252,0.24817573287984374,18,1,2
34.24717197260751,2.573037866068941,1,19320.056879316744,4.860981549640516,48.49971533862394,14,0,0
13.388658108586135,1.0057068080215659,1,64549.30264709836,7.6302256298108855,82.5761866837187,1,1,2
32.273295599223495,0.8982879955774226,1,6074.422749010497,7.350578345269345,114.03858492995076,46,0,0
17.95700209736721,2.3959541183655233,1,9367.855891111692,5.871373487411605,46.02274981199158,16,0,0
33.93324822432998,2.574054671607952,1,19352.232004572954,0.947236490627752,90.70187923525276,38,0,1
12.730749613503265,2.258920970476308,1,54798.773810462924,8.821957795171357,59.21183837591954,8,1,0
26.217968100700233,2.5747151142724647,0,13099.34768497953,1.0671182118042704,47.20269653528801,15,0,0
22.430425155748395,0.18388678833662409,1,103527.6879852669,1.317723807728588,104.11275450555036,74,0,2
16.854542457083042,2.837699065742223,0,54702.360899615145,8.821957795171357,99.95261288488815,85,1,2
23.72199890162916,3.0467006852255176,1,75056.80999622721,8.459048714458536,68.95785655670022,10,2,1
34.7005893849964,0.03463289757134114,0,108465.95845972613,6.73646848376582,103.7080707868798,16,0,1
32.03349304427341,0.8954193695661727,1,65415.50690440527,6.9493365349285705,114.22092333133602,46,0,0
38.643811164644006,0.8246110676319784,1,18935.142361342732,9.315138008962506,76.45099329813534,56,1,2
29.57814935691183,2.309789547669321,1,85682.78040540036,6.76333669736055,0.33641103193491784,76,0,1
43.65991992433936,2.8350180811364627,0,112263.49747453793,6.015091614439742,76.91672348824328,37,1,2
23.918028185149534,2.2595461191857584,0,50222.37281911632,1.4844343447808706,59.20034456512249,3,0,0
31.921800900348455,4.598878400541314,1,79422.67445878629,2.2946722121687357,94.88605019294889,21,0,2
30.17757163183195,4.074621034345788,0,104917.34710259517,2.191088065961224,43.0955579121218,46,0,1
10.882226841120088,2.0058302724997077,1,18769.154773851616,0.4363493539725294,83.21364397005284,38,0,1
19.11915739341171,1.0158077823091538,1,93903.94827078356,4.137706043065142,43.812496736907605,92,1,2
13.346289439097824,1.7916276925768004,1,56882.24904611757,0.45960959073343743,70.08059413568301,43,1,0
19.95279163448616,4.310175181186835,0,66328.51259827802,9.083413427853847,54.20207256506367,64,0,2
10.263512087406266,1.7440777729146233,0,110913.18815765684,6.2296943252006205,25.28984900738584,61,0,0
21.728331713574924,4.955328110206988,0,97585.95260318344,3.3354003719429604,38.437304864999,9,1,2
24.95549011849613,2.8288441975378094,0,16106.616732435317,2.645798759562531,7.6556120451851495,74,1,1
35.87294299158941,1.1842292661416494,1,49795.3144402938,7.372897960147691,74.84093760753306,5,1,2
43.74882388085838,3.2934865252559042,1,81106.44842428685,8.983429430491892,107.07074588795695,1,1,1
26.619604042296245,3.3011325544781664,0,97414.05399894582,9.948352081021154,71.45674945129824,59,0,1
35.266739301898525,2.573037866068941,1,19320.056879316744,0.8406429809075222,20.408863433413785,25,0,1
30.790613882687566,1.3954648582957552,1,84162.58122254413,4.45274355159631,64.57185887679066,36,1,0
19.22908371304654,3.1495909841725074,1,62289.548699569605,9.731613312588962,31.185182406201804,61,0,0
17.95700209736721,2.3959541183655233,1,9367.855891111692,5.871373487411605,46.02274981199158,15,0,0
28.091489698727138,3.266444074383676,1,62354.075404528034,8.007125569220625,0.3025267828031186,8,2,0
41.77453781269504,2.7112013854441304,1,53878.29989231406,3.8510323352633655,115.08210610700584,70,1,1
33.73109525915966,0.606055724114164,1,53284.612332387915,8.748492427881091,62.750601869250325,100,1,2
37.97288230171307,4.543690129067333,0,32135.17911173949,9.648019032633128,68.58141464073694,68,0,0
39.20897001582016,0.08606630193778553,0,43850.73480761834,2.6847510675132815,11.365265087000784,84,0,1
30.311016096868638,3.266444074383676,1,62354.075404528034,7.572218818724373,0.33597993083696936,8,2,1
23.72199890162916,3.0467006852255176,1,75056.80999622721,8.436179766910364,68.95785655670022,55,2,2
18.02923499877302,4.298265219366231,1,9367.855891111692,5.396980607204188,46.05484389598269,15,0,0
39.20897001582016,0.08606630193778553,0,43792.63183806544,2.3518017594500362,11.365265087000784,94,1,1
19.11915739341171,1.0158077823091538,1,91314.89126728482,4.137706043065142,46.74383549989719,99,1,2
10.114840379238096,3.1264055505814468,1,62289.548699569605,0.2690799416130334,31.185182406201804,61,0,0
31.921800900348455,4.890924172613879,1,115706.90709449076,2.2946722121687357,94.88605019294889,57,0,0
16.79482176625543,2.837699065742223,0,53430.85051909623,8.821957795171357,99.95261288488815,84,1,2
30.790613882687566,1.3954648582957552,1,84162.58122254413,4.45274355159631,66.67993517162675,36,1,0
35.878122361046,3.3397817947562767,0,108465.95845972613,6.73646848376582,103.62829171597224,16,0,1
44.41430637091576,2.8444389883603005,0,16106.616732435317,8.476539000092306,7.243074873533416,72,1,1
35.266739301898525,2.573037866068941,1,19320.056879316744,0.8406429809075222,19.29673191309037,24,0,1
32.17501179218169,1.102849089150118,1,112871.56081470229,6.974512207881203,78.42376781752672,46,0,0
14.532489873548432,4.074621034345788,1,104917.34710259517,2.0403071125281933,44.3681621504016,46,0,1
43.3387952808742,3.158226536881983,1,53878.29989231406,3.8510323352633655,115.08210610700584,4,0,1
28.10845290365059,2.309789547669321,1,85682.78040540036,8.06779344689068,0.3029578839010671,76,0,0
38.643811164644006,0.8246110676319784,1,18935.142361342732,9.315138008962506,64.78320372781016,11,1,1
19.88055873308035,2.3175344300081293,0,66137.53796364427,9.55203763836408,54.16855367848676,64,0,2
21.728331713574924,4.955328110206988,0,97644.00088731236,3.3354003719429604,38.437304864999,9,0,2
37.97288230171307,4.543690129067333,0,32135.17911173949,9.648019032633128,68.58141464073694,64,0,0
19.031091465068346,2.029015706089761,1,18769.154773851616,9.834024069967402,77.51153104155479,28,0,1
10.263512087406266,1.4485061517769342,0,76225.50361403181,6.2296943252006205,25.28984900738584,20,0,2
22.49014584695964,0.18388678833662409,1,104798.4636959068,1.317723807728588,104.11275450555036,75,0,2
35.87294299158941,1.306067069230882,1,50424.93595891475,7.737747826372517,74.84093760753306,5,1,2
26.619604042296245,0.05195054445533831,0,97414.05399894582,9.948352081021154,71.53652147521247,60,0,1
22.849240068145114,3.277891734433413,1,81106.44842428685,3.1517215326723957,107.64938319252897,1,1,1
33.73109525915966,0.4318055763572709,1,56210.45600902103,8.748492427881091,62.750601869250325,100,1,2
43.51839984561085,2.8350180811364627,0,64791.548641999805,5.98991594148711,116.23661781110322,37,1,2
28.992438374917725,1.7916276925768004,0,56882.24904611757,0.4299407402000578,68.80798989743813,43,1,0
23.644958261751988,1.6962146727050498,0,63498.45092694288,1.4844343447808706,62.09303902461948,70,1,0
14.532489873548432,4.049533230666984,1,104917.34710259517,2.0403071125281933,44.321618576887275,46,0,1
29.92057126338318,1.4485061517769342,0,76225.50361403181,0.31582590495671203,25.28984900738584,20,0,2
29.02353762722133,4.298265219366231,1,8773.443045769396,7.976538178566364,46.05484389598269,15,0,0
19.728312568816417,2.6739903905044273,1,62114.93534619242,0.34295092245193226,31.185182406201804,61,0,0
26.15202431046592,3.2626011511107675,1,46035.78974980521,2.620119262139801,104.84647089290519,3,0,0
21.728331713574924,4.955328110206988,1,97644.00088731236,3.3354003719429604,38.46426238255395,9,0,2
35.93529674073798,3.158226536881983,1,49713.12423438786,3.90252904057298,58.112576728849405,5,0,1
40.19864208483562,0.365314223172464,1,17732.015156439626,9.382073786301197,74.8317284438909,5,1,2
38.57911375397661,1.7916276925768004,1,58641.203128716945,0.8416502181238398,11.043389522964347,24,1,0
22.430425155748395,0.21744869553820034,1,107719.41784851906,1.317723807728588,104.11275450555036,74,0,2
30.747814863204475,1.3910321243512778,1,65397.14382894092,7.202182316473503,103.89663218889879,46,1,0
39.627974104891386,2.666816229752843,1,53878.29989231406,3.725726049039479,77.80680611540569,70,1,1
30.97255754957353,1.3886894376074541,1,114495.97207540474,4.45274355159631,82.36110678151073,36,1,0
30.311016096868638,3.2698151215688473,1,61824.42179126913,7.572218818724373,68.41224316163603,8,2,1
31.99259551515279,3.2934865252559042,1,81106.44842428685,8.917677676281702,105.33628702592364,1,1,1
35.266739301898525,2.598125610206057,1,27481.48168170372,0.8406429809075222,19.343275617176396,24,0,1
10.125434417821399,1.7916276925768004,0,56882.24904611757,6.376123542084188,68.80798989743813,43,1,0
17.097188356024965,3.266444074383676,1,62961.15761731115,4.92176549660655,0.2859212614078688,8,2,0
10.000703403887657,2.3959541183655233,1,11440.452744128259,5.818453497813856,46.02274981199158,15,0,0
25.22070438771614,2.2748367025075957,0,81106.44842428685,2.2103229314266777,62.002338602007626,1,1,1
10.882226841120088,2.0058302724997077,0,18769.154773851616,0.4363493539725294,83.21364397005284,38,0,1
43.27644152294019,1.1842292661416494,1,54588.4920987461,7.3214012311404355,112.14337054157178,5,1,2
38.643811164644006,1.2728239679533677,1,51628.072825727795,7.339525420601709,64.79241289145232,12,1,1
11.099021538596467,2.573037866068941,1,15489.103774732008,0.4586023535379392,69.27581316202149,44,0,1
19.031091465068346,1.7588706205946347,1,18769.154773851616,9.356853148742362,77.51153104155479,22,0,1
32.076292063756505,0.9550498522225633,1,84180.94429800485,4.199897765636062,67.22159284948964,36,0,0
38.67646232832607,0.868997435474545,1,18935.142361342732,9.432895833388294,113.71130549231792,56,1,2
32.19027815104554,1.1096245098384192,1,82530.15433076578,6.974512207881203,78.2685728885929,53,0,0
23.72199890162916,3.0433296380403463,1,75586.4636094861,8.459048714458536,0.9486357945289638,10,2,1
43.67802749032445,4.598878400541314,1,79422.67445878629,2.358975843982368,94.88605019294889,21,0,2
34.073084967340556,2.3959541183655233,1,9367.855891111692,5.87149070035219,74.32158666732111,15,0,0
10.882226841120088,2.3765856818748663,0,18769.154773851616,0.4363493539725294,83.21364397005284,22,0,1
35.266739301898525,1.2968501796375143,1,28122.70474902109,1.1726062580718208,19.925851497695348,6,1,1
40.236654303010006,0.4397448520612135,1,58641.203128716945,1.0487088852683812,8.67979760797136,24,1,0
28.959575428160477,4.298265219366231,1,8773.443045769396,4.546283254449802,35.241867527933984,36,0,0
16.881924133887605,4.294222168608985,1,9367.855891111692,3.866793319591048,46.05484389598269,15,0,0
27.8832934178857,3.277891734433413,1,82918.09452058206,3.1517215326723957,107.64938319252897,1,1,1
11.93689941776195,4.074621034345788,1,104917.34710259517,2.0403071125281933,48.8719615581423,44,0,2
36.186683346910044,3.158226536881983,1,56640.59529282681,0.45637121197794484,69.39857208192174,5,0,1
13.566981074737274,1.7916276925768004,1,64937.68076833165,0.49060407998389327,70.08059413568301,45,1,0
38.90384724921368,1.18366432567976,1,51628.09325580129,7.3229831830664,112.14337054157178,5,1,2
30.311016096868638,3.2698151215688473,1,61824.42179126913,7.572218818724373,68.41224316163603,8,0,1
10.114840379238096,3.1112974512003344,1,17334.864585867053,0.22086695912205756,31.185182406201804,61,0,0
18.252052421731484,1.1842292661416494,1,34689.81923700169,7.372780747206273,46.54210075219126,5,1,2
35.87294299158941,2.6073425004385027,1,27006.692800029035,7.408748028679257,74.6261892384457,23,0,2
38.54110153580222,1.7172237533739436,1,17732.015156439626,9.908382677864388,77.24465618852892,5,1,2
30.85457608174842,1.3954648582957552,1,84162.58122254413,7.882998222806483,66.91058940650429,15,1,0
43.3387952808742,3.1622695407112817,1,53878.29989231406,5.381219622876514,115.08210610700584,4,0,1
23.057436348986588,3.266444074383676,1,60542.429308185834,8.007125569220625,0.3025267828031186,8,2,0
31.921800900348455,4.598878400541314,1,87610.36839348769,2.2946722121687357,94.88605019294889,28,0,1
26.15202431046592,3.2626011511107675,1,39910.17967402293,2.620119262139801,104.84647089290519,3,0,0
28.74105176874241,1.7916276925768004,0,49954.77798767862,3.0215550845282664,57.521994544365796,65,1,0
22.396824946198592,0.2593876528319422,1,102966.65353177422,1.286729426926133,104.11275450555036,74,0,2
43.01640543834832,0.9410962009151103,1,54588.47166867262,7.3379434686757445,64.79241289145232,12,1,1
23.918028185149534,1.905792479735559,0,51371.50077952863,1.4844343447808706,59.20034456512249,3,2,0
35.266739301898525,2.588145965450053,1,64274.928815009065,0.27618609190404325,18.785959229048714,24,0,1
32.02788993047927,2.2595461191857584,0,50222.37281911632,1.4844343447808706,59.20034456512249,3,0,0
29.02353762722133,3.126107127723579,1,63289.45662235141,8.005321652239656,46.05484389598269,15,0,0
23.811939155028387,4.598878400541314,1,79422.67445878629,2.484749846274259,94.88605019294889,21,0,2
28.091489698727138,4.438600109952318,1,7861.263447782534,7.978342095547332,0.3025267828031186,8,2,0
40.106293965096334,0.42319874371802646,1,17934.896527057488,0.2739028368146288,78.36675417938977,0,1,2
38.459048229329404,1.2079560446888817,1,69077.98059715194,0.5750411708601266,13.728207269587081,5,1,2
36.12124910110971,3.1434842239111513,1,47843.388272083954,5.818453497813856,46.02274981199158,16,0,0
17.95700209736721,2.3959541183655233,1,9367.855891111692,5.871373487411605,109.56863147268105,13,0,0
13.346703858123513,4.074621034345788,1,109299.64902846297,0.4482703608353892,44.3681621504016,43,0,0
35.87294299158941,2.665284430776448,1,27006.692800029035,7.408748028679257,85.0479294481768,19,0,2
35.960224627074766,1.3012061887620294,1,50424.93595891475,7.737747826372517,74.84093760753306,5,1,2
16.480915806037196,4.624647402380161,1,9367.855891111692,3.866793319591048,46.05484389598269,15,0,0
35.266739301898525,1.7494734539452317,1,19358.219089675396,0.8406429809075222,19.0885054307479,24,0,1
16.94308742467895,3.202561920456993,1,9367.855891111692,5.168431909831606,40.88460409834945,35,0,0
28.091489698727138,3.3025403504359616,1,45343.49771910284,2.633700504589761,11.18665641662465,5,0,0
31.007387921565993,1.2940513529861355,1,30220.557203464687,4.245368761024947,66.67993517162675,36,1,1
43.01640543834832,0.9410962009151103,1,53597.24194779059,7.3379434686757445,64.79241289145232,12,1,1
18.252052421731484,3.1127414356938625,1,34689.81923700169,6.347825195374135,46.520674487712405,5,1,2
38.63281831411361,2.3959541183655233,1,10377.959448646066,5.87149070035219,43.39436203360667,10,0,1
38.28289955199663,2.5306113335655054,1,64072.132304093495,9.43549541576273,18.47894507058848,28,0,1
35.99300851623661,1.7679009140296473,1,49069.490460468856,7.657365562473675,72.1639837491463,25,1,0
10.405048194986309,2.410696431336349,1,13310.49397434104,3.90252904057298,58.112576728849405,5,0,1
24.5317646105863,3.2626011511107675,1,39910.17967402293,2.620119262139801,41.271824005077356,3,0,0
14.532075454522744,1.7916276925768004,1,52489.626877202274,2.051671084035992,70.08059413568301,46,1,1
32.03349304427341,0.8374788627142152,1,65415.50690440527,6.9493365349285705,113.89430420005412,46,0,0
43.25151363666307,3.1630874428423508,1,53878.29989231406,3.8510323352633655,115.08210610700584,4,0,1
30.272675778338755,4.294292635506112,1,8773.443045769396,7.976538178566364,46.05484389598269,15,0,0
21.25366805956671,3.0608171500201236,1,13631.528598772577,9.356853148742362,77.7200895338534,25,0,1
37.13279720083099,4.253929792204118,1,56640.59529282681,0.45637121197794484,69.44634656978553,4,0,1
26.15202431046592,3.266507694607001,1,63046.36743523052,7.993534042256522,95.54405029277903,3,2,0
35.0499652630201,1.3982636849471342,1,82064.73937959985,1.3799890451677428,19.925851497695348,6,1,0
35.88875660964423,2.598125610206057,1,28472.711410584758,0.8406429809075222,19.343275617176396,28,0,1
29.02353762722133,1.1975950433345859,1,63289.45662235141,8.022213706204822,46.07627016046154,11,0,0
34.08407781787092,1.2728239679533677,1,50291.122640715555,7.339525420601709,64.79241289145232,12,1,0
22.430425155748395,0.18388678833662409,1,103527.6879852669,1.317723807728588,104.11275450555036,74,0,2
16.854542457083042,2.837699065742223,0,54702.360899615145,8.821957795171357,99.95261288488815,85,1,2
23.72199890162916,3.0467006852255176,1,75056.80999622721,8.459048714458536,68.95785655670022,10,2,1
34.7005893849964,0.03463289757134114,0,108465.95845972613,6.73646848376582,103.7080707868798,16,0,1
32.03349304427341,0.8954193695661727,1,65415.50690440527,6.9493365349285705,114.22092333133602,46,0,0
38.643811164644006,0.8246110676319784,1,18935.142361342732,9.315138008962506,76.45099329813534,56,1,2
29.57814935691183,2.309789547669321,1,85682.78040540036,6.76333669736055,0.33641103193491784,76,0,1
43.65991992433936,2.8350180811364627,0,112263.49747453793,6.015091614439742,76.91672348824328,37,1,2
23.918028185149534,2.2595461191857584,0,50222.37281911632,1.4844343447808706,59.20034456512249,3,0,0
31.921800900348455,4.598878400541314,1,79422.67445878629,2.2946722121687357,94.88605019294889,21,0,2
30.17757163183195,4.074621034345788,0,104917.34710259517,2.191088065961224,43.0955579121218,46,0,1
10.882226841120088,2.0058302724997077,1,18769.154773851616,0.4363493539725294,83.21364397005284,38,0,1
19.11915739341171,1.0158077823091538,1,93903.94827078356,4.137706043065142,43.812496736907605,92,1,2
13.346289439097824,1.7916276925768004,1,56882.24904611757,0.45960959073343743,70.08059413568301,43,1,0
19.95279163448616,4.310175181186835,0,66328.51259827802,9.083413427853847,54.20207256506367,64,0,2
10.263512087406266,1.7440777729146233,0,110913.18815765684,6.2296943252006205,25.28984900738584,61,0,0
21.728331713574924,4.955328110206988,0,97585.95260318344,3.3354003719429604,38.437304864999,9,1,2
24.95549011849613,2.8288441975378094,0,16106.616732435317,2.645798759562531,7.6556120451851495,74,1,1
35.87294299158941,1.1842292661416494,1,49795.3144402938,7.372897960147691,74.84093760753306,5,1,2
43.74882388085838,3.2934865252559042,1,81106.44842428685,8.983429430491892,107.07074588795695,1,1,1
26.619604042296245,3.3011325544781664,0,97414.05399894582,9.948352081021154,71.45674945129824,59,0,1
35.266739301898525,2.573037866068941,1,19320.056879316744,0.8406429809075222,20.408863433413785,25,0,1
30.790613882687566,1.3954648582957552,1,84162.58122254413,4.45274355159631,64.57185887679066,36,1,0
19.22908371304654,3.1495909841725074,1,62289.548699569605,9.731613312588962,31.185182406201804,61,0,0
17.95700209736721,2.3959541183655233,1,9367.855891111692,5.871373487411605,46.02274981199158,15,0,0
28.091489698727138,3.266444074383676,1,62354.075404528034,8.007125569220625,0.3025267828031186,8,2,0
41.77453781269504,2.7112013854441304,1,53878.29989231406,3.8510323352633655,115.08210610700584,70,1,1
33.73109525915966,0.606055724114164,1,53284.612332387915,8.748492427881091,62.750601869250325,100,1,2
37.97288230171307,4.543690129067333,0,32135.17911173949,9.648019032633128,68.58141464073694,68,0,0
39.20897001582016,0.08606630193778553,0,43850.73480761834,2.6847510675132815,11.365265087000784,84,0,1
23.180255373527817,0.18388678833662409,0,103527.6879852669,2.1878360596534527,104.11275450555036,74,0,1
23.72199890162916,3.276781302080926,1,62499.017179722476,7.962213316156693,68.08437092984994,10,2,1
25.063284421581873,2.398626797065012,1,9367.855891111692,2.7537503058550454,46.02274981199158,15,1,0
41.77453781269504,2.7196807921873605,1,55725.53799819993,3.517427217128629,43.378023013626276,70,1,1
43.47419810934814,0.08606630193778553,0,41261.91055425853,2.6847510675132815,14.29660385244555,84,0,1
26.84258945404808,1.3954648582957552,1,84162.58122254413,4.45274355159631,64.57185887679066,38,1,0
31.921800900348455,4.717706134266062,1,82107.07591369475,2.2946722121687357,95.12898859474784,23,0,2
13.235264392064956,2.837699065742223,0,54702.360899615145,8.821957795171357,99.95261288488815,98,1,2
43.74882388085838,3.2934865252559042,1,81106.44842428685,8.983429430491892,108.95222261254496,25,1,1
20.10142833050449,1.0158077823091538,1,93903.94827078356,9.924636140757478,70.6800296751852,92,0,2
29.57814935691183,2.309789547669321,1,65175.69755854755,6.9488764736698085,0.33641103193491784,76,0,1
35.87294299158941,0.6254609632927073,1,53408.253465996415,7.372897960147691,73.78104428637688,5,1,2
21.728331713574924,4.980671766449937,0,97585.95260318344,3.3354003719429604,38.437304864999,18,1,2
11.522667571353988,2.82431099121564,0,113255.75506026034,5.833443421519866,77.17111142161164,37,0,2
39.280713722232505,2.646868289877861,0,48948.807648883034,9.714853307098466,68.1390068767254,3,0,0
34.7005893849964,0.03463289757134114,1,108465.95845972613,6.73646848376582,103.7080707868798,28,0,2
28.091489698727138,3.0363634575282674,1,74911.86822103277,8.481092019974293,0.32687555823827097,8,2,0
17.849207795737097,2.7358467600794603,0,15925.107775825607,5.763421949468684,7.654544155188718,74,0,1
30.17757163183195,4.066141604483721,0,103069.67014985513,2.191088065961224,114.65132539823098,46,0,1
10.012144183278332,1.7440777729146233,0,110913.18815765684,6.2296943252006205,25.28984900738584,62,0,0
18.981284884303054,3.1495909841725074,1,62289.548699569605,9.731613312588962,25.500483579651284,61,0,0
19.95279163448616,4.297383229490587,0,66328.51259827802,9.083413427853847,53.95913180344344,66,0,2
16.965567513804608,1.7916276925768004,1,56882.24904611757,0.45960959073343743,70.08059413568301,43,1,0
35.266739301898525,2.6948755315152346,1,19949.67840418969,1.20639650634922,20.408863433413785,1,0,1
26.81493086314131,3.3011325544781664,0,97414.05399894582,4.04086549097428,44.58921651305564,59,1,1
30.592974620363393,0.8954193695661727,1,85922.58975122517,6.7637967586193115,114.22092333133602,46,0,0
33.73109525915966,0.972927243109176,1,52597.51709750496,8.748492427881091,62.673430845125885,100,1,2
38.643811164644006,0.8246110676319784,1,18935.142361342732,9.315138008962506,82.0936448789785,56,1,2
43.25827307302565,2.016537362420535,1,17537.873153426044,0.4363493539725294,82.95925603668448,38,1,1
23.918028185149534,4.039429541392325,0,46684.8230044621,1.3464340839256304,62.53544656138206,68,0,0
26.813370380894426,4.709632063445949,1,84162.58122254413,4.45274355159631,34.649768100286806,38,1,2
17.03272839801074,3.0482753907643367,1,56882.24904611757,0.5492771745160057,68.09900297025521,43,2,0
22.949560006006024,1.9919549730848933,1,9367.855891111692,2.6909927854723144,46.61438054723021,15,1,0
24.56039387779254,3.276781302080926,1,37579.92869694836,7.962213316156693,23.700747404833866,10,2,1
31.910179066653217,3.094217768853175,1,80149.79406738654,9.883276287114722,102.18391536025928,21,0,0
28.091489698727138,3.2526892917085526,1,62354.075404528034,8.007125569220625,0.3025267828031186,8,2,0
10.509096319920806,1.690223311562821,1,20614.94645004233,7.608831737156773,113.86466087122622,46,0,0
38.243910455745116,0.6254609632927073,1,53408.253465996415,8.086505440186174,73.78104428637688,4,1,2
23.918028185149534,2.2595461191857584,1,50850.374845913524,1.4844343447808706,59.20034456512249,1,0,0
18.981284884303054,3.0483783123901964,1,18039.33103270406,0.21976757329139396,83.84071796539467,61,0,0
22.558034985506374,3.1784713144560763,1,97598.97965159117,1.9375496447225817,107.07074588795695,80,1,1
13.298953346651077,2.82431099121564,0,58972.66390770716,5.833443421519866,77.17111142161164,37,0,2
31.921800900348455,4.722515578513417,1,76382.93354298038,2.1626739793327747,94.91081052342847,23,0,0
34.95166681370695,0.17860591466194697,1,108465.95845972613,6.73646848376582,103.7080707868798,28,0,2
43.74882388085838,3.245501103842092,1,85880.2583878729,7.069343815488903,114.52941068744224,25,1,1
21.757550786728665,1.6013500990852543,0,92767.37923416207,3.3354003719429604,72.43002055237592,9,1,0
30.193501283590333,1.7797157593493462,1,74911.86822103277,8.413373640289965,3.446437763300043,8,1,0
17.95700209736721,2.7676255585381457,1,9367.855891111692,5.934131019531448,48.64896006981102,15,0,0
34.42834432603389,2.573037866068941,1,61867.65459726752,0.8406429809075222,64.79251929282644,25,0,1
18.515969081127405,4.654135379148112,1,61562.429090968006,1.9468451447361064,23.882541857107498,54,0,2
35.87294299158941,1.1842292661416494,1,49795.3144402938,7.372897960147691,72.44142387708693,2,1,2
35.038165954867516,0.9581395823138621,1,65461.19778977579,0.46558614553240285,83.56692503496484,38,0,1
23.72199890162916,3.0467006852255176,1,75056.80999622721,8.845391560027691,75.2384242863958,11,2,1
35.266739301898525,2.6948755315152346,0,19949.67840418969,1.20639650634922,20.408863433413785,3,0,1
43.25827307302565,1.9521105792995275,1,61788.15693119861,9.868563179582338,24.619097919533,38,1,1
43.62101101969324,0.2169374833917872,1,81321.91874326598,8.362151806167528,104.11275450555036,13,0,2
11.570003667851937,1.7916276925768004,1,111138.78894002074,0.45960959073343743,70.08059413568301,43,1,0
30.790613882687566,1.3857152422261703,1,84162.58122254413,4.5847417897303515,64.79003685709682,36,1,2
39.280713722232505,2.138816365594636,0,48948.807648883034,9.714853307098466,61.826416280649376,3,0,0
30.592974620363393,0.9434095532565636,1,81148.77978763911,8.677881611550712,108.6437352479907,46,0,0
13.367208769207586,2.82431099121564,0,79933.89265424293,9.985410885426804,101.19052999270795,37,0,0
14.621755990425491,2.5665330108700477,1,18893.44449584576,5.871373487411605,20.425196509360205,15,0,0
17.95700209736721,2.8431260667820535,1,9367.855891111692,5.934131019531448,49.21017520444125,15,0,0
22.949560006006024,1.9919549730848933,0,9367.855891111692,2.6909927854723144,45.77439829013801,18,1,0
35.281465208428536,1.19504727553027,1,19949.67840418969,1.20639650634922,12.734775351865709,1,0,1
23.918028185149534,1.9180241721646694,1,51271.11424071103,1.580226940203675,59.14369393189849,10,0,1
10.530040663043177,1.6683704527026268,1,20614.94645004233,7.608831737156773,113.86466087122622,46,0,0
23.26861942517194,0.18390585467761272,1,103348.03550815565,1.3097333798094923,114.10765470269706,74,0,0
34.679323423426624,2.5280169176497775,1,81321.91874326598,0.9387397380770834,105.92915123041143,13,0,2
12.480001610559789,3.283687681595287,1,81106.44842428685,5.916983853318703,75.47061592710305,1,1,2
26.84258945404808,1.3954648582957552,1,84110.21929594097,4.393858905232531,64.52731508551703,22,0,0
21.543187427805034,2.016537362420535,1,17537.873153426044,0.10489269449852912,35.09884360821373,38,1,1
23.716855317557908,3.0365074470281623,1,74911.86822103277,8.481092019974293,0.32687555823827097,11,2,0
24.59656607363966,3.276781302080926,1,17388.724023564424,7.962213316156693,92.17065395049251,10,2,1
30.592974620363393,0.8954193695661727,1,85922.58975122517,6.7637967586193115,114.22092333133602,46,2,0
31.84417668590133,3.094217768853175,1,59188.56532084618,5.4421935313574235,78.16449653686118,21,0,2
33.015409109151975,2.402458973564416,1,9794.468281125119,0.8406429809075222,46.006416831402056,25,0,1
25.063284421581873,2.398626797065012,1,9367.855891111692,2.7537503058550454,46.02274981199158,16,1,0
39.280713722232505,2.138816365594636,1,48948.807648883034,9.714853307098466,62.66639853774163,3,0,0
35.8582170850594,2.6840575286327613,1,49795.3144402938,6.523396181192751,72.44142387708693,2,1,2
23.72199890162916,3.2645493708935693,1,62078.27778492497,7.8903327283478895,68.14102156307395,1,2,0
10.861282498001422,2.0058302724997077,1,18769.154773851616,0.4363493539725294,83.21364397005284,38,0,1
32.379234015338376,0.8954144592269324,1,83280.11986382375,6.9493365349285705,104.39588354890802,46,0,2
43.37003180074266,0.2643655208359621,1,60763.05321422735,8.268288224748108,62.97575093037561,25,0,1
42.9082708202566,2.8341098348762572,0,113195.32030876089,7.731508019243725,108.77099308413852,37,0,1
31.921800900348455,4.722515578513417,1,76435.29546958354,2.2215586271399874,94.95535422866197,39,1,0
44.40885478583438,4.955503233303545,0,97585.95260318344,3.7984472294829317,86.29771660870091,9,1,2
28.096633282798386,3.0465566957256227,1,81610.94547415027,9.610950307361547,75.2384242863958,8,2,1
18.945112688468676,3.0483783123901964,1,38230.535788862384,0.19104270695909698,23.415175899849874,61,0,0
28.091489698727138,3.578780004839064,1,62354.075404528034,8.007125569220625,0.3025267828031186,8,0,0
34.857892823605056,1.9180241721646694,1,51271.11424071103,1.5792152932789656,13.496689696169668,10,0,1
26.450596007494134,3.0481330493087344,1,75946.21661245193,8.481092019974293,46.66896779599257,8,0,0
35.87294299158941,0.627041332210793,1,49795.3144402938,7.372897960147691,79.36026902235831,2,1,2
18.282281018125154,2.6763139221039496,1,48948.807648883034,9.714853307098466,63.55744484056799,10,0,0
13.298953346651077,2.82431099121564,1,60694.80973233032,5.833443421519866,76.74250664454114,37,0,2
23.716855317557908,3.0471765461417,1,74938.9481840312,8.481092019974293,0.32687555823827097,11,2,0
39.280713722232505,2.005958292706039,0,49400.046230166125,0.5562570081407987,57.95885218286618,3,0,0
32.03349304427341,3.216362491728801,1,78762.69513311404,7.0710824988937055,113.97890497975783,46,0,0
24.59656607363966,3.276781302080926,1,48954.443827804615,8.929181049699956,92.13838571250466,10,2,2
34.42834432603389,2.5821298894663585,1,63954.37605851614,5.395032693993077,64.79251929282644,30,0,1
25.063284421581873,2.398626797065012,1,9367.855891111692,3.1445469432063318,43.4555483705327,15,1,0
35.081978832117315,3.2526892917085526,1,62354.075404528034,8.0446116662189,0.3025267828031186,8,2,0
35.266739301898525,2.7054629478041905,1,19949.67840418969,1.20639650634922,114.4810226177868,1,0,1
33.99559301849821,2.801712111697378,1,26793.941017343095,1.0966043452022811,101.36485622237878,13,0,0
10.882226841120088,2.0058302724997077,1,18769.154773851616,0.4363493539725294,83.21364397005284,9,0,1
24.34160057016629,1.19504727553027,1,19949.67840418969,1.2074081532739291,58.38241942390717,1,0,1
33.015409109151975,2.3906893817839485,1,8796.231855411934,0.8406429809075222,0.6039522263350534,25,2,1
31.910179066653217,3.0907573527866803,1,80149.79406738654,9.883276287114722,102.18391536025928,26,0,0
38.95547326374783,2.2706299482310266,1,9367.855891111692,6.630370708537065,47.85808653049548,2,0,0
13.541137896016528,3.3611647378412126,0,7669.862027215509,5.934131019531448,58.802370597001726,15,0,0
31.879746655795024,4.711571702982029,1,76355.85357998194,2.1626739793327747,94.14271993595125,23,0,0
10.861282498001422,2.2737941888180515,1,18317.91883522328,9.570292163448794,83.21364397005284,38,0,1
43.74882388085838,0.9725480448135346,1,64932.31980343275,8.754426674238175,107.3127642179476,1,1,1
35.8582170850594,2.6840575286327613,1,15752.088722946177,6.4916735732474375,72.47369211492604,2,1,1
17.95700209736721,2.386862094968105,1,9897.740077838273,1.317617242742179,46.02274981199158,9,0,0
25.063284421581873,2.398626797065012,1,9367.855891111692,2.7537503058550454,46.02274981199158,20,1,0
28.534626200870278,2.573037866068941,1,19320.056879316744,0.8082576161259345,20.408863433413785,28,0,1
10.530040663043177,1.6577830364161845,1,28707.027573557825,7.608831737156773,9.125044511272097,46,0,0
14.621755990425491,2.2735713802310573,1,73421.79992673318,5.71392346686911,20.425196509360205,15,0,2
28.091489698727138,3.578780004839064,1,63840.24563829642,8.007125569220625,0.3025267828031186,37,0,0
