bandwidth,cruise_speed,firm_obstacle,illuminance,obstacle_distance,obstacle_size,power,quality,smoke_intensity
18.16783758934818,0.44335073512968226,0,47572.16554044204,0.1888716851168859,114.87837999419922,3,2,0
18.16783758934818,0.44335073512968226,0,47572.16554044204,0.1888716851168859,114.87837999419922,70,2,0
18.16783758934818,0.44335073512968226,0,47572.16554044204,0.1888716851168859,114.87837999419922,42,2,0
18.16783758934818,0.44335073512968226,0,47572.16554044204,0.1888716851168859,114.87837999419922,64,2,0
18.16783758934818,0.44335073512968226,0,47572.16554044204,0.1888716851168859,114.87837999419922,26,2,0
18.16783758934818,0.44335073512968226,0,47572.16554044204,0.1888716851168859,114.87837999419922,12,2,0
18.16783758934818,0.44335073512968226,0,47572.16554044204,0.1888716851168859,114.87837999419922,61,2,0
18.16783758934818,0.44335073512968226,0,47572.16554044204,0.1888716851168859,114.87837999419922,11,2,0
18.16783758934818,0.44335073512968226,0,47572.16554044204,0.1888716851168859,114.87837999419922,12,2,0
18.16783758934818,0.44335073512968226,0,47572.16554044204,0.1888716851168859,114.87837999419922,65,2,0
18.16783758934818,0.44335073512968226,0,47572.16554044204,0.1888716851168859,114.87837999419922,66,2,0
18.16783758934818,0.44335073512968226,0,47572.16554044204,0.1888716851168859,114.87837999419922,86,2,0
18.16783758934818,0.44335073512968226,0,47572.16554044204,0.1888716851168859,114.87837999419922,44,2,0
18.16783758934818,0.44335073512968226,0,47572.16554044204,0.1888716851168859,114.87837999419922,20,2,0
18.16783758934818,0.44335073512968226,0,47572.16554044204,0.1888716851168859,114.87837999419922,20,2,0
18.16783758934818,0.44335073512968226,0,47572.16554044204,0.1888716851168859,114.87837999419922,22,2,0
18.16783758934818,0.44335073512968226,0,47572.16554044204,0.1888716851168859,114.87837999419922,10,2,0
18.16783758934818,0.44335073512968226,0,47572.16554044204,0.1888716851168859,114.87837999419922,72,2,0
18.16783758934818,0.44335073512968226,0,47572.16554044204,0.1888716851168859,114.87837999419922,77,2,0
18.16783758934818,0.44335073512968226,0,47572.16554044204,0.1888716851168859,114.87837999419922,47,2,0
18.16783758934818,0.44335073512968226,0,47572.16554044204,0.1888716851168859,114.87837999419922,69,2,0
18.16783758934818,0.44335073512968226,0,47572.16554044204,0.1888716851168859,114.87837999419922,41,2,0
18.16783758934818,0.44335073512968226,0,47572.16554044204,0.1888716851168859,114.87837999419922,73,2,0
18.16783758934818,0.44335073512968226,0,47572.16554044204,0.1888716851168859,114.87837999419922,35,2,0
18.16783758934818,0.44335073512968226,0,47572.16554044204,0.1888716851168859,114.87837999419922,48,2,0
18.16783758934818,0.44335073512968226,0,47572.16554044204,0.1888716851168859,114.87837999419922,6,2,0
18.16783758934818,0.44335073512968226,0,47572.16554044204,0.1888716851168859,114.87837999419922,18,2,0
18.16783758934818,0.44335073512968226,0,47572.16554044204,0.1888716851168859,114.87837999419922,45,2,0
18.16783758934818,0.44335073512968226,0,47572.16554044204,0.1888716851168859,114.87837999419922,15,2,0
18.16783758934818,0.44335073512968226,0,47572.16554044204,0.1888716851168859,114.87837999419922,30,2,0
40.69149247935202,1.9453837664530087,0,117181.60807162423,1.4301572602638224,30.84423735673496,48,1,1
40.69149247935202,2.7014890966668395,0,117181.60807162423,1.4301572602638224,30.84423735673496,48,1,1
40.69149247935202,3.4179484603610892,0,117181.60807162423,1.4301572602638224,30.84423735673496,48,1,1
40.69149247935202,3.1237618858911462,0,117181.60807162423,1.4301572602638224,30.84423735673496,48,1,1
40.69149247935202,3.7135222694428593,0,117181.60807162423,1.4301572602638224,30.84423735673496,48,1,1
40.69149247935202,0.09108677889373362,0,117181.60807162423,1.4301572602638224,30.84423735673496,48,1,1
40.69149247935202,3.2712857486606195,0,117181.60807162423,1.4301572602638224,30.84423735673496,48,1,1
40.69149247935202,2.710312743777326,0,117181.60807162423,1.4301572602638224,30.84423735673496,48,1,1
40.69149247935202,4.256705065430941,0,117181.60807162423,1.4301572602638224,30.84423735673496,48,1,1
40.69149247935202,4.695146229480093,0,117181.60807162423,1.4301572602638224,30.84423735673496,48,1,1
40.69149247935202,0.06411559235420361,0,117181.60807162423,1.4301572602638224,30.84423735673496,48,1,1
40.69149247935202,4.141641489949194,0,117181.60807162423,1.4301572602638224,30.84423735673496,48,1,1
40.69149247935202,1.2666194534136022,0,117181.60807162423,1.4301572602638224,30.84423735673496,48,1,1
40.69149247935202,3.1235399483396775,0,117181.60807162423,1.4301572602638224,30.84423735673496,48,1,1
40.69149247935202,3.8220918009246176,0,117181.60807162423,1.4301572602638224,30.84423735673496,48,1,1
40.69149247935202,4.234981120102228,0,117181.60807162423,1.4301572602638224,30.84423735673496,48,1,1
40.69149247935202,4.703014584470181,0,117181.60807162423,1.4301572602638224,30.84423735673496,48,1,1
40.69149247935202,3.17352723684248,0,117181.60807162423,1.4301572602638224,30.84423735673496,48,1,1
40.69149247935202,4.296042689930403,0,117181.60807162423,1.4301572602638224,30.84423735673496,48,1,1
40.69149247935202,2.488493679376282,0,117181.60807162423,1.4301572602638224,30.84423735673496,48,1,1
40.69149247935202,1.1668042479605556,0,117181.60807162423,1.4301572602638224,30.84423735673496,48,1,1
40.69149247935202,0.800289248081566,0,117181.60807162423,1.4301572602638224,30.84423735673496,48,1,1
40.69149247935202,2.4893872248442035,0,117181.60807162423,1.4301572602638224,30.84423735673496,48,1,1
40.69149247935202,3.726767009110999,0,117181.60807162423,1.4301572602638224,30.84423735673496,48,1,1
40.69149247935202,2.2467164147703005,0,117181.60807162423,1.4301572602638224,30.84423735673496,48,1,1
40.69149247935202,3.4063878753326553,0,117181.60807162423,1.4301572602638224,30.84423735673496,48,1,1
40.69149247935202,0.6265772660988833,0,117181.60807162423,1.4301572602638224,30.84423735673496,48,1,1
40.69149247935202,4.858556320362782,0,117181.60807162423,1.4301572602638224,30.84423735673496,48,1,1
40.69149247935202,2.36949292241277,0,117181.60807162423,1.4301572602638224,30.84423735673496,48,1,1
40.69149247935202,4.134181274357438,0,117181.60807162423,1.4301572602638224,30.84423735673496,48,1,1
39.157027462948975,2.3242040960620223,1,15890.548926404135,0.5058403587253235,109.13032886662504,29,0,0
41.22733325728047,2.3242040960620223,1,15890.548926404135,0.5058403587253235,109.13032886662504,29,0,0
25.33051135109079,2.3242040960620223,1,15890.548926404135,0.5058403587253235,109.13032886662504,29,0,0
14.423978421522165,2.3242040960620223,1,15890.548926404135,0.5058403587253235,109.13032886662504,29,0,0
28.212591559312692,2.3242040960620223,1,15890.548926404135,0.5058403587253235,109.13032886662504,29,0,0
23.25178484054011,2.3242040960620223,1,15890.548926404135,0.5058403587253235,109.13032886662504,29,0,0
25.94541561198718,2.3242040960620223,1,15890.548926404135,0.5058403587253235,109.13032886662504,29,0,0
49.69781781721903,2.3242040960620223,1,15890.548926404135,0.5058403587253235,109.13032886662504,29,0,0
22.361092560697024,2.3242040960620223,1,15890.548926404135,0.5058403587253235,109.13032886662504,29,0,0
41.300430672599276,2.3242040960620223,1,15890.548926404135,0.5058403587253235,109.13032886662504,29,0,0
16.654452054871033,2.3242040960620223,1,15890.548926404135,0.5058403587253235,109.13032886662504,29,0,0
33.74759440195823,2.3242040960620223,1,15890.548926404135,0.5058403587253235,109.13032886662504,29,0,0
23.868365022808078,2.3242040960620223,1,15890.548926404135,0.5058403587253235,109.13032886662504,29,0,0
19.695194857995762,2.3242040960620223,1,15890.548926404135,0.5058403587253235,109.13032886662504,29,0,0
25.705071213043826,2.3242040960620223,1,15890.548926404135,0.5058403587253235,109.13032886662504,29,0,0
47.37312617125033,2.3242040960620223,1,15890.548926404135,0.5058403587253235,109.13032886662504,29,0,0
33.1343729716861,2.3242040960620223,1,15890.548926404135,0.5058403587253235,109.13032886662504,29,0,0
30.727012964077485,2.3242040960620223,1,15890.548926404135,0.5058403587253235,109.13032886662504,29,0,0
42.143834964451955,2.3242040960620223,1,15890.548926404135,0.5058403587253235,109.13032886662504,29,0,0
30.148210198588522,2.3242040960620223,1,15890.548926404135,0.5058403587253235,109.13032886662504,29,0,0
14.504936620224683,2.3242040960620223,1,15890.548926404135,0.5058403587253235,109.13032886662504,29,0,0
15.24558695396272,2.3242040960620223,1,15890.548926404135,0.5058403587253235,109.13032886662504,29,0,0
38.73777687985729,2.3242040960620223,1,15890.548926404135,0.5058403587253235,109.13032886662504,29,0,0
28.671570893953287,2.3242040960620223,1,15890.548926404135,0.5058403587253235,109.13032886662504,29,0,0
18.35325666528619,2.3242040960620223,1,15890.548926404135,0.5058403587253235,109.13032886662504,29,0,0
48.675488899472,2.3242040960620223,1,15890.548926404135,0.5058403587253235,109.13032886662504,29,0,0
20.814185518611296,2.3242040960620223,1,15890.548926404135,0.5058403587253235,109.13032886662504,29,0,0
41.310949567724315,2.3242040960620223,1,15890.548926404135,0.5058403587253235,109.13032886662504,29,0,0
22.673832189962923,2.3242040960620223,1,15890.548926404135,0.5058403587253235,109.13032886662504,29,0,0
39.846405550421096,2.3242040960620223,1,15890.548926404135,0.5058403587253235,109.13032886662504,29,0,0
48.96448591558601,3.6424389797572228,0,14134.209687465196,3.1184257402764604,32.91006409103092,66,1,1
48.96448591558601,3.6424389797572228,0,14134.209687465196,3.1184257402764604,32.91006409103092,66,1,1
48.96448591558601,3.6424389797572228,0,14134.209687465196,3.1184257402764604,32.91006409103092,66,2,1
48.96448591558601,3.6424389797572228,0,14134.209687465196,3.1184257402764604,32.91006409103092,66,0,1
48.96448591558601,3.6424389797572228,0,14134.209687465196,3.1184257402764604,32.91006409103092,66,0,1
48.96448591558601,3.6424389797572228,0,14134.209687465196,3.1184257402764604,32.91006409103092,66,2,1
48.96448591558601,3.6424389797572228,0,14134.209687465196,3.1184257402764604,32.91006409103092,66,2,1
48.96448591558601,3.6424389797572228,0,14134.209687465196,3.1184257402764604,32.91006409103092,66,0,1
48.96448591558601,3.6424389797572228,0,14134.209687465196,3.1184257402764604,32.91006409103092,66,2,1
48.96448591558601,3.6424389797572228,0,14134.209687465196,3.1184257402764604,32.91006409103092,66,1,1
48.96448591558601,3.6424389797572228,0,14134.209687465196,3.1184257402764604,32.91006409103092,66,2,1
48.96448591558601,3.6424389797572228,0,14134.209687465196,3.1184257402764604,32.91006409103092,66,2,1
48.96448591558601,3.6424389797572228,0,14134.209687465196,3.1184257402764604,32.91006409103092,66,2,1
48.96448591558601,3.6424389797572228,0,14134.209687465196,3.1184257402764604,32.91006409103092,66,2,1
48.96448591558601,3.6424389797572228,0,14134.209687465196,3.1184257402764604,32.91006409103092,66,2,1
48.96448591558601,3.6424389797572228,0,14134.209687465196,3.1184257402764604,32.91006409103092,66,1,1
48.96448591558601,3.6424389797572228,0,14134.209687465196,3.1184257402764604,32.91006409103092,66,0,1
48.96448591558601,3.6424389797572228,0,14134.209687465196,3.1184257402764604,32.91006409103092,66,2,1
48.96448591558601,3.6424389797572228,0,14134.209687465196,3.1184257402764604,32.91006409103092,66,0,1
48.96448591558601,3.6424389797572228,0,14134.209687465196,3.1184257402764604,32.91006409103092,66,1,1
48.96448591558601,3.6424389797572228,0,14134.209687465196,3.1184257402764604,32.91006409103092,66,2,1
48.96448591558601,3.6424389797572228,0,14134.209687465196,3.1184257402764604,32.91006409103092,66,1,1
48.96448591558601,3.6424389797572228,0,14134.209687465196,3.1184257402764604,32.91006409103092,66,2,1
48.96448591558601,3.6424389797572228,0,14134.209687465196,3.1184257402764604,32.91006409103092,66,0,1
48.96448591558601,3.6424389797572228,0,14134.209687465196,3.1184257402764604,32.91006409103092,66,0,1
48.96448591558601,3.6424389797572228,0,14134.209687465196,3.1184257402764604,32.91006409103092,66,2,1
48.96448591558601,3.6424389797572228,0,14134.209687465196,3.1184257402764604,32.91006409103092,66,1,1
48.96448591558601,3.6424389797572228,0,14134.209687465196,3.1184257402764604,32.91006409103092,66,0,1
48.96448591558601,3.6424389797572228,0,14134.209687465196,3.1184257402764604,32.91006409103092,66,0,1
48.96448591558601,3.6424389797572228,0,14134.209687465196,3.1184257402764604,32.91006409103092,66,2,1
13.747550955816372,0.41140533313626604,0,7946.599075414412,7.472094176241467,54.93673244801953,95,0,2
13.747550955816372,0.41140533313626604,0,10519.510108422377,7.472094176241467,54.93673244801953,95,0,2
13.747550955816372,0.41140533313626604,0,104848.68839254256,7.472094176241467,54.93673244801953,95,0,2
13.747550955816372,0.41140533313626604,0,89967.81941116991,7.472094176241467,54.93673244801953,95,0,2
13.747550955816372,0.41140533313626604,0,11599.658711310632,7.472094176241467,54.93673244801953,95,0,2
13.747550955816372,0.41140533313626604,0,33762.49408311049,7.472094176241467,54.93673244801953,95,0,2
13.747550955816372,0.41140533313626604,0,8457.591084631742,7.472094176241467,54.93673244801953,95,0,2
13.747550955816372,0.41140533313626604,0,112267.40088557666,7.472094176241467,54.93673244801953,95,0,2
13.747550955816372,0.41140533313626604,0,101598.74034737782,7.472094176241467,54.93673244801953,95,0,2
13.747550955816372,0.41140533313626604,0,93221.42080623537,7.472094176241467,54.93673244801953,95,0,2
13.747550955816372,0.41140533313626604,0,83824.57833933954,7.472094176241467,54.93673244801953,95,0,2
13.747550955816372,0.41140533313626604,0,80703.63988842617,7.472094176241467,54.93673244801953,95,0,2
13.747550955816372,0.41140533313626604,0,3976.4065181428286,7.472094176241467,54.93673244801953,95,0,2
13.747550955816372,0.41140533313626604,0,6827.333202121027,7.472094176241467,54.93673244801953,95,0,2
13.747550955816372,0.41140533313626604,0,36136.21172738357,7.472094176241467,54.93673244801953,95,0,2
13.747550955816372,0.41140533313626604,0,69254.49041019275,7.472094176241467,54.93673244801953,95,0,2
13.747550955816372,0.41140533313626604,0,99510.12721898222,7.472094176241467,54.93673244801953,95,0,2
13.747550955816372,0.41140533313626604,0,53146.89708222552,7.472094176241467,54.93673244801953,95,0,2
13.747550955816372,0.41140533313626604,0,29932.38211377808,7.472094176241467,54.93673244801953,95,0,2
13.747550955816372,0.41140533313626604,0,76145.40500162057,7.472094176241467,54.93673244801953,95,0,2
13.747550955816372,0.41140533313626604,0,114227.25994244321,7.472094176241467,54.93673244801953,95,0,2
13.747550955816372,0.41140533313626604,0,58275.62723610387,7.472094176241467,54.93673244801953,95,0,2
13.747550955816372,0.41140533313626604,0,67471.82693689785,7.472094176241467,54.93673244801953,95,0,2
13.747550955816372,0.41140533313626604,0,34816.21882055653,7.472094176241467,54.93673244801953,95,0,2
13.747550955816372,0.41140533313626604,0,90426.65415001108,7.472094176241467,54.93673244801953,95,0,2
13.747550955816372,0.41140533313626604,0,17587.477645535346,7.472094176241467,54.93673244801953,95,0,2
13.747550955816372,0.41140533313626604,0,80360.75679540205,7.472094176241467,54.93673244801953,95,0,2
13.747550955816372,0.41140533313626604,0,26259.08942833115,7.472094176241467,54.93673244801953,95,0,2
13.747550955816372,0.41140533313626604,0,81062.67210818034,7.472094176241467,54.93673244801953,95,0,2
13.747550955816372,0.41140533313626604,0,60259.40907598041,7.472094176241467,54.93673244801953,95,0,2
48.52074746218867,2.184195606027159,0,46251.550186586566,4.810123801498623,54.89503745040084,29,1,0
48.52074746218867,2.184195606027159,0,46251.550186586566,4.810123801498623,54.89503745040084,29,1,2
48.52074746218867,2.184195606027159,0,46251.550186586566,4.810123801498623,54.89503745040084,29,1,0
48.52074746218867,2.184195606027159,0,46251.550186586566,4.810123801498623,54.89503745040084,29,1,1
48.52074746218867,2.184195606027159,0,46251.550186586566,4.810123801498623,54.89503745040084,29,1,0
48.52074746218867,2.184195606027159,0,46251.550186586566,4.810123801498623,54.89503745040084,29,1,2
48.52074746218867,2.184195606027159,0,46251.550186586566,4.810123801498623,54.89503745040084,29,1,2
48.52074746218867,2.184195606027159,0,46251.550186586566,4.810123801498623,54.89503745040084,29,1,1
48.52074746218867,2.184195606027159,0,46251.550186586566,4.810123801498623,54.89503745040084,29,1,0
48.52074746218867,2.184195606027159,0,46251.550186586566,4.810123801498623,54.89503745040084,29,1,0
48.52074746218867,2.184195606027159,0,46251.550186586566,4.810123801498623,54.89503745040084,29,1,2
48.52074746218867,2.184195606027159,0,46251.550186586566,4.810123801498623,54.89503745040084,29,1,2
48.52074746218867,2.184195606027159,0,46251.550186586566,4.810123801498623,54.89503745040084,29,1,0
48.52074746218867,2.184195606027159,0,46251.550186586566,4.810123801498623,54.89503745040084,29,1,2
48.52074746218867,2.184195606027159,0,46251.550186586566,4.810123801498623,54.89503745040084,29,1,1
48.52074746218867,2.184195606027159,0,46251.550186586566,4.810123801498623,54.89503745040084,29,1,2
48.52074746218867,2.184195606027159,0,46251.550186586566,4.810123801498623,54.89503745040084,29,1,0
48.52074746218867,2.184195606027159,0,46251.550186586566,4.810123801498623,54.89503745040084,29,1,2
48.52074746218867,2.184195606027159,0,46251.550186586566,4.810123801498623,54.89503745040084,29,1,1
48.52074746218867,2.184195606027159,0,46251.550186586566,4.810123801498623,54.89503745040084,29,1,0
48.52074746218867,2.184195606027159,0,46251.550186586566,4.810123801498623,54.89503745040084,29,1,2
48.52074746218867,2.184195606027159,0,46251.550186586566,4.810123801498623,54.89503745040084,29,1,2
48.52074746218867,2.184195606027159,0,46251.550186586566,4.810123801498623,54.89503745040084,29,1,2
48.52074746218867,2.184195606027159,0,46251.550186586566,4.810123801498623,54.89503745040084,29,1,0
48.52074746218867,2.184195606027159,0,46251.550186586566,4.810123801498623,54.89503745040084,29,1,1
48.52074746218867,2.184195606027159,0,46251.550186586566,4.810123801498623,54.89503745040084,29,1,0
48.52074746218867,2.184195606027159,0,46251.550186586566,4.810123801498623,54.89503745040084,29,1,2
48.52074746218867,2.184195606027159,0,46251.550186586566,4.810123801498623,54.89503745040084,29,1,0
48.52074746218867,2.184195606027159,0,46251.550186586566,4.810123801498623,54.89503745040084,29,1,1
48.52074746218867,2.184195606027159,0,46251.550186586566,4.810123801498623,54.89503745040084,29,1,1
36.192346827569594,2.4320547958832544,1,100613.90753779211,8.789251606722866,22.759357523256124,72,2,1
36.192346827569594,2.4320547958832544,1,100613.90753779211,8.789251606722866,25.341148757887353,72,2,1
36.192346827569594,2.4320547958832544,1,100613.90753779211,8.789251606722866,69.51084509971462,72,2,1
36.192346827569594,2.4320547958832544,1,100613.90753779211,8.789251606722866,19.369686911428225,72,2,1
36.192346827569594,2.4320547958832544,1,100613.90753779211,8.789251606722866,57.83217452062186,72,2,1
36.192346827569594,2.4320547958832544,1,100613.90753779211,8.789251606722866,83.26712636269929,72,2,1
36.192346827569594,2.4320547958832544,1,100613.90753779211,8.789251606722866,1.877347601001662,72,2,1
36.192346827569594,2.4320547958832544,1,100613.90753779211,8.789251606722866,106.12129785181611,72,2,1
36.192346827569594,2.4320547958832544,1,100613.90753779211,8.789251606722866,90.53601691304326,72,2,1
36.192346827569594,2.4320547958832544,1,100613.90753779211,8.789251606722866,90.22235169833134,72,2,1
36.192346827569594,2.4320547958832544,1,100613.90753779211,8.789251606722866,86.88240830802312,72,2,1
36.192346827569594,2.4320547958832544,1,100613.90753779211,8.789251606722866,115.33999980414812,72,2,1
36.192346827569594,2.4320547958832544,1,100613.90753779211,8.789251606722866,17.30291066780338,72,2,1
36.192346827569594,2.4320547958832544,1,100613.90753779211,8.789251606722866,9.926363465782337,72,2,1
36.192346827569594,2.4320547958832544,1,100613.90753779211,8.789251606722866,88.76582581183153,72,2,1
36.192346827569594,2.4320547958832544,1,100613.90753779211,8.789251606722866,2.1819068802955055,72,2,1
36.192346827569594,2.4320547958832544,1,100613.90753779211,8.789251606722866,75.60346386121805,72,2,1
36.192346827569594,2.4320547958832544,1,100613.90753779211,8.789251606722866,74.83897174595177,72,2,1
36.192346827569594,2.4320547958832544,1,100613.90753779211,8.789251606722866,110.89970682302675,72,2,1
36.192346827569594,2.4320547958832544,1,100613.90753779211,8.789251606722866,11.740840772955483,72,2,1
36.192346827569594,2.4320547958832544,1,100613.90753779211,8.789251606722866,42.252636354076,72,2,1
36.192346827569594,2.4320547958832544,1,100613.90753779211,8.789251606722866,91.16020875290536,72,2,1
36.192346827569594,2.4320547958832544,1,100613.90753779211,8.789251606722866,41.82840887705045,72,2,1
36.192346827569594,2.4320547958832544,1,100613.90753779211,8.789251606722866,34.970335549581975,72,2,1
36.192346827569594,2.4320547958832544,1,100613.90753779211,8.789251606722866,21.531327002383563,72,2,1
36.192346827569594,2.4320547958832544,1,100613.90753779211,8.789251606722866,2.4211297938316623,72,2,1
36.192346827569594,2.4320547958832544,1,100613.90753779211,8.789251606722866,63.48165393163063,72,2,1
36.192346827569594,2.4320547958832544,1,100613.90753779211,8.789251606722866,7.672238179891098,72,2,1
36.192346827569594,2.4320547958832544,1,100613.90753779211,8.789251606722866,56.30239226350301,72,2,1
36.192346827569594,2.4320547958832544,1,100613.90753779211,8.789251606722866,88.03236422461566,72,2,1
43.08520556045018,1.6015408545771566,1,16547.14334759573,4.187340498265366,3.064975368206504,7,1,0
43.08520556045018,1.6015408545771566,1,16547.14334759573,6.082263877734432,3.064975368206504,7,1,0
43.08520556045018,1.6015408545771566,1,16547.14334759573,9.529821723207942,3.064975368206504,7,1,0
43.08520556045018,1.6015408545771566,1,16547.14334759573,1.79587818857323,3.064975368206504,7,1,0
43.08520556045018,1.6015408545771566,1,16547.14334759573,6.4350267643548476,3.064975368206504,7,1,0
43.08520556045018,1.6015408545771566,1,16547.14334759573,6.694787182846032,3.064975368206504,7,1,0
43.08520556045018,1.6015408545771566,1,16547.14334759573,5.087016625967292,3.064975368206504,7,1,0
43.08520556045018,1.6015408545771566,1,16547.14334759573,3.4120968776458938,3.064975368206504,7,1,0
43.08520556045018,1.6015408545771566,1,16547.14334759573,1.6275688584806092,3.064975368206504,7,1,0
43.08520556045018,1.6015408545771566,1,16547.14334759573,3.776146216412337,3.064975368206504,7,1,0
43.08520556045018,1.6015408545771566,1,16547.14334759573,5.53792160943275,3.064975368206504,7,1,0
43.08520556045018,1.6015408545771566,1,16547.14334759573,9.725555093109687,3.064975368206504,7,1,0
43.08520556045018,1.6015408545771566,1,16547.14334759573,2.7340915225562625,3.064975368206504,7,1,0
43.08520556045018,1.6015408545771566,1,16547.14334759573,8.590245930523531,3.064975368206504,7,1,0
43.08520556045018,1.6015408545771566,1,16547.14334759573,7.855572735072749,3.064975368206504,7,1,0
43.08520556045018,1.6015408545771566,1,16547.14334759573,3.671842936122495,3.064975368206504,7,1,0
43.08520556045018,1.6015408545771566,1,16547.14334759573,5.757702789221954,3.064975368206504,7,1,0
43.08520556045018,1.6015408545771566,1,16547.14334759573,0.2673177416148964,3.064975368206504,7,1,0
43.08520556045018,1.6015408545771566,1,16547.14334759573,9.811644473190938,3.064975368206504,7,1,0
43.08520556045018,1.6015408545771566,1,16547.14334759573,4.925403622664906,3.064975368206504,7,1,0
43.08520556045018,1.6015408545771566,1,16547.14334759573,1.53676515486051,3.064975368206504,7,1,0
43.08520556045018,1.6015408545771566,1,16547.14334759573,7.933967553526559,3.064975368206504,7,1,0
43.08520556045018,1.6015408545771566,1,16547.14334759573,8.713925099253956,3.064975368206504,7,1,0
43.08520556045018,1.6015408545771566,1,16547.14334759573,7.36505236153433,3.064975368206504,7,1,0
43.08520556045018,1.6015408545771566,1,16547.14334759573,9.830233856954337,3.064975368206504,7,1,0
43.08520556045018,1.6015408545771566,1,16547.14334759573,2.772718365351261,3.064975368206504,7,1,0
43.08520556045018,1.6015408545771566,1,16547.14334759573,5.536755147648968,3.064975368206504,7,1,0
43.08520556045018,1.6015408545771566,1,16547.14334759573,4.402149424262105,3.064975368206504,7,1,0
43.08520556045018,1.6015408545771566,1,16547.14334759573,6.383880726357099,3.064975368206504,7,1,0
43.08520556045018,1.6015408545771566,1,16547.14334759573,2.8049544657283985,3.064975368206504,7,1,0
28.291372463548328,3.3750094433602786,1,60799.69088408997,8.962184223818785,119.01337381101932,96,1,1
28.291372463548328,3.3750094433602786,1,60799.69088408997,8.962184223818785,119.01337381101932,96,1,1
28.291372463548328,3.3750094433602786,0,60799.69088408997,8.962184223818785,119.01337381101932,96,1,1
28.291372463548328,3.3750094433602786,0,60799.69088408997,8.962184223818785,119.01337381101932,96,1,1
28.291372463548328,3.3750094433602786,0,60799.69088408997,8.962184223818785,119.01337381101932,96,1,1
28.291372463548328,3.3750094433602786,0,60799.69088408997,8.962184223818785,119.01337381101932,96,1,1
28.291372463548328,3.3750094433602786,0,60799.69088408997,8.962184223818785,119.01337381101932,96,1,1
28.291372463548328,3.3750094433602786,1,60799.69088408997,8.962184223818785,119.01337381101932,96,1,1
28.291372463548328,3.3750094433602786,0,60799.69088408997,8.962184223818785,119.01337381101932,96,1,1
28.291372463548328,3.3750094433602786,0,60799.69088408997,8.962184223818785,119.01337381101932,96,1,1
28.291372463548328,3.3750094433602786,1,60799.69088408997,8.962184223818785,119.01337381101932,96,1,1
28.291372463548328,3.3750094433602786,0,60799.69088408997,8.962184223818785,119.01337381101932,96,1,1
28.291372463548328,3.3750094433602786,1,60799.69088408997,8.962184223818785,119.01337381101932,96,1,1
28.291372463548328,3.3750094433602786,1,60799.69088408997,8.962184223818785,119.01337381101932,96,1,1
28.291372463548328,3.3750094433602786,0,60799.69088408997,8.962184223818785,119.01337381101932,96,1,1
28.291372463548328,3.3750094433602786,0,60799.69088408997,8.962184223818785,119.01337381101932,96,1,1
28.291372463548328,3.3750094433602786,0,60799.69088408997,8.962184223818785,119.01337381101932,96,1,1
28.291372463548328,3.3750094433602786,0,60799.69088408997,8.962184223818785,119.01337381101932,96,1,1
28.291372463548328,3.3750094433602786,0,60799.69088408997,8.962184223818785,119.01337381101932,96,1,1
28.291372463548328,3.3750094433602786,1,60799.69088408997,8.962184223818785,119.01337381101932,96,1,1
28.291372463548328,3.3750094433602786,0,60799.69088408997,8.962184223818785,119.01337381101932,96,1,1
28.291372463548328,3.3750094433602786,1,60799.69088408997,8.962184223818785,119.01337381101932,96,1,1
28.291372463548328,3.3750094433602786,1,60799.69088408997,8.962184223818785,119.01337381101932,96,1,1
28.291372463548328,3.3750094433602786,1,60799.69088408997,8.962184223818785,119.01337381101932,96,1,1
28.291372463548328,3.3750094433602786,1,60799.69088408997,8.962184223818785,119.01337381101932,96,1,1
28.291372463548328,3.3750094433602786,0,60799.69088408997,8.962184223818785,119.01337381101932,96,1,1
28.291372463548328,3.3750094433602786,0,60799.69088408997,8.962184223818785,119.01337381101932,96,1,1
28.291372463548328,3.3750094433602786,1,60799.69088408997,8.962184223818785,119.01337381101932,96,1,1
28.291372463548328,3.3750094433602786,1,60799.69088408997,8.962184223818785,119.01337381101932,96,1,1
28.291372463548328,3.3750094433602786,0,60799.69088408997,8.962184223818785,119.01337381101932,96,1,1
39.157027462948975,1.9453837664530087,1,7946.599075414412,4.187340498265366,22.759357523256124,3,1,0
41.22733325728047,2.7014890966668395,1,10519.510108422377,6.082263877734432,25.341148757887353,70,1,2
25.33051135109079,3.4179484603610892,0,104848.68839254256,9.529821723207942,69.51084509971462,42,2,0
14.423978421522165,3.1237618858911462,0,89967.81941116991,1.79587818857323,19.369686911428225,64,0,1
28.212591559312692,3.7135222694428593,0,11599.658711310632,6.4350267643548476,57.83217452062186,26,0,0
23.25178484054011,0.09108677889373362,0,33762.49408311049,6.694787182846032,83.26712636269929,12,2,2
25.94541561198718,3.2712857486606195,0,8457.591084631742,5.087016625967292,1.877347601001662,61,2,2
49.69781781721903,2.710312743777326,1,112267.40088557666,3.4120968776458938,106.12129785181611,11,0,1
22.361092560697024,4.256705065430941,0,101598.74034737782,1.6275688584806092,90.53601691304326,12,2,0
41.300430672599276,4.695146229480093,0,93221.42080623537,3.776146216412337,90.22235169833134,65,1,0
16.654452054871033,0.06411559235420361,1,83824.57833933954,5.53792160943275,86.88240830802312,66,2,2
33.74759440195823,4.141641489949194,0,80703.63988842617,9.725555093109687,115.33999980414812,86,2,2
23.868365022808078,1.2666194534136022,1,3976.4065181428286,2.7340915225562625,17.30291066780338,44,2,0
19.695194857995762,3.1235399483396775,1,6827.333202121027,8.590245930523531,9.926363465782337,20,2,2
25.705071213043826,3.8220918009246176,0,36136.21172738357,7.855572735072749,88.76582581183153,20,2,1
47.37312617125033,4.234981120102228,0,69254.49041019275,3.671842936122495,2.1819068802955055,22,1,2
33.1343729716861,4.703014584470181,0,99510.12721898222,5.757702789221954,75.60346386121805,10,0,0
30.727012964077485,3.17352723684248,0,53146.89708222552,0.2673177416148964,74.83897174595177,72,2,2
42.143834964451955,4.296042689930403,0,29932.38211377808,9.811644473190938,110.89970682302675,77,0,1
30.148210198588522,2.488493679376282,1,76145.40500162057,4.925403622664906,11.740840772955483,47,1,0
14.504936620224683,1.1668042479605556,0,114227.25994244321,1.53676515486051,42.252636354076,69,2,2
15.24558695396272,0.800289248081566,1,58275.62723610387,7.933967553526559,91.16020875290536,41,1,2
38.73777687985729,2.4893872248442035,1,67471.82693689785,8.713925099253956,41.82840887705045,73,2,2
28.671570893953287,3.726767009110999,1,34816.21882055653,7.36505236153433,34.970335549581975,35,0,0
18.35325666528619,2.2467164147703005,1,90426.65415001108,9.830233856954337,21.531327002383563,48,0,1
48.675488899472,3.4063878753326553,0,17587.477645535346,2.772718365351261,2.4211297938316623,6,2,0
20.814185518611296,0.6265772660988833,0,80360.75679540205,5.536755147648968,63.48165393163063,18,1,2
41.310949567724315,4.858556320362782,1,26259.08942833115,4.402149424262105,7.672238179891098,45,0,0
22.673832189962923,2.36949292241277,1,81062.67210818034,6.383880726357099,56.30239226350301,15,0,1
39.846405550421096,4.134181274357438,0,60259.40907598041,2.8049544657283985,88.03236422461566,30,2,1
20.850053771243456,0.6265772660988833,0,83833.77801203172,4.39752670258794,63.48165393163063,17,1,2
25.94541561198718,3.2712857486606195,0,8457.591084631742,5.087016625967292,2.226758098033784,30,2,2
33.67930528802397,4.141641489949194,0,80828.82906087762,4.43377862119727,115.33999980414812,86,2,2
39.27986353208035,2.496243338091859,1,70853.68252350957,8.711632156071962,9.926363465782337,14,2,2
42.143834964451955,0.2585117288598715,0,29932.38211377808,9.809940365531421,110.89970682302675,77,2,2
22.39374163695592,3.730067817314671,1,12113.454262426505,6.625662841096639,56.35799350298042,10,0,0
24.934719668983433,3.8220918009246176,0,37514.344308499945,7.855572735072749,88.76582581183153,20,2,0
46.515004194617156,4.234981120102228,0,69254.49041019275,3.688692451501107,5.27968089992644,22,1,2
48.66026941401023,3.3577644907655366,0,17587.477645535346,2.7919475685160324,41.74982597894606,12,2,0
30.262475536038302,3.153180279504282,0,110513.22226991049,0.2673177416148964,76.42008246582112,72,2,2
22.08574723487833,3.4179484603610892,0,60511.53549731393,8.819629762926876,89.99587008906796,42,1,0
41.027746593127105,4.695146229480093,0,93221.42080623537,3.8240768965356895,109.58814410435039,65,1,0
29.35780010660517,2.488493679376282,1,76370.6784449894,4.84321647120362,4.095240149332971,46,1,0
41.22733325728047,4.8185214583803875,1,26489.72359276622,4.132464633507105,8.106862567502365,65,1,2
23.868365022808078,1.3296716964142257,1,92558.29828098795,2.7340915225562625,22.02041835780721,45,2,0
16.618583802250384,0.06411559235420361,1,57860.371094277994,5.536685947424831,86.88240830802312,67,2,2
40.063956752559335,4.134181274357438,0,60259.40907598041,2.8049544657283985,88.55187841642947,61,2,1
39.22531657688214,1.9453837664530087,1,7875.303451094405,9.460769123993451,22.759357523256124,3,1,0
19.153119624115675,3.116683835092021,1,3817.9999683778806,8.592538873705523,41.82840887705045,79,2,2
23.25178484054011,4.163720988485053,0,32802.47369005278,6.687834230948647,83.26712636269929,12,0,1
28.4926821123206,2.4211599051553363,0,81062.67210818034,6.437688840676983,45.65180851409463,27,0,1
33.90472451575733,4.703014584470181,0,99510.12721898222,5.757702789221954,75.60346386121805,10,0,1
12.560198851881164,3.1237618858911462,0,89967.81941116991,2.0877079433874512,3.123334415534128,69,0,1
14.333048023584514,1.215427975163304,0,114227.25994244321,1.5175359517902591,3.024522976617508,63,2,2
49.74098835596141,2.730659701115524,1,47810.60819736929,3.4120968776458938,103.43495107290067,20,0,1
15.24558695396272,0.800289248081566,1,102612.56352132712,9.50776169143594,70.67518376326623,41,2,2
28.671570893953287,3.726767009110999,1,29755.963542417572,7.317121653409184,34.970335549581975,35,0,0
22.065236152542198,4.256705065430941,0,101373.46666586451,1.7097568388193696,92.03760890579905,12,2,0
41.310949567724315,2.8313899181731257,1,21195.872775339183,6.351948668485261,24.906536267368743,45,0,0
18.35325666528619,2.226839872873685,1,2810.959031013088,9.830233856954337,16.81381931237974,48,0,1
39.36025300497612,1.9099056079068204,1,6162.526285733657,8.700902099910012,10.20451322124907,14,2,2
41.310949567724315,2.7484000376896303,1,21195.872775339183,6.396080222692655,24.906536267368743,45,0,0
23.25178484054011,4.163720988485053,0,32488.08990133673,6.687834230948647,83.26712636269929,12,0,1
49.74098835596141,2.730659701115524,1,47810.60819736929,3.476798385211203,103.43495107290067,20,0,1
23.25178484054011,0.09108677889373362,0,33762.49408311049,6.694787182846032,88.13394893118345,12,2,1
29.35780010660517,2.488493679376282,1,76475.37120989889,4.84321647120362,4.346471025157019,28,1,0
49.69781781721903,2.6547807646701282,1,109549.4645616789,3.225661656838059,106.12129785181611,12,0,0
16.618583802250384,0.06411559235420361,1,57860.371094277994,5.536685947424831,86.88240830802312,73,2,1
23.575254462370623,1.3889362303060215,1,3976.4065181428286,3.288750034294135,32.8907000117048,44,2,0
17.708657191534414,1.7851002143720422,1,12184.449678923671,9.835481168889677,55.839276337246986,48,0,0
33.08297284700601,3.8220918009246176,0,35030.09199995721,7.775913170080236,88.76582581183153,23,0,0
28.671570893953287,3.649572059336491,1,34816.21882055653,3.014971767102474,41.72552071969163,12,0,0
19.695194857995762,3.123128156813648,1,6827.333202121027,8.590245930523531,9.926363465782337,20,2,2
22.673832189962923,2.3687285162379244,1,81062.67210818034,7.757975792243764,56.30239226350301,20,2,1
33.90472451575733,4.703014584470181,1,99510.12721898222,9.72481361676801,23.399289368683,11,0,1
39.22047225358839,2.5317214966380472,1,81201.01836673291,9.471499163769403,22.99037192869391,3,1,0
41.310949567724315,4.919994981754635,1,26259.08942833115,4.358017870053353,7.672238179891098,45,0,0
27.846703773201757,3.3703284189759564,0,11914.044918306536,6.4350267643548476,57.83217452062186,26,0,0
20.814185518611296,0.6265772660988833,0,80360.75679540205,5.5327981727766335,63.48165393163063,24,1,2
35.13514580853366,4.134181274357438,0,55772.784718150506,2.8049544657283985,83.1655416561315,30,2,2
28.4926821123206,2.4211599051553363,0,88359.01329744521,6.208469981327262,44.929908909425265,45,0,1
39.157027462948975,1.8231161459260128,1,10091.028091681497,4.373775719073205,22.759357523256124,3,1,1
12.560198851881164,3.1237618858911462,0,89967.81941116991,2.0877079433874512,6.173061971499113,64,0,2
28.71075406909339,3.6044502495090995,1,29755.963542417572,7.317121653409184,17.50541709419545,35,0,0
22.433152006841716,3.769887883897728,1,2740.0928564097785,6.625662841096639,17.332568333324033,10,0,1
28.61707337239866,4.703014584470181,0,100801.82177745631,5.837362353658177,75.60346386121805,11,2,0
48.66026941401023,3.337477950049024,0,17587.477645535346,7.142028042904037,34.99464080883641,29,2,0
48.675488899472,3.4067996668586846,0,17587.477645535346,2.2047562472374436,4.234105858772228,6,2,0
25.705071213043826,3.819863932571935,0,36136.21172738357,6.544728629373228,88.76582581183153,15,0,1
18.35325666528619,2.2467164147703005,0,90426.65415001108,5.844999377132806,73.73556823448276,48,0,1
31.453853973945577,4.017911380831878,1,99510.12721898222,9.78157579536541,82.7011001845098,12,0,1
22.433152006841716,3.76694680694077,1,2740.0928564097785,6.942326025715667,15.861365945658173,10,0,1
41.346724496675584,2.8341947274428003,1,21195.872775339183,3.4187073136665704,24.906536267368743,45,0,0
19.551861503141108,1.9747561662330453,1,7946.599075414412,4.187340498265366,18.15317215299678,3,1,0
25.705071213043826,3.7950829801644743,0,36136.21172738357,7.855572735072749,89.86838805578981,10,2,1
40.34757743682046,2.7534396891871658,1,81062.67210818034,6.383880726357099,56.01117742071089,15,0,0
39.15403035163694,1.8231161459260128,1,7646.237961828153,4.373775719073205,25.70515667810441,3,1,1
39.22510282284994,3.8232332433487843,1,6277.768629501143,8.700902099910012,10.20451322124907,14,2,0
29.25045896054025,1.9322247750633355,1,32836.228697683895,3.7734058065784013,42.592570541101544,12,0,0
23.868365022808078,1.2666194534136022,1,399.09880544914495,3.214137654142144,17.30291066780338,44,2,0
28.98871340907056,3.1491262625516794,1,29755.963542417572,7.317121653409184,17.50541709419545,20,0,0
16.618583802250384,0.06411559235420361,1,57860.371094277994,5.536685947424831,86.88240830802312,67,0,2
23.25178484054011,4.163720988485053,0,26650.946954224713,6.687834230948647,81.11585143094038,12,0,1
41.310949567724315,4.706925449418878,1,24351.11029667219,3.4454800282631224,104.6348680994949,45,0,0
38.844309859163396,2.5317214966380472,1,81201.01836673291,9.471499163769403,22.99037192869391,3,0,0
23.591999723115993,4.75377082591139,0,33220.85803103956,6.62135798014239,29.298759226944405,11,0,1
28.681270000986046,3.729708086067957,1,29755.963542417572,7.317121653409184,27.794259672469245,39,0,0
49.92834120600946,2.7278548918458494,1,47810.60819736929,6.345338232575159,96.63270823018811,20,0,1
39.22615801108434,0.6271223401104972,0,80360.75679540205,5.536755147648968,63.48165393163063,18,1,2
33.1343729716861,4.730007380796925,0,99510.12721898222,5.757702789221954,75.60346386121805,20,0,0
23.637197698858404,2.364453270915235,1,21195.872775339183,6.396080222692655,25.197751230068633,45,0,1
39.22831368819417,2.180244559097196,1,10320.093580947752,9.460769123993451,12.45492510574277,3,1,0
33.21812302912726,1.9087640843324878,0,34916.41320784873,7.775913170080236,88.76582581183153,23,0,2
17.141293975206118,3.5024474848552076,1,14164.442306035693,9.032962568150158,54.97222651583708,48,0,0
19.41723552469206,3.5784521437710675,1,6827.333202121027,8.442329571545557,9.926363465782337,35,2,2
18.35325666528619,2.226839872873685,1,195.21621762092673,9.830233856954337,16.69722330784452,48,2,1
23.25178484054011,0.09108677889373362,0,33812.95989827564,6.694787182846032,88.21026613049472,12,2,1
49.69781781721903,2.8578070614690536,1,113893.645581733,4.3687662736448765,9.281046831045927,11,0,1
40.52063047650238,4.919994981754635,1,26259.08942833115,4.358017870053353,7.672238179891098,52,1,0
23.09221415590038,1.9653471357246586,1,7829.800800034893,2.7340915225562625,17.220905600592857,45,1,0
22.39374163695592,4.149515355481887,1,33080.29550911856,6.685563174899943,56.35799350298042,10,0,1
40.073722833681394,1.8346689285985422,1,7875.303451094405,9.438399539058643,22.759357523256124,3,1,0
12.208806619662443,3.818500897353797,1,6277.768629501143,9.834249823133586,10.20451322124907,14,2,1
39.157027462948975,1.8424460943084722,1,7132.2952397137415,6.318982663159002,24.93755808921406,14,1,1
23.305698875208506,2.380054992058437,1,21195.872775339183,6.208575396604777,25.197751230068633,45,0,1
39.443498279206466,3.7107082231177446,1,29576.319540706405,7.317121653409184,34.970335549581975,35,0,0
22.433152006841716,3.769887883897728,1,654.7654542145601,6.625662841096639,17.332568333324033,10,0,1
20.940298349519153,4.732303516364591,1,99504.8299447122,9.792842448576886,32.91707907296838,11,0,2
38.82549416910162,3.860354377593786,1,77909.14246445334,4.1894056954775944,22.99037192869391,3,0,0
34.36743282286589,3.1423046301659716,1,30977.056561092104,7.295413490519191,75.60346386121805,20,0,0
29.25045896054025,1.9457242837508573,1,32836.228697683895,3.7734058065784013,24.491443187374152,46,0,0
39.39333156206864,2.5317214966380472,1,81201.01836673291,9.471499163769403,22.99037192869391,7,1,0
29.255008025120816,1.9693628182733538,1,34816.21882055653,3.026692954164373,41.72552071969163,12,0,0
40.34757743682046,2.7534396891871658,1,80958.14627625476,6.4552400365341995,56.01117742071089,62,0,0
49.74098835596141,1.2741196235659378,1,3015.1493512603993,3.019116166595078,103.43495107290067,44,0,1
22.508260856312077,3.7442734503177704,0,11835.635327159454,6.627933897145344,77.7141763910338,12,0,0
39.260940291638136,2.231572206316532,1,2810.959031013088,8.696553446672082,10.478773624865712,48,0,0
40.85154078926175,2.812059969790983,1,21195.872775339183,4.406741724398968,4.411659868603451,45,0,0
49.58475495240752,2.6947110226341233,1,112267.40088557666,3.4120968776458938,106.12129785181611,16,0,1
28.45638629398676,2.196303341017721,1,10499.740464768232,9.460769123993451,12.45492510574277,5,1,0
17.708657191534414,1.7851002143720422,1,12386.375299282312,9.835481168889677,55.839276337246986,48,0,0
33.778611717836995,0.5864888463046136,0,80366.05406632357,5.621857007757379,59.502962426371425,18,1,1
41.32976525778609,2.4309771060185543,1,26119.80732504864,9.621980250553625,7.672238179891098,45,0,0
28.919669945380157,4.709657221421643,0,78250.41640562829,5.7794109521109105,17.50541709419545,7,0,0
41.310949567724315,2.734900529002116,1,21195.872775339183,6.396080222692655,43.00766362154829,11,0,0
22.260292064998357,3.76694680694077,1,2740.0928564097785,6.942326025715667,15.861365945658173,10,0,1
39.62363554432414,3.6255930011416573,1,7946.599075414412,3.738346090490067,24.609002698881397,3,1,0
16.618583802250384,0.06411559235420361,1,57964.89692618234,5.465326637247731,86.88240830802312,20,2,2
23.868365022808078,2.723159533333837,1,52384.408262302895,2.739648610434287,10.19499415316944,20,2,0
28.671570893953287,2.5403704765748536,1,29755.963542417572,7.317121653409184,35.17733013584334,37,0,0
39.157027462948975,1.9453837664530087,1,7946.599075414412,4.187340498265366,22.759357523256124,3,1,0
41.22733325728047,2.7014890966668395,1,10519.510108422377,6.082263877734432,25.341148757887353,70,1,2
25.33051135109079,3.4179484603610892,0,104848.68839254256,9.529821723207942,69.51084509971462,42,2,0
14.423978421522165,3.1237618858911462,0,89967.81941116991,1.79587818857323,19.369686911428225,64,0,1
28.212591559312692,3.7135222694428593,0,11599.658711310632,6.4350267643548476,57.83217452062186,26,0,0
23.25178484054011,0.09108677889373362,0,33762.49408311049,6.694787182846032,83.26712636269929,12,2,2
25.94541561198718,3.2712857486606195,0,8457.591084631742,5.087016625967292,1.877347601001662,61,2,2
49.69781781721903,2.710312743777326,1,112267.40088557666,3.4120968776458938,106.12129785181611,11,0,1
22.361092560697024,4.256705065430941,0,101598.74034737782,1.6275688584806092,90.53601691304326,12,2,0
41.300430672599276,4.695146229480093,0,93221.42080623537,3.776146216412337,90.22235169833134,65,1,0
16.654452054871033,0.06411559235420361,1,83824.57833933954,5.53792160943275,86.88240830802312,66,2,2
33.74759440195823,4.141641489949194,0,80703.63988842617,9.725555093109687,115.33999980414812,86,2,2
23.868365022808078,1.2666194534136022,1,3976.4065181428286,2.7340915225562625,17.30291066780338,44,2,0
19.695194857995762,3.1235399483396775,1,6827.333202121027,8.590245930523531,9.926363465782337,20,2,2
25.705071213043826,3.8220918009246176,0,36136.21172738357,7.855572735072749,88.76582581183153,20,2,1
47.37312617125033,4.234981120102228,0,69254.49041019275,3.671842936122495,2.1819068802955055,22,1,2
33.1343729716861,4.703014584470181,0,99510.12721898222,5.757702789221954,75.60346386121805,10,0,0
30.727012964077485,3.17352723684248,0,53146.89708222552,0.2673177416148964,74.83897174595177,72,2,2
42.143834964451955,4.296042689930403,0,29932.38211377808,9.811644473190938,110.89970682302675,77,0,1
30.148210198588522,2.488493679376282,1,76145.40500162057,4.925403622664906,11.740840772955483,47,1,0
14.504936620224683,1.1668042479605556,0,114227.25994244321,1.53676515486051,42.252636354076,69,2,2
15.24558695396272,0.800289248081566,1,58275.62723610387,7.933967553526559,91.16020875290536,41,1,2
38.73777687985729,2.4893872248442035,1,67471.82693689785,8.713925099253956,41.82840887705045,73,2,2
28.671570893953287,3.726767009110999,1,34816.21882055653,7.36505236153433,34.970335549581975,35,0,0
18.35325666528619,2.2467164147703005,1,90426.65415001108,9.830233856954337,21.531327002383563,48,0,1
48.675488899472,3.4063878753326553,0,17587.477645535346,2.772718365351261,2.4211297938316623,6,2,0
20.814185518611296,0.6265772660988833,0,80360.75679540205,5.536755147648968,63.48165393163063,18,1,2
41.310949567724315,4.858556320362782,1,26259.08942833115,4.402149424262105,7.672238179891098,45,0,0
22.673832189962923,2.36949292241277,1,81062.67210818034,6.383880726357099,56.30239226350301,15,0,1
39.846405550421096,4.134181274357438,0,60259.40907598041,2.8049544657283985,88.03236422461566,30,2,1
33.1343729716861,1.3005692219683376,1,99521.93158907637,5.757702789221954,74.97750019229655,49,0,0
45.19954770937495,0.7225833769175285,0,31996.63668644518,5.556617728111613,112.15353327656246,19,0,1
39.203635104000305,4.695146229480093,0,93722.48540998319,4.190886114952341,90.22235169833134,65,1,0
41.310949567724315,4.858556320362782,1,26259.08942833115,4.402149424262105,75.01736050064798,42,0,0
18.565544076003714,2.4893872248442035,1,6514.553183318883,8.715486434933592,43.5164659325182,73,2,2
22.641894651501012,3.725855097648669,0,100875.81439056133,7.528372288457847,34.970335549581975,12,0,0
31.790860535419725,3.845431800434516,1,62464.395023414836,4.9797273326127405,11.740840772955483,47,1,0
25.966141496003218,2.694616361730541,1,78446.9540289557,5.0642147279697465,1.900669197809627,56,2,2
23.656051862597437,2.3533284996642205,1,81062.67210818034,6.070634350118863,56.30239226350301,15,0,1
13.70704864201323,3.1237618858911462,0,89967.81941116991,1.79587818857323,19.369686911428225,26,0,1
42.34942241319241,3.492238830440876,1,10519.510108422377,9.547354243499242,68.55188153767239,70,2,2
34.046975362938085,4.104057884761708,0,82176.18376879486,9.773159202988476,116.61456612273618,69,2,2
23.868365022808078,1.2666194534136022,1,1459.9488648146685,3.0290117790145716,3.1756148354894362,44,2,0
39.913657242384744,4.134181274357438,0,60259.40907598041,3.2911403415942937,88.03236422461566,30,2,1
23.58500355326246,0.09108677889373362,0,68780.48651350016,3.6985973497798295,1.1740839689658813,12,2,2
18.35325666528619,4.664182129654968,0,90414.8497799167,9.830233856954337,22.157360704155458,6,0,1
21.482442850527782,4.200230188749279,0,79295.56362575953,9.773512372421095,62.212341304206035,75,1,2
41.253823031547945,1.9112994270114274,1,6257.801976467388,5.427791979438213,22.759357523256124,3,1,0
30.727012964077485,3.17352723684248,0,53146.89708222552,0.2673177416148964,7.539481233775206,75,2,2
39.86746226657161,3.1235399483396775,1,67837.70231931971,8.588684594843894,9.926363465782337,20,2,2
28.390768803150067,4.257616976888484,1,35538.24622330115,1.464512984758977,90.53601691304326,35,2,0
25.705071213043826,2.278342027199429,0,36136.21172738357,7.801249001198125,80.12081445540448,20,2,1
16.97913189093286,0.1934774985025982,0,8457.591084631742,5.560723507430296,87.92859187814479,61,2,2
48.38160886157809,2.710312743777326,1,112267.40088557666,1.5418496291049477,106.12129785181611,11,0,1
29.14831180223497,3.7135222694428593,0,10761.526316912576,6.571436866503881,57.83217452062186,70,0,0
24.48398006612713,2.1219986469152703,0,104848.68839254256,6.063151747430493,26.300115544204015,42,1,0
15.37437885169224,0.4058474296372516,0,112750.51185151,1.53676515486051,40.46296672860226,84,2,2
48.675488899472,3.4063878753326553,0,17188.509976853748,2.7359459438615272,16.550736958247672,6,2,0
15.24558695396272,0.6424360422560588,1,58275.62723610387,7.658115125066486,91.16020875290536,41,1,2
47.02409034077964,4.234981120102228,0,34236.49800111502,6.66803276890538,86.34755668848214,22,1,2
33.8303278713866,2.3502691849818036,1,76145.40500162057,4.925403622664906,10.19305433356172,47,0,1
45.19954770937495,0.7225833769175285,0,31996.63668644518,5.556617728111613,112.15353327656246,23,0,1
28.212591559312692,3.7135222694428593,0,11599.658711310632,6.4350267643548476,22.011682621811122,3,0,0
25.705071213043826,2.278342027199429,1,110508.99886372684,7.801249001198125,80.12081445540448,17,2,1
41.12006929206206,1.9112994270114274,1,14242.188430785201,5.378334234988808,22.759357523256124,3,1,0
14.326820599867737,0.800289248081566,1,58275.62723610387,7.933967553526559,44.87800494061369,41,1,2
20.814185518611296,3.7826912429391895,0,78096.32260269139,5.54075425679924,63.48165393163063,16,1,2
13.70704864201323,3.1364988313641837,0,33692.90604859294,1.79587818857323,19.369686911428225,27,0,1
18.449693435263118,2.23469335765024,0,90086.32420580438,7.855572735072749,87.55206483528185,47,0,1
38.424256698673226,3.0031127233458688,1,74491.30779756469,9.825378229246638,12.586238377958557,20,2,2
32.52382826287742,4.703014584470181,0,99510.12721898222,5.775291568977883,75.60346386121805,12,0,0
41.310949567724315,4.858556320362782,1,27343.374318994633,7.442191998492096,7.672238179891098,45,0,2
41.310949567724315,4.858556320362782,1,26259.08942833115,4.402149424262105,56.948891676054394,21,0,0
23.25178484054011,0.09108677889373362,0,33800.55815191314,6.694787182846032,83.24607553540437,26,2,0
22.361092560697024,4.256705065430941,0,101056.83013134023,1.6275688584806092,90.53601691304326,11,2,0
23.656051862597437,2.4915529940586985,1,81062.67210818034,6.070634350118863,55.64165785589556,12,1,0
19.695194857995762,3.478680881519662,1,6827.333202121027,8.590245930523531,9.926363465782337,20,2,2
39.157027462948975,1.9453837664530087,1,8455.593453798994,4.187340498265366,50.34321407062574,26,1,0
48.38160886157809,2.710312743777326,0,37834.95836115118,1.5418496291049477,106.12129785181611,10,0,1
15.161483879667635,0.4058474296372516,0,104829.02666502766,0.5331728970049789,41.191903578913,84,2,2
15.423702974319667,1.1668042479605556,0,114227.25994244321,1.179376938547877,88.53483760495286,69,2,2
28.502467446312025,0.87983793300781,1,34332.44418458705,7.024356483683764,34.970335549581975,35,0,0
47.02409034077964,4.22224415828462,0,90511.40285020613,6.66803276890538,86.34755668848214,22,1,2
25.608634443713647,3.861022249191902,1,36476.53643685377,9.830233856954337,21.531327002383563,21,2,1
19.170217912344505,4.75201384073715,0,93453.13695076149,8.593135692903129,9.253944006867068,6,0,1
22.641894651501012,3.725855097648669,0,100875.81439056133,8.429056767415952,35.928226343417506,10,0,0
15.24558695396272,0.6424360422560588,1,58275.62723610387,4.6180725226434,91.16020875290536,41,1,0
22.673832189962923,2.36949292241277,1,81062.67210818034,6.383880726357099,74.37086108809645,42,0,1
28.99509410024516,4.16285526065668,1,28680.973673178403,1.464512984758977,90.55706774033817,13,2,2
48.65155074094389,3.4063878753326553,0,18490.85163850257,2.7359459438615272,16.550736958247672,7,2,0
45.18304549308782,4.594724359222877,1,26259.08942833115,5.556140988118188,8.09352851262701,23,0,0
25.608634443713647,3.861022249191902,1,36218.93654378858,9.819811217708528,24.7294391900844,28,2,1
15.24558695396272,0.5041987622772265,0,53584.718727275365,7.656101131188009,35.49153141057569,41,1,0
29.190084024961,2.3533284996642205,1,82166.70590163869,7.365825094663772,56.30239226350301,36,0,0
15.286778208561325,0.7111027503036775,0,36136.21172738357,7.86599932942488,90.97126916815354,41,2,1
48.38160886157809,1.9812028651977978,0,40779.7755828361,4.995680826256368,27.881601070490213,14,0,1
15.24558695396272,0.800289248081566,1,59116.02076429241,4.293259691677096,75.88929944162805,41,0,0
27.66885748155187,4.703014584470181,1,99510.12721898222,5.775291568977883,81.36341520966873,8,0,0
43.35361070787519,0.6617479102240962,0,31996.63668644518,5.556617728111613,20.16602887584137,11,0,1
26.286560541172665,0.1032038947527138,0,31685.30018763092,6.694787182846032,83.26712636269929,12,2,2
22.361092560697024,4.256705065430941,1,101598.74034737782,8.55127241217935,90.53601691304326,20,2,0
28.390768803150067,2.3335138478405666,1,78708.67644759052,1.464512984758977,90.53601691304326,35,2,0
41.57025501639229,0.7225833769175285,0,37328.21608637006,4.402626164255529,111.74092440080928,45,0,1
15.161483879667635,0.40705981815319314,0,96428.35099928254,0.4585970684565197,41.794690791044516,82,2,2
39.157027462948975,2.324983481080686,1,3942.682899765072,4.187340498265366,50.34321407062574,13,1,0
22.641894651501012,3.725855097648669,1,100875.81439056133,4.490343638133564,90.63900431538065,12,0,0
23.137538731590144,3.726767009110999,1,34816.21882055653,6.069861616989312,34.970335549581975,14,0,1
25.663882373346535,3.7536269611400748,1,58275.62723610387,7.647688530714356,88.95476539658334,16,1,2
41.253823031547945,2.640409305590962,1,1431.6892036382797,1.9739648998298296,100.98859950118663,1,1,0
41.310949567724315,4.859207276067087,1,25418.696238810357,8.0428562660425,90.28826981191914,44,1,2
23.656051862597437,2.4915529940586985,0,81062.67210818034,6.070634350118863,55.64165785589556,12,1,0
39.157027462948975,1.9453837664530087,1,7946.599075414412,4.187340498265366,21.009293677969726,3,1,0
14.75796639188438,4.714855285641718,0,90293.13042979404,9.830233856954337,113.83367103657557,19,0,1
23.428830320470297,0.8681547883946991,1,34337.8006647745,7.024356483683764,34.970335549581975,27,0,0
19.695194857995762,3.478680881519662,0,6827.333202121027,1.6663076505894332,9.926363465782337,7,2,2
22.673832189962923,4.14778322012872,1,37892.2419967789,6.383880726357099,56.30239226350301,15,0,1
44.99045277447284,0.5773928792217211,1,35239.27556501052,9.753561507045983,112.15353327656246,19,0,1
19.695194857995762,3.478680881519662,1,57890.28910862183,8.590245930523531,9.926363465782337,41,2,2
25.608634443713647,3.861022249191902,0,32029.379234850712,5.722031919970783,14.907485969810303,21,2,1
15.24558695396272,0.6424360422560588,1,14356.887590729655,7.687771794443836,91.16020875290536,20,1,2
48.168831027431686,1.982326239588156,0,40779.7755828361,4.995680826256368,28.84279193062505,14,0,1
39.157027462948975,1.9453837664530087,1,7946.599075414412,3.1246585386884878,22.720610859477592,3,1,0
23.54812063569385,2.353841359870937,1,81062.67210818034,6.539093933436845,57.59541124451309,1,0,1
29.190465340761747,0.09108677889373362,0,33762.49408311049,6.694787182846032,56.41117572953495,30,2,2
15.24558695396272,0.6424360422560588,1,14356.887590729655,7.934131837318057,91.16020875290536,20,1,2
13.007114404178493,3.7536269611400748,1,58275.62723610387,7.647688530714356,89.08530701321754,16,1,0
25.46306522447849,1.9453837664530087,1,9168.502476826336,4.154758758751132,12.791557146908097,18,1,0
21.4767969882364,2.4915529940586985,1,81062.67210818034,5.488074872701064,55.64165785589556,2,1,1
19.231219951864766,3.725855097648669,0,100068.01126588555,7.528372288457847,88.4528625589627,20,0,0
39.949968577485336,2.324983481080686,1,3942.682899765072,7.328353994309614,50.43490940584351,35,0,0
23.099331750527018,3.726767009110999,0,34816.21882055653,6.472101835438848,58.218032644913016,29,0,1
22.393052619467703,4.318497660153635,0,101006.63881398835,6.070634350118863,56.87811341980762,12,2,0
27.664199270069606,4.858556320362782,1,26259.08942833115,4.402149424262105,81.56253990558126,21,0,0
48.04803966429354,2.6969528863932064,0,81062.67210818034,1.0632340519191912,56.30239226350301,10,0,1
23.39039307015379,4.4910788730480755,1,34337.8006647745,7.024356483683764,35.147377670245085,27,0,0
28.212591559312692,3.7123988824358625,0,11599.658711310632,6.4350267643548476,21.050491761676316,11,0,0
39.157027462948975,1.9453837664530087,1,7946.599075414412,4.187340498265366,21.04804034174826,3,1,0
41.532127137918195,2.6398964453842457,1,3321.340711632786,1.5055903688348513,108.78985949138901,16,1,0
23.251403524739505,2.3533284996642205,1,82166.70590163869,7.365825094663772,83.15834289636413,12,0,0
13.796573451278299,0.42630432802356955,1,58275.62723610387,7.687607510652336,91.16020875290536,50,1,2
27.793288649450133,0.800289248081566,1,59116.02076429241,4.157809424458312,75.75875782499361,41,0,2
39.30259659469853,3.861022249191902,0,30311.317881603867,5.754613659485019,52.459538909413865,29,2,1
22.673832189962923,4.14778322012872,1,37892.2419967789,6.564889811814033,56.30239226350301,12,0,0
25.99583892681541,4.156333053078025,0,34499.82802737411,8.116900456323492,35.28329648905722,12,2,1
27.087496012316514,3.726767009110999,1,34816.21882055653,4.410179978780525,34.87864021436462,5,1,0
28.25079854037585,3.7135222694428593,1,11599.658711310632,6.032786545905311,34.58447742545392,14,0,0
23.624091803826758,2.4297521697600737,1,81654.77361940482,8.55127241217935,85.62422585079858,19,1,0
41.31560735269953,4.703014584470181,1,99510.12721898222,5.775291568977883,56.74976698006721,8,0,0
24.050713920782588,2.3461154396553434,1,37834.95836115118,6.337831648220385,106.12129785181611,15,0,1
48.090907720854005,0.7855028912968982,1,26259.08942833115,5.556140988118188,7.916816863395001,23,0,0
39.157027462948975,1.9453837664530087,1,7946.599075414412,4.187340498265366,22.759357523256124,3,1,0
41.22733325728047,2.7014890966668395,1,10519.510108422377,6.082263877734432,25.341148757887353,70,1,2
25.33051135109079,3.4179484603610892,0,104848.68839254256,9.529821723207942,69.51084509971462,42,2,0
14.423978421522165,3.1237618858911462,0,89967.81941116991,1.79587818857323,19.369686911428225,64,0,1
28.212591559312692,3.7135222694428593,0,11599.658711310632,6.4350267643548476,57.83217452062186,26,0,0
23.25178484054011,0.09108677889373362,0,33762.49408311049,6.694787182846032,83.26712636269929,12,2,2
25.94541561198718,3.2712857486606195,0,8457.591084631742,5.087016625967292,1.877347601001662,61,2,2
49.69781781721903,2.710312743777326,1,112267.40088557666,3.4120968776458938,106.12129785181611,11,0,1
22.361092560697024,4.256705065430941,0,101598.74034737782,1.6275688584806092,90.53601691304326,12,2,0
41.300430672599276,4.695146229480093,0,93221.42080623537,3.776146216412337,90.22235169833134,65,1,0
16.654452054871033,0.06411559235420361,1,83824.57833933954,5.53792160943275,86.88240830802312,66,2,2
33.74759440195823,4.141641489949194,0,80703.63988842617,9.725555093109687,115.33999980414812,86,2,2
23.868365022808078,1.2666194534136022,1,3976.4065181428286,2.7340915225562625,17.30291066780338,44,2,0
19.695194857995762,3.1235399483396775,1,6827.333202121027,8.590245930523531,9.926363465782337,20,2,2
25.705071213043826,3.8220918009246176,0,36136.21172738357,7.855572735072749,88.76582581183153,20,2,1
47.37312617125033,4.234981120102228,0,69254.49041019275,3.671842936122495,2.1819068802955055,22,1,2
33.1343729716861,4.703014584470181,0,99510.12721898222,5.757702789221954,75.60346386121805,10,0,0
30.727012964077485,3.17352723684248,0,53146.89708222552,0.2673177416148964,74.83897174595177,72,2,2
42.143834964451955,4.296042689930403,0,29932.38211377808,9.811644473190938,110.89970682302675,77,0,1
30.148210198588522,2.488493679376282,1,76145.40500162057,4.925403622664906,11.740840772955483,47,1,0
14.504936620224683,1.1668042479605556,0,114227.25994244321,1.53676515486051,42.252636354076,69,2,2
15.24558695396272,0.800289248081566,1,58275.62723610387,7.933967553526559,91.16020875290536,41,1,2
38.73777687985729,2.4893872248442035,1,67471.82693689785,8.713925099253956,41.82840887705045,73,2,2
28.671570893953287,3.726767009110999,1,34816.21882055653,7.36505236153433,34.970335549581975,35,0,0
18.35325666528619,2.2467164147703005,1,90426.65415001108,9.830233856954337,21.531327002383563,48,0,1
48.675488899472,3.4063878753326553,0,17587.477645535346,2.772718365351261,2.4211297938316623,6,2,0
20.814185518611296,0.6265772660988833,0,80360.75679540205,5.536755147648968,63.48165393163063,18,1,2
41.310949567724315,4.858556320362782,1,26259.08942833115,4.402149424262105,7.672238179891098,45,0,0
22.673832189962923,2.36949292241277,1,81062.67210818034,6.383880726357099,56.30239226350301,15,0,1
39.846405550421096,4.134181274357438,0,60259.40907598041,2.8049544657283985,88.03236422461566,30,2,1
33.13825362067003,4.703014584470181,0,99239.64659005347,4.947067211181091,75.60346386121805,9,1,0
24.58752650319294,4.639706357162235,0,30627.18600463842,9.811644473190938,17.747244837352163,44,0,1
40.86419023573641,2.005176532975298,0,93221.42080623537,3.776146216412337,90.80399672199712,65,1,0
48.675488899472,3.4063878753326553,0,17606.249683042344,2.772718365351261,2.4211297938316623,1,2,0
38.72225261958003,2.3488365206190482,1,67471.82693689785,4.394729770451154,42.259599097169854,73,0,0
25.625587405362047,2.316817075755211,1,90426.65415001108,9.815972679129505,90.68080855546206,18,0,1
17.80762411203617,4.4512991027494255,0,101598.74034737782,7.419289117278851,11.45687614927406,4,2,2
12.937644998524066,1.169264078638121,0,83450.3089291173,1.5054398712130945,39.99574537839223,66,2,2
49.69781781721903,2.7307017855770552,1,112267.40088557666,3.4120968776458938,106.12129785181611,56,0,1
30.727012964077485,3.145421286770271,0,53146.89708222552,7.074541289419377,74.83897174595177,72,2,0
14.423978421522165,3.422241007741851,0,89759.24150107554,5.489532435853286,63.72619621187682,64,0,1
23.160253429073514,4.16921165582693,0,81071.46371763074,9.725555093109687,116.07904770310621,91,2,2
13.58749385769866,4.134181274357438,0,58375.89403603095,2.8049544657283985,94.09558208227853,30,2,1
25.33051135109079,3.4179484603610892,0,104848.68839254256,9.529821723207942,36.8279814178153,42,2,0
47.03514539002755,0.18442973737213864,0,32414.04475545885,6.752412190216031,3.5010866148724062,12,2,2
30.14432954960459,2.488493679376282,1,87023.9514564545,5.736039200705768,11.740840772955483,48,0,0
41.757790884339755,1.3615332513617648,1,3303.5377830370653,2.6660097775745997,110.37925930965287,77,2,0
39.10779309860983,4.633669417244155,1,7946.599075414412,4.187340498265366,42.0403954921977,3,1,0
41.22733325728047,2.7014890966668395,1,10500.738070950343,6.082263877734432,25.341148757887353,76,1,2
41.32647382800157,4.946706798896166,1,26259.08942833115,8.72130253439961,7.243905750602103,43,2,2
18.43274047361778,3.7519911300299214,0,36136.21172738357,7.473888488379542,19.618894627562042,50,2,1
19.695194857995762,3.1235399483396775,1,2241.8591408252178,1.8458848309386982,89.04137203875403,26,2,0
16.654452054871033,0.10809862063789033,1,114596.03973528973,5.53792160943275,89.13929650184993,69,2,2
25.94541561198718,3.2508967068608903,0,8457.591084631742,5.087016625967292,0.02814373555581451,11,2,2
27.892139409319444,3.768818261533954,0,11599.658711310632,0.003415510406137745,59.46927512920958,24,0,2
20.814185518611296,0.4857825072588019,0,80569.33470549641,0.3840308863767876,19.125184900943793,18,1,2
33.26117316364171,2.4878363397597765,1,80694.84827897578,6.383880726357099,56.30239226350301,10,0,1
39.12528264422809,0.800289248081566,1,60159.14227605333,7.606442041016588,88.18252771490138,41,1,2
28.671570893953287,3.726767009110999,1,34816.21882055653,7.36505236153433,67.65319924113194,40,0,0
23.57393357364673,4.177323527635233,0,70160.16458783779,3.923294467547736,82.5494447588938,22,1,2
39.52231960480045,4.134181274357438,0,59932.54779566571,2.4825677660181262,87.71032507925486,30,2,1
22.72513744342582,4.3296650456047905,0,6859.15396102552,1.6275688584806092,19.986521220415362,12,1,0
41.16013698180091,3.4063878753326553,1,17587.477645535346,8.632804693354963,2.4211297938316623,6,2,2
14.504936620224683,1.1668042479605556,0,114227.25994244321,1.53676515486051,42.252636354076,67,2,2
47.911642380543555,2.316817075755211,1,90426.65415001108,9.815972679129505,90.68080855546206,18,0,1
30.14432954960459,0.14476635008476157,0,87023.9514564545,6.729733792483755,11.740840772955483,40,0,0
13.58749385769866,4.137922197707751,0,28590.69123311076,4.3818479297516655,94.09558208227853,30,2,0
30.56338451797721,0.4857825072588019,0,80569.33470549641,0.3840308863767876,22.864390829763806,18,1,2
19.695194857995762,0.07547608781407122,1,8167.078853030584,8.590245930523531,9.367817907691396,21,2,2
39.10779309860983,4.528726126916162,1,8173.490304833158,4.123850261327066,40.82679139188159,7,1,0
33.26117316364171,3.0369176279625325,1,80694.84827897578,6.645094528208189,95.46948610182196,26,0,1
20.363041106401596,4.639706357162235,0,32092.357910791685,9.659008293611205,17.747244837352163,44,0,1
47.76883989969171,2.708650697184987,1,90394.85672966766,9.830233856954337,21.531327002383563,11,0,1
25.94439118073003,3.768818261533954,0,11599.658711310632,0.003415510406137745,59.68034238429004,26,2,2
28.536677488489893,3.7135222694428593,0,11928.013029653292,6.757413981493096,55.887128680331806,24,0,0
38.792982273958,1.8783576675914642,1,102924.13624813166,4.187340498265366,93.31040484693808,3,2,0
48.83917316693395,4.946706798896166,0,26259.08942833115,2.8609231195508387,7.243905750602103,46,2,0
22.673832189962923,2.7246756125130625,1,81062.67210818034,6.383880726357099,56.30239226350301,15,0,1
26.32751872078907,3.4063878753326553,0,17606.249683042344,2.772718365351261,2.930293893582827,1,2,0
46.66925644783833,2.194417821864534,1,32414.04475545885,5.758717598438045,3.5010866148724062,18,2,2
41.552420098262715,4.8547579946557216,1,41915.34362233928,3.4425366084439704,4.663210580592163,45,0,1
19.469432216614816,3.8220918009246176,0,36136.21172738357,7.855572735072749,85.02746739504443,20,2,1
23.25178484054011,3.1782504239848013,0,29678.318195092448,6.694787182846032,83.86539136719745,12,2,2
33.1343729716861,4.703014584470181,0,99510.12721898222,5.40209219528778,75.60346386121805,10,0,0
19.695194857995762,2.496175124948758,1,2241.8591408252178,1.584731087312644,56.50761894570372,10,2,0
25.57679461282318,1.2936349749280969,1,2579.182460797734,2.7340915225562625,17.30291066780338,44,2,0
19.882362879152875,2.24837846136264,1,112299.12691121947,3.4120968776458938,106.12129785181611,42,0,1
28.671570893953287,3.726767009110999,1,35773.7903174614,7.175528929070879,45.86319632244576,35,0,0
27.893163840576598,3.2508967068608903,0,8457.591084631742,4.517867327024308,1.8411198004963802,13,0,2
19.695194857995762,3.1235399483396775,0,2241.8591408252178,5.301136383514127,2.693256957608213,11,2,0
22.453835293625037,3.726767009110999,1,5014.092443060672,7.7334648486224085,20.390858995286777,35,0,0
29.528213710637687,3.132873624290151,1,2346.7330101164007,7.273407015582686,89.04137203875403,26,2,0
27.893163840576598,3.2508967068608903,0,13569.570443090885,4.517867327024308,94.35710224039718,13,0,1
33.3884313556911,4.521444367282032,1,8173.490304833158,5.400147888125616,75.19240725345149,7,1,0
39.02602846365991,0.10539887664355518,0,7946.599075414412,4.187340498265366,83.97053217249224,3,2,0
20.39801954944285,4.413953734462057,0,32092.357910791685,9.528976487030802,20.424596921369176,45,0,0
46.97409711931954,3.4457956300672543,0,80694.84827897578,6.732765052623515,95.46948610182196,1,2,1
33.26117316364171,2.4845472830007447,1,80694.84827897578,9.826875976667608,21.722117216396388,10,0,1
22.673832189962923,2.7246756125130625,1,78668.3124147805,3.1383568455315656,56.30239226350301,6,0,1
24.58752650319294,4.639706357162235,0,31471.232969576293,6.800099678632333,17.747244837352163,13,0,1
18.76031730953592,3.7135222694428593,1,11611.950913509709,6.662322869274502,57.83217452062186,20,0,0
28.69169003395719,2.071521237047349,1,87642.97143980158,5.736039200705768,11.740840772955483,50,0,0
19.683773625993908,2.5333082024848586,1,8038.647204699801,1.5137022198101426,64.26550898167183,10,2,0
41.32647382800157,4.872266323910344,1,26259.08942833115,8.848224692438063,7.243905750602103,43,2,2
19.695194857995762,0.07547608781407122,1,30046.721071275613,8.24931782358875,9.247764478121278,46,0,2
28.661281924688573,4.568637390733832,0,37632.28684184969,1.6275688584806092,45.458858674226505,12,1,0
18.838552094862763,3.717433333160496,1,34780.27405315891,1.9375513668990751,67.65319924113194,40,0,0
13.58749385769866,4.134181274357438,0,58375.89403603095,2.8049544657283985,2.492865154031797,35,2,2
44.64882736009885,4.7102963441034085,0,99510.12721898222,4.12579456848923,41.23784800095588,10,0,0
22.606691549663346,1.9378499410083323,1,33762.49408311049,6.694787182846032,22.056177525534174,12,1,2
33.09939456799815,4.703014584470181,0,99540.82590354972,5.493213732603623,75.60346386121805,9,0,1
34.94740436229985,3.0435576275970817,1,17606.249683042344,0.928835987881595,6.560670654553582,26,0,0
47.76883989969171,2.7119397539440184,1,90394.85672966766,6.37363132118357,56.111603401705786,11,0,1
48.675488899472,3.6370818306547292,0,19650.27232811007,6.018242260556565,2.4211297938316623,15,2,0
23.25178484054011,3.1782504239848013,0,29653.490488668343,9.698723724498603,76.72033534729205,43,2,2
28.047033150575402,3.0663723047723357,0,5676.139635750931,8.590245930523531,9.926363465782337,26,2,2
30.12421040960069,3.726767009110999,1,32039.24874367652,7.36505236153433,34.970335549581975,35,0,0
34.06959873229028,4.596247090082027,1,2149.8336563079392,4.258369826545439,42.0403954921977,2,1,0
41.310949567724315,4.858556320362782,1,2934.0487600113593,4.743063015983979,7.7922916094612145,20,2,0
24.830943628227317,3.7135222694428593,0,11383.919665939502,6.379354350252221,57.83217452062186,26,0,0
46.374540181341956,2.708650697184987,1,90704.02039160389,9.762749066884822,23.688209990074817,7,0,1
24.46733992983524,2.4878363397597765,1,80694.84827897578,6.384157137582214,56.30239226350301,10,0,1
38.837795393248726,1.9453837664530087,1,7946.599075414412,4.196027855590701,22.759357523256124,0,1,0
29.528213710637687,3.132873624290151,1,2346.7330101164007,7.382537892845791,104.06136853589143,40,2,0
24.830943628227317,3.7135222694428593,0,11172.675538502253,6.379354350252221,57.83217452062186,26,0,0
39.10779309860983,4.633669417244155,0,3554.594225138915,2.6676516260229883,39.136814677926,3,2,0
28.671570893953287,3.726767009110999,1,35773.7903174614,7.175528929070879,45.28888865024211,34,0,0
22.359636651548506,2.7246756125130625,1,81062.67210818034,1.5010766533206974,56.30239226350301,12,1,1
19.695194857995762,3.7250367837922687,1,6827.333202121027,6.648692993929159,9.926363465782337,20,0,0
41.310949567724315,4.886884347347852,1,2640.763742627587,4.928797558806439,7.7922916094612145,27,2,0
19.984284562150094,4.413953734462057,0,32092.357910791685,9.528976487030802,23.654309894321543,45,0,0
26.166157486242646,1.7937832096857824,0,33762.49408311049,6.694787182846032,80.57851963321967,12,1,2
48.28097406475053,2.5333082024848586,0,16752.649619223346,1.5137022198101426,3.4081795273260127,6,2,0
19.695194857995762,2.5792476573121905,1,2241.8591408252178,7.51192228578192,35.11362372825836,10,2,0
19.695194857995762,0.04444076664322538,1,7711.679941788774,6.397244087827245,13.620758161039507,26,2,2
28.13241148770033,4.521444367282032,1,8173.490304833158,5.445164245136496,68.1803187206679,11,1,0
33.38135973701329,4.639706357162235,0,31471.232969576293,6.318966749496642,21.72257784379955,13,0,1
24.708669825171548,2.7246756125130625,1,95387.81882187407,1.917168594751391,60.64555535948975,6,0,1
28.671570893953287,3.6496253270083736,1,34816.21882055653,7.27353213511889,36.32786132058844,35,0,0
22.453835293625037,3.292329775657799,1,5225.336597506961,7.7334648486224085,20.390858995286777,16,0,0
48.675488899472,3.4063878753326553,1,17386.178999749645,4.292407237597372,2.505504143006384,1,1,0
34.06959873229028,4.596247090082027,1,2149.8336563079392,4.258369826545439,42.0403954921977,16,1,0
22.72513744342582,4.3296650456047905,0,6859.15396102552,6.409436070943544,19.986521220415362,15,0,0
18.76031730953592,3.1120254339902123,1,11611.950913509709,8.603875780733683,57.83217452062186,20,2,2
13.58749385769866,4.105495224599048,0,58966.431756626174,2.2581032929986815,94.09558208227853,30,2,1
39.10779309860983,4.528726126916162,1,8173.490304833158,4.123850261327066,40.82679139188159,3,1,0
23.245958517841867,0.24086231235989353,1,33762.49408311049,6.694787182846032,20.47584352623391,12,2,2
19.961831024035973,3.4063878753326553,1,8873.475248889148,2.772718365351261,63.58335282181977,10,2,0
30.12421040960069,3.7081134337404746,1,21352.18069204977,1.4381483201671919,51.38268310035474,30,0,0
28.212591559312692,3.8454022028859796,0,8249.928767694537,8.628028474387257,57.83217452062186,21,0,0
39.157027462948975,1.9453837664530087,1,7946.599075414412,4.187340498265366,22.759357523256124,3,1,0
41.22733325728047,2.7014890966668395,1,10519.510108422377,6.082263877734432,25.341148757887353,70,1,2
25.33051135109079,3.4179484603610892,0,104848.68839254256,9.529821723207942,69.51084509971462,42,2,0
14.423978421522165,3.1237618858911462,0,89967.81941116991,1.79587818857323,19.369686911428225,64,0,1
28.212591559312692,3.7135222694428593,0,11599.658711310632,6.4350267643548476,57.83217452062186,26,0,0
23.25178484054011,0.09108677889373362,0,33762.49408311049,6.694787182846032,83.26712636269929,12,2,2
25.94541561198718,3.2712857486606195,0,8457.591084631742,5.087016625967292,1.877347601001662,61,2,2
49.69781781721903,2.710312743777326,1,112267.40088557666,3.4120968776458938,106.12129785181611,11,0,1
22.361092560697024,4.256705065430941,0,101598.74034737782,1.6275688584806092,90.53601691304326,12,2,0
41.300430672599276,4.695146229480093,0,93221.42080623537,3.776146216412337,90.22235169833134,65,1,0
16.654452054871033,0.06411559235420361,1,83824.57833933954,5.53792160943275,86.88240830802312,66,2,2
33.74759440195823,4.141641489949194,0,80703.63988842617,9.725555093109687,115.33999980414812,86,2,2
23.868365022808078,1.2666194534136022,1,3976.4065181428286,2.7340915225562625,17.30291066780338,44,2,0
19.695194857995762,3.1235399483396775,1,6827.333202121027,8.590245930523531,9.926363465782337,20,2,2
25.705071213043826,3.8220918009246176,0,36136.21172738357,7.855572735072749,88.76582581183153,20,2,1
47.37312617125033,4.234981120102228,0,69254.49041019275,3.671842936122495,2.1819068802955055,22,1,2
33.1343729716861,4.703014584470181,0,99510.12721898222,5.757702789221954,75.60346386121805,10,0,0
30.727012964077485,3.17352723684248,0,53146.89708222552,0.2673177416148964,74.83897174595177,72,2,2
42.143834964451955,4.296042689930403,0,29932.38211377808,9.811644473190938,110.89970682302675,77,0,1
30.148210198588522,2.488493679376282,1,76145.40500162057,4.925403622664906,11.740840772955483,47,1,0
14.504936620224683,1.1668042479605556,0,114227.25994244321,1.53676515486051,42.252636354076,69,2,2
15.24558695396272,0.800289248081566,1,58275.62723610387,7.933967553526559,91.16020875290536,41,1,2
38.73777687985729,2.4893872248442035,1,67471.82693689785,8.713925099253956,41.82840887705045,73,2,2
28.671570893953287,3.726767009110999,1,34816.21882055653,7.36505236153433,34.970335549581975,35,0,0
18.35325666528619,2.2467164147703005,1,90426.65415001108,9.830233856954337,21.531327002383563,48,0,1
48.675488899472,3.4063878753326553,0,17587.477645535346,2.772718365351261,2.4211297938316623,6,2,0
20.814185518611296,0.6265772660988833,0,80360.75679540205,5.536755147648968,63.48165393163063,18,1,2
41.310949567724315,4.858556320362782,1,26259.08942833115,4.402149424262105,7.672238179891098,45,0,0
22.673832189962923,2.36949292241277,1,81062.67210818034,6.383880726357099,56.30239226350301,15,0,1
39.846405550421096,4.134181274357438,0,60259.40907598041,2.8049544657283985,88.03236422461566,30,2,1
23.868365022808078,0.8124271740667992,1,56574.44498909091,8.211992389169438,17.454212289396647,44,1,0
22.77292306547706,4.258742211237027,0,93221.42080623537,3.7947658416066785,90.54322186048016,13,1,0
39.158140963772134,2.4893872248442035,1,67471.82693689785,8.713925099253956,41.82840887705045,73,2,2
28.212591559312692,3.6881241411644146,0,11599.658711310632,9.758622796919127,57.48522292307173,19,0,0
25.917541561447543,3.220257306156581,0,9413.200029669917,9.877295069743655,109.57720112454874,61,0,1
27.516760843996618,2.36949292241277,1,23314.188794720874,5.935595939276821,44.873434113842094,20,0,1
32.99458235497992,4.703014584470181,0,99653.98997306454,5.757702789221954,34.47012530827624,5,0,0
16.805641111622865,0.03846611039161052,0,80360.75679540205,5.536755147648968,62.26367896066194,19,2,2
23.423107131660743,0.09108677889373362,0,33762.49408311049,6.809641547609348,91.45372415935044,30,2,2
41.22733325728047,2.7014890966668395,1,117340.16780236518,6.082263877734432,96.70180844136752,11,1,1
30.087394297460516,3.4231010529152264,0,105295.2494223752,9.630383729991301,14.281935872869642,42,2,0
30.727012964077485,1.225625433781464,0,53146.89708222552,0.33154420572975385,74.83897174595177,69,2,2
16.27824307644962,3.392819392424971,0,17587.477645535346,2.772718365351261,2.4211297938316623,6,2,0
44.8695363372915,4.234981120102228,0,69254.49041019275,3.644096359720071,6.998770642091589,21,1,2
19.72077561419528,2.254476696633204,1,88342.99184110714,9.809526159013943,9.926363465782337,28,2,1
15.24558695396272,2.0820772284529796,1,5771.266580338393,2.5949015032206892,89.60002134149266,40,2,2
40.888592220942044,4.69310907771064,0,98341.02581874139,1.6090422807991853,90.21514675089442,64,2,0
35.854992926906824,1.9453837664530087,1,7946.599075414412,4.187340498265366,22.759357523256124,3,1,0
33.74759440195823,4.167039618227115,0,80703.63988842617,6.393486872575473,115.57375046597545,93,2,2
42.17170352917982,4.296042689930403,0,28976.802219181576,4.952519152679574,4.189486647931297,77,2,2
22.50479432263381,3.8220918009246176,0,81265.39175999812,7.855572735072749,88.76582581183153,15,2,1
28.811361510659463,2.7893217749914894,1,34671.912275662165,7.36505236153433,76.75775517812176,35,0,0
20.662996461865905,0.6550204951217389,1,83824.57833933954,5.53792160943275,88.10038327734715,65,1,2
39.52595239980702,4.134181274357438,0,60259.40907598041,1.7981011793780086,84.40934243284002,10,2,1
49.73607526276446,2.710312743777326,1,191.83303075448748,3.4120968776458938,30.597413811571972,70,0,2
25.391327252218797,2.4833410868211327,1,71769.8376291262,4.812655399927418,66.53034215780839,49,1,0
14.504936620224683,3.114706177857642,0,114227.25994244321,1.4726031450853976,42.252636354076,72,2,2
46.676904450048205,3.137330368798831,0,93663.34459371907,1.79587818857323,19.369686911428225,64,0,1
47.28937803973331,4.858556320362782,1,26259.08942833115,4.42989600066453,2.2552387366807323,45,0,0
18.327675909086675,2.8211286946855503,1,8152.168598539119,8.610561731494677,21.531327002383563,48,0,2
15.314739412043771,4.70434215794558,1,110026.07361470567,2.9359841587235227,87.66910589967686,40,2,2
20.117632442498746,2.9740002270507007,1,69696.46388909424,9.377338242564115,9.926363465782337,18,1,0
41.3362493394922,2.4313164369674096,1,83318.00572433455,4.402149424262105,7.672238179891098,45,0,0
15.135125411031554,3.718265706285454,1,58275.62723610387,9.730132567614014,57.6910003593657,19,1,2
16.27824307644962,3.392819392424971,0,17546.160224201696,1.7810957608985916,1.264128657247424,57,2,0
25.705071213043826,3.8220918009246176,0,36136.21172738357,7.549393237076838,88.76582581183153,15,0,0
33.1343729716861,4.703014584470181,0,99510.12721898222,5.757702789221954,80.06671621034582,46,0,2
49.69781781721903,2.710312743777326,1,9675.245995213096,3.4120968776458938,106.95009049445981,9,0,0
28.671570893953287,3.726767009110999,1,34288.87987198071,7.36505236153433,34.970335549581975,35,0,0
26.95916294220503,2.570807227061993,1,26400.842099739246,4.426361825288323,11.740840772955483,47,1,0
42.13919049138071,4.285637293666309,0,30143.391621474053,2.2826110610017176,110.89970682302675,77,0,1
23.826301516640736,4.258742211237027,0,90547.10890795068,3.7947658416066785,91.50667292484667,70,2,2
39.156396910724794,1.9453837664530087,1,9857.766239063083,4.523369598548893,18.90220640705607,3,1,0
22.506101370832724,3.2215498908879687,0,86521.9887153385,7.855572735072749,88.76582581183153,15,2,0
23.395812869320107,0.12614703643405578,0,11514.360573410597,6.692324119848965,92.95132823826616,26,0,2
32.99458235497992,2.079088951109706,0,691.9431403852941,5.827463893702671,34.47012530827624,5,0,0
25.391327252218797,2.5868296001378703,1,8946.801713049179,4.812655399927418,66.53034215780839,51,2,2
23.95036610337521,4.789836357564567,1,28455.741538697093,6.383880726357099,56.30239226350301,14,0,1
28.323078480421255,0.7847246523632567,0,11599.658711310632,7.961807905980901,90.95443125623855,41,0,0
14.423978421522165,3.1237618858911462,0,90011.16735929227,3.9271180240051202,19.66627066133053,7,0,1
28.811361510659463,2.8032597976233524,1,34671.912275662165,6.9662956325284515,76.75775517812176,35,2,1
18.327675909086675,2.865795502204715,1,8152.168598539119,8.610561731494677,17.06991585858303,12,0,0
23.868365022808078,1.2666194534136022,1,100291.71462512581,2.7340915225562625,15.64970622295374,44,2,1
27.516760843996618,2.2774200338199697,1,23841.52774329762,5.935595939276821,44.873434113842094,20,0,1
47.011356751429574,4.858556320362782,1,76003.66015621289,4.9289377980411135,0.23401977301293764,45,0,0
35.97436135899211,4.144586670621531,0,60048.399580937854,9.852682153725066,84.40934243284002,10,2,1
14.322712397194895,1.1668042479605556,0,114227.25994244321,1.53676515486051,41.289179312111294,12,1,0
35.855623479131,1.9453837664530087,1,7946.599075414412,4.187340498265366,29.472858936465478,3,1,0
22.359785512498107,4.256705065430941,0,100645.3000674583,1.6275688584806092,90.53601691304326,12,2,1
28.068563530532707,3.7074176694600682,0,34626.77848291396,6.437489827351915,57.83217452062186,6,2,0
35.855623479131,3.344013940803757,1,7855.992637525123,2.780990633109994,2.6012411518559855,6,1,0
18.327675909086675,3.3583109039756325,1,9769.572500462467,4.506916009278045,17.118523931806997,12,0,0
28.10195182887616,2.6622871898790192,1,33777.04178373824,5.935595939276821,44.873434113842094,20,0,1
28.261122997909723,3.8220918009246176,0,36133.694980339475,7.549393237076838,57.06687023298251,10,0,0
29.612020212671744,2.5786540513326437,1,34671.912275662165,3.4673219289228774,108.83155806177186,35,0,0
23.95036610337521,4.782892209369868,1,80738.34124505398,7.930357936958966,56.30239226350301,14,2,1
28.78678615961463,3.726888974404499,1,7946.599075414412,4.187340498265366,22.759357523256124,4,1,0
14.423978421522165,3.1237618858911462,0,89967.81941116991,7.453958995843567,19.645426005284687,64,0,1
49.818272698591585,2.710312743777326,1,112267.40088557666,8.523544493839474,106.12129785181611,11,0,1
23.52174403946524,2.491005735492373,1,26400.842099739246,4.426361825288323,11.740840772955483,47,1,0
28.516864473734138,2.412390201600164,0,11599.658711310632,7.961807905980901,90.95443125623855,41,0,1
32.92353980643938,2.0708266050880986,0,24204.164979354806,6.755532230076621,34.47012530827624,9,0,0
25.78158705262804,3.124566679787028,0,90011.16735929227,3.9271180240051202,59.34652469823772,6,0,1
42.28552837206567,4.858556320362782,1,26378.42544406194,8.091333335528581,7.672238179891098,45,0,0
16.27824307644962,1.9941892179348886,0,17678.084130061965,4.733998773075824,29.323252960972418,3,2,0
39.156396910724794,1.9453837664530087,1,8240.362337139735,8.626994938653565,18.853598333832103,3,1,0
27.48337254565316,3.7052984395188737,0,34626.77848291396,6.437489827351915,57.83217452062186,6,2,0
25.6565397744468,3.7135222694428593,0,19096.66346715826,6.4350267643548476,89.53113006409396,26,0,0
21.39156645164473,1.236132242981517,1,3976.4065181428286,2.7340915225562625,17.30291066780338,44,2,0
49.69781781721903,2.710312743777326,1,9675.245995213096,7.309827238835821,74.87598652516434,9,0,0
22.50479432263381,3.828989471558166,0,28982.798409906445,6.314285869890847,88.76582581183153,15,0,1
35.73977766124463,1.9452617824297005,1,34816.21882055653,6.351011815401129,34.970335549581975,34,0,0
28.671570893953287,3.726767009110999,1,34288.87987198071,1.7070387499499833,34.69459645622635,35,0,0
14.715475854237512,2.8211286946855503,1,11052.991394824836,3.4962056345501944,21.531327002383563,48,0,2
27.076263649261,1.3464209455495222,1,100291.71462512581,2.7340915225562625,15.64970622295374,44,2,1
22.48004619665071,0.48572622879414806,1,68050.57749323003,6.383880726357099,56.30239226350301,15,0,0
34.15134470906242,2.285682379841577,1,615.1174064942315,5.523564474702496,44.873434113842094,20,0,1
14.260104699383024,3.6873193472685246,0,23527.428215221327,9.758622796919127,18.8071590749561,17,0,0
19.695194857995762,3.1235399483396775,1,6708.0888044376825,4.901048812099665,9.926363465782337,21,2,2
29.498319119020458,2.767379571604951,1,8152.168598539119,8.597940722534187,21.531327002383563,48,0,2
28.212591559312692,3.760373618855663,0,11599.658711310632,5.890056215631141,56.71423702695479,5,0,0
27.48245987365128,1.9453837664530087,1,7946.599075414412,3.818881722025796,22.78210244471567,3,1,0
35.65865457071175,2.570807227061993,1,26400.842099739246,2.7708991770858873,11.724513185550776,47,1,0
35.34844301531682,2.865795502204715,1,3513.251668510241,7.829992179240574,17.06991585858303,3,0,0
20.79127921183275,3.726888974404499,1,7946.599075414412,4.184842823262864,22.759357523256124,14,1,0
24.171481765503685,2.710312743777326,1,8882.713589508283,2.68492848778028,74.87598652516434,7,0,0
20.860788263041258,0.48572622879414806,1,68050.57749323003,6.642407721048821,56.30239226350301,10,0,0
20.455098532300156,3.3632951281746184,1,9731.399872964668,4.901048812099665,9.926363465782337,9,2,2
28.10195182887616,2.6622871898790192,1,33777.04178373824,5.944984334691401,44.873434113842094,20,0,1
39.194208641436475,2.080312962744034,0,24204.164979354806,6.725873020076327,34.47012530827624,3,1,0
27.508066982630446,2.2774200338199697,1,34465.208456102504,1.277944832006007,44.873434113842094,35,0,0
23.780174804680797,2.7893217749914894,1,34518.494958384006,7.330285277105998,76.16798058478977,39,0,0
28.720488412020007,2.3690294692948313,1,34816.21882055653,7.220514043802542,34.970335549581975,35,0,0
49.38384007139628,2.3111164071705677,1,112267.40088557666,5.57062322307379,48.51154781633163,11,0,1
19.695194857995762,3.1235399483396775,1,9680.278065603725,8.80219961564916,9.399565777057092,8,2,2
39.156396910724794,1.8985323583277693,1,8240.362337139735,8.626994938653565,19.97154722394575,24,1,0
34.284695521541366,3.7052984395188737,0,41379.52750967651,6.805948602685765,56.18401487519341,6,2,0
27.156131850610574,3.344013940803757,1,7855.992637525123,4.436453281314456,2.617674009974338,6,1,0
19.558969114972125,1.9034069544066767,1,8175.675753621763,4.187056472990214,29.472858936465478,12,1,0
31.462049367027717,4.782892209369868,1,80738.34124505398,7.729041462918946,56.30239226350301,4,2,1
49.065155259518974,1.2666194534136022,1,104235.20284042129,7.358990204922534,15.64970622295374,44,2,1
16.46577912105076,3.392819392424971,0,17587.477645535346,2.3597577515821486,2.4211297938316623,15,2,0
18.197866102069433,3.2116206903157,1,4426.987573070828,4.433441502333093,17.118523931806997,24,0,0
26.80951328813121,3.8220918009246176,0,36136.21172738357,7.780752429848187,88.76582581183153,18,0,0
32.88635862794655,1.9358974087970735,1,7946.599075414412,4.216999708200512,22.759357523256124,9,0,0
28.680264755319463,3.726767009110999,1,23665.199159176318,6.3649195508730845,45.03737996725063,20,0,1
28.981552809353893,4.789836357564567,1,28609.15885597526,6.41864781078543,56.89216685683406,14,0,1
21.085283190728752,3.807203877820958,1,81062.67210818034,7.5311951149969,56.30239226350301,16,0,1
35.20178804421289,2.285682379841577,1,615.1174064942315,3.3650381292841054,102.48105132740183,20,0,1
49.940765454225996,2.710312743777326,1,8993.945481421439,3.735009606724576,107.53984354624271,21,0,0
39.157027462948975,1.9453837664530087,1,7946.599075414412,4.187340498265366,22.759357523256124,3,1,0
41.22733325728047,2.7014890966668395,1,10519.510108422377,6.082263877734432,25.341148757887353,70,1,2
25.33051135109079,3.4179484603610892,0,104848.68839254256,9.529821723207942,69.51084509971462,42,2,0
14.423978421522165,3.1237618858911462,0,89967.81941116991,1.79587818857323,19.369686911428225,64,0,1
28.212591559312692,3.7135222694428593,0,11599.658711310632,6.4350267643548476,57.83217452062186,26,0,0
23.25178484054011,0.09108677889373362,0,33762.49408311049,6.694787182846032,83.26712636269929,12,2,2
25.94541561198718,3.2712857486606195,0,8457.591084631742,5.087016625967292,1.877347601001662,61,2,2
49.69781781721903,2.710312743777326,1,112267.40088557666,3.4120968776458938,106.12129785181611,11,0,1
22.361092560697024,4.256705065430941,0,101598.74034737782,1.6275688584806092,90.53601691304326,12,2,0
41.300430672599276,4.695146229480093,0,93221.42080623537,3.776146216412337,90.22235169833134,65,1,0
16.654452054871033,0.06411559235420361,1,83824.57833933954,5.53792160943275,86.88240830802312,66,2,2
33.74759440195823,4.141641489949194,0,80703.63988842617,9.725555093109687,115.33999980414812,86,2,2
23.868365022808078,1.2666194534136022,1,3976.4065181428286,2.7340915225562625,17.30291066780338,44,2,0
19.695194857995762,3.1235399483396775,1,6827.333202121027,8.590245930523531,9.926363465782337,20,2,2
25.705071213043826,3.8220918009246176,0,36136.21172738357,7.855572735072749,88.76582581183153,20,2,1
47.37312617125033,4.234981120102228,0,69254.49041019275,3.671842936122495,2.1819068802955055,22,1,2
33.1343729716861,4.703014584470181,0,99510.12721898222,5.757702789221954,75.60346386121805,10,0,0
30.727012964077485,3.17352723684248,0,53146.89708222552,0.2673177416148964,74.83897174595177,72,2,2
42.143834964451955,4.296042689930403,0,29932.38211377808,9.811644473190938,110.89970682302675,77,0,1
30.148210198588522,2.488493679376282,1,76145.40500162057,4.925403622664906,11.740840772955483,47,1,0
14.504936620224683,1.1668042479605556,0,114227.25994244321,1.53676515486051,42.252636354076,69,2,2
15.24558695396272,0.800289248081566,1,58275.62723610387,7.933967553526559,91.16020875290536,41,1,2
38.73777687985729,2.4893872248442035,1,67471.82693689785,8.713925099253956,41.82840887705045,73,2,2
28.671570893953287,3.726767009110999,1,34816.21882055653,7.36505236153433,34.970335549581975,35,0,0
18.35325666528619,2.2467164147703005,1,90426.65415001108,9.830233856954337,21.531327002383563,48,0,1
48.675488899472,3.4063878753326553,0,17587.477645535346,2.772718365351261,2.4211297938316623,6,2,0
20.814185518611296,0.6265772660988833,0,80360.75679540205,5.536755147648968,63.48165393163063,18,1,2
41.310949567724315,4.858556320362782,1,26259.08942833115,4.402149424262105,7.672238179891098,45,0,0
22.673832189962923,2.36949292241277,1,81062.67210818034,6.383880726357099,56.30239226350301,15,0,1
39.846405550421096,4.134181274357438,0,60259.40907598041,2.8049544657283985,88.03236422461566,30,2,1
49.3648551052317,4.256705065430941,0,112143.8955469969,1.6740176398804185,90.53601691304326,11,2,0
33.48045290962747,4.931279468312706,0,100013.54964886456,9.725555093109687,75.78809323497543,3,2,2
38.865191638329634,1.9720893670485822,0,53146.89708222552,0.2673177416148964,75.28803998590712,72,2,2
22.673832189962923,2.36949292241277,1,93253.7136097035,6.383880726357099,56.30239226350301,15,0,1
18.230306176601296,2.232319994174183,1,67471.82693689785,8.712004167666752,42.0846408557152,73,0,1
48.31694360826316,0.26098459285594755,0,17587.477645535346,6.811445438764092,85.56954467452317,12,2,0
25.58636097157862,2.6938250114652584,1,76145.40500162057,6.887310374998026,13.232245298563996,37,1,2
12.937644998524066,3.422970184311728,0,104733.23435172693,1.5054398712130945,40.874210925373816,43,2,2
25.705071213043826,0.23794812734529858,0,36136.21172738357,7.855572735072749,88.76582581183153,61,2,1
25.94541561198718,3.2482679858612875,0,8457.591084631742,6.574803250123624,1.877347601001662,61,2,0
41.22733325728047,2.9701858090535223,1,78844.43535390231,6.075377684544799,63.69309238653928,70,1,2
15.60905592857288,4.880182495069288,0,91527.7692653331,1.79587818857323,20.74827902326582,45,0,1
37.36209560470908,4.134181274357438,0,31465.208912858423,2.8049544657283985,112.30031867588647,30,2,1
47.37312617125033,4.234981120102228,0,69254.49041019275,3.671842936122495,4.009307377847769,22,1,2
23.812631361040403,1.2922712843169957,1,3868.091096849892,8.70141400385724,9.991649219819047,20,2,2
22.325582818186305,2.710312743777326,1,111439.95806461119,3.36564809786071,106.12129785181611,12,0,1
33.73464139371603,4.15922918139586,0,80200.21744828165,5.6895317704587605,115.13407107555285,94,0,0
30.533373986888044,3.1468216362443826,1,7946.599075414412,4.187340498265366,42.172644249267414,3,1,0
41.300430672599276,4.695146229480093,0,81030.37930471178,3.776146216412337,90.22235169833134,64,1,0
38.860756054276195,2.5037836454403206,1,90426.65415001108,9.831877777084095,21.27509503163997,46,2,2
23.526656294455808,3.258863450272952,0,33762.49408311049,2.2831773874642796,1.6015337041798006,6,2,2
15.24558695396272,0.800289248081566,1,49633.51512081381,5.019642399107488,89.68762557987763,47,1,0
25.33051135109079,1.2049586556108407,0,114342.71320568895,9.529821723207942,70.88927052896211,68,2,0
16.654452054871033,3.685482342184542,1,83824.57833933954,5.53792160943275,64.38372268968526,20,2,2
27.892139409319444,3.7637319152283855,0,11599.658711310632,3.9368415389034217,59.46927512920958,24,0,2
20.814185518611296,0.5148616570135823,0,12051.550671479978,3.897541739575523,25.129711418363677,18,1,2
40.12979265712114,3.242677970976284,1,24699.28722047597,4.402149424262105,7.672238179891098,64,0,0
42.07649272160438,4.296042689930403,0,58726.5822884349,9.484118960680965,89.13019371936183,77,0,1
28.671570893953287,3.726767009110999,1,34816.21882055653,7.36505236153433,33.206919505197234,40,0,0
19.750928519763495,3.097888146461308,1,6623.988968687682,2.931541417695059,17.23762491386195,44,2,0
29.3871952059963,0.18322663816587514,0,36136.21172738357,7.855572735072749,7.020028842991088,64,2,1
39.157027462948975,1.9453837664530087,1,7946.599075414412,4.187340498265366,22.759357523256124,24,1,0
30.148210198588522,2.488493679376282,1,76145.40500162057,4.925403622664906,9.853609781745469,47,1,0
19.750928519763495,3.097888146461308,1,33156.95082370052,2.931541417695059,17.23762491386195,50,2,0
48.451520680450905,3.4063878753326553,0,23082.93728900703,6.3379802591240555,2.4211297938316623,6,2,0
11.1789598598116,4.703014584470181,0,99510.12721898222,5.757702789221954,76.35950454997551,10,0,0
15.24558695396272,3.7795604697013885,1,57109.246206998905,7.3792943214873175,91.16020875290536,39,1,2
23.868365022808078,1.2669134781761704,1,3867.034602184667,2.7340915225562625,17.30291066780338,44,2,0
22.776929026053192,2.3635604522076448,1,80604.32836015159,4.187340498265366,40.95903465427241,3,1,0
46.7956858150592,0.10075047203776621,0,42789.895234070544,7.851829417651427,78.3396639906363,20,2,1
20.204595007835128,0.5148616570135823,0,12051.550671479978,3.9151306845367593,25.129711418363677,24,1,2
23.25178484054011,0.09108677889373362,0,34846.778973770815,6.358748681706398,83.26712636269929,12,2,2
41.310949567724315,4.858556320362782,1,26259.08942833115,4.402149424262105,7.750105833989141,49,0,0
28.671570893953287,3.726767009110999,1,36314.93903602183,7.36505236153433,34.95323782881624,35,0,0
28.212591559312692,3.7135222694428593,0,110678.94774021959,6.4350267643548476,57.83217452062186,12,0,1
40.12979265712114,3.3106860923295924,1,24699.28722047597,4.402149424262105,87.56328217726187,58,0,0
16.654452054871033,4.039317394939099,1,83824.57833933954,5.53792160943275,64.38372268968526,3,2,2
49.69781781721903,2.710312743777326,1,112646.70340627313,3.4120968776458938,99.82543180976381,11,0,1
23.526656294455808,3.258863450272952,0,7230.255226290181,2.2831773874642796,1.6015337041798006,1,2,2
22.44235361668266,2.36949292241277,1,87760.33476608773,1.6459521063664646,57.03132901669953,15,0,1
37.43635601893143,0.800289248081566,1,49633.51512081381,4.645632366271595,88.93158489111964,47,1,0
28.502467446312025,1.0562420103913093,1,33234.86820970611,7.582997998558211,33.206919505197234,40,0,0
23.812631361040403,1.2919772595544274,1,3977.4630128080535,8.70141400385724,9.991649219819047,21,2,2
30.430277150809324,3.1797678517450536,1,8454.628571850299,6.383880726357099,56.30239226350301,15,0,1
26.563681403646076,4.026882879846901,0,20636.18862564834,6.815188756185338,85.39382368561456,12,2,0
27.892139409319444,3.7637319152283855,0,11599.658711310632,4.844579927964425,60.42716551192687,18,0,2
22.361092560697024,4.256705065430941,0,101598.74034737782,1.9636317531710787,90.53601691304326,12,2,0
19.695194857995762,3.1235399483396775,1,6827.333202121027,8.590245930523531,9.848495811684293,22,2,2
13.541970353504254,3.328208468083382,0,96403.83627172056,1.5054398712130945,40.89130864613955,35,2,2
22.301655181229798,2.710312743777326,1,13050.21444232073,3.36564809786071,106.12129785181611,26,0,0
48.451520680450905,3.4063878753326553,0,57394.57309918488,6.3379802591240555,2.4211297938316623,2,2,0
28.862154381067548,1.3759978119291163,1,12913.482042513728,7.340056991646462,11.26794009859496,21,2,2
39.14879939608437,1.975933955239194,1,7946.599075414412,4.193888688926755,25.090370490619588,1,0,0
48.087268422268906,0.26098459285594755,0,17587.477645535346,6.811445438764092,85.56954467452317,12,2,0
30.69946692379687,3.1797678517450536,0,1521.3891394523826,6.252919658211031,72.1235021276321,6,0,1
28.671570893953287,3.8478110114198874,1,36738.0090145223,6.450801940300764,56.76970256245806,35,0,0
20.204595007835128,0.5955682346689696,0,12051.550671479978,3.9151306845367593,23.70812519394375,24,1,0
19.750928519763495,3.097888146461308,0,33156.95082370052,2.948022648193917,87.29156004776755,50,2,0
20.876877479098827,3.311336627266972,0,17587.477645535346,3.8970772415150368,2.4211297938316623,6,2,0
23.93887069390726,3.1304428825135613,1,6827.333202121027,8.068328361289415,9.925495133056891,20,2,2
49.69781781721903,3.2537753231082123,1,112646.70340627313,2.166467715778012,104.09133833742814,13,0,1
28.203080205544556,3.7133277784170104,1,83540.14396562331,6.4350267643548476,57.83217452062186,26,0,0
15.24558695396272,0.800289248081566,1,15937.073787169687,3.510351428796265,88.819858394354,26,0,0
22.325582818186305,2.710312743777326,1,111439.95806461119,3.0668471611171793,106.12129785181611,12,0,1
23.868365022808078,1.0720414045196802,1,3867.034602184667,3.031974589519681,17.30291066780338,44,2,0
15.24558695396272,0.800289248081566,1,23963.99222314448,7.933967553526559,92.2611543049135,41,1,2
23.62204787392617,3.643040438403058,1,34687.11003156832,8.726409371971666,34.970335549581975,35,0,0
27.900367470085552,3.1763785585059203,0,11599.658711310632,3.930293348242032,42.57343912806266,31,1,2
23.25746652147382,3.1724068781106864,1,33762.49408311049,2.414138828699753,0.2134984685550485,15,2,2
22.673832189962923,2.36949292241277,1,80639.60219987614,7.298131147590665,34.48592752994442,15,0,1
30.533373986888044,3.1468216362443826,1,7946.599075414412,4.187340498265366,42.465838152039275,3,1,2
26.563681403646076,4.05708033006646,1,25967.76802558075,6.798707539178503,15.345871462227443,12,2,0
48.50549936483392,0.5160740455295239,0,12051.550671479978,2.773182863411755,25.129711418363677,22,1,2
19.568955525129127,1.2850743525357218,1,3977.4630128080535,8.695667650811545,3.906202703889308,21,2,2
23.526656294455808,2.715400870942066,0,7230.255226290181,3.5288065493369327,0.8361438559247247,1,2,2
16.903300245020795,4.039511885964948,0,11897.275649603747,5.53792160943275,64.38372268968526,9,2,2
25.338452916510427,2.710312743777326,1,46746.74478826306,4.308086363642879,106.98906469669603,47,1,0
28.502467446312025,1.0562420103913093,1,33234.86820970611,7.285114268933663,33.206919505197234,40,0,0
15.436053267181428,3.7608031113652496,1,58275.62723610387,7.940560471180733,91.77816695178035,41,1,2
27.701685256283593,0.8032613758221385,0,11599.658711310632,4.576738829703917,59.46927512920958,26,0,2
19.505664300497376,0.4868009712349016,1,12160.072979972483,7.552935233013063,33.45137081933055,24,1,0
21.39751903232658,3.097888146461308,0,33179.31134757662,2.9573811835093937,81.04433086677908,46,2,0
15.870559554168693,3.1468216362443826,1,7809.547804238359,4.187340498265366,42.172644249267414,3,1,0
23.812631361040403,1.2664596560049712,1,3868.091096849892,8.70141400385724,17.260246883474032,20,2,2
28.32645827829317,3.726767009110999,0,36414.16152054027,7.36505236153433,56.76050756713189,28,0,0
25.521967139369146,3.2537753231082123,1,112646.70340627313,2.4386045831337118,104.09133833742814,13,0,1
30.46833134661347,3.8478110114198874,1,37901.04883582848,6.490411774380852,56.76970256245806,35,0,0
15.463086215644593,1.2919772595544274,1,5223.761992669388,8.003268118665181,9.991649219819047,21,2,2
30.430277150809324,3.1776720090104233,0,33019.243704583416,6.573466474462059,56.30239226350301,6,0,1
18.71725057174541,2.3635604522076448,1,80624.3246449905,3.2310971271757714,40.95903465427241,13,1,0
22.301655181229798,2.725723946722644,1,17579.371977387957,3.369284678074737,106.12129785181611,26,0,0
25.756494118843175,1.3759978119291163,1,14891.37145200601,6.387049320538516,61.45214321197895,21,2,1
38.97150006175869,3.6363148480271112,1,7946.599075414412,4.193888688926755,25.090370490619588,36,0,0
23.868365022808078,1.0720414045196802,1,3865.059226719868,2.9764411239672337,10.012928603081695,44,2,2
20.876877479098827,3.311336627266972,0,17420.193153354143,2.9607382115982106,2.4211297938316623,6,2,0
29.201398161976847,1.0541666856373126,0,33126.34767150121,3.945193369551494,23.463673879810635,40,0,0
28.39037303497392,1.0562420103913093,1,33229.72536151618,7.275755652507939,33.727633629328,34,0,0
29.90845272148033,0.800289248081566,1,16074.125066505036,3.0254976209262567,88.819858394354,26,0,0
23.868365022808078,1.2927251064881948,1,3867.034602184667,2.7340915225562625,10.034313004227714,44,2,0
28.212591559312692,3.7135222694428593,1,11500.449010566932,6.4350267643548476,36.02490478236669,35,0,0
49.83306539967389,4.026882879846901,0,20636.18862564834,6.76567069851566,85.39382368561456,12,2,0
26.84904632332524,3.1468216362443826,1,23186.249744260524,4.147730664174556,44.54356657389036,2,1,2
23.59513245254145,0.800289248081566,1,57124.9732985387,8.63211343871809,91.16020875290536,41,1,2
23.526656294455808,3.260959293007583,1,9180.585766074963,2.2827307367807177,1.6015337041798006,15,2,2
18.081785981491393,2.710312743777326,1,111419.55082353578,2.695969950619501,106.12129785181611,3,0,1
48.675488899472,3.3909766723873247,0,25623.628393994186,2.7690817851372342,2.4211297938316623,15,2,0
22.673832189962923,2.36949292241277,1,79090.734261367,6.686759434331924,6.186169070926557,15,0,2
23.62204787392617,1.7101867734497738,1,27709.30675428945,7.945584224666452,34.970335549581975,1,0,0
16.539648780064113,3.1235399483396775,1,6829.3085776505595,8.287395709234918,17.21634553059874,20,2,0
19.750928519763495,3.097888146461308,1,33324.23531872772,3.8678804476118858,17.23762491386195,50,2,0
39.157027462948975,1.9453837664530087,1,7946.599075414412,4.187340498265366,22.759357523256124,3,1,0
41.22733325728047,2.7014890966668395,1,10519.510108422377,6.082263877734432,25.341148757887353,70,1,2
25.33051135109079,3.4179484603610892,0,104848.68839254256,9.529821723207942,69.51084509971462,42,2,0
14.423978421522165,3.1237618858911462,0,89967.81941116991,1.79587818857323,19.369686911428225,64,0,1
28.212591559312692,3.7135222694428593,0,11599.658711310632,6.4350267643548476,57.83217452062186,26,0,0
23.25178484054011,0.09108677889373362,0,33762.49408311049,6.694787182846032,83.26712636269929,12,2,2
25.94541561198718,3.2712857486606195,0,8457.591084631742,5.087016625967292,1.877347601001662,61,2,2
49.69781781721903,2.710312743777326,1,112267.40088557666,3.4120968776458938,106.12129785181611,11,0,1
22.361092560697024,4.256705065430941,0,101598.74034737782,1.6275688584806092,90.53601691304326,12,2,0
41.300430672599276,4.695146229480093,0,93221.42080623537,3.776146216412337,90.22235169833134,65,1,0
16.654452054871033,0.06411559235420361,1,83824.57833933954,5.53792160943275,86.88240830802312,66,2,2
33.74759440195823,4.141641489949194,0,80703.63988842617,9.725555093109687,115.33999980414812,86,2,2
23.868365022808078,1.2666194534136022,1,3976.4065181428286,2.7340915225562625,17.30291066780338,44,2,0
19.695194857995762,3.1235399483396775,1,6827.333202121027,8.590245930523531,9.926363465782337,20,2,2
25.705071213043826,3.8220918009246176,0,36136.21172738357,7.855572735072749,88.76582581183153,20,2,1
47.37312617125033,4.234981120102228,0,69254.49041019275,3.671842936122495,2.1819068802955055,22,1,2
33.1343729716861,4.703014584470181,0,99510.12721898222,5.757702789221954,75.60346386121805,10,0,0
30.727012964077485,3.17352723684248,0,53146.89708222552,0.2673177416148964,74.83897174595177,72,2,2
42.143834964451955,4.296042689930403,0,29932.38211377808,9.811644473190938,110.89970682302675,77,0,1
30.148210198588522,2.488493679376282,1,76145.40500162057,4.925403622664906,11.740840772955483,47,1,0
14.504936620224683,1.1668042479605556,0,114227.25994244321,1.53676515486051,42.252636354076,69,2,2
15.24558695396272,0.800289248081566,1,58275.62723610387,7.933967553526559,91.16020875290536,41,1,2
38.73777687985729,2.4893872248442035,1,67471.82693689785,8.713925099253956,41.82840887705045,73,2,2
28.671570893953287,3.726767009110999,1,34816.21882055653,7.36505236153433,34.970335549581975,35,0,0
18.35325666528619,2.2467164147703005,1,90426.65415001108,9.830233856954337,21.531327002383563,48,0,1
48.675488899472,3.4063878753326553,0,17587.477645535346,2.772718365351261,2.4211297938316623,6,2,0
20.814185518611296,0.6265772660988833,0,80360.75679540205,5.536755147648968,63.48165393163063,18,1,2
41.310949567724315,4.858556320362782,1,26259.08942833115,4.402149424262105,7.672238179891098,45,0,0
22.673832189962923,2.36949292241277,1,81062.67210818034,6.383880726357099,56.30239226350301,15,0,1
39.846405550421096,4.134181274357438,0,60259.40907598041,2.8049544657283985,88.03236422461566,30,2,1
22.673832189962923,1.4127117532041544,1,81089.70685734393,6.383880726357099,87.66504370178002,30,0,1
19.022443322982408,0.8607738620746885,0,59944.11636457317,1.8244576256022418,93.08159666670001,41,0,1
38.7468933543495,2.4893872248442035,1,67383.19316455336,8.752869047660543,41.82840887705045,73,2,2
25.705071213043826,3.8220918009246176,0,36136.21172738357,7.855572735072749,88.81696572128918,18,2,1
21.237524030282607,4.695146229480093,0,93170.87942998199,3.8032700281571277,91.90552085819272,65,1,0
20.65705825527737,3.120554351631325,1,26049.00388213434,8.709399256300877,9.926363465782337,20,2,2
18.29710382810613,2.8068501576599934,1,70143.56832241794,3.4515084889568826,86.88240830802312,66,0,1
20.82825992113076,0.6799827757286254,0,108849.63563195628,1.3345516830092925,41.99129848947792,58,2,2
19.45573600671488,3.3902234294019147,0,17587.477645535346,2.45995105780311,2.4211297938316623,6,2,0
27.924502773021853,4.141641489949194,0,80703.63988842617,9.725555093109687,115.33999980414812,86,2,2
42.77979135902525,4.7452137266739856,0,99510.12721898222,9.814409144734661,110.13271339557818,10,0,0
30.73601809135532,3.1648797612698054,0,54157.11948779363,0.3822004176013627,76.384051194122,47,2,2
28.671570893953287,3.726767009110999,1,28182.660737041377,7.445563772203787,3.903589748407148,35,0,0
26.01281367327098,3.2712857486606195,0,8457.591084631742,3.0709742607650927,1.877347601001662,61,2,2
23.500102123986718,0.09108677889373362,0,33452.07860610944,6.087684983935712,23.140591522422955,12,2,2
39.846405550421096,4.107124125242216,0,60232.374326811456,2.8049544657283985,56.669712775964285,11,2,1
14.449719230085217,3.0632851208453578,1,89298.38873226168,7.9054227321138395,17.452231004243842,63,1,2
39.147910988456765,1.9112994270114274,1,6647.63429199922,5.803500232054671,22.759357523256124,3,1,0
25.33051135109079,3.4179484603610892,0,104848.68839254256,9.529821723207942,69.45970519022487,44,2,0
42.423896734020886,4.256705065430941,0,101649.28172363083,1.6004450733380984,90.53601691304326,12,2,0
40.349072643604245,4.858909551325239,1,7037.4806178897015,4.282925558964687,7.672238179891098,45,0,0
49.69781781721903,0.012929417350067585,1,112267.40088557666,5.4985099981249315,97.47628649537836,11,2,2
14.836267904261781,0.64349907033817,0,80360.75679540205,5.739031381714941,63.74299179623324,19,1,2
47.450650346332765,2.2467164147703005,1,90426.65415001108,7.955343388705311,21.531327002383563,48,0,1
34.253721144882455,3.7135222694428593,0,10761.526316912576,6.571436866503881,57.83217452062186,32,0,0
32.77400233114346,3.7486430125428543,0,29932.38211377808,5.735229065776385,76.36977682134051,77,0,1
31.306523210722155,1.6740951399820045,1,75135.18259604885,4.925403622664906,10.217239769579173,70,1,0
47.37312617125033,4.234981120102228,0,68245.03591517685,3.849148814561222,33.313101497317675,22,1,2
23.868365022808078,1.1033613086481981,1,3976.4065181428286,4.960472413664704,17.30291066780338,44,2,0
40.97901105955761,2.7014890966668395,1,10829.9376623432,6.689366076644753,85.46790054105568,70,1,2
39.157027462948975,1.9453837664530087,1,7946.599075414412,4.241699064930849,19.497003962102706,0,1,0
23.835813598880907,1.1028912770917279,1,1495.450068295493,1.7335170627856331,99.8046741642497,44,2,0
15.24558695396272,0.8860476819645899,1,58275.62723610387,7.933967553526559,90.88846133011617,41,1,2
22.367839678585806,1.4127117532041544,1,81089.70685734393,6.383880726357099,87.66504370178002,30,1,0
19.45573600671488,3.3902234294019147,0,17587.477645535346,2.45995105780311,92.52918227989908,5,2,0
49.69781781721903,2.710312743777326,1,110615.84078590505,3.4120968776458938,106.12129785181611,11,0,1
22.856479320370376,3.726767009110999,1,82048.54754325695,6.405773673942119,34.970335549581975,14,0,0
37.967002881535215,4.858909551325239,0,7037.4806178897015,4.282925558964687,54.19068541434021,37,0,0
20.65705825527737,3.109447244146752,1,10686.739801344665,8.769565887470595,9.926363465782337,20,2,1
28.671570893953287,0.04132940323680223,1,31176.029770915677,7.382072772187321,3.3266911302407065,35,0,0
25.676951312132907,0.07410079994461971,0,33739.341147009705,6.694787182846032,89.91722661714437,12,2,2
22.1714044508074,3.8220918009246176,0,36136.21172738357,7.702936555493018,88.76582581183153,24,2,1
41.310949567724315,4.858556320362782,1,25521.23375702406,8.575213904549315,10.050287835180654,45,0,0
39.846405550421096,4.107124125242216,1,60232.374326811456,2.7375474105784585,56.669712775964285,10,2,1
39.147910988456765,1.9112994270114274,0,6647.63429199922,5.803500232054671,2.6139314020691637,3,1,0
42.423896734020886,4.256705065430941,0,101649.28172363083,1.5460868127142593,91.57336578983069,12,2,0
19.054994746910797,0.8675316783921747,0,63548.721439058514,5.05141386019879,10.660944552492808,41,0,1
42.77979135902525,4.650969927533574,0,99510.12721898222,9.814409144734661,110.4044535657263,10,0,0
30.454202710005468,2.843676141896904,1,76145.40500162057,4.925403622664906,11.740840772955483,47,0,1
22.361092560697024,4.256705065430941,0,101598.74034737782,1.6275688584806092,2.3555329095753494,12,2,0
27.846703773201757,3.3703284189759564,0,13148.647023287718,6.4350267643548476,57.83217452062186,26,0,0
28.731902690010507,2.36949292241277,1,19763.360954720276,7.958527105898913,51.81428020273504,36,0,1
40.1484903672306,3.7135222694428593,1,10761.526316912576,6.571436866503881,11.323121346173377,38,0,0
18.35325666528619,2.257823522254843,1,103112.03266341238,9.769839825733607,21.531327002383563,48,0,2
16.654452054871033,3.7928154937860463,1,81058.11015504794,5.182311030438022,86.88240830802312,58,2,2
23.279904741451027,3.8524908351776115,0,36159.364663484346,7.855572735072749,88.81696572128918,21,2,1
21.844835773117474,0.7069982972431289,0,108849.63563195628,1.3345516830092925,41.99129848947792,58,2,2
19.695194857995762,3.1235399483396775,1,7565.247307945887,4.417164236719472,7.548313810492781,20,2,2
23.868365022808078,1.2666194534136022,0,4933.97801505298,2.6122072340808096,28.19577144085559,39,2,0
48.675488899472,3.4063878753326553,1,17587.477645535346,2.2047562472374436,24.601943527086714,6,2,0
22.361092560697024,4.256705065430941,0,99146.06565613172,1.6275688584806092,2.3555329095753494,6,2,0
29.086351902434092,2.395425803589234,1,16518.364661156807,4.350926422331596,8.824604689268693,21,2,2
37.9556089147765,1.4706151470909306,0,7037.4806178897015,6.438800934572077,56.316245115851736,29,0,0
40.11939745761002,4.858909551325239,1,7037.4806178897015,4.282925558964687,7.672238179891098,45,0,0
28.703734565394726,0.04132940323680223,0,18191.400788341416,7.351827679671621,73.63487905091043,34,0,0
20.65705825527737,3.2308112457632676,1,6685.822231506785,6.005801957034245,23.0402581232229,20,1,1
40.1484903672306,3.7940440643008833,1,10761.526316912576,6.571436866503881,5.136694784080831,38,0,0
41.310949567724315,4.858556320362782,1,26259.08942833115,2.214081422743007,25.073347201949463,45,0,0
22.686286427759534,1.317769114616119,0,81089.70685734393,6.435005643496234,87.66504370178002,26,0,1
25.761384058173636,3.8317216044673676,1,3976.4065181428286,2.4716972196740823,16.355976853511443,44,2,0
20.65705825527737,3.1167491218789776,1,26049.00388213434,2.864459466855842,110.15951659812333,22,0,2
39.05426844178941,1.944245274831755,0,36048.26443612742,4.187340498265366,22.759357523256124,3,2,0
49.69781781721903,2.710312743777326,0,15200.674180992813,3.621314062223766,0.987978445826279,2,1,1
23.835813598880907,1.1028912770917279,1,1495.450068295493,1.4421397065415429,99.8046741642497,44,2,0
19.45573600671488,3.1947034738589037,0,17587.477645535346,2.7662331763344934,2.4211297938316623,6,2,0
23.868365022808078,1.1033613086481981,1,6870.666858456207,4.960472413664704,18.407632529458176,44,2,0
19.34074565500414,3.097607067163209,1,19712.47310473675,8.02476422022598,51.81428020273504,36,0,1
22.37923362661919,4.228351129652033,1,81089.70685734393,4.228005350745048,70.97456964917897,43,1,0
27.814540101760315,3.2838718467950874,1,13148.647023287718,6.465271856870547,0.5932415345402262,27,0,0
39.147910988456765,1.9112994270114274,1,10648.551861842136,8.567261625411685,9.645463063963525,3,2,0
19.45573600671488,3.3902234294019147,0,17587.477645535346,2.45995105780311,98.16568370592414,5,2,0
48.675488899472,3.4369197906260185,1,22919.05704546775,4.392824249519631,7.200869010576028,6,2,0
28.20013732151618,3.7147323038310507,1,11599.658711310632,6.3839018472157125,57.83217452062186,34,0,0
23.812052177678265,1.2569890182715722,0,36136.21172738357,7.590835649672014,81.1106420428814,18,2,1
49.69781781721903,2.7141179735296737,1,110615.84078590505,9.250289679744172,6.204560424889252,11,2,1
23.62174008940474,3.853629227002982,1,8058.053057818646,7.855572735072749,88.81696572128918,27,1,1
42.175021000708384,1.9112994270114274,1,103772.6142740566,5.027429513406626,111.24642974486633,12,0,0
28.671570893953287,3.726767009110999,1,28182.660737041377,7.139281956080909,3.903589748407148,35,0,0
22.39043724298458,1.4124063122402206,1,3976.4065181428286,6.386228805363943,17.92290181766405,44,2,0
23.84576745840931,1.103666749612132,1,81089.70685734393,5.604614809663574,87.66504370178002,32,1,0
48.675488899472,1.0284011435228262,1,16959.65009278227,4.870200521000626,24.601943527086714,7,2,0
39.147910988456765,1.9112994270114274,1,1788.9137191553782,5.803500232054671,27.11042973583441,2,1,0
18.57410772023935,3.109447244146752,0,10460.041047849098,8.769565887470595,12.453708269249233,20,2,1
39.147910988456765,1.9112994270114274,0,6647.63429199922,5.7811306473953215,2.6139314020691637,3,1,0
22.90561228310445,3.39667541714886,1,80974.30804692474,6.405773673942119,37.821083729707425,14,0,0
14.210445993199706,3.1167491218789776,1,25088.51486899799,2.889671771064782,108.92549391496094,22,0,2
28.671570893953287,0.04132940323680223,1,31176.029770915677,7.054242173298343,3.3266911302407065,35,0,0
39.147910988456765,1.9112994270114274,1,10453.67215779421,7.964391586587792,52.245149335511876,3,2,0
35.29524160510759,3.699648514003493,1,16223.102972893714,6.792761583838121,58.475148933730544,29,0,0
27.82462809683203,3.2838718467950874,1,1135.339082528667,6.528268181575444,0.011688044561218192,44,2,0
19.817969769575253,3.3902234294019147,0,17492.45579687311,2.45995105780311,92.52918227989908,34,2,0
23.868365022808078,1.1346647119528463,1,3976.4065181428286,2.7340915225562625,15.130075474441142,44,2,0
19.695194857995762,3.1235399483396775,1,28394.959637052834,4.417164236719472,7.488524433036526,33,2,2
21.940322340857172,1.4127117532041544,1,81089.70685734393,4.209301216099743,87.66504370178002,30,0,1
29.0429661995396,3.1947034738589037,0,17677.529150766273,2.7743514403247254,2.4211297938316623,21,2,0
23.905168343735184,3.4813515614410484,1,7498.494698818675,2.2950281491199855,21.55776850176447,44,2,0
40.349072643604245,4.665150684174735,1,7037.4806178897015,4.282925558964687,7.672238179891098,49,0,0
20.656807319706363,3.3902234294019147,1,17814.176399117372,2.45995105780311,2.4434187142207535,3,2,0
23.812052177678265,1.1642824221273813,0,36136.21172738357,7.590835649672014,75.55769207155919,18,2,1
19.406603043980816,3.434367311785876,0,18662.6426658827,2.45995105780311,95.31474052479977,5,2,0
22.361092560697024,4.256705065430941,0,102555.57617966071,1.6023565543329603,4.425052344020962,12,2,0
23.84576745840931,1.103666749612132,1,81089.70685734393,5.621043694086764,87.66504370178002,37,1,0
28.731902690010507,2.36949292241277,1,19958.24066067786,8.561397144722799,9.21745224959379,36,0,1
39.930818608053755,1.471257950013437,0,7113.153681724418,6.572448622123328,3.247217181393072,38,0,0
23.82572560380919,1.1028912770917279,1,13532.900200026503,0.24996850955368477,98.8533942241474,27,0,0
39.78625921655238,3.7135222694428593,1,10856.54816558866,6.571436866503881,11.323121346173377,9,0,0
42.175021000708384,1.9006364440679782,1,103772.6142740566,5.027429513406626,113.1513833963267,12,0,0
28.671570893953287,3.726767009110999,1,7353.038869760752,7.445563772203787,7.497030142483325,16,0,0
33.208965922291284,1.943652560846839,1,9795.627702647811,6.361920008520597,22.759357523256124,3,1,0
19.4991217138186,2.395425803589234,1,16428.31315592588,3.9055311233677115,8.824604689268693,6,2,2
