bandwidth,cruise_speed,firm_obstacle,illuminance,obstacle_distance,obstacle_size,power,quality,smoke_intensity
47.62923343507655,0.006980736318361047,1,76848.90515471675,3.200620359483992,59.70854972869398,77,1,0
47.62923343507655,0.006980736318361047,1,76848.90515471675,3.200620359483992,59.70854972869398,37,1,0
47.62923343507655,0.006980736318361047,1,76848.90515471675,3.200620359483992,59.70854972869398,66,1,0
47.62923343507655,0.006980736318361047,1,76848.90515471675,3.200620359483992,59.70854972869398,20,1,0
47.62923343507655,0.006980736318361047,1,76848.90515471675,3.200620359483992,59.70854972869398,95,1,0
47.62923343507655,0.006980736318361047,1,76848.90515471675,3.200620359483992,59.70854972869398,8,1,0
47.62923343507655,0.006980736318361047,1,76848.90515471675,3.200620359483992,59.70854972869398,26,1,0
47.62923343507655,0.006980736318361047,1,76848.90515471675,3.200620359483992,59.70854972869398,65,1,0
47.62923343507655,0.006980736318361047,1,76848.90515471675,3.200620359483992,59.70854972869398,1,1,0
47.62923343507655,0.006980736318361047,1,76848.90515471675,3.200620359483992,59.70854972869398,46,1,0
47.62923343507655,0.006980736318361047,1,76848.90515471675,3.200620359483992,59.70854972869398,14,1,0
47.62923343507655,0.006980736318361047,1,76848.90515471675,3.200620359483992,59.70854972869398,99,1,0
47.62923343507655,0.006980736318361047,1,76848.90515471675,3.200620359483992,59.70854972869398,33,1,0
47.62923343507655,0.006980736318361047,1,76848.90515471675,3.200620359483992,59.70854972869398,86,1,0
47.62923343507655,0.006980736318361047,1,76848.90515471675,3.200620359483992,59.70854972869398,32,1,0
47.62923343507655,0.006980736318361047,1,76848.90515471675,3.200620359483992,59.70854972869398,84,1,0
47.62923343507655,0.006980736318361047,1,76848.90515471675,3.200620359483992,59.70854972869398,5,1,0
47.62923343507655,0.006980736318361047,1,76848.90515471675,3.200620359483992,59.70854972869398,5,1,0
47.62923343507655,0.006980736318361047,1,76848.90515471675,3.200620359483992,59.70854972869398,27,1,0
47.62923343507655,0.006980736318361047,1,76848.90515471675,3.200620359483992,59.70854972869398,56,1,0
47.62923343507655,0.006980736318361047,1,76848.90515471675,3.200620359483992,59.70854972869398,16,1,0
47.62923343507655,0.006980736318361047,1,76848.90515471675,3.200620359483992,59.70854972869398,61,1,0
47.62923343507655,0.006980736318361047,1,76848.90515471675,3.200620359483992,59.70854972869398,52,1,0
47.62923343507655,0.006980736318361047,1,76848.90515471675,3.200620359483992,59.70854972869398,5,1,0
47.62923343507655,0.006980736318361047,1,76848.90515471675,3.200620359483992,59.70854972869398,34,1,0
47.62923343507655,0.006980736318361047,1,76848.90515471675,3.200620359483992,59.70854972869398,48,1,0
47.62923343507655,0.006980736318361047,1,76848.90515471675,3.200620359483992,59.70854972869398,91,1,0
47.62923343507655,0.006980736318361047,1,76848.90515471675,3.200620359483992,59.70854972869398,33,1,0
47.62923343507655,0.006980736318361047,1,76848.90515471675,3.200620359483992,59.70854972869398,33,1,0
47.62923343507655,0.006980736318361047,1,76848.90515471675,3.200620359483992,59.70854972869398,21,1,0
42.508177830926435,3.9850836636832203,1,49035.567688945295,5.061002518361507,74.95936766344722,81,0,1
42.508177830926435,2.104494448697996,1,49035.567688945295,5.061002518361507,74.95936766344722,81,0,1
42.508177830926435,0.5159155426555445,1,49035.567688945295,5.061002518361507,74.95936766344722,81,0,1
42.508177830926435,1.8453530927511341,1,49035.567688945295,5.061002518361507,74.95936766344722,81,0,1
42.508177830926435,4.574222133487556,1,49035.567688945295,5.061002518361507,74.95936766344722,81,0,1
42.508177830926435,1.9479857737022703,1,49035.567688945295,5.061002518361507,74.95936766344722,81,0,1
42.508177830926435,0.9366792945657448,1,49035.567688945295,5.061002518361507,74.95936766344722,81,0,1
42.508177830926435,0.33368077523420026,1,49035.567688945295,5.061002518361507,74.95936766344722,81,0,1
42.508177830926435,2.5608577919732873,1,49035.567688945295,5.061002518361507,74.95936766344722,81,0,1
42.508177830926435,3.33777992455254,1,49035.567688945295,5.061002518361507,74.95936766344722,81,0,1
42.508177830926435,2.064047921346392,1,49035.567688945295,5.061002518361507,74.95936766344722,81,0,1
42.508177830926435,4.241597019119955,1,49035.567688945295,5.061002518361507,74.95936766344722,81,0,1
42.508177830926435,2.622445315733917,1,49035.567688945295,5.061002518361507,74.95936766344722,81,0,1
42.508177830926435,3.9871715401236614,1,49035.567688945295,5.061002518361507,74.95936766344722,81,0,1
42.508177830926435,2.825762017529841,1,49035.567688945295,5.061002518361507,74.95936766344722,81,0,1
42.508177830926435,2.9539945114838146,1,49035.567688945295,5.061002518361507,74.95936766344722,81,0,1
42.508177830926435,2.0624828827364174,1,49035.567688945295,5.061002518361507,74.95936766344722,81,0,1
42.508177830926435,0.5486007950111077,1,49035.567688945295,5.061002518361507,74.95936766344722,81,0,1
42.508177830926435,3.5229514379193665,1,49035.567688945295,5.061002518361507,74.95936766344722,81,0,1
42.508177830926435,4.291967137301426,1,49035.567688945295,5.061002518361507,74.95936766344722,81,0,1
42.508177830926435,3.625140799450732,1,49035.567688945295,5.061002518361507,74.95936766344722,81,0,1
42.508177830926435,2.0978298781160367,1,49035.567688945295,5.061002518361507,74.95936766344722,81,0,1
42.508177830926435,0.4355374214792007,1,49035.567688945295,5.061002518361507,74.95936766344722,81,0,1
42.508177830926435,0.9289456218451453,1,49035.567688945295,5.061002518361507,74.95936766344722,81,0,1
42.508177830926435,2.7563230495548745,1,49035.567688945295,5.061002518361507,74.95936766344722,81,0,1
42.508177830926435,3.2942464791822634,1,49035.567688945295,5.061002518361507,74.95936766344722,81,0,1
42.508177830926435,0.13188944975686567,1,49035.567688945295,5.061002518361507,74.95936766344722,81,0,1
42.508177830926435,4.714600208006785,1,49035.567688945295,5.061002518361507,74.95936766344722,81,0,1
42.508177830926435,3.5731010680897657,1,49035.567688945295,5.061002518361507,74.95936766344722,81,0,1
42.508177830926435,3.6119427091978014,1,49035.567688945295,5.061002518361507,74.95936766344722,81,0,1
49.52695656296148,2.483578929048684,0,31313.968064362834,0.24251666734047994,77.80832350210156,87,0,1
34.8329640367748,2.483578929048684,0,31313.968064362834,0.24251666734047994,77.80832350210156,87,0,1
29.697190176435903,2.483578929048684,0,31313.968064362834,0.24251666734047994,77.80832350210156,87,0,1
18.97613823583307,2.483578929048684,0,31313.968064362834,0.24251666734047994,77.80832350210156,87,0,1
37.4097259934819,2.483578929048684,0,31313.968064362834,0.24251666734047994,77.80832350210156,87,0,1
37.97409767172532,2.483578929048684,0,31313.968064362834,0.24251666734047994,77.80832350210156,87,0,1
48.10866550013788,2.483578929048684,0,31313.968064362834,0.24251666734047994,77.80832350210156,87,0,1
47.358772757947804,2.483578929048684,0,31313.968064362834,0.24251666734047994,77.80832350210156,87,0,1
29.652553289245375,2.483578929048684,0,31313.968064362834,0.24251666734047994,77.80832350210156,87,0,1
44.10142592045754,2.483578929048684,0,31313.968064362834,0.24251666734047994,77.80832350210156,87,0,1
48.32139067485,2.483578929048684,0,31313.968064362834,0.24251666734047994,77.80832350210156,87,0,1
26.669280921647605,2.483578929048684,0,31313.968064362834,0.24251666734047994,77.80832350210156,87,0,1
34.255257347513734,2.483578929048684,0,31313.968064362834,0.24251666734047994,77.80832350210156,87,0,1
33.73918912210978,2.483578929048684,0,31313.968064362834,0.24251666734047994,77.80832350210156,87,0,1
29.218173645321173,2.483578929048684,0,31313.968064362834,0.24251666734047994,77.80832350210156,87,0,1
28.761823306727933,2.483578929048684,0,31313.968064362834,0.24251666734047994,77.80832350210156,87,0,1
18.86245001735899,2.483578929048684,0,31313.968064362834,0.24251666734047994,77.80832350210156,87,0,1
17.503943750736223,2.483578929048684,0,31313.968064362834,0.24251666734047994,77.80832350210156,87,0,1
22.334921444208394,2.483578929048684,0,31313.968064362834,0.24251666734047994,77.80832350210156,87,0,1
33.682152640417804,2.483578929048684,0,31313.968064362834,0.24251666734047994,77.80832350210156,87,0,1
36.37981132466939,2.483578929048684,0,31313.968064362834,0.24251666734047994,77.80832350210156,87,0,1
42.774541989714535,2.483578929048684,0,31313.968064362834,0.24251666734047994,77.80832350210156,87,0,1
21.477223379597568,2.483578929048684,0,31313.968064362834,0.24251666734047994,77.80832350210156,87,0,1
30.632681437001736,2.483578929048684,0,31313.968064362834,0.24251666734047994,77.80832350210156,87,0,1
28.133110740754724,2.483578929048684,0,31313.968064362834,0.24251666734047994,77.80832350210156,87,0,1
16.820193568896926,2.483578929048684,0,31313.968064362834,0.24251666734047994,77.80832350210156,87,0,1
49.26944325579661,2.483578929048684,0,31313.968064362834,0.24251666734047994,77.80832350210156,87,0,1
23.420843650782043,2.483578929048684,0,31313.968064362834,0.24251666734047994,77.80832350210156,87,0,1
37.62924013437182,2.483578929048684,0,31313.968064362834,0.24251666734047994,77.80832350210156,87,0,1
37.65809127675537,2.483578929048684,0,31313.968064362834,0.24251666734047994,77.80832350210156,87,0,1
46.53478344967981,0.3719490419339688,1,5920.901136537947,5.122622958551506,73.89440675212344,80,1,1
46.53478344967981,0.3719490419339688,1,5920.901136537947,5.122622958551506,73.89440675212344,80,2,1
46.53478344967981,0.3719490419339688,1,5920.901136537947,5.122622958551506,73.89440675212344,80,2,1
46.53478344967981,0.3719490419339688,1,5920.901136537947,5.122622958551506,73.89440675212344,80,2,1
46.53478344967981,0.3719490419339688,1,5920.901136537947,5.122622958551506,73.89440675212344,80,0,1
46.53478344967981,0.3719490419339688,1,5920.901136537947,5.122622958551506,73.89440675212344,80,2,1
46.53478344967981,0.3719490419339688,1,5920.901136537947,5.122622958551506,73.89440675212344,80,1,1
46.53478344967981,0.3719490419339688,1,5920.901136537947,5.122622958551506,73.89440675212344,80,0,1
46.53478344967981,0.3719490419339688,1,5920.901136537947,5.122622958551506,73.89440675212344,80,2,1
46.53478344967981,0.3719490419339688,1,5920.901136537947,5.122622958551506,73.89440675212344,80,2,1
46.53478344967981,0.3719490419339688,1,5920.901136537947,5.122622958551506,73.89440675212344,80,2,1
46.53478344967981,0.3719490419339688,1,5920.901136537947,5.122622958551506,73.89440675212344,80,0,1
46.53478344967981,0.3719490419339688,1,5920.901136537947,5.122622958551506,73.89440675212344,80,1,1
46.53478344967981,0.3719490419339688,1,5920.901136537947,5.122622958551506,73.89440675212344,80,0,1
46.53478344967981,0.3719490419339688,1,5920.901136537947,5.122622958551506,73.89440675212344,80,2,1
46.53478344967981,0.3719490419339688,1,5920.901136537947,5.122622958551506,73.89440675212344,80,2,1
46.53478344967981,0.3719490419339688,1,5920.901136537947,5.122622958551506,73.89440675212344,80,2,1
46.53478344967981,0.3719490419339688,1,5920.901136537947,5.122622958551506,73.89440675212344,80,2,1
46.53478344967981,0.3719490419339688,1,5920.901136537947,5.122622958551506,73.89440675212344,80,1,1
46.53478344967981,0.3719490419339688,1,5920.901136537947,5.122622958551506,73.89440675212344,80,2,1
46.53478344967981,0.3719490419339688,1,5920.901136537947,5.122622958551506,73.89440675212344,80,0,1
46.53478344967981,0.3719490419339688,1,5920.901136537947,5.122622958551506,73.89440675212344,80,0,1
46.53478344967981,0.3719490419339688,1,5920.901136537947,5.122622958551506,73.89440675212344,80,2,1
46.53478344967981,0.3719490419339688,1,5920.901136537947,5.122622958551506,73.89440675212344,80,2,1
46.53478344967981,0.3719490419339688,1,5920.901136537947,5.122622958551506,73.89440675212344,80,0,1
46.53478344967981,0.3719490419339688,1,5920.901136537947,5.122622958551506,73.89440675212344,80,1,1
46.53478344967981,0.3719490419339688,1,5920.901136537947,5.122622958551506,73.89440675212344,80,2,1
46.53478344967981,0.3719490419339688,1,5920.901136537947,5.122622958551506,73.89440675212344,80,1,1
46.53478344967981,0.3719490419339688,1,5920.901136537947,5.122622958551506,73.89440675212344,80,1,1
46.53478344967981,0.3719490419339688,1,5920.901136537947,5.122622958551506,73.89440675212344,80,2,1
38.79337554070033,3.251929484332636,1,13440.543022573871,5.3818152350637405,77.22606004551652,78,0,1
38.79337554070033,3.251929484332636,1,36183.20518255451,5.3818152350637405,77.22606004551652,78,0,1
38.79337554070033,3.251929484332636,1,17214.922377284103,5.3818152350637405,77.22606004551652,78,0,1
38.79337554070033,3.251929484332636,1,39322.790996280775,5.3818152350637405,77.22606004551652,78,0,1
38.79337554070033,3.251929484332636,1,94421.9721314891,5.3818152350637405,77.22606004551652,78,0,1
38.79337554070033,3.251929484332636,1,18012.258235457484,5.3818152350637405,77.22606004551652,78,0,1
38.79337554070033,3.251929484332636,1,91370.4561182098,5.3818152350637405,77.22606004551652,78,0,1
38.79337554070033,3.251929484332636,1,71778.12620734319,5.3818152350637405,77.22606004551652,78,0,1
38.79337554070033,3.251929484332636,1,39578.67074464159,5.3818152350637405,77.22606004551652,78,0,1
38.79337554070033,3.251929484332636,1,101976.88534646876,5.3818152350637405,77.22606004551652,78,0,1
38.79337554070033,3.251929484332636,1,5138.773319749233,5.3818152350637405,77.22606004551652,78,0,1
38.79337554070033,3.251929484332636,1,29255.118817340346,5.3818152350637405,77.22606004551652,78,0,1
38.79337554070033,3.251929484332636,1,60048.273336884595,5.3818152350637405,77.22606004551652,78,0,1
38.79337554070033,3.251929484332636,1,48052.16845149816,5.3818152350637405,77.22606004551652,78,0,1
38.79337554070033,3.251929484332636,1,46195.270714723694,5.3818152350637405,77.22606004551652,78,0,1
38.79337554070033,3.251929484332636,1,119661.34526949833,5.3818152350637405,77.22606004551652,78,0,1
38.79337554070033,3.251929484332636,1,65901.84879337707,5.3818152350637405,77.22606004551652,78,0,1
38.79337554070033,3.251929484332636,1,79352.69052552964,5.3818152350637405,77.22606004551652,78,0,1
38.79337554070033,3.251929484332636,1,54722.4129089349,5.3818152350637405,77.22606004551652,78,0,1
38.79337554070033,3.251929484332636,1,23873.682372403346,5.3818152350637405,77.22606004551652,78,0,1
38.79337554070033,3.251929484332636,1,12517.731096973623,5.3818152350637405,77.22606004551652,78,0,1
38.79337554070033,3.251929484332636,1,90680.02995659628,5.3818152350637405,77.22606004551652,78,0,1
38.79337554070033,3.251929484332636,1,86786.04760200184,5.3818152350637405,77.22606004551652,78,0,1
38.79337554070033,3.251929484332636,1,118996.54354936599,5.3818152350637405,77.22606004551652,78,0,1
38.79337554070033,3.251929484332636,1,30186.56306840533,5.3818152350637405,77.22606004551652,78,0,1
38.79337554070033,3.251929484332636,1,47274.476676277045,5.3818152350637405,77.22606004551652,78,0,1
38.79337554070033,3.251929484332636,1,45055.63826487378,5.3818152350637405,77.22606004551652,78,0,1
38.79337554070033,3.251929484332636,1,68859.54832630641,5.3818152350637405,77.22606004551652,78,0,1
38.79337554070033,3.251929484332636,1,5820.09022144574,5.3818152350637405,77.22606004551652,78,0,1
38.79337554070033,3.251929484332636,1,95693.68196634363,5.3818152350637405,77.22606004551652,78,0,1
37.129115765632136,2.6323241854802863,1,106931.70886248001,5.568105836221367,116.57668059979494,49,1,2
37.129115765632136,2.6323241854802863,1,106931.70886248001,5.568105836221367,116.57668059979494,49,1,2
37.129115765632136,2.6323241854802863,1,106931.70886248001,5.568105836221367,116.57668059979494,49,1,1
37.129115765632136,2.6323241854802863,1,106931.70886248001,5.568105836221367,116.57668059979494,49,1,0
37.129115765632136,2.6323241854802863,1,106931.70886248001,5.568105836221367,116.57668059979494,49,1,1
37.129115765632136,2.6323241854802863,1,106931.70886248001,5.568105836221367,116.57668059979494,49,1,2
37.129115765632136,2.6323241854802863,1,106931.70886248001,5.568105836221367,116.57668059979494,49,1,2
37.129115765632136,2.6323241854802863,1,106931.70886248001,5.568105836221367,116.57668059979494,49,1,1
37.129115765632136,2.6323241854802863,1,106931.70886248001,5.568105836221367,116.57668059979494,49,1,2
37.129115765632136,2.6323241854802863,1,106931.70886248001,5.568105836221367,116.57668059979494,49,1,1
37.129115765632136,2.6323241854802863,1,106931.70886248001,5.568105836221367,116.57668059979494,49,1,1
37.129115765632136,2.6323241854802863,1,106931.70886248001,5.568105836221367,116.57668059979494,49,1,0
37.129115765632136,2.6323241854802863,1,106931.70886248001,5.568105836221367,116.57668059979494,49,1,1
37.129115765632136,2.6323241854802863,1,106931.70886248001,5.568105836221367,116.57668059979494,49,1,2
37.129115765632136,2.6323241854802863,1,106931.70886248001,5.568105836221367,116.57668059979494,49,1,2
37.129115765632136,2.6323241854802863,1,106931.70886248001,5.568105836221367,116.57668059979494,49,1,1
37.129115765632136,2.6323241854802863,1,106931.70886248001,5.568105836221367,116.57668059979494,49,1,2
37.129115765632136,2.6323241854802863,1,106931.70886248001,5.568105836221367,116.57668059979494,49,1,0
37.129115765632136,2.6323241854802863,1,106931.70886248001,5.568105836221367,116.57668059979494,49,1,0
37.129115765632136,2.6323241854802863,1,106931.70886248001,5.568105836221367,116.57668059979494,49,1,0
37.129115765632136,2.6323241854802863,1,106931.70886248001,5.568105836221367,116.57668059979494,49,1,1
37.129115765632136,2.6323241854802863,1,106931.70886248001,5.568105836221367,116.57668059979494,49,1,2
37.129115765632136,2.6323241854802863,1,106931.70886248001,5.568105836221367,116.57668059979494,49,1,1
37.129115765632136,2.6323241854802863,1,106931.70886248001,5.568105836221367,116.57668059979494,49,1,0
37.129115765632136,2.6323241854802863,1,106931.70886248001,5.568105836221367,116.57668059979494,49,1,1
37.129115765632136,2.6323241854802863,1,106931.70886248001,5.568105836221367,116.57668059979494,49,1,1
37.129115765632136,2.6323241854802863,1,106931.70886248001,5.568105836221367,116.57668059979494,49,1,0
37.129115765632136,2.6323241854802863,1,106931.70886248001,5.568105836221367,116.57668059979494,49,1,2
37.129115765632136,2.6323241854802863,1,106931.70886248001,5.568105836221367,116.57668059979494,49,1,1
37.129115765632136,2.6323241854802863,1,106931.70886248001,5.568105836221367,116.57668059979494,49,1,0
25.32528927023098,1.3987877960920452,1,118309.22799699716,3.7643794514751026,59.74239990546371,68,0,2
25.32528927023098,1.3987877960920452,1,118309.22799699716,3.7643794514751026,50.423274767729154,68,0,2
25.32528927023098,1.3987877960920452,1,118309.22799699716,3.7643794514751026,16.847098211757583,68,0,2
25.32528927023098,1.3987877960920452,1,118309.22799699716,3.7643794514751026,94.64221274176718,68,0,2
25.32528927023098,1.3987877960920452,1,118309.22799699716,3.7643794514751026,9.90002675981518,68,0,2
25.32528927023098,1.3987877960920452,1,118309.22799699716,3.7643794514751026,99.18304860611376,68,0,2
25.32528927023098,1.3987877960920452,1,118309.22799699716,3.7643794514751026,39.10637472002037,68,0,2
25.32528927023098,1.3987877960920452,1,118309.22799699716,3.7643794514751026,43.10841215653624,68,0,2
25.32528927023098,1.3987877960920452,1,118309.22799699716,3.7643794514751026,26.893143617095458,68,0,2
25.32528927023098,1.3987877960920452,1,118309.22799699716,3.7643794514751026,102.54524293262125,68,0,2
25.32528927023098,1.3987877960920452,1,118309.22799699716,3.7643794514751026,119.70540532584532,68,0,2
25.32528927023098,1.3987877960920452,1,118309.22799699716,3.7643794514751026,22.61047563109823,68,0,2
25.32528927023098,1.3987877960920452,1,118309.22799699716,3.7643794514751026,75.42310139761169,68,0,2
25.32528927023098,1.3987877960920452,1,118309.22799699716,3.7643794514751026,5.1761992486046315,68,0,2
25.32528927023098,1.3987877960920452,1,118309.22799699716,3.7643794514751026,47.72427806642628,68,0,2
25.32528927023098,1.3987877960920452,1,118309.22799699716,3.7643794514751026,26.387507868858492,68,0,2
25.32528927023098,1.3987877960920452,1,118309.22799699716,3.7643794514751026,75.880280928594,68,0,2
25.32528927023098,1.3987877960920452,1,118309.22799699716,3.7643794514751026,24.343467598749218,68,0,2
25.32528927023098,1.3987877960920452,1,118309.22799699716,3.7643794514751026,73.46331056148897,68,0,2
25.32528927023098,1.3987877960920452,1,118309.22799699716,3.7643794514751026,115.34710255478508,68,0,2
25.32528927023098,1.3987877960920452,1,118309.22799699716,3.7643794514751026,30.01231735654404,68,0,2
25.32528927023098,1.3987877960920452,1,118309.22799699716,3.7643794514751026,15.417555785925057,68,0,2
25.32528927023098,1.3987877960920452,1,118309.22799699716,3.7643794514751026,102.8048597779051,68,0,2
25.32528927023098,1.3987877960920452,1,118309.22799699716,3.7643794514751026,6.462259785686877,68,0,2
25.32528927023098,1.3987877960920452,1,118309.22799699716,3.7643794514751026,88.80950408463808,68,0,2
25.32528927023098,1.3987877960920452,1,118309.22799699716,3.7643794514751026,106.94024705168292,68,0,2
25.32528927023098,1.3987877960920452,1,118309.22799699716,3.7643794514751026,16.188461200278063,68,0,2
25.32528927023098,1.3987877960920452,1,118309.22799699716,3.7643794514751026,61.831335651253966,68,0,2
25.32528927023098,1.3987877960920452,1,118309.22799699716,3.7643794514751026,117.07027452424828,68,0,2
25.32528927023098,1.3987877960920452,1,118309.22799699716,3.7643794514751026,18.0511002676565,68,0,2
23.36044884684221,0.6372571465132937,1,96393.4448735728,8.341848618720869,29.50952243807141,26,0,0
23.36044884684221,0.6372571465132937,1,96393.4448735728,6.719141503303373,29.50952243807141,26,0,0
23.36044884684221,0.6372571465132937,1,96393.4448735728,0.7213404347817687,29.50952243807141,26,0,0
23.36044884684221,0.6372571465132937,1,96393.4448735728,1.7069617474453025,29.50952243807141,26,0,0
23.36044884684221,0.6372571465132937,1,96393.4448735728,9.237372371390634,29.50952243807141,26,0,0
23.36044884684221,0.6372571465132937,1,96393.4448735728,0.65444520313796,29.50952243807141,26,0,0
23.36044884684221,0.6372571465132937,1,96393.4448735728,3.5600115939269394,29.50952243807141,26,0,0
23.36044884684221,0.6372571465132937,1,96393.4448735728,0.34786945396307223,29.50952243807141,26,0,0
23.36044884684221,0.6372571465132937,1,96393.4448735728,2.577112862407599,29.50952243807141,26,0,0
23.36044884684221,0.6372571465132937,1,96393.4448735728,2.1396366879697215,29.50952243807141,26,0,0
23.36044884684221,0.6372571465132937,1,96393.4448735728,7.9034089240585095,29.50952243807141,26,0,0
23.36044884684221,0.6372571465132937,1,96393.4448735728,0.8061955595765169,29.50952243807141,26,0,0
23.36044884684221,0.6372571465132937,1,96393.4448735728,1.1136910374577513,29.50952243807141,26,0,0
23.36044884684221,0.6372571465132937,1,96393.4448735728,5.424226170684969,29.50952243807141,26,0,0
23.36044884684221,0.6372571465132937,1,96393.4448735728,1.9951740948238461,29.50952243807141,26,0,0
23.36044884684221,0.6372571465132937,1,96393.4448735728,5.19672075629178,29.50952243807141,26,0,0
23.36044884684221,0.6372571465132937,1,96393.4448735728,0.5294216161275334,29.50952243807141,26,0,0
23.36044884684221,0.6372571465132937,1,96393.4448735728,1.871844472770341,29.50952243807141,26,0,0
23.36044884684221,0.6372571465132937,1,96393.4448735728,3.4314119860675287,29.50952243807141,26,0,0
23.36044884684221,0.6372571465132937,1,96393.4448735728,7.189270371538809,29.50952243807141,26,0,0
23.36044884684221,0.6372571465132937,1,96393.4448735728,8.28159404934944,29.50952243807141,26,0,0
23.36044884684221,0.6372571465132937,1,96393.4448735728,1.893141093634344,29.50952243807141,26,0,0
23.36044884684221,0.6372571465132937,1,96393.4448735728,5.065071570646729,29.50952243807141,26,0,0
23.36044884684221,0.6372571465132937,1,96393.4448735728,8.55413933168942,29.50952243807141,26,0,0
23.36044884684221,0.6372571465132937,1,96393.4448735728,5.332134265950637,29.50952243807141,26,0,0
23.36044884684221,0.6372571465132937,1,96393.4448735728,7.9169342721896,29.50952243807141,26,0,0
23.36044884684221,0.6372571465132937,1,96393.4448735728,8.512652179002032,29.50952243807141,26,0,0
23.36044884684221,0.6372571465132937,1,96393.4448735728,3.309698417210053,29.50952243807141,26,0,0
23.36044884684221,0.6372571465132937,1,96393.4448735728,6.137691358658483,29.50952243807141,26,0,0
23.36044884684221,0.6372571465132937,1,96393.4448735728,5.373543114239119,29.50952243807141,26,0,0
42.704997668839844,4.82183563966563,1,58818.68530643895,5.440519126909616,55.84275725641935,74,1,2
42.704997668839844,4.82183563966563,0,58818.68530643895,5.440519126909616,55.84275725641935,74,1,2
42.704997668839844,4.82183563966563,1,58818.68530643895,5.440519126909616,55.84275725641935,74,1,2
42.704997668839844,4.82183563966563,1,58818.68530643895,5.440519126909616,55.84275725641935,74,1,2
42.704997668839844,4.82183563966563,1,58818.68530643895,5.440519126909616,55.84275725641935,74,1,2
42.704997668839844,4.82183563966563,1,58818.68530643895,5.440519126909616,55.84275725641935,74,1,2
42.704997668839844,4.82183563966563,0,58818.68530643895,5.440519126909616,55.84275725641935,74,1,2
42.704997668839844,4.82183563966563,0,58818.68530643895,5.440519126909616,55.84275725641935,74,1,2
42.704997668839844,4.82183563966563,1,58818.68530643895,5.440519126909616,55.84275725641935,74,1,2
42.704997668839844,4.82183563966563,1,58818.68530643895,5.440519126909616,55.84275725641935,74,1,2
42.704997668839844,4.82183563966563,0,58818.68530643895,5.440519126909616,55.84275725641935,74,1,2
42.704997668839844,4.82183563966563,0,58818.68530643895,5.440519126909616,55.84275725641935,74,1,2
42.704997668839844,4.82183563966563,0,58818.68530643895,5.440519126909616,55.84275725641935,74,1,2
42.704997668839844,4.82183563966563,0,58818.68530643895,5.440519126909616,55.84275725641935,74,1,2
42.704997668839844,4.82183563966563,1,58818.68530643895,5.440519126909616,55.84275725641935,74,1,2
42.704997668839844,4.82183563966563,0,58818.68530643895,5.440519126909616,55.84275725641935,74,1,2
42.704997668839844,4.82183563966563,0,58818.68530643895,5.440519126909616,55.84275725641935,74,1,2
42.704997668839844,4.82183563966563,0,58818.68530643895,5.440519126909616,55.84275725641935,74,1,2
42.704997668839844,4.82183563966563,0,58818.68530643895,5.440519126909616,55.84275725641935,74,1,2
42.704997668839844,4.82183563966563,1,58818.68530643895,5.440519126909616,55.84275725641935,74,1,2
42.704997668839844,4.82183563966563,1,58818.68530643895,5.440519126909616,55.84275725641935,74,1,2
42.704997668839844,4.82183563966563,1,58818.68530643895,5.440519126909616,55.84275725641935,74,1,2
42.704997668839844,4.82183563966563,1,58818.68530643895,5.440519126909616,55.84275725641935,74,1,2
42.704997668839844,4.82183563966563,0,58818.68530643895,5.440519126909616,55.84275725641935,74,1,2
42.704997668839844,4.82183563966563,1,58818.68530643895,5.440519126909616,55.84275725641935,74,1,2
42.704997668839844,4.82183563966563,1,58818.68530643895,5.440519126909616,55.84275725641935,74,1,2
42.704997668839844,4.82183563966563,1,58818.68530643895,5.440519126909616,55.84275725641935,74,1,2
42.704997668839844,4.82183563966563,1,58818.68530643895,5.440519126909616,55.84275725641935,74,1,2
42.704997668839844,4.82183563966563,1,58818.68530643895,5.440519126909616,55.84275725641935,74,1,2
42.704997668839844,4.82183563966563,1,58818.68530643895,5.440519126909616,55.84275725641935,74,1,2
49.52695656296148,3.9850836636832203,1,13440.543022573871,8.341848618720869,59.74239990546371,77,1,2
34.8329640367748,2.104494448697996,0,36183.20518255451,6.719141503303373,50.423274767729154,37,2,2
29.697190176435903,0.5159155426555445,1,17214.922377284103,0.7213404347817687,16.847098211757583,66,2,1
18.97613823583307,1.8453530927511341,1,39322.790996280775,1.7069617474453025,94.64221274176718,20,2,0
37.4097259934819,4.574222133487556,1,94421.9721314891,9.237372371390634,9.90002675981518,95,0,1
37.97409767172532,1.9479857737022703,1,18012.258235457484,0.65444520313796,99.18304860611376,8,2,2
48.10866550013788,0.9366792945657448,0,91370.4561182098,3.5600115939269394,39.10637472002037,26,1,2
47.358772757947804,0.33368077523420026,0,71778.12620734319,0.34786945396307223,43.10841215653624,65,0,1
29.652553289245375,2.5608577919732873,1,39578.67074464159,2.577112862407599,26.893143617095458,1,2,2
44.10142592045754,3.33777992455254,1,101976.88534646876,2.1396366879697215,102.54524293262125,46,2,1
48.32139067485,2.064047921346392,0,5138.773319749233,7.9034089240585095,119.70540532584532,14,2,1
26.669280921647605,4.241597019119955,0,29255.118817340346,0.8061955595765169,22.61047563109823,99,0,0
34.255257347513734,2.622445315733917,0,60048.273336884595,1.1136910374577513,75.42310139761169,33,1,1
33.73918912210978,3.9871715401236614,0,48052.16845149816,5.424226170684969,5.1761992486046315,86,0,2
29.218173645321173,2.825762017529841,1,46195.270714723694,1.9951740948238461,47.72427806642628,32,2,2
28.761823306727933,2.9539945114838146,0,119661.34526949833,5.19672075629178,26.387507868858492,84,2,1
18.86245001735899,2.0624828827364174,0,65901.84879337707,0.5294216161275334,75.880280928594,5,2,2
17.503943750736223,0.5486007950111077,0,79352.69052552964,1.871844472770341,24.343467598749218,5,2,0
22.334921444208394,3.5229514379193665,0,54722.4129089349,3.4314119860675287,73.46331056148897,27,1,0
33.682152640417804,4.291967137301426,1,23873.682372403346,7.189270371538809,115.34710255478508,56,2,0
36.37981132466939,3.625140799450732,1,12517.731096973623,8.28159404934944,30.01231735654404,16,0,1
42.774541989714535,2.0978298781160367,1,90680.02995659628,1.893141093634344,15.417555785925057,61,0,2
21.477223379597568,0.4355374214792007,1,86786.04760200184,5.065071570646729,102.8048597779051,52,2,1
30.632681437001736,0.9289456218451453,0,118996.54354936599,8.55413933168942,6.462259785686877,5,2,0
28.133110740754724,2.7563230495548745,1,30186.56306840533,5.332134265950637,88.80950408463808,34,0,1
16.820193568896926,3.2942464791822634,1,47274.476676277045,7.9169342721896,106.94024705168292,48,1,1
49.26944325579661,0.13188944975686567,1,45055.63826487378,8.512652179002032,16.188461200278063,91,2,0
23.420843650782043,4.714600208006785,1,68859.54832630641,3.309698417210053,61.831335651253966,33,1,2
37.62924013437182,3.5731010680897657,1,5820.09022144574,6.137691358658483,117.07027452424828,33,1,1
37.65809127675537,3.6119427091978014,1,95693.68196634363,5.373543114239119,18.0511002676565,21,2,0
36.37981132466939,3.571407204173433,1,10172.817627556826,8.28159404934944,26.313011515091148,16,0,1
30.632681437001736,0.23960917837574092,0,117413.944931248,0.7976095511497658,6.462259785686877,8,2,0
34.255257347513734,2.27809247557137,1,62005.49026879583,1.1400913574960962,75.10939907835471,34,1,1
18.97613823583307,1.8573304313214092,1,39322.790996280775,1.7069617474453025,94.78192364383057,20,0,0
16.820193568896926,3.2982990373725922,1,47274.476676277045,5.3785201710449115,106.94024705168292,48,1,1
49.26944325579661,4.015887515162333,1,28540.858335058863,8.532699120790216,16.268368587211523,91,0,0
17.503943750736223,4.255819764899552,1,79352.69052552964,1.871844472770341,24.610966920769698,5,2,0
48.32139067485,2.064047921346392,0,5170.576454032333,8.343747440400161,119.68042086008282,14,2,1
32.70300894478618,4.686511192467132,1,40738.35946198182,2.5823500676795526,27.404417497176524,41,2,2
47.358772757947804,2.51285237389726,0,48266.83035989733,0.07781349756094236,43.10841215653624,65,0,1
48.238852396068175,1.2281021328734982,0,91370.4561182098,3.5600115939269394,25.219582381800976,25,1,2
34.8329640367748,2.104494448697996,0,64958.00907163353,6.719141503303373,50.423274767729154,37,2,2
42.774541989714535,2.0978298781160367,1,90728.75891005703,1.893141093634344,15.417555785925057,61,0,1
37.26089750568684,3.9748451469980597,1,92479.89251590162,9.831429826669194,9.987595034642478,95,0,1
29.799085728610912,3.6908959839020046,1,57192.55379837411,4.454062414755402,15.685567743625658,66,2,1
28.761823306727933,3.3363835046999366,0,119058.79141483692,5.19672075629178,25.85986038324719,84,2,1
36.55590444898416,1.9479857737022703,1,18508.88813565047,8.420638287877395,100.93216129728404,5,2,2
44.10142592045754,3.33777992455254,0,101976.88534646876,2.1132363680768362,102.85894379493618,46,2,1
27.891029667473017,2.74434571098467,1,30186.56306840533,5.332134265950637,88.6697931825747,34,2,1
37.65809127675537,3.6078901510074726,1,95693.68196634363,7.911957208188207,18.0511002676565,21,2,0
26.669280921647605,0.38043764255067547,0,45769.89874718868,0.792114884053237,22.530568244164805,99,2,0
33.682152640417804,0.5853517994789901,0,23873.682372403346,7.189270371538809,115.34710255478508,56,2,0
46.827013627500655,3.9850836636832203,1,16572.984521919483,7.901510102379216,57.231522451527404,77,1,2
23.9129972625946,2.5881800914471746,1,67699.8596092914,3.331513757830895,68.0524340218784,2,1,2
29.218173645321173,0.4629646385953503,1,69706.56656217299,1.9951740948238461,48.17721341606895,32,2,2
37.49665897098084,3.5731010680897657,1,5820.09022144574,6.137691358658483,113.39157046959863,33,1,1
18.86245001735899,2.0624828827364174,0,37127.04490546047,0.5294216161275334,72.40474644059104,5,2,2
21.477223379597568,0.4355374214792007,1,86737.3186485411,5.065071570646729,102.8048597779051,52,2,2
33.888017609904836,4.046320324699107,0,49994.24354965828,5.341678259446548,5.088630975482316,84,0,2
22.334921444208394,0.35246035320814717,0,16697.396938525548,0.5141951713752932,79.53697173314754,27,1,0
22.654334668812023,0.6896454969869997,0,117413.944931248,0.7976095511497658,6.462259785686877,9,2,0
37.62924013437182,3.580378034342815,1,79980.90822992323,6.137691358658483,23.56085083185954,5,1,1
23.420843650782043,4.714600208006785,0,68859.54832630641,2.9604809567516344,61.831335651253966,33,1,1
32.70300894478618,4.570434536858803,1,40738.35946198182,2.5823500676795526,114.54006747205626,17,2,2
14.579693919536137,3.5979935035945743,1,9970.557239266886,6.137691358658483,107.48257467396269,33,1,1
22.334921444208394,0.35246035320814717,0,16697.396938525548,8.120478113994185,107.8677146136285,27,1,1
33.8376367211427,2.74434571098467,1,31143.013836605158,5.332134265950637,88.6697931825747,34,2,1
28.782752295250827,3.3363835046999366,1,110248.19230556705,5.328430924712677,86.82824379203123,34,2,1
29.33430138892423,4.291967137301426,1,24443.18060172059,2.2406455899856548,117.10165632646843,56,2,0
36.028664398682864,3.7233928391618716,1,3254.80572924214,0.4101460785262834,26.72940914923098,17,2,1
18.97613823583307,1.8573304313214092,1,62289.94584210021,1.7069617474453025,94.78192364383057,34,0,0
18.86245001735899,2.0624828827364174,0,65901.84879337707,1.1225396621506412,74.86725395910779,5,2,2
36.55590444898416,1.9479857737022703,1,18508.88813565047,8.420638287877395,102.15371951480498,25,2,2
23.9129972625946,2.5881800914471746,1,67699.8596092914,3.331513757830895,68.25675031904738,2,2,0
29.218173645321173,2.825762017529841,1,47237.26924787925,1.8675633653334394,47.889649929163824,30,2,2
30.31326821242904,3.5229514379193665,0,54722.4129089349,3.4314119860675287,73.46331056148897,28,1,0
17.549589890782933,4.248542798551057,1,5367.968956189747,1.871844472770341,117.24607244300188,33,2,0
34.255257347513734,2.622445315733917,1,60048.273336884595,1.099701254554124,75.42310139761169,33,1,2
48.32139067485,2.064047921346392,0,755.7041717913999,8.343747440400161,25.215521335364734,43,2,1
37.29481390596054,0.5486007950111077,0,76281.92637270062,1.871844472770341,30.117800169466967,7,2,0
16.820193568896926,3.2942464791822634,1,47274.476676277045,0.36086228579287116,74.06533582199494,48,1,0
27.7355455867481,0.5853517994789901,0,30068.64370918965,7.510418801241194,115.34710255478508,54,2,0
28.11218175223183,2.7563230495548745,0,30186.56306840533,5.200424097529741,30.485603031455522,84,0,1
34.00040454073895,2.5608577919732873,1,39009.17251537041,7.525742081680316,24.079802065639235,1,2,2
37.68210197441273,1.9479857737022703,1,18012.258235457484,8.982632496152686,99.18304860611376,5,0,2
34.255257347513734,2.27809247557137,1,39038.33542300506,1.1400913574960962,75.10939907835471,20,1,1
36.37981132466939,3.625140799450732,1,12517.731096973623,7.6390166991150155,31.025345353997114,16,0,1
48.32139067485,2.064047921346392,0,5138.773319749233,7.9034089240585095,119.70540532584532,5,2,1
16.42536564905997,1.8453530927511341,1,39322.790996280775,1.7069617474453025,94.4378964288986,20,1,2
16.820193568896926,3.2982990373725922,1,46232.47814312149,5.506132085973691,106.77221424073174,46,1,1
18.97613823583307,1.8453530927511341,1,39322.790996280775,1.7069617474453025,106.97780211633814,53,2,1
32.508209543276976,3.625140799450732,1,68056.80610039501,7.6390166991150155,31.025345353997114,16,0,1
18.97613823583307,1.849652047810803,1,62289.94584210021,1.7069617474453025,119.63250783035024,19,0,0
29.092068033684043,2.74434571098467,1,27715.861894134974,5.332134265950637,88.95279432698362,7,2,2
37.62924013437182,3.5731010680897657,1,24431.58217062224,6.137691358658483,117.07027452424828,33,1,0
18.781830827001002,2.0624828827364174,0,46418.77074237657,0.5294216161275334,75.880280928594,5,2,2
28.892969032497206,2.825762017529841,1,47237.26924787925,1.8675633653334394,47.889649929163824,30,2,2
36.39770798930699,2.27809247557137,1,12913.242598047,1.1400913574960962,81.80908516949775,34,1,1
28.133110740754724,3.272469385964607,1,30186.56306840533,8.209736342819438,89.14810830242335,34,0,1
36.55590444898416,1.8999891003779759,1,18508.88813565047,8.420638287877395,101.08404328790664,25,2,2
36.028664398682864,3.7233928391618716,1,3229.4058638521847,1.7311895456618025,26.72940914923098,17,2,1
14.579693919536137,3.5972949329334503,1,12688.281912956172,5.663320438453555,107.48257467396269,33,1,1
33.6062701097942,2.746653062565434,1,16985.338493601503,9.273085958446002,99.0995014865136,34,2,1
16.42536564905997,1.9973851581522624,1,39322.790996280775,2.538798837438714,113.83116075097612,17,1,2
16.820193568896926,3.2942464791822634,1,48250.069480626,7.9169342721896,90.2957779680765,18,1,0
18.86245001735899,2.0624828827364174,0,10374.286681572925,1.1225396621506412,84.3402373060704,0,2,2
48.32139067485,2.0717263048569987,0,4759.35256702464,7.871182629035985,94.36427535432539,28,2,1
38.535836181880605,1.9479857737022703,1,11426.811794189467,0.65444520313796,98.90004746170369,35,2,1
19.957479698546557,4.255819764899552,1,79352.69052552964,1.1514306676983643,24.992952274765635,5,2,1
14.976227667240986,3.2982990373725922,1,74400.2762561262,4.572875713304891,106.94024705168292,48,1,1
48.59318237917386,0.9067321769043686,0,3352.4316919641133,7.9034089240585095,119.70540532584532,14,2,1
34.23736068287614,3.625140799450732,1,61611.08602519059,8.354450117149744,30.01231735654404,16,0,1
36.37981132466939,3.5784756947032994,1,10172.817627556826,5.4039917846408265,25.974463565659896,16,0,1
32.70300894478618,4.676951267357189,1,40738.35946198182,2.5823500676795526,28.472063807046595,40,2,2
17.549589890782933,4.248542798551057,1,13614.023312427547,0.5011053645769799,118.60936033888159,32,2,0
37.62924013437182,3.581076605003939,1,77281.82768556979,6.137691358658483,23.56085083185954,5,1,1
37.62453812394926,1.9456784221215129,1,32169.933581646324,5.040557983915625,94.18476033645396,5,0,2
29.82056253196579,4.417929512695787,1,40738.35946198182,1.7045203179526547,95.14652094001346,20,2,2
48.32139067485,1.7638391047782682,1,3318.461318079022,1.7466953920054213,119.9141965095785,14,2,0
18.97613823583307,1.8573304313214092,0,64652.602580293984,8.748834689784855,98.88694584800956,34,0,1
32.02347715865247,3.0122282122314212,1,34978.52706981762,0.6895414197111838,88.67044989170803,21,2,0
16.42536564905997,1.8453530927511341,1,39322.790996280775,1.4158436102843397,95.70977463887968,20,0,2
48.59318237917386,3.71313582103435,0,312.20074355185625,7.948344748574346,119.70540532584532,14,1,1
16.820193568896926,3.2942464791822634,1,920.4382976311026,8.670426829624365,118.19398242190749,18,1,0
19.75462051097641,1.9973851581522624,1,39322.790996280775,2.538798837438714,14.065011210018803,17,2,2
36.19558546879751,3.7233928391618716,1,4189.287713735363,0.4890906942261386,28.33805513010821,16,2,1
37.91586589597483,3.2942464791822634,1,20329.49851248313,8.99046760065519,106.94024705168292,48,1,1
15.120412429263387,4.248542798551057,1,32332.7996791161,0.33674166534510563,118.60936033888159,32,2,2
37.80795421921238,3.570203419623401,1,68056.80610039501,7.6390166991150155,110.98592447956072,16,0,1
37.93897697091903,1.849652047810803,1,62289.94584210021,6.177213002731814,100.8399782364344,19,0,0
36.52910401772177,3.7526677265992587,1,36828.92993030638,7.6390166991150155,31.025345353997114,15,2,1
36.028664398682864,3.7233928391618716,1,493.1896136677551,1.7311895456618025,14.582476590262686,16,2,1
17.511874475523065,3.272469385964607,1,30186.56306840533,8.209736342819438,89.14810830242335,34,0,0
19.27863637760249,1.8396242245148884,1,31003.584806868486,5.332134265950637,94.64155603263383,33,2,1
18.97613823583307,1.2497257693406674,1,39322.790996280775,1.7069617474453025,90.3833222804768,20,1,0
14.579693919536137,0.7909660565037582,1,12688.281912956172,5.618384609257302,107.48257467396269,33,2,1
48.32139067485,1.7638391047782682,1,51911.28871081242,1.7466953920054213,91.50858209295546,14,2,0
31.629427672957846,4.1281637626777465,1,61611.08602519059,8.203056220808048,30.01231735654404,16,0,1
16.628224836631183,4.255819764899552,1,79352.69052552964,1.1514306676983643,113.6715365618071,1,1,1
14.579693919536137,3.5979935035945743,1,9970.557239266886,6.137691358658483,105.85813319094201,42,1,1
16.586624214427808,1.9479857737022703,1,44957.23744032515,7.909099166708093,99.18304860611376,5,0,2
40.05677454973926,1.9456784221215129,1,13451.157479025935,5.040557983915625,94.18476033645396,4,0,0
32.32949545843618,3.6280384479170964,1,24431.58217062224,6.137691358658483,33.73877884477795,33,1,0
20.396730811802925,3.580378034342815,1,82265.0796555192,1.6674525921571863,28.447400584575433,11,1,1
27.74173697438671,2.3573112818033515,1,13122.277744192987,5.332134265950637,88.6697931825747,35,0,1
23.85800324858134,2.7563230495548745,1,43956.408699923595,5.332134265950637,88.80950408463808,39,0,1
24.976692651811014,4.248542798551057,1,5367.968956189747,1.871844472770341,117.24607244300188,33,2,1
36.37981132466939,3.5784756947032994,1,10172.817627556826,5.4039917846408265,28.200274172828834,16,0,1
34.47766665582637,3.476691916142463,1,62002.99195706758,6.1625620432497525,30.01231735654404,16,1,1
37.62924013437182,3.580378034342815,1,79589.00229804566,8.139549940395792,23.56085083185954,5,0,1
49.52695656296148,3.9850836636832203,1,13440.543022573871,8.341848618720869,59.74239990546371,77,1,2
34.8329640367748,2.104494448697996,0,36183.20518255451,6.719141503303373,50.423274767729154,37,2,2
29.697190176435903,0.5159155426555445,1,17214.922377284103,0.7213404347817687,16.847098211757583,66,2,1
18.97613823583307,1.8453530927511341,1,39322.790996280775,1.7069617474453025,94.64221274176718,20,2,0
37.4097259934819,4.574222133487556,1,94421.9721314891,9.237372371390634,9.90002675981518,95,0,1
37.97409767172532,1.9479857737022703,1,18012.258235457484,0.65444520313796,99.18304860611376,8,2,2
48.10866550013788,0.9366792945657448,0,91370.4561182098,3.5600115939269394,39.10637472002037,26,1,2
47.358772757947804,0.33368077523420026,0,71778.12620734319,0.34786945396307223,43.10841215653624,65,0,1
29.652553289245375,2.5608577919732873,1,39578.67074464159,2.577112862407599,26.893143617095458,1,2,2
44.10142592045754,3.33777992455254,1,101976.88534646876,2.1396366879697215,102.54524293262125,46,2,1
48.32139067485,2.064047921346392,0,5138.773319749233,7.9034089240585095,119.70540532584532,14,2,1
26.669280921647605,4.241597019119955,0,29255.118817340346,0.8061955595765169,22.61047563109823,99,0,0
34.255257347513734,2.622445315733917,0,60048.273336884595,1.1136910374577513,75.42310139761169,33,1,1
33.73918912210978,3.9871715401236614,0,48052.16845149816,5.424226170684969,5.1761992486046315,86,0,2
29.218173645321173,2.825762017529841,1,46195.270714723694,1.9951740948238461,47.72427806642628,32,2,2
28.761823306727933,2.9539945114838146,0,119661.34526949833,5.19672075629178,26.387507868858492,84,2,1
18.86245001735899,2.0624828827364174,0,65901.84879337707,0.5294216161275334,75.880280928594,5,2,2
17.503943750736223,0.5486007950111077,0,79352.69052552964,1.871844472770341,24.343467598749218,5,2,0
22.334921444208394,3.5229514379193665,0,54722.4129089349,3.4314119860675287,73.46331056148897,27,1,0
33.682152640417804,4.291967137301426,1,23873.682372403346,7.189270371538809,115.34710255478508,56,2,0
36.37981132466939,3.625140799450732,1,12517.731096973623,8.28159404934944,30.01231735654404,16,0,1
42.774541989714535,2.0978298781160367,1,90680.02995659628,1.893141093634344,15.417555785925057,61,0,2
21.477223379597568,0.4355374214792007,1,86786.04760200184,5.065071570646729,102.8048597779051,52,2,1
30.632681437001736,0.9289456218451453,0,118996.54354936599,8.55413933168942,6.462259785686877,5,2,0
28.133110740754724,2.7563230495548745,1,30186.56306840533,5.332134265950637,88.80950408463808,34,0,1
16.820193568896926,3.2942464791822634,1,47274.476676277045,7.9169342721896,106.94024705168292,48,1,1
49.26944325579661,0.13188944975686567,1,45055.63826487378,8.512652179002032,16.188461200278063,91,2,0
23.420843650782043,4.714600208006785,1,68859.54832630641,3.309698417210053,61.831335651253966,33,1,2
37.62924013437182,3.5731010680897657,1,5820.09022144574,6.137691358658483,117.07027452424828,33,1,1
37.65809127675537,3.6119427091978014,1,95693.68196634363,5.373543114239119,18.0511002676565,21,2,0
37.97409767172532,1.9848334242435541,1,13524.512362063226,0.7854112774421336,38.680259731842405,8,1,2
19.602358794471506,2.8101462171978726,1,90680.02995659628,0.4971558901877726,71.03948845512285,11,0,2
28.789039161829987,2.825762017529841,1,46195.270714723694,1.9951740948238461,46.597608896052094,45,2,2
17.412163365527064,1.8453530927511341,1,39322.790996280775,1.7069617474453025,69.69744670253596,5,2,0
23.59040265814833,3.521922139839875,0,54722.4129089349,3.456946924840146,73.46331056148897,27,1,0
47.358772757947804,0.33368077523420026,0,71778.12620734319,0.34786945396307223,43.10841215653624,58,1,1
21.493221344127665,0.4627811123045946,1,86786.04760200184,2.464645008531068,98.63997354825251,52,2,2
30.669990543278324,0.9583797983733293,1,47274.476676277045,6.397977087268439,106.94024705168292,6,1,0
28.133110740754724,2.7563230495548745,1,30186.56306840533,0.7399239067008017,88.12106883526985,66,0,1
34.86831981926751,4.331043227122951,0,36095.31572639121,1.0421863673347058,48.22673957211942,99,0,0
37.039673441066945,3.6390293351701826,1,94421.9721314891,9.237372371390634,28.97529576228171,16,0,1
34.344421290163574,2.6369881807401923,0,10243.790250849495,7.086791203488565,75.42310139761169,26,1,1
33.682152640417804,4.291967137301426,1,23873.682372403346,7.189270371538809,30.154007750914488,56,2,1
49.26944325579661,0.13188944975686567,1,45055.63826487378,8.512652179002032,15.838720801885664,91,2,0
48.53573629678888,4.714600208006785,1,4059.0874544061735,7.711011609990439,116.45430935226314,34,1,2
49.52695656296148,3.948235532612213,1,13722.238225152347,8.220090357252092,90.00782605302275,77,2,2
36.30120401226796,2.38811956934971,0,65901.84879337707,1.9508879575202507,20.2594344862734,55,2,2
44.10142592045754,3.33777992455254,1,103854.22367646753,2.796980136357403,112.35491087707328,33,2,1
17.503943750736223,0.5486007950111077,0,75112.66337143815,1.871844472770341,20.14211832424124,20,2,0
37.26378516987231,3.6129720072772926,1,96000.74169125705,5.34800817546741,18.0511002676565,21,2,0
48.10866550013788,0.9366792945657448,0,91370.4561182098,3.5600115939269394,39.10637472002037,28,0,2
29.636555324780375,2.5337470373783444,1,39578.67074464159,5.177539429237905,31.055553767552887,1,2,1
16.782888780431634,3.2648156584840136,0,119251.5837471649,8.55413933168942,6.462259785686877,47,2,1
29.697190176435903,0.5159155426555445,1,17214.922377284103,5.314471031845805,17.53784924951632,34,2,1
26.63392513915294,2.0150058952159635,0,29343.00827350365,6.424434308680537,24.807010898312186,37,2,2
37.402363202204064,4.573158316495681,1,12517.731096973623,7.606608315484234,10.937053225826745,95,0,1
37.62924013437182,3.5731010680897657,1,55657.171806128055,1.0505787993365456,117.07027452424828,33,1,1
28.761823306727933,2.9539945114838146,0,119661.34526949833,5.19672075629178,111.30912524306851,84,2,0
33.73918912210978,3.9871715401236614,0,48052.16845149816,5.424226170684969,5.525943647245545,86,0,2
25.3533741157561,2.064047921346392,0,70197.50274545889,3.50209372507003,64.17794341158363,7,2,1
25.171566802634096,2.064047921346392,0,70197.50274545889,0.5522413702856097,64.17794341158363,8,2,1
48.53573629678888,3.633485948443189,1,4645.060382159478,9.243533773692995,116.45430935226314,19,1,2
18.97827720364903,2.4906369834255164,1,60048.273336884595,1.1136910374577513,71.18632701603251,11,1,1
34.344421290163574,2.6421071075080635,0,10243.790250849495,7.124472730016688,75.42310139761169,31,1,1
29.572541756114248,2.825762017529841,1,46400.54909012118,1.83243294765276,46.597608896052094,49,2,1
29.697190176435903,0.6477301666631113,1,17214.922377284103,5.314471031845805,20.443013497986687,34,2,1
22.612220773558604,3.3770638006973304,0,13316.646453217174,3.4314119860675287,73.46331056148897,27,1,0
28.86001515350416,2.9166877120252956,0,118390.80294223907,5.19672075629178,111.30912524306851,9,2,0
30.669990543278324,0.9583797983733293,1,62152.64480021644,6.397977087268439,106.87571000492795,3,1,0
18.961275114455397,0.5178049030826952,1,40110.98102509069,1.7069617474453025,94.64221274176718,21,2,0
37.26378516987231,3.611306977494994,1,90152.78296507146,5.34800817546741,118.2812425344355,6,1,0
26.720090843453345,2.444623282482308,1,27394.07791595012,6.424434308680537,86.29378247312546,33,2,2
18.86245001735899,2.0624828827364174,0,65901.84879337707,0.5294216161275334,77.25961067601116,14,2,2
16.820193568896926,3.2942464791822634,1,47274.476676277045,7.966376250206446,106.94024705168292,48,1,1
17.412163365527064,1.8453530927511341,1,40542.939142370335,1.905796973887902,60.042943659827,22,2,0
29.878997489557914,0.5159155426555445,1,17214.922377284103,3.4911934270602583,16.847098211757583,62,2,1
37.039673441066945,4.720118244509554,1,94217.94294250735,7.704849737378497,28.97529576228171,34,0,1
34.879341328562575,2.6200170344292735,0,90680.02995659628,0.4971558901877726,75.27626283670203,33,0,2
29.97783206253814,2.555738865205416,1,39578.67074464159,2.539431719626463,26.893143617095458,1,2,2
20.693720786129077,0.4355374214792007,1,86580.76911503955,5.065071570646729,102.8048597779051,45,2,2
29.636555324780375,2.5337470373783444,1,46730.08284855941,5.177539429237905,30.212488395425375,1,2,1
37.596866666928804,3.257910092997137,1,53594.9568346905,8.28159404934944,30.01231735654404,10,0,1
37.87590582478113,2.0221402237020953,1,12690.010883265393,0.7854112774421336,28.48712563734122,83,1,2
37.62924013437182,3.5731010680897657,1,47178.99877942017,1.085278602181533,117.13465513344383,33,1,1
17.518806872113892,1.876152718618723,0,79352.69052552964,1.871844472770341,31.46088415102647,4,2,0
37.62924013437182,3.5747660978720646,1,11851.114495835965,6.137691358658483,14.7528997751687,33,2,1
27.013158497229803,2.7767419752756655,0,29358.765175252338,5.343545779718337,22.67696016037459,38,0,1
48.32139067485,2.064047921346392,0,5138.773319749233,7.9034089240585095,117.67296440010162,5,2,1
37.97409767172532,1.9479857737022703,1,18012.258235457484,0.11444150325016778,99.18304860611376,8,2,2
33.682152640417804,4.291967137301426,1,22653.534227237207,6.990468529734489,30.154007750914488,58,2,1
25.171566802634096,1.8000229632367422,0,71049.94828568991,0.5522413702856097,65.61216405644038,8,2,1
23.118222058950025,3.633485948443189,1,13592.529239633262,3.5102458459223023,116.45430935226314,19,1,0
29.617346708610043,1.8453530927511341,1,39322.790996280775,1.846049607457626,69.69744670253596,5,2,0
37.26378516987231,3.6382979775740196,1,90152.78296507146,5.481044773073521,118.2812425344355,7,1,0
34.344421290163574,2.6369881807401923,0,20440.332222220488,7.086791203488565,75.42310139761169,26,2,1
17.518806872113892,1.9848421911715577,0,87011.98661201094,0.8051649605523953,31.46088415102647,10,2,0
17.503943750736223,2.436349279668466,1,81327.81824839198,1.871844472770341,13.715199992800216,5,2,0
26.720090843453345,2.444623282482308,1,27394.07791595012,5.288041375073537,84.51938192993478,33,2,2
29.636555324780375,2.5337470373783444,1,46730.08284855941,5.177539429237905,97.03488320758659,1,2,0
18.961275114455397,0.5178049030826952,1,40110.98102509069,1.6230584264429484,95.72608140137338,21,2,0
37.97409767172532,1.514558685510603,1,60964.45147502034,0.24795456521433334,99.18304860611376,2,2,2
41.572745649803274,3.5635158022497255,1,12643.347176361343,8.28159404934944,30.01231735654404,16,0,1
16.927829501449065,0.49674378769293637,1,90680.02995659628,0.4989425812103639,71.03948845512285,71,0,2
37.80456315927006,3.5747660978720646,1,11695.695153230516,6.137691358658483,14.7528997751687,33,2,1
30.669990543278324,0.9583797983733293,1,47274.476676277045,6.434983353608414,106.94024705168292,6,1,1
29.97783206253814,2.555738865205416,1,38726.22520682251,2.539431719626463,26.27615995312134,1,2,2
47.956361580105465,3.5064529274898866,0,14837.729372921553,9.162506852053582,73.46331056148897,27,1,2
17.85796316941068,2.5337470373783444,1,39578.67074464159,5.177539429237905,31.055553767552887,1,2,1
37.039673441066945,3.6120383350911567,1,94421.9721314891,9.104051061788425,28.97529576228171,16,0,1
37.97409767172532,1.9479857737022703,1,18012.258235457484,0.9547048137169478,99.18304860611376,8,1,2
37.97409767172532,1.8761439516907195,1,13524.512362063226,1.8520907996336518,36.0464387690851,10,1,2
18.97827720364903,1.3786480427057266,0,58973.170511660675,1.1136910374577513,77.88646828999127,11,1,1
28.133110740754724,2.7563230495548745,1,30186.56306840533,6.468527199557636,86.28610009946166,34,0,1
18.97613823583307,1.6081930046077486,1,38629.09983533101,1.7069617474453025,27.268714547157522,20,2,1
36.16057343157198,3.2985678707315857,1,53594.9568346905,8.365506750519444,38.402476727148525,10,0,1
30.669990543278324,0.9583797983733293,1,19200.49889651599,6.397977087268439,106.87571000492795,8,1,0
48.84321465078521,2.0964481692011536,0,5013.1575086949115,7.9034089240585095,117.67296440010162,5,2,1
29.697190176435903,2.82947218993161,1,17214.922377284103,0.7195537437591834,16.847098211757583,8,2,1
17.23691798830128,1.8453530927511341,1,40698.40029111633,2.0463206000140564,54.37217043394054,23,2,0
16.820193568896926,3.008205914772839,1,47274.476676277045,7.879928005834398,106.94024705168292,48,1,0
17.23691798830128,1.7715712449431877,1,38719.99255610695,6.386531400466744,55.524270546632984,23,2,0
28.133110740754724,2.7357176561902934,1,47125.092131341706,5.298294479769299,88.80950408463808,32,0,1
28.09148874170397,2.555738865205416,1,39578.67074464159,6.3926292516328,26.893143617095458,1,0,2
19.7437822325723,0.5178049030826952,1,46378.63575806866,1.7069617474453025,94.64221274176718,21,2,1
25.171566802634096,1.440955744254068,0,71049.94828568991,6.39772189752628,84.36832650437873,35,2,1
18.538057527586226,1.8453530927511341,1,39230.27931378796,0.9589743518682289,94.90023702013876,20,1,0
29.97769891601505,2.5315899701398927,1,38751.30441164005,1.9896802428412832,30.873816542148884,1,2,1
30.085151325625503,3.6565912716232973,1,35021.47741326419,1.846049607457626,29.637376072562915,5,2,0
37.039673441066945,3.6120383350911567,1,95360.2089465407,9.104051061788425,29.043422193338056,16,0,1
33.67909082319147,1.9479857737022703,1,17829.697933043957,0.11444150325016778,99.18304860611376,8,1,2
37.84889215289997,3.2774906773082586,1,90680.02995659628,1.0642009879250887,29.516443849571395,11,0,2
28.03224282685369,2.539635449497869,1,13524.512362063226,0.7854112774421336,38.680259731842405,8,2,2
17.518806872113892,1.8672887274952685,1,78401.97057271987,1.871844472770341,31.46088415102647,4,2,0
17.412163365527064,1.8453530927511341,1,39322.790996280775,1.7069617474453025,36.45867606974683,10,2,0
23.118222058950025,3.524863235382573,1,12632.74503550168,2.502933096367503,116.31832153292653,19,1,0
29.694141753758878,1.0181422336455836,1,21178.906652747995,2.057767949320924,105.72241455652212,17,1,0
16.42139472543185,3.3148518725468437,1,30335.94761334906,7.950774040474772,109.84898626647964,48,1,1
30.77904807937623,2.7563230495548745,1,30186.56306840533,2.6153297646711535,86.28610009946166,34,2,1
28.85404822689616,2.5337470373783444,1,40462.42811558144,5.177539429237905,30.212488395425375,0,2,0
25.8129991711561,2.444623282482308,1,27394.07791595012,0.5848098244986559,67.5376200251647,12,2,2
40.02999213908675,1.9479857737022703,1,22331.254861665322,1.7026922093132804,104.76250114923356,8,2,2
29.636688471303465,4.108906737705649,1,39553.591539824054,5.245413415755418,26.457897178525347,1,2,2
36.57186882404781,2.0076022766036634,1,98722.77199686678,9.237372371390634,84.28655957683239,16,0,1
34.344421290163574,2.6369881807401923,0,9380.206104861616,7.086791203488565,75.35497664607014,26,1,1
30.669990543278324,0.9658941704972056,1,47457.038780816,6.397977087268439,106.94024705168292,6,2,0
19.35033821329074,2.790565632886751,1,53594.9568346905,8.020998215782093,71.53536264884673,10,0,1
38.60029566605601,1.9789450121240295,1,46730.08284855941,5.177539429237905,97.03488320758659,1,1,0
18.97827720364903,2.49562888718137,0,79235.41691394188,1.1136910374577513,71.18632701603251,11,1,1
36.16057343157198,3.2985678707315857,1,53594.9568346905,8.365506750519444,71.64124737535951,5,0,1
30.669990543278324,0.7464938944441062,1,63114.20693661908,6.389805915284558,107.0116772890582,3,1,0
49.52695656296148,3.9850836636832203,1,13440.543022573871,8.341848618720869,59.74239990546371,77,1,2
34.8329640367748,2.104494448697996,0,36183.20518255451,6.719141503303373,50.423274767729154,37,2,2
29.697190176435903,0.5159155426555445,1,17214.922377284103,0.7213404347817687,16.847098211757583,66,2,1
18.97613823583307,1.8453530927511341,1,39322.790996280775,1.7069617474453025,94.64221274176718,20,2,0
37.4097259934819,4.574222133487556,1,94421.9721314891,9.237372371390634,9.90002675981518,95,0,1
37.97409767172532,1.9479857737022703,1,18012.258235457484,0.65444520313796,99.18304860611376,8,2,2
48.10866550013788,0.9366792945657448,0,91370.4561182098,3.5600115939269394,39.10637472002037,26,1,2
47.358772757947804,0.33368077523420026,0,71778.12620734319,0.34786945396307223,43.10841215653624,65,0,1
29.652553289245375,2.5608577919732873,1,39578.67074464159,2.577112862407599,26.893143617095458,1,2,2
44.10142592045754,3.33777992455254,1,101976.88534646876,2.1396366879697215,102.54524293262125,46,2,1
48.32139067485,2.064047921346392,0,5138.773319749233,7.9034089240585095,119.70540532584532,14,2,1
26.669280921647605,4.241597019119955,0,29255.118817340346,0.8061955595765169,22.61047563109823,99,0,0
34.255257347513734,2.622445315733917,0,60048.273336884595,1.1136910374577513,75.42310139761169,33,1,1
33.73918912210978,3.9871715401236614,0,48052.16845149816,5.424226170684969,5.1761992486046315,86,0,2
29.218173645321173,2.825762017529841,1,46195.270714723694,1.9951740948238461,47.72427806642628,32,2,2
28.761823306727933,2.9539945114838146,0,119661.34526949833,5.19672075629178,26.387507868858492,84,2,1
18.86245001735899,2.0624828827364174,0,65901.84879337707,0.5294216161275334,75.880280928594,5,2,2
17.503943750736223,0.5486007950111077,0,79352.69052552964,1.871844472770341,24.343467598749218,5,2,0
22.334921444208394,3.5229514379193665,0,54722.4129089349,3.4314119860675287,73.46331056148897,27,1,0
33.682152640417804,4.291967137301426,1,23873.682372403346,7.189270371538809,115.34710255478508,56,2,0
36.37981132466939,3.625140799450732,1,12517.731096973623,8.28159404934944,30.01231735654404,16,0,1
42.774541989714535,2.0978298781160367,1,90680.02995659628,1.893141093634344,15.417555785925057,61,0,2
21.477223379597568,0.4355374214792007,1,86786.04760200184,5.065071570646729,102.8048597779051,52,2,1
30.632681437001736,0.9289456218451453,0,118996.54354936599,8.55413933168942,6.462259785686877,5,2,0
28.133110740754724,2.7563230495548745,1,30186.56306840533,5.332134265950637,88.80950408463808,34,0,1
16.820193568896926,3.2942464791822634,1,47274.476676277045,7.9169342721896,106.94024705168292,48,1,1
49.26944325579661,0.13188944975686567,1,45055.63826487378,8.512652179002032,16.188461200278063,91,2,0
23.420843650782043,4.714600208006785,1,68859.54832630641,3.309698417210053,61.831335651253966,33,1,2
37.62924013437182,3.5731010680897657,1,5820.09022144574,6.137691358658483,117.07027452424828,33,1,1
37.65809127675537,3.6119427091978014,1,95693.68196634363,5.373543114239119,18.0511002676565,21,2,0
13.54621760721376,0.5037977928844599,1,83006.5103314688,2.518234326693931,26.893143617095458,1,2,2
44.10142592045754,3.33777992455254,1,104454.43702727852,2.1396366879697215,102.54524293262125,9,2,1
37.83362618279206,3.6119427091978014,0,77472.27157602906,4.6848373218563655,18.0511002676565,26,2,0
19.731479630340083,1.8428236068382575,1,7553.448042546238,1.7069617474453025,94.64221274176718,20,2,0
29.218173645321173,2.843038543513594,1,36310.91988087661,1.9951740948238461,47.72427806642628,33,2,2
37.433437700068495,4.574222133487556,1,89981.34568545365,8.301366580796083,9.90002675981518,95,0,1
42.844243525160465,2.1127165659783698,1,90264.81637330327,1.893141093634344,15.417555785925057,61,0,2
28.133110740754724,2.7708658785984084,1,30186.56306840533,5.1972395043452515,88.80950408463808,35,0,1
37.98100230539705,3.6953695855701643,1,17942.55486043887,0.9653956439921902,93.98573427179227,16,0,1
29.823451654316155,0.33634753727654765,0,68964.76083505838,0.3781110905493735,43.10841215653624,65,0,1
32.263877109895105,3.9871715401236614,0,38235.62241599927,5.424226170684969,74.32724730259383,93,0,2
17.503943750736223,0.9993640372657934,0,79352.69052552964,7.020392534393023,24.343467598749218,6,2,0
34.255257347513734,2.622445315733917,0,60048.273336884595,3.3371790608450063,75.42310139761169,33,1,2
26.669280921647605,4.241597019119955,0,28923.352839257765,8.18929218891652,22.350083560447352,98,0,0
38.84474646117971,3.6221163742392317,0,119494.39195923493,8.611890918863649,0.4435357421939523,5,2,0
30.050677854515698,2.492725090702245,1,53129.228403578985,5.123950108428427,102.8048597779051,52,2,1
18.86245001735899,2.391154601013434,0,65901.84879337707,0.31779027711597463,71.63883996466883,42,2,2
47.93200280492181,0.9495917839458262,1,91370.4561182098,3.5026071158252226,40.89351490113329,21,1,2
47.486015947042006,2.0665774072592686,0,38873.34307503607,7.9034089240585095,119.3975612969023,14,2,1
34.8329640367748,2.0872179227142436,0,46067.5560164016,6.719141503303373,50.423274767729154,43,2,2
49.44218358141371,3.9850836636832203,1,17892.37007373728,9.27785439619878,59.74239990546371,77,1,2
16.75064673784638,3.2793597913127837,1,47689.68950192883,7.9169342721896,106.21400143296256,48,1,1
28.761823306727933,2.9539945114838146,0,119661.34526949833,4.656629951336408,26.749002260269457,83,2,1
36.37290669099766,1.8777569564484675,1,12587.43447199234,7.9792300751796414,35.47516554968261,8,2,2
48.7087327713956,0.6451362549955044,1,20028.597030419347,0.6910987984355992,16.847098211757583,66,2,1
22.334921444208394,3.5364688052663933,0,54722.4129089349,3.4314119860675287,4.527338197160965,27,1,0
33.682152640417804,4.133190037557805,1,23873.682372403346,2.0407369478741324,115.34710255478508,55,2,0
23.420843650782043,4.727830839594379,1,68859.54832630641,1.0862113373986972,61.831335651253966,33,1,1
49.26944325579661,0.13188944975686567,1,41913.249396781015,1.1342991268593274,16.44885327092897,94,2,0
25.09536448527456,0.8799515745614339,1,2245.573416996609,6.1043469332063225,117.07027452424828,33,1,1
28.079356211754867,2.960692360852919,0,79352.69052552964,7.089673203961189,84.78890139885786,6,0,0
16.820193568896926,3.294673304308557,1,47274.476676277045,3.6040772992416765,106.94024705168292,44,1,1
25.192998007776044,2.622445315733917,1,60542.11432805523,3.3371790608450063,75.42310139761169,17,1,2
23.420843650782043,4.727830839594379,1,68859.54832630641,1.6197221977602752,62.555733244119274,33,1,1
19.731479630340083,1.8428236068382575,1,92689.06689046945,2.60703438466782,94.64221274176718,21,1,2
35.46045890279703,1.7680025041062635,1,12813.977746717119,7.9792300751796414,35.47516554968261,8,2,2
18.97613823583307,1.8453530927511341,1,53724.018145720336,1.7069617474453025,95.3590526018124,27,2,0
32.25327605184604,4.3318749687261775,1,36310.91988087661,1.9951740948238461,47.72427806642628,33,2,0
19.061770221521005,2.062559365047945,0,66801.59108671905,0.5294216161275334,117.5368539064356,14,2,2
15.410733972122456,3.2615002256715373,0,80262.93635606015,1.0937118058754325,105.0199148119915,5,2,0
40.011847035036354,3.6137228485732082,1,1752.1078726783107,6.137691358658483,115.22139013185544,33,1,1
28.091070882077123,2.825762017529841,1,46195.270714723694,1.9951740948238461,47.72427806642628,32,2,2
36.37981132466939,3.625140799450732,1,18010.585624113573,8.119779987126908,33.66429200238621,16,0,1
21.62177222229832,2.5608577919732873,1,38525.840769767914,2.577112862407599,113.48209390473232,1,2,2
48.32139067485,2.064047921346392,0,2729.163927267029,7.9034089240585095,119.70540532584532,14,2,1
17.557698405050004,0.8095458418302426,1,30186.56306840533,5.1972395043452515,28.364161450505843,35,2,1
22.334921444208394,3.5360419801400993,0,54722.4129089349,7.744267218919668,4.527338197160965,27,1,0
34.157623825016465,0.4744583679796771,0,2159.0669037570588,6.1043469332063225,117.07027452424828,33,1,1
29.697190176435903,0.5159155426555445,1,17214.922377284103,0.7213404347817687,16.847098211757583,62,2,1
48.02420521860607,0.9495917839458262,1,7153.174816366103,4.095725161531906,40.89351490113329,20,2,0
38.00355336813218,1.928524493709126,1,17785.71496073278,0.65444520313796,99.18304860611376,8,2,2
22.334921444208394,3.5229514379193665,0,27483.437845819193,3.4314119860675287,72.7464706960986,20,1,0
29.09832164534283,2.8031290861948586,1,23873.682372403346,7.189270371538809,105.9007677341163,56,2,2
47.486015947042006,2.066500924947741,0,37973.60078248894,7.9034089240585095,77.24992174910861,5,2,1
46.175516059565,0.625084649213757,1,103544.1902822348,2.1396366879697215,21.855824130721388,9,2,1
33.682152640417804,4.279300837128817,1,23873.682372403346,2.0407369478741324,112.65186654151871,55,2,0
29.260213503998774,2.7563230495548745,1,30186.56306840533,5.332134265950637,88.80950408463808,34,0,1
37.98100230539705,3.6953695855701643,1,12449.700333299106,1.1295700950721161,97.81269754971248,16,0,1
29.508004446607668,0.4355374214792007,1,86786.04760200184,5.065071570646729,15.816553337479874,48,2,1
13.54621760721376,0.6139825749013493,1,86413.67516283545,2.518234326693931,26.893143617095458,1,2,2
18.97613823583307,1.8453530927511341,1,39301.33828567364,1.7069617474453025,92.00745346007943,21,2,0
19.061770221521005,2.16777242650457,0,66801.59108671905,0.5294216161275334,119.96421588209256,35,2,2
35.46045890279703,1.7680025041062635,1,7056.807837622566,7.9792300751796414,35.429522849014646,8,2,0
29.218173645321173,2.825762017529841,1,46195.270714723694,3.0416174935156217,47.72427806642628,24,2,2
29.205020773498916,2.7563230495548745,1,27459.99607611896,5.332134265950637,88.80950408463808,20,0,1
19.641275345750916,3.625140799450732,1,12517.731096973623,8.28159404934944,30.01231735654404,22,0,1
39.564059860874295,3.6137228485732082,1,1752.1078726783107,6.137691358658483,115.22139013185544,24,1,1
28.133110740754724,2.5220561526115555,1,29494.381456455914,5.501257056390686,88.85783105046562,19,0,1
36.37290669099766,3.6278912155462137,1,12091.263584974628,7.9792300751796414,33.73610519754254,8,0,2
47.93200280492181,0.9495917839458262,1,87952.6704641568,3.4898563725043417,40.89351490113329,14,1,1
33.682152640417804,4.324968469978124,1,23873.682372403346,2.0407369478741324,112.65186654151871,55,2,0
48.32139067485,2.073827499785393,0,50639.98214065522,7.9034089240585095,119.70540532584532,44,2,1
19.187756055271002,4.167572581618266,0,25355.22658303711,6.635165193462273,111.12369525615344,5,2,2
44.10142592045754,3.693969310701551,1,104454.43702727852,1.151552521158055,102.57113549825866,16,0,1
22.134203411339723,1.8453530927511341,1,53724.018145720336,1.6497278096286272,95.3590526018124,20,2,0
21.62177222229832,2.324575499996631,1,38547.293480375054,2.577112862407599,113.48209390473232,1,2,2
23.420843650782043,4.675868717096478,1,68859.54832630641,1.0737588882071127,60.03000550352061,12,1,1
49.25605966143064,0.9495917839458262,1,12910.34472587128,3.3528553538682626,41.3211429557358,20,2,2
29.652553289245375,2.5608577919732873,1,39578.67074464159,2.577112862407599,20.97772501632351,1,2,2
19.171054856331224,3.841081395071143,0,30210.004838105564,3.149369965491714,44.95551378256029,38,1,0
36.767497519680404,1.8428236068382575,1,15774.102533381294,2.0829660524662916,94.64221274176718,16,2,0
28.079356211754867,2.957773816108301,0,79352.69052552964,6.920550413519587,84.7405744330303,5,0,0
36.37981132466939,1.875006532519427,1,18010.585624113573,8.119779987126908,35.40335235452628,16,2,1
48.32139067485,2.064047921346392,0,6696.756972037423,8.558124145604884,119.70540532584532,21,2,2
39.795146893069216,3.6425064709448147,1,17942.55486043887,0.9653956439921902,93.98573427179227,16,0,1
14.066048068689994,3.2848937258593955,1,2191.78340945713,3.6040772992416765,106.94024705168292,14,1,1
33.682152640417804,2.1868655893656714,1,64420.307877400366,1.0918927577483353,77.97250495357754,56,2,0
37.98100230539705,2.6037809638623806,1,12449.700333299106,2.117654261987862,109.90827372943892,9,2,1
16.820193568896926,3.2942464791822634,1,48021.58400172078,7.9169342721896,106.94024705168292,48,1,1
36.587438490780926,1.8559725542134122,1,18492.925805593477,8.119779987126908,33.66429200238621,23,0,1
48.32139067485,2.0940946333517534,1,5138.773319749233,7.999540977214239,54.64589312828337,14,1,1
32.67066845725152,1.9392493454045978,1,15816.974847611393,2.1546801360061876,48.06034990065072,16,2,0
19.46098188534139,2.5608577919732873,1,39578.67074464159,2.577112862407599,30.33276839444352,22,2,2
33.85005585701002,3.6425064709448147,1,17942.55486043887,0.9603092323533455,37.150406791525384,16,0,1
36.39844459744128,3.6300263099707317,1,12091.263584974628,7.9792300751796414,20.62300544861024,8,0,2
33.682152640417804,4.3962234288989,1,23511.044648759274,7.189270371538809,116.25143577865444,56,2,0
28.133110740754724,2.7563230495548745,1,33233.50475672181,5.332134265950637,88.80950408463808,34,0,0
12.325035720262218,3.1356042017383263,1,47274.476676277045,3.6040772992416765,114.41082784773903,44,1,1
22.653388682957054,3.230154145801695,1,12449.700333299106,3.470648211603213,97.81269754971248,16,0,1
36.37293028026344,1.8777569564484675,1,12587.43447199234,7.9792300751796414,35.97599174212892,8,2,1
28.896104997246596,2.7563230495548745,1,27459.99607611896,8.175699584760046,88.80950408463808,3,0,1
36.37981132466939,3.314364533811958,1,101586.57691956396,2.136945911612063,30.01231735654404,16,0,1
21.62177222229832,2.532239119802084,1,38525.840769767914,2.536330829057811,113.48121927387663,14,2,2
38.074326007197996,2.5608577919732873,1,36261.43983599401,2.5407288986168393,20.97772501632351,9,2,2
37.98100230539705,3.6953695855701643,1,17980.26060278929,8.823156982415798,93.98573427179227,16,2,1
23.420843650782043,4.644665801143793,0,68859.54832630641,1.0737588882071127,119.9133589243859,12,2,1
48.19744191537583,0.9495917839458262,1,7110.302532989997,2.4582483270747044,94.71590398490312,20,2,0
29.832846763810682,3.625140799450732,1,15582.048613583962,8.28159404934944,26.57269257919598,1,0,1
39.909964901920695,1.7680025041062635,1,7056.807837622566,7.986621092436495,92.26482009158352,8,2,0
28.107572834300267,2.5199210581451075,1,29494.381456455914,6.10536358475378,88.85783105046562,19,0,1
18.97613823583307,1.2257444200530765,1,39685.428720057724,1.3510178506229142,79.14503009673003,20,2,0
19.731479630340083,1.8428236068382575,1,5789.580622617657,1.7069617474453025,106.47872199191502,20,2,1
14.048497160775522,3.2943908534278146,1,2191.78340945713,3.6040772992416765,106.94024705168292,14,1,1
37.66253504879344,3.5229514379193665,0,54722.4129089349,1.0903354634365676,73.46331056148897,26,1,0
35.98183931622506,1.5300217033127126,1,18492.925805593477,8.119779987126908,33.66429200238621,9,0,2
36.68872710091175,3.625140799450732,1,18010.585624113573,5.276214523142144,33.66429200238621,16,0,1
39.34691482037666,4.210597041648385,1,17100.890285708105,8.11909058219323,102.54524293262125,9,2,1
19.061770221521005,2.0911780372191484,0,66801.59108671905,0.5702426772413022,117.53772834579837,3,2,2
29.559229587353624,2.6037809638623806,1,12449.700333299106,2.1540382257786224,109.90827372943892,8,2,1
35.46045890279703,1.9716087436976149,1,12776.272004366745,0.24943952002451208,35.47516554968261,8,0,2
49.52695656296148,3.9850836636832203,1,13440.543022573871,8.341848618720869,59.74239990546371,77,1,2
34.8329640367748,2.104494448697996,0,36183.20518255451,6.719141503303373,50.423274767729154,37,2,2
29.697190176435903,0.5159155426555445,1,17214.922377284103,0.7213404347817687,16.847098211757583,66,2,1
18.97613823583307,1.8453530927511341,1,39322.790996280775,1.7069617474453025,94.64221274176718,20,2,0
37.4097259934819,4.574222133487556,1,94421.9721314891,9.237372371390634,9.90002675981518,95,0,1
37.97409767172532,1.9479857737022703,1,18012.258235457484,0.65444520313796,99.18304860611376,8,2,2
48.10866550013788,0.9366792945657448,0,91370.4561182098,3.5600115939269394,39.10637472002037,26,1,2
47.358772757947804,0.33368077523420026,0,71778.12620734319,0.34786945396307223,43.10841215653624,65,0,1
29.652553289245375,2.5608577919732873,1,39578.67074464159,2.577112862407599,26.893143617095458,1,2,2
44.10142592045754,3.33777992455254,1,101976.88534646876,2.1396366879697215,102.54524293262125,46,2,1
48.32139067485,2.064047921346392,0,5138.773319749233,7.9034089240585095,119.70540532584532,14,2,1
26.669280921647605,4.241597019119955,0,29255.118817340346,0.8061955595765169,22.61047563109823,99,0,0
34.255257347513734,2.622445315733917,0,60048.273336884595,1.1136910374577513,75.42310139761169,33,1,1
33.73918912210978,3.9871715401236614,0,48052.16845149816,5.424226170684969,5.1761992486046315,86,0,2
29.218173645321173,2.825762017529841,1,46195.270714723694,1.9951740948238461,47.72427806642628,32,2,2
28.761823306727933,2.9539945114838146,0,119661.34526949833,5.19672075629178,26.387507868858492,84,2,1
18.86245001735899,2.0624828827364174,0,65901.84879337707,0.5294216161275334,75.880280928594,5,2,2
17.503943750736223,0.5486007950111077,0,79352.69052552964,1.871844472770341,24.343467598749218,5,2,0
22.334921444208394,3.5229514379193665,0,54722.4129089349,3.4314119860675287,73.46331056148897,27,1,0
33.682152640417804,4.291967137301426,1,23873.682372403346,7.189270371538809,115.34710255478508,56,2,0
36.37981132466939,3.625140799450732,1,12517.731096973623,8.28159404934944,30.01231735654404,16,0,1
42.774541989714535,2.0978298781160367,1,90680.02995659628,1.893141093634344,15.417555785925057,61,0,2
21.477223379597568,0.4355374214792007,1,86786.04760200184,5.065071570646729,102.8048597779051,52,2,1
30.632681437001736,0.9289456218451453,0,118996.54354936599,8.55413933168942,6.462259785686877,5,2,0
28.133110740754724,2.7563230495548745,1,30186.56306840533,5.332134265950637,88.80950408463808,34,0,1
16.820193568896926,3.2942464791822634,1,47274.476676277045,7.9169342721896,106.94024705168292,48,1,1
49.26944325579661,0.13188944975686567,1,45055.63826487378,8.512652179002032,16.188461200278063,91,2,0
23.420843650782043,4.714600208006785,1,68859.54832630641,3.309698417210053,61.831335651253966,33,1,2
37.62924013437182,3.5731010680897657,1,5820.09022144574,6.137691358658483,117.07027452424828,33,1,1
37.65809127675537,3.6119427091978014,1,95693.68196634363,5.373543114239119,18.0511002676565,21,2,0
29.972747482628254,0.9690993685777057,1,85497.12701412647,0.5860782721871414,99.18304860611376,8,2,2
49.26944325579661,0.13188944975686567,1,47638.302406509596,8.512652179002032,16.188461200278063,39,2,0
21.6145417448371,2.5608577919732873,1,21390.799993577315,1.8913472725231975,26.893143617095458,50,2,2
19.35456386048583,1.8170548963777482,1,26034.023699854188,1.7069617474453025,94.64221274176718,19,2,0
16.820193568896926,4.003769177850744,1,47284.39697395596,7.9169342721896,106.94024705168292,49,1,2
42.78351268101872,2.0978298781160367,0,89643.64593470124,0.27849391837105264,15.417555785925057,61,0,1
28.1487723119006,2.765861999042313,0,54487.705627949596,5.332134265950637,88.80950408463808,34,0,1
34.8329640367748,2.1190373330033294,0,36183.20518255451,0.7472954870063799,50.423274767729154,66,2,2
37.65821622706278,3.6135691554740803,1,94552.19360219056,5.403807715929992,108.90853670788897,21,1,1
29.228285867184194,0.956703510154535,0,114454.71587434423,2.526326038866777,6.462259785686877,5,2,0
35.93441396771581,4.574222133487556,1,84604.85471497515,9.237372371390634,30.26676937015195,25,0,1
48.32139067485,0.9041778087978963,0,5138.773319749233,7.711832412842243,119.70540532584532,14,2,1
28.761823306727933,2.9539945114838146,0,119661.34526949833,5.234976838029059,26.387507868858492,84,2,1
49.52695656296148,3.9850836636832203,1,13108.481996504743,8.02592242649224,58.23681956871475,76,0,2
24.212769588386482,4.759003671285035,1,69024.74633785423,3.373537192649323,44.63147689137352,33,1,2
48.22388342779113,1.9155657004603672,0,33658.14587811171,3.6287729845211096,39.10637472002037,26,1,2
34.255257347513734,2.951116122174158,0,60048.273336884595,0.8009261472711182,71.18166043481327,85,1,1
29.515234924069002,0.4484499108592821,1,86786.04760200184,5.007661214699391,104.51152952837943,3,2,1
33.30372763699053,4.320215932937758,1,39119.667717391116,7.189270371538809,115.03925852584206,57,2,0
33.73918912210978,3.2776488414435567,0,48042.248153819244,5.424226170684969,5.1761992486046315,91,0,1
47.34980173020403,0.33368077523420026,1,72814.51022919733,1.9629949025755073,43.10841215653624,65,0,2
22.31925987306284,3.5134124884318054,1,30421.270350292856,3.4314119860675287,72.73706494454132,27,1,0
29.697190176435903,0.5159155426555445,1,17214.922377284103,6.021178447902403,17.208592603168547,37,2,1
37.6291151840644,3.5714746218134867,1,7164.690971171607,6.10742675696761,25.88023477591927,33,2,0
32.866692583170575,2.9298912352492548,1,49949.02186149148,8.022781233784666,47.72427806642628,32,2,2
36.37981132466939,3.6386508378766287,1,12517.731096973623,8.28159404934944,9.645585790589712,94,0,1
17.503943750736223,1.9998973047620758,0,79352.69052552964,2.063440968337077,24.343467598749218,5,2,0
44.10142592045754,3.3566481888281072,1,101976.88534646876,2.1013806859503568,102.54524293262125,46,2,1
26.669280921647605,4.241597019119955,0,26125.277035373383,1.1267067993512225,24.11605752354312,99,1,0
13.892864087428872,2.0133191104054733,0,65736.65078182924,0.4915895328066575,75.880280928594,5,2,2
34.255257347513734,2.622445315733917,1,60048.273336884595,1.1136910374577513,75.0846382591044,57,2,1
36.46938920217722,3.6264133715758318,1,30421.270350292856,3.4314119860675287,72.73706494454132,27,1,0
30.46398491630893,4.315823288332897,1,23723.742893658902,7.270503690584533,115.34710255478508,56,2,0
31.639606597446555,2.9298912352492548,1,41138.68312701508,7.771038459771178,51.37625269254315,32,2,2
48.95164172333537,3.4283671912760156,0,5138.773319749233,7.9034089240585095,119.70540532584532,33,2,0
19.405537555532828,1.8170548963777482,1,24602.54645216383,1.8687646006402725,93.58877196363538,20,2,0
18.97613823583307,3.6306154324333186,1,39322.790996280775,5.998240814807799,84.44101391614011,21,2,0
17.342987753481076,4.574222133487556,1,44336.88148433195,9.189490225321356,30.26676937015195,25,1,2
22.599886907223883,1.8250251103692354,0,77509.84913154706,3.640184519526221,40.3648283276829,33,1,2
37.65809127675537,3.6119427091978014,1,96676.74800813003,5.373543114239119,18.0511002676565,21,2,0
16.820193568896926,3.2942464791822634,1,47274.476676277045,7.9169342721896,106.94024705168292,52,1,1
17.440095882604627,1.4778902833676524,0,65736.65078182924,0.13222244757947177,16.80283332362061,16,2,2
18.86245001735899,0.37797731344750063,0,86625.57307470893,0.5294216161275334,75.880280928594,3,2,2
30.23671354952094,0.9690993685777057,1,85497.12701412647,0.5860782721871414,99.18304860611376,8,2,2
49.59586274928245,0.14164828736463653,0,47750.32429250151,6.817651793828469,50.81150717582045,37,2,2
33.30372763699053,4.320215932937758,0,20798.17419184821,7.189270371538809,115.34946568494796,33,1,0
22.229682014791045,3.5121399163067055,1,12517.731096973623,8.28159404934944,30.01231735654404,16,0,1
28.133110740754724,2.7563230495548745,1,30336.50254714978,5.332134265950637,92.39755501020232,34,0,1
31.315150760446617,2.825762017529841,1,50053.10012474278,2.2469153626357667,50.368712821836645,32,2,2
21.45540732215957,2.1586321675951687,0,54722.4129089349,3.3584246087748606,73.46331056148897,14,1,1
17.452970055689224,0.5486007950111077,0,80784.2258572652,1.7100416195753707,24.343467598749218,4,2,0
37.62924013437182,2.005064573603715,1,5820.09022144574,1.222070917384965,117.07027452424828,33,1,1
35.411670701492966,4.003769177850744,1,87552.36968110746,7.96481632988577,106.94024705168292,49,0,1
49.42725317056347,4.834106251691064,1,24582.947022485838,3.373537192649323,44.63147689137352,26,1,2
29.697190176435903,0.14079185459497712,1,16238.179588775412,6.021178447902403,17.208592603168547,37,2,1
37.97409767172532,1.9479857737022703,1,18012.258235457484,0.65444520313796,99.18304860611376,21,2,2
13.956711956122138,1.984292475225514,0,79352.69052552964,2.063440968337077,83.42390063862082,5,2,0
29.515234924069002,2.1331103514760477,1,70942.83120095269,5.007661214699391,104.51152952837943,5,2,1
37.365149117161195,3.5714746218134867,1,7164.690971171607,6.10742675696761,25.88023477591927,33,2,0
34.288453744476996,2.098985580358521,1,36071.183296562594,8.414141884472244,15.800252946010708,38,2,0
22.31925987306284,3.5134124884318054,1,30421.270350292856,3.7316715965737046,73.284000515663,16,1,0
16.743112917779598,4.003769177850744,0,47284.39697395596,2.0761232745676876,106.94024705168292,49,1,2
31.315150760446617,2.825762017529841,1,50053.10012474278,3.7458688640821425,94.32827220347264,34,2,2
21.45540732215957,2.4378138062010777,0,17703.038856640276,3.3584246087748606,98.978069073414,14,1,1
18.97613823583307,3.6306154324333186,1,24455.121635450017,5.998240814807799,84.44101391614011,13,2,0
35.93441396771581,4.574222133487556,1,59625.34405925313,9.237372371390634,105.06176942882101,25,0,1
36.917361943014534,3.5714746218134867,1,7164.690971171607,6.10742675696761,20.246299592247475,16,2,0
30.626600563167838,2.1125666219617694,1,36071.183296562594,8.425878318497045,15.143988567825023,38,2,2
19.35456386048583,1.8170548963777482,1,26034.023699854188,1.7069617474453025,19.304164517472763,5,2,0
36.46602904372086,3.624295344331552,1,30421.270350292856,3.4314119860675287,72.73706494454132,9,1,0
49.55762720369439,2.064047921346392,0,5138.773319749233,7.9034089240585095,30.725473324998504,14,2,1
38.24078724996386,2.005064573603715,1,5469.145315640631,0.6898242500151119,116.06967422554514,20,1,1
32.4943363106314,4.298836484678196,1,24602.54645216383,7.1684351534659685,93.58877196363538,20,2,0
28.133110740754724,4.5840834204764676,1,25893.690393535282,5.332134265950637,88.80950408463808,34,0,1
36.14601112999791,4.018717490930564,1,12517.731096973623,8.28159404934944,29.465382866927808,29,0,1
12.459330269900631,1.984292475225514,1,79352.69052552964,7.685848914347557,83.42390063862082,5,2,0
28.133110740754724,2.8265845617773753,1,23502.90227762412,5.998036832603339,48.43798801937588,32,0,1
29.697190176435903,0.5318315990720418,1,17214.922377284103,5.278280650465677,17.208592603168547,37,2,1
35.98552661605029,1.9479857737022703,1,62674.44074991654,0.1937291317862433,73.66829001335441,8,2,2
49.42725317056347,3.6761495679146043,1,36067.634613661474,3.373537192649323,45.524083533590506,26,1,2
16.820193568896926,3.63676857975827,1,84807.12217530323,7.9169342721896,32.1348639452259,52,1,1
17.440095882604627,1.4778902833676524,0,70247.17649939092,0.13222244757947177,16.80283332362061,33,2,2
33.898566730830105,0.9555183309577007,1,85497.12701412647,0.5878484884295094,99.18304860611376,8,2,0
49.26944325579661,0.13188944975686567,1,47638.302406509596,8.512652179002032,91.5306119287068,39,2,0
40.23863065250003,3.537034585913589,1,7040.27706410383,6.10742675696761,25.88023477591927,27,2,0
20.189355016764438,3.5121399163067055,1,17963.311354460246,8.28159404934944,117.37269977004252,16,0,1
29.36120036676858,0.9690993685777057,1,85497.12701412647,0.5818080057020583,100.18097516246539,8,2,2
21.32750968769161,1.8101524710904713,1,23873.682372403346,0.537000656072532,115.34710255478508,56,2,0
17.342987753481076,2.7463770125903846,1,44336.88148433195,9.189490225321356,43.0146277852313,25,1,2
31.315150760446617,2.825762017529841,1,67145.53911349583,2.2469153626357667,50.368712821836645,33,2,2
49.53139241629594,4.834106251691064,1,24582.947022485838,3.373537192649323,34.00896418853493,8,2,2
16.125489046275373,1.984292475225514,0,25552.986699378125,5.444843008739951,83.61591465841458,5,0,0
36.37981132466939,3.625140799450732,1,11147.98386087354,8.28159404934944,30.01231735654404,16,0,1
36.149446520771455,4.574222133487556,1,59625.34405925313,9.237372371390634,105.06176942882101,37,0,1
43.49995728801059,1.9081287478220932,1,30275.77610883699,0.6719293443933054,64.70512218050717,9,1,0
19.35456386048583,1.8170548963777482,1,26034.023699854188,7.7900649382570535,19.304164517472763,5,2,0
28.133110740754724,2.62178857835143,1,17725.347951272437,5.332134265950637,117.4706529876214,34,0,1
19.186408450759394,3.572602002293239,1,24553.6500666418,1.8687646006402725,72.80905292684362,20,2,0
28.133110740754724,2.819535587587395,1,23406.4753173483,5.998036832603339,48.43798801937588,22,0,1
21.45540732215957,4.37751907706843,0,43589.77338830107,3.42550631246733,30.509830266994282,25,1,2
22.31925987306284,3.6664634329611143,1,39672.464014232035,1.6799117417093201,73.59600643267403,26,1,0
18.886921387166645,3.9133266672155482,1,8284.50386382241,5.998240814807799,84.44101391614011,15,2,0
49.42725317056347,3.6761495679146043,1,36067.634613661474,3.373537192649323,45.524083533590506,41,1,2
38.24078724996386,4.318570637705165,1,5469.145315640631,0.6898242500151119,27.172649306137536,20,1,1
40.23863065250003,3.536302968037702,1,7040.27706410383,5.12736313694366,30.01671929674229,27,0,0
32.65022661651285,0.9690993685777057,1,85497.12701412647,0.5860782721871414,105.27056664182648,24,1,2
28.133110740754724,4.5840834204764676,1,79693.4181255109,1.5787690776135384,88.61749006484432,34,2,1
31.315150760446617,2.825762017529841,1,50053.10012474278,2.2469153626357667,50.368712821836645,21,2,2
29.697190176435903,0.5159155426555445,1,17214.922377284103,6.021178447902403,17.208592603168547,25,2,1
37.97409767172532,3.66415235493734,1,17997.51078789322,3.4140167089468463,99.18304860611376,8,2,2
15.368455966556283,4.003769177850744,1,47284.39697395596,0.7958119196211217,106.94024705168292,49,1,2
20.189355016764438,3.5121399163067055,1,30574.465950526133,8.28159404934944,117.37269977004252,16,0,1
36.68852192586193,1.8708662560892209,1,30470.166735814884,3.4314119860675287,93.5167839807846,27,1,0
22.7463307032525,3.5204614626217405,1,26939.648838810863,3.7316715965737046,73.284000515663,16,1,0
20.41275765731267,1.7372442061161473,1,55469.52100496577,9.120642908580267,73.22025020354613,25,1,1
19.35456386048583,1.1990865029698776,1,26034.023699854188,3.4584619934431124,94.64221274176718,19,2,0
37.00658435200545,3.5714746218134867,1,39366.89405785455,6.10742675696761,20.246299592247475,16,2,0
37.62924013437182,2.005064573603715,1,6320.749471831922,1.222070917384965,117.43137429524991,33,1,1
36.14601112999791,1.7981902184974916,1,12517.731096973623,8.28159404934944,117.32792547792066,29,0,1
22.229682014791045,3.5128715341825925,1,10925.243677136788,6.7155499165231225,22.583594810577505,29,2,1
49.52695656296148,3.9850836636832203,1,13440.543022573871,8.341848618720869,59.74239990546371,77,1,2
34.8329640367748,2.104494448697996,0,36183.20518255451,6.719141503303373,50.423274767729154,37,2,2
29.697190176435903,0.5159155426555445,1,17214.922377284103,0.7213404347817687,16.847098211757583,66,2,1
18.97613823583307,1.8453530927511341,1,39322.790996280775,1.7069617474453025,94.64221274176718,20,2,0
37.4097259934819,4.574222133487556,1,94421.9721314891,9.237372371390634,9.90002675981518,95,0,1
37.97409767172532,1.9479857737022703,1,18012.258235457484,0.65444520313796,99.18304860611376,8,2,2
48.10866550013788,0.9366792945657448,0,91370.4561182098,3.5600115939269394,39.10637472002037,26,1,2
47.358772757947804,0.33368077523420026,0,71778.12620734319,0.34786945396307223,43.10841215653624,65,0,1
29.652553289245375,2.5608577919732873,1,39578.67074464159,2.577112862407599,26.893143617095458,1,2,2
44.10142592045754,3.33777992455254,1,101976.88534646876,2.1396366879697215,102.54524293262125,46,2,1
48.32139067485,2.064047921346392,0,5138.773319749233,7.9034089240585095,119.70540532584532,14,2,1
26.669280921647605,4.241597019119955,0,29255.118817340346,0.8061955595765169,22.61047563109823,99,0,0
34.255257347513734,2.622445315733917,0,60048.273336884595,1.1136910374577513,75.42310139761169,33,1,1
33.73918912210978,3.9871715401236614,0,48052.16845149816,5.424226170684969,5.1761992486046315,86,0,2
29.218173645321173,2.825762017529841,1,46195.270714723694,1.9951740948238461,47.72427806642628,32,2,2
28.761823306727933,2.9539945114838146,0,119661.34526949833,5.19672075629178,26.387507868858492,84,2,1
18.86245001735899,2.0624828827364174,0,65901.84879337707,0.5294216161275334,75.880280928594,5,2,2
17.503943750736223,0.5486007950111077,0,79352.69052552964,1.871844472770341,24.343467598749218,5,2,0
22.334921444208394,3.5229514379193665,0,54722.4129089349,3.4314119860675287,73.46331056148897,27,1,0
33.682152640417804,4.291967137301426,1,23873.682372403346,7.189270371538809,115.34710255478508,56,2,0
36.37981132466939,3.625140799450732,1,12517.731096973623,8.28159404934944,30.01231735654404,16,0,1
42.774541989714535,2.0978298781160367,1,90680.02995659628,1.893141093634344,15.417555785925057,61,0,2
21.477223379597568,0.4355374214792007,1,86786.04760200184,5.065071570646729,102.8048597779051,52,2,1
30.632681437001736,0.9289456218451453,0,118996.54354936599,8.55413933168942,6.462259785686877,5,2,0
28.133110740754724,2.7563230495548745,1,30186.56306840533,5.332134265950637,88.80950408463808,34,0,1
16.820193568896926,3.2942464791822634,1,47274.476676277045,7.9169342721896,106.94024705168292,48,1,1
49.26944325579661,0.13188944975686567,1,45055.63826487378,8.512652179002032,16.188461200278063,91,2,0
23.420843650782043,4.714600208006785,1,68859.54832630641,3.309698417210053,61.831335651253966,33,1,2
37.62924013437182,3.5731010680897657,1,5820.09022144574,6.137691358658483,117.07027452424828,33,1,1
37.65809127675537,3.6119427091978014,1,95693.68196634363,5.373543114239119,18.0511002676565,21,2,0
48.32139067485,2.1012562018805023,0,4421.1674091559835,7.9034089240585095,48.9994042009335,14,2,1
26.669280921647605,3.4821184266593437,0,79265.98852764879,0.8240949251325153,22.61047563109823,88,0,0
16.820193568896926,2.9498935111775286,1,49231.6947174725,0.9123059658870547,15.821818268285604,50,1,1
29.652553289245375,2.069035464386602,1,39578.67074464159,2.577112862407599,77.05366991390224,5,2,2
18.97613823583307,0.45353088534461194,1,39322.790996280775,1.7135337920561922,94.64221274176718,20,2,0
42.774541989714535,3.2697939463485337,1,90169.35703813906,2.1403025007071785,16.51209501650915,61,0,2
30.632681437001736,1.9382377460280014,1,118996.54354936599,8.55413933168942,6.729759107707358,5,2,0
28.133110740754724,2.7563230495548745,1,30420.965298850384,5.339809084150191,90.89075016770617,34,0,1
39.35577011575133,3.614999908775932,1,13851.620550579537,2.040152510196737,30.271508207920135,24,0,1
49.26944325579661,3.8925148188502106,1,25588.881252016025,7.694286272323625,16.188461200278063,91,2,0
37.60044583780536,4.791194075041439,1,94421.9721314891,9.237372371390634,1.584872803182547,93,0,1
37.65809127675537,3.6119427091978014,1,92838.0683316818,5.373543114239119,18.0511002676565,33,2,0
28.761823306727933,2.9539945114838146,0,119185.59416739718,5.19672075629178,26.387507868858492,84,2,1
49.438948754772454,0.268049117176131,0,69334.81257645453,9.605629809399792,60.05075358840729,65,0,1
33.84108288737933,4.755217888673314,0,71099.2239638927,6.40112960518995,4.1805389822110826,86,0,2
34.8329640367748,2.395957886144691,0,36917.884077473995,6.719141503303373,115.06544963208583,37,2,2
16.112116827503314,0.5486007950111077,0,29651.62042024374,1.8539451135727365,26.130607779986153,14,2,0
29.697190176435903,0.5159155426555445,1,17214.922377284103,7.73170099331757,107.93649874528205,65,2,1
18.62170531406548,2.5543052103231028,0,65901.84879337707,0.5294216161275334,25.719772835831503,1,2,2
21.477223379597568,1.827369372751693,1,86786.04760200184,5.058500224616431,102.8048597779051,52,2,1
44.10142592045754,2.1658158563057954,1,102487.5582647774,1.8924752808968868,101.45508163893786,46,2,1
37.97409767172532,0.9386936504783961,0,18012.258235457484,0.65444520313796,99.18304860611376,8,2,2
45.408722564677056,0.9366792945657448,0,94287.36946115403,3.5523367757276034,37.025118308818975,26,1,2
29.783768972264525,2.8359029082041074,1,44861.44926070072,8.263142529730185,54.1974688382983,32,2,2
33.682152640417804,0.3703684121344528,1,43340.43938704808,7.189270371538809,115.59840278731355,56,2,0
22.14420161612046,3.5229514379193665,0,54722.4129089349,3.4314119860675287,70.77260329620401,28,1,0
37.62924013437182,3.5731010680897657,1,8870.866529880805,6.137691358658483,113.59474003269717,21,1,1
34.255257347513734,2.622445315733917,0,59302.28062691454,1.1136910374577513,75.42310139761169,33,1,1
47.44668565142088,3.5213803799075483,1,15885.829669854607,0.58738635442688,42.800058473592806,75,1,2
23.420843650782043,3.9465420684213246,1,47765.04862320786,3.1473076062042846,67.90614499560823,33,1,2
16.820193568896926,3.2942464791822634,1,47274.476676277045,7.951367940529886,96.73904822605566,44,1,2
44.10142592045754,2.2205535484148755,1,109114.0129617313,1.9979146722487255,101.45508163893786,4,2,1
14.770769641480273,0.45923665285045057,1,16621.355410370288,1.7465625630888564,93.18868411707655,21,2,0
39.35577011575133,3.614999908775932,1,13851.620550579537,2.040152510196737,30.271508207920135,24,2,1
26.503780535566857,2.568379832601311,1,39161.44457519068,2.577112862407599,53.207352545540616,1,2,2
31.507081568332268,3.5731010680897657,1,6596.223192758051,4.979768830032014,113.59474003269717,20,2,1
29.218173645321173,4.7852312999155835,1,69143.77288018595,3.58620307012146,48.03584257336567,32,2,2
28.133110740754724,0.23350969735104132,1,30420.965298850384,5.339809084150191,90.89075016770617,34,2,1
28.133110740754724,2.0725915375798274,0,30186.56306840533,5.332134265950637,88.50360244979672,33,0,1
37.65809127675537,3.6119427091978014,1,95693.68196634363,0.6994414956218162,17.205792987165374,19,2,0
29.674829678874794,2.069035464386602,1,44790.35372180738,2.577112862407599,118.22615233350831,34,2,2
48.32139067485,2.0652782464008723,1,5138.773319749233,8.56151879741011,119.70540532584532,14,2,1
18.86245001735899,2.0624828827364174,0,65901.84879337707,3.4378550962624326,71.05314737898694,5,2,2
16.881169035629053,2.969238032219325,1,54998.76471675054,3.4314119860675287,73.46331056148897,26,1,0
36.37981132466939,3.303852124334654,1,47830.357989643584,3.3187399135874487,33.86277219817869,16,0,1
37.97409767172532,0.9386936504783961,0,18012.258235457484,0.65444520313796,99.18304860611376,6,2,1
14.995172620195465,0.4938950787926355,0,79352.69052552964,0.8922602159912223,24.343467598749218,47,2,0
31.324576820194807,0.5019407085425692,1,39916.3583656962,0.688311707800349,18.303945055962345,66,2,1
37.97409767172532,1.9479857737022703,1,13174.700488044515,0.65444520313796,99.18304860611376,8,0,2
29.783768972264525,2.8283808675760835,1,45278.67543015163,8.263142529730185,24.725076669358028,32,2,2
21.477223379597568,1.827369372751693,1,90000.35146819518,6.216422753242899,102.8048597779051,53,1,1
23.420843650782043,2.7525805547668325,1,45911.04616084689,2.0184163335533776,61.519771144314575,34,1,2
16.112116827503314,3.139778418100769,0,29651.62042024374,1.8539451135727365,16.611970774700602,14,0,0
48.32139067485,2.78498771385555,1,4421.1674091559835,7.9034089240585095,49.3053056648815,15,2,1
18.62170531406548,2.5543052103231028,0,65901.84879337707,5.206533930555681,29.605391029940957,3,2,2
37.60696374472314,3.5731010680897657,1,5820.09022144574,6.137691358658483,75.5443370118624,4,1,1
30.632681437001736,2.000952987918594,0,118996.54354936599,7.896029458337788,6.729759107707358,12,2,0
22.14420161612046,3.5229514379193665,0,54722.4129089349,0.5233379365818813,75.59973684581108,29,1,0
22.273945977663963,3.503606916877569,0,48955.342909656865,0.9123059658870547,15.821818268285604,51,1,1
23.420843650782043,3.9465420684213246,1,10820.924034477246,8.11014136964059,64.05569027305974,33,1,2
29.652553289245375,2.5256743744855386,0,39578.67074464159,3.4353485404866415,26.893143617095458,5,2,2
15.484729718400407,2.118850714253381,1,54998.76471675054,3.4314119860675287,73.46331056148897,26,1,0
26.5789088253991,3.9465420684213246,1,10820.924034477246,3.7798024047795735,64.41860405340779,15,0,2
29.652553289245375,2.069035464386602,1,39578.67074464159,2.577112862407599,99.21788076417647,0,2,2
48.32139067485,2.064047921346392,0,5138.773319749233,7.949518999592303,96.94841663896982,14,2,1
37.60696374472314,3.5731010680897657,1,2783.1140934048603,6.278209244839534,75.5443370118624,34,1,1
23.523826448396633,3.6933813006605627,1,48578.270756368656,1.4558862404155846,61.519771144314575,34,0,2
18.62170531406548,2.4248282588677803,0,65901.84879337707,5.211232032086949,29.605391029940957,5,2,2
22.337313536154852,1.827369372751693,1,84118.34880106726,5.058500224616431,102.8048597779051,53,2,1
18.86245001735899,2.0624828827364174,0,49594.493002908835,0.5443939509265258,83.23990446208849,5,2,2
23.43330907019217,4.737778471277784,1,69108.39295527071,6.137691358658483,117.07027452424828,33,1,1
43.31388916389855,3.9480836934108705,1,102487.5582647774,1.8924752808968868,92.54030798523759,46,2,1
14.227364646232221,3.139778418100769,0,37294.41313578838,1.8539451135727365,16.547173517047266,17,0,0
39.35577011575133,3.614999908775932,1,119793.54832390184,2.040152510196737,30.271508207920135,23,0,1
10.847551517482588,2.074624761922655,1,65901.84879337707,2.5796194181833902,67.66797135671733,1,2,2
49.47763099431804,2.993520115357895,1,5138.773319749233,8.56151879741011,119.70540532584532,14,2,1
36.37981132466939,3.491807150794,1,46953.278868152614,7.6490734348048806,41.32537596363372,34,1,1
39.78825080611544,1.9407905221561572,1,13174.700488044515,0.8379840868888344,68.37149805264212,8,0,2
11.64301958475204,3.2942464791822634,1,47274.476676277045,7.905257864996092,118.5300261659427,47,1,2
28.133110740754724,2.7563230495548745,1,30257.16182282403,5.332134265950637,101.47013924414628,9,0,1
36.27682852752345,2.6843400535175768,1,9852.14199322899,8.28159404934944,30.01231735654404,16,1,1
28.133110740754724,0.36472252320543075,1,30420.965298850384,5.335110982618923,90.89075016770617,33,2,1
21.7239501032414,3.5229514379193665,0,60914.60029839611,3.4314119860675287,71.98792123027332,27,1,0
14.770769641480273,0.45923665285045057,1,16621.355410370288,1.7465625630888564,117.8180963352101,21,2,0
16.820193568896926,2.9498935111775286,1,65539.05050794073,0.8973336310914388,15.821818268285604,50,1,1
37.6167747025773,3.4510977340021234,1,9689.910847896157,3.309698417210053,61.831335651253966,40,1,2
24.208162780806852,2.0334003595447903,1,47765.04862320786,2.999925327370603,67.90614499560823,33,1,2
16.112116827503314,0.5486007950111077,0,29651.62042024374,1.8539451135727365,26.195405037647674,14,2,0
30.632681437001736,1.9382377460280014,1,5627.013055903379,8.55413933168942,2.4256280245110418,6,2,0
27.595631070790887,3.2235503912692476,0,62010.49032857189,6.099549691813832,73.46331056148897,27,1,0
36.017444923951786,2.2190587166980773,1,25463.600248625815,0.10833707259409464,26.203628879386933,8,2,2
18.86245001735899,2.0624828827364174,0,65901.84879337707,2.369357232229661,77.16139900135536,5,2,2
37.60696374472314,3.6400851240093335,1,629.0666193550787,5.274794230512878,75.5443370118624,34,2,1
14.770769641480273,0.45923665285045057,1,46489.78811125376,2.514005039046755,67.24239705902102,22,1,2
16.972704535381414,1.827369372751693,1,86786.04760200184,5.058500224616431,91.96846983355906,52,2,1
36.54672557177359,3.491807150794,1,47887.76084987592,7.727710515448118,31.146850455957992,33,1,1
16.11672943177254,2.118850714253381,1,26580.53483698624,3.4452574870256387,73.46331056148897,26,0,0
39.248731924904895,1.9407905221561572,1,13455.138838134924,0.6171730682641641,68.37149805264212,8,2,2
38.017823393642644,3.544699759037395,1,5820.09022144574,6.137691358658483,117.05350373346273,16,1,0
36.52484652392107,3.625140799450732,1,12517.731096973623,8.18067686932707,11.602225861411586,16,0,1
29.652553289245375,2.196757933566747,1,46825.58405721264,2.577112862407599,99.21788076417647,0,2,2
28.133110740754724,2.7563230495548745,1,1803.725004527967,5.332134265950637,89.10031886196262,8,0,1
29.628946944859408,2.6843400535175768,1,9852.14199322899,8.28159404934944,30.01231735654404,16,2,1
16.557373881949747,0.5396862021516461,0,12893.842016838933,1.8539451135727365,99.1741898520959,14,0,0
10.847551517482588,1.4668856563163988,1,65901.84879337707,0.441437347719134,63.26937017031574,1,2,2
28.133110740754724,0.18343361818976067,1,30420.965298850384,6.202706212295794,90.89075016770617,4,1,1
23.420843650782043,3.9465420684213246,1,17896.620014341657,3.1473076062042846,118.10532016484443,32,2,0
23.971048774921474,4.439535895147224,1,10820.924034477246,3.628416789693301,64.41860405340779,15,0,2
21.38568787986162,2.969238032219325,1,54998.76471675054,3.4314119860675287,73.13452641610878,16,1,0
39.35577011575133,3.614999908775932,1,13851.620550579537,2.040152510196737,40.45003371559588,33,0,1
15.480117114131183,3.139778418100769,0,58069.85043223126,1.840099612777899,16.611970774700602,14,1,0
49.79617936715255,2.993520115357895,1,4858.336299519291,8.56151879741011,119.70540532584532,13,0,1
13.845191593600735,3.168179727153139,0,37294.41313578838,1.8539451135727365,12.947035568041485,34,0,1
29.718391010671002,2.7563230495548745,1,32471.288674390886,5.433051262024158,93.68232755010213,40,0,1
29.652553289245375,1.682014073107383,1,39578.67074464159,2.577112862407599,77.05366991390224,5,2,2
44.046231726474765,2.0652782464008723,1,43767.992439524736,8.56151879741011,119.70540532584532,19,2,1
33.10627633117878,2.5608577919732873,1,39578.67074464159,2.577112862407599,26.893143617095458,1,1,2
37.60696374472314,3.5731010680897657,1,2783.1140934048603,6.278209244839534,77.76998505859385,34,1,1
28.08024197095485,2.7563230495548745,1,30257.16182282403,5.360568535219974,102.20922601681825,33,1,2
23.937731996029864,3.9465420684213246,1,47765.04862320786,3.1188733369614132,67.16704715075247,9,0,1
49.52695656296148,3.9850836636832203,1,13440.543022573871,8.341848618720869,59.74239990546371,77,1,2
34.8329640367748,2.104494448697996,0,36183.20518255451,6.719141503303373,50.423274767729154,37,2,2
29.697190176435903,0.5159155426555445,1,17214.922377284103,0.7213404347817687,16.847098211757583,66,2,1
18.97613823583307,1.8453530927511341,1,39322.790996280775,1.7069617474453025,94.64221274176718,20,2,0
37.4097259934819,4.574222133487556,1,94421.9721314891,9.237372371390634,9.90002675981518,95,0,1
37.97409767172532,1.9479857737022703,1,18012.258235457484,0.65444520313796,99.18304860611376,8,2,2
48.10866550013788,0.9366792945657448,0,91370.4561182098,3.5600115939269394,39.10637472002037,26,1,2
47.358772757947804,0.33368077523420026,0,71778.12620734319,0.34786945396307223,43.10841215653624,65,0,1
29.652553289245375,2.5608577919732873,1,39578.67074464159,2.577112862407599,26.893143617095458,1,2,2
44.10142592045754,3.33777992455254,1,101976.88534646876,2.1396366879697215,102.54524293262125,46,2,1
48.32139067485,2.064047921346392,0,5138.773319749233,7.9034089240585095,119.70540532584532,14,2,1
26.669280921647605,4.241597019119955,0,29255.118817340346,0.8061955595765169,22.61047563109823,99,0,0
34.255257347513734,2.622445315733917,0,60048.273336884595,1.1136910374577513,75.42310139761169,33,1,1
33.73918912210978,3.9871715401236614,0,48052.16845149816,5.424226170684969,5.1761992486046315,86,0,2
29.218173645321173,2.825762017529841,1,46195.270714723694,1.9951740948238461,47.72427806642628,32,2,2
28.761823306727933,2.9539945114838146,0,119661.34526949833,5.19672075629178,26.387507868858492,84,2,1
18.86245001735899,2.0624828827364174,0,65901.84879337707,0.5294216161275334,75.880280928594,5,2,2
17.503943750736223,0.5486007950111077,0,79352.69052552964,1.871844472770341,24.343467598749218,5,2,0
22.334921444208394,3.5229514379193665,0,54722.4129089349,3.4314119860675287,73.46331056148897,27,1,0
33.682152640417804,4.291967137301426,1,23873.682372403346,7.189270371538809,115.34710255478508,56,2,0
36.37981132466939,3.625140799450732,1,12517.731096973623,8.28159404934944,30.01231735654404,16,0,1
42.774541989714535,2.0978298781160367,1,90680.02995659628,1.893141093634344,15.417555785925057,61,0,2
21.477223379597568,0.4355374214792007,1,86786.04760200184,5.065071570646729,102.8048597779051,52,2,1
30.632681437001736,0.9289456218451453,0,118996.54354936599,8.55413933168942,6.462259785686877,5,2,0
28.133110740754724,2.7563230495548745,1,30186.56306840533,5.332134265950637,88.80950408463808,34,0,1
16.820193568896926,3.2942464791822634,1,47274.476676277045,7.9169342721896,106.94024705168292,48,1,1
49.26944325579661,0.13188944975686567,1,45055.63826487378,8.512652179002032,16.188461200278063,91,2,0
23.420843650782043,4.714600208006785,1,68859.54832630641,3.309698417210053,61.831335651253966,33,1,2
37.62924013437182,3.5731010680897657,1,5820.09022144574,6.137691358658483,117.07027452424828,33,1,1
37.65809127675537,3.6119427091978014,1,95693.68196634363,5.373543114239119,18.0511002676565,21,2,0
48.10866550013788,0.743585516389858,0,66434.00500103907,3.5600115939269394,39.10637472002037,26,0,2
18.487173349987934,1.8393781286582336,1,90680.02995659628,1.893141093634344,18.001081106393517,21,0,2
18.86245001735899,2.0624828827364174,0,65901.84879337707,0.5294216161275334,57.65279482137653,5,2,2
29.556303965820472,1.6036570513161434,1,18567.219640132196,0.65444520313796,29.801624591694914,11,2,2
26.793646304080717,0.4355374214792007,1,86786.04760200184,5.065071570646729,23.63439544828495,52,2,0
44.10142592045754,3.33777992455254,1,94436.75602822291,2.1396366879697215,97.45780015852193,46,2,1
34.297238901893664,2.579471042739433,0,60194.7498416896,1.1136910374577513,116.59189364503224,33,1,1
28.249453809436144,2.7563230495548745,1,30186.56306840533,5.332134265950637,88.80950408463808,34,0,1
37.170213984056474,0.5607495422417172,0,79642.13946460132,7.7974679403569676,29.940402531003517,16,0,1
22.732853957142368,3.5412544934369343,1,13735.87662994249,8.341848618720869,72.75583865147406,70,1,2
28.761823306727933,2.1361109263152276,0,115236.88450403628,7.937652746627806,16.70808629635266,84,2,1
26.354905401120078,3.6119427091978014,1,95693.68196634363,5.373543114239119,18.0511002676565,41,2,0
34.8329640367748,2.0540424868830063,0,36183.20518255451,6.719141503303373,50.423274767729154,37,2,1
49.26944325579661,4.035274742453145,1,45055.63826487378,8.387425507210716,4.944985802869487,91,0,0
33.764903955646446,4.230558639063588,1,50073.18170670052,5.755946296344243,117.99616059419907,56,2,0
47.358772757947804,0.34641772377905444,0,73730.65628707712,0.34786945396307223,52.88269103672502,65,1,1
45.778696093712114,2.1038048422089375,1,39322.790996280775,1.3635850537238547,94.64221274176718,60,2,0
30.735981254814096,0.7551237717294718,0,118996.54354936599,8.696569835960384,6.462259785686877,5,2,0
38.070346995059374,2.5321526116274646,1,39023.70938884241,2.551509585798886,98.23182844205708,1,2,2
21.352857997164946,4.241597019119955,0,29255.118817340346,0.8061955595765169,101.77784479457301,99,0,1
37.4097259934819,4.574222133487556,1,101962.10144973487,9.237372371390634,15.038468880449116,95,0,1
37.58725857999188,3.6160753410581075,1,5718.631994373227,6.077170890567412,75.82149374306407,33,1,1
16.820193568896926,3.2942464791822634,1,47274.476676277045,7.946828823205653,106.94024705168292,48,1,1
16.713711480977757,3.6133533110676566,1,12236.78011871087,2.3781125800753693,24.415382424289742,5,2,0
49.265430848907066,3.9667806081656396,0,61157.42833712749,3.4314119860675287,60.449871815478595,27,1,0
48.38490933323929,2.8819315065149778,0,5138.773319749233,5.162476906683229,119.70540532584532,14,2,1
37.05541221952702,4.714600208006785,1,68859.54832630641,3.309698417210053,61.831335651253966,21,1,2
29.848168572642695,0.5663752418635252,1,17214.922377284103,0.7213404347817687,16.847098211757583,58,2,2
33.73918912210978,0.11961147709449138,0,48052.16845149816,5.549451931547146,13.15580695358788,86,2,2
29.13542233009253,2.887170093699403,1,8052.078299385283,1.9951740948238461,43.947312301675524,35,2,2
29.08157129838486,2.9994469545084064,1,90680.02995659628,1.9624659259732835,42.32911085121695,34,0,2
16.713711480977757,0.566447281457076,1,12236.78011871087,2.5867280312737555,24.415382424289742,5,2,1
22.491824334581167,4.714600208006785,0,68980.32983491047,3.309698417210053,61.831335651253966,21,1,2
29.652553289245375,2.5608577919732873,1,39578.67074464159,3.110623722768757,27.617541900424,1,2,2
21.477223379597568,0.4355374214792007,1,87620.65260313166,5.965142514158695,102.8048597779051,49,2,1
37.24307956278244,2.388387647874763,0,41209.735297006635,3.5600115939269394,39.10637472002037,26,1,2
29.218173645321173,2.825762017529841,1,44316.40458538971,1.9951740948238461,48.76937442043951,32,2,2
47.116455760150814,3.6362966840254343,1,5718.631994373227,6.077170890567412,75.82149374306407,37,2,1
48.233590363577896,0.7786835638931957,0,66646.57734640407,3.5600115939269394,74.28008715224942,26,0,1
27.72949773985227,2.7371168080586386,0,30404.01480951058,5.91459955838922,90.03179894785265,37,2,1
40.011847035036354,3.6137228485732082,1,1752.1078726783107,6.137691358658483,93.0059941644828,39,1,1
18.183777373722094,3.625140799450732,1,12517.731096973623,8.28159404934944,30.01231735654404,16,0,2
48.32139067485,2.064047921346392,0,69658.64719991558,7.8019513894568515,119.8442526441888,13,2,1
37.66367861808151,1.9479857737022703,1,16997.164034615867,0.65444520313796,110.80733876625085,9,2,0
29.556303965820472,1.6036570513161434,1,18058.775990675018,0.65444520313796,29.801624591694914,34,2,2
18.541024420859603,1.7271012678736573,1,8052.078299385283,1.9951740948238461,19.619282875082526,33,2,2
37.170213984056474,3.6079727186667725,0,79642.13946460132,7.588850019767816,29.940402531003517,23,0,0
36.89850934172904,3.0979014868605654,1,54601.631400330836,3.4314119860675287,73.46331056148897,27,1,0
17.642742962116174,0.5486007950111077,0,79305.33360428833,2.464962518793449,24.343467598749218,9,2,0
48.03632496075877,0.9512205417950831,1,89184.42506256988,2.551509585798886,98.23182844205708,5,2,2
29.848168572642695,0.5663752418635252,1,7428.154169937512,0.7213404347817687,15.802019968070535,58,2,2
37.297355773714095,2.8617101635470257,0,5138.773319749233,5.162476906683229,110.25907050517654,12,1,1
34.255257347513734,2.587349777806075,0,59835.700991519596,1.1136910374577513,40.2493889696477,33,1,2
35.35292010635641,2.0732487283792427,1,35965.75344144926,5.332134265950637,49.2009793592691,34,0,1
18.97613823583307,1.995226538416572,1,39322.790996280775,1.7069617474453025,114.01455594462513,18,2,0
37.05850640063642,2.0624828827364174,0,65901.84879337707,0.5294216161275334,75.880280928594,5,2,1
23.420843650782043,4.714600208006785,1,4518.32842953426,3.411153858909501,65.69044655168261,34,1,2
37.96851033039918,3.6119427091978014,1,95693.68196634363,5.373543114239119,6.679393059356258,21,2,2
28.133110740754724,2.8665073170479918,1,30695.00671800867,5.332134265950637,88.80950408463808,11,0,1
36.37981132466939,3.625140799450732,0,12517.731096973623,8.28159404934944,30.01231735654404,16,2,1
48.03632496075877,0.5589100908456675,1,89184.42506256988,0.6002284514641207,94.15201118676458,8,2,2
37.62924013437182,3.5731010680897657,1,70942.52191315083,6.160323125200952,116.03641644017627,34,2,2
23.321364396431242,2.5608577919732873,1,39578.67074464159,3.1040212006563537,61.32929388264414,47,2,2
48.10866550013788,0.9366792945657448,1,90687.85794141045,3.4901149480454503,39.10637472002037,26,1,2
22.491824334581167,4.726172326972797,0,36279.963777639576,3.309698417210053,26.717213030082362,22,1,2
39.98252981748156,0.7145637133429106,0,1752.1078726783107,6.137691358658483,89.88802798902694,39,1,1
35.23808997081559,2.1388131825244128,1,33490.69236923381,0.7358860784301631,49.2009793592691,34,0,1
28.133110740754724,3.468727214933283,1,30186.56306840533,4.08260626452436,88.80950408463808,34,0,1
38.05938589792237,2.5321526116274646,1,39023.70938884241,2.551509585798886,97.83008070437285,1,2,2
28.584453622026736,2.799072578796463,0,79352.69052552964,5.320052043210866,28.698188461278093,5,2,1
14.553982096200004,1.943983482536957,1,16997.164034615867,0.596326453628945,110.80733876625085,15,2,0
17.671588379116358,3.7109806111709815,0,4496.554203076201,8.28159404934944,25.77714184102365,18,0,1
35.802731759769955,3.5792888827240414,1,12517.731096973623,7.650602791865686,117.56646455496605,18,2,0
16.510559043290236,3.5939409712382826,1,18867.109274356655,2.4218760334284366,29.96604358580747,14,2,2
37.345374817582325,2.8378775464201165,0,8844.9584365939,5.144274085623698,99.62032272877546,12,1,1
29.848168572642695,0.47618255891783545,1,17214.922377284103,2.672661881231802,16.847098211757583,57,2,2
18.86245001735899,2.0624828827364174,0,1906.6389246908948,0.5137184483995592,58.474949517712716,4,1,1
29.752032543596762,4.4143830581402295,1,68859.54832630641,3.3163009393224567,28.119583777927296,1,1,2
18.487173349987934,1.8393781286582336,0,91362.62813339563,1.9630377396544285,18.001081106393517,21,0,2
29.652553289245375,2.5481775991876017,1,72279.03682466733,2.577112862407599,60.919383323430985,1,2,2
37.199531201611265,3.460195116629777,1,79808.76009746802,7.7974679403569676,33.0583443427232,16,0,1
38.08892780726614,1.9479857737022703,1,18012.258235457484,5.252062178915775,99.18304860611376,15,2,2
28.249453809436144,2.7563230495548745,1,30186.56306840533,5.764286502077226,88.80950408463808,34,0,1
37.598219677128895,3.6160753410581075,1,5718.631994373227,6.077170890567412,81.7435867188801,33,1,1
17.05260174426072,0.6161047385254197,1,30695.00671800867,1.883927126519169,88.99039243422496,11,0,0
39.828962352042154,0.5704510532062795,1,12236.78011871087,2.644880149156773,24.415382424289742,4,2,1
48.63979341953101,2.064047921346392,1,5144.113568548189,7.898227128106933,119.61966703619686,14,2,2
16.323593266952955,1.9933733056586913,1,39322.790996280775,1.7607087641371826,26.06002184008902,16,0,1
29.759461453570324,1.623069369321581,1,11936.890484494996,0.6106932262151314,24.250963430177187,11,2,0
34.78494499290656,2.077875104009917,0,32480.95427648155,8.026832193872739,50.423274767729154,40,2,1
38.23596435860792,2.5321526116274646,1,39023.70938884241,2.551509585798886,114.05514478483461,0,2,2
38.021962028101704,3.6160753410581075,1,1817.6912452817105,6.077170890567412,75.82149374306407,43,1,1
36.30269083216787,3.4637860234110733,1,5820.09022144574,6.137691358658483,113.39150282123214,33,1,1
18.183777373722094,3.573508985313893,1,12517.731096973623,8.28159404934944,30.01231735654404,16,0,2
18.991919459259606,2.8665073170479918,1,30695.00671800867,5.332134265950637,88.80950408463808,11,2,1
28.133110740754724,3.625198093362955,1,29359.39553906554,4.0517824425575935,80.41658811133146,34,0,1
23.37102034517133,4.72820446622496,1,68859.54832630641,3.336401839282436,56.97170372408789,33,1,2
27.702259184290057,2.0624828827364174,0,413.1045100738834,0.1064543718885167,86.4196387784688,4,1,1
42.27189360487536,3.6137228485732082,1,1752.1078726783107,6.137691358658483,89.25781983057091,40,1,1
35.23808997081559,2.190577902177417,0,32741.583599696733,0.7721939471500612,44.99003514482904,34,0,1
16.091184810342057,1.9493318642707287,1,25748.81288135967,0.65444520313796,110.80733876625085,9,2,0
29.104892343425874,0.5589100908456675,1,79093.08502492664,1.1287052430655495,26.452355590309928,8,2,2
17.84763220107027,0.5582922396726401,1,12236.78011871087,1.1198616993769683,24.415382424289742,4,2,2
22.078193241734215,4.70683044459971,0,5556.964357259216,5.328675364626559,63.01115445337905,21,1,1
18.81053201617747,1.9152120816031821,1,39322.790996280775,0.5939730861946524,104.79513880951117,18,2,0
30.378297087767756,1.623069369321581,1,11936.890484494996,0.6106932262151314,27.372337875074038,11,2,0
28.249453809436144,2.75050166205949,1,42604.33957891424,5.332134265950637,83.71353414496922,34,0,1
28.00364130412291,2.3997930236730287,0,65901.84879337707,0.5294216161275334,57.65279482137653,5,0,2
36.37981132466939,3.4686699210210596,1,12517.731096973623,8.31241077434527,30.01231735654404,16,0,1
14.603807085906347,1.9273272158946602,1,16997.164034615867,0.5486117395556145,115.4804817046365,15,2,0
19.4096446480306,2.7563230495548745,1,30186.56306840533,5.764286502077226,59.04276560540808,34,0,1
17.17921990196149,0.6161047385254197,1,30695.00671800867,1.883927126519169,92.73856676813686,10,0,0
16.995240880168858,3.6592158874082985,1,8912.026909823286,8.441543647176788,29.19599551951042,18,0,1
37.896446936641155,1.992027215090233,1,28668.456866272674,1.7607087641371826,19.8272264846662,16,0,1
47.5005250288913,2.799072578796463,0,89444.03056317287,5.320052043210866,92.95125865365486,5,2,1
40.468595019617496,1.851538149068765,1,90680.02995659628,2.5790094554905423,18.001081106393517,32,0,1
37.71098688588229,2.8690876893029875,0,68980.32983491047,3.2427885598660318,109.07602852539468,12,1,2
37.936128844226566,4.793085154679371,1,65513.35480641312,2.486863169157809,60.7546651286178,1,2,2
37.297355773714095,2.8617101635470257,0,27618.42882703503,5.162476906683229,110.25907050517654,12,1,1
23.555061771488166,2.4489451152317168,1,41016.0644770394,3.3743448338511324,99.3084906950862,32,1,2
