bandwidth,cruise_speed,firm_obstacle,illuminance,obstacle_distance,obstacle_size,power,quality,smoke_intensity
35.278796090728164,0.6300700019764477,1,51177.37382086611,8.764261212258397,96.47958674626074,0,0,2
35.278796090728164,0.6300700019764477,1,51177.37382086611,8.764261212258397,96.47958674626074,70,0,2
35.278796090728164,0.6300700019764477,1,51177.37382086611,8.764261212258397,96.47958674626074,21,0,2
35.278796090728164,0.6300700019764477,1,51177.37382086611,8.764261212258397,96.47958674626074,31,0,2
35.278796090728164,0.6300700019764477,1,51177.37382086611,8.764261212258397,96.47958674626074,99,0,2
35.278796090728164,0.6300700019764477,1,51177.37382086611,8.764261212258397,96.47958674626074,12,0,2
35.278796090728164,0.6300700019764477,1,51177.37382086611,8.764261212258397,96.47958674626074,60,0,2
35.278796090728164,0.6300700019764477,1,51177.37382086611,8.764261212258397,96.47958674626074,32,0,2
35.278796090728164,0.6300700019764477,1,51177.37382086611,8.764261212258397,96.47958674626074,43,0,2
35.278796090728164,0.6300700019764477,1,51177.37382086611,8.764261212258397,96.47958674626074,94,0,2
35.278796090728164,0.6300700019764477,1,51177.37382086611,8.764261212258397,96.47958674626074,19,0,2
35.278796090728164,0.6300700019764477,1,51177.37382086611,8.764261212258397,96.47958674626074,79,0,2
35.278796090728164,0.6300700019764477,1,51177.37382086611,8.764261212258397,96.47958674626074,75,0,2
35.278796090728164,0.6300700019764477,1,51177.37382086611,8.764261212258397,96.47958674626074,1,0,2
35.278796090728164,0.6300700019764477,1,51177.37382086611,8.764261212258397,96.47958674626074,91,0,2
35.278796090728164,0.6300700019764477,1,51177.37382086611,8.764261212258397,96.47958674626074,20,0,2
35.278796090728164,0.6300700019764477,1,51177.37382086611,8.764261212258397,96.47958674626074,32,0,2
35.278796090728164,0.6300700019764477,1,51177.37382086611,8.764261212258397,96.47958674626074,29,0,2
35.278796090728164,0.6300700019764477,1,51177.37382086611,8.764261212258397,96.47958674626074,99,0,2
35.278796090728164,0.6300700019764477,1,51177.37382086611,8.764261212258397,96.47958674626074,95,0,2
35.278796090728164,0.6300700019764477,1,51177.37382086611,8.764261212258397,96.47958674626074,30,0,2
35.278796090728164,0.6300700019764477,1,51177.37382086611,8.764261212258397,96.47958674626074,40,0,2
35.278796090728164,0.6300700019764477,1,51177.37382086611,8.764261212258397,96.47958674626074,65,0,2
35.278796090728164,0.6300700019764477,1,51177.37382086611,8.764261212258397,96.47958674626074,18,0,2
35.278796090728164,0.6300700019764477,1,51177.37382086611,8.764261212258397,96.47958674626074,39,0,2
35.278796090728164,0.6300700019764477,1,51177.37382086611,8.764261212258397,96.47958674626074,86,0,2
35.278796090728164,0.6300700019764477,1,51177.37382086611,8.764261212258397,96.47958674626074,0,0,2
35.278796090728164,0.6300700019764477,1,51177.37382086611,8.764261212258397,96.47958674626074,91,0,2
35.278796090728164,0.6300700019764477,1,51177.37382086611,8.764261212258397,96.47958674626074,13,0,2
35.278796090728164,0.6300700019764477,1,51177.37382086611,8.764261212258397,96.47958674626074,30,0,2
47.3102189801953,1.7759905211949096,1,32951.9732172044,9.19904571281185,104.00221979463119,7,0,0
47.3102189801953,3.767761880829463,1,32951.9732172044,9.19904571281185,104.00221979463119,7,0,0
47.3102189801953,1.3417105663769395,1,32951.9732172044,9.19904571281185,104.00221979463119,7,0,0
47.3102189801953,3.947112018405978,1,32951.9732172044,9.19904571281185,104.00221979463119,7,0,0
47.3102189801953,2.2541994717291,1,32951.9732172044,9.19904571281185,104.00221979463119,7,0,0
47.3102189801953,3.235336560464361,1,32951.9732172044,9.19904571281185,104.00221979463119,7,0,0
47.3102189801953,4.4758025812400835,1,32951.9732172044,9.19904571281185,104.00221979463119,7,0,0
47.3102189801953,0.1465880672489822,1,32951.9732172044,9.19904571281185,104.00221979463119,7,0,0
47.3102189801953,1.724566212805692,1,32951.9732172044,9.19904571281185,104.00221979463119,7,0,0
47.3102189801953,3.8518861902738766,1,32951.9732172044,9.19904571281185,104.00221979463119,7,0,0
47.3102189801953,3.0060345171758924,1,32951.9732172044,9.19904571281185,104.00221979463119,7,0,0
47.3102189801953,0.5565428712437132,1,32951.9732172044,9.19904571281185,104.00221979463119,7,0,0
47.3102189801953,4.450816667811824,1,32951.9732172044,9.19904571281185,104.00221979463119,7,0,0
47.3102189801953,4.850345742013217,1,32951.9732172044,9.19904571281185,104.00221979463119,7,0,0
47.3102189801953,0.06908753330412465,1,32951.9732172044,9.19904571281185,104.00221979463119,7,0,0
47.3102189801953,2.1784004126533576,1,32951.9732172044,9.19904571281185,104.00221979463119,7,0,0
47.3102189801953,1.744205111365239,1,32951.9732172044,9.19904571281185,104.00221979463119,7,0,0
47.3102189801953,4.499724306659677,1,32951.9732172044,9.19904571281185,104.00221979463119,7,0,0
47.3102189801953,0.20747442760464863,1,32951.9732172044,9.19904571281185,104.00221979463119,7,0,0
47.3102189801953,4.2751592513140855,1,32951.9732172044,9.19904571281185,104.00221979463119,7,0,0
47.3102189801953,1.117338846369082,1,32951.9732172044,9.19904571281185,104.00221979463119,7,0,0
47.3102189801953,0.4469258834660078,1,32951.9732172044,9.19904571281185,104.00221979463119,7,0,0
47.3102189801953,2.3228619236759247,1,32951.9732172044,9.19904571281185,104.00221979463119,7,0,0
47.3102189801953,1.4706233772813748,1,32951.9732172044,9.19904571281185,104.00221979463119,7,0,0
47.3102189801953,2.797496608753795,1,32951.9732172044,9.19904571281185,104.00221979463119,7,0,0
47.3102189801953,0.027410107106809467,1,32951.9732172044,9.19904571281185,104.00221979463119,7,0,0
47.3102189801953,4.973398012701983,1,32951.9732172044,9.19904571281185,104.00221979463119,7,0,0
47.3102189801953,2.0154814314582614,1,32951.9732172044,9.19904571281185,104.00221979463119,7,0,0
47.3102189801953,3.2365014321719783,1,32951.9732172044,9.19904571281185,104.00221979463119,7,0,0
47.3102189801953,1.5571366907671147,1,32951.9732172044,9.19904571281185,104.00221979463119,7,0,0
41.714007629943815,3.201493939164375,1,71399.27048006625,0.8111143883720018,75.89308081148344,42,1,0
43.57687707127136,3.201493939164375,1,71399.27048006625,0.8111143883720018,75.89308081148344,42,1,0
48.014132361445085,3.201493939164375,1,71399.27048006625,0.8111143883720018,75.89308081148344,42,1,0
34.90040829696348,3.201493939164375,1,71399.27048006625,0.8111143883720018,75.89308081148344,42,1,0
17.102254285239987,3.201493939164375,1,71399.27048006625,0.8111143883720018,75.89308081148344,42,1,0
15.611311295548527,3.201493939164375,1,71399.27048006625,0.8111143883720018,75.89308081148344,42,1,0
12.247668566219092,3.201493939164375,1,71399.27048006625,0.8111143883720018,75.89308081148344,42,1,0
35.84136527189179,3.201493939164375,1,71399.27048006625,0.8111143883720018,75.89308081148344,42,1,0
46.7871170034587,3.201493939164375,1,71399.27048006625,0.8111143883720018,75.89308081148344,42,1,0
10.812935369118888,3.201493939164375,1,71399.27048006625,0.8111143883720018,75.89308081148344,42,1,0
27.781702955764615,3.201493939164375,1,71399.27048006625,0.8111143883720018,75.89308081148344,42,1,0
46.22068113845058,3.201493939164375,1,71399.27048006625,0.8111143883720018,75.89308081148344,42,1,0
41.44584432909508,3.201493939164375,1,71399.27048006625,0.8111143883720018,75.89308081148344,42,1,0
13.807299652192704,3.201493939164375,1,71399.27048006625,0.8111143883720018,75.89308081148344,42,1,0
31.714138692553814,3.201493939164375,1,71399.27048006625,0.8111143883720018,75.89308081148344,42,1,0
49.64731167471719,3.201493939164375,1,71399.27048006625,0.8111143883720018,75.89308081148344,42,1,0
25.686335881760243,3.201493939164375,1,71399.27048006625,0.8111143883720018,75.89308081148344,42,1,0
37.35413709448285,3.201493939164375,1,71399.27048006625,0.8111143883720018,75.89308081148344,42,1,0
21.676068370306616,3.201493939164375,1,71399.27048006625,0.8111143883720018,75.89308081148344,42,1,0
28.19552627552423,3.201493939164375,1,71399.27048006625,0.8111143883720018,75.89308081148344,42,1,0
12.11023115037209,3.201493939164375,1,71399.27048006625,0.8111143883720018,75.89308081148344,42,1,0
34.4448297852541,3.201493939164375,1,71399.27048006625,0.8111143883720018,75.89308081148344,42,1,0
39.50211989845241,3.201493939164375,1,71399.27048006625,0.8111143883720018,75.89308081148344,42,1,0
26.51393606806186,3.201493939164375,1,71399.27048006625,0.8111143883720018,75.89308081148344,42,1,0
15.403342399062439,3.201493939164375,1,71399.27048006625,0.8111143883720018,75.89308081148344,42,1,0
34.89846665480437,3.201493939164375,1,71399.27048006625,0.8111143883720018,75.89308081148344,42,1,0
40.42201366152315,3.201493939164375,1,71399.27048006625,0.8111143883720018,75.89308081148344,42,1,0
32.24779053144352,3.201493939164375,1,71399.27048006625,0.8111143883720018,75.89308081148344,42,1,0
34.22916182109451,3.201493939164375,1,71399.27048006625,0.8111143883720018,75.89308081148344,42,1,0
38.944064557347716,3.201493939164375,1,71399.27048006625,0.8111143883720018,75.89308081148344,42,1,0
19.218717329346862,3.2889720154384774,1,76896.51194231283,1.4592756036224863,110.2237313341495,47,0,1
19.218717329346862,3.2889720154384774,1,76896.51194231283,1.4592756036224863,110.2237313341495,47,0,1
19.218717329346862,3.2889720154384774,1,76896.51194231283,1.4592756036224863,110.2237313341495,47,0,1
19.218717329346862,3.2889720154384774,1,76896.51194231283,1.4592756036224863,110.2237313341495,47,1,1
19.218717329346862,3.2889720154384774,1,76896.51194231283,1.4592756036224863,110.2237313341495,47,1,1
19.218717329346862,3.2889720154384774,1,76896.51194231283,1.4592756036224863,110.2237313341495,47,1,1
19.218717329346862,3.2889720154384774,1,76896.51194231283,1.4592756036224863,110.2237313341495,47,2,1
19.218717329346862,3.2889720154384774,1,76896.51194231283,1.4592756036224863,110.2237313341495,47,1,1
19.218717329346862,3.2889720154384774,1,76896.51194231283,1.4592756036224863,110.2237313341495,47,2,1
19.218717329346862,3.2889720154384774,1,76896.51194231283,1.4592756036224863,110.2237313341495,47,1,1
19.218717329346862,3.2889720154384774,1,76896.51194231283,1.4592756036224863,110.2237313341495,47,2,1
19.218717329346862,3.2889720154384774,1,76896.51194231283,1.4592756036224863,110.2237313341495,47,2,1
19.218717329346862,3.2889720154384774,1,76896.51194231283,1.4592756036224863,110.2237313341495,47,1,1
19.218717329346862,3.2889720154384774,1,76896.51194231283,1.4592756036224863,110.2237313341495,47,0,1
19.218717329346862,3.2889720154384774,1,76896.51194231283,1.4592756036224863,110.2237313341495,47,2,1
19.218717329346862,3.2889720154384774,1,76896.51194231283,1.4592756036224863,110.2237313341495,47,2,1
19.218717329346862,3.2889720154384774,1,76896.51194231283,1.4592756036224863,110.2237313341495,47,1,1
19.218717329346862,3.2889720154384774,1,76896.51194231283,1.4592756036224863,110.2237313341495,47,1,1
19.218717329346862,3.2889720154384774,1,76896.51194231283,1.4592756036224863,110.2237313341495,47,0,1
19.218717329346862,3.2889720154384774,1,76896.51194231283,1.4592756036224863,110.2237313341495,47,2,1
19.218717329346862,3.2889720154384774,1,76896.51194231283,1.4592756036224863,110.2237313341495,47,0,1
19.218717329346862,3.2889720154384774,1,76896.51194231283,1.4592756036224863,110.2237313341495,47,2,1
19.218717329346862,3.2889720154384774,1,76896.51194231283,1.4592756036224863,110.2237313341495,47,2,1
19.218717329346862,3.2889720154384774,1,76896.51194231283,1.4592756036224863,110.2237313341495,47,0,1
19.218717329346862,3.2889720154384774,1,76896.51194231283,1.4592756036224863,110.2237313341495,47,0,1
19.218717329346862,3.2889720154384774,1,76896.51194231283,1.4592756036224863,110.2237313341495,47,2,1
19.218717329346862,3.2889720154384774,1,76896.51194231283,1.4592756036224863,110.2237313341495,47,1,1
19.218717329346862,3.2889720154384774,1,76896.51194231283,1.4592756036224863,110.2237313341495,47,0,1
19.218717329346862,3.2889720154384774,1,76896.51194231283,1.4592756036224863,110.2237313341495,47,1,1
19.218717329346862,3.2889720154384774,1,76896.51194231283,1.4592756036224863,110.2237313341495,47,1,1
34.593398425082626,1.5684072701767042,0,32798.377429082335,6.171210540137141,32.00759258594557,62,0,0
34.593398425082626,1.5684072701767042,0,80326.27017242585,6.171210540137141,32.00759258594557,62,0,0
34.593398425082626,1.5684072701767042,0,117528.3042990898,6.171210540137141,32.00759258594557,62,0,0
34.593398425082626,1.5684072701767042,0,23189.788037080485,6.171210540137141,32.00759258594557,62,0,0
34.593398425082626,1.5684072701767042,0,119740.20770617547,6.171210540137141,32.00759258594557,62,0,0
34.593398425082626,1.5684072701767042,0,93567.5181758725,6.171210540137141,32.00759258594557,62,0,0
34.593398425082626,1.5684072701767042,0,45778.13696497284,6.171210540137141,32.00759258594557,62,0,0
34.593398425082626,1.5684072701767042,0,102692.98668829889,6.171210540137141,32.00759258594557,62,0,0
34.593398425082626,1.5684072701767042,0,25376.408965049446,6.171210540137141,32.00759258594557,62,0,0
34.593398425082626,1.5684072701767042,0,60849.09612587333,6.171210540137141,32.00759258594557,62,0,0
34.593398425082626,1.5684072701767042,0,55118.247999729545,6.171210540137141,32.00759258594557,62,0,0
34.593398425082626,1.5684072701767042,0,28494.224741567607,6.171210540137141,32.00759258594557,62,0,0
34.593398425082626,1.5684072701767042,0,116736.51308643138,6.171210540137141,32.00759258594557,62,0,0
34.593398425082626,1.5684072701767042,0,86247.24863296901,6.171210540137141,32.00759258594557,62,0,0
34.593398425082626,1.5684072701767042,0,106661.27120526745,6.171210540137141,32.00759258594557,62,0,0
34.593398425082626,1.5684072701767042,0,53763.09256634314,6.171210540137141,32.00759258594557,62,0,0
34.593398425082626,1.5684072701767042,0,88866.82697700655,6.171210540137141,32.00759258594557,62,0,0
34.593398425082626,1.5684072701767042,0,66950.74406124871,6.171210540137141,32.00759258594557,62,0,0
34.593398425082626,1.5684072701767042,0,96434.89195223364,6.171210540137141,32.00759258594557,62,0,0
34.593398425082626,1.5684072701767042,0,65136.77073104305,6.171210540137141,32.00759258594557,62,0,0
34.593398425082626,1.5684072701767042,0,34751.67554310289,6.171210540137141,32.00759258594557,62,0,0
34.593398425082626,1.5684072701767042,0,28301.811270852806,6.171210540137141,32.00759258594557,62,0,0
34.593398425082626,1.5684072701767042,0,23765.086896211957,6.171210540137141,32.00759258594557,62,0,0
34.593398425082626,1.5684072701767042,0,76063.75196791456,6.171210540137141,32.00759258594557,62,0,0
34.593398425082626,1.5684072701767042,0,5744.519966203525,6.171210540137141,32.00759258594557,62,0,0
34.593398425082626,1.5684072701767042,0,66153.69668737159,6.171210540137141,32.00759258594557,62,0,0
34.593398425082626,1.5684072701767042,0,26480.672364524387,6.171210540137141,32.00759258594557,62,0,0
34.593398425082626,1.5684072701767042,0,54700.79735573329,6.171210540137141,32.00759258594557,62,0,0
34.593398425082626,1.5684072701767042,0,80393.42098634678,6.171210540137141,32.00759258594557,62,0,0
34.593398425082626,1.5684072701767042,0,98244.50532383638,6.171210540137141,32.00759258594557,62,0,0
36.50590135656456,1.4928050640353558,1,83089.24103731102,7.724267410511748,5.097562466020844,73,0,0
36.50590135656456,1.4928050640353558,1,83089.24103731102,7.724267410511748,5.097562466020844,73,0,0
36.50590135656456,1.4928050640353558,1,83089.24103731102,7.724267410511748,5.097562466020844,73,0,2
36.50590135656456,1.4928050640353558,1,83089.24103731102,7.724267410511748,5.097562466020844,73,0,1
36.50590135656456,1.4928050640353558,1,83089.24103731102,7.724267410511748,5.097562466020844,73,0,1
36.50590135656456,1.4928050640353558,1,83089.24103731102,7.724267410511748,5.097562466020844,73,0,1
36.50590135656456,1.4928050640353558,1,83089.24103731102,7.724267410511748,5.097562466020844,73,0,2
36.50590135656456,1.4928050640353558,1,83089.24103731102,7.724267410511748,5.097562466020844,73,0,1
36.50590135656456,1.4928050640353558,1,83089.24103731102,7.724267410511748,5.097562466020844,73,0,0
36.50590135656456,1.4928050640353558,1,83089.24103731102,7.724267410511748,5.097562466020844,73,0,2
36.50590135656456,1.4928050640353558,1,83089.24103731102,7.724267410511748,5.097562466020844,73,0,2
36.50590135656456,1.4928050640353558,1,83089.24103731102,7.724267410511748,5.097562466020844,73,0,1
36.50590135656456,1.4928050640353558,1,83089.24103731102,7.724267410511748,5.097562466020844,73,0,2
36.50590135656456,1.4928050640353558,1,83089.24103731102,7.724267410511748,5.097562466020844,73,0,2
36.50590135656456,1.4928050640353558,1,83089.24103731102,7.724267410511748,5.097562466020844,73,0,0
36.50590135656456,1.4928050640353558,1,83089.24103731102,7.724267410511748,5.097562466020844,73,0,0
36.50590135656456,1.4928050640353558,1,83089.24103731102,7.724267410511748,5.097562466020844,73,0,2
36.50590135656456,1.4928050640353558,1,83089.24103731102,7.724267410511748,5.097562466020844,73,0,2
36.50590135656456,1.4928050640353558,1,83089.24103731102,7.724267410511748,5.097562466020844,73,0,2
36.50590135656456,1.4928050640353558,1,83089.24103731102,7.724267410511748,5.097562466020844,73,0,1
36.50590135656456,1.4928050640353558,1,83089.24103731102,7.724267410511748,5.097562466020844,73,0,1
36.50590135656456,1.4928050640353558,1,83089.24103731102,7.724267410511748,5.097562466020844,73,0,2
36.50590135656456,1.4928050640353558,1,83089.24103731102,7.724267410511748,5.097562466020844,73,0,2
36.50590135656456,1.4928050640353558,1,83089.24103731102,7.724267410511748,5.097562466020844,73,0,0
36.50590135656456,1.4928050640353558,1,83089.24103731102,7.724267410511748,5.097562466020844,73,0,2
36.50590135656456,1.4928050640353558,1,83089.24103731102,7.724267410511748,5.097562466020844,73,0,2
36.50590135656456,1.4928050640353558,1,83089.24103731102,7.724267410511748,5.097562466020844,73,0,2
36.50590135656456,1.4928050640353558,1,83089.24103731102,7.724267410511748,5.097562466020844,73,0,0
36.50590135656456,1.4928050640353558,1,83089.24103731102,7.724267410511748,5.097562466020844,73,0,2
36.50590135656456,1.4928050640353558,1,83089.24103731102,7.724267410511748,5.097562466020844,73,0,0
35.222068318183865,3.633179912371986,0,13854.735166490957,9.441818260855335,47.896008717212844,51,1,1
35.222068318183865,3.633179912371986,0,13854.735166490957,9.441818260855335,53.469117574931666,51,1,1
35.222068318183865,3.633179912371986,0,13854.735166490957,9.441818260855335,5.66468988732916,51,1,1
35.222068318183865,3.633179912371986,0,13854.735166490957,9.441818260855335,50.91208433413449,51,1,1
35.222068318183865,3.633179912371986,0,13854.735166490957,9.441818260855335,84.0758809255687,51,1,1
35.222068318183865,3.633179912371986,0,13854.735166490957,9.441818260855335,115.3709463826707,51,1,1
35.222068318183865,3.633179912371986,0,13854.735166490957,9.441818260855335,101.38745602264203,51,1,1
35.222068318183865,3.633179912371986,0,13854.735166490957,9.441818260855335,117.99183219376353,51,1,1
35.222068318183865,3.633179912371986,0,13854.735166490957,9.441818260855335,116.33808090051943,51,1,1
35.222068318183865,3.633179912371986,0,13854.735166490957,9.441818260855335,103.66137896005485,51,1,1
35.222068318183865,3.633179912371986,0,13854.735166490957,9.441818260855335,28.939727016389813,51,1,1
35.222068318183865,3.633179912371986,0,13854.735166490957,9.441818260855335,66.12553168007445,51,1,1
35.222068318183865,3.633179912371986,0,13854.735166490957,9.441818260855335,92.50648885329603,51,1,1
35.222068318183865,3.633179912371986,0,13854.735166490957,9.441818260855335,65.58714910802611,51,1,1
35.222068318183865,3.633179912371986,0,13854.735166490957,9.441818260855335,99.84652832360587,51,1,1
35.222068318183865,3.633179912371986,0,13854.735166490957,9.441818260855335,22.703508255303003,51,1,1
35.222068318183865,3.633179912371986,0,13854.735166490957,9.441818260855335,67.48251560466018,51,1,1
35.222068318183865,3.633179912371986,0,13854.735166490957,9.441818260855335,11.224811604745186,51,1,1
35.222068318183865,3.633179912371986,0,13854.735166490957,9.441818260855335,59.82729462912936,51,1,1
35.222068318183865,3.633179912371986,0,13854.735166490957,9.441818260855335,84.60902676996051,51,1,1
35.222068318183865,3.633179912371986,0,13854.735166490957,9.441818260855335,114.81682057004076,51,1,1
35.222068318183865,3.633179912371986,0,13854.735166490957,9.441818260855335,9.486428355044403,51,1,1
35.222068318183865,3.633179912371986,0,13854.735166490957,9.441818260855335,1.687586783588313,51,1,1
35.222068318183865,3.633179912371986,0,13854.735166490957,9.441818260855335,72.09715848709267,51,1,1
35.222068318183865,3.633179912371986,0,13854.735166490957,9.441818260855335,94.1339662002411,51,1,1
35.222068318183865,3.633179912371986,0,13854.735166490957,9.441818260855335,90.51431368001765,51,1,1
35.222068318183865,3.633179912371986,0,13854.735166490957,9.441818260855335,119.481924811939,51,1,1
35.222068318183865,3.633179912371986,0,13854.735166490957,9.441818260855335,32.68046059870688,51,1,1
35.222068318183865,3.633179912371986,0,13854.735166490957,9.441818260855335,45.431059016074336,51,1,1
35.222068318183865,3.633179912371986,0,13854.735166490957,9.441818260855335,4.928829936200048,51,1,1
13.869892357444584,4.5138440405454,1,107896.60096909829,3.918238705545839,58.18402200098293,14,1,0
13.869892357444584,4.5138440405454,1,107896.60096909829,1.2887477914182222,58.18402200098293,14,1,0
13.869892357444584,4.5138440405454,1,107896.60096909829,9.650601215643391,58.18402200098293,14,1,0
13.869892357444584,4.5138440405454,1,107896.60096909829,5.391845453278092,58.18402200098293,14,1,0
13.869892357444584,4.5138440405454,1,107896.60096909829,5.505004159860133,58.18402200098293,14,1,0
13.869892357444584,4.5138440405454,1,107896.60096909829,5.186682274967826,58.18402200098293,14,1,0
13.869892357444584,4.5138440405454,1,107896.60096909829,7.222113122703759,58.18402200098293,14,1,0
13.869892357444584,4.5138440405454,1,107896.60096909829,4.924942922136816,58.18402200098293,14,1,0
13.869892357444584,4.5138440405454,1,107896.60096909829,7.141326954817289,58.18402200098293,14,1,0
13.869892357444584,4.5138440405454,1,107896.60096909829,9.806879956351398,58.18402200098293,14,1,0
13.869892357444584,4.5138440405454,1,107896.60096909829,6.790737747450929,58.18402200098293,14,1,0
13.869892357444584,4.5138440405454,1,107896.60096909829,6.077595216134819,58.18402200098293,14,1,0
13.869892357444584,4.5138440405454,1,107896.60096909829,5.549466155960011,58.18402200098293,14,1,0
13.869892357444584,4.5138440405454,1,107896.60096909829,3.9566179358401565,58.18402200098293,14,1,0
13.869892357444584,4.5138440405454,1,107896.60096909829,8.472412030566613,58.18402200098293,14,1,0
13.869892357444584,4.5138440405454,1,107896.60096909829,7.4686270442132265,58.18402200098293,14,1,0
13.869892357444584,4.5138440405454,1,107896.60096909829,9.840579521699299,58.18402200098293,14,1,0
13.869892357444584,4.5138440405454,1,107896.60096909829,0.3505444154230719,58.18402200098293,14,1,0
13.869892357444584,4.5138440405454,1,107896.60096909829,4.693563674112472,58.18402200098293,14,1,0
13.869892357444584,4.5138440405454,1,107896.60096909829,1.2404913239421522,58.18402200098293,14,1,0
13.869892357444584,4.5138440405454,1,107896.60096909829,1.7413383619728484,58.18402200098293,14,1,0
13.869892357444584,4.5138440405454,1,107896.60096909829,4.261209924160544,58.18402200098293,14,1,0
13.869892357444584,4.5138440405454,1,107896.60096909829,6.07803484958427,58.18402200098293,14,1,0
13.869892357444584,4.5138440405454,1,107896.60096909829,5.934003341833481,58.18402200098293,14,1,0
13.869892357444584,4.5138440405454,1,107896.60096909829,7.095148150365615,58.18402200098293,14,1,0
13.869892357444584,4.5138440405454,1,107896.60096909829,2.647080457370495,58.18402200098293,14,1,0
13.869892357444584,4.5138440405454,1,107896.60096909829,0.6933578049353861,58.18402200098293,14,1,0
13.869892357444584,4.5138440405454,1,107896.60096909829,0.3149636302617498,58.18402200098293,14,1,0
13.869892357444584,4.5138440405454,1,107896.60096909829,3.835788956655067,58.18402200098293,14,1,0
13.869892357444584,4.5138440405454,1,107896.60096909829,6.608492372749877,58.18402200098293,14,1,0
41.2919313165083,0.42842882444857455,0,102893.81967256,1.2758848232904674,17.575871395327432,60,1,0
41.2919313165083,0.42842882444857455,0,102893.81967256,1.2758848232904674,17.575871395327432,60,1,0
41.2919313165083,0.42842882444857455,0,102893.81967256,1.2758848232904674,17.575871395327432,60,1,0
41.2919313165083,0.42842882444857455,1,102893.81967256,1.2758848232904674,17.575871395327432,60,1,0
41.2919313165083,0.42842882444857455,1,102893.81967256,1.2758848232904674,17.575871395327432,60,1,0
41.2919313165083,0.42842882444857455,0,102893.81967256,1.2758848232904674,17.575871395327432,60,1,0
41.2919313165083,0.42842882444857455,0,102893.81967256,1.2758848232904674,17.575871395327432,60,1,0
41.2919313165083,0.42842882444857455,1,102893.81967256,1.2758848232904674,17.575871395327432,60,1,0
41.2919313165083,0.42842882444857455,1,102893.81967256,1.2758848232904674,17.575871395327432,60,1,0
41.2919313165083,0.42842882444857455,0,102893.81967256,1.2758848232904674,17.575871395327432,60,1,0
41.2919313165083,0.42842882444857455,0,102893.81967256,1.2758848232904674,17.575871395327432,60,1,0
41.2919313165083,0.42842882444857455,0,102893.81967256,1.2758848232904674,17.575871395327432,60,1,0
41.2919313165083,0.42842882444857455,1,102893.81967256,1.2758848232904674,17.575871395327432,60,1,0
41.2919313165083,0.42842882444857455,0,102893.81967256,1.2758848232904674,17.575871395327432,60,1,0
41.2919313165083,0.42842882444857455,0,102893.81967256,1.2758848232904674,17.575871395327432,60,1,0
41.2919313165083,0.42842882444857455,0,102893.81967256,1.2758848232904674,17.575871395327432,60,1,0
41.2919313165083,0.42842882444857455,0,102893.81967256,1.2758848232904674,17.575871395327432,60,1,0
41.2919313165083,0.42842882444857455,1,102893.81967256,1.2758848232904674,17.575871395327432,60,1,0
41.2919313165083,0.42842882444857455,0,102893.81967256,1.2758848232904674,17.575871395327432,60,1,0
41.2919313165083,0.42842882444857455,1,102893.81967256,1.2758848232904674,17.575871395327432,60,1,0
41.2919313165083,0.42842882444857455,0,102893.81967256,1.2758848232904674,17.575871395327432,60,1,0
41.2919313165083,0.42842882444857455,1,102893.81967256,1.2758848232904674,17.575871395327432,60,1,0
41.2919313165083,0.42842882444857455,1,102893.81967256,1.2758848232904674,17.575871395327432,60,1,0
41.2919313165083,0.42842882444857455,1,102893.81967256,1.2758848232904674,17.575871395327432,60,1,0
41.2919313165083,0.42842882444857455,0,102893.81967256,1.2758848232904674,17.575871395327432,60,1,0
41.2919313165083,0.42842882444857455,0,102893.81967256,1.2758848232904674,17.575871395327432,60,1,0
41.2919313165083,0.42842882444857455,1,102893.81967256,1.2758848232904674,17.575871395327432,60,1,0
41.2919313165083,0.42842882444857455,1,102893.81967256,1.2758848232904674,17.575871395327432,60,1,0
41.2919313165083,0.42842882444857455,0,102893.81967256,1.2758848232904674,17.575871395327432,60,1,0
41.2919313165083,0.42842882444857455,1,102893.81967256,1.2758848232904674,17.575871395327432,60,1,0
41.714007629943815,1.7759905211949096,0,32798.377429082335,3.918238705545839,47.896008717212844,0,0,0
43.57687707127136,3.767761880829463,0,80326.27017242585,1.2887477914182222,53.469117574931666,70,0,0
48.014132361445085,1.3417105663769395,0,117528.3042990898,9.650601215643391,5.66468988732916,21,0,2
34.90040829696348,3.947112018405978,1,23189.788037080485,5.391845453278092,50.91208433413449,31,1,1
17.102254285239987,2.2541994717291,1,119740.20770617547,5.505004159860133,84.0758809255687,99,1,1
15.611311295548527,3.235336560464361,0,93567.5181758725,5.186682274967826,115.3709463826707,12,1,1
12.247668566219092,4.4758025812400835,0,45778.13696497284,7.222113122703759,101.38745602264203,60,2,2
35.84136527189179,0.1465880672489822,1,102692.98668829889,4.924942922136816,117.99183219376353,32,1,1
46.7871170034587,1.724566212805692,1,25376.408965049446,7.141326954817289,116.33808090051943,43,2,0
10.812935369118888,3.8518861902738766,0,60849.09612587333,9.806879956351398,103.66137896005485,94,1,2
27.781702955764615,3.0060345171758924,0,55118.247999729545,6.790737747450929,28.939727016389813,19,2,2
46.22068113845058,0.5565428712437132,0,28494.224741567607,6.077595216134819,66.12553168007445,79,2,1
41.44584432909508,4.450816667811824,1,116736.51308643138,5.549466155960011,92.50648885329603,75,1,2
13.807299652192704,4.850345742013217,0,86247.24863296901,3.9566179358401565,65.58714910802611,1,0,2
31.714138692553814,0.06908753330412465,0,106661.27120526745,8.472412030566613,99.84652832360587,91,2,0
49.64731167471719,2.1784004126533576,0,53763.09256634314,7.4686270442132265,22.703508255303003,20,2,0
25.686335881760243,1.744205111365239,0,88866.82697700655,9.840579521699299,67.48251560466018,32,1,2
37.35413709448285,4.499724306659677,1,66950.74406124871,0.3505444154230719,11.224811604745186,29,1,2
21.676068370306616,0.20747442760464863,0,96434.89195223364,4.693563674112472,59.82729462912936,99,0,2
28.19552627552423,4.2751592513140855,1,65136.77073104305,1.2404913239421522,84.60902676996051,95,2,1
12.11023115037209,1.117338846369082,0,34751.67554310289,1.7413383619728484,114.81682057004076,30,0,1
34.4448297852541,0.4469258834660078,1,28301.811270852806,4.261209924160544,9.486428355044403,40,2,2
39.50211989845241,2.3228619236759247,1,23765.086896211957,6.07803484958427,1.687586783588313,65,2,2
26.51393606806186,1.4706233772813748,1,76063.75196791456,5.934003341833481,72.09715848709267,18,0,0
15.403342399062439,2.797496608753795,0,5744.519966203525,7.095148150365615,94.1339662002411,39,0,2
34.89846665480437,0.027410107106809467,0,66153.69668737159,2.647080457370495,90.51431368001765,86,2,2
40.42201366152315,4.973398012701983,1,26480.672364524387,0.6933578049353861,119.481924811939,0,1,2
32.24779053144352,2.0154814314582614,1,54700.79735573329,0.3149636302617498,32.68046059870688,91,0,0
34.22916182109451,3.2365014321719783,0,80393.42098634678,3.835788956655067,45.431059016074336,13,1,2
38.944064557347716,1.5571366907671147,1,98244.50532383638,6.608492372749877,4.928829936200048,30,1,0
45.43593119709413,2.185413024562482,0,54672.22996795807,4.17647742573429,42.72215988398676,0,0,0
39.51415913102289,4.973398012701983,1,26480.672364524387,5.791470234478187,92.08974204482102,0,2,2
26.126568807764798,0.027410107106809467,0,64491.58520453817,2.647080457370495,87.4697051523552,87,2,2
21.866296593212418,3.877106395994749,0,96434.89195223364,4.916250346785983,104.05700671565191,99,0,2
11.923633225066698,1.3417105663769395,0,117343.55224438605,9.650601215643391,5.66468988732916,21,2,2
26.477340513600694,1.4608847001335232,0,80544.0877408177,5.851032228934606,70.78034851239194,13,0,2
43.58743894364439,3.767761880829463,0,80326.27017242585,1.2887477914182222,53.469117574931666,70,0,0
40.257121002906715,4.1051278592404605,1,34173.546160647005,0.40353219269164664,11.224811604745186,29,1,2
34.90040829696348,3.947112018405978,1,25151.34682678605,5.453216430944547,50.91208433413449,31,1,1
15.611311295548527,1.5473952368528008,0,95027.8913230692,5.186682274967826,115.3709463826707,12,1,1
35.78669216849795,2.2541994717291,1,119740.20770617547,6.024179825117888,84.0758809255687,32,1,1
27.781702955764615,4.1302479797023395,0,65101.51335453826,6.790737747450929,28.939727016389813,19,2,2
12.11023115037209,1.117338846369082,0,34751.67554310289,1.7413383619728484,114.81682057004076,35,0,1
29.482848735635173,0.034196528213850996,1,54875.17668500889,7.754343307610085,96.19877073057043,91,0,0
46.22068113845058,0.5565428712437132,0,28494.224741567607,6.077595216134819,66.12553168007445,78,2,1
41.77074449027617,1.7689779092857854,0,31889.24002779997,7.4686270442132265,22.991086798894138,20,2,0
40.821234378522846,2.0420789405893087,1,23765.086896211957,0.9578877242414983,14.520442866752902,65,1,2
34.45823372879596,1.744205111365239,0,88866.82697700655,9.840579521699299,66.53635787549014,32,1,2
10.666270401372518,0.1965758671737765,0,60849.09612587333,9.559592944442915,59.43151067328381,94,1,2
47.37404420311775,4.4758025812400835,0,47868.52541836849,7.222113122703759,92.93148437080981,60,0,2
34.26575737555532,3.24624011435128,1,75913.08521344366,3.918760069554264,46.74786899078401,18,1,0
41.435282456722035,4.450816667811824,1,116736.51308643138,5.549466155960011,92.50648885329603,75,1,2
30.572617175181797,0.4469258834660078,1,65539.82651852629,4.212553900416392,9.486428355044403,40,2,2
38.944064557347716,1.5571366907671147,1,95196.99604591435,6.547121395083421,3.7177313611457086,30,1,0
46.7871170034587,3.412507538489824,1,23916.14877283469,7.141326954817289,116.9855596247366,43,2,0
14.683020188971913,0.1465880672489822,1,100808.18037197745,4.888287013738991,117.99183219376353,100,1,1
27.7024379515167,3.0276577128754023,1,55153.50537623434,1.5810959347245301,84.60902676996051,95,2,1
13.807299652192704,4.850345742013217,0,86247.24863296901,3.9566179358401565,65.58714910802611,0,0,2
31.714138692553814,2.325293555305383,0,108287.7938375105,1.0668650131483486,33.83268909901464,91,2,0
15.403342399062439,2.797496608753795,0,5744.519966203525,7.009725084572814,94.1339662002411,40,0,2
12.425040297144774,1.1592557311321037,0,34897.68059560354,4.156693306236628,10.566584001828474,29,0,1
26.477340513600694,1.7624151178070688,0,80544.0877408177,5.851032228934606,12.482779781501932,20,2,2
13.635125730549513,0.9766944555672987,0,86247.24863296901,3.7818690024399455,78.11225570515867,0,0,2
34.095142680926955,1.629822823360048,1,75913.08521344366,6.41898739610809,45.47840341097612,18,1,0
49.824882557985035,1.616007487325577,0,62490.58840376933,7.824348208389528,47.48831702708774,19,2,0
13.710990391281161,0.025416339232114393,0,66153.69668737159,2.647080457370495,90.51431368001765,86,1,1
40.71074939368453,2.797496608753795,0,5744.519966203525,7.399397587007821,94.1339662002411,39,0,2
26.51393606806186,1.4706233772813748,1,76063.75196791456,5.934003341833481,72.09715848709267,8,1,0
34.90040829696348,3.947112018405978,1,93563.88107587042,5.400453876384763,50.91208433413449,32,1,1
32.779650377470176,0.1465880672489822,1,102692.98668829889,4.924942922136816,118.92557923956363,32,1,1
46.7871170034587,3.2486146429296374,1,79223.24929569656,7.142107046294069,117.14100465151932,13,2,0
40.257121002906715,4.127720705043796,1,34173.546160647005,0.40353219269164664,11.224811604745186,29,0,2
40.27670448541054,4.677865103733426,1,30527.8359504467,9.510403889451926,88.40187296933229,0,2,2
13.807299652192704,2.196480054216705,0,86682.02260145551,3.9584637138508296,65.41076938298195,1,0,0
34.90040829696348,1.7223149388595607,1,25409.6069640283,5.453216430944547,50.91208433413449,43,2,1
34.15164773017313,0.40500918462561014,1,28155.806218352154,1.8458550134916367,113.47269331204257,40,2,2
41.77074449027617,1.4674474916122398,0,31889.24002779997,7.4686270442132265,81.3038609060234,17,0,0
12.282405072059538,4.919670800746607,0,34751.67554310289,1.8364908212248263,114.81682057004076,35,0,1
39.11467925197577,3.1735539827026296,1,95196.99604591435,4.046894068497624,7.00879263661976,30,1,0
41.381259478601635,2.1751965247272778,0,32798.377429082335,3.918238705545839,23.111199971749855,1,0,0
36.80694387391482,3.235336560464361,0,93115.04915558404,5.186682274967826,115.3709463826707,12,2,2
14.023575326587716,4.9816781921618745,1,26480.672364524387,0.422172483017504,119.481924811939,0,1,2
14.683020188971913,0.1465880672489822,1,100808.18037197745,4.888287013738991,117.99183219376353,100,0,1
15.611311295548527,1.5473952368528008,0,23896.305143966667,5.178073851861155,100.84208525288396,11,1,1
37.24652218163814,2.2541994717291,1,119740.20770617547,6.024179825117888,75.43922197620282,32,1,1
34.22916182109451,3.4003943277321644,0,25086.366490821398,3.8350088598954275,44.822658679128786,43,1,2
15.403342399062439,2.7749037103414524,0,5744.519966203525,7.009725084572814,78.92619776449514,40,1,2
11.348818522894284,1.5885488373487977,0,112719.52716217902,5.915161372976627,9.530116791552167,21,2,2
45.43593119709413,4.831416956554806,0,54237.45598753172,4.176563972623081,42.89853960903615,0,0,2
46.7871170034587,3.9210785212221193,1,25118.148827807203,7.141326954817289,111.18204852742885,31,1,0
12.12156644841481,4.926246646323963,0,88935.19167649114,3.9566179358401565,65.58714910802611,1,0,2
33.31589962771298,1.5861953409494458,1,75967.94831333595,5.934003341833481,46.34657403644551,18,0,0
45.43593119709413,1.1343439187854436,0,54672.22996795807,4.1764736198488634,12.416371081528574,0,0,0
40.71074939368453,2.797496608753795,0,8552.464347250374,7.399397587007821,94.1339662002411,39,0,0
15.197265306079872,2.8411421499781397,1,36823.811505131045,7.009725084572814,92.22899485084562,40,0,2
33.71733980528881,3.24624011435128,1,74162.86238209643,5.2647120554165205,46.74786899078401,5,1,1
13.807299652192704,4.995488851928961,1,86247.24863296901,3.9566179358401565,118.92060969057904,0,0,2
10.813247053188185,1.117338846369082,0,35383.71674696035,1.7413383619728484,114.81682057004076,35,0,1
41.38289492006503,4.677865103733426,1,30527.8359504467,9.510403889451926,88.36549197202142,0,2,2
46.69014350070028,1.7401098921314795,0,105201.86582984182,5.273027599042536,111.5781078227098,12,1,1
40.41553741726301,4.127720705043796,1,34173.546160647005,2.184246137271809,11.224811604745186,29,0,1
13.807299652192704,2.454393695741217,0,30814.397003545528,3.917162753701311,48.50234222467331,2,0,0
34.095142680926955,1.618322644635479,0,95713.30929025018,6.079696777395285,44.21421315157309,18,1,0
39.42851896590153,3.947112018405978,1,25151.34682678605,5.805198460942336,52.82760498635774,2,1,1
14.023575326587716,4.9816781921618745,1,19953.742364843205,0.422172483017504,111.86893756867758,0,1,2
13.795964354204763,1.117338846369082,0,35687.13385972566,1.7413383619728484,114.81682057004076,30,0,1
27.427198261443184,3.2702660942566237,0,80489.22464092541,3.835788956655067,71.18164346673075,13,1,2
12.69813682817945,2.2681020563742798,0,43321.482895069465,4.156697112122053,38.75370936980129,29,0,1
46.7871170034587,3.431266282218326,1,76523.49673030143,7.142107046294069,117.14100465151932,13,2,2
40.257121002906715,4.0614822985999846,0,6075.669436056634,0.40353219269164664,13.156115389855408,29,1,2
16.15987519784803,3.235336560464361,0,93567.5181758725,3.8407302891055735,115.3709463826707,18,1,0
40.42201366152315,4.845259007148767,0,26480.672364524387,0.6933578049353861,70.62368141633459,1,1,2
15.611311295548527,1.0853046612588788,0,16998.359151400353,5.178073851861155,100.84208525288396,13,1,1
40.27506904394714,2.1032214409635843,0,24662.634709493384,3.918238705545839,23.111199971749855,1,0,0
15.687367616713184,1.5476923315404225,1,23851.127162038072,7.054981630733806,116.33808090051943,43,2,0
12.282405072059538,4.919670800746607,0,34751.67554310289,0.7312437426059513,114.81682057004076,35,0,2
41.714007629943815,1.7974251539940653,0,88666.00496863577,3.9595396656953574,64.8044358755215,0,0,0
41.77074449027617,1.4789476703368087,1,33926.07951741024,7.463470187444623,81.3038609060234,17,0,0
34.98604846208475,4.973398012701983,1,26480.672364524387,5.439488204480398,91.24659153789406,27,2,2
26.51393606806186,1.4706233772813748,1,82591.4109694979,5.7432370944658,72.70570172243646,8,1,0
39.50241144287586,1.4706233772813748,1,75638.96769210567,6.213773541721666,72.7512177673238,8,1,0
40.277794800734185,2.424153344239973,1,24662.634709493384,2.160278337629844,23.111199971749855,1,0,0
45.43593119709413,2.185413024562482,0,54672.22996795807,4.173309327019274,42.72215988398676,17,0,0
13.355759728352396,1.117338846369082,0,85333.56957222226,1.7413383619728484,66.01023192180773,36,0,1
15.553581923694331,2.122842423555644,1,10428.214986357587,3.856034200778959,94.27603494391684,18,0,2
10.813247053188185,1.4767780005914921,0,35399.145848358334,1.7413383619728484,81.71813799738294,17,0,0
40.257121002906715,4.127720705043796,1,34173.546160647005,0.3632304173617653,11.224811604745186,29,0,1
34.90040829696348,3.8517204464456567,0,25151.34682678605,5.453216430944547,50.91208433413449,30,1,1
33.71733980528881,3.24624011435128,1,74238.19853783197,6.382674740577441,45.50756620119789,5,1,1
13.795964354204763,1.1952326823319996,1,30266.54475072567,0.5938950539286136,117.80201187331122,1,0,1
13.809816382798278,2.454393695741217,0,30814.397003545528,4.049647732561713,118.27933708777852,2,0,0
35.21491485511637,4.804152881229637,0,67374.69881385558,5.934003341833481,118.1080393378011,18,0,0
13.807299652192704,4.850345742013217,0,86247.24863296901,4.336464124200461,63.69322006353023,7,2,2
40.38965818450732,4.609755833053266,1,26480.672364524387,0.43332598924617205,85.91494857591898,0,1,2
26.525683713658964,4.973398012701983,1,26905.463461349485,5.919182253248507,91.43568276443021,0,2,2
40.41281166047597,4.127720705043796,0,34173.546160647005,3.9422065052930804,11.224811604745186,43,0,1
41.381259478601635,2.1751965247272778,0,24533.599353016867,3.9214068042608567,23.111199971749855,1,0,0
12.04731826587961,4.850345742013217,0,35665.35433903232,3.9566179358401565,114.35780400149314,0,0,2
34.11572444600845,3.234381099780078,0,71316.77292744126,7.0724509489708165,41.01013121660924,40,1,0
41.77074449027617,1.1080083373898302,0,31873.810926402,7.4686270442132265,114.3956763473874,35,0,1
12.69813682817945,2.2681020563742798,0,43321.482895069465,4.05490368918438,38.75370936980129,29,0,2
12.282405072059538,4.948184629572976,1,34751.67554310289,1.8364908212248263,114.81682057004076,35,0,1
34.59522979610945,1.629822823360048,1,75837.74905770812,5.301024710947169,46.71870620056224,18,1,0
40.27670448541054,4.813209170024175,0,35948.425059446694,9.510403889451926,88.40187296933229,25,2,2
18.65950309182746,4.9816781921618745,1,23668.586074270588,0.29927915138967354,48.60538206281323,0,1,2
10.73955681990608,1.6754668454230082,1,34751.67554310289,0.7312437426059513,47.261895437971916,49,0,2
46.7871170034587,1.724566212805692,1,25376.408965049446,6.92279101583993,118.32278611161212,50,0,0
41.41525039708086,4.970323363608779,1,30527.8359504467,9.720717358686146,119.8914513974034,0,2,2
12.11023115037209,1.117338846369082,0,34751.67554310289,5.131058614558812,114.81682057004076,21,0,1
15.611311295548527,1.5473952368528008,0,23896.305143966667,1.7883543156389603,100.84208525288396,11,1,1
41.714007629943815,1.7759905211949096,0,32798.377429082335,3.918238705545839,47.896008717212844,0,0,0
43.57687707127136,3.767761880829463,0,80326.27017242585,1.2887477914182222,53.469117574931666,70,0,0
48.014132361445085,1.3417105663769395,0,117528.3042990898,9.650601215643391,5.66468988732916,21,0,2
34.90040829696348,3.947112018405978,1,23189.788037080485,5.391845453278092,50.91208433413449,31,1,1
17.102254285239987,2.2541994717291,1,119740.20770617547,5.505004159860133,84.0758809255687,99,1,1
15.611311295548527,3.235336560464361,0,93567.5181758725,5.186682274967826,115.3709463826707,12,1,1
12.247668566219092,4.4758025812400835,0,45778.13696497284,7.222113122703759,101.38745602264203,60,2,2
35.84136527189179,0.1465880672489822,1,102692.98668829889,4.924942922136816,117.99183219376353,32,1,1
46.7871170034587,1.724566212805692,1,25376.408965049446,7.141326954817289,116.33808090051943,43,2,0
10.812935369118888,3.8518861902738766,0,60849.09612587333,9.806879956351398,103.66137896005485,94,1,2
27.781702955764615,3.0060345171758924,0,55118.247999729545,6.790737747450929,28.939727016389813,19,2,2
46.22068113845058,0.5565428712437132,0,28494.224741567607,6.077595216134819,66.12553168007445,79,2,1
41.44584432909508,4.450816667811824,1,116736.51308643138,5.549466155960011,92.50648885329603,75,1,2
13.807299652192704,4.850345742013217,0,86247.24863296901,3.9566179358401565,65.58714910802611,1,0,2
31.714138692553814,0.06908753330412465,0,106661.27120526745,8.472412030566613,99.84652832360587,91,2,0
49.64731167471719,2.1784004126533576,0,53763.09256634314,7.4686270442132265,22.703508255303003,20,2,0
25.686335881760243,1.744205111365239,0,88866.82697700655,9.840579521699299,67.48251560466018,32,1,2
37.35413709448285,4.499724306659677,1,66950.74406124871,0.3505444154230719,11.224811604745186,29,1,2
21.676068370306616,0.20747442760464863,0,96434.89195223364,4.693563674112472,59.82729462912936,99,0,2
28.19552627552423,4.2751592513140855,1,65136.77073104305,1.2404913239421522,84.60902676996051,95,2,1
12.11023115037209,1.117338846369082,0,34751.67554310289,1.7413383619728484,114.81682057004076,30,0,1
34.4448297852541,0.4469258834660078,1,28301.811270852806,4.261209924160544,9.486428355044403,40,2,2
39.50211989845241,2.3228619236759247,1,23765.086896211957,6.07803484958427,1.687586783588313,65,2,2
26.51393606806186,1.4706233772813748,1,76063.75196791456,5.934003341833481,72.09715848709267,18,0,0
15.403342399062439,2.797496608753795,0,5744.519966203525,7.095148150365615,94.1339662002411,39,0,2
34.89846665480437,0.027410107106809467,0,66153.69668737159,2.647080457370495,90.51431368001765,86,2,2
40.42201366152315,4.973398012701983,1,26480.672364524387,0.6933578049353861,119.481924811939,0,1,2
32.24779053144352,2.0154814314582614,1,54700.79735573329,0.3149636302617498,32.68046059870688,91,0,0
34.22916182109451,3.2365014321719783,0,80393.42098634678,3.835788956655067,45.431059016074336,13,1,2
38.944064557347716,1.5571366907671147,1,98244.50532383638,6.608492372749877,4.928829936200048,30,1,0
37.59268056576126,1.7759905211949096,0,75497.51058313018,5.991732199363561,43.00972333590307,0,0,0
12.11023115037209,0.09322767841432678,0,64653.04455906779,2.6842887934887307,100.79354067165224,39,2,1
35.765513887257605,1.724566212805692,1,102376.51379189758,7.1613389900134745,112.3473146472338,43,2,0
43.57687707127136,3.848222547898488,0,80034.99123420942,1.2887477914182222,53.28172709790447,70,0,0
20.273891251920375,4.450816667811824,0,116827.92070411013,4.735829357801408,58.69010189885661,75,0,2
34.22916182109451,4.88648350750377,0,80660.62396523068,3.835788956655067,45.431059016074336,13,1,2
39.50211989845241,2.3228619236759247,1,23765.086896211957,6.07803484958427,81.58183569150475,63,2,2
20.00757697009282,1.8586634291393906,1,119881.37907516939,5.505004159860133,24.307190610417443,99,1,1
33.36253630054579,1.4731345378438008,1,23189.788037080485,5.391845453278092,4.75434343929135,31,0,1
15.403342399062439,2.797496608753795,0,5916.363228973831,7.095148150365615,94.1339662002411,39,0,2
12.247668566219092,4.4758025812400835,1,45778.13696497284,7.703746800915985,101.38745602264203,61,2,2
37.35413709448285,4.376436328085948,1,66950.74406124871,0.3505444154230719,11.224811604745186,35,1,2
15.611311295548527,3.235336560464361,0,93567.5181758725,5.186682274967826,115.3709463826707,1,1,1
29.498195548932518,0.24936630390784276,1,106661.27120526745,8.262845575670584,97.35152890139561,91,0,0
25.686335881760243,1.744205111365239,0,89292.18186352114,6.622375097605514,67.48251560466018,30,1,2
26.51393606806186,1.4706233772813748,1,33364.61905898183,4.118745699105503,72.09715848709267,18,0,0
35.31115514521037,0.7821064225046157,0,36252.32767486466,1.677538916034885,90.51431368001765,86,0,2
46.86280863754242,0.1465880672489822,1,24023.461309784674,4.904930886860036,117.99183219376353,32,1,1
10.812935369118888,3.7714255232048517,0,61140.37506408823,9.806879956351398,103.8484448144643,94,1,2
41.554853031549094,0.20747442760464863,1,98668.20555581292,5.507200472271076,85.18770956216159,99,1,2
40.42201366152315,3.3051847103418117,1,26213.489103354208,0.6933578049353861,119.481924811939,0,1,2
28.19552627552423,4.2751592513140855,1,65136.77073104305,1.2404913239421522,5.444275322518372,97,2,1
45.775099033322455,2.1793434953098942,0,53763.09256634314,7.4686270442132265,82.47232373398813,20,2,0
49.37823442130077,3.8156856854298224,0,116442.58338608615,9.650601215643391,49.63407014873738,21,1,2
27.781702955764615,3.0060345171758924,0,54974.195850919816,6.790737747450929,30.383847275552164,19,2,2
31.88746449180742,0.4469258834660078,0,26424.86745660576,4.261209924160544,9.486428355044403,33,2,2
45.727591176806406,0.5565428712437132,0,28494.224741567607,6.4181856809824565,66.12553168007445,79,2,1
13.807299652192704,4.850345742013217,0,86247.24863296901,3.9566179358401565,65.58714910802611,12,0,2
31.69879187489988,2.074122249156669,0,56691.994199141816,0.563481979840029,32.68046059870688,91,2,0
38.944064557347716,1.5571366907671147,1,97819.15043732164,9.729537937020238,4.928829936200048,32,1,0
16.81397442925018,4.861512099473962,0,93449.38402596723,5.3925746782742605,41.00719881735462,14,1,1
34.89846665480437,0.027410107106809467,1,105310.57260757746,2.497633589283777,90.51431368001765,20,2,2
12.11023115037209,0.514941786878361,0,34751.67554310289,4.152773867134023,109.93869706357322,41,0,1
25.686335881760243,2.185752096326395,0,25140.125151030777,6.6125779252351835,66.67469835284936,30,1,2
15.611311295548527,1.3966056894182788,1,93284.25371623307,5.186682274967826,115.3709463826707,1,0,1
43.12546957679564,2.169725339609987,0,32798.377429082335,3.918238705545839,47.896008717212844,0,0,1
40.42201366152315,1.543638898744015,1,26029.437059120988,0.6933578049353861,119.62717954595902,0,1,2
49.64336858152298,2.1784004126533576,0,53763.09256634314,7.4686270442132265,81.66780049332722,20,2,0
31.88746449180742,0.4469258834660078,0,54834.645151112214,6.616648880354893,9.486428355044403,33,2,2
15.633549574447734,2.797496608753795,0,33598.002420679,7.146573621854522,94.13916681900119,39,0,2
37.35413709448285,4.376436328085948,1,66950.74406124871,5.608323198637947,11.224811604745186,35,1,2
45.28646887245972,4.587440036120315,1,24951.654317621884,7.6921237762816785,117.39812815939722,63,2,2
13.456601823253237,4.850345742013217,1,85784.14495320953,0.7210996265100824,118.73867832922552,1,1,2
11.071944062762658,2.85378707034602,0,80393.42098634678,3.835788956655067,45.431059016074336,13,1,2
34.650612467088436,3.2570108326376883,0,80778.75811513497,3.8645647650621164,112.32832807007354,17,1,2
38.944064557347716,1.5571366907671147,0,59087.079396348396,6.7579396550972515,4.928829936200048,90,1,0
34.4448297852541,1.0493229537756936,1,28301.811270852806,1.8497744524802804,14.118757476623117,29,2,2
34.90040829696348,4.027446380154927,1,87342.01727547239,5.359582305858222,51.71990158594531,31,1,1
26.51393606806186,3.3093542725757743,0,78317.465555618,5.934003341833481,82.2650310168437,18,1,0
33.36253630054579,1.4431666749748036,1,23189.788037080485,5.391845453278092,4.75434343929135,31,0,0
46.636243705596584,4.985901815316458,1,25376.408965049446,7.141326954817289,116.1886543619638,43,2,0
45.77481381495018,2.1793434953098942,0,53763.09256634314,7.527794191137872,22.40298001643096,20,2,0
27.781702955764615,3.0060345171758924,0,11191.350677461714,4.800310072277762,28.939727016389813,19,2,2
26.283732057790147,1.4706233772813748,1,5685.334232818452,4.067320224150182,72.09195786692615,18,0,0
37.59268056576126,1.7759905211949096,0,75497.51058313018,0.7460839604839591,43.00972333590307,1,0,0
13.861435400764968,0.0976201763667679,1,44849.9439596452,4.916553903747534,101.97357167266502,30,1,1
40.788333986648986,2.6715276926438407,0,26676.628037812246,3.9290497502816084,65.56593362784263,0,0,2
37.191363649158475,4.850345742013217,0,86247.24863296901,3.94210526971579,65.58714910802611,9,0,2
34.277883613003695,1.3555852938061768,0,76098.18979592722,5.934003341833481,72.09715848709267,18,0,0
26.465214276152278,4.933666483471603,1,80626.18613721801,3.835788956655067,45.431059016074336,12,1,2
34.90040829696348,3.4192488331260114,1,54033.69597114776,7.490243894036464,51.71990158594531,29,2,0
15.610773941764148,2.9025526162988724,1,99245.55107283339,5.15154212822539,115.3709463826707,1,0,1
33.36253630054579,1.0978845044868042,1,23189.788037080485,5.487285958327984,8.564180867523856,31,0,0
34.34524264586154,1.2412362782189048,0,50463.95969545136,2.246152284360323,114.81682057004076,30,0,0
13.807299652192704,2.1764484057702544,0,54712.39201761457,3.7602619122826644,65.58714910802611,12,2,2
34.22177256149066,4.88648350750377,0,80660.62396523068,5.92173424756192,46.65878346143211,13,1,2
42.286755372185645,1.708131893625974,1,45032.219592961825,4.917009573077846,50.35320082583124,34,0,1
40.42201366152315,3.67021612187684,1,15007.889223906408,0.6289023753332368,119.481924811939,0,1,2
37.37293226774725,1.7462068417935421,0,70992.4654598751,3.5774367365794277,116.56366863340506,1,0,0
43.19102703196064,1.4706233772813748,1,76063.75196791456,3.907282690288135,46.6761301992108,18,0,0
25.653455809514753,1.330130715175447,1,11210.574992278613,4.067320224150182,72.09195786692615,18,2,0
34.87700392917982,3.922103087393481,1,23189.788037080485,5.391845453278092,118.47696389241787,31,1,1
27.781702955764615,3.0060345171758924,0,55118.247999729545,6.790737747450929,42.810629657263455,19,2,2
40.793397243858095,1.4706233772813748,1,26889.593920960262,0.5375940083059598,116.10291695800024,18,0,0
40.535536775556146,1.5433817752137928,1,23204.94258203527,5.426502580432634,9.393208022070283,1,1,2
45.77481381495018,2.1793434953098942,0,87071.4138546121,5.382796217720925,22.40298001643096,20,1,1
15.403879752846816,1.2915496925149927,0,1996.9668428158475,7.130288297092557,94.1339662002411,39,0,2
38.944064557347716,1.1099021166508516,1,98244.50532383638,6.608492372749877,4.928829936200048,28,1,0
12.06817769256181,1.3354352919056043,0,76098.18979592722,5.429192543551496,72.09715848709267,18,0,1
49.64336858152298,4.8442579516192685,0,84168.89431151398,7.484678488388207,81.66780049332722,20,0,0
26.52132532766544,3.3093542725757743,0,78317.465555618,3.8480580509269746,81.03730656308662,18,1,0
12.210394030379803,0.1697997184014226,0,29064.00073904338,3.174588368576512,99.51616294679921,0,1,0
12.247668566219092,4.4758025812400835,1,50601.53807949698,6.765176615927006,101.38745602264203,61,2,2
47.448504241891875,0.17813900810800842,1,24023.461309784674,1.0024953120756825,43.88238712585608,25,1,1
26.448357221284013,2.5517119782318956,0,32798.377429082335,5.445335285577942,72.86777525128888,0,0,1
27.8084337959223,3.1465272078464626,0,5666.109919904218,4.800310072277762,28.939727016389813,19,0,2
13.456601823253237,4.874789195108123,1,85784.14495320953,0.7210996265100824,50.36790392318587,0,1,2
37.59268056576126,1.7759905211949096,0,75497.51058313018,5.991732199363561,29.138820695030407,0,0,0
26.14255169739653,4.973398012701983,1,29857.42095171398,4.276317220995766,74.91433074658349,0,1,2
33.24901318631093,1.473391661374023,1,26014.282514166203,0.6605054185390049,113.52908456141171,33,0,1
11.722938400158348,4.850345742013217,1,84138.35283100118,0.9778821611393869,65.8702818922356,12,1,2
38.90599560372849,4.973567430959425,1,26480.672364524387,5.264968255278943,118.33457295913374,0,1,2
15.403342399062439,2.7600660342492866,0,5916.363228973831,6.831423215592805,94.1339662002411,33,0,2
40.27078721909404,1.5416250802180196,1,25108.191903339473,0.8807713471442358,59.07171553789702,18,0,0
15.611311295548527,1.3966056894182788,1,93221.5513517331,5.186682274967826,115.3709463826707,32,0,1
25.653455809514753,1.330130715175447,1,23087.160676514617,4.09959858178124,72.09195786692615,16,2,0
13.710195213097176,1.8220605381957546,1,85784.14495320953,4.077063033743163,70.804936183478,1,1,2
37.2026571782942,2.9443159695394114,1,75701.60269824738,5.15154212822539,44.92202851694456,1,0,1
32.702097104409006,1.3620610171186298,0,76098.18979592722,5.934003341833481,72.09715848709267,18,0,0
49.64336858152298,4.8442579516192685,0,84257.21229159125,7.484678488388207,81.66780049332722,12,2,0
33.36253630054579,1.4731345378438008,1,23189.788037080485,5.391845453278092,4.75434343929135,28,0,1
42.120835124759395,1.7602485757942028,0,32798.377429082335,5.445335285577942,72.86777525128888,0,0,1
33.36253630054579,1.4431666749748036,1,23189.788037080485,5.391845453278092,74.48098974529455,31,0,0
42.57971697898255,1.4735593858676275,1,31451.428370443253,0.48867791305711616,50.35320082583124,34,0,1
12.848000429700496,4.973398012701983,1,30223.15950238025,4.120480225135272,100.55463061302446,1,1,2
47.435676816982664,0.005183809675040951,0,26132.44689166389,3.98125003153356,43.599254341650365,25,0,1
36.478770798686995,3.922103087393481,1,23189.788037080485,0.8213473042671393,119.90448860736778,31,1,1
33.24901318631093,1.510822236019449,1,26014.282514166203,0.928935735977289,113.52908456141171,39,0,1
43.342253474389544,1.47263719580737,1,74324.82059157729,3.7200119883149183,119.62717954595902,0,1,2
46.86280863754242,0.1465880672489822,1,24086.28694575446,4.904930886860036,117.99183219376353,1,1,1
33.36253630054579,1.0978845044868042,1,11313.202361772706,5.440831643738403,8.564180867523856,31,0,0
26.260561471353896,4.4874422948638015,1,33364.61905898183,0.762962639418564,118.83249410872642,18,0,0
11.391156543070567,1.7342271679654995,0,99041.45892320693,0.7460839604839591,113.29704481279288,1,0,0
42.54591872162139,2.163249616298353,0,32798.377429082335,3.918238705545839,47.896008717212844,0,0,1
13.807299652192704,2.1764484057702544,0,52167.4982446005,3.7602619122826644,63.2977515520796,20,0,2
34.90040829696348,4.027446380154927,1,87342.01727547239,5.838792962496732,51.71990158594531,31,1,1
26.0415226947174,2.567453923632642,0,32798.377429082335,3.918238705545839,47.896008717212844,0,0,0
26.283732057790147,1.4706233772813748,1,5685.334232818452,4.067320224150182,10.950952891134246,18,0,0
40.793397243858095,1.7051958850397213,1,26889.593920960262,3.7191012932799485,116.10291695800024,18,0,0
25.544463807806345,4.117631127675674,1,45412.39841431015,7.859583287620861,75.7471558491221,62,2,2
41.714007629943815,1.7759905211949096,0,32798.377429082335,3.918238705545839,47.896008717212844,0,0,0
43.57687707127136,3.767761880829463,0,80326.27017242585,1.2887477914182222,53.469117574931666,70,0,0
48.014132361445085,1.3417105663769395,0,117528.3042990898,9.650601215643391,5.66468988732916,21,0,2
34.90040829696348,3.947112018405978,1,23189.788037080485,5.391845453278092,50.91208433413449,31,1,1
17.102254285239987,2.2541994717291,1,119740.20770617547,5.505004159860133,84.0758809255687,99,1,1
15.611311295548527,3.235336560464361,0,93567.5181758725,5.186682274967826,115.3709463826707,12,1,1
12.247668566219092,4.4758025812400835,0,45778.13696497284,7.222113122703759,101.38745602264203,60,2,2
35.84136527189179,0.1465880672489822,1,102692.98668829889,4.924942922136816,117.99183219376353,32,1,1
46.7871170034587,1.724566212805692,1,25376.408965049446,7.141326954817289,116.33808090051943,43,2,0
10.812935369118888,3.8518861902738766,0,60849.09612587333,9.806879956351398,103.66137896005485,94,1,2
27.781702955764615,3.0060345171758924,0,55118.247999729545,6.790737747450929,28.939727016389813,19,2,2
46.22068113845058,0.5565428712437132,0,28494.224741567607,6.077595216134819,66.12553168007445,79,2,1
41.44584432909508,4.450816667811824,1,116736.51308643138,5.549466155960011,92.50648885329603,75,1,2
13.807299652192704,4.850345742013217,0,86247.24863296901,3.9566179358401565,65.58714910802611,1,0,2
31.714138692553814,0.06908753330412465,0,106661.27120526745,8.472412030566613,99.84652832360587,91,2,0
49.64731167471719,2.1784004126533576,0,53763.09256634314,7.4686270442132265,22.703508255303003,20,2,0
25.686335881760243,1.744205111365239,0,88866.82697700655,9.840579521699299,67.48251560466018,32,1,2
37.35413709448285,4.499724306659677,1,66950.74406124871,0.3505444154230719,11.224811604745186,29,1,2
21.676068370306616,0.20747442760464863,0,96434.89195223364,4.693563674112472,59.82729462912936,99,0,2
28.19552627552423,4.2751592513140855,1,65136.77073104305,1.2404913239421522,84.60902676996051,95,2,1
12.11023115037209,1.117338846369082,0,34751.67554310289,1.7413383619728484,114.81682057004076,30,0,1
34.4448297852541,0.4469258834660078,1,28301.811270852806,4.261209924160544,9.486428355044403,40,2,2
39.50211989845241,2.3228619236759247,1,23765.086896211957,6.07803484958427,1.687586783588313,65,2,2
26.51393606806186,1.4706233772813748,1,76063.75196791456,5.934003341833481,72.09715848709267,18,0,0
15.403342399062439,2.797496608753795,0,5744.519966203525,7.095148150365615,94.1339662002411,39,0,2
34.89846665480437,0.027410107106809467,0,66153.69668737159,2.647080457370495,90.51431368001765,86,2,2
40.42201366152315,4.973398012701983,1,26480.672364524387,0.6933578049353861,119.481924811939,0,1,2
32.24779053144352,2.0154814314582614,1,54700.79735573329,0.3149636302617498,32.68046059870688,91,0,0
34.22916182109451,3.2365014321719783,0,80393.42098634678,3.835788956655067,45.431059016074336,13,1,2
38.944064557347716,1.5571366907671147,1,98244.50532383638,6.608492372749877,4.928829936200048,30,1,0
49.715943927772884,1.9787086476340665,0,56710.99007074078,3.9587672519552606,34.96624756454803,9,0,0
46.7871170034587,1.724566212805692,1,77944.99442615297,6.559172796005175,116.33808090051943,43,0,0
32.89890640952109,0.2631599807859222,0,101523.57072017332,8.662742137807157,45.431059016074336,13,1,2
32.293259808711944,2.0154814314582614,1,89465.12050652137,0.3074711970473025,32.68046059870688,92,0,0
28.19552627552423,1.9476182592244116,1,118010.13961242115,1.2404913239421522,84.07389045019363,95,2,1
13.79849759790296,2.797496608753795,0,86628.99764450625,6.940163055576103,95.12735752094449,39,0,2
12.247668566219092,4.3514223814439,0,45422.530125348,7.946606965619553,101.38745602264203,19,2,2
36.828402323361956,0.2133394602753319,0,66153.69668737159,2.647080457370495,12.485279270801612,86,2,2
26.51393606806186,0.22339530561203746,1,76063.75196791456,5.934003341833481,60.147884850428426,13,0,0
43.734205907938275,1.3118850455613553,0,34751.67554310289,1.7413383619728484,119.57318000087163,30,0,1
41.44584432909508,4.450816667811824,1,116695.05382435574,4.858230710684168,89.54757736752669,32,1,2
39.49261181817688,2.3712505284818137,1,98244.50532383638,6.608492372749877,1.6989939815882518,30,1,0
27.781702955764615,3.0060345171758924,1,55118.247999729545,6.790737747450929,28.939727016389813,18,2,2
10.620291766761293,3.1313782512466344,0,86830.94723437337,9.70695181319246,115.33163281505861,12,1,1
37.09915205602324,0.9042873397957423,0,28494.224741567607,0.5110507244015197,66.12553168007445,28,2,1
41.57575759284495,1.7720817342768498,0,32948.31144248983,7.531053276879115,21.611032627100904,20,2,0
43.57687707127136,3.754190686529573,0,26095.596695836233,1.8711140970013873,55.828165443670855,70,2,0
31.714138692553814,3.0679360559940787,0,81648.7193365822,3.6453142512009995,99.84652832360587,91,2,0
25.6408666044919,1.744205111365239,0,54102.50374225073,9.802756959964324,67.48251560466018,32,1,2
17.102254285239987,4.187140726304337,1,65953.3589671706,5.505004159860133,84.61101724533557,99,1,1
15.412144453352205,4.850345742013217,0,5556.579077614428,4.111603028390244,64.59375763550533,1,0,2
48.014132361445085,1.4656463607804089,0,117410.35319608089,9.650601215643391,5.66468988732916,62,0,2
34.4448297852541,0.4085242721792476,1,28301.811270852806,4.261209924160544,87.55612445920255,40,2,2
20.927627152096697,1.4549074319703328,0,97862.01236160283,4.693563674112472,71.7765682657936,100,0,2
10.264635841301374,4.724143492911051,1,18896.59583735106,0.6933578049353861,114.71689046550769,0,1,2
35.84136527189179,0.1465880672489822,1,102733.9598986102,4.924942922136816,117.99183219376353,75,1,1
38.95357263762325,1.6790503913503914,1,23765.086896211957,6.07803484958427,0.9163322094828708,65,2,2
36.73882074133706,3.947112018405978,0,23189.788037080485,5.557833407754114,50.91208433413449,31,1,1
15.480593089561507,3.8518861902738766,0,60849.09612587333,5.265940074943497,103.70067626115282,94,1,2
46.47563652251445,4.151563371930978,1,66950.74406124871,5.813075367963901,12.17235136191574,80,1,2
21.96594289953971,1.7210264565046702,1,97679.71598781095,6.754063639784957,66.299794454341,100,0,0
34.4448297852541,0.4085242721792476,1,117244.18196150518,4.236170084146145,87.55612445920255,37,2,2
15.412144453352205,2.4494792265136835,0,5556.579077614428,7.324166309647967,62.79445431757394,4,0,2
36.73882074133706,3.4935645372890245,0,24131.734662149433,6.780921668343998,49.84092034241644,26,1,1
41.57575759284495,0.08930578152206936,0,101562.63379116266,7.531053276879115,21.611032627100904,20,2,1
29.6229857374453,2.4819985629517323,1,118010.13961242115,1.2404913239421522,84.07389045019363,95,2,1
26.51393606806186,1.3030446596552505,0,75609.99043619809,5.934003341833481,119.73355513263155,18,0,0
46.785963868579984,1.724566212805692,1,25376.408965049446,7.141326954817289,114.24253466929164,43,2,0
41.714007629943815,1.7759905211949096,0,118096.99277802347,5.3957987193604025,47.896008717212844,0,0,0
27.91975845151854,3.0060345171758924,1,55346.25921440471,6.834442243580482,28.944317936210886,40,2,2
49.715943927772884,1.9787086476340665,0,56710.99007074078,3.7368304467055173,34.96624756454803,9,0,0
33.31973145095683,4.888826324543393,0,80643.18255310645,3.956116153190454,64.87566198412479,13,0,2
10.61993506928087,4.973398012701983,1,86365.40080168881,0.783875808287843,119.48169119525187,12,1,2
34.54619778889239,4.117009944536159,1,66950.74406124871,0.3505444154230719,11.224811604745186,31,1,2
47.33622716202753,1.4584471882713546,0,78127.29079769163,4.73330360762631,114.43267022918705,43,0,2
35.84136527189179,0.1465880672489822,1,12044.755174607846,4.949982762151216,117.99183219376353,75,1,1
49.64731167471719,4.572903096388991,0,53763.09256634314,4.256063743524276,24.502816301100406,20,2,0
27.781702955764615,3.9814324769900633,0,54176.301653035975,5.525589165131098,30.01089100844252,31,2,2
35.84136527189179,1.8402601388431643,1,36047.64299679487,4.924942922136816,119.63902600608375,32,1,0
26.51393606806186,0.07596007938507765,1,76063.75196791456,5.934003341833481,60.147884850428426,13,0,0
43.58333261007616,1.4794637631874796,1,34751.67554310289,1.7413383619728484,69.8406286608007,32,0,1
28.194156869779874,4.2751592513140855,1,65136.77073104305,1.2997956210321904,85.4830214472176,95,2,1
17.102254285239987,2.2541994717291,1,14882.560575763782,4.3924554452640745,84.0758809255687,100,1,1
34.306774289500105,0.4469258834660078,1,28073.800065290125,4.21750542787042,9.481843181817634,18,2,2
10.264635841301374,4.724143492911051,1,18896.59583735106,0.9154478033822762,114.71689046550769,0,1,2
14.718558017266153,3.1918863950452607,0,85997.48706620935,3.8362907393047703,46.14254613997604,7,1,2
40.832014978122785,2.4977212366499635,0,26946.25163580535,9.575360418769119,115.32999906770442,10,1,1
37.66594939504973,3.947112018405978,1,23189.788037080485,5.377332412612934,50.91208433413449,29,1,1
49.517757631254355,2.1505245387756022,0,53773.24481982608,7.4686270442132265,22.703508255303003,20,2,0
27.6436213337874,3.0339103910536216,1,55108.0957462466,6.790737747450929,28.939727016389813,17,2,2
49.907036917672436,2.1784004126533576,0,46399.44799106263,7.4686270442132265,22.703508255303003,20,2,0
24.969693788522083,1.9902254861597815,0,56613.2053095007,4.483085954429098,31.539815282707735,12,0,0
37.373494312162585,1.1258779586412024,1,33754.72661392789,1.8768655708103934,119.1799143164635,29,1,0
15.412144453352205,2.451220258541161,0,13691.389800780007,7.27800570375765,62.79445431757394,4,0,2
13.408158414943458,4.973398012701983,1,24525.355287332284,0.6933578049353861,119.29231063227526,0,1,2
15.448847561105019,4.850345742013217,0,85832.25864394821,3.9566179358401565,65.63268889134628,1,0,2
49.64731167471719,4.836232763918205,0,81944.49556565168,6.048701672732161,24.502816301100406,13,2,0
26.405643592517684,2.931814684239371,1,50890.77590033734,8.367747122060665,28.939727016389813,18,2,2
34.135285780221935,4.503878230330886,0,86845.47090688648,9.70695181319246,115.33163281505861,12,1,1
34.54619778889239,4.117009944536159,1,66950.74406124871,6.611823747848466,13.00961864870018,17,1,2
46.778353177441716,1.724566212805692,1,23262.670971433712,7.131012176932645,116.33808090051943,29,2,1
37.145086018754625,3.947112018405978,0,17344.45899033553,5.565119615612158,49.92254024051742,26,1,1
25.084063618859084,3.0344845539060454,1,55108.0957462466,7.51784940025543,29.286226934526155,1,2,2
26.850541064531015,4.973398012701983,1,86365.40080168881,0.783875808287843,119.48169119525187,12,0,2
43.51798361055833,1.1942564612173847,0,34751.67554310289,1.7413383619728484,119.34780355141176,30,0,1
49.90845482062508,1.316210175106023,0,75707.77519743786,5.923433428838589,119.788338620942,18,0,0
12.11023115037209,1.8317210265728343,0,36020.941934007395,4.789416046461223,119.34387542816106,30,0,1
15.412144453352205,4.842672432470172,0,5556.579077614428,4.157763626861495,64.59375763550533,1,0,2
37.638467722825105,4.724143492911051,1,18896.59583735106,0.6933578049353861,111.65127181146337,0,1,2
43.58333261007616,1.4794637631874796,1,35166.665261988615,1.7413383619728484,69.79508887748054,32,0,1
26.51393606806186,0.055806679642245616,1,76591.47124675535,4.141365412625491,60.147884850428426,20,0,0
14.013337650238688,3.127220351079546,1,66936.22038871482,0.03252596228237481,11.224811604745186,25,1,2
26.51393606806186,1.4706233772813748,1,76063.75196791456,0.14464979255577948,70.31825762191411,32,0,0
37.67468519585463,3.947112018405978,1,25303.526030696223,5.705132620774171,42.6108943533763,43,1,0
46.70593623846713,1.724566212805692,1,79072.38340053207,6.72113674420529,116.9398459369547,43,0,0
46.73848877761158,1.7754163583493137,0,32798.377429082335,3.918238705545839,37.84795428920545,16,0,0
10.44481836757788,0.07596007938507765,1,84823.62898653095,5.934003341833481,60.147884850428426,11,1,0
27.73566989733316,2.8058554827535587,1,76063.75196791456,6.808090034522741,72.09715848709267,18,0,0
10.753740758678658,1.5277289365488114,1,86365.40080168881,0.06517386057297148,119.44560544556411,9,1,2
26.4218875045161,1.4461258339219132,1,55108.0957462466,5.91665105476167,28.939727016389813,17,2,2
26.51393606806186,0.07596007938507765,0,76155.59575989595,7.561874577558541,60.147884850428426,13,0,0
37.32928954168055,4.03883051969861,0,17344.45899033553,0.11845750670680077,49.92254024051742,26,1,1
26.850541064531015,4.97942967876202,1,86365.40080168881,0.783875808287843,119.48169119525187,5,0,2
40.000443734593766,4.841556590446054,1,24809.97923761818,0.6933578049353861,119.481924811939,10,1,2
44.52443560712136,3.0339103910536216,1,36214.00143941409,6.790737747450929,28.939727016389813,17,2,2
49.715943927772884,1.9787086476340665,0,56706.665185341786,9.656277956002928,98.26640787903881,10,0,0
26.51393606806186,1.4706233772813748,1,76063.75196791456,3.8684630517397283,72.09715848709267,18,0,0
43.734205907938275,1.3118850455613553,0,29021.73748123931,1.7413383619728484,119.57318000087163,6,0,2
35.84136527189179,1.8402601388431643,1,35882.94299439232,5.011438287414115,116.52033790725226,20,1,0
37.40270925868539,4.724143492911051,1,26952.789527450666,9.357446527740969,115.49064324113732,0,1,2
10.61993506928087,4.951617180259129,1,86365.40080168881,0.783875808287843,119.48169119525187,12,1,2
14.945933885792446,4.897846769367613,0,5556.579077614428,1.229243689524874,64.59375763550533,8,0,2
26.51393606806186,0.5684547081822022,1,76063.75196791456,5.934003341833481,60.147884850428426,19,0,2
26.405643592517684,3.6611246949229517,1,50890.77590033734,8.3686467689699,28.939727016389813,18,2,2
10.471649918131526,2.2974191742834247,0,34812.91528798376,4.83748728046395,114.8424627596217,30,0,1
47.56359860534183,2.073827696621812,1,53671.24877435844,5.840755808465386,22.703508255303003,20,2,0
13.234217928614983,4.96790135864351,1,24525.355287332284,6.287651896087415,119.29231063227526,0,1,2
15.412144453352205,2.451220258541161,0,13691.389800780007,7.27800570375765,68.86739108331933,11,0,2
15.834869981889156,4.974499593072168,0,7227.585718972718,4.157763626861495,64.59375763550533,0,0,2
26.735770283977438,1.4794637631874796,1,57228.61515372201,1.7413383619728484,69.8406286608007,32,0,1
10.620291766761293,3.1203546411296723,0,86835.27211589733,3.9896476697356897,34.4400394452351,12,1,1
41.714007629943815,1.7853683812405263,0,32798.377429082335,5.983778995639983,46.98515573987629,17,0,0
15.412144453352205,2.4494792265136835,0,5556.579077614428,8.079709966493578,62.79445431757394,28,0,1
26.51393606806186,0.055806679642245616,1,79845.84134635943,4.141365412625491,60.147884850428426,32,0,0
41.06777344226244,2.4977212366499635,0,18890.05794570585,0.8919691567125856,110.44739013824864,10,1,1
26.980325830249445,2.7991772801304284,1,76225.95649231641,6.808090034522741,72.09715848709267,18,0,0
10.264635841301374,4.724143492911051,1,25953.713121823184,4.110933923913749,114.71689046550769,0,1,2
10.264635841301374,4.724143492911051,1,18896.59583735106,0.9154478033822762,114.71689046550769,0,1,0
10.44481836757788,0.011452383676379796,1,84823.62898653095,5.933103647153609,60.147884850428426,10,1,0
12.11023115037209,0.8582581973749936,0,35959.702189126525,1.69326769764453,119.32007036892671,30,0,1
41.714007629943815,1.7759905211949096,0,32798.377429082335,3.918238705545839,47.896008717212844,0,0,0
43.57687707127136,3.767761880829463,0,80326.27017242585,1.2887477914182222,53.469117574931666,70,0,0
48.014132361445085,1.3417105663769395,0,117528.3042990898,9.650601215643391,5.66468988732916,21,0,2
34.90040829696348,3.947112018405978,1,23189.788037080485,5.391845453278092,50.91208433413449,31,1,1
17.102254285239987,2.2541994717291,1,119740.20770617547,5.505004159860133,84.0758809255687,99,1,1
15.611311295548527,3.235336560464361,0,93567.5181758725,5.186682274967826,115.3709463826707,12,1,1
12.247668566219092,4.4758025812400835,0,45778.13696497284,7.222113122703759,101.38745602264203,60,2,2
35.84136527189179,0.1465880672489822,1,102692.98668829889,4.924942922136816,117.99183219376353,32,1,1
46.7871170034587,1.724566212805692,1,25376.408965049446,7.141326954817289,116.33808090051943,43,2,0
10.812935369118888,3.8518861902738766,0,60849.09612587333,9.806879956351398,103.66137896005485,94,1,2
27.781702955764615,3.0060345171758924,0,55118.247999729545,6.790737747450929,28.939727016389813,19,2,2
46.22068113845058,0.5565428712437132,0,28494.224741567607,6.077595216134819,66.12553168007445,79,2,1
41.44584432909508,4.450816667811824,1,116736.51308643138,5.549466155960011,92.50648885329603,75,1,2
13.807299652192704,4.850345742013217,0,86247.24863296901,3.9566179358401565,65.58714910802611,1,0,2
31.714138692553814,0.06908753330412465,0,106661.27120526745,8.472412030566613,99.84652832360587,91,2,0
49.64731167471719,2.1784004126533576,0,53763.09256634314,7.4686270442132265,22.703508255303003,20,2,0
25.686335881760243,1.744205111365239,0,88866.82697700655,9.840579521699299,67.48251560466018,32,1,2
37.35413709448285,4.499724306659677,1,66950.74406124871,0.3505444154230719,11.224811604745186,29,1,2
21.676068370306616,0.20747442760464863,0,96434.89195223364,4.693563674112472,59.82729462912936,99,0,2
28.19552627552423,4.2751592513140855,1,65136.77073104305,1.2404913239421522,84.60902676996051,95,2,1
12.11023115037209,1.117338846369082,0,34751.67554310289,1.7413383619728484,114.81682057004076,30,0,1
34.4448297852541,0.4469258834660078,1,28301.811270852806,4.261209924160544,9.486428355044403,40,2,2
39.50211989845241,2.3228619236759247,1,23765.086896211957,6.07803484958427,1.687586783588313,65,2,2
26.51393606806186,1.4706233772813748,1,76063.75196791456,5.934003341833481,72.09715848709267,18,0,0
15.403342399062439,2.797496608753795,0,5744.519966203525,7.095148150365615,94.1339662002411,39,0,2
34.89846665480437,0.027410107106809467,0,66153.69668737159,2.647080457370495,90.51431368001765,86,2,2
40.42201366152315,4.973398012701983,1,26480.672364524387,0.6933578049353861,119.481924811939,0,1,2
32.24779053144352,2.0154814314582614,1,54700.79735573329,0.3149636302617498,32.68046059870688,91,0,0
34.22916182109451,3.2365014321719783,0,80393.42098634678,3.835788956655067,45.431059016074336,13,1,2
38.944064557347716,1.5571366907671147,1,98244.50532383638,6.608492372749877,4.928829936200048,30,1,0
37.514901672724875,4.041258255144637,0,32798.377429082335,5.6307974165360095,43.00972333590307,0,0,0
16.426187387219066,2.797496608753795,0,84443.02912399435,9.70240486221575,80.11068630185322,39,1,2
30.977435025305056,2.1784004126533576,0,52100.98833608649,8.489989669911314,96.38815674758469,20,2,0
46.30072618547467,0.5565428712437132,0,65275.94952505496,0.4504046783978879,66.12553168007445,79,2,1
15.837712725684836,0.4402359742598182,1,119740.20770617547,4.2553102471907955,84.48720260708787,99,1,1
45.84606351463217,1.6799728110525152,0,53942.14630974429,7.143064552926544,28.939727016389813,19,2,2
32.24779053144352,2.0154814314582614,1,54700.79735573329,0.3149636302617498,32.68046059870688,69,0,0
44.30796128340825,3.8974374793490227,1,107071.36561520779,5.549466155960011,92.50648885329603,75,1,2
13.807299652192704,0.34739728524226887,0,86761.14105369848,3.9566179358401565,59.15182526100484,100,0,2
15.611311295548527,1.071970706939007,0,93567.5181758725,5.176630184264429,115.3709463826707,12,1,1
10.812935369118888,3.8518861902738766,0,100607.60428403023,9.922744015818997,101.96378286343489,31,1,2
48.014132361445085,1.2140295969506736,0,117528.3042990898,9.650601215643391,5.66468988732916,21,0,2
34.22916182109451,3.2365014321719783,1,80393.42098634678,3.835788956655067,45.431059016074336,18,1,2
11.027036896402777,2.3300871915457098,0,43842.16155720575,6.07803484958427,101.71984872241366,65,2,2
28.19552627552423,4.2751592513140855,1,65136.77073104305,1.2404913239421522,84.60902676996051,7,2,1
34.978187189719335,1.6818396200470698,1,23189.788037080485,3.9375247308083208,50.91208433413449,30,1,1
25.076202469481554,1.4634860763981805,0,10321.023966624118,7.199205515167767,67.48251560466018,32,0,2
49.81314303235319,0.06908753330412465,0,106661.27120526745,7.45104940486068,22.170034389101644,91,2,0
37.27407985278847,4.499724306659677,1,30169.01954564805,5.991947730447182,11.224811604745186,29,1,2
34.4448297852541,2.260946844155431,1,30660.072913133925,5.510903836829881,3.4916129132511156,40,2,2
28.720217385025528,3.0506279190011303,1,26552.510707505826,6.789000149341673,116.33808090051943,43,2,0
43.57687707127136,3.767761880829463,0,80326.27017242585,1.2887477914182222,53.469117574931666,92,0,0
31.9691526348415,0.3274439349072462,1,116561.30850343306,4.924942922136816,117.99183219376353,32,1,1
21.676068370306616,4.701248587063766,0,94835.27861850041,4.693563674112472,64.01535186542237,5,0,2
12.11023115037209,3.2807056776656793,0,34751.67554310289,1.751391201656043,115.64714740095701,30,0,1
36.386699250877825,1.5571366907671147,1,56601.15715788486,6.608492372749877,6.953955010689022,93,1,0
34.40537669389168,0.04420191304907295,0,66153.69668737159,2.9876850681525013,90.51431368001765,86,2,2
26.51393606806186,1.4706233772813748,0,76063.75196791456,5.934003341833481,72.09715848709267,13,0,0
39.034535596159955,4.664660737845323,1,27692.259310816713,7.222113122703759,1.2725717003587533,60,2,2
40.42201366152315,4.973398012701983,1,26480.672364524387,0.628127849006993,119.481924811939,90,1,2
29.7274186343044,4.245484549069825,1,65041.25241168627,1.455444851191665,27.520262070163326,12,2,1
37.514901672724875,4.041258255144637,0,85591.07254999696,5.619358738808647,43.00972333590307,0,0,0
37.27407985278847,1.4605070411443082,0,30169.01954564805,5.8090339131707385,110.02793633925118,33,1,1
31.9691526348415,0.7805897005137329,1,116655.09168289193,5.500385855898486,116.25531438054605,39,1,1
13.807299652192704,0.23547490982743513,0,86658.09187204114,3.9566179358401565,59.15182526100484,100,0,2
42.859910106092514,4.909185953386689,1,116736.51308643138,5.549466155960011,92.50648885329603,75,1,2
12.11023115037209,2.11701130881674,0,34298.27544171075,1.751391201656043,116.55618529305454,30,0,1
28.7211829572015,1.071970706939007,0,93567.5181758725,5.176630184264429,113.06631738557338,10,1,1
34.40537669389168,0.04420191304907295,0,100561.97157127308,9.365615911431311,90.51431368001765,31,1,2
35.01481223755606,3.947112018405978,1,26508.653656015256,5.473024644399328,118.44314142303865,31,1,2
38.944064557347716,1.5571366907671147,1,98244.50532383638,7.105112321770847,4.928829936200048,30,1,0
40.47103169087142,4.900035522735796,0,35078.848762165864,3.956458553281432,64.96267191340294,1,0,0
34.15655553077165,2.3228619236759247,1,79956.59127837911,3.8547315626281744,45.44827847483386,65,2,2
12.451986492916252,2.41478227832188,1,5744.519966203525,7.095148150365615,94.1339662002411,39,1,2
32.33952130754334,2.0451437680185,1,54796.31567509006,0.33468200867643577,82.45518679867001,91,0,0
26.51393606806186,1.4706233772813748,0,23271.305467795446,5.945442019560843,72.09715848709267,13,0,0
12.11023115037209,4.155899596585322,1,34751.67554310289,1.9242563895891325,15.739179562001667,29,0,2
17.102254285239987,2.324466941228062,1,119642.18874196005,4.887500930774815,85.7293014128652,99,1,1
34.22916182109451,3.357678828108751,0,82466.56244015506,3.835788956655067,55.599571189442216,13,1,2
34.978187189719335,1.4078523387487607,1,23189.788037080485,3.9375247308083208,50.91208433413449,30,1,1
30.82656175353623,3.3420947814763595,0,52100.98833608649,8.489989669911314,95.47277914281383,22,2,0
15.610356094870843,3.0506279190011303,1,26552.510707505826,6.848285948885286,116.47644221498892,45,2,0
10.812935369118888,3.8518861902738766,0,50206.23747133551,3.829990157115225,101.96378286343489,86,2,2
40.30760972092731,4.973398012701983,1,23161.806745589613,0.6151104268835423,50.89590257325769,0,1,1
46.7871170034587,1.724566212805692,1,25376.408965049446,6.644707005796319,116.33808090051943,42,2,0
15.058454351503554,1.691000250274401,0,83966.77779038654,3.9183980881045644,48.52048591183603,6,0,2
39.57472618877405,2.602844415071003,1,24201.967268634864,6.059092243611552,1.8953451453289496,28,1,2
38.80592083411283,0.1465880672489822,0,102692.98668829889,4.910429889808054,117.99183219376353,32,0,1
41.51195248104314,2.101862262218847,0,52585.210665279636,8.489989669911314,96.38815674758469,20,2,0
30.911326828857746,4.527033010989135,1,116027.32075514717,5.549466155960011,92.50648885329603,74,1,2
36.15742663763988,1.6818396200470698,1,23189.788037080485,5.9288448044020505,73.68587555319081,30,0,1
34.22916182109451,3.2365014321719783,1,80393.42098634678,3.835788956655067,45.431059016074336,14,1,2
17.349405592782247,4.146764639862546,1,71592.3034307463,2.6433819037522364,15.739179562001667,29,0,2
29.7274186343044,3.356961735226507,1,65041.25241168627,1.5644899189336698,27.456681762472265,12,2,1
42.469817969939065,4.2751592513140855,1,65136.77073104305,0.4487526596406688,47.9311706211185,7,0,1
37.514901672724875,3.9791664393116872,0,51988.11829069357,8.548858119221443,94.22996918601373,0,0,0
45.41975887678908,1.7154929288535212,1,116977.97332342721,6.765781345500452,86.28879613616952,43,2,0
10.324744376309066,3.2807056776656793,0,34751.67554310289,5.220385869309893,115.64714740095701,30,0,1
28.11666086733285,3.031508937362113,1,26345.525734201918,6.789000149341673,50.65379659617853,43,1,0
34.90040829696348,2.5571144924361655,1,23184.286675014086,6.070999061909724,0.11072392192363356,31,1,1
39.68693540824599,1.115803287530584,1,98244.50532383638,6.647542045020339,0.989446546303645,30,0,0
12.451986492916252,2.41478227832188,0,85108.04483003754,7.095148150365615,94.1339662002411,39,1,2
15.610356094870843,3.0506279190011303,1,26455.939857914425,6.848285948885286,116.47644221498892,45,2,2
40.800438922501506,4.737493082203086,1,26531.469666850317,0.6052891610689213,119.46994692556069,42,1,2
39.810663245614926,1.4893200143656047,0,23272.11315566838,1.0445304454530415,73.21263278930425,13,0,0
26.60455838263284,1.4706233772813748,1,76063.75196791456,3.942683268239833,49.323367268031376,18,1,0
15.403342399062439,2.797496608753795,0,4452.409468217342,7.095148150365615,94.1339662002411,39,0,2
37.514901672724875,4.152644308231161,0,39051.48408544488,5.630586794950295,43.00972333590307,0,0,0
15.611311295548527,4.123859368954974,0,93567.5181758725,4.724193070866437,115.14301695713218,12,1,1
26.253190362604755,1.7759905211949096,0,32798.377429082335,3.918238705545839,84.57386484712454,0,2,0
30.977435025305056,2.2404919001883816,0,32911.24747449069,5.974008910215703,36.24997726255555,20,2,0
18.451892783799487,2.333540225180234,1,25334.937549553244,4.887500930774815,115.76358471204861,99,1,1
15.611311295548527,1.071970706939007,0,93567.5181758725,1.6701982276480611,115.3709463826707,8,1,1
34.978187189719335,1.4269713231921366,1,20336.752650032347,3.9375247308083208,116.37078845795767,30,2,1
40.320382360862446,3.989916368348943,1,24207.468630701263,5.37993863497992,55.39719807896468,28,1,2
11.513360618320826,1.5586722496056153,0,34751.67554310289,1.7023102732936253,114.81682057004076,30,1,1
13.807299652192704,4.850345742013217,1,7034.561763174337,3.9566179358401565,65.58714910802611,1,0,2
37.27407985278847,4.499724306659677,1,30265.59039523945,5.5825214283669915,11.224811604745186,33,1,0
46.40869050329748,1.917554378739342,1,25325.611662723517,6.740409101916753,116.34954623733904,2,2,0
27.010882384722606,4.901503491319969,1,9718.191983344776,4.857752688635232,48.650996932968056,0,1,1
26.51393606806186,1.3527044922960312,0,23271.305467795446,5.945442019560843,72.09715848709267,13,0,0
41.714007629943815,1.7759905211949096,1,32798.377429082335,3.918238705545839,53.934555209360326,0,0,0
34.53473360588043,4.2751592513140855,1,80215.88424420755,1.2404913239421522,84.60902676996051,7,2,1
30.977435025305056,2.3211727481678928,1,32911.24747449069,5.974008910215703,65.54456131254467,15,2,0
43.68208124376049,4.2751592513140855,1,64323.05861845946,0.4487526596406688,41.817430759648374,7,0,1
40.320382360862446,3.989916368348943,1,24207.468630701263,1.719792526390031,55.39719807896468,28,1,2
34.9296727215338,2.5571144924361655,1,23184.286675014086,6.070999061909724,0.11072392192363356,31,1,1
13.807299652192704,4.850345742013217,0,77345.74585802676,3.9566179358401565,65.31730445684502,46,0,2
15.610356094870843,1.045687616455915,1,34586.0510467842,6.848285948885286,117.2334706197297,50,2,0
15.403342399062439,2.9443002406190386,0,22434.32738593778,7.134216791508216,94.73840516740826,39,0,2
12.11023115037209,1.3732765227493693,1,22336.33711938166,1.7586200684551434,113.73701422263629,22,0,1
15.157438519370045,1.129297616142519,0,94824.30371455976,5.6307974165360095,115.22857307467673,0,0,0
15.611311295548527,1.4143714107246481,0,102673.50960858796,4.720608103553948,116.36175628878934,12,1,1
36.15742663763988,1.6818396200470698,1,23189.788037080485,5.9288448044020505,73.68587555319081,29,0,2
34.978187189719335,1.6818396200470698,0,23189.788037080485,3.9375247308083208,50.91208433413449,30,1,1
27.889954490738162,3.2365014321719783,1,65314.30747318221,3.576593213363135,45.431059016074336,18,1,2
13.807299652192704,4.850345742013217,0,7034.561763174337,3.9566179358401565,36.292565059057594,1,0,2
13.984989433083035,2.41478227832188,0,85108.04483003754,7.095148150365615,94.1339662002411,39,1,2
10.245085800088095,3.2807056776656793,0,35565.38765812179,5.220385869309893,119.12090487015355,30,0,1
15.611311295548527,1.2492406842899137,0,93567.5181758725,5.33034628476881,115.3709463826707,8,1,1
41.6984093915302,4.737493082203086,1,24298.97016952188,0.6052891610689213,119.46994692556069,42,1,2
28.11666086733285,3.031508937362113,1,26345.525734201918,6.789000149341673,50.65379659617853,0,1,0
12.11023115037209,3.1222799317687517,0,26718.13520382451,1.7413383619728484,114.81682057004076,29,0,1
40.30760972092731,4.973398012701983,1,7872.8644477663365,0.5848656966785017,56.831302146982004,0,1,1
34.978187189719335,3.3152815220066403,0,35605.12646082463,3.930295871682297,56.89714116324922,30,1,1
37.970118113013285,3.9839234063237527,0,31541.489961966032,5.176630184264429,42.980988169288,12,1,1
26.60455838263284,4.18007479115752,1,77684.37226816434,3.4120778899530313,59.50299693093251,18,1,0
12.11023115037209,4.155899596585322,1,34751.67554310289,1.9242563895891325,21.021230564106865,28,0,1
15.934372253368014,3.031508937362113,0,26345.525734201918,2.0843680256789128,50.65379659617853,43,1,1
27.793606474645646,1.071970706939007,1,93567.5181758725,6.3748518673352095,115.3709463826707,8,1,0
41.714007629943815,1.7759905211949096,0,32798.377429082335,3.918238705545839,47.896008717212844,0,0,0
43.57687707127136,3.767761880829463,0,80326.27017242585,1.2887477914182222,53.469117574931666,70,0,0
48.014132361445085,1.3417105663769395,0,117528.3042990898,9.650601215643391,5.66468988732916,21,0,2
34.90040829696348,3.947112018405978,1,23189.788037080485,5.391845453278092,50.91208433413449,31,1,1
17.102254285239987,2.2541994717291,1,119740.20770617547,5.505004159860133,84.0758809255687,99,1,1
15.611311295548527,3.235336560464361,0,93567.5181758725,5.186682274967826,115.3709463826707,12,1,1
12.247668566219092,4.4758025812400835,0,45778.13696497284,7.222113122703759,101.38745602264203,60,2,2
35.84136527189179,0.1465880672489822,1,102692.98668829889,4.924942922136816,117.99183219376353,32,1,1
46.7871170034587,1.724566212805692,1,25376.408965049446,7.141326954817289,116.33808090051943,43,2,0
10.812935369118888,3.8518861902738766,0,60849.09612587333,9.806879956351398,103.66137896005485,94,1,2
27.781702955764615,3.0060345171758924,0,55118.247999729545,6.790737747450929,28.939727016389813,19,2,2
46.22068113845058,0.5565428712437132,0,28494.224741567607,6.077595216134819,66.12553168007445,79,2,1
41.44584432909508,4.450816667811824,1,116736.51308643138,5.549466155960011,92.50648885329603,75,1,2
13.807299652192704,4.850345742013217,0,86247.24863296901,3.9566179358401565,65.58714910802611,1,0,2
31.714138692553814,0.06908753330412465,0,106661.27120526745,8.472412030566613,99.84652832360587,91,2,0
49.64731167471719,2.1784004126533576,0,53763.09256634314,7.4686270442132265,22.703508255303003,20,2,0
25.686335881760243,1.744205111365239,0,88866.82697700655,9.840579521699299,67.48251560466018,32,1,2
37.35413709448285,4.499724306659677,1,66950.74406124871,0.3505444154230719,11.224811604745186,29,1,2
21.676068370306616,0.20747442760464863,0,96434.89195223364,4.693563674112472,59.82729462912936,99,0,2
28.19552627552423,4.2751592513140855,1,65136.77073104305,1.2404913239421522,84.60902676996051,95,2,1
12.11023115037209,1.117338846369082,0,34751.67554310289,1.7413383619728484,114.81682057004076,30,0,1
34.4448297852541,0.4469258834660078,1,28301.811270852806,4.261209924160544,9.486428355044403,40,2,2
39.50211989845241,2.3228619236759247,1,23765.086896211957,6.07803484958427,1.687586783588313,65,2,2
26.51393606806186,1.4706233772813748,1,76063.75196791456,5.934003341833481,72.09715848709267,18,0,0
15.403342399062439,2.797496608753795,0,5744.519966203525,7.095148150365615,94.1339662002411,39,0,2
34.89846665480437,0.027410107106809467,0,66153.69668737159,2.647080457370495,90.51431368001765,86,2,2
40.42201366152315,4.973398012701983,1,26480.672364524387,0.6933578049353861,119.481924811939,0,1,2
32.24779053144352,2.0154814314582614,1,54700.79735573329,0.3149636302617498,32.68046059870688,91,0,0
34.22916182109451,3.2365014321719783,0,80393.42098634678,3.835788956655067,45.431059016074336,13,1,2
38.944064557347716,1.5571366907671147,1,98244.50532383638,6.608492372749877,4.928829936200048,30,1,0
37.59268056576126,1.7759905211949096,0,66503.77039831452,3.821600848631758,43.00972333590307,0,0,0
49.64731167471719,0.1660125707024277,0,65561.56962779426,7.666693488646864,9.405406343127623,29,2,0
15.569284018643831,3.235336560464361,0,94822.99198635439,5.191134710416961,111.38018012938507,12,1,1
10.812935369118888,3.6871167426222726,0,105975.70556315011,9.806879956351398,99.83228575502673,94,1,2
15.755823146371451,2.2541994717291,1,118840.28253597053,0.5834080420723695,30.891976270006925,99,0,0
48.014132361445085,4.777882134226354,0,117229.80683655274,9.650601215643391,5.66468988732916,21,0,2
35.84136527189179,0.1465880672489822,1,102692.98668829889,4.924942922136816,112.60233687526964,65,1,1
28.591658546764435,2.8233380160832167,0,93315.4942411962,9.840579521699299,46.00722525797858,32,1,2
34.42620084100746,1.6776935962416437,1,23189.788037080485,5.391845453278092,4.038179767939344,31,1,1
15.403342399062439,2.797496608753795,0,6050.3612887441195,7.095148150365615,94.1339662002411,39,0,2
41.44584432909508,4.450816667811824,1,116736.51308643138,6.031985810212825,92.50648885329603,75,2,2
27.781702955764615,2.8827465392628593,0,55118.247999729545,6.790737747450929,28.939727016389813,25,2,2
41.704684016565885,3.8300317334583087,0,80326.27017242585,7.0702241452579475,50.97413110991463,70,2,0
46.22068113845058,0.5565428712437132,0,31113.813733102415,3.9657281307858963,66.12553168007445,1,2,1
37.35413709448285,4.499724306659677,1,33245.35111070797,0.7079857518897541,11.224811604745186,29,1,2
35.31115514521037,1.7831512491845163,0,54355.219625920465,2.4219465308924404,90.51431368001765,86,2,2
21.71809565476117,0.20747442760464863,0,93517.30656400835,4.689111238663337,59.82729462912936,99,0,2
31.714138692553814,0.26915870222934557,0,61534.21203108101,8.472412030566613,103.67562152863397,91,2,0
32.33131700990983,2.0154814314582614,1,56750.55821898076,5.24871255830776,77.40839841525994,91,1,1
40.42201366152315,1.4853283217211928,1,26030.687462023183,0.6933578049353861,119.481924811939,0,1,2
39.50211989845241,2.3228619236759247,1,23765.086896211957,6.07803484958427,7.1996661717230666,32,2,2
30.356949221524737,1.762772080441045,0,80393.42098634678,3.835788956655067,66.90634936275718,13,1,2
39.41827201330326,3.8265538004038673,1,97158.78441083273,6.608492372749877,49.649832741407295,30,1,0
26.51393606806186,1.4706233772813748,1,75858.58695086083,5.934003341833481,73.54124186336406,18,0,0
25.63817664154375,4.2751592513140855,1,63251.964577344916,1.2404913239421522,84.60902676996051,89,1,1
33.95173982497178,0.4469258834660078,1,28301.811270852806,4.6018145267684005,9.486428355044403,40,2,2
11.557847351370619,4.616978143156201,0,47769.33396507477,1.4409085834029391,101.38745602264203,60,0,2
13.807299652192704,4.850345742013217,0,83627.67029897531,5.983061955680942,65.58714910802611,82,0,2
21.676068370306616,0.2859238680981052,0,96414.90827306978,4.59183590110583,59.82729462912936,99,0,2
43.57687707127136,3.767761880829463,0,80346.25385151082,1.3904816284387251,53.469117574931666,72,0,0
34.90040829696348,3.867136129386833,1,54736.93411980339,5.39760932254638,49.116865528514865,31,1,2
33.95173982497178,0.44053290282844615,1,28539.15530158257,4.6018145267684005,9.486428355044403,37,2,2
21.811080901282995,1.7759905211949096,0,32798.377429082335,3.9517287269786134,47.88316497751868,0,0,0
13.807299652192704,4.850345742013217,0,86247.24863296901,3.9566179358401565,65.58714910802611,2,0,0
40.42201366152315,2.2999724966989423,1,26202.79704245535,0.7794473820946624,119.00305008529948,0,1,2
24.664530370677802,1.117338846369082,1,34751.67554310289,1.9527032848046655,114.81682057004076,99,0,1
11.557847351370619,4.616978143156201,0,49875.465346872814,1.4409085834029391,101.38745602264203,60,0,2
40.42201366152315,4.973398012701983,0,26480.672364524387,0.6933578049353861,61.00174842059381,0,1,2
26.565602512537914,0.15889856285731152,0,64204.88617727419,7.50859169785653,9.916585901516484,18,2,0
30.356949221524737,1.3834321616540413,0,93081.8740609717,9.449078129360004,63.960177502022795,30,1,2
34.507243602024076,3.2154426281485415,0,80393.42098634678,0.7107678176499854,7.8058163448604105,25,1,2
39.50211989845241,2.3228619236759247,1,22028.481553760164,6.07803484958427,4.70566727753101,1,2,2
15.455594008329646,0.05313430512651485,0,7871.806299075746,7.228756066085541,90.51431368001765,86,2,2
49.95608940077861,2.197692162317779,0,53025.12907670293,7.44770236707137,31.071573717529027,20,2,0
37.43380806142387,4.667699081460967,1,21052.583560447172,0.11969106811164254,11.415858220577952,32,1,1
27.781702955764615,3.064803286779382,0,25727.130558882705,6.784973878182617,30.73494582231966,31,2,1
15.569284018643831,3.242324493391748,0,94585.57774716409,5.191134710416961,111.38018012938507,15,1,1
41.57897638278427,0.20747442760464863,0,96434.89195223364,4.6600736526796975,62.37511472483897,99,0,2
26.51393606806186,1.4706233772813748,1,75858.58695086083,5.934003341833481,73.54124186336406,7,0,2
46.22068113845058,0.5580193927494163,0,30941.704152670252,3.674073493980943,60.68780935374829,1,2,1
12.791690518248934,4.2751592513140855,0,65136.77073104305,1.2404913239421522,84.60902676996051,25,2,1
21.177394105252695,0.2859238680981052,1,96414.90827306978,4.59183590110583,117.46521820388188,99,0,2
49.33246948389832,1.4785103841347285,1,72507.06291635902,5.934003341833481,71.6005081890981,32,0,0
28.591658546764435,2.8514216679719326,0,102830.31863807926,4.186746243306491,46.00722525797858,12,1,2
37.07605531355328,4.499724306659677,1,33245.35111070797,3.8331309822873463,48.85725970028375,13,1,2
37.59268056576126,1.7759905211949096,0,68240.40366333356,3.821600848631758,45.26845433306685,31,0,0
33.32606011608033,2.797496608753795,0,64380.66560363307,2.513473144837752,94.1339662002411,39,0,2
15.403342399062439,2.778204859089374,0,6506.682056688969,7.580090484267966,83.91741016272323,39,0,2
34.34652987406644,1.5053405715726584,1,66950.74406124871,5.735145337075933,3.8471356241213184,29,1,2
27.121319572107485,3.235336560464361,0,93954.39264503028,5.191134710416961,111.38018012938507,12,1,1
34.17250675304177,3.234588596396225,1,25221.732580629458,5.391845453278092,109.80507567206703,31,1,1
37.43380806142387,4.763027437875612,1,20784.203192329496,5.656221129075677,70.35229051940243,32,1,1
49.971068394661906,2.197692162317779,0,53025.12907670293,7.44770236707137,31.071573717529027,25,2,0
37.07605531355328,4.604129317099488,1,33230.912278220654,3.8331309822873463,47.83421044871621,13,1,2
26.51393606806186,1.4706233772813748,1,76063.75196791456,5.934003341833481,74.39303221663289,16,0,0
15.403342399062439,2.471036711202603,0,5907.495344086667,3.958971802294357,94.1339662002411,39,2,2
37.35413709448285,4.531763372050049,1,59487.229432543405,0.7845714615860913,5.937409290532645,29,1,2
13.807299652192704,4.913362817989338,0,86247.24863296901,5.934471706368902,5.387310306765878,12,0,0
34.71846892800667,1.6961685462143294,1,26202.79704245535,1.1987122012619955,115.89675246020278,0,1,2
39.67414456475628,0.2859238680981052,0,96414.90827306978,4.59183590110583,59.82729462912936,99,0,2
21.81232035571149,1.764391606855081,0,32798.377429082335,5.9058841861783185,48.07149154658501,0,0,0
16.031240916343855,2.7832322936099274,0,26480.672364524387,7.161085396673714,60.68961805061279,0,1,2
37.59268056576126,1.7759905211949096,0,68240.40366333356,3.821600848631758,33.84876992375362,31,0,0
47.09949962036262,1.6137567703661246,1,26456.53275391403,0.6937456572466094,119.481924811939,0,1,2
15.359377144662997,3.9478599824708387,0,94822.99198635439,5.191134710416961,58.151591726205666,12,1,1
49.33246948389832,1.3719355445444381,1,72775.52175059085,0.44697077450316947,4.140665646980224,32,0,0
27.781702955764615,2.8827465392628593,0,55118.247999729545,6.790737747450929,28.939727016389813,20,2,2
41.714007629943815,1.669868830637045,0,32621.385690435964,3.918238705545839,49.186217252744235,0,0,0
37.35413709448285,4.499724306659677,1,33245.35111070797,0.7079857518897541,11.952681106596085,29,1,2
46.22068113845058,0.4061419560223334,0,30951.867026943553,7.101904476095445,63.9281414931876,6,0,1
27.781702955764615,3.0327492876847266,0,24490.34117864987,6.36847374999067,28.642994003458753,29,2,1
39.50211989845241,2.2301605137212057,1,22028.481553760164,4.100181079055472,66.82572580161595,0,2,2
40.12974557451474,2.4214260974680046,1,23189.788037080485,4.973141051430466,6.140186661369874,31,1,1
19.79351968253821,1.7759905211949096,0,66503.77039831452,3.821600848631758,43.00972333590307,0,0,0
26.512696613633395,1.4706233772813748,1,75858.58695086083,3.979847882633839,75.81916986476493,18,0,0
39.79526276681524,4.957020058392089,0,6050.3612887441195,0.17695147605255523,94.44609630960107,39,0,2
49.64731167471719,0.968265297590619,0,53763.09256634314,7.4686270442132265,22.19257209355129,20,2,0
40.109618771353084,4.979540476364731,1,25400.548575659803,7.145537571559887,116.33808090051943,43,2,0
36.166251139820176,4.667699081460967,1,21052.583560447172,0.7822649977203817,12.190693320083682,1,1,1
40.42201366152315,2.2999724966989423,1,26202.79704245535,0.1169680480050056,116.7801449582398,32,1,2
37.43380806142387,4.763027437875612,1,20784.203192329496,5.656221129075677,70.35229051940243,31,1,1
49.343776812225215,2.1900187332373746,0,62122.44759663347,7.493728530207978,27.5511685409475,20,2,0
37.2981479008417,1.7759905211949096,0,71436.37500172778,3.9674528186388955,66.65401752709207,0,0,1
26.319319848055507,1.4706233772813748,1,68324.31884268671,5.934003341833481,49.621305384679644,28,0,0
40.32839414370896,1.764391606855081,0,30199.695672712016,6.1712471011126135,37.16014149372833,0,0,0
34.90040829696348,3.899721879406869,1,11121.592155987242,5.275346123631513,101.92601285190055,31,1,1
19.79351968253821,1.7759905211949096,0,39784.57174902508,3.763534048227344,43.00972333590307,1,0,0
35.98243151593049,4.667699081460967,1,21052.583560447172,0.7822649977203817,12.190693320083682,32,1,1
47.09949962036262,1.6505083495657304,1,25182.891918489717,0.7330525851487857,119.481924811939,0,1,1
40.12974557451474,1.469881309565347,1,23189.788037080485,4.973141051430466,6.140186661369874,33,1,1
46.39839647533719,1.4706233772813748,1,36043.87296141802,5.869954726124699,74.39303221663289,16,0,0
37.07605531355328,4.493449636205195,1,73279.23298638384,3.8331309822873463,48.85725970028375,13,1,2
46.7871170034587,2.393367271830984,1,25376.408965049446,7.146608089373682,6.5119876100235174,43,0,0
31.430050025084505,2.8827465392628593,0,55118.247999729545,6.017648281294674,28.939727016389813,28,0,2
34.41583586110958,1.6961685462143294,0,26202.79704245535,1.1987122012619955,115.89675246020278,0,1,2
34.42620084100746,1.6844847070651805,1,23189.788037080485,5.152293210345771,11.987898384796935,32,1,1
21.869135178094723,1.7836639502753142,0,32798.377429082335,4.113559296317078,47.88316497751868,0,0,0
46.22068113845058,0.5565428712437132,0,31113.813733102415,3.8198761607787586,42.48123748890356,1,2,0
41.90862019112071,1.669868830637045,0,33403.84973177343,3.918238705545839,71.6620703551569,0,0,0
21.905936975851123,2.2999724966989423,1,32289.141583915312,0.5246946456662247,119.00305008529948,0,1,2
40.109618771353084,4.680097990108993,1,25400.548575659803,7.262036901169641,52.975625541977635,38,2,0
37.21840716173249,2.137723859051457,1,22028.481553760164,6.136101649990556,4.70566727753101,0,2,2
49.431104439644145,1.3719355445444381,1,72775.52175059085,0.44697077450316947,4.140665646980224,1,0,0
34.17250675304177,3.234588596396225,1,26495.37341605377,5.3536924222258016,109.80507567206703,34,1,2
26.512696613633395,2.422168165186546,1,75858.58695086083,3.979847882633839,75.81916986476493,21,0,0
26.333315392968792,0.4061419560223334,0,76331.02052822354,7.639064339216093,63.9281414931876,6,0,1
37.07605531355328,4.610403987553969,1,31656.587033052318,3.8331309822873463,47.83421044871621,10,1,2
13.807299652192704,4.913362817989338,0,86247.24863296901,5.929190571812491,114.94995016135664,12,2,0
47.488768682267946,1.4785103841347285,1,72507.06291635902,5.934003341833481,71.6005081890981,24,2,0
42.01664069401805,1.7759905211949096,1,32798.377429082335,3.918238705545839,47.896008717212844,0,0,0
41.714007629943815,1.7759905211949096,0,32798.377429082335,3.918238705545839,47.896008717212844,0,0,0
43.57687707127136,3.767761880829463,0,80326.27017242585,1.2887477914182222,53.469117574931666,70,0,0
48.014132361445085,1.3417105663769395,0,117528.3042990898,9.650601215643391,5.66468988732916,21,0,2
34.90040829696348,3.947112018405978,1,23189.788037080485,5.391845453278092,50.91208433413449,31,1,1
17.102254285239987,2.2541994717291,1,119740.20770617547,5.505004159860133,84.0758809255687,99,1,1
15.611311295548527,3.235336560464361,0,93567.5181758725,5.186682274967826,115.3709463826707,12,1,1
12.247668566219092,4.4758025812400835,0,45778.13696497284,7.222113122703759,101.38745602264203,60,2,2
35.84136527189179,0.1465880672489822,1,102692.98668829889,4.924942922136816,117.99183219376353,32,1,1
46.7871170034587,1.724566212805692,1,25376.408965049446,7.141326954817289,116.33808090051943,43,2,0
10.812935369118888,3.8518861902738766,0,60849.09612587333,9.806879956351398,103.66137896005485,94,1,2
27.781702955764615,3.0060345171758924,0,55118.247999729545,6.790737747450929,28.939727016389813,19,2,2
46.22068113845058,0.5565428712437132,0,28494.224741567607,6.077595216134819,66.12553168007445,79,2,1
41.44584432909508,4.450816667811824,1,116736.51308643138,5.549466155960011,92.50648885329603,75,1,2
13.807299652192704,4.850345742013217,0,86247.24863296901,3.9566179358401565,65.58714910802611,1,0,2
31.714138692553814,0.06908753330412465,0,106661.27120526745,8.472412030566613,99.84652832360587,91,2,0
49.64731167471719,2.1784004126533576,0,53763.09256634314,7.4686270442132265,22.703508255303003,20,2,0
25.686335881760243,1.744205111365239,0,88866.82697700655,9.840579521699299,67.48251560466018,32,1,2
37.35413709448285,4.499724306659677,1,66950.74406124871,0.3505444154230719,11.224811604745186,29,1,2
21.676068370306616,0.20747442760464863,0,96434.89195223364,4.693563674112472,59.82729462912936,99,0,2
28.19552627552423,4.2751592513140855,1,65136.77073104305,1.2404913239421522,84.60902676996051,95,2,1
12.11023115037209,1.117338846369082,0,34751.67554310289,1.7413383619728484,114.81682057004076,30,0,1
34.4448297852541,0.4469258834660078,1,28301.811270852806,4.261209924160544,9.486428355044403,40,2,2
39.50211989845241,2.3228619236759247,1,23765.086896211957,6.07803484958427,1.687586783588313,65,2,2
26.51393606806186,1.4706233772813748,1,76063.75196791456,5.934003341833481,72.09715848709267,18,0,0
15.403342399062439,2.797496608753795,0,5744.519966203525,7.095148150365615,94.1339662002411,39,0,2
34.89846665480437,0.027410107106809467,0,66153.69668737159,2.647080457370495,90.51431368001765,86,2,2
40.42201366152315,4.973398012701983,1,26480.672364524387,0.6933578049353861,119.481924811939,0,1,2
32.24779053144352,2.0154814314582614,1,54700.79735573329,0.3149636302617498,32.68046059870688,91,0,0
34.22916182109451,3.2365014321719783,0,80393.42098634678,3.835788956655067,45.431059016074336,13,1,2
38.944064557347716,1.5571366907671147,1,98244.50532383638,6.608492372749877,4.928829936200048,30,1,0
13.852852294894548,1.7759905211949096,0,96063.6654268731,5.195472278928335,47.896008717212844,3,0,0
48.00006228821966,2.0877315482448577,1,25376.408965049446,5.618792236814996,116.54465051792785,43,1,0
27.948634812915945,3.0060345171758924,0,98405.5031272825,7.089872980674347,28.939727016389813,19,2,2
43.57687707127136,0.09144098031409342,0,80326.27017242585,8.117323413869398,101.46023080840996,70,0,0
48.05948872021479,4.3514223814439,0,48397.44985408285,7.2523280756330415,101.38745602264203,60,2,2
34.22916182109451,3.2365014321719783,0,80393.42098634678,3.144613455370033,42.47232349169737,13,0,2
39.50211989845241,2.269913924519077,1,25851.989936751714,6.07803484958427,1.687586783588313,95,2,2
13.807299652192704,4.956086551577929,0,86247.24863296901,4.256020322228766,65.58714910802611,40,0,2
35.84136527189179,0.1465880672489822,1,95956.41574679954,4.924942922136816,118.3352085550971,32,1,1
10.812935369118888,2.2595613073898937,0,60849.09612587333,9.806879956351398,103.66137896005485,88,1,2
49.64731167471719,2.1784004126533576,0,53763.09256634314,7.441484655613451,59.19044966690077,20,2,0
27.059106311583157,3.7293112919421576,1,24543.3287340778,5.391845453278092,51.87300178927228,19,1,1
37.3435892981276,4.499724306659677,0,66950.74406124871,0.4993587816759333,11.224811604745186,29,2,2
45.857163971687044,0.5565428712437132,0,28500.179152023215,0.23169472208192454,110.26608431297547,79,2,1
40.46646008769715,3.235336560464361,0,30302.002467897815,3.90944870158533,115.3709463826707,12,1,1
41.35231138525752,4.450816667811824,1,116736.51308643138,7.072000873961722,92.2913101416102,75,2,2
38.77713269586274,1.5571366907671147,1,54957.23811204758,6.79174281682349,4.928829936200048,30,1,0
32.195510651561705,3.6916477540265387,0,106661.27120526745,1.6442377306995293,51.85524504836819,91,2,0
12.178614065774372,1.4656463607804089,0,114518.54223215027,9.619736591675117,5.66468988732916,21,0,2
32.24779053144352,2.0154814314582614,1,54700.79735573329,0.09945070193346006,32.68046059870688,91,1,0
28.19552627552423,4.224145114271312,1,63049.870542729535,1.2404913239421522,84.60902676996051,65,2,1
14.936650524565964,2.718936828728166,0,5744.519966203525,7.095148150365615,94.1339662002411,33,0,2
35.807184696576584,0.21166626785336096,1,28301.811270852806,3.0318200484531728,9.486428355044403,4,2,2
12.11023115037209,1.3471586109078104,0,34751.67554310289,1.907326775102629,114.81682057004076,35,0,1
17.102254285239987,3.8465243386268706,1,118715.47260891908,5.505004159860133,84.0758809255687,99,1,1
21.676068370306616,0.2469552508200884,0,96434.89195223364,4.693563674112472,21.94236806165369,99,0,2
35.14158737791139,1.751661623495702,1,74710.24455007297,5.934003341833481,71.13624103195465,30,0,0
34.909014451159635,0.027410107106809467,1,58209.33607659701,2.4987076391976224,84.12696494547096,86,1,2
37.02472989292801,4.973398012701983,1,26474.71795406878,5.895349104495841,66.13249496781121,2,1,2
22.880339882822987,0.30344885601847915,0,46167.26367042595,4.65328260060695,60.61938578169438,99,2,2
48.00006228821966,2.097963341893921,1,25786.601284939694,5.618792236814996,116.54465051792785,43,1,0
14.936650524565964,3.242063982288561,0,5744.519966203525,7.090083900302985,92.90056702477807,33,0,2
49.64731167471719,2.317422188472005,0,107782.39129475493,6.495164062212151,50.611796662027686,17,2,0
35.1792999830958,0.1465880672489822,1,102692.98668829889,4.882825342730841,117.99183219376353,1,1,1
35.807184696576584,0.21166626785336096,1,28918.98622974154,3.0690910078387033,117.7706688450007,4,2,2
34.22916182109451,3.2365014321719783,0,80393.42098634678,3.144613455370033,42.43953467657459,13,0,2
10.281339017877936,1.4662851487054631,0,75025.60962532304,9.937914009641927,4.209795344306258,30,0,0
34.22916182109451,3.1420501347008463,0,97352.7655563773,4.125359721870555,47.88105082481766,16,2,2
15.109211589796358,2.3440639353844426,1,119740.20770617547,5.489142978293172,66.14774306905565,99,1,1
40.42201366152315,4.973398012701983,1,24480.537680625082,0.6933578049353861,32.91211639052564,0,0,2
14.475855495798093,1.8816145954309715,0,98251.0793382581,5.201591492944227,47.896008717212844,3,0,0
27.781702955764615,2.980540426257855,0,37137.52306512775,7.088989860129219,109.80536149417821,19,2,2
26.809295753731192,2.8336016548312526,0,15647.90168912206,5.9353012467390585,70.59650713362193,37,0,2
27.045223057958214,3.250250377915941,1,95051.57413981887,5.391845453278092,117.23464027625667,14,1,1
13.807299652192704,4.913387445243361,0,85837.10823402408,4.256020322228766,65.58714910802611,32,0,2
12.11023115037209,1.117338846369082,0,34751.67554310289,1.7413383619728484,113.31958720025602,30,0,1
40.46646008769715,2.7122094069039653,0,30302.002467897815,3.9145129487306614,116.59242721567436,12,1,1
32.195510651561705,3.64041070758095,0,52638.35049447651,1.8878968109246594,53.621684428686656,94,2,0
13.493905788030624,4.850345742013217,0,86247.24863296901,3.9566179358401565,65.58714910802611,33,0,2
35.84136527189179,0.1465880672489822,1,95956.41574679954,4.887671962754279,8.817501933057308,32,1,1
42.82976540892465,1.7759905211949096,0,32798.377429082335,3.918238705545839,47.928797532335615,0,0,0
38.10790962817032,1.751022835570648,1,113911.35815238736,5.934003341833481,72.86991769919152,21,0,2
27.948634812915945,3.010201164520719,0,76886.43111797635,6.800302212493362,28.939727016389813,19,1,2
40.875043969275474,4.89636984233158,1,26474.71795406878,6.327714972437154,84.06063282432245,2,1,2
32.24779053144352,2.0154814314582614,1,56700.93240418062,0.3149636302617498,119.14400699963618,91,1,0
34.66018140815904,3.947112018405978,1,21002.730662463066,5.3857262392622,50.91208433413449,31,1,1
12.11023115037209,1.372652706716416,0,52732.40047771664,1.8441438263663392,32.380578323180245,37,0,1
15.107995167019284,1.4345183318090362,1,76063.75196791456,7.093850245460032,95.63461753101323,20,0,0
15.625197738405106,3.7143974744905752,0,23059.520242530918,5.186682274967826,44.5107207349548,18,1,1
35.84136527189179,0.1465880672489822,1,74167.46643421738,4.915852080337519,70.7835551130784,32,1,1
46.62689091384729,1.7756521783957693,0,98073.02743497114,5.195472278928335,114.54374283184623,2,1,0
10.281339017877936,1.4702663184734375,0,34541.55018414155,9.44335263233538,112.10381870992501,30,0,1
42.50043790027287,1.7759905211949096,0,32798.377429082335,3.918238705545839,47.896008717212844,0,0,0
35.14158737791139,1.8141984906697408,1,95270.08919032378,5.934003341833481,68.10184677190459,31,1,1
14.936650524565964,2.718936828728166,0,5744.519966203525,7.095148150365615,96.41280064411829,1,0,2
13.807299652192704,4.523885821252973,0,30659.139890601993,3.914422045264125,65.58714910802611,12,0,2
12.11023115037209,1.4359003177603515,0,66557.62507256835,2.183970151431144,25.69418672114477,38,0,1
13.807299652192704,4.952833360862737,0,85837.10823402408,5.526569054150897,66.20972379140856,32,0,2
16.518983654904364,3.235371144549579,0,93567.5181758725,3.32998843550845,114.27616820768026,12,1,1
41.668303110171195,4.89636984233158,1,26474.71795406878,6.327714972437154,84.06063282432245,3,1,2
34.66049271342336,0.14126477133134585,1,74167.46643421738,5.379060934407836,51.057938052268874,32,1,1
12.474554733296685,1.1150228581994575,1,76063.75196791456,5.977190860362264,71.69470719274548,18,0,0
27.059106311583157,3.7293112919421576,1,24543.3287340778,5.391845453278092,51.87300178927228,9,1,0
37.02472989292801,4.973398012701983,1,26474.71795406878,5.895349104495841,81.57434053820421,2,0,2
39.38374929723963,1.0957250154069738,0,112058.10773283371,1.7386021355027563,113.31958720025602,45,0,1
14.253736449617952,2.0983016846930616,1,25786.601284939694,5.618792236814996,55.346408017170795,43,0,0
12.11023115037209,1.343177441139836,0,75235.73507253508,2.2912188986297624,1.5508388933879234,35,0,0
35.84136527189179,0.09352568246084769,1,75204.90106401371,4.924942922136816,119.54300156845547,30,0,0
42.82976540892465,1.7759905211949096,0,32798.377429082335,3.918238705545839,48.65666703088669,40,0,0
40.46646008769715,2.5420041455459526,0,85890.11541092029,3.9567088393066925,114.3950368966204,1,1,1
15.107995167019284,1.371270720765101,1,53538.12387883644,6.754037772361187,93.5376312853409,20,0,0
48.00006228821966,1.984094084848982,1,25376.408965049446,4.348243504892864,117.24116595688058,43,1,0
33.32162785959069,3.376375056490558,0,80393.42098634678,5.00130729483382,43.397242293509265,14,0,2
35.24600029186946,0.1465880672489822,1,95956.41574679954,4.887671962754279,8.817501933057308,31,1,1
35.84105396662748,3.947112018405978,1,21002.730662463066,4.922517385191884,73.10401025217462,31,1,1
26.153128115335345,1.4729393654509997,0,34751.67554310289,0.9119181139845336,115.18408484395252,30,0,1
46.7871170034587,1.724566212805692,1,25376.408965049446,7.141326954817289,116.33808090051943,38,2,1
14.936650524565964,2.0315617372933787,0,5744.519966203525,7.090083900302985,65.52638775157561,31,1,2
11.104680381628002,1.8228577916041941,1,36482.18561702892,5.936743862649102,72.86991769919152,23,0,2
14.416916708563763,3.235336560464361,0,93567.5181758725,5.195403320743251,42.94506112584222,12,1,1
42.82976540892465,1.7759905211949096,0,32804.14478273412,3.918238705545839,48.65666703088669,40,0,0
12.314835529829569,2.0076272904938293,1,25774.23763551909,5.649581093626875,87.22003726807193,43,0,0
27.673791390802563,2.165082942195214,1,23335.50913206345,5.391845453278092,51.87300178927228,46,1,0
24.125888095425083,1.7754526547221672,1,32766.36264419043,4.530733556764108,50.35563064855195,0,0,0
14.936650524565964,2.674757798825197,0,5397.399770331763,5.924728416146596,89.38047040890154,34,0,2
15.107995167019284,1.426590404926145,0,2021.6758235344641,6.753136155169302,77.79011753878633,20,0,2
14.936650524565964,2.718936828728166,0,25067.87699889922,7.384376255359212,99.3681560411998,1,0,2
35.44042518435094,4.433636486731148,0,75204.90106401371,5.297641271260057,119.38270957419408,9,0,0
15.107995167019284,1.4345183318090362,1,76063.75196791456,7.093850245460032,98.27737477598504,20,0,0
12.11023115037209,4.961305700081957,1,34850.72110894053,1.7413383619728484,113.31958720025602,0,0,1
11.876078388134271,1.117338846369082,0,34751.67554310289,1.7413383619728484,64.95683018239083,30,0,1
26.677778690371543,1.7465996929022323,1,76063.75196791456,5.934003341833481,72.09715848709267,18,0,0
41.668303110171195,4.89636984233158,1,80122.18258113289,6.327714972437154,90.40550453971713,3,0,2
42.43488424132213,1.6292268475531078,0,32798.377429082335,3.918238705545839,46.52225770551942,0,0,0
13.314789937980098,1.4662851487054631,0,75019.8424683058,9.937914009641927,4.209795344306258,35,0,0
42.91142623769436,4.89636984233158,1,22984.730509893383,6.296926115625276,52.18700352348293,3,1,2
48.00006228821966,3.6253751015905107,1,25786.601284939694,5.618792236814996,116.54465051792785,6,1,0
11.926099441758211,1.4702663184734375,0,34541.55018414155,8.863411871665981,112.10381870992501,40,0,1
45.759587951292154,3.6213665057980986,0,24575.343518969712,5.391845453278092,51.87300178927228,19,1,1
11.104680381628002,1.4124430438161975,1,36482.18561702892,7.1071635968681095,72.86991769919152,22,0,2
14.936650524565964,3.186744311603042,1,57931.98184476996,7.090985517494871,93.54765969673461,33,0,0
46.7871170034587,1.724566212805692,1,6053.246655310826,7.141326954817289,103.76732804132207,43,2,0
11.191923076375641,0.22011119849347383,1,30659.139890601993,3.916505514667734,65.58714910802611,30,0,2
32.80462566396751,1.7759905211949096,0,33680.12131728404,3.918238705545839,47.896008717212844,0,0,0
37.02472989292801,1.0293091988645764,0,26375.67238823114,5.895349104495841,81.57434053820421,31,0,2
15.594319829069526,4.850345742013217,0,86247.24863296901,3.9566179358401565,119.9986048878362,0,0,2
34.9777447555976,1.4756853078748446,1,74710.24455007297,5.934003341833481,71.13624103195465,30,0,0
34.22916182109451,3.2365014321719783,0,26745.97080328763,3.144613455370033,40.31956081114558,13,1,2
40.48756732047389,4.999079026348412,1,24480.537680625082,0.6933578049353861,59.836444376508894,0,0,2
37.83104532259755,4.89636984233158,1,30220.083807794363,6.327714972437154,1.7145632836350444,2,1,2
