bandwidth,cruise_speed,firm_obstacle,illuminance,obstacle_distance,obstacle_size,power,quality,smoke_intensity
12.320089124164223,1.3902669843949067,1,68232.80246561176,6.662359470816458,44.61281621824746,87,0,0
12.320089124164223,1.3902669843949067,1,68232.80246561176,6.662359470816458,44.61281621824746,49,0,0
12.320089124164223,1.3902669843949067,1,68232.80246561176,6.662359470816458,44.61281621824746,55,0,0
12.320089124164223,1.3902669843949067,1,68232.80246561176,6.662359470816458,44.61281621824746,23,0,0
12.320089124164223,1.3902669843949067,1,68232.80246561176,6.662359470816458,44.61281621824746,39,0,0
12.320089124164223,1.3902669843949067,1,68232.80246561176,6.662359470816458,44.61281621824746,6,0,0
12.320089124164223,1.3902669843949067,1,68232.80246561176,6.662359470816458,44.61281621824746,36,0,0
12.320089124164223,1.3902669843949067,1,68232.80246561176,6.662359470816458,44.61281621824746,71,0,0
12.320089124164223,1.3902669843949067,1,68232.80246561176,6.662359470816458,44.61281621824746,76,0,0
12.320089124164223,1.3902669843949067,1,68232.80246561176,6.662359470816458,44.61281621824746,82,0,0
12.320089124164223,1.3902669843949067,1,68232.80246561176,6.662359470816458,44.61281621824746,49,0,0
12.320089124164223,1.3902669843949067,1,68232.80246561176,6.662359470816458,44.61281621824746,55,0,0
12.320089124164223,1.3902669843949067,1,68232.80246561176,6.662359470816458,44.61281621824746,95,0,0
12.320089124164223,1.3902669843949067,1,68232.80246561176,6.662359470816458,44.61281621824746,64,0,0
12.320089124164223,1.3902669843949067,1,68232.80246561176,6.662359470816458,44.61281621824746,68,0,0
12.320089124164223,1.3902669843949067,1,68232.80246561176,6.662359470816458,44.61281621824746,17,0,0
12.320089124164223,1.3902669843949067,1,68232.80246561176,6.662359470816458,44.61281621824746,93,0,0
12.320089124164223,1.3902669843949067,1,68232.80246561176,6.662359470816458,44.61281621824746,55,0,0
12.320089124164223,1.3902669843949067,1,68232.80246561176,6.662359470816458,44.61281621824746,6,0,0
12.320089124164223,1.3902669843949067,1,68232.80246561176,6.662359470816458,44.61281621824746,17,0,0
12.320089124164223,1.3902669843949067,1,68232.80246561176,6.662359470816458,44.61281621824746,90,0,0
12.320089124164223,1.3902669843949067,1,68232.80246561176,6.662359470816458,44.61281621824746,51,0,0
12.320089124164223,1.3902669843949067,1,68232.80246561176,6.662359470816458,44.61281621824746,79,0,0
12.320089124164223,1.3902669843949067,1,68232.80246561176,6.662359470816458,44.61281621824746,34,0,0
12.320089124164223,1.3902669843949067,1,68232.80246561176,6.662359470816458,44.61281621824746,9,0,0
12.320089124164223,1.3902669843949067,1,68232.80246561176,6.662359470816458,44.61281621824746,97,0,0
12.320089124164223,1.3902669843949067,1,68232.80246561176,6.662359470816458,44.61281621824746,95,0,0
12.320089124164223,1.3902669843949067,1,68232.80246561176,6.662359470816458,44.61281621824746,52,0,0
12.320089124164223,1.3902669843949067,1,68232.80246561176,6.662359470816458,44.61281621824746,29,0,0
12.320089124164223,1.3902669843949067,1,68232.80246561176,6.662359470816458,44.61281621824746,20,0,0
43.33440436606379,1.2865209995218145,1,9451.097597165031,8.005625322819187,0.5306146078717511,34,1,1
43.33440436606379,2.7519713030082538,1,9451.097597165031,8.005625322819187,0.5306146078717511,34,1,1
43.33440436606379,4.241137732666677,1,9451.097597165031,8.005625322819187,0.5306146078717511,34,1,1
43.33440436606379,1.6857533823865112,1,9451.097597165031,8.005625322819187,0.5306146078717511,34,1,1
43.33440436606379,4.5220486208290955,1,9451.097597165031,8.005625322819187,0.5306146078717511,34,1,1
43.33440436606379,1.2017132955939935,1,9451.097597165031,8.005625322819187,0.5306146078717511,34,1,1
43.33440436606379,4.586377357669866,1,9451.097597165031,8.005625322819187,0.5306146078717511,34,1,1
43.33440436606379,3.6448554298895726,1,9451.097597165031,8.005625322819187,0.5306146078717511,34,1,1
43.33440436606379,4.6599336060635,1,9451.097597165031,8.005625322819187,0.5306146078717511,34,1,1
43.33440436606379,4.753553457571328,1,9451.097597165031,8.005625322819187,0.5306146078717511,34,1,1
43.33440436606379,0.8005493858662466,1,9451.097597165031,8.005625322819187,0.5306146078717511,34,1,1
43.33440436606379,3.510344546216996,1,9451.097597165031,8.005625322819187,0.5306146078717511,34,1,1
43.33440436606379,1.198787040766482,1,9451.097597165031,8.005625322819187,0.5306146078717511,34,1,1
43.33440436606379,3.0691675443707607,1,9451.097597165031,8.005625322819187,0.5306146078717511,34,1,1
43.33440436606379,1.2772713160383853,1,9451.097597165031,8.005625322819187,0.5306146078717511,34,1,1
43.33440436606379,2.304997329760444,1,9451.097597165031,8.005625322819187,0.5306146078717511,34,1,1
43.33440436606379,1.963713594012812,1,9451.097597165031,8.005625322819187,0.5306146078717511,34,1,1
43.33440436606379,0.32434467921760357,1,9451.097597165031,8.005625322819187,0.5306146078717511,34,1,1
43.33440436606379,3.131361987363616,1,9451.097597165031,8.005625322819187,0.5306146078717511,34,1,1
43.33440436606379,3.379582901211772,1,9451.097597165031,8.005625322819187,0.5306146078717511,34,1,1
43.33440436606379,4.3968833605016355,1,9451.097597165031,8.005625322819187,0.5306146078717511,34,1,1
43.33440436606379,3.564985319286786,1,9451.097597165031,8.005625322819187,0.5306146078717511,34,1,1
43.33440436606379,0.9558363355512806,1,9451.097597165031,8.005625322819187,0.5306146078717511,34,1,1
43.33440436606379,3.101042288738633,1,9451.097597165031,8.005625322819187,0.5306146078717511,34,1,1
43.33440436606379,2.350500897667293,1,9451.097597165031,8.005625322819187,0.5306146078717511,34,1,1
43.33440436606379,1.4209777420596337,1,9451.097597165031,8.005625322819187,0.5306146078717511,34,1,1
43.33440436606379,0.5370671361323703,1,9451.097597165031,8.005625322819187,0.5306146078717511,34,1,1
43.33440436606379,0.30936285494512106,1,9451.097597165031,8.005625322819187,0.5306146078717511,34,1,1
43.33440436606379,3.9622511214035883,1,9451.097597165031,8.005625322819187,0.5306146078717511,34,1,1
43.33440436606379,1.5390657449337426,1,9451.097597165031,8.005625322819187,0.5306146078717511,34,1,1
21.05264039652878,3.1283935806785106,0,54892.72241504662,0.17862971525995808,25.226502004271264,74,0,1
40.936228081399264,3.1283935806785106,0,54892.72241504662,0.17862971525995808,25.226502004271264,74,0,1
37.9963068991129,3.1283935806785106,0,54892.72241504662,0.17862971525995808,25.226502004271264,74,0,1
19.405228953321938,3.1283935806785106,0,54892.72241504662,0.17862971525995808,25.226502004271264,74,0,1
39.589424595277016,3.1283935806785106,0,54892.72241504662,0.17862971525995808,25.226502004271264,74,0,1
37.32607614085297,3.1283935806785106,0,54892.72241504662,0.17862971525995808,25.226502004271264,74,0,1
29.414742739501285,3.1283935806785106,0,54892.72241504662,0.17862971525995808,25.226502004271264,74,0,1
32.38899417050996,3.1283935806785106,0,54892.72241504662,0.17862971525995808,25.226502004271264,74,0,1
47.08387199367071,3.1283935806785106,0,54892.72241504662,0.17862971525995808,25.226502004271264,74,0,1
33.84791783020104,3.1283935806785106,0,54892.72241504662,0.17862971525995808,25.226502004271264,74,0,1
49.86034694956047,3.1283935806785106,0,54892.72241504662,0.17862971525995808,25.226502004271264,74,0,1
34.696793359764435,3.1283935806785106,0,54892.72241504662,0.17862971525995808,25.226502004271264,74,0,1
30.41555510551321,3.1283935806785106,0,54892.72241504662,0.17862971525995808,25.226502004271264,74,0,1
20.160905927610532,3.1283935806785106,0,54892.72241504662,0.17862971525995808,25.226502004271264,74,0,1
30.531012491807385,3.1283935806785106,0,54892.72241504662,0.17862971525995808,25.226502004271264,74,0,1
43.43817508354834,3.1283935806785106,0,54892.72241504662,0.17862971525995808,25.226502004271264,74,0,1
10.071446756132826,3.1283935806785106,0,54892.72241504662,0.17862971525995808,25.226502004271264,74,0,1
18.725173455504173,3.1283935806785106,0,54892.72241504662,0.17862971525995808,25.226502004271264,74,0,1
48.646287177881106,3.1283935806785106,0,54892.72241504662,0.17862971525995808,25.226502004271264,74,0,1
27.711601735040226,3.1283935806785106,0,54892.72241504662,0.17862971525995808,25.226502004271264,74,0,1
44.62525162282025,3.1283935806785106,0,54892.72241504662,0.17862971525995808,25.226502004271264,74,0,1
24.38643886889954,3.1283935806785106,0,54892.72241504662,0.17862971525995808,25.226502004271264,74,0,1
39.332262971851875,3.1283935806785106,0,54892.72241504662,0.17862971525995808,25.226502004271264,74,0,1
37.91536987971503,3.1283935806785106,0,54892.72241504662,0.17862971525995808,25.226502004271264,74,0,1
18.176718905375235,3.1283935806785106,0,54892.72241504662,0.17862971525995808,25.226502004271264,74,0,1
13.308034527788731,3.1283935806785106,0,54892.72241504662,0.17862971525995808,25.226502004271264,74,0,1
19.52656803115878,3.1283935806785106,0,54892.72241504662,0.17862971525995808,25.226502004271264,74,0,1
29.761429023856127,3.1283935806785106,0,54892.72241504662,0.17862971525995808,25.226502004271264,74,0,1
43.282450463673705,3.1283935806785106,0,54892.72241504662,0.17862971525995808,25.226502004271264,74,0,1
18.101780091267152,3.1283935806785106,0,54892.72241504662,0.17862971525995808,25.226502004271264,74,0,1
46.017614250168556,0.9405147679981984,0,3250.471873833741,7.033327854829491,114.07131148138407,90,2,2
46.017614250168556,0.9405147679981984,0,3250.471873833741,7.033327854829491,114.07131148138407,90,0,2
46.017614250168556,0.9405147679981984,0,3250.471873833741,7.033327854829491,114.07131148138407,90,0,2
46.017614250168556,0.9405147679981984,0,3250.471873833741,7.033327854829491,114.07131148138407,90,2,2
46.017614250168556,0.9405147679981984,0,3250.471873833741,7.033327854829491,114.07131148138407,90,1,2
46.017614250168556,0.9405147679981984,0,3250.471873833741,7.033327854829491,114.07131148138407,90,0,2
46.017614250168556,0.9405147679981984,0,3250.471873833741,7.033327854829491,114.07131148138407,90,2,2
46.017614250168556,0.9405147679981984,0,3250.471873833741,7.033327854829491,114.07131148138407,90,1,2
46.017614250168556,0.9405147679981984,0,3250.471873833741,7.033327854829491,114.07131148138407,90,1,2
46.017614250168556,0.9405147679981984,0,3250.471873833741,7.033327854829491,114.07131148138407,90,2,2
46.017614250168556,0.9405147679981984,0,3250.471873833741,7.033327854829491,114.07131148138407,90,1,2
46.017614250168556,0.9405147679981984,0,3250.471873833741,7.033327854829491,114.07131148138407,90,2,2
46.017614250168556,0.9405147679981984,0,3250.471873833741,7.033327854829491,114.07131148138407,90,2,2
46.017614250168556,0.9405147679981984,0,3250.471873833741,7.033327854829491,114.07131148138407,90,1,2
46.017614250168556,0.9405147679981984,0,3250.471873833741,7.033327854829491,114.07131148138407,90,0,2
46.017614250168556,0.9405147679981984,0,3250.471873833741,7.033327854829491,114.07131148138407,90,0,2
46.017614250168556,0.9405147679981984,0,3250.471873833741,7.033327854829491,114.07131148138407,90,0,2
46.017614250168556,0.9405147679981984,0,3250.471873833741,7.033327854829491,114.07131148138407,90,1,2
46.017614250168556,0.9405147679981984,0,3250.471873833741,7.033327854829491,114.07131148138407,90,1,2
46.017614250168556,0.9405147679981984,0,3250.471873833741,7.033327854829491,114.07131148138407,90,0,2
46.017614250168556,0.9405147679981984,0,3250.471873833741,7.033327854829491,114.07131148138407,90,0,2
46.017614250168556,0.9405147679981984,0,3250.471873833741,7.033327854829491,114.07131148138407,90,2,2
46.017614250168556,0.9405147679981984,0,3250.471873833741,7.033327854829491,114.07131148138407,90,0,2
46.017614250168556,0.9405147679981984,0,3250.471873833741,7.033327854829491,114.07131148138407,90,0,2
46.017614250168556,0.9405147679981984,0,3250.471873833741,7.033327854829491,114.07131148138407,90,0,2
46.017614250168556,0.9405147679981984,0,3250.471873833741,7.033327854829491,114.07131148138407,90,0,2
46.017614250168556,0.9405147679981984,0,3250.471873833741,7.033327854829491,114.07131148138407,90,2,2
46.017614250168556,0.9405147679981984,0,3250.471873833741,7.033327854829491,114.07131148138407,90,1,2
46.017614250168556,0.9405147679981984,0,3250.471873833741,7.033327854829491,114.07131148138407,90,1,2
46.017614250168556,0.9405147679981984,0,3250.471873833741,7.033327854829491,114.07131148138407,90,2,2
17.746258634684825,4.501009602664564,0,47467.85082859162,6.199538623284507,97.9301641014074,93,0,2
17.746258634684825,4.501009602664564,0,75075.20265441769,6.199538623284507,97.9301641014074,93,0,2
17.746258634684825,4.501009602664564,0,37667.74721551793,6.199538623284507,97.9301641014074,93,0,2
17.746258634684825,4.501009602664564,0,35283.69731313624,6.199538623284507,97.9301641014074,93,0,2
17.746258634684825,4.501009602664564,0,100141.91003730298,6.199538623284507,97.9301641014074,93,0,2
17.746258634684825,4.501009602664564,0,116770.21495968425,6.199538623284507,97.9301641014074,93,0,2
17.746258634684825,4.501009602664564,0,110456.72359685537,6.199538623284507,97.9301641014074,93,0,2
17.746258634684825,4.501009602664564,0,40018.866772333626,6.199538623284507,97.9301641014074,93,0,2
17.746258634684825,4.501009602664564,0,15244.646090065902,6.199538623284507,97.9301641014074,93,0,2
17.746258634684825,4.501009602664564,0,28074.342604728936,6.199538623284507,97.9301641014074,93,0,2
17.746258634684825,4.501009602664564,0,20127.93146788965,6.199538623284507,97.9301641014074,93,0,2
17.746258634684825,4.501009602664564,0,119499.03947207531,6.199538623284507,97.9301641014074,93,0,2
17.746258634684825,4.501009602664564,0,108806.05758194356,6.199538623284507,97.9301641014074,93,0,2
17.746258634684825,4.501009602664564,0,25015.802259380154,6.199538623284507,97.9301641014074,93,0,2
17.746258634684825,4.501009602664564,0,86016.5429093627,6.199538623284507,97.9301641014074,93,0,2
17.746258634684825,4.501009602664564,0,42331.5677849098,6.199538623284507,97.9301641014074,93,0,2
17.746258634684825,4.501009602664564,0,61070.702691958635,6.199538623284507,97.9301641014074,93,0,2
17.746258634684825,4.501009602664564,0,33800.823997404565,6.199538623284507,97.9301641014074,93,0,2
17.746258634684825,4.501009602664564,0,8574.297573546812,6.199538623284507,97.9301641014074,93,0,2
17.746258634684825,4.501009602664564,0,25933.999587967202,6.199538623284507,97.9301641014074,93,0,2
17.746258634684825,4.501009602664564,0,1110.350683926399,6.199538623284507,97.9301641014074,93,0,2
17.746258634684825,4.501009602664564,0,8183.960165903141,6.199538623284507,97.9301641014074,93,0,2
17.746258634684825,4.501009602664564,0,34164.20699533732,6.199538623284507,97.9301641014074,93,0,2
17.746258634684825,4.501009602664564,0,44633.86686469172,6.199538623284507,97.9301641014074,93,0,2
17.746258634684825,4.501009602664564,0,74802.69935181708,6.199538623284507,97.9301641014074,93,0,2
17.746258634684825,4.501009602664564,0,41829.00027175486,6.199538623284507,97.9301641014074,93,0,2
17.746258634684825,4.501009602664564,0,106290.66457748965,6.199538623284507,97.9301641014074,93,0,2
17.746258634684825,4.501009602664564,0,79253.77485662665,6.199538623284507,97.9301641014074,93,0,2
17.746258634684825,4.501009602664564,0,100766.94031490848,6.199538623284507,97.9301641014074,93,0,2
17.746258634684825,4.501009602664564,0,56798.067531497756,6.199538623284507,97.9301641014074,93,0,2
18.735332224155997,2.6931474400082775,1,7129.548413267479,6.580809818246109,75.71667192348615,31,1,1
18.735332224155997,2.6931474400082775,1,7129.548413267479,6.580809818246109,75.71667192348615,31,1,1
18.735332224155997,2.6931474400082775,1,7129.548413267479,6.580809818246109,75.71667192348615,31,1,2
18.735332224155997,2.6931474400082775,1,7129.548413267479,6.580809818246109,75.71667192348615,31,1,1
18.735332224155997,2.6931474400082775,1,7129.548413267479,6.580809818246109,75.71667192348615,31,1,2
18.735332224155997,2.6931474400082775,1,7129.548413267479,6.580809818246109,75.71667192348615,31,1,2
18.735332224155997,2.6931474400082775,1,7129.548413267479,6.580809818246109,75.71667192348615,31,1,2
18.735332224155997,2.6931474400082775,1,7129.548413267479,6.580809818246109,75.71667192348615,31,1,2
18.735332224155997,2.6931474400082775,1,7129.548413267479,6.580809818246109,75.71667192348615,31,1,1
18.735332224155997,2.6931474400082775,1,7129.548413267479,6.580809818246109,75.71667192348615,31,1,0
18.735332224155997,2.6931474400082775,1,7129.548413267479,6.580809818246109,75.71667192348615,31,1,0
18.735332224155997,2.6931474400082775,1,7129.548413267479,6.580809818246109,75.71667192348615,31,1,0
18.735332224155997,2.6931474400082775,1,7129.548413267479,6.580809818246109,75.71667192348615,31,1,1
18.735332224155997,2.6931474400082775,1,7129.548413267479,6.580809818246109,75.71667192348615,31,1,2
18.735332224155997,2.6931474400082775,1,7129.548413267479,6.580809818246109,75.71667192348615,31,1,0
18.735332224155997,2.6931474400082775,1,7129.548413267479,6.580809818246109,75.71667192348615,31,1,1
18.735332224155997,2.6931474400082775,1,7129.548413267479,6.580809818246109,75.71667192348615,31,1,2
18.735332224155997,2.6931474400082775,1,7129.548413267479,6.580809818246109,75.71667192348615,31,1,1
18.735332224155997,2.6931474400082775,1,7129.548413267479,6.580809818246109,75.71667192348615,31,1,1
18.735332224155997,2.6931474400082775,1,7129.548413267479,6.580809818246109,75.71667192348615,31,1,1
18.735332224155997,2.6931474400082775,1,7129.548413267479,6.580809818246109,75.71667192348615,31,1,1
18.735332224155997,2.6931474400082775,1,7129.548413267479,6.580809818246109,75.71667192348615,31,1,2
18.735332224155997,2.6931474400082775,1,7129.548413267479,6.580809818246109,75.71667192348615,31,1,0
18.735332224155997,2.6931474400082775,1,7129.548413267479,6.580809818246109,75.71667192348615,31,1,0
18.735332224155997,2.6931474400082775,1,7129.548413267479,6.580809818246109,75.71667192348615,31,1,2
18.735332224155997,2.6931474400082775,1,7129.548413267479,6.580809818246109,75.71667192348615,31,1,2
18.735332224155997,2.6931474400082775,1,7129.548413267479,6.580809818246109,75.71667192348615,31,1,2
18.735332224155997,2.6931474400082775,1,7129.548413267479,6.580809818246109,75.71667192348615,31,1,0
18.735332224155997,2.6931474400082775,1,7129.548413267479,6.580809818246109,75.71667192348615,31,1,0
18.735332224155997,2.6931474400082775,1,7129.548413267479,6.580809818246109,75.71667192348615,31,1,1
36.560383831696214,1.6108553907492968,1,116770.07827464929,6.642681883603917,44.31562077661485,77,1,0
36.560383831696214,1.6108553907492968,1,116770.07827464929,6.642681883603917,112.92361013745786,77,1,0
36.560383831696214,1.6108553907492968,1,116770.07827464929,6.642681883603917,119.49687796449852,77,1,0
36.560383831696214,1.6108553907492968,1,116770.07827464929,6.642681883603917,107.91135938538325,77,1,0
36.560383831696214,1.6108553907492968,1,116770.07827464929,6.642681883603917,41.314565964546105,77,1,0
36.560383831696214,1.6108553907492968,1,116770.07827464929,6.642681883603917,30.360917989222692,77,1,0
36.560383831696214,1.6108553907492968,1,116770.07827464929,6.642681883603917,2.8768203962526018,77,1,0
36.560383831696214,1.6108553907492968,1,116770.07827464929,6.642681883603917,19.944553033672683,77,1,0
36.560383831696214,1.6108553907492968,1,116770.07827464929,6.642681883603917,77.70249104676594,77,1,0
36.560383831696214,1.6108553907492968,1,116770.07827464929,6.642681883603917,34.489443349931875,77,1,0
36.560383831696214,1.6108553907492968,1,116770.07827464929,6.642681883603917,53.49231336060011,77,1,0
36.560383831696214,1.6108553907492968,1,116770.07827464929,6.642681883603917,87.3933301911672,77,1,0
36.560383831696214,1.6108553907492968,1,116770.07827464929,6.642681883603917,103.55379709789412,77,1,0
36.560383831696214,1.6108553907492968,1,116770.07827464929,6.642681883603917,58.042639889528715,77,1,0
36.560383831696214,1.6108553907492968,1,116770.07827464929,6.642681883603917,113.84262654526924,77,1,0
36.560383831696214,1.6108553907492968,1,116770.07827464929,6.642681883603917,7.182491242525533,77,1,0
36.560383831696214,1.6108553907492968,1,116770.07827464929,6.642681883603917,56.896187865282016,77,1,0
36.560383831696214,1.6108553907492968,1,116770.07827464929,6.642681883603917,109.7652600890306,77,1,0
36.560383831696214,1.6108553907492968,1,116770.07827464929,6.642681883603917,19.883269597386565,77,1,0
36.560383831696214,1.6108553907492968,1,116770.07827464929,6.642681883603917,112.97740328235041,77,1,0
36.560383831696214,1.6108553907492968,1,116770.07827464929,6.642681883603917,45.861421318581044,77,1,0
36.560383831696214,1.6108553907492968,1,116770.07827464929,6.642681883603917,23.741601470225536,77,1,0
36.560383831696214,1.6108553907492968,1,116770.07827464929,6.642681883603917,2.499373348196756,77,1,0
36.560383831696214,1.6108553907492968,1,116770.07827464929,6.642681883603917,112.41935750897831,77,1,0
36.560383831696214,1.6108553907492968,1,116770.07827464929,6.642681883603917,62.48023749524873,77,1,0
36.560383831696214,1.6108553907492968,1,116770.07827464929,6.642681883603917,16.38123689031639,77,1,0
36.560383831696214,1.6108553907492968,1,116770.07827464929,6.642681883603917,109.48118975418296,77,1,0
36.560383831696214,1.6108553907492968,1,116770.07827464929,6.642681883603917,23.926882704011593,77,1,0
36.560383831696214,1.6108553907492968,1,116770.07827464929,6.642681883603917,59.95620913134327,77,1,0
36.560383831696214,1.6108553907492968,1,116770.07827464929,6.642681883603917,117.38409048548955,77,1,0
26.216936305694322,0.3863787901160187,0,76993.15397766673,9.11302230980394,46.3014192483671,68,2,1
26.216936305694322,0.3863787901160187,0,76993.15397766673,9.591672528435346,46.3014192483671,68,2,1
26.216936305694322,0.3863787901160187,0,76993.15397766673,2.840827530698804,46.3014192483671,68,2,1
26.216936305694322,0.3863787901160187,0,76993.15397766673,4.106063703498462,46.3014192483671,68,2,1
26.216936305694322,0.3863787901160187,0,76993.15397766673,6.769718096703919,46.3014192483671,68,2,1
26.216936305694322,0.3863787901160187,0,76993.15397766673,5.347391380137249,46.3014192483671,68,2,1
26.216936305694322,0.3863787901160187,0,76993.15397766673,8.346064719614363,46.3014192483671,68,2,1
26.216936305694322,0.3863787901160187,0,76993.15397766673,9.96140325048947,46.3014192483671,68,2,1
26.216936305694322,0.3863787901160187,0,76993.15397766673,0.6034274899984216,46.3014192483671,68,2,1
26.216936305694322,0.3863787901160187,0,76993.15397766673,3.835470243580944,46.3014192483671,68,2,1
26.216936305694322,0.3863787901160187,0,76993.15397766673,5.796562683307304,46.3014192483671,68,2,1
26.216936305694322,0.3863787901160187,0,76993.15397766673,7.1221319707742525,46.3014192483671,68,2,1
26.216936305694322,0.3863787901160187,0,76993.15397766673,8.030210357423824,46.3014192483671,68,2,1
26.216936305694322,0.3863787901160187,0,76993.15397766673,9.578908188465073,46.3014192483671,68,2,1
26.216936305694322,0.3863787901160187,0,76993.15397766673,9.321375388294406,46.3014192483671,68,2,1
26.216936305694322,0.3863787901160187,0,76993.15397766673,7.724708562574186,46.3014192483671,68,2,1
26.216936305694322,0.3863787901160187,0,76993.15397766673,2.422226154880139,46.3014192483671,68,2,1
26.216936305694322,0.3863787901160187,0,76993.15397766673,6.354934839377559,46.3014192483671,68,2,1
26.216936305694322,0.3863787901160187,0,76993.15397766673,7.7504416341339075,46.3014192483671,68,2,1
26.216936305694322,0.3863787901160187,0,76993.15397766673,1.5621858532581578,46.3014192483671,68,2,1
26.216936305694322,0.3863787901160187,0,76993.15397766673,2.6153989174165524,46.3014192483671,68,2,1
26.216936305694322,0.3863787901160187,0,76993.15397766673,4.50927595972764,46.3014192483671,68,2,1
26.216936305694322,0.3863787901160187,0,76993.15397766673,4.760298989786778,46.3014192483671,68,2,1
26.216936305694322,0.3863787901160187,0,76993.15397766673,1.909880477898731,46.3014192483671,68,2,1
26.216936305694322,0.3863787901160187,0,76993.15397766673,1.1351593818391081,46.3014192483671,68,2,1
26.216936305694322,0.3863787901160187,0,76993.15397766673,3.052098402088197,46.3014192483671,68,2,1
26.216936305694322,0.3863787901160187,0,76993.15397766673,9.221189838126158,46.3014192483671,68,2,1
26.216936305694322,0.3863787901160187,0,76993.15397766673,9.201071057161336,46.3014192483671,68,2,1
26.216936305694322,0.3863787901160187,0,76993.15397766673,6.308212998267128,46.3014192483671,68,2,1
26.216936305694322,0.3863787901160187,0,76993.15397766673,8.419288010647152,46.3014192483671,68,2,1
33.796370961013295,3.1545049812687393,0,34930.69760157117,7.025459712666729,115.48731163948742,33,2,2
33.796370961013295,3.1545049812687393,0,34930.69760157117,7.025459712666729,115.48731163948742,33,2,2
33.796370961013295,3.1545049812687393,1,34930.69760157117,7.025459712666729,115.48731163948742,33,2,2
33.796370961013295,3.1545049812687393,0,34930.69760157117,7.025459712666729,115.48731163948742,33,2,2
33.796370961013295,3.1545049812687393,1,34930.69760157117,7.025459712666729,115.48731163948742,33,2,2
33.796370961013295,3.1545049812687393,0,34930.69760157117,7.025459712666729,115.48731163948742,33,2,2
33.796370961013295,3.1545049812687393,0,34930.69760157117,7.025459712666729,115.48731163948742,33,2,2
33.796370961013295,3.1545049812687393,0,34930.69760157117,7.025459712666729,115.48731163948742,33,2,2
33.796370961013295,3.1545049812687393,1,34930.69760157117,7.025459712666729,115.48731163948742,33,2,2
33.796370961013295,3.1545049812687393,1,34930.69760157117,7.025459712666729,115.48731163948742,33,2,2
33.796370961013295,3.1545049812687393,0,34930.69760157117,7.025459712666729,115.48731163948742,33,2,2
33.796370961013295,3.1545049812687393,1,34930.69760157117,7.025459712666729,115.48731163948742,33,2,2
33.796370961013295,3.1545049812687393,0,34930.69760157117,7.025459712666729,115.48731163948742,33,2,2
33.796370961013295,3.1545049812687393,0,34930.69760157117,7.025459712666729,115.48731163948742,33,2,2
33.796370961013295,3.1545049812687393,0,34930.69760157117,7.025459712666729,115.48731163948742,33,2,2
33.796370961013295,3.1545049812687393,1,34930.69760157117,7.025459712666729,115.48731163948742,33,2,2
33.796370961013295,3.1545049812687393,0,34930.69760157117,7.025459712666729,115.48731163948742,33,2,2
33.796370961013295,3.1545049812687393,0,34930.69760157117,7.025459712666729,115.48731163948742,33,2,2
33.796370961013295,3.1545049812687393,0,34930.69760157117,7.025459712666729,115.48731163948742,33,2,2
33.796370961013295,3.1545049812687393,0,34930.69760157117,7.025459712666729,115.48731163948742,33,2,2
33.796370961013295,3.1545049812687393,1,34930.69760157117,7.025459712666729,115.48731163948742,33,2,2
33.796370961013295,3.1545049812687393,0,34930.69760157117,7.025459712666729,115.48731163948742,33,2,2
33.796370961013295,3.1545049812687393,1,34930.69760157117,7.025459712666729,115.48731163948742,33,2,2
33.796370961013295,3.1545049812687393,0,34930.69760157117,7.025459712666729,115.48731163948742,33,2,2
33.796370961013295,3.1545049812687393,1,34930.69760157117,7.025459712666729,115.48731163948742,33,2,2
33.796370961013295,3.1545049812687393,0,34930.69760157117,7.025459712666729,115.48731163948742,33,2,2
33.796370961013295,3.1545049812687393,1,34930.69760157117,7.025459712666729,115.48731163948742,33,2,2
33.796370961013295,3.1545049812687393,0,34930.69760157117,7.025459712666729,115.48731163948742,33,2,2
33.796370961013295,3.1545049812687393,0,34930.69760157117,7.025459712666729,115.48731163948742,33,2,2
33.796370961013295,3.1545049812687393,0,34930.69760157117,7.025459712666729,115.48731163948742,33,2,2
21.05264039652878,1.2865209995218145,0,47467.85082859162,9.11302230980394,44.31562077661485,87,2,1
40.936228081399264,2.7519713030082538,0,75075.20265441769,9.591672528435346,112.92361013745786,49,0,1
37.9963068991129,4.241137732666677,1,37667.74721551793,2.840827530698804,119.49687796449852,55,0,2
19.405228953321938,1.6857533823865112,0,35283.69731313624,4.106063703498462,107.91135938538325,23,2,1
39.589424595277016,4.5220486208290955,1,100141.91003730298,6.769718096703919,41.314565964546105,39,1,2
37.32607614085297,1.2017132955939935,0,116770.21495968425,5.347391380137249,30.360917989222692,6,0,2
29.414742739501285,4.586377357669866,0,110456.72359685537,8.346064719614363,2.8768203962526018,36,2,2
32.38899417050996,3.6448554298895726,0,40018.866772333626,9.96140325048947,19.944553033672683,71,1,2
47.08387199367071,4.6599336060635,1,15244.646090065902,0.6034274899984216,77.70249104676594,76,1,1
33.84791783020104,4.753553457571328,1,28074.342604728936,3.835470243580944,34.489443349931875,82,2,0
49.86034694956047,0.8005493858662466,0,20127.93146788965,5.796562683307304,53.49231336060011,49,1,0
34.696793359764435,3.510344546216996,1,119499.03947207531,7.1221319707742525,87.3933301911672,55,2,0
30.41555510551321,1.198787040766482,0,108806.05758194356,8.030210357423824,103.55379709789412,95,2,1
20.160905927610532,3.0691675443707607,0,25015.802259380154,9.578908188465073,58.042639889528715,64,1,2
30.531012491807385,1.2772713160383853,0,86016.5429093627,9.321375388294406,113.84262654526924,68,0,0
43.43817508354834,2.304997329760444,1,42331.5677849098,7.724708562574186,7.182491242525533,17,0,1
10.071446756132826,1.963713594012812,0,61070.702691958635,2.422226154880139,56.896187865282016,93,0,2
18.725173455504173,0.32434467921760357,0,33800.823997404565,6.354934839377559,109.7652600890306,55,1,1
48.646287177881106,3.131361987363616,0,8574.297573546812,7.7504416341339075,19.883269597386565,6,1,1
27.711601735040226,3.379582901211772,0,25933.999587967202,1.5621858532581578,112.97740328235041,17,0,1
44.62525162282025,4.3968833605016355,1,1110.350683926399,2.6153989174165524,45.861421318581044,90,0,1
24.38643886889954,3.564985319286786,0,8183.960165903141,4.50927595972764,23.741601470225536,51,2,2
39.332262971851875,0.9558363355512806,1,34164.20699533732,4.760298989786778,2.499373348196756,79,0,0
37.91536987971503,3.101042288738633,0,44633.86686469172,1.909880477898731,112.41935750897831,34,0,0
18.176718905375235,2.350500897667293,1,74802.69935181708,1.1351593818391081,62.48023749524873,9,0,2
13.308034527788731,1.4209777420596337,0,41829.00027175486,3.052098402088197,16.38123689031639,97,0,2
19.52656803115878,0.5370671361323703,1,106290.66457748965,9.221189838126158,109.48118975418296,95,2,2
29.761429023856127,0.30936285494512106,0,79253.77485662665,9.201071057161336,23.926882704011593,52,1,0
43.282450463673705,3.9622511214035883,0,100766.94031490848,6.308212998267128,59.95620913134327,29,1,0
18.101780091267152,1.5390657449337426,0,56798.067531497756,8.419288010647152,117.38409048548955,20,2,1
37.98523997964911,1.526755692115607,1,37664.94423472721,2.840827530698804,119.49687796449852,55,0,2
21.05264039652878,1.6875422427252382,0,47467.85082859162,9.11302230980394,44.31562077661485,85,2,1
34.696793359764435,3.510344546216996,1,119499.03947207531,7.1221319707742525,87.3933301911672,64,2,0
37.32607614085297,3.1543613846740586,0,30767.6038370697,5.347391380137249,30.360917989222692,6,0,2
29.761429023856127,0.30936285494512106,0,29182.33642616595,9.201071057161336,25.35063181830194,52,1,0
24.3618601425687,3.564985319286786,0,8183.960165903141,4.779266635185042,23.31621927074196,51,2,1
40.913860467255,2.7519713030082538,0,42316.20354765463,9.591672528435346,112.92361013745786,49,0,1
29.572368849205798,4.892887971656673,0,109857.05856347589,8.346064719614363,7.232095153610634,36,2,2
19.38473064125313,4.192429656299215,1,16326.90551354899,0.6034274899984216,76.55002764789933,76,1,1
45.83443729247497,3.1927163278684794,0,31908.839172118707,4.106063703498462,107.91135938538325,20,2,1
30.41555510551321,1.198787040766482,0,108806.05758194356,8.030210357423824,103.55379709789412,95,1,0
10.071446756132826,1.963713594012812,0,61070.702691958635,2.422226154880139,21.365926662207034,81,1,2
37.91536987971503,3.0025831926009543,0,44633.86686469172,1.909880477898731,112.41935750897831,32,0,0
30.620679233500155,1.2772713160383853,0,86016.5429093627,8.494485497474534,113.30980030906275,66,0,0
18.11286852290781,4.253403420253237,0,56800.870512290916,8.419288010647152,101.81702726666938,20,2,1
39.332262971851875,0.9558363355512806,1,34164.20699533732,4.760298989786778,2.499373348196756,82,0,0
18.176718905375235,2.350500897667293,1,74802.69935181708,1.1351593818391081,62.48023749524873,12,0,2
20.160905927610532,1.1165198544717816,0,110559.92870126365,9.578908188465073,58.042639889528715,64,1,2
34.1287578367389,4.683939476984916,1,78145.7863845304,3.98393317993721,34.68421627436132,82,2,0
18.749752181849743,0.32434467921760357,0,33800.823997404565,6.264067830099634,110.13304983595694,55,1,2
43.4605426976926,2.3197598529839394,1,75090.56689203343,7.724708562574186,7.182491242525533,15,0,1
43.12482019882166,3.9622511214035883,0,101366.60534466381,6.308212998267128,59.95620913134327,29,1,0
48.80201762215092,1.1387511128373573,1,105201.59479644886,9.221189838126158,109.48118975418296,95,2,2
21.858511243611844,1.6243990423473065,0,8120.271506948675,7.7504416341339075,15.60461525396968,6,1,1
49.86034694956047,0.8005493858662466,0,20127.93146788965,5.796562683307304,53.49231336060011,49,2,1
38.3756551438225,3.6448554298895726,0,40018.866772333626,9.96140325048947,55.47481859547599,71,0,2
39.96425299039944,4.514433190261404,1,100141.91003730298,6.769718096703919,41.314565964546105,39,1,2
44.53555984849758,4.3968833605016355,1,1110.350683926399,3.4381022567842634,46.45131168826302,92,0,1
41.28396021998494,3.379582901211772,0,25933.999587967202,1.4328674101374186,112.97740328235041,18,0,0
25.75990165955438,0.9558363355512806,1,34164.20699533732,5.257517291091165,0.8065078367095158,78,0,1
40.936228081399264,2.7519713030082538,0,73457.65814341551,3.9379756215009567,116.84958829190094,20,0,1
37.9963068991129,4.241137732666677,1,101009.56120006068,2.840827530698804,56.20700080811118,54,0,2
18.15388005221729,4.253403420253237,0,56800.870512290916,8.419288010647152,101.95535825713729,23,2,1
38.05383217998129,3.0025831926009543,0,43147.54934905942,1.909880477898731,112.41935750897831,12,0,0
40.913860467255,2.7519713030082538,0,42584.75608290607,9.612758753226679,112.97238979314852,49,0,1
25.75990165955438,0.9920511622575863,1,28211.374265127943,3.8571129709961465,0.40497771176326935,72,0,1
48.773397444273776,4.517484051023916,1,88039.32952070111,6.769718096703919,40.60297672445054,37,1,1
49.86034694956047,2.277830003611644,1,15645.89937858847,5.184062499507554,53.49231336060011,9,2,1
22.37920315297481,3.4957241446592766,0,8978.422722274927,4.779266635185042,23.016052849212393,56,2,1
41.177166239504686,3.1543613846740586,0,30373.811612952893,5.347391380137249,106.4859337582049,6,0,0
39.332262971851875,1.5408958626279436,1,34164.20699533732,8.526350252625496,2.499373348196756,79,0,0
43.43817508354834,2.803559695341537,1,75088.62758253246,7.724708562574186,7.182491242525533,17,0,1
22.735767420332884,1.544411233151576,0,37790.61165811769,6.33329188785348,109.77823319588731,55,0,1
41.57878651945079,3.1927163278684794,0,33526.383985249566,9.847828123878783,107.91135938538325,36,2,1
43.12482019882166,3.272917435693316,0,38348.336987998155,6.308212998267128,119.8111868563348,30,1,0
18.797945099031224,1.6857533823865112,0,46460.70380106989,4.106063703498462,107.77302839491466,20,2,1
18.038285332820628,2.350500897667293,1,76289.01686762026,1.1351593818391081,62.48023749524873,32,0,2
27.711601735040226,3.379582901211772,0,25665.447052792664,0.8660355826712158,112.92862362665974,19,0,1
33.84791783020104,4.740638425639215,1,34027.175334938314,6.469065894884924,17.344880573957916,82,2,0
39.45755319905455,3.13592155808358,0,20742.956790258933,7.7504416341339075,2.6112728847632916,6,1,2
18.176718905375235,0.8732205376605741,0,70500.1373400083,1.1351593818391081,62.29640501571125,49,0,2
10.071446756132826,2.032974767023388,0,59111.26913884081,2.422226154880139,57.19635507378412,93,0,2
37.43287012133311,3.379582901211772,0,26327.791812084004,1.4328674101374186,31.570139657224345,18,0,2
23.997857820007987,0.9540062178579625,0,47613.70029265086,4.65322544146775,115.83989689996899,20,2,1
43.4605426976926,2.3197598529839394,1,42333.50709476102,7.724708562574186,5.17873867045366,15,0,1
38.50474640860436,0.3067314260070072,1,33675.156574014094,2.862470492589475,119.45085539205975,55,1,2
23.211566089964823,1.613254583518927,0,9322.39566252775,4.76590304728786,117.8737922013105,51,2,1
46.99247172970279,3.1927163278684794,0,20217.68750890153,5.816175984740619,50.64150750450814,21,2,1
39.135533608840035,3.4784864177614603,1,36526.88207358279,2.854191118605168,23.315604327790957,55,0,2
49.86034694956047,0.8005493858662466,0,31819.083131115673,4.086450402065154,110.73912526020449,49,1,0
37.43287012133311,3.951106417914865,0,26393.35536773845,1.4328674101374186,31.570139657224345,18,0,2
43.4605426976926,2.3197598529839394,1,42333.50709476102,7.724708562574186,4.864336146958066,12,0,1
49.000514466075046,2.350500897667293,1,75837.27560662625,1.1553893397302963,62.48023749524873,35,0,1
19.774553812917436,1.6857533823865112,0,46460.70380106989,3.9855729559141477,107.77302839491466,20,2,0
26.284298294864783,3.379582901211772,0,36410.21684069277,4.515041629708195,112.96810974910925,18,0,1
18.11286852290781,4.253403420253237,0,56191.938339398184,1.3792798389200134,101.91119248965457,22,2,1
49.86034694956047,1.1021235646150789,0,31819.083131115673,3.207846016857807,109.13226865595259,49,0,0
18.01084998844481,3.4515855110987403,0,25933.999587967202,1.5621858532581578,112.97740328235041,17,0,1
19.39490883594238,1.2870307459525236,1,22788.461351534534,3.8571129709961465,80.49188946311196,71,0,1
43.45573281095065,3.9129993312762026,1,77283.03218792452,8.557556956845485,7.182491242525533,6,1,1
18.176718905375235,2.350500897667293,0,62262.279294239575,1.1351593818391081,62.48023749524873,22,0,1
43.52817764240118,3.1927163278684794,0,18800.924493739818,5.945212919300792,51.06074548274326,24,2,1
43.4605426976926,2.3197598529839394,1,75090.56689203343,7.724657405856485,7.182491242525533,21,0,1
38.74834853136922,1.613254583518927,0,10587.488114218495,4.76590304728786,117.8737922013105,10,2,0
17.793133538420484,1.694378131939708,1,37640.4804824884,2.840827530698804,119.50347325812237,55,0,2
18.176718905375235,2.252117776236757,1,74802.69935181708,1.1351593818391081,62.48023749524873,9,0,2
37.9963068991129,4.262253298496198,1,37667.74721551793,2.840827530698804,119.49687796449852,55,0,2
18.352469023954548,2.277830003611644,1,16098.856467338344,5.163883085367917,53.49231336060011,8,2,2
36.93876844076493,3.0025831926009543,0,44633.86686469172,2.0303712285228626,112.41935750897831,32,0,1
23.997857820007987,0.9540062178579625,0,53255.16319489158,1.004351966811825,115.8004107775011,20,2,1
41.28396021998494,3.379582901211772,0,26542.931827142915,8.015838796733707,112.97740328235041,18,0,0
10.071446756132826,1.963713594012812,0,61070.702691958635,1.344378281839633,56.896187865282016,96,1,2
27.80253187325831,1.467063145600385,0,56798.067531497756,8.419288010647152,117.38409048548955,20,2,1
16.82266008747416,3.897409103847785,1,16326.90551354899,0.6034274899984216,0.3169555907516184,76,1,1
48.62862970660905,2.807261191390346,0,3496.7147310302835,7.749955026139801,19.883269597386565,28,0,1
18.15388005221729,4.253403420253237,1,56800.870512290916,8.419288010647152,101.95535825713729,12,2,2
46.902469163932594,2.304997329760444,1,42331.5677849098,7.424003257176603,6.7755006836010985,17,0,1
25.87366276650805,1.6243990423473065,0,8120.271506948675,7.750492790851608,15.60461525396968,6,1,1
22.51704948155323,3.0025831926009543,0,41882.90282986345,1.909880477898731,111.84841359432014,53,0,1
39.59743807248455,1.51813094256241,0,35308.16106537506,4.542186639770225,107.03252454906256,23,2,1
17.30864823841365,3.951106417914865,0,57324.30288362167,8.373124992305925,31.570139657224345,18,0,2
25.87366276650805,1.6243990423473065,0,8120.271506948675,8.377870909940388,52.84099074772671,5,1,1
26.46387734360307,1.6857533823865112,0,35237.65838240319,4.065682370500152,107.91135938538325,23,2,1
17.598547623127775,2.1998795260182153,1,26184.502721828045,4.699345792338531,53.49231336060011,8,2,2
17.578038590730905,3.449827637953697,0,25948.537916330613,4.669079954208501,115.79266014219795,20,2,1
20.29122054199396,2.350500897667293,1,74802.69935181708,1.1351593818391081,62.48023749524873,9,0,2
38.74834853136922,3.363605803161787,0,10371.392556620322,0.892767662069833,112.85319575132303,20,2,0
18.176718905375235,2.1797381573125154,0,4549.06097865304,1.1351593818391081,62.48023749524873,14,0,2
18.176718905375235,2.430808781484953,0,73563.81991674284,4.179420240434189,60.99595412218861,21,0,2
43.4605426976926,2.3197598529839394,1,94553.45150696578,7.724657405856485,7.182491242525533,21,0,1
47.53622567280362,1.525271626781302,0,8120.271506948675,7.7504416341339075,14.436548077502493,6,1,1
37.9963068991129,4.241137732666677,1,37667.74721551793,2.840827530698804,119.49687796449852,17,0,1
41.29922026151679,3.281749104069688,0,27924.69104046884,1.4328674101374186,7.293246682760419,18,0,0
19.774553812917436,1.6170833167766125,0,53827.818391519024,4.253595447507052,107.77302839491466,20,2,1
22.969568898504008,1.613254583518927,0,55471.06014171208,8.362821118691357,117.38362461598284,51,2,1
38.27821886398578,4.253403420253237,1,25869.92311980466,1.4791967212652235,101.95535825713729,12,2,2
49.86034694956047,2.7876928658917564,1,15645.89937858847,4.882156579982161,16.25597604033779,9,2,1
19.225649904861474,3.379582901211772,0,36456.25577142582,4.555422962706505,112.96810974910925,18,0,1
38.186867828195666,3.686713409738167,0,13030.268675196508,1.5098118909518787,31.570139657224345,15,0,2
23.828624330252474,0.9557684298383693,0,52660.19110038482,1.5463322660158496,113.27140520692879,17,0,1
18.176718905375235,2.350500897667293,0,54344.93988075712,1.1351593818391081,62.48023749524873,22,0,1
27.711601735040226,1.6292316816420052,0,25881.543041799152,4.73933902937378,117.94921139946507,26,0,1
48.62862970660905,2.807261191390346,1,74012.47984525314,7.749955026139801,19.883269597386565,30,0,1
18.797945099031224,1.6231604756945857,1,46650.567723745924,1.7100990628267565,109.25390465858489,8,2,1
21.01832905399663,3.396256456638544,0,20217.68750890153,5.175681910194058,51.80967576142838,21,2,1
46.902469163932594,2.304997329760444,1,42331.5677849098,7.424003257176603,6.7755006836010985,55,0,2
43.42291504201649,2.304997329760444,1,40340.876332432446,7.724708562574186,112.85660968952165,17,0,1
43.4605426976926,2.3197598529839394,1,76895.70770246959,7.724708562574186,7.182491242525533,23,0,0
18.101780091267152,1.5390657449337426,0,10652.970868480956,4.822367364459781,117.87425807081719,20,2,1
19.803215134996893,1.5390657449337426,0,61308.86223399469,8.524296842207177,117.38409048548955,20,2,0
21.05264039652878,1.2865209995218145,0,47467.85082859162,9.11302230980394,44.31562077661485,87,2,1
40.936228081399264,2.7519713030082538,0,75075.20265441769,9.591672528435346,112.92361013745786,49,0,1
37.9963068991129,4.241137732666677,1,37667.74721551793,2.840827530698804,119.49687796449852,55,0,2
19.405228953321938,1.6857533823865112,0,35283.69731313624,4.106063703498462,107.91135938538325,23,2,1
39.589424595277016,4.5220486208290955,1,100141.91003730298,6.769718096703919,41.314565964546105,39,1,2
37.32607614085297,1.2017132955939935,0,116770.21495968425,5.347391380137249,30.360917989222692,6,0,2
29.414742739501285,4.586377357669866,0,110456.72359685537,8.346064719614363,2.8768203962526018,36,2,2
32.38899417050996,3.6448554298895726,0,40018.866772333626,9.96140325048947,19.944553033672683,71,1,2
47.08387199367071,4.6599336060635,1,15244.646090065902,0.6034274899984216,77.70249104676594,76,1,1
33.84791783020104,4.753553457571328,1,28074.342604728936,3.835470243580944,34.489443349931875,82,2,0
49.86034694956047,0.8005493858662466,0,20127.93146788965,5.796562683307304,53.49231336060011,49,1,0
34.696793359764435,3.510344546216996,1,119499.03947207531,7.1221319707742525,87.3933301911672,55,2,0
30.41555510551321,1.198787040766482,0,108806.05758194356,8.030210357423824,103.55379709789412,95,2,1
20.160905927610532,3.0691675443707607,0,25015.802259380154,9.578908188465073,58.042639889528715,64,1,2
30.531012491807385,1.2772713160383853,0,86016.5429093627,9.321375388294406,113.84262654526924,68,0,0
43.43817508354834,2.304997329760444,1,42331.5677849098,7.724708562574186,7.182491242525533,17,0,1
10.071446756132826,1.963713594012812,0,61070.702691958635,2.422226154880139,56.896187865282016,93,0,2
18.725173455504173,0.32434467921760357,0,33800.823997404565,6.354934839377559,109.7652600890306,55,1,1
48.646287177881106,3.131361987363616,0,8574.297573546812,7.7504416341339075,19.883269597386565,6,1,1
27.711601735040226,3.379582901211772,0,25933.999587967202,1.5621858532581578,112.97740328235041,17,0,1
44.62525162282025,4.3968833605016355,1,1110.350683926399,2.6153989174165524,45.861421318581044,90,0,1
24.38643886889954,3.564985319286786,0,8183.960165903141,4.50927595972764,23.741601470225536,51,2,2
39.332262971851875,0.9558363355512806,1,34164.20699533732,4.760298989786778,2.499373348196756,79,0,0
37.91536987971503,3.101042288738633,0,44633.86686469172,1.909880477898731,112.41935750897831,34,0,0
18.176718905375235,2.350500897667293,1,74802.69935181708,1.1351593818391081,62.48023749524873,9,0,2
13.308034527788731,1.4209777420596337,0,41829.00027175486,3.052098402088197,16.38123689031639,97,0,2
19.52656803115878,0.5370671361323703,1,106290.66457748965,9.221189838126158,109.48118975418296,95,2,2
29.761429023856127,0.30936285494512106,0,79253.77485662665,9.201071057161336,23.926882704011593,52,1,0
43.282450463673705,3.9622511214035883,0,100766.94031490848,6.308212998267128,59.95620913134327,29,1,0
18.101780091267152,1.5390657449337426,0,56798.067531497756,8.419288010647152,117.38409048548955,20,2,1
29.584452455251625,4.327823061562404,0,110456.72359685537,8.160564203038748,1.7830022112631347,36,2,2
39.93386044939639,1.4209777420596337,0,74635.85980685112,8.944859752242369,118.47111242143549,98,0,2
38.03992477469001,3.1757680481514994,0,47467.85082859162,8.720896032928401,44.31562077661485,87,2,1
38.55674466314518,4.5220486208290955,1,60892.69855685744,6.767299858315613,41.314565964546105,28,1,2
33.81453550475907,0.3264786811583591,0,119499.03947207531,7.054084582833454,109.88223316003409,50,1,0
24.38643886889954,3.564985319286786,0,8183.960165903141,4.50927595972764,23.741601470225536,51,2,1
30.48932794207127,1.198787040766482,0,28048.69364749484,8.030210357423824,103.55379709789412,95,2,1
37.9963068991129,4.37923581054666,1,42625.429589239386,2.840827530698804,40.63088803228444,55,0,2
32.3331511690395,0.4808730176288407,0,40018.866772333626,9.96140325048947,19.944553033672683,71,1,2
47.08387199367071,4.6599336060635,1,15244.646090065902,0.1662324274172966,77.70249104676594,69,0,1
43.43817508354834,2.304997329760444,0,45823.21525279352,8.517572940772808,7.182491242525533,17,0,1
20.160905927610532,3.0691675443707607,0,26633.78479075312,9.578908188465073,58.042639889528715,64,1,0
33.5104451563051,3.960881378448442,0,100766.94031490848,6.342160351646519,59.95620913134327,59,1,0
19.405228953321938,1.6857533823865112,0,35283.69731313624,4.106063703498462,110.94562634602025,23,2,1
39.332262971851875,0.9558363355512806,1,31391.188502090175,5.123238461375981,2.499373348196756,79,0,1
18.176718905375235,2.350500897667293,1,74802.69935181708,1.3217488304325635,64.3598573407794,6,0,2
13.591984744250974,2.7519713030082538,0,33632.16938280841,3.685908774630321,11.852657341785026,49,0,1
20.928085848950936,1.2117953744080832,0,43481.86091362879,1.909880477898731,112.41935750897831,34,0,0
11.626942163372002,1.963713594012812,0,100319.90335632613,2.424644786873946,56.896187865282016,82,0,2
19.607432944492707,3.5108100600751904,1,33800.823997404565,6.422982227318357,87.27634240625194,56,2,1
18.101780091267152,1.5390657449337426,0,56798.067531497756,8.354085244379764,117.38409048548955,20,2,2
27.63782889848217,3.2198415908918667,0,111709.6402157269,1.5621858532581578,110.61438497074643,17,0,1
37.32607614085297,1.0630866411348943,0,111482.00810316106,5.302989198667784,116.1497204263134,6,0,2
19.58241112898221,3.702157157341603,1,106290.66457748965,9.221189838126158,109.48118975418296,97,2,2
30.531012491807385,1.2772713160383853,0,86016.5429093627,9.321375388294406,113.84262654526924,75,1,0
48.646287177881106,3.131361987363616,1,8574.297573546812,7.7504416341339075,19.883269597386565,6,1,1
49.86034694956047,0.7329866403295066,0,20127.93146788965,5.796562683307304,53.49231336060011,49,1,2
43.352103008447216,0.4042766948745742,0,79253.77485662665,9.167084879180116,23.926882704011593,29,1,0
33.84791783020104,4.753553457571328,1,28074.342604728936,3.835470243580944,31.37347712602513,82,2,0
44.62525162282025,4.410625283601759,1,4056.223038923845,3.611698271875441,45.861421318581044,90,0,0
47.663456475643585,4.652631737779273,1,31391.188502090175,5.162533807446803,4.325400809669432,69,0,1
37.91536987971503,0.011671422097733086,0,51769.31433463063,2.0818083076203013,116.2496834058181,34,0,0
19.40033156342169,1.6857533823865112,0,35283.69731313624,1.9417259796184891,110.94562634602025,23,2,1
20.928085848950936,1.198063411853113,0,43481.86091362879,1.909880477898731,112.41935750897831,95,0,0
43.43817508354834,2.273020357903979,1,41195.356352695846,7.720572731945632,52.997786219118325,19,0,0
43.6099406925686,2.7519713030082538,1,33632.16938280841,3.685908774630321,11.852657341785026,88,0,1
37.526929326301,4.226244998519185,0,37725.51496854279,6.627361339900142,110.13997386839237,55,1,1
27.63782889848217,3.2198415908918667,1,117058.85789163536,1.4242940790058713,110.61438497074643,17,0,1
48.646287177881106,3.131361987363616,1,23494.433395004915,7.941803437400942,19.883269597386565,6,1,1
24.38643886889954,3.5157492990149475,0,8183.960165903141,4.50927595972764,119.43994483718325,51,0,1
22.454081673968908,0.46468873476757055,0,45823.21525279352,8.555030012863439,7.182491242525533,17,0,1
18.101780091267152,1.640760412247948,0,56861.93705283878,9.276072181595294,117.38409048548955,20,2,2
18.472175898863902,3.218883166722209,0,25933.999587967202,1.5245823598445962,112.97740328235041,9,0,1
19.786999929484715,1.5390657449337426,0,56798.067531497756,8.4689763249945,111.86347072405786,20,2,1
19.405228953321938,2.8397927076306164,0,35283.69731313624,4.106063703498462,101.17292704513912,23,2,1
39.84000833784438,0.9592559830493854,1,15244.646090065902,0.16527388012029132,76.31898786791689,79,0,1
43.352103008447216,3.1516577226423035,0,78837.74227635868,8.991287712917973,23.926882704011593,35,1,0
18.181616295275486,2.350500897667293,1,74802.69935181708,4.09125390696647,60.27731452963122,6,0,2
30.41555510551321,1.2125190033214521,0,108806.05758194356,8.030210357423824,103.55379709789412,34,2,1
49.86034694956047,0.8325265648115755,0,21264.142920779734,5.800698513822228,7.686439591855304,47,1,1
14.61973584999066,4.410625283601759,0,4056.223038923845,3.611698271875441,45.861421318581044,51,0,0
19.194559824686948,0.5140745276286847,1,21185.264884575536,1.8274258053798893,119.49687796449852,55,0,2
38.885618612859496,4.5220486208290955,0,69644.68431922904,6.905356264967048,41.314565964546105,27,1,2
29.414742739501285,4.586377357669866,0,110456.72359685537,8.346064719614363,2.8768203962526018,34,2,2
37.32607614085297,1.0452131942380822,0,111482.00810316106,5.302989198667784,27.19096356383894,6,2,2
42.111775009685644,2.377466645048747,1,106290.66457748965,8.498511503250567,109.48118975418296,95,2,2
33.84791783020104,4.54479987713339,1,28010.47309893765,3.835470243580944,31.37347712602513,82,2,0
30.236404483532947,2.3356471980493225,1,74802.69935181708,1.1727628752526706,62.48023749524873,17,0,2
46.78236898049856,3.131361987363616,0,8574.297573546812,6.873422719099577,19.883269597386565,6,1,1
40.936228081399264,1.2984542636008811,0,73463.87346995177,9.591672528435346,112.39811143618725,49,0,1
43.87746808497562,2.3506753125762,1,42331.5677849098,1.4836408142148945,7.182491242525533,6,0,1
30.236404483532947,2.3356471980493225,1,74802.69935181708,1.1389392620258079,62.48023749524873,18,0,2
17.944588491884428,2.329009264914771,0,26782.475686095066,1.0569262278753775,112.97740328235041,17,0,1
19.786999929484715,1.5390657449337426,0,55294.77646516053,8.353306984717642,111.86347072405786,31,2,1
13.558577144348732,3.218883166722209,0,25933.999587967202,1.5245823598445962,4.798862968498533,9,0,1
46.726020686751035,3.131361987363616,1,8574.297573546812,6.873422719099577,24.271233519518656,6,1,1
22.424260216669655,0.46468873476757055,0,44652.15292315909,8.555030012863439,113.20403771829606,14,0,1
22.520531482601506,1.1738541240037348,0,43481.86091362879,9.370591673095031,112.41935750897831,34,0,0
26.082545570609774,3.564985319286786,0,8183.960165903141,4.50927595972764,23.741601470225536,51,2,1
40.78954594428426,0.5140745276286847,1,21248.09142372802,1.8274258053798893,119.62014297161234,54,1,2
18.181616295275486,1.7183850827663132,1,74802.69935181708,4.106557932787245,110.63590456072248,6,0,2
19.405228953321938,2.8397927076306164,0,35748.659736237554,3.6367029207051855,101.17292704513912,20,2,1
48.00328222508503,3.2198415908918667,1,117058.85789163536,7.531642453923709,110.82291098258695,19,1,1
32.8814550587806,3.1994282448914686,0,111709.6402157269,1.5621858532581578,107.45452849918468,16,0,1
37.7992271619163,0.021631459353633503,0,51769.31433463063,9.274820224601479,116.2496834058181,34,0,0
17.73652381929177,2.304822914851537,1,74802.69935181708,7.268078048034528,64.3598573407794,11,0,2
19.40033156342169,1.6857533823865112,0,35283.69731313624,1.7374486210310904,103.71602191857676,42,2,1
27.943732207275353,2.6170750645410314,1,73954.23023756902,1.6404190072223064,62.48023749524873,9,0,2
18.101780091267152,1.5390657449337426,0,51931.01252427084,8.469754584656622,117.24349675483913,20,2,2
18.85236648149075,2.7519713030082538,0,33632.16938280841,3.685908774630321,118.15692998237057,48,0,1
43.49452337553042,2.273020357903979,0,41195.356352695846,7.496230931344692,52.997786219118325,19,0,0
37.94519131686781,3.101042288738633,0,45804.92919432614,1.909880477898731,6.432963854516579,35,0,0
18.101780091267152,1.629538773487351,0,56861.93705283878,1.801480281997907,117.38409048548955,20,2,2
24.707066842051077,3.5157492990149475,0,8183.960165903141,3.8276470230500794,119.43994483718325,51,0,1
19.18180770640292,3.131361987363616,1,23431.60685585243,8.57191615506602,19.9692098152175,16,0,1
22.76215471951656,2.317869197287494,0,35283.69731313624,4.090759677677687,60.581137439370295,26,2,1
18.101780091267152,1.5390657449337426,0,56333.10510842214,8.419288010647152,117.38409048548955,23,2,1
28.23474775354324,3.131361987363616,1,8574.297573546812,1.5451366013792076,19.595560771745177,6,0,1
43.43817508354834,2.3254106757607196,0,45823.21525279352,9.598852234690721,7.182491242525533,17,0,1
42.675967277059875,0.3969107629063724,0,79253.77485662665,1.965228472078024,23.926882704011593,29,1,0
19.402200488652852,1.703280249996997,1,23431.60685585243,8.57191615506602,19.32588158606206,16,0,1
17.35975124871228,2.3506753125762,1,40439.22328652436,1.4836408142148945,19.247509547027978,6,0,2
18.176718905375235,2.348071966757022,0,44103.83834134728,1.1993374471793008,113.54919739366878,9,0,0
18.181616295275486,2.2901125615201003,0,74407.16431683202,3.9234413031692856,110.63590456072248,6,0,2
17.73652381929177,2.304822914851537,1,77607.21516796434,9.623940210220425,6.278032765031714,11,0,2
38.970904522274346,3.155712477734325,1,45804.92919432614,1.909880477898731,62.43939419833393,36,0,0
48.646287177881106,3.1501431462588747,1,8574.297573546812,7.7504416341339075,19.883269597386565,6,1,1
27.7579688465393,2.6105816196957017,1,22514.18679150424,1.0200751731745772,109.09851920293485,18,0,2
22.454081673968908,0.5969215852870404,0,45162.621532565594,8.555030012863439,2.3292435457369933,17,0,2
16.163068095206647,2.8553040081998113,0,25998.47138871572,1.5245823598445962,95.8178201162751,9,2,1
44.28763860852196,2.273020357903979,1,55313.156902253264,7.724929025320079,52.997786219118325,18,0,0
37.91536987971503,3.102120618334878,0,49055.50272983857,2.087795248337998,112.41935750897831,34,0,1
48.646287177881106,3.131361987363616,1,23494.433395004915,7.941803437400942,18.891377174109603,6,1,1
27.711601735040226,3.379582901211772,0,28902.069108662075,1.5621858532581578,112.97740328235041,17,0,1
14.781755235170198,2.7519713030082538,0,33632.16938280841,3.685908774630321,11.852657341785026,49,0,1
19.936400202770088,3.1138351198189316,0,35283.69731313624,4.106063703498462,112.43847590103158,23,2,1
44.691492284297176,2.350500897667293,1,76695.04385421213,1.3217488304325635,64.3598573407794,6,0,1
20.928085848950936,1.2142243055288502,1,74180.72192420236,1.845702412561651,61.313818287686146,34,0,2
43.49452337553042,1.701292879150193,1,32332.3709025804,7.655942662796099,52.997786219118325,19,0,0
43.43817508354834,2.3254106757607196,0,43018.69943627162,7.242391653815842,65.32470382259402,17,0,1
30.40510422944184,2.3356471980493225,0,75048.32684060483,1.1389392620258079,6.506131705771487,18,0,2
19.194559824686948,0.49560537176823494,1,21185.264884575536,1.8274258053798893,119.49687796449852,56,0,2
17.944588491884428,2.3355027097601004,0,76525.74198378352,1.954203444495159,66.34588771099327,17,0,1
18.181616295275486,2.2183097089319133,1,75484.47082893194,4.09125390696647,65.86958802393106,5,0,1
19.39304930917476,3.2033718661530144,0,47701.51445867589,4.486843953986066,110.82237130642285,35,0,1
18.93594374921174,1.5390657449337426,0,42680.266981940375,8.464620031619994,111.86347072405786,20,2,1
43.43817508354834,2.386568523761775,1,44645.62614274399,7.546812023681324,7.182491242525533,17,0,0
22.424260216669655,0.46468873476757055,0,45265.315062256836,8.555030012863439,113.20403771829606,14,0,1
28.23474775354324,3.131361987363616,1,8574.297573546812,1.5451366013792076,13.241132394008194,6,0,1
24.296480397520284,3.5228582841677136,0,8183.960165903141,3.8276470230500794,119.43994483718325,36,0,1
21.05264039652878,1.2865209995218145,0,47467.85082859162,9.11302230980394,44.31562077661485,87,2,1
40.936228081399264,2.7519713030082538,0,75075.20265441769,9.591672528435346,112.92361013745786,49,0,1
37.9963068991129,4.241137732666677,1,37667.74721551793,2.840827530698804,119.49687796449852,55,0,2
19.405228953321938,1.6857533823865112,0,35283.69731313624,4.106063703498462,107.91135938538325,23,2,1
39.589424595277016,4.5220486208290955,1,100141.91003730298,6.769718096703919,41.314565964546105,39,1,2
37.32607614085297,1.2017132955939935,0,116770.21495968425,5.347391380137249,30.360917989222692,6,0,2
29.414742739501285,4.586377357669866,0,110456.72359685537,8.346064719614363,2.8768203962526018,36,2,2
32.38899417050996,3.6448554298895726,0,40018.866772333626,9.96140325048947,19.944553033672683,71,1,2
47.08387199367071,4.6599336060635,1,15244.646090065902,0.6034274899984216,77.70249104676594,76,1,1
33.84791783020104,4.753553457571328,1,28074.342604728936,3.835470243580944,34.489443349931875,82,2,0
49.86034694956047,0.8005493858662466,0,20127.93146788965,5.796562683307304,53.49231336060011,49,1,0
34.696793359764435,3.510344546216996,1,119499.03947207531,7.1221319707742525,87.3933301911672,55,2,0
30.41555510551321,1.198787040766482,0,108806.05758194356,8.030210357423824,103.55379709789412,95,2,1
20.160905927610532,3.0691675443707607,0,25015.802259380154,9.578908188465073,58.042639889528715,64,1,2
30.531012491807385,1.2772713160383853,0,86016.5429093627,9.321375388294406,113.84262654526924,68,0,0
43.43817508354834,2.304997329760444,1,42331.5677849098,7.724708562574186,7.182491242525533,17,0,1
10.071446756132826,1.963713594012812,0,61070.702691958635,2.422226154880139,56.896187865282016,93,0,2
18.725173455504173,0.32434467921760357,0,33800.823997404565,6.354934839377559,109.7652600890306,55,1,1
48.646287177881106,3.131361987363616,0,8574.297573546812,7.7504416341339075,19.883269597386565,6,1,1
27.711601735040226,3.379582901211772,0,25933.999587967202,1.5621858532581578,112.97740328235041,17,0,1
44.62525162282025,4.3968833605016355,1,1110.350683926399,2.6153989174165524,45.861421318581044,90,0,1
24.38643886889954,3.564985319286786,0,8183.960165903141,4.50927595972764,23.741601470225536,51,2,2
39.332262971851875,0.9558363355512806,1,34164.20699533732,4.760298989786778,2.499373348196756,79,0,0
37.91536987971503,3.101042288738633,0,44633.86686469172,1.909880477898731,112.41935750897831,34,0,0
18.176718905375235,2.350500897667293,1,74802.69935181708,1.1351593818391081,62.48023749524873,9,0,2
13.308034527788731,1.4209777420596337,0,41829.00027175486,3.052098402088197,16.38123689031639,97,0,2
19.52656803115878,0.5370671361323703,1,106290.66457748965,9.221189838126158,109.48118975418296,95,2,2
29.761429023856127,0.30936285494512106,0,79253.77485662665,9.201071057161336,23.926882704011593,52,1,0
43.282450463673705,3.9622511214035883,0,100766.94031490848,6.308212998267128,59.95620913134327,29,1,0
18.101780091267152,1.5390657449337426,0,56798.067531497756,8.419288010647152,117.38409048548955,20,2,1
19.189492933279983,3.1908951573258046,0,34349.350705219884,7.882560866138867,19.486898354781474,23,2,1
33.84791783020104,4.7533640820985745,1,28074.342604728936,3.835470243580944,34.489443349931875,82,2,0
34.651082735351046,3.4437622554457534,1,119499.03947207531,7.123117697113078,80.27886653063621,55,2,0
13.308034527788731,1.4336683458745667,0,33881.37557215136,3.052098402088197,1.8781461973345897,97,0,2
32.38899417050996,3.6448554298895726,0,42167.634486105846,9.96140325048947,19.944553033672683,71,1,2
47.08387199367071,4.6599336060635,1,15244.646090065902,0.6034274899984216,89.15446567365203,18,0,1
17.988528977738024,2.7519713030082538,0,57697.90261212739,8.408806795617386,112.92361013745786,49,0,1
49.86034694956047,1.9642593835002287,0,20127.93146788965,6.1594965211671955,53.49231336060011,49,1,0
29.761429023856127,0.30936285494512106,0,70615.37628942165,9.072647252937214,23.926882704011593,52,1,0
24.38643886889954,0.7247764465515867,0,7589.72412537822,9.244423050678405,25.864293064208447,94,2,2
18.176718905375235,3.0922347726732795,1,74802.69935181708,1.8448860667703595,114.46322153559234,15,0,0
30.41555510551321,1.151776814129158,0,108806.05758194356,8.030210357423824,60.299496739973215,95,1,0
44.62525162282025,4.3968833605016355,0,84298.37393035795,2.5710764794013317,45.861421318581044,65,0,1
37.970526026147645,4.241137732666677,1,37667.74721551793,2.840827530698804,119.49687796449852,55,0,2
21.05264039652878,1.2865209995218145,0,31908.219706021384,9.11302230980394,44.31562077661485,90,2,2
48.70542178718744,1.6262202128692684,0,8172.070350416279,4.10809081709424,108.27516131988861,6,1,1
20.160905927610532,3.0689207475961044,0,25015.802259380154,9.578908188465073,58.042639889528715,64,1,2
43.48388562789466,2.371579620494269,1,42331.5677849098,7.72372283623536,14.372023614163545,17,0,1
39.332262971851875,0.9431457317364781,1,42111.83169494083,4.830510426052515,17.01453182504593,79,0,0
39.589424595277016,4.5220486208290955,1,100141.91003730298,6.769718096703919,41.314565964546105,34,1,2
27.711601735040226,3.379582901211772,0,25933.999587967202,2.558485207719073,112.97740328235041,75,1,1
41.04952795579196,1.5390657449337426,0,74175.36757378795,9.602147191817558,117.38409048548955,20,2,1
10.071446756132826,0.8000036144836672,0,61070.702691958635,2.422226154880139,56.896187865282016,86,0,2
18.725173455504173,0.32434467921760357,0,33800.823997404565,7.003044297970237,109.7652600890306,54,1,1
19.52656803115878,3.1932630271859184,1,106290.66457748965,4.485001266647734,107.32129578305543,52,2,2
37.91536987971503,2.359308413732643,0,44633.86686469172,1.2001537929705846,60.3607275818912,34,0,2
43.282450463673705,4.009252465206018,0,100766.94031490848,6.308212998267128,103.21042628903352,37,2,1
30.531012491807385,1.2696716629625078,1,3856.550036617664,9.392186695876171,113.84262654526924,90,0,0
37.351857013818226,1.2262920610410326,0,116770.21495968425,5.347391380137249,30.360917989222692,4,0,2
29.414742739501285,4.586377357669866,0,110488.83461116167,8.346064719614363,2.8768203962526018,33,2,1
48.70542178718744,1.6209383154328223,0,8172.070350416279,4.115394620063551,61.109232595797685,34,1,1
23.34561845837235,3.379582901211772,0,28398.08217456987,1.5621858532581578,118.48802154113724,17,0,1
15.94775155602191,2.8978052474473577,0,57376.863129570804,1.9238452983738732,112.92361013745786,57,0,0
18.725173455504173,0.32434467921760357,0,13847.440781577523,7.003044297970237,109.75551735544153,54,1,1
39.589424595277016,4.5220486208290955,1,100141.91003730298,6.769718096703919,7.365953719321876,16,0,2
46.446313914566744,2.2220315464947893,1,71754.97567522674,1.1294811943546283,89.15446567365203,18,0,1
37.9963068991129,4.241137732666677,1,37667.74721551793,8.237416678312087,119.84412248544237,55,0,1
40.936228081399264,3.170179623214288,0,74083.26443643047,9.591672528435346,112.92361013745786,49,0,1
39.332262971851875,1.1165017013685716,1,42440.247969898344,4.830510426052515,52.9962041550542,79,0,0
27.711601735040226,3.3981365777432986,0,28833.14060966995,2.558485207719073,116.67213949138868,75,1,2
41.9483260442483,3.131361987363616,0,8574.297573546812,7.931970330973762,118.35908723739578,8,1,1
37.91536987971503,3.101042288738633,0,43023.81380632385,1.909880477898731,118.76476382764238,34,0,0
41.04952795579196,1.54720079227593,0,78977.62728749095,9.60337594534824,108.80529484885369,20,2,1
43.282450463673705,3.9622511214035883,0,116998.77106429919,5.377164315604632,59.95620913134327,29,1,0
30.028356815322912,1.2696716629625078,1,38943.498957050106,9.392186695876171,19.882461678279483,90,0,1
41.88670837891272,2.3645903111691196,0,44633.86686469172,0.8761629053156872,107.5254190538224,9,0,2
49.86034694956047,0.8005493858662466,0,20127.93146788965,5.796562683307304,53.49231336060011,44,1,0
18.176718905375235,2.7492739546759197,1,75123.73883437355,8.329747805753232,114.46322153559234,13,0,1
17.696474041916368,3.1932630271859184,1,104568.20323407551,4.485001266647734,107.3310385166445,52,2,2
43.43817508354834,2.304997329760444,1,42331.5677849098,7.724708562574186,41.13301714378068,35,1,1
18.791470703183897,4.782324590386681,1,18293.506282946822,0.609105677530553,62.48023749524873,15,0,2
18.101780091267152,1.5390657449337426,0,56798.067531497756,3.0226380949661955,117.38862236817602,24,2,2
19.189492933279983,2.4700230692981253,0,38607.37374326931,7.542348917135017,19.486898354781474,25,2,1
49.86034694956047,1.4389646323490735,0,19799.515239632085,6.1594965211671955,17.51065563985207,48,1,0
20.160905927610532,3.0691675443707607,0,25958.353274066532,9.578908188465073,59.99997817704037,64,1,1
45.24887180565096,4.241137732666677,1,37667.74721551793,2.8506880542322746,19.182530330409797,56,0,2
37.351857013818226,1.2262920610410326,0,117180.98952626942,5.347391380137249,39.11583542296389,4,0,2
19.405228953321938,1.677618335044324,0,35283.69731313624,4.365666461642602,116.89916848148692,35,2,1
37.32607614085297,1.2017132955939935,0,100535.95013758607,5.555761729560413,30.360917989222692,6,0,2
43.48388562789466,2.371579620494269,1,6596.213746525388,7.72372283623536,114.75824581092746,17,0,0
18.101780091267152,1.5390657449337426,0,56798.067531497756,0.017854799953486378,63.433490228214716,15,0,1
18.593820224018593,0.3111274424324242,0,13847.440781577523,7.003044297970237,56.36753657789367,54,1,1
48.888423584413836,3.131361987363616,0,8574.297573546812,7.7504416341339075,19.75052231380333,12,1,1
43.43817508354834,2.30602102279558,1,42710.94550224835,7.724708562574186,7.182491242525533,17,0,1
23.34561845837235,3.1958311906004573,0,22800.33950173846,1.5621858532581578,118.48802154113724,17,0,1
27.715795435763653,3.39477199060497,1,27263.598164810297,2.467028421599494,112.97740328235041,9,0,1
19.52656803115878,3.061602340961507,1,106290.66457748965,4.485001266647734,107.52419506740378,53,0,2
37.91536987971503,3.000723970174163,0,43023.81380632385,1.909880477898731,118.76476382764238,34,0,0
37.994007214445354,2.824448188644442,1,34776.26950538251,2.843832636722688,119.49687796449852,55,0,2
30.028356815322912,1.2696716629625078,1,73562.55230838209,9.392186695876171,112.10253502120199,90,0,1
18.60378452529624,3.170179623214288,1,74083.26443643047,9.591672528435346,94.10762286471511,19,0,1
43.48388562789466,1.5212810897337383,1,57036.43467627893,7.548726419608233,110.65948177795441,24,0,2
49.86034694956047,0.6056688152157924,0,19990.414115256357,1.0517993503285052,53.49231336060011,49,1,1
43.43817508354834,2.360280463310822,1,42331.5677849098,7.724708562574186,110.54879816544513,41,1,1
38.00507209561996,4.241137732666677,1,37667.74721551793,8.237416678312087,119.86989098070639,3,0,1
18.791470703183897,4.782324590386681,1,15707.794906813964,9.006089830233101,116.67727061155549,20,2,2
38.04673661093478,2.3730930362894673,0,44633.86686469172,1.2001537929705846,113.6771822896223,38,0,2
47.13287936266885,4.6599336060635,1,22929.645292138935,0.6034274899984216,89.28802901275152,18,0,1
43.48388562789466,2.7901714677038085,1,6223.718854343999,7.72372283623536,114.75824581092746,17,0,0
19.189492933279983,3.374646867937119,0,34349.350705219884,7.882560866138867,19.486898354781474,23,2,1
18.172525222232355,2.3353118082694495,0,73473.10761639132,1.54122360887323,62.48023749524873,27,0,2
41.88670837891272,2.3645903111691196,0,44633.86686469172,0.8761629053156872,107.32251976947404,7,2,2
19.405228953321938,2.2723988705642473,0,35283.69731313624,4.106063703498462,105.53452403978223,23,2,1
37.917669564382585,4.216498293228792,0,40609.33968943662,1.9068753718749312,113.78871528666264,34,0,0
18.176718905375235,3.4499934811728488,1,40183.64600457082,1.8448860667703595,21.99803176807297,7,0,0
40.509192518326735,2.7492739546759197,0,75123.73883437355,8.329747805753232,114.46322153559234,49,0,1
18.101780091267152,2.389364275694974,0,42093.20064012865,3.1976332954780893,19.672243379166993,17,2,1
46.446313914566744,2.2220315464947893,1,71754.97567522674,5.874568883069452,90.18612721751052,14,0,0
48.70542178718744,1.5241377610634048,0,8172.070350416279,4.10809081709424,38.8150492121192,5,1,1
37.34309181731117,1.2262920610410326,0,117180.98952626942,4.730124726691876,39.11583542296389,45,0,2
23.34561845837235,3.379582901211772,1,28658.52771281576,1.3346862258009624,118.48802154113724,17,0,1
49.72469748995724,3.195072432952452,0,6412.483763004448,7.8548278052662575,118.48802154113724,12,0,1
27.542022542612052,2.371579620494269,1,42331.5677849098,7.562240234155098,17.53011799874945,9,0,1
48.721632486973824,2.2215229709566158,0,8172.070350416279,3.5201367360483973,86.3047461234842,5,1,1
19.189492933279983,3.1605160354115798,1,34349.350705219884,8.436922246953458,19.486898354781474,23,2,1
17.840906896566374,3.0922347726732795,1,74802.69935181708,1.8448860667703595,114.46322153559234,18,0,0
17.556795854463378,3.0838201295351397,1,19305.400123272604,0.6260858977234155,118.76476382764238,34,0,0
18.176718905375235,2.7541058381250805,1,39544.405011154064,7.712476850904755,18.68578611388684,5,0,1
18.101780091267152,4.71094777935756,0,58045.98661292558,8.4584813909824,89.2499698374719,20,2,1
38.33241923916541,4.241137732666677,0,6633.25349020634,4.270413652770737,119.86989098070639,6,0,1
40.36177075279008,2.304997329760444,1,43545.98563271687,7.724708562574186,87.11980008101588,17,0,1
18.101780091267152,1.4482818301187295,0,57043.707196631614,0.017854799953486378,63.433490228214716,15,0,1
31.253333990393916,4.6599336060635,1,15244.646090065902,0.6034274899984216,19.286868123190274,17,0,1
37.917669564382585,4.217356373776503,0,40584.22168536099,1.9068753718749312,113.50009678733038,42,0,0
43.48388562789466,2.8918481121079314,1,16056.742426706785,7.72372283623536,114.72368945219519,9,0,0
18.791470703183897,4.782324590386681,0,16759.06108486152,9.224002274009335,116.67727061155549,20,2,2
22.14214743753756,3.1321207450116213,0,24177.077593047812,1.458107962399514,19.75052231380333,17,1,1
45.120226725798105,3.39477199060497,1,27263.598164810297,2.582068342061387,112.97740328235041,17,0,1
46.43010294738597,1.5246463366016014,1,71754.97567522674,1.1294811943546283,39.94977709681236,18,0,1
42.85300323759646,2.30602102279558,0,42710.94550224835,7.724708562574186,7.182491242525533,17,0,1
39.92958509372844,4.820287674549785,0,42011.920143573996,1.8929007637137727,64.46382363435843,15,0,2
18.381174437123363,3.445161597723669,1,75762.97983308649,2.4621114533670045,116.72543320248786,13,0,0
44.9190397869254,1.5572324539812294,1,23100.3103180086,0.41385469196723546,111.6516640247846,17,0,1
48.3731403924224,1.6262202128692684,1,39210.545550094386,8.827386488736877,108.27516131988861,3,1,1
46.434490730002004,2.2220315464947893,1,70540.55782754975,5.874568883069452,10.34377635745993,14,0,0
18.60378452529624,3.2609635481159063,1,74083.26443643047,9.591672528435346,94.10762286471511,14,0,1
46.96424643334902,1.2696716629625078,1,48768.38092902917,8.191265845004533,89.75125451537835,90,0,1
37.91536987971503,3.101042288738633,0,43048.93181039948,1.909880477898731,119.05193756257634,34,0,0
18.176718905375235,3.0698153670168313,1,63104.09520872464,1.1351593818391081,62.47028677941128,17,0,2
49.68637751902624,1.6262202128692684,1,79812.23903742063,4.10809081709424,117.20642935535714,13,1,1
21.05264039652878,1.2865209995218145,0,47467.85082859162,9.11302230980394,44.31562077661485,87,2,1
40.936228081399264,2.7519713030082538,0,75075.20265441769,9.591672528435346,112.92361013745786,49,0,1
37.9963068991129,4.241137732666677,1,37667.74721551793,2.840827530698804,119.49687796449852,55,0,2
19.405228953321938,1.6857533823865112,0,35283.69731313624,4.106063703498462,107.91135938538325,23,2,1
39.589424595277016,4.5220486208290955,1,100141.91003730298,6.769718096703919,41.314565964546105,39,1,2
37.32607614085297,1.2017132955939935,0,116770.21495968425,5.347391380137249,30.360917989222692,6,0,2
29.414742739501285,4.586377357669866,0,110456.72359685537,8.346064719614363,2.8768203962526018,36,2,2
32.38899417050996,3.6448554298895726,0,40018.866772333626,9.96140325048947,19.944553033672683,71,1,2
47.08387199367071,4.6599336060635,1,15244.646090065902,0.6034274899984216,77.70249104676594,76,1,1
33.84791783020104,4.753553457571328,1,28074.342604728936,3.835470243580944,34.489443349931875,82,2,0
49.86034694956047,0.8005493858662466,0,20127.93146788965,5.796562683307304,53.49231336060011,49,1,0
34.696793359764435,3.510344546216996,1,119499.03947207531,7.1221319707742525,87.3933301911672,55,2,0
30.41555510551321,1.198787040766482,0,108806.05758194356,8.030210357423824,103.55379709789412,95,2,1
20.160905927610532,3.0691675443707607,0,25015.802259380154,9.578908188465073,58.042639889528715,64,1,2
30.531012491807385,1.2772713160383853,0,86016.5429093627,9.321375388294406,113.84262654526924,68,0,0
43.43817508354834,2.304997329760444,1,42331.5677849098,7.724708562574186,7.182491242525533,17,0,1
10.071446756132826,1.963713594012812,0,61070.702691958635,2.422226154880139,56.896187865282016,93,0,2
18.725173455504173,0.32434467921760357,0,33800.823997404565,6.354934839377559,109.7652600890306,55,1,1
48.646287177881106,3.131361987363616,0,8574.297573546812,7.7504416341339075,19.883269597386565,6,1,1
27.711601735040226,3.379582901211772,0,25933.999587967202,1.5621858532581578,112.97740328235041,17,0,1
44.62525162282025,4.3968833605016355,1,1110.350683926399,2.6153989174165524,45.861421318581044,90,0,1
24.38643886889954,3.564985319286786,0,8183.960165903141,4.50927595972764,23.741601470225536,51,2,2
39.332262971851875,0.9558363355512806,1,34164.20699533732,4.760298989786778,2.499373348196756,79,0,0
37.91536987971503,3.101042288738633,0,44633.86686469172,1.909880477898731,112.41935750897831,34,0,0
18.176718905375235,2.350500897667293,1,74802.69935181708,1.1351593818391081,62.48023749524873,9,0,2
13.308034527788731,1.4209777420596337,0,41829.00027175486,3.052098402088197,16.38123689031639,97,0,2
19.52656803115878,0.5370671361323703,1,106290.66457748965,9.221189838126158,109.48118975418296,95,2,2
29.761429023856127,0.30936285494512106,0,79253.77485662665,9.201071057161336,23.926882704011593,52,1,0
43.282450463673705,3.9622511214035883,0,100766.94031490848,6.308212998267128,59.95620913134327,29,1,0
18.101780091267152,1.5390657449337426,0,56798.067531497756,8.419288010647152,117.38409048548955,20,2,1
49.00686370435005,0.8005493858662466,0,74080.18155877863,6.0208435502976165,53.49231336060011,49,1,0
38.92870648770402,2.938212311331615,0,44654.58478128632,3.057302221668872,19.753604156814163,97,0,2
32.38899417050996,3.991328535156594,0,40018.866772333626,1.5676907405835152,19.944553033672683,71,1,2
29.39960482872786,3.0691675443707607,0,22687.965109287346,9.62437403602841,58.042639889528715,64,1,2
47.08387199367071,4.6599336060635,1,15244.646090065902,0.35246556655007444,67.84169169207937,55,2,0
39.589424595277016,3.2185217030221875,1,100141.91003730298,7.060675806366978,20.347237741780294,39,1,2
30.46123124379982,2.780611918748318,0,75075.20265441769,8.107085558548222,103.50728873481317,49,0,1
30.531012491807385,1.6782925592418707,0,86016.5429093627,9.321375388294406,114.87563548882892,56,0,0
43.43817508354834,2.3945591624394087,0,56633.635303776326,7.741895624673025,117.28297214520653,17,0,1
45.97566308678475,4.3968833605016355,1,430.813515622458,9.459671384817904,45.60402205515322,88,0,1
33.84791783020104,4.753553457571328,1,26405.65990032754,3.835470243580944,34.489443349931875,52,2,0
19.41679882042746,1.6857533823865112,0,35283.69731313624,4.106063703498462,107.91135938538325,29,2,1
19.52656803115878,0.5209296891091669,1,106290.66457748965,6.3671566665209935,109.48118975418296,29,2,0
18.487209792022796,2.350500897667293,1,20850.57269991734,0.9119497703823733,62.48023749524873,9,0,2
12.348914862942205,1.583807722126077,0,41808.28235516026,1.904676658319525,108.92293015038314,34,0,0
27.711601735040226,3.379582901211772,0,25933.999587967202,9.811059687091834,112.97740328235041,17,0,1
20.176043839599686,4.586377357669866,0,112589.69494322136,8.300572706942164,2.8768203962526018,36,2,2
34.51918461468299,3.4118854499012583,1,119499.03947207531,6.12223049025018,87.3933301911672,79,1,1
48.646287177881106,4.434884503848597,0,8574.297573546812,7.7504416341339075,40.8505978365448,6,1,1
40.89055192528178,1.1701464460609112,0,108806.05758194356,9.514771071409799,112.97011842079935,95,2,1
37.9963068991129,4.241137732666677,1,37667.74721551793,2.840827530698804,119.49687796449852,60,0,2
18.695631837952906,1.5741714694734843,1,42496.00001263124,8.402100948548298,14.222233866726754,20,2,1
29.761429023856127,0.30936285494512106,0,79656.33362217195,2.335952202480924,24.538582559460565,52,1,0
24.38643886889954,4.061719149158314,0,9852.660893151437,4.50927595972764,23.741601470225536,80,2,2
21.177048194226863,0.32434467921760357,0,33800.823997404565,6.354934839377559,109.7652600890306,55,1,1
43.220627110862424,3.7509196823833033,0,100766.94031490848,9.162200052227359,59.95620913134327,93,1,2
21.170355232017506,3.1115135276646617,0,105708.29973169138,6.360645807127561,58.02259761414917,29,1,2
37.91536987971503,1.1805171808262531,0,44174.955783036756,1.909880477898731,29.108608308041795,34,0,0
42.27279853762743,3.9622511214035883,0,20054.90660204037,9.52520237000418,59.97625140672282,64,1,0
37.32607614085297,3.1222385186616295,0,116846.29055289936,5.347391380137249,112.2610037899782,6,0,2
48.646287177881106,3.131361987363616,0,8574.297573546812,7.7504416341339075,19.883269597386565,0,1,1
40.89055192528178,1.1701464460609112,0,108806.05758194356,9.514771071409799,112.97011842079935,95,2,2
31.40990432959125,0.30936285494512106,0,63175.29279374897,9.201071057161336,27.31145411968067,52,1,0
37.9668119641193,4.729712079594787,0,118643.53490509877,1.9211392338886748,2.8768203962526018,36,2,2
22.78286330368528,0.5370671361323703,1,104980.53013734103,9.221189838126158,108.916308421802,93,0,2
22.145873892976894,0.5651252371662768,0,20127.93146788965,5.796562683307304,53.49231336060011,49,1,1
34.088190563312985,4.758975749720446,0,26415.630926602862,3.6781135347615397,34.489443349931875,52,2,0
19.52656803115878,0.5209296891091669,1,106290.66457748965,6.3671566665209935,106.53473370473944,29,2,0
18.497607084154822,1.6025026806206015,1,42584.80129114649,3.093526542695707,9.910911857570653,17,2,1
10.04086045183259,1.75467210225584,0,61070.702691958635,2.422226154880139,56.896187865282016,93,0,1
43.776271233708435,2.4162611810115315,0,56969.0312528916,9.16265473127122,117.19595915727068,93,1,2
37.68015551373683,3.101042288738633,1,44633.86686469172,1.906334030829953,112.41935750897831,5,0,0
43.43817508354834,2.304997329760444,0,43275.87918449673,1.0757557523912817,5.067969060833285,24,0,1
38.61915671370726,4.268328136545691,1,32339.054630221322,2.840827530698804,108.13719751509326,60,0,2
34.696793359764435,3.1663156986212715,1,619.8617712175856,7.1221319707742525,43.14731928883488,55,2,0
28.674803846480657,2.780611918748318,0,75075.20265441769,8.107085558548222,98.70746009487695,49,0,1
18.967267230933327,2.4831926259033277,1,20850.57269991734,0.8172781201711912,62.48023749524873,9,0,1
16.453326785469876,1.5390657449337426,0,79182.00702614682,8.419288010647152,110.47263682376497,20,2,1
20.381792979683027,0.9329848204596589,0,44174.955783036756,7.635808285768743,29.108608308041795,36,0,0
11.898692764396262,1.583807722126077,0,43115.079759285785,1.904676658319525,117.92822542068862,34,2,0
46.667820962013145,0.32434467921760357,0,33800.823997404565,6.249710076662008,109.77058674447527,55,1,0
27.471329001928208,3.373956011216082,1,25924.028561691877,9.869801658096472,112.97740328235041,17,0,1
47.08387199367071,4.6599336060635,1,15244.646090065902,0.35246556655007444,70.78734317095267,55,2,0
38.194349031472186,4.212776460590632,1,37578.945937002674,8.464614542952349,119.46400243577867,59,0,2
19.405228953321938,1.9715023914552545,0,35283.69731313624,4.106063703498462,107.91135938538325,23,2,2
43.21754188131,3.729217662678007,0,100431.51440483061,7.741440858365536,59.807968891887995,17,0,1
21.336176779769424,2.350500897667293,0,76880.94697164705,1.138705828911583,65.6462514321341,38,0,2
27.711601735040226,3.379582901211772,1,24989.68818875366,8.139818839788163,112.57337708534355,17,0,1
19.546132086675733,1.7046637709388446,0,35483.05567150796,4.106063703498462,119.66024090850574,39,2,1
48.49829423888541,4.376488377003601,0,119513.45801149616,7.1321859923081465,85.0966082614198,6,1,1
37.961064971405634,4.6599336060635,1,22480.013786607888,0.35246556655007444,70.78734317095267,30,2,0
18.101780091267152,1.5390657449337426,0,55699.0202975815,8.419288010647152,108.43106850555708,20,2,2
48.646287177881106,4.434884503848597,0,8574.297573546812,7.7504416341339075,40.8505978365448,7,1,1
45.13170389430026,4.537146651425673,0,8574.297573546812,0.333986246464022,20.829424477637186,61,1,0
37.68015551373683,2.476873176146419,1,39178.84231633023,3.4777554129908443,63.74279077725065,4,0,0
19.52656803115878,0.9378707223265766,0,114554.67763398359,6.355152420098392,13.694029803536644,39,2,0
19.205862112927313,1.6857533823865112,0,42307.80781464249,4.2933219061583845,107.91135938538325,28,0,1
16.37571305607234,1.5390657449337426,0,42595.45600615887,8.419288010647152,109.3844500645416,20,0,0
46.40808311228927,0.36845065658200915,0,33402.660865036116,8.107085558548222,103.50728873481317,55,0,0
29.452818513607863,2.420077696455388,0,25944.10531645212,0.8815231595859012,112.97740328235041,13,0,1
43.43817508354834,3.3427550761516347,0,56633.635303776326,7.741895624673025,117.28297214520653,38,0,1
18.176718905375235,2.2946788631766064,1,79043.10105890354,1.1351593818391081,112.44331515902748,17,0,1
27.21749701451296,0.5209296891091669,1,102329.8163706554,9.643418942595547,113.13308680355316,17,0,0
48.646287177881106,3.131361987363616,0,8574.297573546812,1.6011256624558516,34.429927711275994,6,1,1
47.03812310359726,1.1805171808262531,0,44174.955783036756,1.909880477898731,29.108608308041795,55,0,0
19.405228953321938,1.9715023914552545,0,36382.74454707661,4.106063703498462,116.86426541197169,23,2,1
18.497607084154822,1.6025026806206015,1,42584.80129114649,3.093526542695707,9.910911857570653,16,2,1
45.36992531474096,3.18713522838269,1,15244.646090065902,7.807841813384091,66.8955826273052,1,2,1
18.967267230933327,3.107361738495541,1,20850.57269991734,0.8172781201711912,109.08609545143403,9,0,1
20.381792979683027,0.5160437872640591,1,44174.955783036756,7.647812532190793,118.5182769768937,36,0,0
43.16658581981182,2.2812080576130453,1,35307.45728340356,7.84409263891521,7.182491242525533,17,2,1
12.130897447176624,1.583807722126077,0,78394.8333740274,1.904676658319525,108.8137667599979,36,2,1
30.87161751473724,2.737381850977262,0,75473.3659839087,6.249710076662008,109.77058674447527,55,1,1
18.487209792022796,3.3100061024218914,1,20840.46697143242,1.592612464097045,67.71370333364314,17,0,2
27.711601735040226,2.682796210645847,1,24989.68818875366,8.139818839788163,112.57337708534355,17,0,1
27.711601735040226,3.435404935680963,0,21693.80914035406,9.811059687091834,62.99902038393397,9,0,2
19.7804000189415,3.373956011216082,1,21641.087354382504,6.576975645265792,108.86697306685016,29,2,1
33.84791783020104,4.753553457571328,1,26405.65990032754,7.753899470966786,19.9427852362089,52,2,0
18.967267230933327,2.4831926259033277,0,20850.57269991734,0.8172781201711912,62.48023749524873,9,0,1
30.46123124379982,2.942821908484438,1,75075.20265441769,8.107085558548222,109.17284974817149,49,0,1
18.176718905375235,1.70112127634868,1,71285.92823058643,8.34230986815315,62.48023749524873,19,0,2
37.487175370017916,3.103596171178191,1,43992.029701554755,1.932269499380865,112.55931527835688,29,0,1
29.132007536576545,3.131361987363616,0,8574.297573546812,0.7973803335240293,19.883269597386565,17,1,1
18.487209792022796,2.9689179526682636,1,20850.57269991734,0.9119497703823733,62.48023749524873,17,0,2
19.498578468839934,0.5209296891091669,1,106290.66457748965,5.775689354442272,109.48118975418296,29,0,1
37.68015551373683,2.4728529365826555,1,41400.92294136865,3.5131471361033046,67.71905206891557,4,0,0
18.967267230933327,2.4831926259033277,0,32748.111277993914,0.2801703553849748,62.16455149204782,9,0,1
19.388380341678616,1.9715023914552545,0,53327.28581849268,4.058364046732398,108.42609049433767,23,2,2
18.967267230933327,2.4861643251418064,1,20850.57269991734,0.8172781201711912,62.48023749524873,9,2,1
18.497607084154822,1.6025026806206015,1,42584.80129114649,2.9456811654771986,12.616024624556564,20,2,1
18.119362218205996,1.6957680408756088,1,41102.28967174993,1.859844912102524,112.44331515902748,17,0,1
19.41679882042746,1.6857533823865112,0,80953.14981581346,4.106063703498462,107.98110527511294,36,2,1
27.711601735040226,4.817742014560583,1,24989.68818875366,0.5043445692379933,112.57337708534355,17,0,0
18.03119654159843,0.5209296891091669,1,106290.66457748965,6.3671566665209935,106.21573697320358,29,2,0
20.381792979683027,0.5160437872640591,0,44174.955783036756,7.647812532190793,109.60091429724478,36,0,0
43.43817508354834,2.304997329760444,1,42331.5677849098,1.1561267345737138,7.182491242525533,10,0,1
20.464642124553087,3.3714021287765235,1,22282.924532750432,6.551045282460743,108.7270152974706,5,2,0
43.53563087419341,2.420077696455388,0,25944.10531645212,7.84019473221156,112.97740328235041,6,0,1
27.711601735040226,3.379582901211772,1,24989.68818875366,8.139818839788163,112.57337708534355,9,0,1
18.99525679325217,2.9330800547340914,1,20850.57269991734,0.8172781201711912,109.08609545143403,9,2,0
18.487209792022796,3.3100061024218914,1,20840.46697143242,1.5572207516067205,63.73744204197823,17,0,2
27.471329001928208,3.373956011216082,1,17190.374988418527,9.97053397723899,112.97740328235041,17,0,1
18.118628702910474,1.5390657449337426,0,34750.09923972411,8.46696853560417,109.11707712045859,20,2,2
18.497607084154822,1.599530981382491,1,42584.80129114649,3.093526542695707,9.910911857570653,17,0,1
18.695631837952906,1.7009606078151247,1,42496.00001263124,8.402100948548298,14.222233866726754,16,2,1
19.26321880009655,2.28466420468751,0,78398.68181501863,4.238356853107233,107.91135938538325,28,0,1
12.130897447176624,1.583807722126077,0,25211.35171986455,1.904676658319525,108.74402087026822,29,2,1
37.961064971405634,1.8379465318423365,1,22480.013786607888,8.255627042024159,70.78734317095267,30,2,1
19.597151580827504,1.5390657449337426,0,56798.067531497756,8.419288010647152,117.7017704030997,20,2,1
14.001912396917955,1.5390657449337426,1,42595.45600615887,8.453664566291042,118.30029231263164,20,0,0
21.05264039652878,1.2865209995218145,0,47467.85082859162,9.11302230980394,44.31562077661485,87,2,1
40.936228081399264,2.7519713030082538,0,75075.20265441769,9.591672528435346,112.92361013745786,49,0,1
37.9963068991129,4.241137732666677,1,37667.74721551793,2.840827530698804,119.49687796449852,55,0,2
19.405228953321938,1.6857533823865112,0,35283.69731313624,4.106063703498462,107.91135938538325,23,2,1
39.589424595277016,4.5220486208290955,1,100141.91003730298,6.769718096703919,41.314565964546105,39,1,2
37.32607614085297,1.2017132955939935,0,116770.21495968425,5.347391380137249,30.360917989222692,6,0,2
29.414742739501285,4.586377357669866,0,110456.72359685537,8.346064719614363,2.8768203962526018,36,2,2
32.38899417050996,3.6448554298895726,0,40018.866772333626,9.96140325048947,19.944553033672683,71,1,2
47.08387199367071,4.6599336060635,1,15244.646090065902,0.6034274899984216,77.70249104676594,76,1,1
33.84791783020104,4.753553457571328,1,28074.342604728936,3.835470243580944,34.489443349931875,82,2,0
49.86034694956047,0.8005493858662466,0,20127.93146788965,5.796562683307304,53.49231336060011,49,1,0
34.696793359764435,3.510344546216996,1,119499.03947207531,7.1221319707742525,87.3933301911672,55,2,0
30.41555510551321,1.198787040766482,0,108806.05758194356,8.030210357423824,103.55379709789412,95,2,1
20.160905927610532,3.0691675443707607,0,25015.802259380154,9.578908188465073,58.042639889528715,64,1,2
30.531012491807385,1.2772713160383853,0,86016.5429093627,9.321375388294406,113.84262654526924,68,0,0
43.43817508354834,2.304997329760444,1,42331.5677849098,7.724708562574186,7.182491242525533,17,0,1
10.071446756132826,1.963713594012812,0,61070.702691958635,2.422226154880139,56.896187865282016,93,0,2
18.725173455504173,0.32434467921760357,0,33800.823997404565,6.354934839377559,109.7652600890306,55,1,1
48.646287177881106,3.131361987363616,0,8574.297573546812,7.7504416341339075,19.883269597386565,6,1,1
27.711601735040226,3.379582901211772,0,25933.999587967202,1.5621858532581578,112.97740328235041,17,0,1
44.62525162282025,4.3968833605016355,1,1110.350683926399,2.6153989174165524,45.861421318581044,90,0,1
24.38643886889954,3.564985319286786,0,8183.960165903141,4.50927595972764,23.741601470225536,51,2,2
39.332262971851875,0.9558363355512806,1,34164.20699533732,4.760298989786778,2.499373348196756,79,0,0
37.91536987971503,3.101042288738633,0,44633.86686469172,1.909880477898731,112.41935750897831,34,0,0
18.176718905375235,2.350500897667293,1,74802.69935181708,1.1351593818391081,62.48023749524873,9,0,2
13.308034527788731,1.4209777420596337,0,41829.00027175486,3.052098402088197,16.38123689031639,97,0,2
19.52656803115878,0.5370671361323703,1,106290.66457748965,9.221189838126158,109.48118975418296,95,2,2
29.761429023856127,0.30936285494512106,0,79253.77485662665,9.201071057161336,23.926882704011593,52,1,0
43.282450463673705,3.9622511214035883,0,100766.94031490848,6.308212998267128,59.95620913134327,29,1,0
18.101780091267152,1.5390657449337426,0,56798.067531497756,8.419288010647152,117.38409048548955,20,2,1
37.90490411532528,3.1893863149550823,1,44267.617855715696,4.893590311193028,3.028915452986425,82,0,0
29.761429023856127,4.241379865820668,0,79253.77485662665,9.201071057161336,23.926882704011593,52,1,0
27.610299860705695,4.589188697854123,0,15244.646090065902,0.6049959096486872,109.8465281197432,64,1,1
49.86034694956047,0.8077380575193255,0,16965.091273401566,5.796562683307304,50.938083650880536,56,1,0
21.05264039652878,1.2865209995218145,0,49616.61853369336,9.11302230980394,44.31562077661485,87,0,1
24.38643886889954,3.564985319286786,0,8183.960165903141,4.50927595972764,35.19763429690089,9,0,2
18.60260862050266,0.32434467921760357,0,34220.816653378,6.342688948445774,109.7652600890306,55,1,1
30.41555510551321,3.5114291286314625,0,108806.05758194356,8.3878034128915,103.55379709789412,95,2,1
39.589424595277016,4.5220486208290955,1,91503.51146723602,6.624264054907233,41.314565964546105,39,1,2
44.62525162282025,4.4086104466648575,1,983.219088069037,8.37550413769407,4.028805974850535,37,2,1
19.405228953321938,1.6840320199955454,0,35283.69731313624,8.057426118938416,117.78523313191286,23,2,1
13.308034527788731,1.3642869711934198,0,41829.00027175486,3.052098402088197,16.52382100978166,99,0,2
37.32607614085297,1.2017132955939935,0,114879.00938147842,5.302989198667784,30.360917989222692,6,0,2
48.439851621451645,3.131361987363616,0,8574.297573546812,7.7504416341339075,19.883269597386565,1,1,1
20.160905927610532,3.0691675443707607,0,10063.3609666105,9.578908188465073,58.042639889528715,64,1,0
39.342728736241625,0.8675005532929232,0,32861.83849377449,1.9114660219181387,112.64438225755755,34,0,0
37.9963068991129,0.3148572244479402,1,37667.74721551793,2.840827530698804,119.49687796449852,55,0,2
47.1790265782307,3.45030831684932,1,25933.999587967202,1.5606174661284617,80.83123793493951,15,0,1
19.52656803115878,0.5298784644793735,1,109380.30358568172,9.277849655956649,111.99479996039196,97,2,2
40.936228081399264,2.7519713030082538,0,75075.20265441769,9.591672528435346,112.92361013745786,49,2,1
18.176718905375235,2.350500897667293,1,74802.69935181708,2.131458736300024,62.48023749524873,51,2,2
43.56026740733415,2.304997329760444,1,41911.57512893637,7.7369544535035395,7.182491242525533,17,0,1
34.696793359764435,1.1977028158681575,1,119499.03947207531,7.1221319707742525,87.3933301911672,55,2,0
10.071446756132826,1.963713594012812,0,61070.702691958635,3.087503116622055,56.896187865282016,93,0,2
29.414742739501285,4.390315658597497,0,110456.72359685537,2.5858796667116035,44.79778632705583,89,0,2
18.101780091267152,1.5407871073247086,0,56798.067531497756,4.467917120208752,107.509318909553,20,2,1
33.84791783020104,4.79686337275237,1,28074.342604728936,3.835470243580944,34.34685924897326,82,2,0
32.38899417050996,3.6372399993218907,0,41571.9319002453,9.968123322250282,19.944553033672683,71,1,2
43.4887740190032,3.986634724351121,0,100766.94031490848,6.308212998267128,59.95620913134327,29,1,0
30.531012491807385,1.2772713160383853,0,86055.46942310064,9.321375388294406,113.84262654526924,68,0,2
47.01002901736892,3.45030831684932,1,25840.98341839079,1.5606174661284617,119.4555335162425,15,0,2
18.101780091267152,0.6535808760554982,0,16440.9760624877,4.481002729459336,112.58327709263538,20,2,1
19.405228953321938,1.6857533823865112,0,74592.49741160545,4.711230057469925,59.952990408377886,8,2,2
19.52656803115878,0.5370671361323703,0,106290.66457748965,9.221189838126158,36.776553772804476,3,2,2
39.129820125098725,1.6422482160283196,0,35278.50247922058,7.8570856536480145,112.64438225755755,23,2,1
37.91536987971503,3.101042288738633,1,44633.86686469172,7.583071529675355,107.27482989288092,17,0,0
44.62525162282025,4.564653548729316,1,983.219088069037,8.6849469754218,4.474218026432987,37,2,1
34.696793359764435,1.1977028158681575,0,119797.31445117584,7.1221319707742525,22.28926148216681,55,2,0
29.414742739501285,4.390315658597497,0,119822.97094753617,2.7783561474100393,44.79018641464937,89,0,2
37.95735698924438,0.26666861610269366,0,37667.74721551793,3.035034829553423,119.97652259681374,58,0,2
19.703168461547055,1.5390657449337426,0,56798.067531497756,8.457044978626557,104.26161795454198,20,2,1
43.282450463673705,2.284085180780439,0,100766.94031490848,7.173283148197918,62.51666914891254,29,1,0
33.84791783020104,4.57800002345716,1,35183.71583923087,7.798838540562944,34.489443349931875,95,2,0
39.332262971851875,0.9558363355512806,0,31124.948365686494,4.760298989786778,112.78009896134951,79,0,0
40.95610168108468,0.32434467921760357,0,33800.823997404565,6.354934839377559,5.902370677841913,55,1,1
39.253377869501655,4.241137732666677,1,37760.763385094884,2.840827530698804,80.10552354869942,61,0,1
48.439851621451645,3.112247812604001,0,55656.44286165132,7.737355973783232,19.883269597386565,1,1,1
18.176718905375235,2.350500897667293,1,35493.89929707382,1.1351593818391081,106.347692508417,24,0,1
24.38643886889954,3.564985319286786,1,8183.960165903141,4.50927595972764,107.88164285979875,99,0,2
19.618142222074813,0.9092843573987133,0,32867.03332769015,2.1118101930872704,117.78523313191286,36,0,0
43.43817508354834,2.304997329760444,0,42331.5677849098,2.0515359845358065,12.347564967642896,32,0,1
27.711601735040226,3.379582901211772,0,13610.065384993715,0.6007150045366572,112.97740328235041,16,0,1
48.80891929111714,3.131361987363616,1,14988.025867849203,7.7504416341339075,84.98791150640771,7,1,1
44.62525162282025,4.3968833605016355,1,231.70932063071086,2.6153989174165524,45.869021230987514,90,0,1
18.641569430912547,0.32434467921760357,1,34220.816653378,6.148481658603218,112.03825090370994,55,1,1
30.41555510551321,3.5114291286314625,0,108806.05758194356,7.66512507801591,116.6751243234301,98,2,1
18.176718905375235,3.926309333318401,1,74802.69935181708,2.260884421949513,59.91977747767946,51,2,2
33.23581026282922,1.198787040766482,0,101676.11172261709,4.066840605415058,103.55379709789412,82,2,1
40.87334058975766,2.7519713030082538,1,78114.46310665834,8.764341927748431,0.45000985935605087,49,0,1
21.329017196623496,2.0053377183671293,1,40300.47080448366,7.7369544535035395,105.36726091047463,17,0,1
18.538190080177714,1.5407871073247086,0,56831.02882047939,3.0763505647531746,107.509318909553,25,1,1
47.32779146536969,2.325952802878633,1,42354.388006861365,1.7214156006507801,81.91855844449313,15,0,1
24.36662934898194,3.747801289252903,0,8200.971254177204,4.50927595972764,116.39130039096372,9,0,2
48.439851621451645,3.13889637038353,0,55656.44286165132,7.737355973783232,19.883269597386565,1,1,1
17.59916335950302,3.5191552156833703,1,25590.832210152235,8.419288010647152,117.38409048548955,20,2,1
44.62525162282025,4.539602526779532,1,983.219088069037,8.6849469754218,10.607422019933182,34,2,1
26.607675412843115,3.361886661651841,0,25648.38272647358,2.0515359845358065,13.073159754182896,17,0,1
44.62525162282025,1.6735888651209254,1,983.219088069037,8.400059934610908,3.299974622688893,37,2,1
18.176718905375235,2.350500897667293,1,36485.464653987336,1.1351593818391081,106.347692508417,23,0,1
20.1287189608264,2.0053377183671293,1,33185.84216207588,7.7369544535035395,105.36726091047463,18,1,1
19.703168461547055,1.5390657449337426,0,34834.38526418258,8.381489922715524,104.17276356408811,20,2,1
28.00738520328946,2.304997329760444,1,35771.44215918253,7.958927049542183,7.182491242525533,17,0,1
37.91536987971503,3.093319406420621,0,44681.553879834064,1.909880477898731,112.41935750897831,34,0,0
27.711601735040226,3.379582901211772,0,11943.855150147332,0.6007150045366572,112.96157895096353,16,0,1
29.414742739501285,4.198736586464213,0,110456.72359685537,2.5858796667116035,44.79778632705583,13,0,2
48.08342192656606,3.131361987363616,0,10857.462553271496,8.128645465522208,19.883269597386565,6,2,1
43.28941004711983,3.4293528437176275,1,25911.179366050717,7.564027222065496,6.2399923667652075,17,0,1
19.63795174199285,0.8185304638939763,0,32850.138228931915,2.1118101930872704,35.97777368067131,37,0,0
18.101780091267152,0.8098418905636909,0,16440.9760624877,4.382375808735376,112.58327709263538,20,2,1
48.57087238163297,1.6692745526059274,0,57048.2188587059,1.5606174661284617,119.4555335162425,7,0,2
39.129820125098725,1.6666048336587775,0,35278.50247922058,7.9939119113443065,89.39525951636593,20,2,1
44.54183982150224,2.3226935693168698,0,36987.542944557295,1.5621858532581578,112.10088990156008,32,0,1
19.405228953321938,4.418885088994586,0,35283.69731313624,8.057426118938416,117.91679157005592,23,2,1
18.176718905375235,3.0059538056519286,1,73811.13403191732,1.1351593818391081,62.48023749524873,30,0,2
48.80891929111714,3.131361987363616,1,14988.025867849203,7.7504416341339075,84.98791150640771,6,0,1
19.405228953321938,1.6857533823865112,0,54088.58154167743,4.181606396762858,108.00021377583712,23,2,1
45.96695693171495,1.0518771111970229,0,108806.05758194356,7.4277433218035345,103.55379709789412,95,2,1
37.9963068991129,4.128284736067706,1,18872.82562229888,2.840827530698804,119.49687796449852,62,0,2
18.641569430912547,0.32434467921760357,1,35887.03829170133,6.148481658603218,112.05407523509682,56,1,1
37.91536987971503,3.101042288738633,1,44633.86686469172,7.583071529675355,107.27482989288092,93,0,0
43.32411445451514,2.0053377183671293,1,40300.47080448366,7.561658770083554,106.63757313652617,17,0,1
43.13142284172485,2.304997329760444,1,42331.5677849098,1.1676023924741081,7.182491242525533,29,0,1
27.711601735040226,2.3431511328832055,1,11943.855150147332,0.32465261489646124,115.67184305171904,16,0,1
47.33095080471117,3.178299422914665,1,41810.93960731632,1.7214156006507801,81.84686810672491,16,0,1
48.55266590804745,3.539828235069639,0,26468.973786050825,7.7504416341339075,19.883269597386565,7,1,1
18.125461991072722,1.5640711319102425,1,22570.72724352614,8.485953296951767,117.38409048548955,20,2,1
49.36920019671605,3.379582901211772,0,13610.065384993715,0.6007150045366572,111.25213539619264,9,0,1
37.91536987971503,3.101042288738633,0,44633.86686469172,1.909880477898731,112.4134127200424,34,0,0
18.562980394415884,1.5459698960195958,0,58138.31848997959,3.0763505647531746,41.453657811030496,23,1,1
20.12849735635248,0.4782637644750569,0,14816.539496604262,0.7296816609040668,112.42662249440424,9,2,1
18.522147730102674,1.7012861752059458,1,983.219088069037,1.186703082035939,3.299974622688893,34,2,1
20.1287189608264,2.310479705288746,1,35864.49574970559,7.7369544535035395,11.877053511102545,20,1,1
44.62525162282025,4.396339969269466,1,1284.217869521719,8.312888388824495,4.01269813636887,37,2,1
17.081060667738747,2.350500897667293,1,36485.464653987336,1.1351593818391081,105.33116375467412,23,0,1
37.91536987971503,3.101042288738633,1,39198.943598651174,7.57743301977713,107.27482989288092,17,0,0
21.294132961598088,3.4293528437176275,1,28247.78668420257,7.926163306162933,5.370416076216806,17,0,1
18.483125115945377,3.0059538056519286,1,73811.13403191732,7.635365026855108,62.48023749524873,18,0,2
18.176718905375235,3.3869326659926986,0,35493.89929707382,1.1351593818391081,113.1720007990202,24,0,1
48.80575994675546,2.2790153673274482,1,15531.477308251202,7.7504416341339075,86.30692807532233,3,0,1
47.1790265782307,3.1577835711785736,1,8039.344528751524,1.5606174661284617,80.83123793493951,14,0,1
17.575481459697446,3.4958711868879555,0,59818.17599221358,4.401239223331276,98.24463636410735,20,2,1
27.47909795402757,3.131361987363616,1,14988.025867849203,7.7504416341339075,85.60043592209159,16,1,1
19.703168461547055,1.5390657449337426,0,56798.067531497756,8.457044978626557,104.26756273707304,20,2,1
19.61316142775468,0.8235860757120167,0,31542.848562159885,2.1118101930872704,105.20276153394488,37,0,0
44.96422535062463,3.626934349601882,1,25840.98341839079,5.829132538495656,119.58312676246118,20,0,2
45.71321524978372,2.22401228258184,1,74802.69935181708,8.349637999202784,62.48023749524873,9,0,2
28.00738520328946,1.9998553428388275,1,33092.788571552825,7.958927049542183,96.00382616917858,18,0,1
43.56026740733415,2.3172420011898422,1,41967.01704479863,8.355969503672123,9.182187849517714,17,0,1
40.22575507327305,1.6666048336587775,0,35278.50247922058,8.044537438116391,89.39525951636593,20,2,1
16.45257553945565,0.32434467921760357,1,44290.031078391374,6.154120168500181,112.05407523509682,68,1,1
21.05264039652878,1.2865209995218145,0,47467.85082859162,9.11302230980394,44.31562077661485,87,2,1
40.936228081399264,2.7519713030082538,0,75075.20265441769,9.591672528435346,112.92361013745786,49,0,1
37.9963068991129,4.241137732666677,1,37667.74721551793,2.840827530698804,119.49687796449852,55,0,2
19.405228953321938,1.6857533823865112,0,35283.69731313624,4.106063703498462,107.91135938538325,23,2,1
39.589424595277016,4.5220486208290955,1,100141.91003730298,6.769718096703919,41.314565964546105,39,1,2
37.32607614085297,1.2017132955939935,0,116770.21495968425,5.347391380137249,30.360917989222692,6,0,2
29.414742739501285,4.586377357669866,0,110456.72359685537,8.346064719614363,2.8768203962526018,36,2,2
32.38899417050996,3.6448554298895726,0,40018.866772333626,9.96140325048947,19.944553033672683,71,1,2
47.08387199367071,4.6599336060635,1,15244.646090065902,0.6034274899984216,77.70249104676594,76,1,1
33.84791783020104,4.753553457571328,1,28074.342604728936,3.835470243580944,34.489443349931875,82,2,0
49.86034694956047,0.8005493858662466,0,20127.93146788965,5.796562683307304,53.49231336060011,49,1,0
34.696793359764435,3.510344546216996,1,119499.03947207531,7.1221319707742525,87.3933301911672,55,2,0
30.41555510551321,1.198787040766482,0,108806.05758194356,8.030210357423824,103.55379709789412,95,2,1
20.160905927610532,3.0691675443707607,0,25015.802259380154,9.578908188465073,58.042639889528715,64,1,2
30.531012491807385,1.2772713160383853,0,86016.5429093627,9.321375388294406,113.84262654526924,68,0,0
43.43817508354834,2.304997329760444,1,42331.5677849098,7.724708562574186,7.182491242525533,17,0,1
10.071446756132826,1.963713594012812,0,61070.702691958635,2.422226154880139,56.896187865282016,93,0,2
18.725173455504173,0.32434467921760357,0,33800.823997404565,6.354934839377559,109.7652600890306,55,1,1
48.646287177881106,3.131361987363616,0,8574.297573546812,7.7504416341339075,19.883269597386565,6,1,1
27.711601735040226,3.379582901211772,0,25933.999587967202,1.5621858532581578,112.97740328235041,17,0,1
44.62525162282025,4.3968833605016355,1,1110.350683926399,2.6153989174165524,45.861421318581044,90,0,1
24.38643886889954,3.564985319286786,0,8183.960165903141,4.50927595972764,23.741601470225536,51,2,2
39.332262971851875,0.9558363355512806,1,34164.20699533732,4.760298989786778,2.499373348196756,79,0,0
37.91536987971503,3.101042288738633,0,44633.86686469172,1.909880477898731,112.41935750897831,34,0,0
18.176718905375235,2.350500897667293,1,74802.69935181708,1.1351593818391081,62.48023749524873,9,0,2
13.308034527788731,1.4209777420596337,0,41829.00027175486,3.052098402088197,16.38123689031639,97,0,2
19.52656803115878,0.5370671361323703,1,106290.66457748965,9.221189838126158,109.48118975418296,95,2,2
29.761429023856127,0.30936285494512106,0,79253.77485662665,9.201071057161336,23.926882704011593,52,1,0
43.282450463673705,3.9622511214035883,0,100766.94031490848,6.308212998267128,59.95620913134327,29,1,0
18.101780091267152,1.5390657449337426,0,56798.067531497756,8.419288010647152,117.38409048548955,20,2,1
37.98528169838253,2.3418873636999122,1,37662.30620199921,2.840827530698804,119.49687796449852,55,0,2
29.761429023856127,0.7103840981489812,0,79253.77485662665,9.201071057161336,23.926882704011593,50,1,0
21.05264039652878,1.2865209995218145,0,47467.85082859162,9.11302230980394,44.31562077661485,95,2,1
47.08387199367071,4.671934040082826,1,2016.9450324996942,0.6034274899984216,77.70249104676594,76,1,1
20.160905927610532,3.0691675443707607,0,26775.898895270126,9.578908188465073,58.71263814851138,64,1,2
30.47705022727498,1.2772713160383853,0,86016.5429093627,8.63636515037599,113.82504799913663,20,0,1
39.29555577631742,0.9558363355512806,1,34160.37463905633,4.760298989786778,2.499373348196756,79,0,0
34.726678876826426,3.986756579740959,1,119329.91138993762,7.1221319707742525,91.7403193483996,55,2,0
24.30811659586503,4.138313001022979,1,9368.163060656145,6.769718096703919,40.16228255491919,52,1,2
46.604294069428974,1.723323100370361,0,31712.438477380445,4.106063703498462,107.91135938538325,20,2,0
10.071446756132826,1.963713594012812,0,61070.702691958635,2.422226154880139,56.896187865282016,93,0,1
43.282450463673705,3.9622511214035883,0,100766.94031490848,6.308212998267128,5.259109249421698,24,2,0
27.711601735040226,3.2811238049013456,0,25933.999587967202,1.5621858532581578,112.97740328235041,15,0,1
13.442353564537308,4.753553457571328,1,28074.342604728936,3.739365442946364,33.95706965856435,80,2,0
18.18776356741118,4.249748123218379,1,74808.14037559152,1.1351593818391081,46.913191378863786,9,0,2
30.41555510551321,1.198787040766482,0,108806.05758194356,8.030210357423824,103.55379709789412,97,2,1
37.91536987971503,3.101042288738633,0,44633.86686469172,1.909880477898731,112.41935750897831,37,0,0
44.62525162282025,4.384882926439722,1,14358.795073030455,2.6153989174165524,45.861421318581044,90,0,1
19.807413827482108,0.4747373202369709,1,104519.507851757,9.339078901590113,110.42086078857439,95,2,2
18.155742661804812,1.5390657449337426,0,56798.067531497756,9.27696306876934,117.401668994338,68,2,0
43.47488227907109,2.3197598529839394,1,42335.400141190796,7.724708562574186,7.182491242525533,15,0,1
37.29619062379098,1.2017132955939935,0,116939.09186691795,5.347391380137249,30.360917989222692,6,0,2
42.12179540977013,4.085190815586931,0,99058.29800867516,4.50927595972764,23.741601470225536,38,2,2
21.960409177709924,0.7629796742483184,0,19870.084576171754,5.796562683307304,49.06831004339803,49,1,1
18.725173455504173,0.32434467921760357,0,33800.823997404565,6.354934839377559,109.7652600890306,55,1,2
35.401632035352605,4.586377357669866,0,110456.72359685537,8.346064719614363,57.760612377219594,29,1,2
41.309918746251164,2.744355872836659,0,75075.20265441769,9.591672528435346,112.92361013745786,49,0,1
33.71724418375912,1.4209777420596337,0,41829.00027175486,3.1482032027227773,16.971127261045396,98,0,2
49.94722721389922,3.131361987363616,0,8574.297573546812,7.739128430595295,19.883269597386565,8,1,1
27.35368844745297,1.198787040766482,0,108806.05758194356,8.403804470127765,96.45576045174948,93,2,1
43.3916599844531,3.2811238049013456,0,104440.27383887424,1.5621858532581578,112.97740328235041,17,0,0
37.91536987971503,3.202042025682249,0,44391.52895530599,0.6237593674023767,112.41935750897831,27,0,0
21.821804452853627,0.7659330647474181,0,108806.05758194356,6.004737321867053,103.55379709789412,95,2,1
13.337841960252895,3.379582901211772,0,25933.999587967202,1.5621858532581578,112.1357078902263,17,0,0
43.36234297200875,2.304997329760444,1,37871.05470300016,7.725915081167043,7.928469778363647,17,0,1
11.761600933587633,2.2848761785553986,1,49706.58480998149,2.8445693569040973,111.27336189674517,60,0,2
18.18885511757706,4.249748123218379,1,74808.14037559152,8.3657159761757,46.913191378863786,9,0,1
49.715600957810516,0.8005493858662466,0,73327.43213642867,5.88768140164022,53.49231336060011,49,0,0
49.566569612842294,3.1288918510138517,0,8462.537329501698,1.909880477898731,112.41935750897831,22,0,0
10.717412695313456,2.330178888461478,0,61345.80155537404,7.867718738485271,56.896187865282016,19,0,2
19.52656803115878,0.5370671361323703,1,84275.0396800978,9.221189838126158,109.47195132865542,92,2,2
46.59494047174588,4.5220486208290955,1,93382.0463215744,3.9205117661460047,42.836947168408955,26,1,2
48.497593111370925,3.9240144251337084,0,117202.74692954108,6.269478129931332,21.087919901578257,6,1,0
39.51728574284964,0.9558363355512806,1,32622.088967903688,6.610194862726525,2.30776439659535,78,0,0
27.60237462482093,3.9622511214035883,0,22249.504736003888,6.308212998267128,5.259109249421698,26,2,1
19.405228953321938,1.584753646463899,0,35526.035222521976,4.106063703498462,107.91135938538325,34,2,1
30.554159830519374,1.1958336502676188,0,19870.084576171754,7.82203571641341,49.06831004339803,49,1,1
27.816747765098622,4.753553457571328,1,28074.342604728936,3.739365442946364,34.70888314490418,80,2,1
37.9963068991129,3.990641616366154,1,37667.74721551793,5.273279628758846,119.49687796449852,62,0,2
48.72189568156354,3.131361987363616,0,13035.36729307853,8.252434153307174,18.39729379950511,6,1,1
36.777881490389646,1.9496368485101463,0,60203.43057067094,2.418484328674846,56.896187865282016,93,0,1
18.100688541101274,1.5390657449337426,0,56798.067531497756,1.189845617024527,117.38409048548955,20,2,2
17.420447016481884,2.350500897667293,1,21603.31863103697,1.1351593818391081,62.48023749524873,9,1,2
38.091447884758,3.1035124250883976,0,39503.70438240359,7.695345526651453,16.49352803641044,8,1,1
43.47023539386075,1.953294558535274,1,42060.30127777628,2.3097539801095843,7.182491242525533,92,0,1
18.725173455504173,0.32434467921760357,0,33800.823997404565,6.354934839377559,109.77449851455813,58,1,1
39.59877603636713,1.723323100370361,0,32133.916629034924,6.955270032181204,106.38197365148326,20,2,0
34.24492836002323,1.2322868197737544,0,111150.93743313308,5.350452932929555,60.093035882003505,29,0,2
24.12309350402169,3.824482232720041,1,9368.163060656145,4.919822223761531,47.97041814520544,48,1,2
12.584936841494235,1.9810647713831506,0,36441.75571435653,1.6911827120019933,56.896187865282016,93,0,1
35.095798319109626,3.1035124250883976,0,40261.44065731675,7.695345526651453,45.50519682554648,8,1,1
27.711601735040226,3.2811238049013456,0,25933.999587967202,1.5621858532581578,112.97740328235041,13,0,1
24.12309350402169,3.0614951957948513,1,9368.163060656145,4.919822223761531,47.97041814520544,49,1,2
13.699183543621182,3.1985827249923577,0,49706.58480998149,2.8445693569040973,113.40654773174023,60,0,2
40.248288924747726,3.131361987363616,0,13624.966665105532,8.225209921362897,18.39729379950511,28,1,0
19.19272267087107,1.723323100370361,0,31712.438477380445,4.106063703498462,107.91135938538325,20,2,0
19.405228953321938,1.6857533823865112,1,20295.436118854348,4.0767971158816945,109.40978866805759,10,1,2
13.442353564537308,4.753553457571328,0,28260.198587890503,3.7592999492586423,38.69355293740961,80,2,0
21.821804452853627,0.7659330647474181,0,103623.43458273301,1.5980416096253758,111.93296000752531,98,0,1
35.48975419353586,2.3420041906086317,1,37662.30620199921,3.157092002382825,119.49687796449852,55,0,2
43.3977014414615,2.259687959624607,0,42331.5677849098,7.724708562574186,20.01317487291728,17,0,1
43.36234297200875,2.304997329760444,1,37871.05470300016,7.725915081167043,13.999557756729697,13,0,1
35.128425988425086,2.4268967386757674,0,61345.80155537404,1.2372585277848733,56.896187865282016,24,0,2
18.171861145139133,0.6875890331373137,0,56798.067531497756,8.473709864026823,30.19938684684921,20,2,1
43.47488227907109,2.3197598529839394,0,42335.400141190796,7.679753898813625,7.182491242525533,15,0,1
17.96118058156406,4.249748123218379,1,74050.4041035438,8.3657159761757,17.901525986712517,9,0,1
13.337841960252895,3.379582901211772,0,25933.999587967202,1.5621858532581578,112.1357078902263,16,0,0
37.91536987971503,3.8640293256532794,0,44633.86686469172,1.9153459293537534,112.41935750897831,33,0,0
37.738753899514116,2.2883354792451747,1,44391.52895530599,0.6237593674023767,112.41935750897831,27,0,0
46.64271006843147,1.723323100370361,0,31544.31755759832,7.033368978356492,106.38197365148326,5,2,1
46.79809971125687,1.584753646463899,0,35526.035222521976,4.106063703498462,107.91135938538325,34,2,1
17.420447016481884,2.350500897667293,0,36591.579826357454,1.164431138075875,60.97806225529215,22,2,1
49.94722721389922,3.131361987363616,1,8719.569482934561,7.719193583814194,31.05131556988028,8,1,1
49.566569612842294,3.1288918510138517,0,13708.418290452035,6.083012864474048,104.04019458478581,18,2,0
18.89949600753333,2.3544372288293234,1,74802.69935181708,1.1351593818391081,62.48023749524873,9,0,2
48.68660187973896,3.416604766423063,1,8574.297573546812,7.7504416341339075,7.052587943148711,5,1,1
37.91536987971503,3.101042288738633,0,43027.652234010486,1.909880477898731,112.41935750897831,37,0,0
10.821997471615573,3.282865050995309,0,25933.999587967202,8.193904707269716,102.43365343160787,17,0,1
24.238035542106566,4.138313001022979,1,9368.163060656145,6.715296238753028,116.66494035375126,52,1,2
37.29619062379098,1.2017132955939935,1,116939.09186691795,5.392346042576774,30.360917989222692,6,0,2
18.171861145139133,0.6875890331373137,0,44136.73674113604,8.473709864026823,18.073008215429475,22,2,1
12.416025547717027,3.0813351712723596,0,43027.652234010486,1.9027105665318356,112.41538408511232,48,0,0
37.74374626623834,3.2013989664067792,1,44391.52895530599,0.6237593674023767,114.36460793568301,29,0,0
18.18885511757706,4.889735274218061,1,74808.14037559152,8.3657159761757,46.913191378863786,9,1,1
49.94722721389922,3.0996700517386304,1,8457.009337073272,7.724454361493001,31.537586860088524,8,1,1
43.47488227907109,2.3197598529839394,1,42335.400141190796,6.478894395886253,7.182491242525533,15,0,1
49.61401231355087,1.6857533823865112,0,35283.69731313624,1.8854303152287555,107.91135938538325,24,0,1
18.651889760596546,2.304997329760444,1,35536.74486987393,7.725915081167043,64.10094793872672,13,0,1
18.581558707141987,3.2811238049013456,0,26017.95042919056,1.5194498660005071,112.97740328235041,16,1,2
27.711601735040226,4.6073594807043845,0,26274.85310557993,2.3883360379961407,112.97740328235041,17,0,1
35.095798319109626,1.7218085394765066,0,43476.638483435614,7.634832033837331,41.5704350017115,8,2,1
13.332272520058261,3.333288263527008,0,31623.13072331214,5.125789647667958,107.91135938538325,28,2,0
35.41546456476393,2.4268967386757674,1,61345.80155537404,1.2372585277848733,56.896187865282016,9,0,2
47.91497864104001,2.9884471379247537,0,48367.119101195596,7.7504416341339075,22.904040323070333,6,1,1
42.20780637767942,1.584753646463899,1,35741.068391769084,4.527956759766229,107.91135938538325,34,2,1
37.91536987971503,3.101042288738633,0,57295.19765505344,1.909880477898731,118.22597623260901,40,0,0
38.886558697384906,3.399290018678046,0,25933.999587967202,0.9471980576945493,112.40169588587766,19,0,0
37.9103775129908,2.288978538520534,0,44391.52895530599,0.6237593674023767,112.41935750897831,34,0,0
17.32520396922956,2.350500897667293,1,20572.12903112836,1.1351593818391081,62.48023749524873,9,0,2
13.41510876757703,3.2850363796550024,0,26196.568571886368,8.18864392959091,101.94560954672839,17,0,1
18.661200131980287,3.1288918510138517,0,10968.087838366973,4.130513872607752,104.73342843221978,23,2,0
46.03834645908031,2.350500897667293,1,77137.00930975428,1.1351593818391081,17.93216090948456,9,0,2
27.988545276280384,1.6857533823865112,1,20211.485277630985,4.396933721168512,109.40978866805759,2,0,1
17.96118058156406,3.374263686459655,1,73709.5567702089,7.539605071261241,17.901525986712517,9,0,1
46.604294069428974,3.1050269860132373,0,31712.438477380445,4.106063703498462,111.77527550702101,20,1,0
19.198292613348944,1.7696177377096012,0,26023.307342035507,1.5621858532581578,112.1357078902263,17,0,0
18.612462074178353,2.3544372288293234,0,74802.69935181708,1.1351593818391081,62.48023749524873,38,0,2
12.435207864926102,2.2848761785553986,1,9916.092453818095,2.8445693569040973,108.17412767446811,60,0,2
20.635313711696142,2.304997329760444,0,42116.5346156627,7.724708562574186,7.182491242525533,17,0,1
13.337841960252895,3.7491030826183325,0,26217.764755983506,1.4953982648055586,112.02454742664185,18,0,0
