bandwidth,cruise_speed,firm_obstacle,illuminance,obstacle_distance,obstacle_size,power,quality,smoke_intensity
34.51511185754269,3.5122613040860227,1,43995.476662082045,6.639913817006594,25.671368606710384,67,1,0
34.51511185754269,3.5122613040860227,1,43995.476662082045,6.639913817006594,25.671368606710384,81,1,0
34.51511185754269,3.5122613040860227,1,43995.476662082045,6.639913817006594,25.671368606710384,2,1,0
34.51511185754269,3.5122613040860227,1,43995.476662082045,6.639913817006594,25.671368606710384,81,1,0
34.51511185754269,3.5122613040860227,1,43995.476662082045,6.639913817006594,25.671368606710384,47,1,0
34.51511185754269,3.5122613040860227,1,43995.476662082045,6.639913817006594,25.671368606710384,52,1,0
34.51511185754269,3.5122613040860227,1,43995.476662082045,6.639913817006594,25.671368606710384,63,1,0
34.51511185754269,3.5122613040860227,1,43995.476662082045,6.639913817006594,25.671368606710384,28,1,0
34.51511185754269,3.5122613040860227,1,43995.476662082045,6.639913817006594,25.671368606710384,98,1,0
34.51511185754269,3.5122613040860227,1,43995.476662082045,6.639913817006594,25.671368606710384,5,1,0
34.51511185754269,3.5122613040860227,1,43995.476662082045,6.639913817006594,25.671368606710384,28,1,0
34.51511185754269,3.5122613040860227,1,43995.476662082045,6.639913817006594,25.671368606710384,38,1,0
34.51511185754269,3.5122613040860227,1,43995.476662082045,6.639913817006594,25.671368606710384,57,1,0
34.51511185754269,3.5122613040860227,1,43995.476662082045,6.639913817006594,25.671368606710384,41,1,0
34.51511185754269,3.5122613040860227,1,43995.476662082045,6.639913817006594,25.671368606710384,13,1,0
34.51511185754269,3.5122613040860227,1,43995.476662082045,6.639913817006594,25.671368606710384,4,1,0
34.51511185754269,3.5122613040860227,1,43995.476662082045,6.639913817006594,25.671368606710384,0,1,0
34.51511185754269,3.5122613040860227,1,43995.476662082045,6.639913817006594,25.671368606710384,4,1,0
34.51511185754269,3.5122613040860227,1,43995.476662082045,6.639913817006594,25.671368606710384,15,1,0
34.51511185754269,3.5122613040860227,1,43995.476662082045,6.639913817006594,25.671368606710384,100,1,0
34.51511185754269,3.5122613040860227,1,43995.476662082045,6.639913817006594,25.671368606710384,19,1,0
34.51511185754269,3.5122613040860227,1,43995.476662082045,6.639913817006594,25.671368606710384,65,1,0
34.51511185754269,3.5122613040860227,1,43995.476662082045,6.639913817006594,25.671368606710384,75,1,0
34.51511185754269,3.5122613040860227,1,43995.476662082045,6.639913817006594,25.671368606710384,23,1,0
34.51511185754269,3.5122613040860227,1,43995.476662082045,6.639913817006594,25.671368606710384,28,1,0
34.51511185754269,3.5122613040860227,1,43995.476662082045,6.639913817006594,25.671368606710384,43,1,0
34.51511185754269,3.5122613040860227,1,43995.476662082045,6.639913817006594,25.671368606710384,26,1,0
34.51511185754269,3.5122613040860227,1,43995.476662082045,6.639913817006594,25.671368606710384,98,1,0
34.51511185754269,3.5122613040860227,1,43995.476662082045,6.639913817006594,25.671368606710384,17,1,0
34.51511185754269,3.5122613040860227,1,43995.476662082045,6.639913817006594,25.671368606710384,90,1,0
35.3079996908395,4.221155188043705,1,45249.330975416015,4.873983036226326,4.48221228366795,33,0,0
35.3079996908395,1.962023321673891,1,45249.330975416015,4.873983036226326,4.48221228366795,33,0,0
35.3079996908395,2.4651150936587127,1,45249.330975416015,4.873983036226326,4.48221228366795,33,0,0
35.3079996908395,3.3834467591553303,1,45249.330975416015,4.873983036226326,4.48221228366795,33,0,0
35.3079996908395,0.3040135647902803,1,45249.330975416015,4.873983036226326,4.48221228366795,33,0,0
35.3079996908395,2.777980584603617,1,45249.330975416015,4.873983036226326,4.48221228366795,33,0,0
35.3079996908395,1.3572580226505075,1,45249.330975416015,4.873983036226326,4.48221228366795,33,0,0
35.3079996908395,4.398255866674611,1,45249.330975416015,4.873983036226326,4.48221228366795,33,0,0
35.3079996908395,0.32107218656095504,1,45249.330975416015,4.873983036226326,4.48221228366795,33,0,0
35.3079996908395,3.395907665106825,1,45249.330975416015,4.873983036226326,4.48221228366795,33,0,0
35.3079996908395,4.3504425116375165,1,45249.330975416015,4.873983036226326,4.48221228366795,33,0,0
35.3079996908395,1.1365926258045405,1,45249.330975416015,4.873983036226326,4.48221228366795,33,0,0
35.3079996908395,4.47724119707063,1,45249.330975416015,4.873983036226326,4.48221228366795,33,0,0
35.3079996908395,4.360977340121675,1,45249.330975416015,4.873983036226326,4.48221228366795,33,0,0
35.3079996908395,0.09258608835105375,1,45249.330975416015,4.873983036226326,4.48221228366795,33,0,0
35.3079996908395,3.537477836685887,1,45249.330975416015,4.873983036226326,4.48221228366795,33,0,0
35.3079996908395,0.005998417934143241,1,45249.330975416015,4.873983036226326,4.48221228366795,33,0,0
35.3079996908395,2.5168198277683222,1,45249.330975416015,4.873983036226326,4.48221228366795,33,0,0
35.3079996908395,2.1833352608782635,1,45249.330975416015,4.873983036226326,4.48221228366795,33,0,0
35.3079996908395,1.0162641805728239,1,45249.330975416015,4.873983036226326,4.48221228366795,33,0,0
35.3079996908395,1.6247132228780303,1,45249.330975416015,4.873983036226326,4.48221228366795,33,0,0
35.3079996908395,4.031076655135218,1,45249.330975416015,4.873983036226326,4.48221228366795,33,0,0
35.3079996908395,1.582260437022451,1,45249.330975416015,4.873983036226326,4.48221228366795,33,0,0
35.3079996908395,0.7451929176677791,1,45249.330975416015,4.873983036226326,4.48221228366795,33,0,0
35.3079996908395,3.492559951591554,1,45249.330975416015,4.873983036226326,4.48221228366795,33,0,0
35.3079996908395,2.242720503801881,1,45249.330975416015,4.873983036226326,4.48221228366795,33,0,0
35.3079996908395,3.99469745481567,1,45249.330975416015,4.873983036226326,4.48221228366795,33,0,0
35.3079996908395,1.1775822865308572,1,45249.330975416015,4.873983036226326,4.48221228366795,33,0,0
35.3079996908395,1.5989232715914314,1,45249.330975416015,4.873983036226326,4.48221228366795,33,0,0
35.3079996908395,3.9993976302747667,1,45249.330975416015,4.873983036226326,4.48221228366795,33,0,0
30.282725556935652,4.232707316448375,1,59275.815802676494,1.1927370917464164,102.92869682677991,6,2,1
30.25540005686284,4.232707316448375,1,59275.815802676494,1.1927370917464164,102.92869682677991,6,2,1
19.44776513583454,4.232707316448375,1,59275.815802676494,1.1927370917464164,102.92869682677991,6,2,1
10.58145121455253,4.232707316448375,1,59275.815802676494,1.1927370917464164,102.92869682677991,6,2,1
47.32895600901735,4.232707316448375,1,59275.815802676494,1.1927370917464164,102.92869682677991,6,2,1
13.4330316434732,4.232707316448375,1,59275.815802676494,1.1927370917464164,102.92869682677991,6,2,1
43.7970720589444,4.232707316448375,1,59275.815802676494,1.1927370917464164,102.92869682677991,6,2,1
24.71522955646067,4.232707316448375,1,59275.815802676494,1.1927370917464164,102.92869682677991,6,2,1
48.04091924783198,4.232707316448375,1,59275.815802676494,1.1927370917464164,102.92869682677991,6,2,1
25.977010463152258,4.232707316448375,1,59275.815802676494,1.1927370917464164,102.92869682677991,6,2,1
47.45768247368012,4.232707316448375,1,59275.815802676494,1.1927370917464164,102.92869682677991,6,2,1
32.24639102135588,4.232707316448375,1,59275.815802676494,1.1927370917464164,102.92869682677991,6,2,1
19.605413132111032,4.232707316448375,1,59275.815802676494,1.1927370917464164,102.92869682677991,6,2,1
39.656866801112514,4.232707316448375,1,59275.815802676494,1.1927370917464164,102.92869682677991,6,2,1
36.97558859547051,4.232707316448375,1,59275.815802676494,1.1927370917464164,102.92869682677991,6,2,1
37.36820849538393,4.232707316448375,1,59275.815802676494,1.1927370917464164,102.92869682677991,6,2,1
28.55297440333469,4.232707316448375,1,59275.815802676494,1.1927370917464164,102.92869682677991,6,2,1
18.875542366578188,4.232707316448375,1,59275.815802676494,1.1927370917464164,102.92869682677991,6,2,1
35.637605659252436,4.232707316448375,1,59275.815802676494,1.1927370917464164,102.92869682677991,6,2,1
14.28357984549146,4.232707316448375,1,59275.815802676494,1.1927370917464164,102.92869682677991,6,2,1
37.68889098579319,4.232707316448375,1,59275.815802676494,1.1927370917464164,102.92869682677991,6,2,1
35.41547199562843,4.232707316448375,1,59275.815802676494,1.1927370917464164,102.92869682677991,6,2,1
25.06050102350769,4.232707316448375,1,59275.815802676494,1.1927370917464164,102.92869682677991,6,2,1
41.94093383224422,4.232707316448375,1,59275.815802676494,1.1927370917464164,102.92869682677991,6,2,1
17.76101904028178,4.232707316448375,1,59275.815802676494,1.1927370917464164,102.92869682677991,6,2,1
25.618356551908864,4.232707316448375,1,59275.815802676494,1.1927370917464164,102.92869682677991,6,2,1
41.91735544388084,4.232707316448375,1,59275.815802676494,1.1927370917464164,102.92869682677991,6,2,1
25.219014825732945,4.232707316448375,1,59275.815802676494,1.1927370917464164,102.92869682677991,6,2,1
38.530314564978084,4.232707316448375,1,59275.815802676494,1.1927370917464164,102.92869682677991,6,2,1
34.50071216661247,4.232707316448375,1,59275.815802676494,1.1927370917464164,102.92869682677991,6,2,1
44.187131520057605,3.2190677364214793,0,111838.20929437426,8.951162563505848,88.39577407354082,71,0,2
44.187131520057605,3.2190677364214793,0,111838.20929437426,8.951162563505848,88.39577407354082,71,2,2
44.187131520057605,3.2190677364214793,0,111838.20929437426,8.951162563505848,88.39577407354082,71,2,2
44.187131520057605,3.2190677364214793,0,111838.20929437426,8.951162563505848,88.39577407354082,71,2,2
44.187131520057605,3.2190677364214793,0,111838.20929437426,8.951162563505848,88.39577407354082,71,1,2
44.187131520057605,3.2190677364214793,0,111838.20929437426,8.951162563505848,88.39577407354082,71,2,2
44.187131520057605,3.2190677364214793,0,111838.20929437426,8.951162563505848,88.39577407354082,71,1,2
44.187131520057605,3.2190677364214793,0,111838.20929437426,8.951162563505848,88.39577407354082,71,2,2
44.187131520057605,3.2190677364214793,0,111838.20929437426,8.951162563505848,88.39577407354082,71,0,2
44.187131520057605,3.2190677364214793,0,111838.20929437426,8.951162563505848,88.39577407354082,71,0,2
44.187131520057605,3.2190677364214793,0,111838.20929437426,8.951162563505848,88.39577407354082,71,1,2
44.187131520057605,3.2190677364214793,0,111838.20929437426,8.951162563505848,88.39577407354082,71,2,2
44.187131520057605,3.2190677364214793,0,111838.20929437426,8.951162563505848,88.39577407354082,71,1,2
44.187131520057605,3.2190677364214793,0,111838.20929437426,8.951162563505848,88.39577407354082,71,2,2
44.187131520057605,3.2190677364214793,0,111838.20929437426,8.951162563505848,88.39577407354082,71,2,2
44.187131520057605,3.2190677364214793,0,111838.20929437426,8.951162563505848,88.39577407354082,71,1,2
44.187131520057605,3.2190677364214793,0,111838.20929437426,8.951162563505848,88.39577407354082,71,1,2
44.187131520057605,3.2190677364214793,0,111838.20929437426,8.951162563505848,88.39577407354082,71,1,2
44.187131520057605,3.2190677364214793,0,111838.20929437426,8.951162563505848,88.39577407354082,71,1,2
44.187131520057605,3.2190677364214793,0,111838.20929437426,8.951162563505848,88.39577407354082,71,1,2
44.187131520057605,3.2190677364214793,0,111838.20929437426,8.951162563505848,88.39577407354082,71,1,2
44.187131520057605,3.2190677364214793,0,111838.20929437426,8.951162563505848,88.39577407354082,71,2,2
44.187131520057605,3.2190677364214793,0,111838.20929437426,8.951162563505848,88.39577407354082,71,2,2
44.187131520057605,3.2190677364214793,0,111838.20929437426,8.951162563505848,88.39577407354082,71,0,2
44.187131520057605,3.2190677364214793,0,111838.20929437426,8.951162563505848,88.39577407354082,71,1,2
44.187131520057605,3.2190677364214793,0,111838.20929437426,8.951162563505848,88.39577407354082,71,1,2
44.187131520057605,3.2190677364214793,0,111838.20929437426,8.951162563505848,88.39577407354082,71,0,2
44.187131520057605,3.2190677364214793,0,111838.20929437426,8.951162563505848,88.39577407354082,71,0,2
44.187131520057605,3.2190677364214793,0,111838.20929437426,8.951162563505848,88.39577407354082,71,2,2
44.187131520057605,3.2190677364214793,0,111838.20929437426,8.951162563505848,88.39577407354082,71,1,2
23.745038936399112,2.5909936263882276,0,75787.07529162952,3.0376826799607293,18.649434298885165,54,0,2
23.745038936399112,2.5909936263882276,0,112197.93285863056,3.0376826799607293,18.649434298885165,54,0,2
23.745038936399112,2.5909936263882276,0,110844.24310753784,3.0376826799607293,18.649434298885165,54,0,2
23.745038936399112,2.5909936263882276,0,39308.88360635878,3.0376826799607293,18.649434298885165,54,0,2
23.745038936399112,2.5909936263882276,0,118663.76863325755,3.0376826799607293,18.649434298885165,54,0,2
23.745038936399112,2.5909936263882276,0,22553.485830532874,3.0376826799607293,18.649434298885165,54,0,2
23.745038936399112,2.5909936263882276,0,98797.31208360234,3.0376826799607293,18.649434298885165,54,0,2
23.745038936399112,2.5909936263882276,0,18904.848070601987,3.0376826799607293,18.649434298885165,54,0,2
23.745038936399112,2.5909936263882276,0,48635.6343972247,3.0376826799607293,18.649434298885165,54,0,2
23.745038936399112,2.5909936263882276,0,8853.858484401017,3.0376826799607293,18.649434298885165,54,0,2
23.745038936399112,2.5909936263882276,0,102970.35018651416,3.0376826799607293,18.649434298885165,54,0,2
23.745038936399112,2.5909936263882276,0,99462.61659434362,3.0376826799607293,18.649434298885165,54,0,2
23.745038936399112,2.5909936263882276,0,16809.124253184244,3.0376826799607293,18.649434298885165,54,0,2
23.745038936399112,2.5909936263882276,0,63271.69292778762,3.0376826799607293,18.649434298885165,54,0,2
23.745038936399112,2.5909936263882276,0,31006.653970080115,3.0376826799607293,18.649434298885165,54,0,2
23.745038936399112,2.5909936263882276,0,59033.41297425959,3.0376826799607293,18.649434298885165,54,0,2
23.745038936399112,2.5909936263882276,0,66402.59247367189,3.0376826799607293,18.649434298885165,54,0,2
23.745038936399112,2.5909936263882276,0,12787.195661802914,3.0376826799607293,18.649434298885165,54,0,2
23.745038936399112,2.5909936263882276,0,103730.49254961185,3.0376826799607293,18.649434298885165,54,0,2
23.745038936399112,2.5909936263882276,0,33472.41043135607,3.0376826799607293,18.649434298885165,54,0,2
23.745038936399112,2.5909936263882276,0,53676.91365606182,3.0376826799607293,18.649434298885165,54,0,2
23.745038936399112,2.5909936263882276,0,6908.741262021218,3.0376826799607293,18.649434298885165,54,0,2
23.745038936399112,2.5909936263882276,0,369.3149607322104,3.0376826799607293,18.649434298885165,54,0,2
23.745038936399112,2.5909936263882276,0,23451.33621077447,3.0376826799607293,18.649434298885165,54,0,2
23.745038936399112,2.5909936263882276,0,41027.35508683614,3.0376826799607293,18.649434298885165,54,0,2
23.745038936399112,2.5909936263882276,0,111376.48598490826,3.0376826799607293,18.649434298885165,54,0,2
23.745038936399112,2.5909936263882276,0,106771.8054896053,3.0376826799607293,18.649434298885165,54,0,2
23.745038936399112,2.5909936263882276,0,57680.90195687173,3.0376826799607293,18.649434298885165,54,0,2
23.745038936399112,2.5909936263882276,0,54592.98783716645,3.0376826799607293,18.649434298885165,54,0,2
23.745038936399112,2.5909936263882276,0,80052.48554071152,3.0376826799607293,18.649434298885165,54,0,2
24.399757847160267,0.7854147988336169,1,111448.18140393501,0.20355596478001892,55.42514037522803,99,2,1
24.399757847160267,0.7854147988336169,1,111448.18140393501,0.20355596478001892,55.42514037522803,99,2,2
24.399757847160267,0.7854147988336169,1,111448.18140393501,0.20355596478001892,55.42514037522803,99,2,0
24.399757847160267,0.7854147988336169,1,111448.18140393501,0.20355596478001892,55.42514037522803,99,2,1
24.399757847160267,0.7854147988336169,1,111448.18140393501,0.20355596478001892,55.42514037522803,99,2,0
24.399757847160267,0.7854147988336169,1,111448.18140393501,0.20355596478001892,55.42514037522803,99,2,2
24.399757847160267,0.7854147988336169,1,111448.18140393501,0.20355596478001892,55.42514037522803,99,2,1
24.399757847160267,0.7854147988336169,1,111448.18140393501,0.20355596478001892,55.42514037522803,99,2,1
24.399757847160267,0.7854147988336169,1,111448.18140393501,0.20355596478001892,55.42514037522803,99,2,2
24.399757847160267,0.7854147988336169,1,111448.18140393501,0.20355596478001892,55.42514037522803,99,2,1
24.399757847160267,0.7854147988336169,1,111448.18140393501,0.20355596478001892,55.42514037522803,99,2,2
24.399757847160267,0.7854147988336169,1,111448.18140393501,0.20355596478001892,55.42514037522803,99,2,2
24.399757847160267,0.7854147988336169,1,111448.18140393501,0.20355596478001892,55.42514037522803,99,2,1
24.399757847160267,0.7854147988336169,1,111448.18140393501,0.20355596478001892,55.42514037522803,99,2,1
24.399757847160267,0.7854147988336169,1,111448.18140393501,0.20355596478001892,55.42514037522803,99,2,0
24.399757847160267,0.7854147988336169,1,111448.18140393501,0.20355596478001892,55.42514037522803,99,2,2
24.399757847160267,0.7854147988336169,1,111448.18140393501,0.20355596478001892,55.42514037522803,99,2,2
24.399757847160267,0.7854147988336169,1,111448.18140393501,0.20355596478001892,55.42514037522803,99,2,2
24.399757847160267,0.7854147988336169,1,111448.18140393501,0.20355596478001892,55.42514037522803,99,2,1
24.399757847160267,0.7854147988336169,1,111448.18140393501,0.20355596478001892,55.42514037522803,99,2,0
24.399757847160267,0.7854147988336169,1,111448.18140393501,0.20355596478001892,55.42514037522803,99,2,2
24.399757847160267,0.7854147988336169,1,111448.18140393501,0.20355596478001892,55.42514037522803,99,2,0
24.399757847160267,0.7854147988336169,1,111448.18140393501,0.20355596478001892,55.42514037522803,99,2,2
24.399757847160267,0.7854147988336169,1,111448.18140393501,0.20355596478001892,55.42514037522803,99,2,0
24.399757847160267,0.7854147988336169,1,111448.18140393501,0.20355596478001892,55.42514037522803,99,2,0
24.399757847160267,0.7854147988336169,1,111448.18140393501,0.20355596478001892,55.42514037522803,99,2,0
24.399757847160267,0.7854147988336169,1,111448.18140393501,0.20355596478001892,55.42514037522803,99,2,1
24.399757847160267,0.7854147988336169,1,111448.18140393501,0.20355596478001892,55.42514037522803,99,2,0
24.399757847160267,0.7854147988336169,1,111448.18140393501,0.20355596478001892,55.42514037522803,99,2,0
24.399757847160267,0.7854147988336169,1,111448.18140393501,0.20355596478001892,55.42514037522803,99,2,0
40.29548110807297,1.499007651176999,0,14976.66010882065,8.526697892402131,26.065368269973582,23,1,1
40.29548110807297,1.499007651176999,0,14976.66010882065,8.526697892402131,72.11368432803563,23,1,1
40.29548110807297,1.499007651176999,0,14976.66010882065,8.526697892402131,106.32901937164237,23,1,1
40.29548110807297,1.499007651176999,0,14976.66010882065,8.526697892402131,41.94045692073974,23,1,1
40.29548110807297,1.499007651176999,0,14976.66010882065,8.526697892402131,43.96857586876587,23,1,1
40.29548110807297,1.499007651176999,0,14976.66010882065,8.526697892402131,50.009007977372285,23,1,1
40.29548110807297,1.499007651176999,0,14976.66010882065,8.526697892402131,81.64101396553568,23,1,1
40.29548110807297,1.499007651176999,0,14976.66010882065,8.526697892402131,94.23287426505742,23,1,1
40.29548110807297,1.499007651176999,0,14976.66010882065,8.526697892402131,112.91496987715132,23,1,1
40.29548110807297,1.499007651176999,0,14976.66010882065,8.526697892402131,45.08400497756539,23,1,1
40.29548110807297,1.499007651176999,0,14976.66010882065,8.526697892402131,84.81290453687076,23,1,1
40.29548110807297,1.499007651176999,0,14976.66010882065,8.526697892402131,40.99608119690039,23,1,1
40.29548110807297,1.499007651176999,0,14976.66010882065,8.526697892402131,98.88021583714114,23,1,1
40.29548110807297,1.499007651176999,0,14976.66010882065,8.526697892402131,27.677868448660593,23,1,1
40.29548110807297,1.499007651176999,0,14976.66010882065,8.526697892402131,104.52164542094592,23,1,1
40.29548110807297,1.499007651176999,0,14976.66010882065,8.526697892402131,60.612630372044656,23,1,1
40.29548110807297,1.499007651176999,0,14976.66010882065,8.526697892402131,87.04128380025571,23,1,1
40.29548110807297,1.499007651176999,0,14976.66010882065,8.526697892402131,64.19916176972497,23,1,1
40.29548110807297,1.499007651176999,0,14976.66010882065,8.526697892402131,37.93456191427434,23,1,1
40.29548110807297,1.499007651176999,0,14976.66010882065,8.526697892402131,59.31622790861439,23,1,1
40.29548110807297,1.499007651176999,0,14976.66010882065,8.526697892402131,6.054049638962513,23,1,1
40.29548110807297,1.499007651176999,0,14976.66010882065,8.526697892402131,5.159107788553641,23,1,1
40.29548110807297,1.499007651176999,0,14976.66010882065,8.526697892402131,63.59559916832755,23,1,1
40.29548110807297,1.499007651176999,0,14976.66010882065,8.526697892402131,57.26093710833787,23,1,1
40.29548110807297,1.499007651176999,0,14976.66010882065,8.526697892402131,99.97647914197341,23,1,1
40.29548110807297,1.499007651176999,0,14976.66010882065,8.526697892402131,2.4147141495073043,23,1,1
40.29548110807297,1.499007651176999,0,14976.66010882065,8.526697892402131,66.82605728380032,23,1,1
40.29548110807297,1.499007651176999,0,14976.66010882065,8.526697892402131,58.87645252181789,23,1,1
40.29548110807297,1.499007651176999,0,14976.66010882065,8.526697892402131,71.7596565060789,23,1,1
40.29548110807297,1.499007651176999,0,14976.66010882065,8.526697892402131,87.54943489532695,23,1,1
49.695853497795156,4.149377544513878,0,8947.392793424435,5.247406088032964,20.90132844606871,16,2,0
49.695853497795156,4.149377544513878,0,8947.392793424435,5.630382203563718,20.90132844606871,16,2,0
49.695853497795156,4.149377544513878,0,8947.392793424435,4.917838796084667,20.90132844606871,16,2,0
49.695853497795156,4.149377544513878,0,8947.392793424435,6.152069989105056,20.90132844606871,16,2,0
49.695853497795156,4.149377544513878,0,8947.392793424435,2.4812721505285817,20.90132844606871,16,2,0
49.695853497795156,4.149377544513878,0,8947.392793424435,5.5261342911153015,20.90132844606871,16,2,0
49.695853497795156,4.149377544513878,0,8947.392793424435,6.723868184112788,20.90132844606871,16,2,0
49.695853497795156,4.149377544513878,0,8947.392793424435,1.9111278090273787,20.90132844606871,16,2,0
49.695853497795156,4.149377544513878,0,8947.392793424435,9.903670805639358,20.90132844606871,16,2,0
49.695853497795156,4.149377544513878,0,8947.392793424435,7.4645947932955705,20.90132844606871,16,2,0
49.695853497795156,4.149377544513878,0,8947.392793424435,9.553312668018796,20.90132844606871,16,2,0
49.695853497795156,4.149377544513878,0,8947.392793424435,2.939463711882543,20.90132844606871,16,2,0
49.695853497795156,4.149377544513878,0,8947.392793424435,4.434928765948255,20.90132844606871,16,2,0
49.695853497795156,4.149377544513878,0,8947.392793424435,2.6143855447801503,20.90132844606871,16,2,0
49.695853497795156,4.149377544513878,0,8947.392793424435,0.4669161537192479,20.90132844606871,16,2,0
49.695853497795156,4.149377544513878,0,8947.392793424435,0.16676838270570982,20.90132844606871,16,2,0
49.695853497795156,4.149377544513878,0,8947.392793424435,2.4674784115974804,20.90132844606871,16,2,0
49.695853497795156,4.149377544513878,0,8947.392793424435,8.612625322502753,20.90132844606871,16,2,0
49.695853497795156,4.149377544513878,0,8947.392793424435,1.6369416060025233,20.90132844606871,16,2,0
49.695853497795156,4.149377544513878,0,8947.392793424435,6.89622600189066,20.90132844606871,16,2,0
49.695853497795156,4.149377544513878,0,8947.392793424435,2.4938189039179104,20.90132844606871,16,2,0
49.695853497795156,4.149377544513878,0,8947.392793424435,0.6558293665733816,20.90132844606871,16,2,0
49.695853497795156,4.149377544513878,0,8947.392793424435,1.9248656241474915,20.90132844606871,16,2,0
49.695853497795156,4.149377544513878,0,8947.392793424435,6.779263430704468,20.90132844606871,16,2,0
49.695853497795156,4.149377544513878,0,8947.392793424435,5.01656204783526,20.90132844606871,16,2,0
49.695853497795156,4.149377544513878,0,8947.392793424435,5.490310411105225,20.90132844606871,16,2,0
49.695853497795156,4.149377544513878,0,8947.392793424435,4.531642783386005,20.90132844606871,16,2,0
49.695853497795156,4.149377544513878,0,8947.392793424435,2.743479267483412,20.90132844606871,16,2,0
49.695853497795156,4.149377544513878,0,8947.392793424435,4.8834783104645645,20.90132844606871,16,2,0
49.695853497795156,4.149377544513878,0,8947.392793424435,9.22446127289036,20.90132844606871,16,2,0
24.391283787111252,0.15206041313188756,0,14680.92705305673,9.070590394362737,96.4002176964505,96,2,0
24.391283787111252,0.15206041313188756,0,14680.92705305673,9.070590394362737,96.4002176964505,96,2,0
24.391283787111252,0.15206041313188756,0,14680.92705305673,9.070590394362737,96.4002176964505,96,2,0
24.391283787111252,0.15206041313188756,1,14680.92705305673,9.070590394362737,96.4002176964505,96,2,0
24.391283787111252,0.15206041313188756,0,14680.92705305673,9.070590394362737,96.4002176964505,96,2,0
24.391283787111252,0.15206041313188756,0,14680.92705305673,9.070590394362737,96.4002176964505,96,2,0
24.391283787111252,0.15206041313188756,0,14680.92705305673,9.070590394362737,96.4002176964505,96,2,0
24.391283787111252,0.15206041313188756,0,14680.92705305673,9.070590394362737,96.4002176964505,96,2,0
24.391283787111252,0.15206041313188756,0,14680.92705305673,9.070590394362737,96.4002176964505,96,2,0
24.391283787111252,0.15206041313188756,0,14680.92705305673,9.070590394362737,96.4002176964505,96,2,0
24.391283787111252,0.15206041313188756,1,14680.92705305673,9.070590394362737,96.4002176964505,96,2,0
24.391283787111252,0.15206041313188756,0,14680.92705305673,9.070590394362737,96.4002176964505,96,2,0
24.391283787111252,0.15206041313188756,1,14680.92705305673,9.070590394362737,96.4002176964505,96,2,0
24.391283787111252,0.15206041313188756,1,14680.92705305673,9.070590394362737,96.4002176964505,96,2,0
24.391283787111252,0.15206041313188756,0,14680.92705305673,9.070590394362737,96.4002176964505,96,2,0
24.391283787111252,0.15206041313188756,0,14680.92705305673,9.070590394362737,96.4002176964505,96,2,0
24.391283787111252,0.15206041313188756,1,14680.92705305673,9.070590394362737,96.4002176964505,96,2,0
24.391283787111252,0.15206041313188756,0,14680.92705305673,9.070590394362737,96.4002176964505,96,2,0
24.391283787111252,0.15206041313188756,1,14680.92705305673,9.070590394362737,96.4002176964505,96,2,0
24.391283787111252,0.15206041313188756,0,14680.92705305673,9.070590394362737,96.4002176964505,96,2,0
24.391283787111252,0.15206041313188756,1,14680.92705305673,9.070590394362737,96.4002176964505,96,2,0
24.391283787111252,0.15206041313188756,0,14680.92705305673,9.070590394362737,96.4002176964505,96,2,0
24.391283787111252,0.15206041313188756,0,14680.92705305673,9.070590394362737,96.4002176964505,96,2,0
24.391283787111252,0.15206041313188756,0,14680.92705305673,9.070590394362737,96.4002176964505,96,2,0
24.391283787111252,0.15206041313188756,1,14680.92705305673,9.070590394362737,96.4002176964505,96,2,0
24.391283787111252,0.15206041313188756,0,14680.92705305673,9.070590394362737,96.4002176964505,96,2,0
24.391283787111252,0.15206041313188756,0,14680.92705305673,9.070590394362737,96.4002176964505,96,2,0
24.391283787111252,0.15206041313188756,1,14680.92705305673,9.070590394362737,96.4002176964505,96,2,0
24.391283787111252,0.15206041313188756,0,14680.92705305673,9.070590394362737,96.4002176964505,96,2,0
24.391283787111252,0.15206041313188756,1,14680.92705305673,9.070590394362737,96.4002176964505,96,2,0
30.282725556935652,4.221155188043705,0,75787.07529162952,5.247406088032964,26.065368269973582,67,0,1
30.25540005686284,1.962023321673891,0,112197.93285863056,5.630382203563718,72.11368432803563,81,2,2
19.44776513583454,2.4651150936587127,0,110844.24310753784,4.917838796084667,106.32901937164237,2,2,0
10.58145121455253,3.3834467591553303,1,39308.88360635878,6.152069989105056,41.94045692073974,81,2,1
47.32895600901735,0.3040135647902803,0,118663.76863325755,2.4812721505285817,43.96857586876587,47,1,0
13.4330316434732,2.777980584603617,0,22553.485830532874,5.5261342911153015,50.009007977372285,52,2,2
43.7970720589444,1.3572580226505075,0,98797.31208360234,6.723868184112788,81.64101396553568,63,1,1
24.71522955646067,4.398255866674611,0,18904.848070601987,1.9111278090273787,94.23287426505742,28,2,1
48.04091924783198,0.32107218656095504,0,48635.6343972247,9.903670805639358,112.91496987715132,98,0,2
25.977010463152258,3.395907665106825,0,8853.858484401017,7.4645947932955705,45.08400497756539,5,0,1
47.45768247368012,4.3504425116375165,1,102970.35018651416,9.553312668018796,84.81290453687076,28,1,2
32.24639102135588,1.1365926258045405,0,99462.61659434362,2.939463711882543,40.99608119690039,38,2,2
19.605413132111032,4.47724119707063,1,16809.124253184244,4.434928765948255,98.88021583714114,57,1,1
39.656866801112514,4.360977340121675,1,63271.69292778762,2.6143855447801503,27.677868448660593,41,2,1
36.97558859547051,0.09258608835105375,0,31006.653970080115,0.4669161537192479,104.52164542094592,13,2,0
37.36820849538393,3.537477836685887,0,59033.41297425959,0.16676838270570982,60.612630372044656,4,1,2
28.55297440333469,0.005998417934143241,1,66402.59247367189,2.4674784115974804,87.04128380025571,0,1,2
18.875542366578188,2.5168198277683222,0,12787.195661802914,8.612625322502753,64.19916176972497,4,1,2
35.637605659252436,2.1833352608782635,1,103730.49254961185,1.6369416060025233,37.93456191427434,15,1,1
14.28357984549146,1.0162641805728239,0,33472.41043135607,6.89622600189066,59.31622790861439,100,1,0
37.68889098579319,1.6247132228780303,1,53676.91365606182,2.4938189039179104,6.054049638962513,19,1,2
35.41547199562843,4.031076655135218,0,6908.741262021218,0.6558293665733816,5.159107788553641,65,2,0
25.06050102350769,1.582260437022451,0,369.3149607322104,1.9248656241474915,63.59559916832755,75,2,2
41.94093383224422,0.7451929176677791,0,23451.33621077447,6.779263430704468,57.26093710833787,23,0,0
17.76101904028178,3.492559951591554,1,41027.35508683614,5.01656204783526,99.97647914197341,28,1,0
25.618356551908864,2.242720503801881,0,111376.48598490826,5.490310411105225,2.4147141495073043,43,1,0
41.91735544388084,3.99469745481567,0,106771.8054896053,4.531642783386005,66.82605728380032,26,0,1
25.219014825732945,1.1775822865308572,1,57680.90195687173,2.743479267483412,58.87645252181789,98,0,0
38.530314564978084,1.5989232715914314,0,54592.98783716645,4.8834783104645645,71.7596565060789,17,2,0
34.50071216661247,3.9993976302747667,1,80052.48554071152,9.22446127289036,87.54943489532695,90,1,0
39.656866801112514,4.360977340121675,0,63271.69292778762,2.6143855447801503,27.677868448660593,41,1,2
10.58145121455253,3.374602820807805,1,114679.23123308618,5.885621199336492,45.47598337070122,47,2,1
39.20963643556241,3.815004907896511,1,57680.90195687173,3.472174705301323,58.46241403599822,25,0,0
30.118493437686908,4.221155188043705,0,75911.93031772805,5.247406088032964,26.065368269973582,67,0,1
37.68889098579319,1.6247132228780303,1,53676.91365606182,3.021205059448717,6.054049638962513,18,1,1
40.1610533363891,0.09258608835105375,0,31006.653970080115,0.4669161537192479,104.52164542094592,14,2,1
14.28357984549146,1.0162641805728239,0,23388.98617424279,6.9276718687864065,59.31622790861439,99,1,0
25.618356551908864,2.242720503801881,0,118324.32564602095,5.490310411105225,2.4147141495073043,43,1,2
48.04091924783198,0.41109238583972996,0,108517.9159765857,9.934458798090528,109.85096387424909,95,0,2
42.513963662564116,0.9356144114091014,0,23451.33621077447,6.779263430704468,57.461429788091095,22,0,0
35.63266838722997,1.1383795238130394,1,108667.30883726271,2.1222614486858995,40.99608119690039,16,2,2
30.25540005686284,1.962023321673891,0,116256.36743753859,5.028523437223632,99.45678034617153,89,1,2
24.995935815830045,1.533295686021536,0,369.3149607322104,0.03745488327553015,63.59559916832755,75,2,2
20.317173199584346,4.028933674883838,0,6908.741262021218,0.6558293665733816,94.62315544091004,65,2,1
47.45768247368012,4.3504425116375165,1,102970.35018651416,9.553312668018796,84.81290453687076,93,1,2
18.875542366578188,2.318345779165053,1,12787.195661802914,8.612625322502753,64.19916176972497,4,2,1
45.35834527481233,0.31556999410615916,0,42507.28377294589,3.334716206700198,44.58192759102356,80,1,0
24.94196779122333,1.3572701963607177,0,101887.04133335745,4.92474824245195,67.24009576961998,98,0,1
38.69454668401715,1.5989232715914314,0,54468.13281106623,4.8834783104645645,71.7596565060789,17,2,0
43.7970720589444,1.3572580226505075,0,98797.31208360234,6.792948416582845,82.45005154655477,63,1,2
24.71522955646067,4.398255866674611,0,18904.848070601987,1.9111278090273787,94.23287426505742,29,2,0
13.4330316434732,2.777980584603617,0,32636.910087646793,5.494688424219465,50.009007977372285,51,2,2
28.55297440333469,0.005998417934143241,1,66402.59247367189,2.9151276639348147,87.04128380025571,9,1,0
19.44776513583454,2.5745045566647153,0,50947.410138845196,4.762479488463883,110.410715020438,5,2,0
25.403961536893057,3.2055142373669323,0,8853.858484401017,7.1664832867021495,44.88351229781216,5,0,1
32.25132829337835,2.1057484656260916,0,103730.49254961185,2.9067984368452646,66.5306039218645,34,1,1
19.849869498002068,3.492559951591554,1,36349.61408944433,5.618420814175345,72.63338285356268,25,2,0
37.43277369906826,3.586442562175594,0,59033.41297425959,1.9267338355755763,60.612630372044656,4,1,2
34.86419997623675,4.4793841772835865,1,16809.124253184244,4.434928765948255,7.668842566983257,57,1,0
34.50071216661247,3.9993976302747667,1,80052.48554071152,9.22446127289036,87.54943489532695,25,1,0
35.637605659252436,2.592318733615761,1,113270.9804736065,1.6369416060025233,108.25301900394908,15,1,0
20.317173199584346,4.028933674883838,0,6908.741262021218,0.6558293665733816,94.62315544091004,82,2,1
37.45654004738766,1.7072039026871377,0,54804.446970333665,1.9267338355755763,71.78958216489008,3,2,2
37.36820849538393,3.6064208762683134,1,57690.007816093705,0.16676838270570982,53.30959585330746,5,1,2
35.63266838722997,1.1383795238130394,1,108667.30883726271,2.1222614486858995,40.99608119690039,3,2,2
42.49798347225875,0.9356144114091014,0,23451.33621077447,6.779263430704468,57.26605052084427,23,0,0
18.656496570737602,3.9993976302747667,1,80052.48554071152,8.597829393563428,87.54943489532695,25,1,0
18.538823390433038,3.492559951591554,1,36349.61408944433,5.618420814175345,94.25905147246861,25,2,0
30.46006251553364,4.398255866674611,0,17665.391246726347,0.4646990366517647,93.86563626658076,28,2,1
10.58145121455253,3.3834467591553303,1,38672.54172589156,6.2648863626150195,42.93402065293897,81,2,0
28.53727301393549,2.7840756724292723,0,8853.858484401017,7.321205028733912,44.88351229781216,5,0,1
38.381689965524686,1.5989232715914314,1,54592.98783716645,4.399467680809292,71.7596565060789,61,2,0
17.76101904028178,4.3601353860327725,1,64725.67491971106,4.924449828096714,99.97647914197341,28,2,1
19.44776513583454,2.233790322349802,0,41258.24771357562,4.869237694387676,45.15278746745274,1,2,1
27.944637772047948,1.862574184766379,0,112197.93285863056,7.1397615629306515,72.11368432803563,64,2,2
38.67078033569774,3.4781619174065126,0,58697.09881499215,4.8834783104645645,60.58270471323348,17,1,0
39.20963643556241,3.5340918417977627,0,59024.30711503761,3.472174705301323,56.58376721200776,24,0,0
18.875542366578188,2.318345779165053,1,9011.879200157467,8.612625322502753,64.19916176972497,16,2,1
28.54892706413375,0.005998417934143241,1,72633.5005346934,2.4674784115974804,87.04128380025571,0,1,2
41.95691402254958,0.7451929176677791,0,23451.33621077447,6.779263430704468,57.4563163755847,22,0,0
34.71976077222712,2.5168198277683222,0,12787.195661802914,9.239257201774796,50.70796910403178,4,1,2
25.178801978247225,4.398255866674611,0,18904.848070601987,1.961747967159857,72.60720564492816,29,2,0
40.060255276514965,0.09258608835105375,0,31921.27378526771,1.9133534587450103,103.83798611014541,14,2,1
37.22701372387518,0.09258608835105375,0,24704.789799648177,0.3749067474523837,103.52655629907478,13,2,1
25.411493440191695,3.395907665106825,0,8853.858484401017,7.4645947932955705,45.08400497756539,5,0,1
37.68889098579319,1.094726839076276,1,53676.91365606182,2.4938189039179104,6.054049638962513,19,1,2
35.21256020545926,4.4793841772835865,0,15993.686927798148,4.918939395603528,7.668842566983257,14,1,0
39.656866801112514,3.4179957352251193,1,39573.3730950081,2.6143855447801503,27.677868448660593,41,1,0
39.88930790205243,0.27633596720594333,0,8683.187938016226,7.17220874469285,45.08400497756539,3,0,1
26.248755707391858,3.2338158004620157,0,31177.371247604748,0.4669161537192479,104.52164542094592,14,2,1
20.719802904532308,2.3365300716232955,1,12698.276274014346,8.612625322502753,79.19193453044191,16,2,1
42.22304972408464,1.137316617318337,1,108667.30883726271,2.078982713494006,40.99608119690039,16,2,2
38.53375820907999,0.1484596482191325,0,58819.5309093965,4.742857780011839,93.75354308319123,17,1,0
30.25540005686284,1.962023321673891,0,112197.93285863056,5.630382203563718,72.11368432803563,24,1,2
39.582223972634026,1.5989232715914314,0,56096.56561750942,7.40707537768437,71.7596565060789,17,2,0
19.44776513583454,2.233790322349802,0,24030.578782904464,4.5981534678516605,45.15267423473067,1,0,1
19.634383689870752,2.7840756724292723,1,8853.858484401017,7.19097388739584,44.88351229781216,5,0,1
26.531523500412014,0.9144795698835104,1,52706.84823744824,2.4938189039179104,6.054049638962513,29,1,2
18.875542366578188,2.318345779165053,1,12787.195661802914,8.612625322502753,64.19916176972497,5,2,1
42.83735071924508,1.9585571843047171,0,23451.33621077447,7.255180857016796,109.06287862407493,22,0,0
39.20963643556241,3.5604150370144767,1,57680.90195687173,3.4800285716343273,58.46241403599822,25,0,0
17.76101904028178,3.492559951591554,1,43375.19697306613,2.663982234516154,27.933779793629455,28,1,0
25.403961536893057,0.06852118202027757,1,10161.861523843447,7.1664832867021495,44.88351229781216,2,0,1
41.71838880356398,0.08846531095392418,0,28234.899927847782,1.9133534587450103,111.08155536933451,14,2,1
35.350552494255396,0.7462558241625608,0,30314.365320857472,6.822545985052388,57.26093710833787,23,0,0
28.685949189703773,3.400823200158282,1,72511.06844028903,2.6080989426684273,61.13607598975143,0,1,2
34.50071216661247,4.007804008759477,1,80052.48554071152,9.22446127289036,87.54943489532695,83,2,0
25.411493440191695,3.395907665106825,0,2720.9417902285286,4.940997724993809,45.08400497756539,5,0,1
18.875542366578188,2.259582290626082,0,12787.195661802914,8.612625322502753,64.19916176972497,4,1,2
42.49798347225875,0.9356144114091014,0,40679.005141732516,6.779263430704468,57.26616375356635,26,2,0
28.752758824883372,3.492559951591554,0,36349.61408944433,5.748651955510465,72.63338285356268,22,2,0
43.52971811424091,4.5749504803624745,0,18038.108868893356,1.9111278090273787,94.23287426505742,18,2,1
16.172254723702885,3.492559951591554,1,37603.52190888914,5.618420814175345,94.25905147246861,26,2,0
37.22701372387518,0.09258608835105375,0,24704.789799648177,1.1701372777138241,103.52655629907478,13,2,1
20.232982107730137,2.5745045566647153,0,50947.410138845196,4.762479488463883,58.79855332790527,5,2,0
10.58145121455253,3.390690259841554,1,38672.54172589156,6.257032496333784,42.93402065293897,81,2,0
39.656866801112514,3.4179957352251193,1,39573.3730950081,4.966965358433715,87.21281682986415,44,1,0
28.55297440333469,3.205391991756028,0,65106.571234709,2.447128109691891,71.56203899143736,7,1,0
18.147397960041715,3.380135990856177,1,38467.317909679194,5.01656204783526,99.97647914197341,15,2,0
35.63266838722997,1.2508040843485821,1,108667.30883726271,2.1222614486858995,40.99608119690039,29,1,2
24.98506218802084,3.4456090743274674,1,8539.40574234809,7.1664832867021495,44.88351229781216,3,0,0
42.708875113736376,0.8152730155250536,0,77109.39264495959,6.779263430704468,57.4563163755847,22,0,0
34.00463405932116,0.9356144114091014,0,23451.33621077447,7.452840621787351,57.26605052084427,23,0,0
28.405885649416433,3.4525882905584226,1,39292.08367318273,5.618420814175345,94.25905147246861,9,1,0
25.411493440191695,3.4575416936112306,0,8853.858484401017,8.308590452466566,52.51308169754513,5,0,1
43.52971811424091,4.5749504803624745,0,24366.73336812246,1.9111278090273787,79.18545730759809,16,2,1
18.875542366578188,2.318345779165053,1,9064.787672702476,8.612625322502753,64.19916176972497,16,2,1
37.84542447769043,1.1185470591631987,1,53154.585564136665,1.8875546487205423,109.35139918427426,7,1,2
40.060255276514965,0.09258608835105375,0,31921.27378526771,1.9133534587450103,103.83798611014541,14,0,1
42.83735071924508,1.9585571843047171,0,23451.33621077447,7.255180857016796,109.06287862407493,18,0,0
17.74225159474486,3.5604150370144767,1,57680.90195687173,3.511493618476717,58.46241403599822,25,1,0
28.82752751058853,3.205391991756028,0,65106.571234709,2.473537098649828,74.90352304644556,1,1,0
17.76101904028178,2.2532277854664677,1,23831.73713039255,4.59727175865879,101.02188897225084,30,0,0
25.433621643831934,3.886934044873987,1,36349.61408944433,5.618420814175345,94.25905147246861,23,2,0
18.83393762053274,2.5745045566647153,0,50947.410138845196,7.403074906721283,110.410715020438,5,0,0
40.0757656064072,2.88073450432972,0,35182.66049103897,2.789411036031121,27.677868448660593,43,1,1
33.74875102258753,3.9579842917178483,1,17001.618389288808,9.22446127289036,85.15636028385292,25,1,0
19.7713907352582,2.7840756724292723,1,8853.858484401017,6.774673501740036,44.88351229781216,4,0,1
16.31934642755055,0.21028996372067854,1,73398.34823265196,2.9151276639348147,87.04128380025571,26,2,0
18.875542366578188,2.0806484868560675,0,12787.195661802914,6.795462640822644,34.07528333387188,4,1,2
20.719802904532308,2.3365300716232955,1,10581.836018669332,8.612625322502753,94.2393514878901,18,2,1
18.875542366578188,2.318345779165053,1,12734.287189257948,8.612625322502753,68.75145100345588,4,2,1
41.56185531166648,0.06835136286834786,0,28757.228022678442,2.519617713942379,7.942044252541933,14,2,1
25.764840306534698,3.395907665106825,0,5377.075824061849,4.940997724993809,45.08400497756539,5,2,1
18.875542366578188,2.3701086559474773,0,12787.195661802914,8.612625322502753,63.87152820100431,4,1,2
37.55044213138689,3.492559951591554,1,43375.19697306613,2.6647485695802793,21.802663156138394,28,0,0
41.666380077684586,0.7451929176677791,0,23451.33621077447,6.752854783690159,57.26093710833787,26,0,0
21.923171890303607,3.47312248841429,0,24030.578782904464,5.402250770122355,50.03366147972435,0,1,1
18.50916328378666,0.0053962263046880565,1,10161.861523843447,7.1664832867021495,44.88351229781216,2,0,1
28.78346319072092,2.7840756724292723,0,8853.858484401017,4.680609607826057,44.88351229781216,5,2,1
30.282725556935652,4.221155188043705,0,75787.07529162952,5.247406088032964,26.065368269973582,67,0,1
30.25540005686284,1.962023321673891,0,112197.93285863056,5.630382203563718,72.11368432803563,81,2,2
19.44776513583454,2.4651150936587127,0,110844.24310753784,4.917838796084667,106.32901937164237,2,2,0
10.58145121455253,3.3834467591553303,1,39308.88360635878,6.152069989105056,41.94045692073974,81,2,1
47.32895600901735,0.3040135647902803,0,118663.76863325755,2.4812721505285817,43.96857586876587,47,1,0
13.4330316434732,2.777980584603617,0,22553.485830532874,5.5261342911153015,50.009007977372285,52,2,2
43.7970720589444,1.3572580226505075,0,98797.31208360234,6.723868184112788,81.64101396553568,63,1,1
24.71522955646067,4.398255866674611,0,18904.848070601987,1.9111278090273787,94.23287426505742,28,2,1
48.04091924783198,0.32107218656095504,0,48635.6343972247,9.903670805639358,112.91496987715132,98,0,2
25.977010463152258,3.395907665106825,0,8853.858484401017,7.4645947932955705,45.08400497756539,5,0,1
47.45768247368012,4.3504425116375165,1,102970.35018651416,9.553312668018796,84.81290453687076,28,1,2
32.24639102135588,1.1365926258045405,0,99462.61659434362,2.939463711882543,40.99608119690039,38,2,2
19.605413132111032,4.47724119707063,1,16809.124253184244,4.434928765948255,98.88021583714114,57,1,1
39.656866801112514,4.360977340121675,1,63271.69292778762,2.6143855447801503,27.677868448660593,41,2,1
36.97558859547051,0.09258608835105375,0,31006.653970080115,0.4669161537192479,104.52164542094592,13,2,0
37.36820849538393,3.537477836685887,0,59033.41297425959,0.16676838270570982,60.612630372044656,4,1,2
28.55297440333469,0.005998417934143241,1,66402.59247367189,2.4674784115974804,87.04128380025571,0,1,2
18.875542366578188,2.5168198277683222,0,12787.195661802914,8.612625322502753,64.19916176972497,4,1,2
35.637605659252436,2.1833352608782635,1,103730.49254961185,1.6369416060025233,37.93456191427434,15,1,1
14.28357984549146,1.0162641805728239,0,33472.41043135607,6.89622600189066,59.31622790861439,100,1,0
37.68889098579319,1.6247132228780303,1,53676.91365606182,2.4938189039179104,6.054049638962513,19,1,2
35.41547199562843,4.031076655135218,0,6908.741262021218,0.6558293665733816,5.159107788553641,65,2,0
25.06050102350769,1.582260437022451,0,369.3149607322104,1.9248656241474915,63.59559916832755,75,2,2
41.94093383224422,0.7451929176677791,0,23451.33621077447,6.779263430704468,57.26093710833787,23,0,0
17.76101904028178,3.492559951591554,1,41027.35508683614,5.01656204783526,99.97647914197341,28,1,0
25.618356551908864,2.242720503801881,0,111376.48598490826,5.490310411105225,2.4147141495073043,43,1,0
41.91735544388084,3.99469745481567,0,106771.8054896053,4.531642783386005,66.82605728380032,26,0,1
25.219014825732945,1.1775822865308572,1,57680.90195687173,2.743479267483412,58.87645252181789,98,0,0
38.530314564978084,1.5989232715914314,0,54592.98783716645,4.8834783104645645,71.7596565060789,17,2,0
34.50071216661247,3.9993976302747667,1,80052.48554071152,9.22446127289036,87.54943489532695,90,1,0
20.79723089445921,3.492559951591554,0,31534.403875893557,5.080130479100031,104.75837087086312,28,1,0
30.25540005686284,1.1729611200832912,0,113726.84718746053,5.630382203563718,72.11368432803563,98,2,2
34.2811571239278,3.9051411566491847,1,80052.48554071152,9.237532105033315,87.54943489532695,90,1,0
37.534846744169684,4.109661036936261,0,106791.08805759386,2.939463711882543,42.06456583595971,41,2,2
42.08296284911856,1.3142520102931614,0,100523.61290538931,6.779263430704468,82.88488997840967,23,0,0
25.185435322678558,3.537477836685887,0,54271.62549715485,0.16676838270570982,95.28048557424623,28,1,2
35.41547199562843,3.784750313359591,1,6908.741262021218,8.887070510895972,5.813209231263121,27,2,0
18.610751331404856,0.3040135647902803,0,118663.76863325755,2.4846072443205656,99.78410689728332,47,1,1
13.4330316434732,2.777980584603617,0,29595.08038343962,5.237006061178463,50.009007977372285,49,2,0
18.875542366578188,2.533216627009904,0,12787.195661802914,8.612625322502753,45.456498176879784,3,1,2
38.292139208708775,0.32107218656095504,0,48604.38261724005,9.942006246345663,71.71592352879581,91,2,2
39.656866801112514,4.23770784201125,1,63271.69292778762,2.6275672913941386,26.696456324269903,19,1,1
30.282725556935652,4.289753943706963,0,75864.07783305719,5.258696653035718,26.065368269973582,67,0,1
25.618356551908864,2.277269508738251,0,109678.4841992137,5.490310411105225,2.4147141495073043,43,1,1
36.09896154644089,1.6032777355178887,0,13042.008851454193,2.0244508223261732,66.84469196703753,12,2,1
34.55756881724052,0.09258608835105375,1,38681.37808836489,2.7691668131995537,99.73975369205618,15,2,0
25.219014825732945,1.9666444881254965,1,56089.561929920266,2.743479267483412,58.87645252181789,81,0,0
14.504219667045547,1.1105195252315547,0,33472.41043135607,6.923247806200758,65.58277505058383,100,1,0
41.91735544388084,1.0215968602947687,0,96923.5439824644,4.531642783386005,65.75757264478288,26,0,1
43.65504304207006,0.7881989300470025,0,21723.6940141659,6.723868184112788,56.017061095001765,62,1,1
36.89800272565415,4.398255866674611,0,18904.848070601987,1.9111278090273787,59.56501823393905,4,2,1
47.45768247368012,4.3504425116375165,0,102970.35018651416,1.3084536515202965,81.60162394353354,63,1,2
48.19409645202242,4.47724119707063,1,16809.124253184244,4.394881671395159,43.06445848165161,57,1,0
19.44776513583454,2.5141525916013943,0,110844.24310753784,4.917838796084667,110.14264025462023,3,2,2
26.982265517342725,3.3795108658649666,0,8853.858484401017,7.4645947932955705,63.826668570410774,5,0,1
48.27699434078617,1.5989232715914314,0,54624.2396171511,4.85936574458378,112.9526615527534,20,0,0
37.68889098579319,1.747898339112222,1,53676.91365606182,2.480637157303922,7.035711665516098,41,2,2
28.55297440333469,0.0463365454698188,1,66325.58993224423,2.4561878511066286,87.04128380025571,0,1,2
10.58145121455253,3.3834467591553303,1,38765.29319556922,6.152069989105056,41.94045692073974,81,2,0
24.999235742490946,2.162317962382827,1,92534.72998144965,1.9215201922958085,40.05725314300094,78,1,2
22.710871917821393,2.162317962382827,1,87869.37240563423,1.9215201922958085,6.463021934709069,79,1,2
34.569118555522564,0.17334214673383702,0,114453.97423742704,5.630382203563718,72.29967844952634,98,2,0
18.875542366578188,2.488061215106659,0,8536.89461914411,8.612625322502753,45.09219285025706,1,1,2
41.94093383224422,4.35052805924862,0,19031.636837707643,6.779263430704468,58.20387809796925,23,2,0
17.231736195214708,3.4821137536642164,1,41027.35508683614,6.526005357245072,99.97647914197341,28,1,1
37.337653807361384,1.747898339112222,1,59039.90471045522,2.6555127294763814,60.262993818372465,38,2,2
12.32932923771055,3.493884511835482,1,38765.29319556922,6.157707656018547,41.94045692073974,81,1,0
39.32692967628298,4.287389804974664,1,63271.69292778762,2.613375452376198,60.56632175968884,3,2,1
48.193311182094746,1.0215968602947687,0,62570.00828172946,4.503503773147667,116.44260007361086,26,0,1
26.982265517342725,3.3795108658649666,0,8853.858484401017,5.692840369994576,63.28499492004022,81,2,1
36.966171698191566,3.99469745481567,0,106771.8054896053,4.531642783386005,53.33486084703864,26,2,1
38.530314564978084,1.5859746016135274,0,31765.67910345011,4.8834783104645645,71.7596565060789,17,2,0
36.38755697309202,1.6032777355178887,0,7665.545297947212,1.9680862584527028,54.11232730761469,13,2,0
20.79723089445921,3.2946971189002117,0,31017.86763871065,5.080130479100031,108.27831218951992,28,1,0
28.058991429548854,0.09064899442959873,1,66229.09612289978,2.487060947368639,87.04128380025571,59,1,2
35.895079697197644,3.784750313359591,1,11686.38490517166,8.887070510895972,39.4122433946705,26,2,0
30.243850318580797,1.1599949669851077,1,37765.80693300399,2.5155505126619655,99.55375934396864,14,2,2
25.977010463152258,3.2701713646168757,0,13104.159527062062,7.4645947932955705,45.44831030418812,5,0,1
24.71522955646067,0.7925686578303723,0,23324.54744366881,1.9111278090273787,93.28993280417563,28,0,1
42.805632886140124,4.248154039478064,1,63271.69292778762,2.6275672913941386,26.696456324269903,27,1,0
37.719445673815734,3.537477836685887,0,53670.421919866196,0.05011585658927031,7.405258271293043,8,1,2
35.887667548112454,1.6247132228780303,1,53676.91365606182,2.222341745867192,6.054049638962513,19,2,2
19.2054906229013,2.5168198277683222,0,12787.195661802914,8.612625322502753,26.953137546779114,42,1,2
42.0009437432228,1.5989232715914314,0,95208.7220164453,4.8875047548221175,60.395621347228825,20,0,0
30.25540005686284,1.962023321673891,0,112197.93285863056,6.894283000142639,72.65535797840619,1,0,2
41.8491864713359,4.201573980814269,0,18904.848070601987,1.9111278090273787,59.56501823393905,4,0,1
36.97558859547051,0.10929345695848813,0,54441.20212116105,0.4669161537192479,104.52164542094592,13,2,0
12.54297150956771,2.777980584603617,0,29595.08038343962,5.343307804742604,50.009007977372285,48,2,1
19.605413132111032,4.6750143081636795,1,20107.530069478882,4.434928765948255,98.88021583714114,57,1,1
48.19409645202242,4.576609816530401,1,16905.81442057378,4.364008575182725,43.06445848165161,0,1,0
20.79723089445921,3.847460343876784,1,31017.86763871065,5.080130479100031,113.83890419846136,28,1,0
19.64406324319411,2.474217812332948,1,63821.88592855608,8.612625322502753,45.09219285025706,1,1,2
49.65536183194631,1.5989232715914314,0,16685.460138717404,4.85936574458378,119.91955744237694,20,0,1
35.74480696644173,0.9158711623042018,1,38681.37808836489,2.7361274255521857,99.77767440760407,15,2,0
41.8491864713359,3.999048614501164,0,18904.848070601987,5.658884008281969,71.74793782546548,3,0,1
17.231736195214708,3.859967098801574,1,40968.797147776655,6.514943968091526,44.918074618442255,28,1,2
36.94382907279649,3.296131390224252,0,15984.868123552791,0.4669161537192479,102.51946180333564,5,0,0
18.892096627003703,2.162317962382827,1,92534.72998144965,1.9215201922958085,40.05725314300094,3,1,2
48.19409645202242,4.62938856666635,1,8779.022754894238,4.364008575182725,43.06445848165161,0,1,0
38.952271424822214,4.413417542589803,1,53177.8249285783,2.4938189039179104,6.054049638962513,20,1,0
38.46516879871894,3.7655474822791164,1,6908.741262021218,8.653999134307726,5.944650492308949,27,2,0
24.71522955646067,0.6887645467576278,0,18904.848070601987,1.9111278090273787,94.23287426505742,28,2,0
48.193311182094746,1.0215968602947687,0,55668.00560896233,0.6471294178458371,107.44528908264373,26,0,1
30.335948942699048,1.5358915814778569,1,45896.36944088006,4.697835993504184,71.7596565060789,17,2,0
17.76101904028178,3.492559951591554,0,41027.35508683614,5.6232845048767075,99.97647914197341,28,1,0
39.43287947442496,4.360977340121675,0,8006.758475613697,2.6143855447801503,27.677868448660593,41,2,1
17.068428974383338,4.47724119707063,1,54747.93182883835,4.434928765948255,101.6875350103025,57,1,0
23.527991408533943,0.00451031405468022,0,23324.54744366881,2.316909079938974,93.25201208862775,28,0,1
30.25540005686284,1.3754439234077123,0,113726.84718746053,1.882627124600251,59.9307647365092,99,2,2
18.875542366578188,2.533216627009904,0,41956.803969415414,8.6236866518471,100.51467845536081,3,1,1
26.008769985262486,0.0945647082594725,0,28125.945479414007,7.883117357099943,45.44831030418812,13,2,1
24.982681482098826,2.5168198277683222,0,18499.069110109707,8.612625322502753,64.19916176972497,79,1,2
25.977010463152258,3.343104744131284,0,16980.650151965994,7.4645947932955705,45.08400497756539,0,0,1
48.19409645202242,1.688248644754545,1,17308.23089269344,4.394881671395159,43.06445848165161,56,1,2
35.480617761887565,1.6181259067534517,0,54592.98783716645,5.3122213924162205,65.82334367184131,17,2,0
36.89800272565415,4.398255866674611,0,18904.848070601987,2.5798335233954695,64.74274391776474,0,2,1
41.94093383224422,4.45384868626118,0,23451.33621077447,6.779263430704468,57.26093710833787,19,0,1
39.262906576444436,0.10929345695848813,0,54441.20212116105,4.325366939243796,104.52164542094592,13,2,0
38.530407830664466,0.10618047204505243,0,67182.82770128066,2.641830168724516,87.04128380025571,0,1,2
37.1656554260666,0.021836791200128935,0,53113.23528642767,0.0127421389912874,58.76540383371964,13,0,0
35.756521934485065,1.5358915814778569,1,46124.46554378139,4.697835993504184,71.7596565060789,17,2,0
37.68889098579319,1.6247132228780303,1,53676.91365606182,2.4796960588683246,35.60984892303724,1,1,2
41.05404038298069,4.331278434799291,0,38681.37808836489,2.7691668131995537,106.49025719514411,15,2,1
41.94093383224422,0.7451929176677791,0,23451.33621077447,6.779263430704468,72.14646776150441,23,0,0
17.72929187429184,2.528585259753753,0,207.1849075683349,7.4645947932955705,63.826668570410774,10,1,1
25.897447656867264,3.2946971189002117,0,13091.514469177211,5.080130479100031,106.44435597898455,28,0,1
48.03048220927325,3.999048614501164,0,18979.192536243583,5.658884008281969,43.01049292128883,1,0,1
38.530314564978084,1.611162441393973,1,54592.98783716645,4.8834783104645645,71.55499500274564,17,2,0
36.900820083697454,4.390520739537687,1,7026.359119011951,8.653999134307726,57.79814479233595,27,2,0
28.669313869865107,2.474217812332948,1,62555.0911102109,8.704988301230813,43.87406713045174,1,1,2
19.75400570443172,2.512348329376839,0,12787.195661802914,0.17883430368756148,41.830878672390746,3,1,2
17.231736195214708,3.859967098801574,0,40968.797147776655,6.514943968091526,44.918074618442255,27,1,1
23.982234064668212,1.5989232715914314,0,16617.36871922799,5.156696800414983,118.874023742798,20,0,1
17.76101904028178,3.311189398673238,0,41027.35508683614,5.01656204783526,99.97647914197341,28,0,0
19.605413132111032,4.47724119707063,1,31176.272949417376,4.434928765948255,98.88021583714114,29,1,0
30.324233974655694,0.6014304502407251,1,38453.28198546356,2.7361274255521857,105.06181266235599,6,2,0
25.977010463152258,3.343104744131284,0,4438.4172526453785,7.4787178103142855,8.360666594344668,19,0,1
30.994366190380433,0.05934499777554114,1,18904.848070601987,0.6959292472879697,59.56501823393905,4,0,0
30.25540005686284,1.1729611200832912,0,113726.84718746053,5.630382203563718,58.55526807397559,98,2,2
18.875542366578188,3.3739204264395353,0,8536.89461914411,8.809306195584776,45.09219285025706,15,0,2
20.125591929936398,3.2701713646168757,0,31030.51286107027,5.060045574777225,43.520451134818195,13,1,0
42.04609152693889,4.62938856666635,1,5905.699899710815,4.364008575182725,71.80190338591552,6,1,0
18.892096627003703,2.0996131903940314,0,92534.72998144965,2.4475262916014278,40.05725314300094,3,1,2
29.969002028764283,3.7732826090351304,0,18787.231127512805,2.168741852993433,7.743593867402069,4,2,1
19.527723779510577,0.0463365454698188,1,54828.20689373017,2.363272795007106,84.13213744644595,0,1,2
39.05420671467341,3.316999687857244,0,15984.868123552791,9.069251798733337,106.13906307715419,6,0,0
25.977010463152258,3.395907665106825,1,13390.592384559573,7.4645947932955705,45.08400497756539,5,0,2
49.722356024177365,0.7925686578303723,0,23392.638863158285,1.6138001602027603,93.8624527037876,28,0,1
23.527991408533943,0.24841394354354307,1,23324.54744366881,2.316909079938974,93.25201208862775,28,1,1
20.79723089445921,3.847460343876784,1,16714.97076970133,5.080130479100031,113.83890419846136,56,1,1
30.282725556935652,4.221155188043705,0,75787.07529162952,5.247406088032964,26.065368269973582,67,0,1
30.25540005686284,1.962023321673891,0,112197.93285863056,5.630382203563718,72.11368432803563,81,2,2
19.44776513583454,2.4651150936587127,0,110844.24310753784,4.917838796084667,106.32901937164237,2,2,0
10.58145121455253,3.3834467591553303,1,39308.88360635878,6.152069989105056,41.94045692073974,81,2,1
47.32895600901735,0.3040135647902803,0,118663.76863325755,2.4812721505285817,43.96857586876587,47,1,0
13.4330316434732,2.777980584603617,0,22553.485830532874,5.5261342911153015,50.009007977372285,52,2,2
43.7970720589444,1.3572580226505075,0,98797.31208360234,6.723868184112788,81.64101396553568,63,1,1
24.71522955646067,4.398255866674611,0,18904.848070601987,1.9111278090273787,94.23287426505742,28,2,1
48.04091924783198,0.32107218656095504,0,48635.6343972247,9.903670805639358,112.91496987715132,98,0,2
25.977010463152258,3.395907665106825,0,8853.858484401017,7.4645947932955705,45.08400497756539,5,0,1
47.45768247368012,4.3504425116375165,1,102970.35018651416,9.553312668018796,84.81290453687076,28,1,2
32.24639102135588,1.1365926258045405,0,99462.61659434362,2.939463711882543,40.99608119690039,38,2,2
19.605413132111032,4.47724119707063,1,16809.124253184244,4.434928765948255,98.88021583714114,57,1,1
39.656866801112514,4.360977340121675,1,63271.69292778762,2.6143855447801503,27.677868448660593,41,2,1
36.97558859547051,0.09258608835105375,0,31006.653970080115,0.4669161537192479,104.52164542094592,13,2,0
37.36820849538393,3.537477836685887,0,59033.41297425959,0.16676838270570982,60.612630372044656,4,1,2
28.55297440333469,0.005998417934143241,1,66402.59247367189,2.4674784115974804,87.04128380025571,0,1,2
18.875542366578188,2.5168198277683222,0,12787.195661802914,8.612625322502753,64.19916176972497,4,1,2
35.637605659252436,2.1833352608782635,1,103730.49254961185,1.6369416060025233,37.93456191427434,15,1,1
14.28357984549146,1.0162641805728239,0,33472.41043135607,6.89622600189066,59.31622790861439,100,1,0
37.68889098579319,1.6247132228780303,1,53676.91365606182,2.4938189039179104,6.054049638962513,19,1,2
35.41547199562843,4.031076655135218,0,6908.741262021218,0.6558293665733816,5.159107788553641,65,2,0
25.06050102350769,1.582260437022451,0,369.3149607322104,1.9248656241474915,63.59559916832755,75,2,2
41.94093383224422,0.7451929176677791,0,23451.33621077447,6.779263430704468,57.26093710833787,23,0,0
17.76101904028178,3.492559951591554,1,41027.35508683614,5.01656204783526,99.97647914197341,28,1,0
25.618356551908864,2.242720503801881,0,111376.48598490826,5.490310411105225,2.4147141495073043,43,1,0
41.91735544388084,3.99469745481567,0,106771.8054896053,4.531642783386005,66.82605728380032,26,0,1
25.219014825732945,1.1775822865308572,1,57680.90195687173,2.743479267483412,58.87645252181789,98,0,0
38.530314564978084,1.5989232715914314,0,54592.98783716645,4.8834783104645645,71.7596565060789,17,2,0
34.50071216661247,3.9993976302747667,1,80052.48554071152,9.22446127289036,87.54943489532695,90,1,0
19.61741129367308,2.4732225898658706,0,110844.24310753784,2.4974792359956597,108.12847734950901,2,1,0
10.621510616035525,1.1365926258045405,0,99462.61659434362,2.866592325039791,40.99608119690039,81,2,2
24.94547458973455,0.9913567089141178,0,33377.345714309005,6.796339406317498,62.98348186073824,74,2,0
45.50067585012931,3.726758329422383,0,117898.8718232639,2.4812721505285817,43.96857586876587,47,1,0
36.97558859547051,0.09258608835105375,0,31006.653970080115,0.4669161537192479,104.52164542094592,13,1,0
16.347813394755867,3.399547892690581,0,8453.970996577542,5.5261342911153015,56.182048584909126,3,2,1
39.663198342030945,4.330885656239689,1,63620.9545805654,2.6143855447801503,71.87594985073075,41,2,1
46.194648746096036,4.3504425116375165,1,102970.35018651416,9.886456199453315,85.87835471780696,28,1,0
35.41547199562843,4.031076655135218,0,19511.052321351082,0.6558293665733816,5.159107788553641,81,2,2
41.94093383224422,0.9400302038323699,0,23451.33621077447,6.779263430704468,57.26093710833787,23,0,0
34.50071216661247,3.9869691442950486,1,75660.42298375347,9.204712686145621,87.54943489532695,87,1,1
40.59218561612188,2.5000147362131067,0,59033.41297425959,0.16676838270570982,64.19303918998118,7,1,2
37.697783891356764,1.3572580226505075,0,97665.74439965942,2.5727182838047318,86.60886728413331,62,1,1
30.174615579246634,4.226145484374476,0,75787.07529162952,4.430666577584196,15.477214586503436,67,0,1
25.219014825732945,0.3201638887060891,0,48592.188923802074,9.501698231650211,58.87645252181789,98,0,0
28.620681893396274,0.04574556605659974,1,82262.71479192688,4.887837972491817,87.04128380025571,0,2,2
32.4011143539681,3.3834467591553303,1,39308.88360635878,6.224941384943841,37.177957583043955,38,2,1
14.616654287279767,1.3360789947396934,0,924.6099126304562,1.7390234106145417,70.46704150928511,100,1,2
40.28855779258112,0.5762925034491593,0,107530.31711738907,4.531642783386005,66.82605728380032,26,0,1
25.618356551908864,2.242720503801881,0,111376.48598490826,5.490310411105225,2.4147141495073043,43,2,0
26.246778372020678,2.9708918214208637,0,22953.37492230749,7.533533210588915,45.23959812457965,53,0,2
38.52398302405965,1.6289189434496714,0,54243.72618438867,4.8834783104645645,27.56157690821819,17,2,0
18.989963120156396,3.492559951591554,1,41027.35508683614,5.01656204783526,98.91102896082374,28,1,2
30.65553127561757,1.962023321673891,0,112197.93285863056,5.630382203563718,72.11368432803563,64,2,0
35.637605659252436,2.4071598768484783,1,103730.49254961185,1.6369416060025233,37.93456191427434,15,1,1
26.25188469257556,4.410684352648199,0,19774.176168895567,1.6493466167551425,94.23287426505742,14,2,0
18.875542366578188,3.478482506353483,0,12787.195661802914,8.612625322502753,89.21401560410354,4,1,2
43.788179151505666,1.6247132228780303,1,54808.464683729784,6.64496903035824,2.360965333424616,18,1,2
19.605413132111032,4.47225090073984,1,16809.124253184244,5.251668276397023,106.69033743072924,57,1,1
48.04091924783198,1.1985542068017345,1,57724.34743029436,3.0658381520110356,112.91496987715132,98,0,2
17.355690729474475,4.47225090073984,0,23089.466584573755,5.251668276397023,58.19197332774036,57,1,0
19.619095760878643,2.54831493372301,0,111644.46406648609,2.4974792359956597,98.97308596910996,29,1,0
30.25540005686284,1.8869702202048468,0,2766.977606888984,5.630382203563718,45.67815159241674,76,2,2
37.68889098579319,3.360750483633302,1,39709.567553962755,2.4938189039179104,6.85024728659849,19,2,2
35.60524943625872,0.07930233676376286,1,103730.49254961185,3.146391129578865,37.93456191427434,15,1,0
16.726312656691853,0.04574556605659974,1,82312.6893818838,5.026290644623107,99.89206560812363,28,2,2
20.3973971667695,0.20306207168806212,0,31006.653970080115,4.441043801833944,104.52164542094592,13,1,1
37.03447972894443,3.3259603575470673,0,8453.970996577542,5.525122454267722,56.34298155794678,3,2,2
32.14740474412759,4.398255866674611,0,28404.097679382005,1.8228326392576355,98.44124835458322,28,2,1
26.246778372020678,2.9708918214208637,0,22953.37492230749,6.804947644033674,44.45383365156259,52,0,2
13.607331235304471,2.777980584603617,0,22553.485830532874,5.5261342911153015,36.518499480170426,52,2,2
14.616654287279767,1.6264016532344583,0,2447.2957121188365,1.7390234106145417,70.46704150928511,16,1,0
38.81284666622125,2.4651150936587127,0,104520.74370215024,4.932277977368743,93.59665288577409,17,2,0
18.875542366578188,0.00027206648611510786,0,66772.65890321665,8.612625322502753,93.02605980480905,4,1,2
18.3844453858064,2.514123900181921,0,102786.26112712163,8.632910683094973,64.19916176972497,4,1,2
42.39024738006998,0.7451929176677791,1,17170.993879384987,6.779263430704468,105.75854694536282,23,0,1
18.988278652950832,3.4840644446581104,1,40175.556344957746,4.762578966143162,108.06642034102398,1,1,2
25.977010463152258,3.300069052832206,0,117809.57125678737,7.4645947932955705,71.5195377131979,5,0,1
32.4011143539681,1.6474094983232739,1,53276.22970845787,6.224941384943841,36.3841661073394,38,1,1
39.64102670851917,2.2126453883167585,0,31006.653970080115,0.4669161537192479,104.52164542094592,21,2,1
29.655392613233474,3.492559951591554,1,40977.38047305167,4.87810937570397,87.1256973340737,2,1,0
35.8213901933745,4.47724119707063,1,16809.124253184244,0.3123400550795603,98.88021583714114,57,1,0
16.681706838588354,3.537477836685887,0,59033.41297425959,0.16676838270570982,56.09412775767048,4,1,1
24.814215833689886,1.1365926258045405,0,96195.2118890655,3.027758881659888,35.157355386043356,38,2,2
41.94093383224422,0.9400302038323699,0,23451.33621077447,6.999995370553781,58.04670158135493,15,0,0
26.077788929528424,4.214002466787857,0,19774.176168895567,1.6493466167551425,94.23287426505742,14,2,0
38.52398302405965,1.3385962849549065,0,53900.60035863296,4.8834783104645645,27.56157690821819,99,2,2
18.355417282442442,1.5989232715914314,0,54592.98783716645,4.918975766272512,71.7596565060789,2,2,0
28.55297440333469,4.174822938926249,1,15202.931867019728,2.4674784115974804,87.04128380025571,0,1,2
46.194648746096036,4.394751735448917,1,12989.19021503318,9.86475035300956,85.87835471780696,28,1,0
26.284828563267997,4.217749346382006,0,8453.970996577542,5.5261342911153015,56.143291825909614,3,2,0
19.61741129367308,2.4732225898658706,0,110844.24310753784,6.932601629718172,111.91842525314156,23,1,0
18.989963120156396,3.492559951591554,1,41027.35508683614,4.693809181462095,98.91102896082374,24,1,0
28.53417907708057,0.7901139154377886,1,16502.578333684265,6.731919399135846,86.86710620034297,22,1,2
43.28369180317837,0.7453186866921221,0,31006.653970080115,6.525668947860143,104.52164542094592,21,2,1
16.719143024264532,3.415572172116518,1,40175.556344957746,5.041579310530895,93.49117462825967,1,1,2
17.8466948783631,3.492559951591554,1,41038.58956514586,5.01656204783526,98.96810087539976,11,2,2
29.5818101593832,3.492559951591554,1,41860.9438676376,4.87810937570397,87.1256973340737,1,1,0
26.13984214774434,3.610794993532624,0,67872.58198760063,7.507466098202353,62.48578024115345,4,1,2
20.3973971667695,3.2609832251371245,1,31006.653970080115,6.105678527808416,106.12659135676049,38,1,1
41.94093383224422,0.9400302038323699,0,23451.33621077447,6.999995370553781,105.27189437819185,15,0,0
18.355417282442442,4.415959653877307,0,54592.98783716645,4.918975766272512,85.84907861291529,2,1,0
27.185785032692174,4.194486784151305,1,15202.931867019728,1.6301561815147436,37.67424242371138,0,1,1
35.8213901933745,4.47724119707063,1,16809.124253184244,0.3123400550795603,104.060820447233,57,1,0
32.41540886969335,1.6437574176822376,1,53258.31047048918,2.4938189039179104,36.66605742258177,19,1,2
16.140774484990374,3.395801012524114,0,19774.176168895567,1.6493466167551425,94.23287426505742,14,2,1
41.94093383224422,0.9400302038323699,0,33623.11112285738,2.3441424217830535,60.18342173180547,2,0,0
26.25188469257556,4.410684352648199,0,19774.176168895567,1.6493466167551425,94.23287426505742,14,2,2
42.40904105527235,0.007675070627311986,1,67071.3573934201,3.092149251237198,105.75854694536282,1,0,1
41.94093383224422,2.209272224524912,0,23451.33621077447,0.7307518033159712,57.26093710833787,23,0,0
18.995448285378153,0.15480848180919016,1,82312.6893818838,4.747290300235375,107.48871037815347,28,2,2
37.6032450500966,3.360750483633302,1,39698.33307565304,2.4938189039179104,8.016631702322371,28,1,0
37.04917104931494,0.09258608835105375,0,30123.09057549428,0.4669161537192479,104.52164542094592,11,1,0
37.20537680957274,3.3954445929340378,0,161.02969362878798,0.1947076848652003,43.21085510845746,5,0,1
32.4011143539681,0.33247153393269624,0,39308.88360635878,5.316943672113334,37.177957583043955,13,2,1
19.605413132111032,4.47225090073984,1,14907.539408583281,5.251668276397023,59.46448093581347,57,1,1
46.194648746096036,1.5774983127461173,1,12989.19021503318,9.86475035300956,71.78893261097045,28,2,0
35.637605659252436,2.1636678968378833,1,103730.49254961185,2.4742638360854254,87.3016023415939,15,1,2
24.71522955646067,4.398255866674611,0,18904.848070601987,1.9220812474478643,97.99219599601498,28,2,1
37.67459647006787,1.6283653035190668,1,53694.832894030515,5.475165471407474,2.3138207896245087,32,1,1
46.194648746096036,4.394751735448917,1,6431.654554649981,9.86475035300956,80.83998536588035,28,1,0
24.71522955646067,4.398255866674611,1,19301.804820585374,1.5778437944339996,6.958659946816788,28,1,1
15.703045777414445,3.399547892690581,0,5130.070543855303,6.512156176226172,43.88187718421621,17,0,1
21.00115332078869,4.47225090073984,1,14907.539408583281,5.251668276397023,59.46448093581347,57,1,1
41.47815681467256,0.9400302038323699,0,33623.11112285738,2.3441424217830535,60.18342173180547,2,0,0
37.68889098579319,3.360750483633302,1,39284.1363361434,2.5944242121894696,8.02778607804472,23,2,2
32.08524724174225,0.5835970239613447,1,18480.664579664728,6.747318498584958,104.21453348272208,23,0,1
42.16262679850419,1.564217967004594,1,54139.64702918654,5.475165471407474,1.1029559228563466,29,0,1
28.55297440333469,3.3788869692099843,0,15202.931867019728,7.542676028616144,87.82593968923734,0,1,2
26.284828563267997,4.268770957089118,0,9162.182274834187,4.498569243846158,56.143291825909614,3,2,0
41.94093383224422,0.9400302038323699,1,23451.33621077447,6.999995370553781,58.04670158135493,15,0,0
26.077788929528424,4.214002466787857,0,19774.176168895567,1.4509867259892701,94.23287426505742,16,2,2
39.521001737389184,3.395801012524114,0,19774.176168895567,1.6493466167551425,107.68359191730038,14,2,1
20.388855469163154,3.415572172116518,1,41743.30988184963,5.041579310530895,93.0541185267862,1,1,0
21.774547569954493,3.492559951591554,1,40975.056703680755,5.01656204783526,100.82857699345752,28,1,0
17.8466948783631,3.492559951591554,1,44456.73096560861,5.01656204783526,98.96810087539976,11,2,2
37.6032450500966,3.360750483633302,0,39698.33307565304,2.4938189039179104,95.4772787615596,28,2,0
38.97105268811668,3.3954445929340378,0,161.02969362878798,0.10798733042123976,55.51102650915037,1,2,1
34.61771574198975,2.600961934777362,1,98145.05585496748,1.6369416060025233,37.93456191427434,15,1,1
19.452703781406626,3.492559951591554,1,41027.35508683614,4.693809181462095,98.91102896082374,24,1,0
19.61741129367308,2.4732225898658706,0,106203.42208620156,6.831996646753845,110.80820963105782,19,1,0
42.70611422644704,3.3834467591553303,1,33113.13750077057,6.2568863170633495,39.98460697911753,38,2,1
37.921010726829124,0.007675070627311986,1,66626.54325826408,3.092149251237198,105.75854694536282,4,1,1
25.376185489790114,3.6846661794719227,1,8853.858484401017,2.3893977789766603,44.299348622654584,5,0,1
20.3973971667695,0.22772386760469487,0,30298.48690109865,5.468608849103087,104.52164542094592,13,1,1
27.185785032692174,4.194486784151305,0,15202.931867019728,1.566241159656937,37.67424242371138,0,1,1
18.989963120156396,3.492559951591554,1,32753.827120304653,5.01656204783526,98.91102896082374,28,1,0
16.261220367109722,2.2126453883167585,0,31006.653970080115,0.4669161537192479,104.52164542094592,27,2,1
31.49641769805659,3.492559951591554,1,56144.34554745858,4.87810937570397,87.5627534355472,1,1,2
29.12744084836154,3.616643007639499,1,41029.67885620705,4.87810937570397,86.27359948213214,6,1,0
30.282725556935652,4.221155188043705,0,75787.07529162952,5.247406088032964,26.065368269973582,67,0,1
30.25540005686284,1.962023321673891,0,112197.93285863056,5.630382203563718,72.11368432803563,81,2,2
19.44776513583454,2.4651150936587127,0,110844.24310753784,4.917838796084667,106.32901937164237,2,2,0
10.58145121455253,3.3834467591553303,1,39308.88360635878,6.152069989105056,41.94045692073974,81,2,1
47.32895600901735,0.3040135647902803,0,118663.76863325755,2.4812721505285817,43.96857586876587,47,1,0
13.4330316434732,2.777980584603617,0,22553.485830532874,5.5261342911153015,50.009007977372285,52,2,2
43.7970720589444,1.3572580226505075,0,98797.31208360234,6.723868184112788,81.64101396553568,63,1,1
24.71522955646067,4.398255866674611,0,18904.848070601987,1.9111278090273787,94.23287426505742,28,2,1
48.04091924783198,0.32107218656095504,0,48635.6343972247,9.903670805639358,112.91496987715132,98,0,2
25.977010463152258,3.395907665106825,0,8853.858484401017,7.4645947932955705,45.08400497756539,5,0,1
47.45768247368012,4.3504425116375165,1,102970.35018651416,9.553312668018796,84.81290453687076,28,1,2
32.24639102135588,1.1365926258045405,0,99462.61659434362,2.939463711882543,40.99608119690039,38,2,2
19.605413132111032,4.47724119707063,1,16809.124253184244,4.434928765948255,98.88021583714114,57,1,1
39.656866801112514,4.360977340121675,1,63271.69292778762,2.6143855447801503,27.677868448660593,41,2,1
36.97558859547051,0.09258608835105375,0,31006.653970080115,0.4669161537192479,104.52164542094592,13,2,0
37.36820849538393,3.537477836685887,0,59033.41297425959,0.16676838270570982,60.612630372044656,4,1,2
28.55297440333469,0.005998417934143241,1,66402.59247367189,2.4674784115974804,87.04128380025571,0,1,2
18.875542366578188,2.5168198277683222,0,12787.195661802914,8.612625322502753,64.19916176972497,4,1,2
35.637605659252436,2.1833352608782635,1,103730.49254961185,1.6369416060025233,37.93456191427434,15,1,1
14.28357984549146,1.0162641805728239,0,33472.41043135607,6.89622600189066,59.31622790861439,100,1,0
37.68889098579319,1.6247132228780303,1,53676.91365606182,2.4938189039179104,6.054049638962513,19,1,2
35.41547199562843,4.031076655135218,0,6908.741262021218,0.6558293665733816,5.159107788553641,65,2,0
25.06050102350769,1.582260437022451,0,369.3149607322104,1.9248656241474915,63.59559916832755,75,2,2
41.94093383224422,0.7451929176677791,0,23451.33621077447,6.779263430704468,57.26093710833787,23,0,0
17.76101904028178,3.492559951591554,1,41027.35508683614,5.01656204783526,99.97647914197341,28,1,0
25.618356551908864,2.242720503801881,0,111376.48598490826,5.490310411105225,2.4147141495073043,43,1,0
41.91735544388084,3.99469745481567,0,106771.8054896053,4.531642783386005,66.82605728380032,26,0,1
25.219014825732945,1.1775822865308572,1,57680.90195687173,2.743479267483412,58.87645252181789,98,0,0
38.530314564978084,1.5989232715914314,0,54592.98783716645,4.8834783104645645,71.7596565060789,17,2,0
34.50071216661247,3.9993976302747667,1,80052.48554071152,9.22446127289036,87.54943489532695,90,1,0
24.71522955646067,4.398255866674611,0,18904.848070601987,1.9111278090273787,94.23287426505742,28,1,1
19.605413132111032,4.467804614782851,1,95491.30175864772,6.557723067133294,85.4805656270488,57,1,1
29.277106260097394,3.240134406279541,1,39308.88360635878,6.8807015697782505,40.94689536861706,37,2,1
25.21106283662068,2.242720503801881,0,111678.96072704965,5.490310411105225,2.4147141495073043,43,1,0
38.530314564978084,1.5989232715914314,0,54592.98783716645,5.410864188107604,71.7596565060789,16,0,0
49.246334215268156,4.3504425116375165,1,102970.35018651416,9.553312668018796,84.81290453687076,29,1,2
39.656866801112514,4.360977340121675,1,6083.175469852013,2.630211165412489,27.677868448660593,41,2,1
34.50071216661247,3.9993976302747667,1,92645.18874310455,9.22446127289036,87.54943489532695,90,1,2
47.32895600901735,0.3601900718783042,0,115960.67730948885,2.5533924554470278,40.90484654263166,46,1,2
42.421511038305006,0.06860994424806793,0,23451.33621077447,6.779263430704468,87.53161595792454,22,0,0
48.02345734590629,0.09297640484409224,0,58313.14325028291,1.1889032419341317,112.91496987715132,98,2,2
19.44776513583454,2.4651150936587127,0,111311.80782860858,1.7008765515508,105.04858052072687,21,1,0
13.323799142841013,2.7465991306382884,0,6908.741262021218,0.21534337649851332,5.159107788553641,65,2,0
30.590051374559106,1.6230930831932964,0,112197.93285863056,5.630382203563718,69.1155210967452,81,2,2
41.91735544388084,3.99469745481567,0,106771.8054896053,4.531642783386005,66.82605728380032,100,1,1
17.76101904028178,3.2940857761103013,1,41027.35508683614,5.01656204783526,99.97647914197341,28,2,0
41.826461324739384,1.36622008637988,0,20118.522377737296,5.188068998529644,99.176932857937,62,1,1
11.21790545387192,1.2799053847903679,0,94577.85243809577,3.3325692074852125,41.98964274902308,82,2,2
25.626308541021128,1.1775822865308572,1,57364.57962003704,2.743479267483412,58.87645252181789,98,0,0
30.282725556935652,4.221155188043705,0,75787.07529162952,5.316504004064763,26.874672000277208,67,2,1
25.977010463152258,3.395907665106825,0,8853.858484401017,7.4645947932955705,45.08400497756539,6,0,1
25.06050102350769,1.582260437022451,0,58458.493738633755,1.9090400035151556,63.59559916832755,75,2,2
18.875542366578188,2.5168198277683222,0,12787.195661802914,9.029361669189695,64.19916176972497,13,1,0
37.36820849538393,3.702434060142881,0,61249.37630142407,0.11150545994705596,65.22259164574353,5,1,0
28.07239353328231,0.6920986743435729,1,66402.59247367189,2.1704343720359334,56.77060494191276,0,1,2
36.991698618952654,0.2659974347908755,0,31006.653970080115,9.542939390986067,119.72589657133938,10,0,0
37.72612602663169,2.1833352608782635,1,103262.92782615927,4.8539046152463134,39.210266151721484,1,2,1
35.530789406331465,4.06245808692396,0,22553.485830532874,5.531309631234892,50.009007977372285,52,2,2
37.51467659854544,1.9636434613586247,1,53676.91365606182,2.4938189039179104,7.165619231963952,19,1,2
14.28357984549146,1.0162641805728239,0,33472.41043135607,6.89622600189066,59.31622790861439,13,0,0
18.875542366578188,2.368210322673686,1,6230.538338560341,2.7127981407420134,64.19916176972497,43,1,0
35.637605659252436,2.2143109687316462,1,102130.13856682023,1.589565097189832,37.93456191427434,28,1,0
37.36820849538393,0.031052597764620105,0,60758.376894955596,0.11150545994705596,65.19614877976213,5,1,0
41.94093383224422,0.7451929176677791,0,23451.33621077447,7.516390174034768,45.16347017658757,23,0,0
37.002600280452356,2.2621214452511427,0,31006.653970080115,0.4669161537192479,104.5300112414268,13,2,0
36.306148688327575,1.1042991257953179,1,57668.76397442516,2.743479267483412,58.19678804700691,92,0,2
37.60816647096499,4.039354367701596,0,22553.485830532874,3.8481006882621767,103.92530394529814,52,1,2
18.89502755883879,2.5455095272230825,0,110844.24310753784,4.917838796084667,107.0204132024651,4,2,0
13.559351702586923,0.7204367243287484,0,22553.485830532874,5.5261342911153015,50.05252104906821,52,1,2
25.977010463152258,3.395907665106825,0,58539.771023690126,1.2157498153587587,45.08400497756539,3,0,2
49.246334215268156,4.3504425116375165,0,102970.35018651416,9.553312668018796,75.34555005973381,29,1,2
24.418138543054983,4.398255866674611,1,17476.655346704654,5.166727337931149,93.37840108240742,28,2,1
38.530314564978084,1.640555145518256,0,54592.98783716645,5.017332211732448,70.27770411374286,17,2,0
30.260799152173284,3.240134406279541,1,16113.965272997531,6.987179671820315,36.15590987613869,27,2,1
14.28357984549146,0.27563410068965744,0,29378.594495554436,6.89622600189066,60.94861228627423,10,0,0
42.28088435328802,4.509433956675611,0,12639.832799997454,8.945371997642752,27.677868448660593,12,2,1
17.76101904028178,3.2631100682541807,1,42626.55210756033,5.0639408091310205,99.97647914197341,15,2,1
28.55297440333469,3.791784602650618,1,66893.59188014036,2.4674784115974804,87.06772666615822,0,1,2
25.977010463152258,3.395907665106825,0,8853.858484401017,6.727468049965271,57.18147190931568,5,0,1
19.42075581046479,0.26064629985247434,0,111311.80782860858,1.7008765515508,103.40937602343863,21,1,0
24.97501870939353,1.9636434613586247,1,53676.91365606182,2.4938189039179104,7.861061493972191,25,1,0
16.213488046782714,3.261736857464008,1,41027.35508683614,5.575506984592446,46.058718461836236,28,2,0
19.42827994357394,2.461735458228332,0,12787.195661802914,8.346093967709066,64.19916176972497,2,1,2
27.9465516779613,2.7496517469009483,1,66402.59247367189,2.1704343720359334,56.72709187021683,1,2,2
23.92871490944361,1.7337543967414426,0,8779.20670949173,7.64841195330202,63.59559916832755,79,2,1
42.421511038305006,0.06860994424806793,1,23451.33621077447,6.779263430704468,84.26660394923402,22,0,0
38.02321701581247,2.1833352608782635,0,105280.93601504616,1.916862536774151,39.210266151721484,1,1,1
38.530314564978084,1.5989232715914314,0,54592.98783716645,5.402465732007338,63.966239145129066,16,0,0
24.264518060131056,4.398255866674611,0,39158.39596278728,1.8046748027945432,99.02333760612937,38,2,1
36.645919782435605,1.0066296703335,0,31006.653970080115,9.542939390986067,117.09890818705526,13,0,0
42.24316841229367,1.6669885592393885,0,80949.59973140724,5.402465732007338,50.11928401195059,16,0,0
24.989341698482175,1.9636434613586247,1,61572.53157074117,2.4938189039179104,49.57404514137085,14,1,0
35.961658952914085,2.754533941906831,1,4963.841168681363,9.329954277131629,113.42044246464559,41,1,0
41.94093383224422,3.4162207170037107,0,23451.33621077447,7.578597592808313,45.16330539995825,21,0,0
14.28357984549146,0.27563410068965744,0,16490.473333662056,8.6076690379584,60.92205553657248,4,0,0
14.320949335050674,0.9641023810455032,0,31999.71919582818,6.89622600189066,59.31622790861439,0,0,2
24.71522955646067,4.403358057984215,0,18904.848070601987,1.9111278090273787,94.23287426505742,28,2,0
36.97558859547051,0.22596918512206576,1,30823.494906166263,0.4669161537192479,104.52164542094592,13,2,0
30.260799152173284,3.2257162713504792,1,53788.2134852929,6.987179671820315,29.258746839870454,27,2,1
38.22684547915519,3.1786246121441217,1,39308.88360635878,6.953058363856027,40.94689536861706,37,2,1
17.76101904028178,3.1176719936451667,1,40310.37826683419,5.092065271594742,56.51387863583463,28,1,0
17.76101904028178,0.19976062916003423,1,42626.55210756033,5.0639408091310205,99.97647914197341,15,2,1
36.991698618952654,0.2659974347908755,0,31006.653970080115,9.772101257531055,119.72589657133938,10,0,0
17.888533312778986,3.06579381236506,0,42569.55701619291,8.479707962630727,71.47980987903856,30,2,2
36.766873994817615,0.005998417934143241,1,66402.59247367189,2.4674784115974804,105.44998123226297,0,1,2
37.143741892103776,0.7451929176677791,0,23349.472967937236,6.779263430704468,57.26093710833787,23,0,0
25.962687474063618,3.395907665106825,0,1855.9266295590896,7.4645947932955705,3.522932495200937,3,0,1
19.559807032735485,1.18499542593685,0,60117.68945457454,2.9118798163479607,67.73578571199951,15,0,0
27.656836953712585,0.7249314533102511,0,58539.771023690126,1.154464299411924,45.08416975419472,0,0,2
18.875542366578188,2.5168198277683222,0,29466.547223965703,7.376994989263812,64.22571851942674,10,1,2
28.03511805287782,0.7442604738709033,1,67875.2837850246,2.1704343720359334,56.77060494191276,3,1,0
14.331608092883698,3.261736857464008,1,41027.35508683614,5.771224586095388,46.058718461836236,28,1,1
24.418138543054983,4.301103175231695,0,17659.81441090424,5.166727337931149,93.37840108240742,28,2,1
38.530314564978084,1.6133414070171355,0,16918.774342471974,4.8834783104645645,71.7596565060789,17,2,0
28.7763868070209,2.2448450550127923,1,103262.92782615927,4.7815478211394815,39.210266151721484,1,2,1
28.651833295764057,3.611543464829137,0,9571.277632526506,6.651964826205507,100.64403216351356,5,0,1
42.48855869171406,3.4452147653612375,1,23451.33621077447,6.779263430704468,84.26660394923402,22,0,0
25.977010463152258,3.395907665106825,0,8853.858484401017,7.46457536528388,37.17200883180363,5,0,1
19.300765671076736,3.3147317243399224,1,11245.151256909961,5.100053102435214,99.97647914197341,1,1,0
28.78870068894823,2.2621214452511427,0,31006.653970080115,0.4669161537192479,86.12131358428233,13,2,0
25.977010463152258,3.395907665106825,0,8853.858484401017,6.774646924109105,7.404168550515164,5,1,1
41.94093383224422,0.7451929176677791,0,29193.24721641462,8.816328290824542,45.16347017658757,23,0,0
17.76101904028178,3.492559951591554,1,44006.4253956863,5.01656204783526,99.97647914197341,28,1,1
35.97987105787071,3.1436132919730615,1,40310.37826683419,3.7296487534506992,54.99981754899205,34,1,0
25.977010463152258,3.395907665106825,0,30384.221386962738,7.4645947932955705,45.08400497756539,6,0,1
37.21731501741047,0.07941438305086489,1,31166.292884510927,7.19779696855057,84.26660394923402,22,0,0
14.136610918182313,3.261736857464008,1,12558.42472576492,5.771224586095388,45.4194728758731,33,1,1
16.26050250249491,3.2748308079373403,1,35379.16240242178,5.575506984592446,46.058718461836236,28,2,0
24.418138543054983,4.205199315315974,0,17659.81441090424,5.166727337931149,91.38793554479163,28,2,1
36.766873994817615,0.18960260304633492,0,66402.59247367189,7.3160520021536755,105.44998123226297,0,1,0
28.651833295764057,3.611543464829137,0,9571.277632526506,6.651964826205507,100.64403216351356,5,0,0
14.28357984549146,0.7415208068637799,0,16490.473333662056,8.6076690379584,60.92205553657248,4,0,0
28.07239353328231,3.2187277457312775,1,66179.95109984695,2.150985308243487,56.68376925777098,4,1,2
41.81512284880457,0.44552218159366774,1,23451.33621077447,6.779263430704468,57.62181887940564,22,0,0
14.446734345968999,0.22156613987900897,1,42951.262825215104,5.0639408091310205,99.97647914197341,15,2,1
23.16284638360758,1.9636434613586247,1,53676.91365606182,2.4938189039179104,37.630014521465306,25,0,0
37.92220009212926,0.2659974347908755,0,31006.653970080115,9.772953979181493,119.72589657133938,10,0,0
25.977010463152258,3.395907665106825,0,8853.858484401017,7.4645947932955705,45.08400497756539,5,0,0
17.74282256686888,3.0336799108478627,1,4963.841168681363,8.741146521662937,114.81809335969503,41,1,0
14.320949335050674,0.9641023810455032,0,10469.392477674342,6.89622600189066,59.31622790861439,0,0,2
42.179784616321015,0.21516483956104504,1,23108.538232429815,0.17142100834089602,107.12703218231313,13,2,0
13.627415746978528,2.5168198277683222,0,41256.150118166144,8.612625322502753,64.19916176972497,4,1,2
14.236565389779441,1.0031718728702437,0,40940.99439558767,6.89622600189066,59.31622790861439,13,0,0
16.543810734034302,1.9929815582052546,1,6230.538338560341,2.1632365279536474,66.18962728337263,43,1,0
14.28357984549146,0.27563410068965744,1,29378.594495554436,2.047666404723623,60.94861228627423,5,0,2
19.559807032735485,1.18499542593685,0,60117.68945457454,2.9118798163479607,67.73578571199951,15,0,1
28.03511805287782,0.27837379626495157,1,67875.2837850246,2.1704343720359334,56.77060494191276,3,1,0
19.300765671076736,0.726155175056038,1,11471.449448031493,5.100053102435214,100.06329357184708,1,1,0
42.47823015267591,3.5092035330497593,0,23451.33621077447,6.779263430704468,87.13885982871378,23,0,0
39.96679495054061,0.9848432898311231,0,30681.943252425444,9.542939390986067,117.09890818705526,13,0,0
30.282725556935652,4.221155188043705,0,75787.07529162952,5.247406088032964,26.065368269973582,67,0,1
30.25540005686284,1.962023321673891,0,112197.93285863056,5.630382203563718,72.11368432803563,81,2,2
19.44776513583454,2.4651150936587127,0,110844.24310753784,4.917838796084667,106.32901937164237,2,2,0
10.58145121455253,3.3834467591553303,1,39308.88360635878,6.152069989105056,41.94045692073974,81,2,1
47.32895600901735,0.3040135647902803,0,118663.76863325755,2.4812721505285817,43.96857586876587,47,1,0
13.4330316434732,2.777980584603617,0,22553.485830532874,5.5261342911153015,50.009007977372285,52,2,2
43.7970720589444,1.3572580226505075,0,98797.31208360234,6.723868184112788,81.64101396553568,63,1,1
24.71522955646067,4.398255866674611,0,18904.848070601987,1.9111278090273787,94.23287426505742,28,2,1
48.04091924783198,0.32107218656095504,0,48635.6343972247,9.903670805639358,112.91496987715132,98,0,2
25.977010463152258,3.395907665106825,0,8853.858484401017,7.4645947932955705,45.08400497756539,5,0,1
47.45768247368012,4.3504425116375165,1,102970.35018651416,9.553312668018796,84.81290453687076,28,1,2
32.24639102135588,1.1365926258045405,0,99462.61659434362,2.939463711882543,40.99608119690039,38,2,2
19.605413132111032,4.47724119707063,1,16809.124253184244,4.434928765948255,98.88021583714114,57,1,1
39.656866801112514,4.360977340121675,1,63271.69292778762,2.6143855447801503,27.677868448660593,41,2,1
36.97558859547051,0.09258608835105375,0,31006.653970080115,0.4669161537192479,104.52164542094592,13,2,0
37.36820849538393,3.537477836685887,0,59033.41297425959,0.16676838270570982,60.612630372044656,4,1,2
28.55297440333469,0.005998417934143241,1,66402.59247367189,2.4674784115974804,87.04128380025571,0,1,2
18.875542366578188,2.5168198277683222,0,12787.195661802914,8.612625322502753,64.19916176972497,4,1,2
35.637605659252436,2.1833352608782635,1,103730.49254961185,1.6369416060025233,37.93456191427434,15,1,1
14.28357984549146,1.0162641805728239,0,33472.41043135607,6.89622600189066,59.31622790861439,100,1,0
37.68889098579319,1.6247132228780303,1,53676.91365606182,2.4938189039179104,6.054049638962513,19,1,2
35.41547199562843,4.031076655135218,0,6908.741262021218,0.6558293665733816,5.159107788553641,65,2,0
25.06050102350769,1.582260437022451,0,369.3149607322104,1.9248656241474915,63.59559916832755,75,2,2
41.94093383224422,0.7451929176677791,0,23451.33621077447,6.779263430704468,57.26093710833787,23,0,0
17.76101904028178,3.492559951591554,1,41027.35508683614,5.01656204783526,99.97647914197341,28,1,0
25.618356551908864,2.242720503801881,0,111376.48598490826,5.490310411105225,2.4147141495073043,43,1,0
41.91735544388084,3.99469745481567,0,106771.8054896053,4.531642783386005,66.82605728380032,26,0,1
25.219014825732945,1.1775822865308572,1,57680.90195687173,2.743479267483412,58.87645252181789,98,0,0
38.530314564978084,1.5989232715914314,0,54592.98783716645,4.8834783104645645,71.7596565060789,17,2,0
34.50071216661247,3.9993976302747667,1,80052.48554071152,9.22446127289036,87.54943489532695,90,1,0
17.76101904028178,3.492559951591554,0,40681.59858240365,4.990880221113764,99.51538494020214,28,1,0
41.91735544388084,4.19261776916187,0,56567.37532199269,2.762565059138741,66.82605728380032,98,0,1
47.32895600901735,0.3040135647902803,0,118806.12221985467,2.4812721505285817,43.96857586876587,28,1,2
35.41547199562843,3.9132208878064167,0,6908.741262021218,1.6880407786274372,36.20841095674105,59,2,0
38.530314564978084,1.5989232715914314,0,621.7899919398187,4.8834783104645645,63.5475044535077,17,2,0
24.38566768469245,4.49529193479211,0,33472.41043135607,6.924243395174395,63.190191982948015,28,1,0
19.44776513583454,2.2365803159993933,1,110844.24310753784,4.917838796084667,106.32901937164237,1,2,0
48.04091924783198,0.32107218656095504,0,48635.6343972247,9.903670805639358,112.91496987715132,99,1,2
28.533138284955307,2.242720503801881,0,112135.07693000897,6.014478475941627,2.4147141495073043,43,1,2
38.28643326480668,1.6247132228780303,1,20082.31763410043,2.4938189039179104,46.30018458333483,22,1,2
30.282725556935652,4.45884726573035,0,14695.740088676306,5.247406088032964,100.0772741685682,67,1,1
46.00013162064448,0.09258608835105375,0,31006.653970080115,0.48721107392946417,108.81657251064316,23,2,0
34.31224054154692,3.987813383808124,1,76597.45186725883,9.22446127289036,87.02452282536727,94,1,0
12.9690108209715,1.1365926258045405,0,22151.065457560806,2.939463711882543,50.66723967426414,38,2,2
39.656866801112514,1.3428329274473743,0,64871.035064105665,2.6143855447801503,27.677868448660593,39,1,1
18.875542366578188,2.5168198277683222,1,13132.96674565003,8.611270509651176,64.19916176972497,4,1,2
25.219014825732945,1.1775822865308572,1,107882.84885880165,4.5125569917355275,58.87645252181789,26,0,0
47.45768247368012,3.977461797585902,1,116023.261295265,9.553312668018796,80.04952432528295,46,1,0
35.85561925894879,2.054865442058478,1,103730.49254961185,0.6047303814253471,13.934961960976967,15,1,1
25.06050102350769,1.582260437022451,0,55672.72988572008,1.9248656241474915,71.80775122089877,76,2,2
14.613152137063727,0.9176633456102719,0,15565.03799587544,1.8831223180904568,88.96729165560106,99,2,1
10.58145121455253,3.3834467591553303,0,39308.88360635878,6.152069989105056,41.94045692073974,83,2,1
28.55297440333469,0.005998417934143241,1,66402.59247367189,2.4674784115974804,87.04128380025571,0,0,2
30.25540005686284,1.962023321673891,0,111439.34191352985,5.633597082470633,72.11368432803563,81,2,0
25.37946816217131,3.395907665106825,0,52840.11404127846,7.4645947932955705,4.873933428838704,5,0,1
19.605413132111032,4.239549119383968,1,77904.17508733264,4.8825779900351165,26.06735990443475,57,0,1
36.98406495293032,0.7451929176677791,0,28059.764969300173,6.770072004274205,57.26093710833787,13,0,0
37.55668012044949,3.4000063298568075,0,59425.46198060211,0.16676838270570982,61.1375424407913,4,1,2
32.71753647400265,2.777980584603617,0,99864.31634978537,5.5261342911153015,50.01858540711557,52,2,2
43.7970720589444,4.299387497798145,1,118879.59487663879,6.723868184112788,81.64101396553568,63,2,1
27.37255376466418,4.398255866674611,0,14564.302965786403,1.9111278090273787,93.1346602828313,28,2,0
34.064854391492,2.2314657399330566,1,114532.94551272976,1.6369416060025233,37.93456191427434,7,1,2
17.76101904028178,3.523673729356344,0,12667.019516248165,4.990880221113764,99.51538494020214,30,1,0
36.97558859547051,4.140316567384732,0,4056.225587941195,0.4669161537192479,103.80106703690095,13,2,0
28.56806559550045,4.49529193479211,0,29730.44887338439,6.924243395174395,63.742298640101914,28,1,0
25.421547823793862,3.469074961357354,1,77236.58564030637,4.8825779900351165,26.555472453734318,57,0,1
19.44776513583454,1.599312934625109,1,929.6280218573083,4.917838796084667,63.55906637147632,2,2,0
36.66393391646728,2.5149207801234987,1,13132.96674565003,8.611270509651176,64.19916176972497,3,1,2
25.465148498787553,1.6247132228780303,1,101390.98250713978,2.4691891019432264,44.17968326499098,22,0,2
39.5647662875302,4.360977340121675,0,63271.69292778762,7.100493377983412,22.623460067088523,41,0,1
27.147013554056578,0.06277711759771154,0,31006.653970080115,1.8982199212677517,87.5199322483698,20,2,0
18.073190233660853,0.7451929176677791,0,23608.40892158858,4.991850808940295,97.83613853383413,23,0,0
30.043161284374875,1.962023321673891,0,112197.93285863056,4.321025737487906,71.4663936647297,81,2,2
36.982190996829935,1.5989232715914314,0,54592.98783716645,4.8834783104645645,71.7596565060789,17,2,0
14.28357984549146,1.0162641805728239,0,23390.53784346723,6.89622600189066,60.41444163451001,100,1,1
39.934137015740994,3.537477836685887,0,59033.41297425959,0.16676838270570982,60.612630372044656,5,1,1
18.27592375287165,2.594263839515663,0,39697.0119151779,8.612625322502753,71.37305817675576,4,1,2
35.842470084173385,0.029646984575686375,0,31496.250760359573,1.1328063817583773,36.926354732851934,59,2,0
24.370576492526688,0.7607231797223146,1,66770.00159179223,2.4674784115974804,86.48917714288265,0,1,2
19.563333470497703,4.234627100088119,0,53507.70348828416,7.4645947932955705,4.388345804587097,5,0,1
35.85561925894879,2.054865442058478,1,103730.49254961185,0.501760079333198,12.93536209498106,15,1,1
38.530314564978084,2.2361906529657194,0,113400.67512101638,4.8834783104645645,106.31721132504806,16,2,0
19.90050535378345,1.6266122705231512,1,53676.91365606182,2.4938189039179104,6.054049638962513,19,1,2
38.040299578268716,1.1775822865308572,1,26553.242030560934,4.53718679385174,58.910215168367706,26,1,0
26.06506362991057,3.395907665106825,1,8853.858484401017,2.360519549939146,45.08400497756539,2,2,1
47.39056142126785,0.005998417934143241,1,66402.59247367189,1.3554141373445852,113.3938658699954,1,0,2
41.62879062251528,3.492559951591554,1,40537.209353422426,6.803974669598203,58.35036434943702,28,1,0
19.605413132111032,4.47724119707063,1,17416.363670141454,5.744285232024067,99.52750612531219,57,1,1
38.53218852107846,0.7451929176677791,0,28059.764969300173,6.242938009207325,58.0154176923065,13,0,0
17.794366839833856,4.201550958270028,0,40681.59858240365,4.990880221113764,99.51538494020214,28,1,0
38.040299578268716,1.5527649316008263,1,26553.242030560934,2.4024361683526942,46.33427344393624,26,1,2
18.875542366578188,2.1419322469547657,0,12787.195661802914,8.612625322502753,64.19916176972497,28,1,0
26.985986655695783,0.0834817193218177,0,2863.5908056549906,1.8982199212677517,87.5199322483698,20,2,0
26.06506362991057,3.618682994522487,1,8853.858484401017,2.360519549939146,45.08400497756539,2,1,1
36.97558859547051,4.163441524162605,0,40203.46444207378,0.4669161537192479,115.99633389314688,11,1,0
18.073190233660853,0.756724199207021,0,64514.0615933511,4.991850808940295,97.83613853383413,23,0,0
25.977025338753798,4.45952949016841,0,8853.858484401017,6.910840304249987,45.08400497756539,5,0,1
21.302434684536088,2.5168198277683222,1,16304.10040553565,8.517785234036845,63.786281325467854,4,2,2
41.94093383224422,0.7451929176677791,0,23451.33621077447,6.779263430704468,59.927115338842476,23,0,0
19.605413132111032,4.47724119707063,1,16809.124253184244,4.437094425539544,98.88021583714114,57,0,1
28.31952411591444,0.01430624533948821,1,66140.71003311085,7.910209363268978,87.04128380025571,0,0,2
37.653136894322174,2.5149207801234987,1,10252.210083364726,8.611270509651176,67.19825006424513,0,1,2
46.56155446757028,0.09258608835105375,1,105067.59568896935,0.4669161537192479,104.52164542094592,13,2,0
18.27447570049951,3.492559951591554,0,40678.11520812348,5.467028019556055,71.9541005097169,20,1,2
38.53218852107846,0.745193509602181,0,28059.764969300173,2.552503404475071,58.0154176923065,24,0,0
38.28643326480668,1.249530577808062,1,20082.31763410043,4.628569530036321,52.9398206971888,24,1,0
28.56806559550045,4.580621092125229,0,29730.44887338439,7.3554120978999125,63.742298640101914,4,1,2
19.608792034475965,1.585814378685765,1,29256.054830874997,4.917838796084667,63.55906637147632,2,2,0
28.55297440333469,0.005998417934143241,1,74424.3165664668,2.4674784115974804,87.04128380025571,0,2,2
17.76101904028178,3.469434994759764,1,4904.11297542158,5.588671282361727,99.97647914197341,13,2,0
47.39056142126785,0.009685154060793955,1,25700.533564599704,1.3554141373445852,113.3938658699954,1,0,2
24.385652809090907,3.431669631561041,0,33472.41043135607,7.4779978842199775,63.190191982948015,28,1,0
38.530314564978084,1.5989232715914314,0,51422.071745461675,4.976956105452184,72.17253695033602,8,1,0
36.98406495293032,0.7451929176677791,0,28059.764969300173,6.255596550246228,49.348102183210656,13,0,0
25.219014825732945,1.1775822865308572,1,107882.84885880165,4.353130999982255,77.42954893263443,26,1,0
19.796783759506212,4.452504130747188,0,53769.585928845205,2.021871912727092,4.388345804587097,5,0,1
36.69968800793829,1.6247132228780303,1,53676.91365606182,2.4938189039179104,7.570149547203027,20,1,2
25.465148498787553,1.6247132228780303,0,32188.06551459615,2.4691891019432264,44.17968326499098,19,0,2
17.762467092653917,2.594263839515663,0,39700.49528945806,8.612625322502753,98.93434236635314,4,1,0
24.370576492526688,0.8129861681256253,1,66770.00159179223,6.157913102382901,86.48917714288265,0,1,2
24.370576492526688,0.8129861681256253,1,66770.00159179223,6.157913102382901,57.570493695686515,0,1,2
41.94093383224422,0.7451929176677791,0,23451.33621077447,2.015897935904353,45.08873102305203,23,0,0
19.00676793641103,4.47724119707063,1,16809.124253184244,4.437094425539544,99.24163318007443,57,0,1
47.121746376851085,2.778896965112164,0,39700.49528945806,8.574932265560363,113.77855090782228,10,1,0
19.563333470497703,4.234627100088119,1,54407.72034923297,7.4645947932955705,1.2989409455674146,5,0,1
24.10005508588018,0.8866163466730284,1,38438.14507513044,2.0601307157322037,86.48917714288265,0,1,2
37.464587798905455,2.5168198277683222,1,54005.39103686025,8.611270509651176,64.19916176972497,9,1,2
36.656341702965264,2.505442652050286,1,18771.12138027634,8.611270509651176,64.19916176972497,3,1,2
32.43249321060862,0.8116351871369551,0,31006.653970080115,2.146558559936704,88.22365356964356,20,2,0
18.27447570049951,3.492559951591554,0,40678.11520812348,4.216141829230578,71.9541005097169,13,1,0
36.98406495293032,1.2465821367321652,0,28059.764969300173,6.770072004274205,57.26093710833787,13,0,0
26.06506362991057,3.395907665106825,1,8853.858484401017,2.307443799701706,45.08400497756539,6,2,1
24.373222307735094,4.469593298874242,0,33472.41043135607,7.987757108618479,65.60847395758009,27,1,2
18.883189086343727,1.800221859638083,0,1268.9975370980637,8.612625322502753,64.19916176972497,2,1,2
38.53218852107846,0.7451929176677791,0,28059.764969300173,6.242938009207325,86.93410113543884,13,0,0
19.796783759506212,4.390511409663493,0,53769.585928845205,6.785241600002798,4.388345804587097,5,0,1
25.977025338753798,4.449746418413729,0,8853.858484401017,6.910840304249987,45.08400497756539,5,0,1
17.733403443903967,0.005796253958096909,1,25700.533564599704,1.3606466436394284,92.4075388284546,1,0,2
28.55297440333469,0.005998417934143241,0,65502.575612723085,2.4674784115974804,81.60429227274855,0,1,2
18.546445159583858,2.4683722377072703,0,68028.86843285573,9.016300354347418,71.37305817675576,4,1,2
18.11067253413917,1.6247132228780303,1,15596.33815145451,2.4938189039179104,7.570149547203027,20,1,2
36.983180808972534,4.149794345662136,0,4159.987415490122,0.4669161537192479,103.80106703690095,13,2,0
18.073190233660853,0.01505914688213622,0,23608.40892158858,5.602028460740036,97.13241721256,23,0,0
17.76101904028178,3.1862571092776415,1,4904.11297542158,5.455496710039546,102.6986961196124,13,2,2
38.28643326480668,0.748141358745848,1,20082.31763410043,4.628569530036321,52.9398206971888,24,1,0
21.314880061493444,2.5424773179296585,1,16304.10040553565,6.886477091644606,63.188993955426675,5,2,0
19.440118416069005,2.4995150878542525,1,1685.4973505467096,4.917838796084667,63.55906637147632,4,2,0
19.676210015403928,2.7018995687788294,0,39697.0119151779,8.612625322502753,84.19047048555186,5,1,1
24.36641898609954,4.49529193479211,0,33472.41043135607,6.924243395174395,63.190191982948015,28,1,2
18.163047207965423,4.126990785596816,0,53507.70348828416,7.4645947932955705,4.388345804587097,4,0,2
30.282725556935652,4.221155188043705,0,75787.07529162952,5.247406088032964,26.065368269973582,67,0,1
30.25540005686284,1.962023321673891,0,112197.93285863056,5.630382203563718,72.11368432803563,81,2,2
19.44776513583454,2.4651150936587127,0,110844.24310753784,4.917838796084667,106.32901937164237,2,2,0
10.58145121455253,3.3834467591553303,1,39308.88360635878,6.152069989105056,41.94045692073974,81,2,1
47.32895600901735,0.3040135647902803,0,118663.76863325755,2.4812721505285817,43.96857586876587,47,1,0
13.4330316434732,2.777980584603617,0,22553.485830532874,5.5261342911153015,50.009007977372285,52,2,2
43.7970720589444,1.3572580226505075,0,98797.31208360234,6.723868184112788,81.64101396553568,63,1,1
24.71522955646067,4.398255866674611,0,18904.848070601987,1.9111278090273787,94.23287426505742,28,2,1
48.04091924783198,0.32107218656095504,0,48635.6343972247,9.903670805639358,112.91496987715132,98,0,2
25.977010463152258,3.395907665106825,0,8853.858484401017,7.4645947932955705,45.08400497756539,5,0,1
47.45768247368012,4.3504425116375165,1,102970.35018651416,9.553312668018796,84.81290453687076,28,1,2
32.24639102135588,1.1365926258045405,0,99462.61659434362,2.939463711882543,40.99608119690039,38,2,2
19.605413132111032,4.47724119707063,1,16809.124253184244,4.434928765948255,98.88021583714114,57,1,1
39.656866801112514,4.360977340121675,1,63271.69292778762,2.6143855447801503,27.677868448660593,41,2,1
36.97558859547051,0.09258608835105375,0,31006.653970080115,0.4669161537192479,104.52164542094592,13,2,0
37.36820849538393,3.537477836685887,0,59033.41297425959,0.16676838270570982,60.612630372044656,4,1,2
28.55297440333469,0.005998417934143241,1,66402.59247367189,2.4674784115974804,87.04128380025571,0,1,2
18.875542366578188,2.5168198277683222,0,12787.195661802914,8.612625322502753,64.19916176972497,4,1,2
35.637605659252436,2.1833352608782635,1,103730.49254961185,1.6369416060025233,37.93456191427434,15,1,1
14.28357984549146,1.0162641805728239,0,33472.41043135607,6.89622600189066,59.31622790861439,100,1,0
37.68889098579319,1.6247132228780303,1,53676.91365606182,2.4938189039179104,6.054049638962513,19,1,2
35.41547199562843,4.031076655135218,0,6908.741262021218,0.6558293665733816,5.159107788553641,65,2,0
25.06050102350769,1.582260437022451,0,369.3149607322104,1.9248656241474915,63.59559916832755,75,2,2
41.94093383224422,0.7451929176677791,0,23451.33621077447,6.779263430704468,57.26093710833787,23,0,0
17.76101904028178,3.492559951591554,1,41027.35508683614,5.01656204783526,99.97647914197341,28,1,0
25.618356551908864,2.242720503801881,0,111376.48598490826,5.490310411105225,2.4147141495073043,43,1,0
41.91735544388084,3.99469745481567,0,106771.8054896053,4.531642783386005,66.82605728380032,26,0,1
25.219014825732945,1.1775822865308572,1,57680.90195687173,2.743479267483412,58.87645252181789,98,0,0
38.530314564978084,1.5989232715914314,0,54592.98783716645,4.8834783104645645,71.7596565060789,17,2,0
34.50071216661247,3.9993976302747667,1,80052.48554071152,9.22446127289036,87.54943489532695,90,1,0
19.642725565220395,2.5168198277683222,0,14274.504313304184,8.657188327098327,101.83983300640918,4,1,0
41.91735544388084,1.160990345776518,0,108201.51489928768,4.531642783386005,66.82605728380032,98,0,1
47.0443529923225,4.244854807777127,1,102970.35018651416,9.567682602905823,84.81290453687076,29,1,0
35.57129897301149,4.4053830215993175,0,75937.13750713882,5.247406088032964,28.885300607144394,70,0,1
38.42653484127658,1.5319158629996723,1,118914.0048364327,2.4938189039179104,45.902981982813344,19,1,0
30.51972386172608,1.962023321673891,0,107436.14044039897,5.630382203563718,72.47205899552205,82,2,2
13.4330316434732,2.5316542599827945,0,22553.485830532874,6.107110804118762,50.66310941289013,79,2,2
31.898390876142525,1.1365926258045405,0,99462.61659434362,2.9460186679024165,57.528737282672694,38,2,2
43.7970720589444,1.3572580226505075,0,105611.62437568964,6.434739936018433,81.64101396553568,62,1,1
25.977010463152258,0.13317361539668537,0,8853.858484401017,7.4645947932955705,45.901618001717054,3,0,1
35.32698780356782,0.32107218656095504,1,48346.61146213271,9.9190148581334,37.8549027138893,95,1,2
19.44776513583454,4.3866210898169244,0,110844.24310753784,4.970636133798381,105.99095021904063,3,1,0
34.50071216661247,4.063748556801242,1,80454.92129680722,9.247383007103199,87.54943489532695,90,1,0
35.41547199562843,4.0652238230118645,0,6757.835519898683,0.6558293665733816,5.159107788553641,65,2,2
40.13743592855024,2.316787882245347,0,68474.8484533399,3.0319651294041416,30.959881284678268,41,2,1
17.620855948701696,3.492559951591554,1,37721.940623659924,7.327916567682494,62.33577525506147,30,1,2
25.219014825732945,4.0112818019815375,1,56247.949354894954,2.743479267483412,58.87645252181789,26,0,0
14.656769944613828,1.1216232466385119,0,33472.41043135607,6.921399660877112,65.58277505058383,97,1,2
24.71522955646067,4.214028033118998,0,16323.800595842655,1.9111278090273787,91.41293278820156,28,2,1
46.59120201380343,0.3968523845077052,0,52185.35859018495,2.4812721505285817,4.18352944040867,46,1,2
37.10388469051766,3.537477836685887,0,59033.41297425959,0.16676838270570982,60.25425570455823,4,1,2
10.58145121455253,3.3834467591553303,1,39308.88360635878,5.571093476101594,38.72968735598118,51,2,1
42.2889338485993,0.7451929176677791,0,23451.33621077447,6.735996312109278,40.72828102256576,23,0,0
38.530314564978084,1.6479607887768788,0,54592.98783716645,4.8834783104645645,76.0520322952637,16,2,0
29.558229333887432,3.3326776720925952,1,66402.59247367189,2.4674784115974804,86.22367061003304,0,1,2
48.34314080815483,2.1833352608782635,0,104018.80918931714,1.5980678528315577,112.91733004291271,14,0,1
19.605413132111032,2.5556998080066498,1,16809.124253184244,4.382131428234542,99.21828498974082,56,2,1
36.97558859547051,0.08362914338153793,0,30604.22060581099,0.4640051651961885,104.52164542094592,13,2,0
25.06050102350769,1.582260437022451,0,384.6938776998343,1.9248656241474915,63.59559916832755,75,2,0
25.537041931088527,4.286893821331345,1,106168.947256201,5.456894613720345,4.524838859258743,43,1,0
49.437208509683735,2.1833352608782635,0,104018.80918931714,0.6686387864729118,103.55775177958972,8,0,0
38.42653484127658,1.5319158629996723,1,39357.55025937896,2.494650562420988,38.52780462026086,19,1,1
36.97558859547051,0.7980905120201975,0,31006.653970080115,0.4669161537192479,104.18520647873389,13,2,0
30.26892089589705,1.962023321673891,1,112197.93285863056,2.7629155114638193,58.71495044191899,25,2,0
39.25343041749125,1.6479607887768788,0,54592.98783716645,1.9764639206542451,92.65077489889109,27,2,0
19.605413132111032,4.47724119707063,1,16809.124253184244,4.434928765948255,98.88021583714114,56,1,2
36.97558859547051,0.08362914338153793,0,23633.765058388366,0.3456403570678406,105.18368519685043,13,2,0
36.7535855874539,3.537477836685887,0,59033.41297425959,0.16676838270570982,60.25425570455823,4,1,2
19.236307392714735,2.3824535679538212,0,56237.57924403573,2.483469170473483,112.8813617185057,2,2,0
28.55297440333469,0.005998417934143241,1,10627.240096455109,8.621822676443273,85.52349035646444,0,1,2
24.346807045047743,4.322665176785973,0,18904.848070601987,2.4482420333335533,94.23287426505742,28,2,1
25.977010463152258,2.1563888369961965,0,99871.99152010641,7.4645947932955705,45.901618001717054,6,1,1
25.48881535163232,1.582260437022451,0,384.6938776998343,1.9248656241474915,105.12317719461434,70,2,0
19.605413132111032,2.5556998080066498,1,14399.569383071917,4.382131428234542,99.21828498974082,18,2,2
17.756246240361868,3.492559951591554,1,41027.35508683614,6.526005357245072,55.91469279735658,30,1,0
42.03720072240965,0.7737627430924349,0,23451.33621077447,7.588387438470075,50.039606812709664,32,0,1
10.58145121455253,3.3098592240126345,1,113544.48274740999,5.570261827281195,46.092723135907605,51,2,0
25.20549398669873,4.0112818019815375,0,42761.34562832146,5.610945961346029,72.27518640793453,81,0,2
24.194594026713474,4.214028033118998,0,17078.02982997547,4.818142278702682,74.81419018447909,17,2,1
25.06050102350769,1.582260437022451,0,369.3149607322104,1.9248656241474915,63.59559916832755,75,2,1
41.94093383224422,0.7451929176677791,0,30421.7917581971,6.9319799040436845,50.2728006321187,23,0,0
37.36820849538393,3.537477836685887,0,59033.41297425959,0.018461334770393245,60.612630372044656,4,1,2
29.558229333887432,3.4153391977919654,1,110895.09987715838,4.901848038023434,86.22367061003304,0,1,2
19.075288975705387,2.5168198277683222,0,69600.50178776961,2.4580167283483707,65.71695521340173,4,1,2
19.44776513583454,4.3868058079246515,0,110844.24310753784,5.031349267137304,105.99095021904063,3,1,0
35.637605659252436,0.32397139109065065,1,12790.707027671488,1.6369416060025233,37.93456191427434,15,0,1
19.547466228580863,2.5168198277683222,0,12910.423782137359,8.657188327098327,60.311865605003774,4,1,0
37.68889098579319,1.6247132228780303,1,56086.74496919503,2.4938189039179104,6.054049638962513,59,1,1
17.625628748621608,3.492559951591554,1,37721.940623659924,7.327916567682494,100.93755504125293,28,1,2
36.642801661149974,0.2252234920033409,0,16699.713068788587,0.3025967405185437,104.52164542094592,13,2,1
19.435491800893832,3.5210407773554664,1,14987.103659384278,7.327916567682494,77.32861853467747,30,1,2
37.54036822621294,4.312835709444224,0,18904.848070601987,0.4486115978076417,94.23287426505742,28,2,1
41.98177546902788,0.8285759442958291,0,16867.476469043253,6.6020652887118905,104.75441135448817,20,0,1
25.083320303864582,4.214028033118998,0,60531.22310794104,4.7111828130861255,74.81419018447909,17,2,1
25.977010463152258,0.13317361539668537,1,8853.858484401017,7.4645947932955705,45.901618001717054,3,0,1
35.637605659252436,0.32397139109065065,1,12905.6353354057,1.3742588450925486,37.93406261708276,15,0,1
19.10544194224045,3.537477836685887,0,59033.41297425959,8.006442732703299,60.612630372044656,4,1,2
31.238410251134475,3.3214934856220166,0,66197.00830501439,0.16676838270570982,60.25425570455823,4,1,2
17.625628748621608,3.492559951591554,0,37721.940623659924,7.327916567682494,100.93755504125293,28,1,2
30.116500491072493,1.2193626845710819,1,66402.59247367189,2.9436265816796006,86.32738886150558,0,1,2
42.03720072240965,0.538249549769043,0,23451.33621077447,6.933825900912763,50.039606812709664,32,0,0
17.756246240361868,3.492559951591554,1,43375.19697306613,5.047726864779645,56.070579221087975,30,1,0
18.875542366578188,0.7452620292263048,0,13027.35650059976,8.612625322502753,64.19916176972497,16,1,2
30.247316225066072,0.05278894298017578,1,33362.10495331765,8.621822676443273,93.53373819134355,0,1,2
23.782027398197613,0.8077575979313818,0,37869.68308015726,2.4666566859350603,104.18520647873389,13,2,0
19.912504588554718,4.3930402345274615,1,23392.983994915492,4.56885978933158,41.94450768426705,60,1,0
19.605413132111032,2.5641855279609906,1,14399.569383071917,4.382131428234542,99.21828498974082,19,2,2
37.36820849538393,3.537477836685887,0,8525.423863312124,0.20759368415111634,60.612630372044656,4,1,2
35.637605659252436,1.9261002116239505,0,103730.49254961185,1.6369416060025233,37.93456191427434,15,1,1
24.71522955646067,4.214028033118998,0,16208.872288108443,1.9111278090273787,91.41342528632046,31,2,1
37.81024055568452,2.5168198277683222,0,12910.423782137359,0.8861375201408213,60.311865605003774,3,1,0
43.086152949375304,3.5486620231564654,1,57352.496056570984,2.4674784115974804,86.22367061003304,0,1,2
17.067228924726106,2.4651150936587127,0,111840.37676159645,4.917838796084667,106.32901937164237,4,2,0
25.977010463152258,3.395907665106825,1,8853.858484401017,8.25541204135008,45.08400497756539,5,0,1
25.335315009677863,4.0112818019815375,1,56247.949354894954,2.743479267483412,59.590347458831275,26,0,0
41.94093383224422,0.7456724487591799,0,30421.7917581971,7.586541441600997,50.2728006321187,23,0,1
17.76101904028178,3.492559951591554,1,41027.35508683614,6.494840540300663,87.3136648493562,31,1,0
41.94093383224422,2.516752302369462,0,23211.175372499023,6.310696217094657,41.78179639946121,3,0,0
41.94093383224422,0.7451929176677791,1,23451.33621077447,2.2191229929075433,57.12077900035172,24,0,0
35.637605659252436,2.1833352608782635,0,103730.49254961185,6.197105356088851,38.07472002226297,14,1,1
28.55297440333469,0.005998417934143241,0,8891.98505495171,8.561650250543488,89.51937040817563,0,0,2
35.637605659252436,0.32397139109065065,0,12790.707027671488,1.6369416060025233,26.446236323361962,15,0,0
36.535450366084866,3.537477836685887,0,60514.052543898775,0.4551043049746044,74.64546899617567,5,1,2
19.547466228580863,2.5168198277683222,0,24190.37373301919,8.657188327098327,60.311865605003774,4,1,0
42.14034098932226,3.72968812613228,1,23451.33621077447,6.590707758344578,57.12077900035172,33,0,0
17.756246240361868,3.492559951591554,0,43375.19697306613,5.047726864779645,56.070579221087975,26,0,0
25.977010463152258,3.395907665106825,0,8853.858484401017,8.25541204135008,45.08400497756539,13,0,1
42.556448341913736,0.1383027444551419,0,23211.175372499023,6.310696217094657,41.78179639946121,3,0,1
19.605413132111032,4.47724119707063,1,16809.124253184244,4.434928765948255,99.00068069511782,45,0,1
24.346807045047743,4.322665176785973,1,18904.848070601987,2.4482420333335533,63.143096496484574,26,2,0
25.29464001939051,4.0112818019815375,1,56247.949354894954,2.743479267483412,86.85101993909988,26,0,0
19.188289912745404,2.3851316195725016,0,60015.23098597375,2.0621122602248803,112.8813617185057,32,2,0
38.17323210259616,4.316379622108471,0,37882.57838898935,0.4486115978076417,100.22294248782502,28,2,1
39.56360267784571,0.7451929176677791,0,23451.33621077447,6.779263430704468,52.55209657133848,36,0,0
30.247316225066072,0.05278894298017578,1,35461.71074636053,8.676653293511627,93.53373819134355,0,1,2
22.800858280101895,0.13317361539668537,1,8608.689390451187,7.5589286170794,41.90573536754743,3,1,1
23.782027398197613,0.9051846278375493,1,37869.68308015726,2.4666566859350603,111.91190103436925,13,2,1
24.946362976554052,4.214028033118998,0,50064.68379876587,3.5118051097105063,60.78135156034808,17,2,1
42.03720072240965,0.538249549769043,0,5269.679661537234,6.933825900912763,50.039606812709664,31,0,0
20.44801961248931,0.6755104008829212,1,37721.940623659924,2.31058111856303,100.93755504125293,28,1,2
25.977010463152258,3.395907665106825,1,8853.858484401017,7.4645947932955705,45.08400497756539,5,1,1
36.97558859547051,0.1943382978427467,1,30604.22060581099,0.4640051651961885,104.52164542094592,5,2,0
25.36147486712987,2.518844416538185,1,8853.858484401017,7.437291992986179,48.554250954634746,3,0,0
41.98177546902788,0.8285759442958291,0,12159.927510462729,6.6020652887118905,104.63394649651146,20,1,1
25.335315009677863,3.754067388402097,0,56247.949354894954,2.743479267483412,94.40609104227646,28,0,1
30.040875297414935,1.2193626845710819,1,66402.59247367189,2.9436265816796006,58.35282144135175,4,1,2
42.085163898107,0.7737627430924349,0,19673.707873754476,7.588387438470075,54.65729450292728,2,0,1
17.37447859852147,3.398132465516957,1,29637.495645359435,5.01656204783526,93.98641091920582,28,1,0
17.756246240361868,3.492559951591554,1,41027.35508683614,6.526005357245072,56.43651256477939,23,1,0
35.637605659252436,0.32397139109065065,1,12905.6353354057,1.3742588450925486,25.752017917263068,15,0,1
