bandwidth,cruise_speed,firm_obstacle,illuminance,obstacle_distance,obstacle_size,power,quality,smoke_intensity
23.395856613585437,4.453798047764558,0,29915.037547114407,6.544190744115619,93.59805268014516,90,0,0
23.395856613585437,4.453798047764558,0,29915.037547114407,6.544190744115619,93.59805268014516,40,0,0
23.395856613585437,4.453798047764558,0,29915.037547114407,6.544190744115619,93.59805268014516,21,0,0
23.395856613585437,4.453798047764558,0,29915.037547114407,6.544190744115619,93.59805268014516,72,0,0
23.395856613585437,4.453798047764558,0,29915.037547114407,6.544190744115619,93.59805268014516,87,0,0
23.395856613585437,4.453798047764558,0,29915.037547114407,6.544190744115619,93.59805268014516,28,0,0
23.395856613585437,4.453798047764558,0,29915.037547114407,6.544190744115619,93.59805268014516,36,0,0
23.395856613585437,4.453798047764558,0,29915.037547114407,6.544190744115619,93.59805268014516,8,0,0
23.395856613585437,4.453798047764558,0,29915.037547114407,6.544190744115619,93.59805268014516,97,0,0
23.395856613585437,4.453798047764558,0,29915.037547114407,6.544190744115619,93.59805268014516,97,0,0
23.395856613585437,4.453798047764558,0,29915.037547114407,6.544190744115619,93.59805268014516,70,0,0
23.395856613585437,4.453798047764558,0,29915.037547114407,6.544190744115619,93.59805268014516,56,0,0
23.395856613585437,4.453798047764558,0,29915.037547114407,6.544190744115619,93.59805268014516,57,0,0
23.395856613585437,4.453798047764558,0,29915.037547114407,6.544190744115619,93.59805268014516,65,0,0
23.395856613585437,4.453798047764558,0,29915.037547114407,6.544190744115619,93.59805268014516,74,0,0
23.395856613585437,4.453798047764558,0,29915.037547114407,6.544190744115619,93.59805268014516,58,0,0
23.395856613585437,4.453798047764558,0,29915.037547114407,6.544190744115619,93.59805268014516,79,0,0
23.395856613585437,4.453798047764558,0,29915.037547114407,6.544190744115619,93.59805268014516,48,0,0
23.395856613585437,4.453798047764558,0,29915.037547114407,6.544190744115619,93.59805268014516,36,0,0
23.395856613585437,4.453798047764558,0,29915.037547114407,6.544190744115619,93.59805268014516,12,0,0
23.395856613585437,4.453798047764558,0,29915.037547114407,6.544190744115619,93.59805268014516,81,0,0
23.395856613585437,4.453798047764558,0,29915.037547114407,6.544190744115619,93.59805268014516,31,0,0
23.395856613585437,4.453798047764558,0,29915.037547114407,6.544190744115619,93.59805268014516,67,0,0
23.395856613585437,4.453798047764558,0,29915.037547114407,6.544190744115619,93.59805268014516,74,0,0
23.395856613585437,4.453798047764558,0,29915.037547114407,6.544190744115619,93.59805268014516,69,0,0
23.395856613585437,4.453798047764558,0,29915.037547114407,6.544190744115619,93.59805268014516,91,0,0
23.395856613585437,4.453798047764558,0,29915.037547114407,6.544190744115619,93.59805268014516,70,0,0
23.395856613585437,4.453798047764558,0,29915.037547114407,6.544190744115619,93.59805268014516,89,0,0
23.395856613585437,4.453798047764558,0,29915.037547114407,6.544190744115619,93.59805268014516,75,0,0
23.395856613585437,4.453798047764558,0,29915.037547114407,6.544190744115619,93.59805268014516,95,0,0
40.846198846526484,0.12701960685821856,1,50747.73702876693,3.016738064312512,64.57161448128684,82,2,0
40.846198846526484,3.6901929259956052,1,50747.73702876693,3.016738064312512,64.57161448128684,82,2,0
40.846198846526484,3.36300038284244,1,50747.73702876693,3.016738064312512,64.57161448128684,82,2,0
40.846198846526484,3.125938202445109,1,50747.73702876693,3.016738064312512,64.57161448128684,82,2,0
40.846198846526484,3.1881209395653283,1,50747.73702876693,3.016738064312512,64.57161448128684,82,2,0
40.846198846526484,0.6313544576593366,1,50747.73702876693,3.016738064312512,64.57161448128684,82,2,0
40.846198846526484,3.130830555082214,1,50747.73702876693,3.016738064312512,64.57161448128684,82,2,0
40.846198846526484,3.935459053430483,1,50747.73702876693,3.016738064312512,64.57161448128684,82,2,0
40.846198846526484,0.03700519662279855,1,50747.73702876693,3.016738064312512,64.57161448128684,82,2,0
40.846198846526484,4.605219136071874,1,50747.73702876693,3.016738064312512,64.57161448128684,82,2,0
40.846198846526484,0.6531558870653076,1,50747.73702876693,3.016738064312512,64.57161448128684,82,2,0
40.846198846526484,1.878530363614273,1,50747.73702876693,3.016738064312512,64.57161448128684,82,2,0
40.846198846526484,2.7534927344245332,1,50747.73702876693,3.016738064312512,64.57161448128684,82,2,0
40.846198846526484,3.0412772191091064,1,50747.73702876693,3.016738064312512,64.57161448128684,82,2,0
40.846198846526484,2.747143044215612,1,50747.73702876693,3.016738064312512,64.57161448128684,82,2,0
40.846198846526484,1.9385993830614345,1,50747.73702876693,3.016738064312512,64.57161448128684,82,2,0
40.846198846526484,4.401581085844696,1,50747.73702876693,3.016738064312512,64.57161448128684,82,2,0
40.846198846526484,1.9831130031543165,1,50747.73702876693,3.016738064312512,64.57161448128684,82,2,0
40.846198846526484,4.367578291191987,1,50747.73702876693,3.016738064312512,64.57161448128684,82,2,0
40.846198846526484,1.6494168619736298,1,50747.73702876693,3.016738064312512,64.57161448128684,82,2,0
40.846198846526484,3.1285976168427703,1,50747.73702876693,3.016738064312512,64.57161448128684,82,2,0
40.846198846526484,4.2490891096959365,1,50747.73702876693,3.016738064312512,64.57161448128684,82,2,0
40.846198846526484,0.5991381450307892,1,50747.73702876693,3.016738064312512,64.57161448128684,82,2,0
40.846198846526484,0.8544899874244849,1,50747.73702876693,3.016738064312512,64.57161448128684,82,2,0
40.846198846526484,3.641317513702263,1,50747.73702876693,3.016738064312512,64.57161448128684,82,2,0
40.846198846526484,0.6284061219469106,1,50747.73702876693,3.016738064312512,64.57161448128684,82,2,0
40.846198846526484,0.08515339793661703,1,50747.73702876693,3.016738064312512,64.57161448128684,82,2,0
40.846198846526484,0.9532907720182526,1,50747.73702876693,3.016738064312512,64.57161448128684,82,2,0
40.846198846526484,1.973725018009146,1,50747.73702876693,3.016738064312512,64.57161448128684,82,2,0
40.846198846526484,3.513261164041795,1,50747.73702876693,3.016738064312512,64.57161448128684,82,2,0
38.00928226841146,0.21110759700546766,1,84960.76393443778,1.9948875015504297,83.62475208810321,10,2,2
18.569686593176517,0.21110759700546766,1,84960.76393443778,1.9948875015504297,83.62475208810321,10,2,2
18.980200778276984,0.21110759700546766,1,84960.76393443778,1.9948875015504297,83.62475208810321,10,2,2
12.075301977953696,0.21110759700546766,1,84960.76393443778,1.9948875015504297,83.62475208810321,10,2,2
10.900091136573614,0.21110759700546766,1,84960.76393443778,1.9948875015504297,83.62475208810321,10,2,2
15.391756852084582,0.21110759700546766,1,84960.76393443778,1.9948875015504297,83.62475208810321,10,2,2
40.075551925261365,0.21110759700546766,1,84960.76393443778,1.9948875015504297,83.62475208810321,10,2,2
23.612510527904384,0.21110759700546766,1,84960.76393443778,1.9948875015504297,83.62475208810321,10,2,2
23.924125772253042,0.21110759700546766,1,84960.76393443778,1.9948875015504297,83.62475208810321,10,2,2
23.814611117013428,0.21110759700546766,1,84960.76393443778,1.9948875015504297,83.62475208810321,10,2,2
19.62592608325003,0.21110759700546766,1,84960.76393443778,1.9948875015504297,83.62475208810321,10,2,2
47.657393960371365,0.21110759700546766,1,84960.76393443778,1.9948875015504297,83.62475208810321,10,2,2
47.642878108309404,0.21110759700546766,1,84960.76393443778,1.9948875015504297,83.62475208810321,10,2,2
47.298221422876146,0.21110759700546766,1,84960.76393443778,1.9948875015504297,83.62475208810321,10,2,2
38.80236048858233,0.21110759700546766,1,84960.76393443778,1.9948875015504297,83.62475208810321,10,2,2
36.06229359720658,0.21110759700546766,1,84960.76393443778,1.9948875015504297,83.62475208810321,10,2,2
32.97098305164266,0.21110759700546766,1,84960.76393443778,1.9948875015504297,83.62475208810321,10,2,2
26.375228800285164,0.21110759700546766,1,84960.76393443778,1.9948875015504297,83.62475208810321,10,2,2
37.87982501984258,0.21110759700546766,1,84960.76393443778,1.9948875015504297,83.62475208810321,10,2,2
31.293833220296907,0.21110759700546766,1,84960.76393443778,1.9948875015504297,83.62475208810321,10,2,2
40.10504259476926,0.21110759700546766,1,84960.76393443778,1.9948875015504297,83.62475208810321,10,2,2
39.359686509754596,0.21110759700546766,1,84960.76393443778,1.9948875015504297,83.62475208810321,10,2,2
34.7289857604765,0.21110759700546766,1,84960.76393443778,1.9948875015504297,83.62475208810321,10,2,2
29.48750001720962,0.21110759700546766,1,84960.76393443778,1.9948875015504297,83.62475208810321,10,2,2
39.03800067151789,0.21110759700546766,1,84960.76393443778,1.9948875015504297,83.62475208810321,10,2,2
40.143637710584144,0.21110759700546766,1,84960.76393443778,1.9948875015504297,83.62475208810321,10,2,2
38.41375605580686,0.21110759700546766,1,84960.76393443778,1.9948875015504297,83.62475208810321,10,2,2
16.218858304705066,0.21110759700546766,1,84960.76393443778,1.9948875015504297,83.62475208810321,10,2,2
20.09392380538095,0.21110759700546766,1,84960.76393443778,1.9948875015504297,83.62475208810321,10,2,2
36.87646691182536,0.21110759700546766,1,84960.76393443778,1.9948875015504297,83.62475208810321,10,2,2
31.668794505833283,1.039721056210695,1,48880.53038615365,0.680059858053429,93.41502492241683,15,1,2
31.668794505833283,1.039721056210695,1,48880.53038615365,0.680059858053429,93.41502492241683,15,2,2
31.668794505833283,1.039721056210695,1,48880.53038615365,0.680059858053429,93.41502492241683,15,2,2
31.668794505833283,1.039721056210695,1,48880.53038615365,0.680059858053429,93.41502492241683,15,1,2
31.668794505833283,1.039721056210695,1,48880.53038615365,0.680059858053429,93.41502492241683,15,1,2
31.668794505833283,1.039721056210695,1,48880.53038615365,0.680059858053429,93.41502492241683,15,1,2
31.668794505833283,1.039721056210695,1,48880.53038615365,0.680059858053429,93.41502492241683,15,0,2
31.668794505833283,1.039721056210695,1,48880.53038615365,0.680059858053429,93.41502492241683,15,2,2
31.668794505833283,1.039721056210695,1,48880.53038615365,0.680059858053429,93.41502492241683,15,0,2
31.668794505833283,1.039721056210695,1,48880.53038615365,0.680059858053429,93.41502492241683,15,0,2
31.668794505833283,1.039721056210695,1,48880.53038615365,0.680059858053429,93.41502492241683,15,1,2
31.668794505833283,1.039721056210695,1,48880.53038615365,0.680059858053429,93.41502492241683,15,1,2
31.668794505833283,1.039721056210695,1,48880.53038615365,0.680059858053429,93.41502492241683,15,2,2
31.668794505833283,1.039721056210695,1,48880.53038615365,0.680059858053429,93.41502492241683,15,0,2
31.668794505833283,1.039721056210695,1,48880.53038615365,0.680059858053429,93.41502492241683,15,2,2
31.668794505833283,1.039721056210695,1,48880.53038615365,0.680059858053429,93.41502492241683,15,0,2
31.668794505833283,1.039721056210695,1,48880.53038615365,0.680059858053429,93.41502492241683,15,0,2
31.668794505833283,1.039721056210695,1,48880.53038615365,0.680059858053429,93.41502492241683,15,2,2
31.668794505833283,1.039721056210695,1,48880.53038615365,0.680059858053429,93.41502492241683,15,1,2
31.668794505833283,1.039721056210695,1,48880.53038615365,0.680059858053429,93.41502492241683,15,0,2
31.668794505833283,1.039721056210695,1,48880.53038615365,0.680059858053429,93.41502492241683,15,0,2
31.668794505833283,1.039721056210695,1,48880.53038615365,0.680059858053429,93.41502492241683,15,0,2
31.668794505833283,1.039721056210695,1,48880.53038615365,0.680059858053429,93.41502492241683,15,1,2
31.668794505833283,1.039721056210695,1,48880.53038615365,0.680059858053429,93.41502492241683,15,0,2
31.668794505833283,1.039721056210695,1,48880.53038615365,0.680059858053429,93.41502492241683,15,2,2
31.668794505833283,1.039721056210695,1,48880.53038615365,0.680059858053429,93.41502492241683,15,0,2
31.668794505833283,1.039721056210695,1,48880.53038615365,0.680059858053429,93.41502492241683,15,2,2
31.668794505833283,1.039721056210695,1,48880.53038615365,0.680059858053429,93.41502492241683,15,2,2
31.668794505833283,1.039721056210695,1,48880.53038615365,0.680059858053429,93.41502492241683,15,2,2
31.668794505833283,1.039721056210695,1,48880.53038615365,0.680059858053429,93.41502492241683,15,0,2
38.85773205556851,3.9049288381959353,1,77839.5828068134,7.417984036716878,66.1777588562709,80,0,2
38.85773205556851,3.9049288381959353,1,40332.380131094,7.417984036716878,66.1777588562709,80,0,2
38.85773205556851,3.9049288381959353,1,117828.7630446812,7.417984036716878,66.1777588562709,80,0,2
38.85773205556851,3.9049288381959353,1,69282.0183903438,7.417984036716878,66.1777588562709,80,0,2
38.85773205556851,3.9049288381959353,1,80165.12727265515,7.417984036716878,66.1777588562709,80,0,2
38.85773205556851,3.9049288381959353,1,103156.19110732914,7.417984036716878,66.1777588562709,80,0,2
38.85773205556851,3.9049288381959353,1,26834.75707807547,7.417984036716878,66.1777588562709,80,0,2
38.85773205556851,3.9049288381959353,1,28775.441452510615,7.417984036716878,66.1777588562709,80,0,2
38.85773205556851,3.9049288381959353,1,96486.7609396531,7.417984036716878,66.1777588562709,80,0,2
38.85773205556851,3.9049288381959353,1,119815.84135508539,7.417984036716878,66.1777588562709,80,0,2
38.85773205556851,3.9049288381959353,1,60079.100047471184,7.417984036716878,66.1777588562709,80,0,2
38.85773205556851,3.9049288381959353,1,38591.27608573196,7.417984036716878,66.1777588562709,80,0,2
38.85773205556851,3.9049288381959353,1,118420.18685834281,7.417984036716878,66.1777588562709,80,0,2
38.85773205556851,3.9049288381959353,1,15575.924172926603,7.417984036716878,66.1777588562709,80,0,2
38.85773205556851,3.9049288381959353,1,12265.876514958998,7.417984036716878,66.1777588562709,80,0,2
38.85773205556851,3.9049288381959353,1,90767.0490663767,7.417984036716878,66.1777588562709,80,0,2
38.85773205556851,3.9049288381959353,1,78322.45854740388,7.417984036716878,66.1777588562709,80,0,2
38.85773205556851,3.9049288381959353,1,45031.80667921154,7.417984036716878,66.1777588562709,80,0,2
38.85773205556851,3.9049288381959353,1,40478.57799662768,7.417984036716878,66.1777588562709,80,0,2
38.85773205556851,3.9049288381959353,1,62026.314172359875,7.417984036716878,66.1777588562709,80,0,2
38.85773205556851,3.9049288381959353,1,107093.70607137024,7.417984036716878,66.1777588562709,80,0,2
38.85773205556851,3.9049288381959353,1,35322.69639258459,7.417984036716878,66.1777588562709,80,0,2
38.85773205556851,3.9049288381959353,1,64708.30320037155,7.417984036716878,66.1777588562709,80,0,2
38.85773205556851,3.9049288381959353,1,10750.656045334743,7.417984036716878,66.1777588562709,80,0,2
38.85773205556851,3.9049288381959353,1,77979.86220002093,7.417984036716878,66.1777588562709,80,0,2
38.85773205556851,3.9049288381959353,1,48537.74211752692,7.417984036716878,66.1777588562709,80,0,2
38.85773205556851,3.9049288381959353,1,24437.111343171688,7.417984036716878,66.1777588562709,80,0,2
38.85773205556851,3.9049288381959353,1,100302.05732787107,7.417984036716878,66.1777588562709,80,0,2
38.85773205556851,3.9049288381959353,1,4868.952886509573,7.417984036716878,66.1777588562709,80,0,2
38.85773205556851,3.9049288381959353,1,117729.21200110778,7.417984036716878,66.1777588562709,80,0,2
17.536086122400846,0.686823002671893,0,95504.63923419412,5.101005950529545,15.52371600040017,69,2,0
17.536086122400846,0.686823002671893,0,95504.63923419412,5.101005950529545,15.52371600040017,69,2,1
17.536086122400846,0.686823002671893,0,95504.63923419412,5.101005950529545,15.52371600040017,69,2,0
17.536086122400846,0.686823002671893,0,95504.63923419412,5.101005950529545,15.52371600040017,69,2,2
17.536086122400846,0.686823002671893,0,95504.63923419412,5.101005950529545,15.52371600040017,69,2,0
17.536086122400846,0.686823002671893,0,95504.63923419412,5.101005950529545,15.52371600040017,69,2,2
17.536086122400846,0.686823002671893,0,95504.63923419412,5.101005950529545,15.52371600040017,69,2,1
17.536086122400846,0.686823002671893,0,95504.63923419412,5.101005950529545,15.52371600040017,69,2,2
17.536086122400846,0.686823002671893,0,95504.63923419412,5.101005950529545,15.52371600040017,69,2,1
17.536086122400846,0.686823002671893,0,95504.63923419412,5.101005950529545,15.52371600040017,69,2,2
17.536086122400846,0.686823002671893,0,95504.63923419412,5.101005950529545,15.52371600040017,69,2,1
17.536086122400846,0.686823002671893,0,95504.63923419412,5.101005950529545,15.52371600040017,69,2,0
17.536086122400846,0.686823002671893,0,95504.63923419412,5.101005950529545,15.52371600040017,69,2,0
17.536086122400846,0.686823002671893,0,95504.63923419412,5.101005950529545,15.52371600040017,69,2,0
17.536086122400846,0.686823002671893,0,95504.63923419412,5.101005950529545,15.52371600040017,69,2,2
17.536086122400846,0.686823002671893,0,95504.63923419412,5.101005950529545,15.52371600040017,69,2,0
17.536086122400846,0.686823002671893,0,95504.63923419412,5.101005950529545,15.52371600040017,69,2,1
17.536086122400846,0.686823002671893,0,95504.63923419412,5.101005950529545,15.52371600040017,69,2,0
17.536086122400846,0.686823002671893,0,95504.63923419412,5.101005950529545,15.52371600040017,69,2,1
17.536086122400846,0.686823002671893,0,95504.63923419412,5.101005950529545,15.52371600040017,69,2,0
17.536086122400846,0.686823002671893,0,95504.63923419412,5.101005950529545,15.52371600040017,69,2,0
17.536086122400846,0.686823002671893,0,95504.63923419412,5.101005950529545,15.52371600040017,69,2,1
17.536086122400846,0.686823002671893,0,95504.63923419412,5.101005950529545,15.52371600040017,69,2,2
17.536086122400846,0.686823002671893,0,95504.63923419412,5.101005950529545,15.52371600040017,69,2,2
17.536086122400846,0.686823002671893,0,95504.63923419412,5.101005950529545,15.52371600040017,69,2,1
17.536086122400846,0.686823002671893,0,95504.63923419412,5.101005950529545,15.52371600040017,69,2,1
17.536086122400846,0.686823002671893,0,95504.63923419412,5.101005950529545,15.52371600040017,69,2,0
17.536086122400846,0.686823002671893,0,95504.63923419412,5.101005950529545,15.52371600040017,69,2,0
17.536086122400846,0.686823002671893,0,95504.63923419412,5.101005950529545,15.52371600040017,69,2,0
17.536086122400846,0.686823002671893,0,95504.63923419412,5.101005950529545,15.52371600040017,69,2,1
33.02370601478068,1.6093684764143017,1,22289.07007317622,8.21304162505172,118.22926613076937,15,2,0
33.02370601478068,1.6093684764143017,1,22289.07007317622,8.21304162505172,15.954744922490747,15,2,0
33.02370601478068,1.6093684764143017,1,22289.07007317622,8.21304162505172,38.749770712145335,15,2,0
33.02370601478068,1.6093684764143017,1,22289.07007317622,8.21304162505172,13.72243185647347,15,2,0
33.02370601478068,1.6093684764143017,1,22289.07007317622,8.21304162505172,18.354983083920445,15,2,0
33.02370601478068,1.6093684764143017,1,22289.07007317622,8.21304162505172,29.02429427910675,15,2,0
33.02370601478068,1.6093684764143017,1,22289.07007317622,8.21304162505172,21.09788316953693,15,2,0
33.02370601478068,1.6093684764143017,1,22289.07007317622,8.21304162505172,108.99619416384819,15,2,0
33.02370601478068,1.6093684764143017,1,22289.07007317622,8.21304162505172,79.70439159884246,15,2,0
33.02370601478068,1.6093684764143017,1,22289.07007317622,8.21304162505172,60.292454430899014,15,2,0
33.02370601478068,1.6093684764143017,1,22289.07007317622,8.21304162505172,54.155966467357864,15,2,0
33.02370601478068,1.6093684764143017,1,22289.07007317622,8.21304162505172,69.57662150957911,15,2,0
33.02370601478068,1.6093684764143017,1,22289.07007317622,8.21304162505172,5.345788266008777,15,2,0
33.02370601478068,1.6093684764143017,1,22289.07007317622,8.21304162505172,53.58592933059536,15,2,0
33.02370601478068,1.6093684764143017,1,22289.07007317622,8.21304162505172,15.893473088535908,15,2,0
33.02370601478068,1.6093684764143017,1,22289.07007317622,8.21304162505172,119.40005034905943,15,2,0
33.02370601478068,1.6093684764143017,1,22289.07007317622,8.21304162505172,1.4500402169897253,15,2,0
33.02370601478068,1.6093684764143017,1,22289.07007317622,8.21304162505172,34.6319252432128,15,2,0
33.02370601478068,1.6093684764143017,1,22289.07007317622,8.21304162505172,54.89040816757212,15,2,0
33.02370601478068,1.6093684764143017,1,22289.07007317622,8.21304162505172,39.019354828497754,15,2,0
33.02370601478068,1.6093684764143017,1,22289.07007317622,8.21304162505172,64.14527597792261,15,2,0
33.02370601478068,1.6093684764143017,1,22289.07007317622,8.21304162505172,3.688163399901616,15,2,0
33.02370601478068,1.6093684764143017,1,22289.07007317622,8.21304162505172,113.56219904764478,15,2,0
33.02370601478068,1.6093684764143017,1,22289.07007317622,8.21304162505172,31.745360353858942,15,2,0
33.02370601478068,1.6093684764143017,1,22289.07007317622,8.21304162505172,60.795598711855135,15,2,0
33.02370601478068,1.6093684764143017,1,22289.07007317622,8.21304162505172,80.95106267785573,15,2,0
33.02370601478068,1.6093684764143017,1,22289.07007317622,8.21304162505172,104.97672727629177,15,2,0
33.02370601478068,1.6093684764143017,1,22289.07007317622,8.21304162505172,119.48017111138074,15,2,0
33.02370601478068,1.6093684764143017,1,22289.07007317622,8.21304162505172,29.47424030458562,15,2,0
33.02370601478068,1.6093684764143017,1,22289.07007317622,8.21304162505172,37.80938015222859,15,2,0
27.03158606587214,3.2938538123545302,0,77146.08976782835,2.666043709979925,93.46804239803906,5,1,1
27.03158606587214,3.2938538123545302,0,77146.08976782835,5.279158163307079,93.46804239803906,5,1,1
27.03158606587214,3.2938538123545302,0,77146.08976782835,8.894861890830445,93.46804239803906,5,1,1
27.03158606587214,3.2938538123545302,0,77146.08976782835,9.755729414112611,93.46804239803906,5,1,1
27.03158606587214,3.2938538123545302,0,77146.08976782835,7.528538495906388,93.46804239803906,5,1,1
27.03158606587214,3.2938538123545302,0,77146.08976782835,1.5362339920122714,93.46804239803906,5,1,1
27.03158606587214,3.2938538123545302,0,77146.08976782835,8.512578764421459,93.46804239803906,5,1,1
27.03158606587214,3.2938538123545302,0,77146.08976782835,1.0515777672429505,93.46804239803906,5,1,1
27.03158606587214,3.2938538123545302,0,77146.08976782835,4.565495517134361,93.46804239803906,5,1,1
27.03158606587214,3.2938538123545302,0,77146.08976782835,1.8388514019356295,93.46804239803906,5,1,1
27.03158606587214,3.2938538123545302,0,77146.08976782835,5.7539265291133415,93.46804239803906,5,1,1
27.03158606587214,3.2938538123545302,0,77146.08976782835,3.44086007793344,93.46804239803906,5,1,1
27.03158606587214,3.2938538123545302,0,77146.08976782835,0.6167321619711297,93.46804239803906,5,1,1
27.03158606587214,3.2938538123545302,0,77146.08976782835,5.114110633566579,93.46804239803906,5,1,1
27.03158606587214,3.2938538123545302,0,77146.08976782835,1.6311731601430846,93.46804239803906,5,1,1
27.03158606587214,3.2938538123545302,0,77146.08976782835,8.025327844385973,93.46804239803906,5,1,1
27.03158606587214,3.2938538123545302,0,77146.08976782835,5.065500650281386,93.46804239803906,5,1,1
27.03158606587214,3.2938538123545302,0,77146.08976782835,4.221740755115696,93.46804239803906,5,1,1
27.03158606587214,3.2938538123545302,0,77146.08976782835,1.6490700062158747,93.46804239803906,5,1,1
27.03158606587214,3.2938538123545302,0,77146.08976782835,9.933482038214823,93.46804239803906,5,1,1
27.03158606587214,3.2938538123545302,0,77146.08976782835,2.9805671689237356,93.46804239803906,5,1,1
27.03158606587214,3.2938538123545302,0,77146.08976782835,6.005408126412897,93.46804239803906,5,1,1
27.03158606587214,3.2938538123545302,0,77146.08976782835,5.852354958518726,93.46804239803906,5,1,1
27.03158606587214,3.2938538123545302,0,77146.08976782835,6.832884507355094,93.46804239803906,5,1,1
27.03158606587214,3.2938538123545302,0,77146.08976782835,2.068407034539408,93.46804239803906,5,1,1
27.03158606587214,3.2938538123545302,0,77146.08976782835,3.5739179823170275,93.46804239803906,5,1,1
27.03158606587214,3.2938538123545302,0,77146.08976782835,9.703163938033367,93.46804239803906,5,1,1
27.03158606587214,3.2938538123545302,0,77146.08976782835,9.834206220788403,93.46804239803906,5,1,1
27.03158606587214,3.2938538123545302,0,77146.08976782835,8.837474323731453,93.46804239803906,5,1,1
27.03158606587214,3.2938538123545302,0,77146.08976782835,5.413257528105461,93.46804239803906,5,1,1
47.54734453145286,1.4552789194314597,1,105689.6271274134,0.8687464046561888,86.2357833137318,12,1,0
47.54734453145286,1.4552789194314597,0,105689.6271274134,0.8687464046561888,86.2357833137318,12,1,0
47.54734453145286,1.4552789194314597,1,105689.6271274134,0.8687464046561888,86.2357833137318,12,1,0
47.54734453145286,1.4552789194314597,1,105689.6271274134,0.8687464046561888,86.2357833137318,12,1,0
47.54734453145286,1.4552789194314597,1,105689.6271274134,0.8687464046561888,86.2357833137318,12,1,0
47.54734453145286,1.4552789194314597,1,105689.6271274134,0.8687464046561888,86.2357833137318,12,1,0
47.54734453145286,1.4552789194314597,0,105689.6271274134,0.8687464046561888,86.2357833137318,12,1,0
47.54734453145286,1.4552789194314597,1,105689.6271274134,0.8687464046561888,86.2357833137318,12,1,0
47.54734453145286,1.4552789194314597,1,105689.6271274134,0.8687464046561888,86.2357833137318,12,1,0
47.54734453145286,1.4552789194314597,1,105689.6271274134,0.8687464046561888,86.2357833137318,12,1,0
47.54734453145286,1.4552789194314597,1,105689.6271274134,0.8687464046561888,86.2357833137318,12,1,0
47.54734453145286,1.4552789194314597,1,105689.6271274134,0.8687464046561888,86.2357833137318,12,1,0
47.54734453145286,1.4552789194314597,1,105689.6271274134,0.8687464046561888,86.2357833137318,12,1,0
47.54734453145286,1.4552789194314597,1,105689.6271274134,0.8687464046561888,86.2357833137318,12,1,0
47.54734453145286,1.4552789194314597,1,105689.6271274134,0.8687464046561888,86.2357833137318,12,1,0
47.54734453145286,1.4552789194314597,1,105689.6271274134,0.8687464046561888,86.2357833137318,12,1,0
47.54734453145286,1.4552789194314597,0,105689.6271274134,0.8687464046561888,86.2357833137318,12,1,0
47.54734453145286,1.4552789194314597,1,105689.6271274134,0.8687464046561888,86.2357833137318,12,1,0
47.54734453145286,1.4552789194314597,1,105689.6271274134,0.8687464046561888,86.2357833137318,12,1,0
47.54734453145286,1.4552789194314597,0,105689.6271274134,0.8687464046561888,86.2357833137318,12,1,0
47.54734453145286,1.4552789194314597,1,105689.6271274134,0.8687464046561888,86.2357833137318,12,1,0
47.54734453145286,1.4552789194314597,0,105689.6271274134,0.8687464046561888,86.2357833137318,12,1,0
47.54734453145286,1.4552789194314597,0,105689.6271274134,0.8687464046561888,86.2357833137318,12,1,0
47.54734453145286,1.4552789194314597,0,105689.6271274134,0.8687464046561888,86.2357833137318,12,1,0
47.54734453145286,1.4552789194314597,1,105689.6271274134,0.8687464046561888,86.2357833137318,12,1,0
47.54734453145286,1.4552789194314597,1,105689.6271274134,0.8687464046561888,86.2357833137318,12,1,0
47.54734453145286,1.4552789194314597,1,105689.6271274134,0.8687464046561888,86.2357833137318,12,1,0
47.54734453145286,1.4552789194314597,1,105689.6271274134,0.8687464046561888,86.2357833137318,12,1,0
47.54734453145286,1.4552789194314597,1,105689.6271274134,0.8687464046561888,86.2357833137318,12,1,0
47.54734453145286,1.4552789194314597,0,105689.6271274134,0.8687464046561888,86.2357833137318,12,1,0
38.00928226841146,0.12701960685821856,1,77839.5828068134,2.666043709979925,118.22926613076937,90,1,0
18.569686593176517,3.6901929259956052,0,40332.380131094,5.279158163307079,15.954744922490747,40,2,1
18.980200778276984,3.36300038284244,1,117828.7630446812,8.894861890830445,38.749770712145335,21,2,0
12.075301977953696,3.125938202445109,1,69282.0183903438,9.755729414112611,13.72243185647347,72,1,2
10.900091136573614,3.1881209395653283,1,80165.12727265515,7.528538495906388,18.354983083920445,87,1,0
15.391756852084582,0.6313544576593366,1,103156.19110732914,1.5362339920122714,29.02429427910675,28,1,2
40.075551925261365,3.130830555082214,0,26834.75707807547,8.512578764421459,21.09788316953693,36,0,1
23.612510527904384,3.935459053430483,1,28775.441452510615,1.0515777672429505,108.99619416384819,8,2,2
23.924125772253042,0.03700519662279855,1,96486.7609396531,4.565495517134361,79.70439159884246,97,0,1
23.814611117013428,4.605219136071874,1,119815.84135508539,1.8388514019356295,60.292454430899014,97,0,2
19.62592608325003,0.6531558870653076,1,60079.100047471184,5.7539265291133415,54.155966467357864,70,1,1
47.657393960371365,1.878530363614273,1,38591.27608573196,3.44086007793344,69.57662150957911,56,1,0
47.642878108309404,2.7534927344245332,1,118420.18685834281,0.6167321619711297,5.345788266008777,57,2,0
47.298221422876146,3.0412772191091064,1,15575.924172926603,5.114110633566579,53.58592933059536,65,0,0
38.80236048858233,2.747143044215612,1,12265.876514958998,1.6311731601430846,15.893473088535908,74,2,2
36.06229359720658,1.9385993830614345,1,90767.0490663767,8.025327844385973,119.40005034905943,58,0,0
32.97098305164266,4.401581085844696,0,78322.45854740388,5.065500650281386,1.4500402169897253,79,0,1
26.375228800285164,1.9831130031543165,1,45031.80667921154,4.221740755115696,34.6319252432128,48,2,0
37.87982501984258,4.367578291191987,1,40478.57799662768,1.6490700062158747,54.89040816757212,36,1,1
31.293833220296907,1.6494168619736298,0,62026.314172359875,9.933482038214823,39.019354828497754,12,0,0
40.10504259476926,3.1285976168427703,1,107093.70607137024,2.9805671689237356,64.14527597792261,81,0,0
39.359686509754596,4.2490891096959365,0,35322.69639258459,6.005408126412897,3.688163399901616,31,0,1
34.7289857604765,0.5991381450307892,0,64708.30320037155,5.852354958518726,113.56219904764478,67,1,2
29.48750001720962,0.8544899874244849,0,10750.656045334743,6.832884507355094,31.745360353858942,74,0,2
39.03800067151789,3.641317513702263,1,77979.86220002093,2.068407034539408,60.795598711855135,69,2,1
40.143637710584144,0.6284061219469106,1,48537.74211752692,3.5739179823170275,80.95106267785573,91,0,1
38.41375605580686,0.08515339793661703,1,24437.111343171688,9.703163938033367,104.97672727629177,70,2,0
16.218858304705066,0.9532907720182526,1,100302.05732787107,9.834206220788403,119.48017111138074,89,2,0
20.09392380538095,1.973725018009146,1,4868.952886509573,8.837474323731453,29.47424030458562,75,2,0
36.87646691182536,3.513261164041795,0,117729.21200110778,5.413257528105461,37.80938015222859,95,0,1
19.62592608325003,1.9565904558592737,1,59002.06036625006,5.986988531408022,54.155966467357864,69,1,1
27.465293690002326,0.7419854577508769,0,116746.37668727912,6.832884507355094,33.32650653711928,74,0,2
15.391756852084582,0.4675862887194593,1,103156.19110732914,1.6175556057477556,29.02429427910675,20,2,2
37.931395445748315,3.641317513702263,1,75656.91992573212,2.068407034539408,119.52081617846841,69,2,1
38.41643802407537,3.1258997643807795,0,26834.75707807547,8.522533276160335,18.98155815711349,74,0,0
39.40110655958956,4.243556286323616,0,35322.69639258459,6.005408126412897,39.27621080118307,31,0,1
26.191625908719413,2.0460397952704037,1,40369.61255445259,4.221740755115696,34.6319252432128,48,2,0
47.657393960371365,1.9224382384933685,1,64043.8008945221,3.418813677896579,40.32776543185226,56,1,0
30.584378269547447,3.060788132442087,1,15575.924172926603,5.114110633566579,40.31751856429535,65,0,0
10.385401681567002,3.6901929259956052,0,40448.667988807625,5.279158163307079,15.747375715004944,40,2,1
47.642878108309404,2.7534927344245332,1,118420.18685834281,0.6167321619711297,1.5013630815864403,100,2,1
31.94019234725299,4.401581085844696,0,78322.45854740388,5.065500650281386,37.36465480010281,22,0,1
20.09392380538095,1.9563871839161138,1,3595.0776573993635,9.77094982343723,29.47424030458562,82,2,0
37.3668600824598,3.1095522377341616,1,107093.70607137024,2.963420951468032,81.56883700603213,81,0,1
37.953144830748705,0.12608047929263133,1,12265.876514958998,1.622193150551141,118.96929233011834,74,1,0
36.06229359720658,0.6351653985747773,1,91844.08864953941,7.045595930108792,119.40005034905943,58,0,0
23.814611117013428,4.706925153068317,1,11809.567322926297,0.9688648339598593,58.71130825054742,99,0,2
24.04000247979859,4.101684505629693,1,28775.441452510615,0.9702561535121936,108.99619416384819,11,1,2
16.218858304705066,0.9677428262256704,1,100399.36881715967,9.834206220788403,58.85176541144678,89,2,0
40.072869956992854,0.11220701267807809,1,24437.111343171688,9.965520215290374,107.06520697624174,32,2,1
36.8350468619904,3.5187939872023946,0,117729.21200110778,5.413257528105461,2.3739905938216452,95,0,1
37.87503124649568,4.304612540862207,1,45140.772121386624,1.9748073799457833,54.89040816757212,36,1,1
34.7289857604765,0.5552328818046328,0,18301.975723545824,5.874401358579893,113.56219904764478,67,1,2
47.55328167225987,1.6299059487877618,0,62026.314172359875,9.933482038214823,53.27694660686298,14,0,0
17.720618350846237,3.1881209395653283,1,99226.20470464003,7.528538495906388,18.56235229140625,88,1,0
23.924125772253042,0.03700519662279855,1,96486.7609396531,4.565495517134361,85.56302790697961,54,0,0
19.37091059165628,2.9781246913702857,1,117828.7630446812,8.894861890830445,12.465634523742779,78,2,0
12.075301977953696,3.1432760365364505,1,69282.0183903438,8.822215722646538,13.72243185647347,72,1,2
40.143637710584144,0.6284061219469106,1,48537.74211752692,4.812163288976032,63.52750164974484,91,0,0
38.858497926245086,2.7596668306266867,1,77839.5828068134,2.675023719575308,15.90460366098283,90,2,2
40.35839721848515,0.2282668813233688,1,92334.4517600382,9.965520215290374,107.06520697624174,32,0,1
47.298221422876146,2.756616128523197,1,9635.29551378065,0.8758299033465822,1.9370974607232974,65,0,0
38.4280771390352,2.7596668306266867,1,82620.51919795554,1.65026304175609,25.7536369251514,66,2,2
31.84184390261839,4.301464268860035,0,78322.45854740388,5.065500650281386,31.557584708361468,74,0,1
37.953144830748705,3.2549527983464337,1,7536.178660746268,1.622193150551141,118.96929233011834,72,1,0
30.56757946776682,2.8212211972719707,0,15859.18628007405,9.933482038214823,39.019354828497754,12,0,0
39.40110655958956,4.286474810453871,0,35322.69639258459,6.005408126412897,39.88389375226495,21,0,1
24.431850866776724,0.33679108291691806,1,90324.89944069361,7.045595930108792,119.794535969609,58,0,0
26.30103260892841,0.6313544576593366,1,103156.19110732914,4.497382927786106,28.791512564816895,22,1,2
19.62592608325003,1.9565904558592737,1,59002.06036625006,5.986988531408022,54.155966467357864,68,1,1
39.93849864971694,3.1022774839034506,0,26779.35441625002,5.279158163307079,15.747375715004944,40,2,1
23.814611117013428,4.659343166398109,1,14015.526689278515,2.86659579423469,58.71130825054742,99,0,2
19.88987387374391,1.878530363614273,1,38591.27608573196,5.791744658849797,69.57662150957911,56,1,0
37.1567209158669,3.402548244905346,1,40478.57799662768,1.705222225252709,54.89040816757212,36,1,1
35.77676633571382,1.9385993830614345,1,23741.832431212104,8.025327844385973,119.40005034905943,58,2,0
47.642878108309404,3.038153825010443,1,119454.13301149613,4.856306690544352,53.51782159432279,100,2,1
38.84417684301675,0.020722529096594555,1,24178.788289337837,9.754701276814199,95.66943704776916,90,2,0
31.257604353591397,0.7798886728073207,0,10750.656045334743,6.832884507355094,37.55243044560029,22,0,2
12.075301977953696,0.060696614586232656,1,69282.0183903438,9.755729414112611,13.72243185647347,74,1,2
31.310632022077534,1.7147967762999632,1,57728.09555982816,5.114110633566579,40.31751856429535,60,0,0
39.359686509754596,4.249275105963332,0,35322.69639258459,6.005408126412897,3.1468169587993735,31,0,1
38.545306715406156,3.9400409502850096,1,27735.805806080723,1.9847636261514459,110.9456767040363,11,1,2
15.282354823394197,2.0460397952704037,1,40369.61255445259,1.4406036810576228,34.86470695750265,48,2,0
10.888308813905772,4.447593832583768,0,45459.87519916053,8.512578764421459,8.183328429553406,36,0,1
47.55328167225987,1.6299059487877618,0,62111.67830005717,9.933482038214823,53.27694660686298,8,0,0
47.356565489276115,1.3767118561807385,1,60079.100047471184,3.403041948217812,54.155966467357864,70,1,1
19.887717672543538,4.328030397703437,1,117828.7630446812,8.153752958996257,38.749770712145335,21,2,0
39.40110655958956,4.304620075153281,0,34037.52026843307,6.005408126412897,20.343803170631077,31,0,1
38.118186519615875,2.7596668306266867,1,77839.5828068134,2.675023719575308,37.89835240465665,90,2,0
40.075551925261365,2.98657109198359,0,35789.47011089931,8.512578764421459,40.030290808733795,36,0,1
23.60156196065054,4.101684505629693,1,28775.441452510615,0.9702561535121936,108.99619416384819,11,2,2
19.714204636597827,3.130830555082214,0,26834.75707807547,8.512578764421459,21.09788316953693,40,0,1
30.326218907383083,1.663938070785129,0,62690.84281179878,9.989864323285992,38.54917792605322,12,1,0
30.56757946776682,2.761580352929384,0,15859.18628007405,9.933482038214823,39.019354828497754,12,0,0
39.44820904957485,4.304620075153281,0,34037.52026843307,6.005408126412897,20.343803170631077,41,0,2
40.075551925261365,2.980588681466764,0,61568.661749791594,8.512578764421459,39.99573645791965,37,0,1
26.172642551607346,2.0460397952704037,1,39206.77768628504,4.221740755115696,1.3288749601147138,48,0,0
10.385401681567002,4.434359955308155,0,40140.72477227568,5.097918281970383,15.747375715004944,40,0,1
39.40110655958956,2.0842492090075315,0,35322.69639258459,1.0575421705423476,39.27621080118307,31,0,1
46.22096252798252,1.5475841547294453,1,61687.27348170815,9.965520215290374,49.14178799171816,15,2,0
19.887717672543538,4.328030397703437,1,117828.7630446812,8.5062416004444,38.749770712145335,21,2,0
35.77676633571382,1.9385993830614345,1,23741.832431212104,8.025327844385973,119.40005034905943,66,2,0
31.257604353591397,0.7798886728073207,1,98670.24582773921,6.9953724759234355,29.063290286180912,27,0,2
31.94019234725299,4.379706253470799,0,51012.036746380545,5.065500650281386,37.36465480010281,22,0,1
24.05095104705244,3.935459053430483,1,28775.441452510615,1.0515777672429505,108.99619416384819,3,1,2
39.981110339353506,3.36300038284244,1,117828.7630446812,8.894861890830445,38.749770712145335,15,2,0
37.87982501984258,4.2241910944396395,1,39814.04935721074,1.6490700062158747,55.36058507001712,37,0,1
38.49820422542086,3.3261822521543176,1,27387.37701037578,1.9847636261514459,110.9456767040363,11,1,1
47.55328167225987,1.6299059487877618,0,36332.486661462026,9.933482038214823,53.31150095767713,7,0,0
45.31497187760683,2.756616128523197,1,10798.319274391877,0.8758299033465822,40.88645158285313,65,2,0
34.11735573073973,4.2930418329552795,0,35630.639609116544,5.689374142819228,39.88389375226495,18,2,1
14.917304155612314,4.2053392783202685,1,46207.280923472856,6.044705163885755,46.36607427944786,48,2,0
40.182643457046666,0.10259155465381731,0,24776.15298674409,9.933482038214823,111.16677554411564,31,0,1
10.888308813905772,4.298966877848948,0,45459.87519916053,8.160090122973317,8.183328429553406,36,0,1
36.06229359720658,1.9385993830614345,1,90767.0490663767,8.025327844385973,115.68034976603664,58,0,0
15.391756852084582,0.6313544576593366,0,15274.35387153575,1.4430660229910384,37.51343443852612,22,1,2
37.1567209158669,3.4244230269847247,1,76647.65467513136,1.705222225252709,54.89040816757212,36,1,1
31.257604353591397,4.641293277007306,0,34892.546475055206,6.832884507355094,37.55243044560029,22,0,2
15.540235847286205,4.058988229345438,1,41121.97537498847,0.9702561535121936,115.62016252023476,11,2,2
39.40110655958956,0.4214158777050119,0,11180.82228309879,6.005408126412897,39.88389375226495,21,0,1
39.970643195523074,3.387493231505951,0,35322.69639258459,8.845221760735754,42.35337290479728,27,2,1
38.5460627270074,0.4214158777050119,1,11180.82228309879,1.9912533016792953,39.88389375226495,21,0,1
23.684683263341753,4.36450853312607,1,28775.441452510615,1.0515777672429505,36.200566909337546,22,1,2
23.52433061680854,0.4841034857818005,1,29343.818622611085,6.8825776026529795,107.45557889918969,22,2,2
47.55328167225987,1.6299059487877618,0,36332.486661462026,9.933482038214823,53.31150095767713,6,0,1
30.213454031890453,2.761580352929384,0,63506.95595060251,9.435520025538713,39.019354828497754,12,0,0
29.303349641158103,0.09591656462192966,1,24437.111343171688,9.965520215290374,107.06520697624174,32,2,0
31.419933535919927,0.022251310494099008,0,24762.66471233202,6.832884507355094,37.50228368357671,22,0,2
39.40110655958956,2.083908485587708,0,35322.69639258459,4.216025053525961,2.7756926855324906,31,0,1
46.70909298533172,1.626257811859916,0,64342.80723394563,9.614132484053314,53.27694660686298,14,1,2
35.80056424448801,2.1067322337509893,0,23473.189080208387,8.392437363874947,119.40005034905943,14,0,0
24.762053175890458,3.8592120982124722,1,27398.783349189587,0.9702561535121936,108.99619416384819,11,1,2
23.264194052199798,4.058988229345438,1,28704.710390573928,0.8768535780806377,109.37012072077732,8,2,2
39.359686509754596,4.609480165439075,0,35322.69639258459,8.847108217875338,3.1468169587993735,31,0,0
46.22096252798252,4.400220222247844,1,53104.09895812605,4.866944430834652,49.14178799171816,15,2,0
39.965518375502946,4.219063436196381,1,119850.34923895223,6.055043338815712,39.291099865369624,14,0,0
39.4003505479883,3.9400409502850096,0,27735.805806080723,5.9989195074739055,110.9456767040363,11,1,2
31.94019234725299,3.9506567737716813,0,52594.59255553748,4.8269295395986,110.12349433986643,3,0,1
28.684750647207398,4.399308580313973,0,10182.283549267144,0.9337381888595504,39.07845932241055,11,0,2
40.075551925261365,2.98657109198359,0,35789.47011089931,8.512578764421459,40.030290808733795,37,0,0
31.850900015884488,1.6494168619736298,0,14379.343270251873,9.933482038214823,39.019354828497754,12,0,0
39.98131844898353,1.26929716620888,0,62690.84281179878,9.794504548986877,38.54917792605322,12,1,1
40.19973987103892,4.868160537761591,0,34906.034749467355,9.933482038214823,111.17877873786543,46,0,1
28.641120616077067,2.077267393271296,1,39206.77768628504,0.9122321339692978,39.5998323780039,48,0,0
16.18983876413587,0.6350026269706907,0,17561.166452656347,1.640461771724338,37.51343443852612,22,0,0
30.68101933844838,2.831657892635628,1,16127.829631078486,9.933482038214823,39.019354828497754,56,2,0
36.43467021650895,3.481275175441774,1,41855.23609995459,1.705222225252709,54.89040816757212,36,1,1
15.888552437241241,3.9669366592919904,1,41192.7064369254,1.0515777672429505,115.24623583511531,16,2,2
20.332864632944304,3.36300038284244,1,117828.7630446812,5.915607215710363,38.749770712145335,25,2,1
31.237880072439367,1.54878099680626,0,78993.3432049641,9.9698514353628,32.11256988384815,22,0,1
38.00928226841146,0.12701960685821856,1,77839.5828068134,2.666043709979925,118.22926613076937,90,1,0
18.569686593176517,3.6901929259956052,0,40332.380131094,5.279158163307079,15.954744922490747,40,2,1
18.980200778276984,3.36300038284244,1,117828.7630446812,8.894861890830445,38.749770712145335,21,2,0
12.075301977953696,3.125938202445109,1,69282.0183903438,9.755729414112611,13.72243185647347,72,1,2
10.900091136573614,3.1881209395653283,1,80165.12727265515,7.528538495906388,18.354983083920445,87,1,0
15.391756852084582,0.6313544576593366,1,103156.19110732914,1.5362339920122714,29.02429427910675,28,1,2
40.075551925261365,3.130830555082214,0,26834.75707807547,8.512578764421459,21.09788316953693,36,0,1
23.612510527904384,3.935459053430483,1,28775.441452510615,1.0515777672429505,108.99619416384819,8,2,2
23.924125772253042,0.03700519662279855,1,96486.7609396531,4.565495517134361,79.70439159884246,97,0,1
23.814611117013428,4.605219136071874,1,119815.84135508539,1.8388514019356295,60.292454430899014,97,0,2
19.62592608325003,0.6531558870653076,1,60079.100047471184,5.7539265291133415,54.155966467357864,70,1,1
47.657393960371365,1.878530363614273,1,38591.27608573196,3.44086007793344,69.57662150957911,56,1,0
47.642878108309404,2.7534927344245332,1,118420.18685834281,0.6167321619711297,5.345788266008777,57,2,0
47.298221422876146,3.0412772191091064,1,15575.924172926603,5.114110633566579,53.58592933059536,65,0,0
38.80236048858233,2.747143044215612,1,12265.876514958998,1.6311731601430846,15.893473088535908,74,2,2
36.06229359720658,1.9385993830614345,1,90767.0490663767,8.025327844385973,119.40005034905943,58,0,0
32.97098305164266,4.401581085844696,0,78322.45854740388,5.065500650281386,1.4500402169897253,79,0,1
26.375228800285164,1.9831130031543165,1,45031.80667921154,4.221740755115696,34.6319252432128,48,2,0
37.87982501984258,4.367578291191987,1,40478.57799662768,1.6490700062158747,54.89040816757212,36,1,1
31.293833220296907,1.6494168619736298,0,62026.314172359875,9.933482038214823,39.019354828497754,12,0,0
40.10504259476926,3.1285976168427703,1,107093.70607137024,2.9805671689237356,64.14527597792261,81,0,0
39.359686509754596,4.2490891096959365,0,35322.69639258459,6.005408126412897,3.688163399901616,31,0,1
34.7289857604765,0.5991381450307892,0,64708.30320037155,5.852354958518726,113.56219904764478,67,1,2
29.48750001720962,0.8544899874244849,0,10750.656045334743,6.832884507355094,31.745360353858942,74,0,2
39.03800067151789,3.641317513702263,1,77979.86220002093,2.068407034539408,60.795598711855135,69,2,1
40.143637710584144,0.6284061219469106,1,48537.74211752692,3.5739179823170275,80.95106267785573,91,0,1
38.41375605580686,0.08515339793661703,1,24437.111343171688,9.703163938033367,104.97672727629177,70,2,0
16.218858304705066,0.9532907720182526,1,100302.05732787107,9.834206220788403,119.48017111138074,89,2,0
20.09392380538095,1.973725018009146,1,4868.952886509573,8.837474323731453,29.47424030458562,75,2,0
36.87646691182536,3.513261164041795,0,117729.21200110778,5.413257528105461,37.80938015222859,95,0,1
18.569686593176517,3.926713187844955,0,46655.078177122916,5.279158163307079,61.62978339560278,39,0,1
39.359686509754596,4.2490891096959365,0,35322.69639258459,6.005408126412897,3.688163399901616,36,0,1
40.143637710584144,0.6284061219469106,1,38992.95364429856,3.5739179823170275,77.63124700079717,91,0,1
26.739038885903106,1.9890058685018164,1,103156.19110732914,1.5405683344504293,29.033372500043196,51,1,0
31.152519668416115,1.6494168619736298,0,117001.26606579887,9.928560352906743,39.01025681047311,12,0,0
18.79145883502236,0.6531558870653076,1,57853.47056254991,2.0699430675528148,54.33118844417572,70,1,1
38.41375605580686,0.9740665729784275,1,24437.111343171688,9.656063997365742,119.70090918869295,73,2,0
10.900091136573614,3.2181301793752564,1,51288.82497050884,1.4448967870072047,17.84285256648014,87,1,0
19.17213591379295,3.36300038284244,1,118052.50795093554,4.3252589405327235,36.90832927516443,21,2,0
31.70340081880405,4.401581085844696,0,78322.45854740388,5.065500650281386,1.4500402169897253,57,2,1
30.227636627567197,0.8544899874244849,0,10750.656045334743,8.781493608245519,31.745360353858942,75,2,2
36.164045277471274,2.747143044215612,1,12265.876514958998,1.6311731601430846,116.78247096826146,75,0,2
33.92410148686639,0.5991381450307892,0,64685.35189418309,5.852354958518726,113.56219904764478,67,1,2
37.93224291579118,2.786324803633402,1,107093.70607137024,2.9856835880499144,63.88676271391752,88,1,0
23.612510527904384,3.935459053430483,1,28775.441452510615,1.0515777672429505,108.99619416384819,5,2,2
23.814611117013428,4.823597155255429,1,113133.88245196454,1.8388514019356295,14.617931330932244,97,2,2
40.075551925261365,2.717644905048487,0,16114.66607637343,8.512578764421459,21.09788316953693,30,0,1
12.502793929918363,3.125938202445109,1,72762.74954790338,9.755729414112611,13.72243185647347,72,1,2
15.02796157394672,0.6254623134484224,1,45031.80667921154,4.217406622352415,34.62284702227635,25,2,2
41.46761619149252,3.5277042210244702,0,62492.04746892252,5.337860280417221,37.81847817025324,97,0,1
39.872490787384685,3.641317513702263,1,77979.86220002093,5.752390835092629,60.62037673503727,66,2,1
16.218858304705066,0.007698616499196231,1,100302.05732787107,9.834206220788403,108.09251404526948,86,2,0
37.87982501984258,4.3375689002826245,1,40115.75512640608,5.872225075555881,55.402556896822546,37,1,1
23.73219063673866,0.03700519662279855,1,96740.52016627861,9.134102232323697,75.85465180683103,97,0,1
48.839071338313374,2.7534927344245332,1,118420.18685834281,0.6167321619711297,5.345788266008777,79,0,0
25.721965676578037,1.973725018009146,1,4868.952886509573,6.119113707968771,29.47424030458562,75,0,0
38.70060880831764,1.9385993830614345,1,90767.0490663767,8.025327844385973,14.386366279693917,78,2,0
47.657393960371365,1.878530363614273,1,38157.290690844224,3.44086007793344,69.57662150957911,56,1,0
40.182081947389534,0.5209727036578665,1,77839.5828068134,2.6437804065366284,118.11480142359564,90,0,0
44.694629653847926,1.844475239268963,1,38591.27608573196,5.76801859254078,52.36528583196208,57,1,0
26.66292610438869,1.973725018009146,1,4868.952886509573,1.6877892269464287,29.460826948941985,84,2,0
47.657393960371365,1.878530363614273,1,38591.27608573196,5.796759178615897,69.57662150957911,56,1,0
26.375228800285164,1.9831130031543165,1,43386.12656827205,4.221740755115696,34.6319252432128,48,2,0
49.868196235888924,2.1773483664884745,1,38157.290690844224,2.6560492079171407,69.57662150957911,74,1,0
10.617138444298067,0.396593138054975,1,45031.80667921154,8.863256700774413,34.62284702227635,25,0,1
38.53199395999237,3.935459053430483,1,24490.12908774734,1.4880097300966155,108.99619416384819,14,2,2
19.065889275855042,3.203115478854482,1,119635.0347475064,4.3252589405327235,77.21586545455506,21,2,0
18.980200778276984,3.36300038284244,1,117828.7630446812,8.862110507413453,38.749770712145335,21,1,1
18.569686593176517,3.6901929259956052,0,116079.9532767311,5.279158163307079,15.546685580011745,40,2,1
23.63179392263952,3.77125495009862,1,28775.441452510615,1.59266951591852,110.58173754741026,8,1,2
35.92232724041575,4.104291534345979,0,35521.087612534786,4.622456080699251,3.688163399901616,74,0,1
31.573777492357976,1.6494168619736298,0,48363.09527667692,9.933482038214823,80.74156261458549,12,0,0
47.30870143796533,2.7523162257140372,1,14625.411087449967,5.114110633566579,42.943811479847675,71,0,0
18.569686593176517,3.926713187844955,0,39374.82142774431,1.8544759059003182,61.62978339560278,39,0,1
39.49236355859494,2.1658736437692183,0,91158.1183560141,8.025327844385973,4.519582646849969,58,0,0
18.66931296283635,1.9890058685018164,1,103156.19110732914,8.82400252550149,29.046785855686835,51,1,0
44.694629653847926,1.844475239268963,1,38591.27608573196,3.412119491876882,52.36528583196208,57,1,0
15.391756852084582,0.7323336424452964,1,103156.19110732914,1.5362339920122714,29.02429427910675,28,1,2
28.810510054262835,1.973725018009146,1,4868.952886509573,6.119113707968771,29.47424030458562,57,0,0
40.075551925261365,3.130830555082214,0,26834.75707807547,3.8663584870434393,21.09788316953693,35,2,2
29.89843363738678,0.08515339793661703,1,28722.423707934966,9.224584234670687,104.97672727629177,70,2,0
40.24989244081947,0.7883798625802814,1,39045.305291047625,3.5739179823170275,30.545907090117442,95,0,1
37.87982501984258,4.367578291191987,1,42233.150383788285,1.6805084485763175,78.81609549147478,36,2,0
31.152519668416115,1.6494168619736298,0,40872.202971115934,9.928560352906743,39.418317005675995,12,0,0
37.87982501984258,4.3375689002826245,1,40115.75512640608,6.197113584603526,55.402556896822546,34,2,1
39.601404546810116,2.8919403303263844,1,12067.490945259808,1.6311731601430846,116.78247096826146,32,0,2
39.86369343758869,0.6284061219469106,1,62200.961013209875,3.5739179823170275,39.228854892020806,91,0,1
40.06505561769044,2.6883207498668105,0,16053.990702201592,8.512578764421459,20.74781371502567,30,0,1
23.814611117013428,4.605219136071874,1,119982.01376072913,5.263534131666637,60.292454430899014,97,0,2
35.92961654836623,4.2490891096959365,1,46308.24796411874,6.005408126412897,117.34978156939448,35,0,1
41.30524734800433,4.406440408591213,1,42233.150383788285,5.872402108200669,117.54747532314559,36,2,0
39.359686509754596,4.2490891096959365,0,35627.08852439435,6.005408126412897,5.170317651033415,11,0,0
18.569686593176517,3.926713187844955,0,45941.52582687781,5.279158163307079,61.746436805408656,73,0,0
38.417640640733204,1.5245503809031986,1,24490.12908774734,1.3917133238545025,108.99619416384819,14,0,2
48.15604087097078,2.7523162257140372,1,14519.774906045981,5.114110633566579,42.943811479847675,70,0,0
47.03460694470003,2.8919403303263844,1,12067.490945259808,1.6311731601430846,116.78247096826146,31,1,2
10.387438091119604,0.6410749009676333,0,16689.45910250014,4.210041507500027,34.026877466960315,25,2,2
31.293833220296907,1.513904988316189,1,62055.754354963625,6.25788675501308,39.019354828497754,59,0,0
40.06505561769044,2.6883207498668105,0,16053.990702201592,8.512578764421459,20.74781371502567,30,2,1
37.87982501984258,4.3375689002826245,1,40115.75512640608,5.872225075555881,55.402556896822546,37,1,2
24.160414892867074,3.935459053430483,1,28810.418487909545,1.0515777672429505,111.90847887085135,5,2,2
40.075551925261365,3.172578586632173,0,27226.615761358393,8.245130915880694,21.09788316953693,36,0,1
37.87982501984258,1.8569106148314483,1,40478.57799662768,5.9947219807430905,54.89040816757212,59,1,1
10.625157623260861,1.7216070540262387,1,45028.81048575154,8.863256700774413,78.99665795235923,25,0,1
23.612510527904384,3.935459053430483,1,28775.441452510615,0.9648627075313658,108.99619416384819,8,2,2
35.92961654836623,4.3582771521792,1,46308.24796411874,1.8135208714006494,78.50061919161524,33,0,1
31.152519668416115,1.6494168619736298,0,116254.87779393872,9.928560352906743,37.552737918206496,37,0,1
20.09392380538095,1.973725018009146,1,5719.474422435385,9.098681224565656,29.357586931322178,41,2,1
31.266872987658306,4.060315718095124,0,38398.569178845304,9.872755789393022,39.418317005675995,12,2,0
22.703326196038645,3.77125495009862,1,28881.07763969752,1.59266951591852,110.58173754741026,10,1,2
39.37251273566588,1.878530363614273,1,38591.27608573196,3.44086007793344,69.57662150957911,57,0,0
40.075551925261365,2.468563583991976,1,44457.01642639574,8.512578764421459,21.69385272488095,30,0,1
28.810510054262835,1.973725018009146,0,4914.978271175489,9.7574248879025,29.47424030458562,9,0,0
29.89843363738678,0.6019571066952306,1,28094.88728806158,9.224584234670687,104.97672727629177,70,0,0
15.391756852084582,0.7323336424452964,1,103156.19110732914,1.5362339920122714,37.8763410383153,28,1,1
40.605159693663175,4.2490891096959365,0,35287.71935718566,6.005408126412897,2.5420638392191934,29,0,1
41.40207783511861,4.252365913406527,1,39723.8964431243,6.077831892543097,55.402556896822546,34,2,1
44.64677036946815,4.355084309157231,1,41651.75682700041,1.2393084883329921,50.19042237933639,34,1,0
31.62844356154073,0.4224457177967157,0,48366.09147013692,9.933482038214823,36.36775188563071,12,0,0
26.375228800285164,1.9831130031543165,1,43386.12656827205,4.308511941026485,34.6319252432128,48,2,0
24.073987853888834,3.77125495009862,1,29620.271079338225,1.6049020979108208,112.27198695981639,0,1,2
24.70359132979698,4.3582771521792,1,46308.24796411874,1.8135208714006494,78.73420464924756,33,0,1
31.6950969742151,1.7761664238674326,0,62026.314172359875,9.933482038214823,39.019354828497754,12,0,0
29.4352782320846,1.973725018009146,0,4914.978271175489,9.809730788068135,24.62315868524689,34,0,0
39.41012836926991,1.904475533636346,1,38591.27608573196,6.111205640498192,69.57662150957911,57,0,0
32.18066489324022,1.791822629293677,1,28775.441452510615,9.824157056995741,114.00383423520674,5,2,2
23.533185376388097,3.9352972323544098,0,46655.078177122916,0.46267407136596317,61.62978339560278,40,0,2
39.686918914557126,2.7266783804808874,0,48363.09527667692,9.933482038214823,23.009111453938445,12,0,1
31.266872987658306,4.060315718095124,0,38398.569178845304,8.816588365146364,77.89750623099593,25,2,0
45.51769359397031,0.6493075881102017,0,47586.825886904284,4.253940454253887,2.956940909984999,29,0,1
38.74422327395134,0.396593138054975,1,45031.80667921154,1.4377728016686309,34.62284702227635,25,2,1
39.423890598123556,3.9315732841937705,1,28601.34018121375,1.6311731601430846,116.78247096826146,32,0,2
38.14843823845561,3.1248390503703423,0,26726.88706297913,8.512578764421459,21.09788316953693,30,0,1
22.951312512494493,0.4224457177967157,1,48366.09147013692,9.933482038214823,111.54058891885259,15,0,0
38.417640640733204,1.4958827622506572,1,24490.12908774734,0.6652636580304876,108.99619416384819,14,0,2
44.20414381516202,4.355084309157231,1,40806.92720017308,1.780538813065125,44.77489590453345,43,1,0
35.11027971605067,3.935459053430483,1,28810.418487909545,1.0515777672429505,106.09951063394627,5,2,2
38.958422755716065,4.1280869989273645,0,35627.08852439435,6.005408126412897,5.170317651033415,15,0,0
41.40207783511861,4.252365913406527,1,39723.8964431243,6.077831892543097,55.402556896822546,9,2,1
35.89200091476219,4.2231298539137665,1,46308.24796411874,3.335062564039842,117.34978156939448,34,0,1
26.444947050212733,3.914792356498609,0,40872.202971115934,1.0233146956238262,34.14694226738082,12,0,0
18.649011744696693,3.9268750089210283,1,28775.441452510615,5.166208430925101,108.99619416384819,7,2,1
31.96241050254603,1.6403833865456572,0,16114.66607637343,8.512578764421459,78.83050017622017,33,0,0
10.625157623260861,1.7216070540262387,1,45028.81048575154,9.916177419878023,40.51746873192296,12,0,1
10.795611087999994,4.22551293848208,1,34995.30440653659,5.968874294511404,34.25557590257273,16,2,2
10.698549335059278,4.006436979716327,1,24490.12908774734,9.090810401343893,108.99619416384819,14,0,2
23.790024110402804,2.8958260992594083,1,12241.592378782829,1.0515777672429505,108.99619416384819,8,2,2
40.06505561769044,2.6943122545786817,0,15808.166085207813,8.502563976058546,20.74781371502567,36,0,1
31.380457245141606,3.77125495009862,0,28881.07763969752,1.59266951591852,35.34307457433082,7,1,2
19.340117455449864,3.926713187844955,0,48436.78265581014,1.51969808138472,61.62978339560278,14,2,1
38.00928226841146,0.12701960685821856,1,77839.5828068134,2.666043709979925,118.22926613076937,90,1,0
18.569686593176517,3.6901929259956052,0,40332.380131094,5.279158163307079,15.954744922490747,40,2,1
18.980200778276984,3.36300038284244,1,117828.7630446812,8.894861890830445,38.749770712145335,21,2,0
12.075301977953696,3.125938202445109,1,69282.0183903438,9.755729414112611,13.72243185647347,72,1,2
10.900091136573614,3.1881209395653283,1,80165.12727265515,7.528538495906388,18.354983083920445,87,1,0
15.391756852084582,0.6313544576593366,1,103156.19110732914,1.5362339920122714,29.02429427910675,28,1,2
40.075551925261365,3.130830555082214,0,26834.75707807547,8.512578764421459,21.09788316953693,36,0,1
23.612510527904384,3.935459053430483,1,28775.441452510615,1.0515777672429505,108.99619416384819,8,2,2
23.924125772253042,0.03700519662279855,1,96486.7609396531,4.565495517134361,79.70439159884246,97,0,1
23.814611117013428,4.605219136071874,1,119815.84135508539,1.8388514019356295,60.292454430899014,97,0,2
19.62592608325003,0.6531558870653076,1,60079.100047471184,5.7539265291133415,54.155966467357864,70,1,1
47.657393960371365,1.878530363614273,1,38591.27608573196,3.44086007793344,69.57662150957911,56,1,0
47.642878108309404,2.7534927344245332,1,118420.18685834281,0.6167321619711297,5.345788266008777,57,2,0
47.298221422876146,3.0412772191091064,1,15575.924172926603,5.114110633566579,53.58592933059536,65,0,0
38.80236048858233,2.747143044215612,1,12265.876514958998,1.6311731601430846,15.893473088535908,74,2,2
36.06229359720658,1.9385993830614345,1,90767.0490663767,8.025327844385973,119.40005034905943,58,0,0
32.97098305164266,4.401581085844696,0,78322.45854740388,5.065500650281386,1.4500402169897253,79,0,1
26.375228800285164,1.9831130031543165,1,45031.80667921154,4.221740755115696,34.6319252432128,48,2,0
37.87982501984258,4.367578291191987,1,40478.57799662768,1.6490700062158747,54.89040816757212,36,1,1
31.293833220296907,1.6494168619736298,0,62026.314172359875,9.933482038214823,39.019354828497754,12,0,0
40.10504259476926,3.1285976168427703,1,107093.70607137024,2.9805671689237356,64.14527597792261,81,0,0
39.359686509754596,4.2490891096959365,0,35322.69639258459,6.005408126412897,3.688163399901616,31,0,1
34.7289857604765,0.5991381450307892,0,64708.30320037155,5.852354958518726,113.56219904764478,67,1,2
29.48750001720962,0.8544899874244849,0,10750.656045334743,6.832884507355094,31.745360353858942,74,0,2
39.03800067151789,3.641317513702263,1,77979.86220002093,2.068407034539408,60.795598711855135,69,2,1
40.143637710584144,0.6284061219469106,1,48537.74211752692,3.5739179823170275,80.95106267785573,91,0,1
38.41375605580686,0.08515339793661703,1,24437.111343171688,9.703163938033367,104.97672727629177,70,2,0
16.218858304705066,0.9532907720182526,1,100302.05732787107,9.834206220788403,119.48017111138074,89,2,0
20.09392380538095,1.973725018009146,1,4868.952886509573,8.837474323731453,29.47424030458562,75,2,0
36.87646691182536,3.513261164041795,0,117729.21200110778,5.413257528105461,37.80938015222859,95,0,1
36.87646691182536,2.9895866389054744,0,20393.79604609071,5.413257528105461,38.47041514217595,94,0,1
47.298221422876146,3.0412772191091064,1,15575.924172926603,5.114110633566579,53.58592933059536,64,2,0
20.09392380538095,1.973725018009146,1,82.38900364625539,8.837474323731453,26.166396663297363,75,2,0
38.431441674418664,4.3848605119433355,1,24437.111343171688,1.6625858787554622,54.97149315896446,35,2,0
26.163769633733935,1.9831130031543165,1,64543.78753199173,5.879553568590437,112.85812334402058,48,2,0
23.160175758985563,4.605219136071874,1,117590.2106084728,1.8389470538912074,60.30573256623652,97,0,2
15.391756852084582,0.960995180316592,1,103156.19110732914,1.490619609441094,119.38064921968025,28,1,2
29.48750001720962,0.9329191135719985,0,2917.3064485911054,0.86165141249964,30.662646383813218,74,2,2
11.218486025612194,3.36300038284244,1,118052.50795093554,7.452721196154119,36.90832927516443,21,2,0
11.093191098506605,0.03700519662279855,1,96486.7609396531,4.565495517134361,79.70439159884246,97,1,2
41.76011092419617,0.6284061219469106,1,48537.74211752692,5.693047166265418,80.95106267785573,71,0,1
39.66781974478711,4.2490891096959365,0,35322.69639258459,6.005408126412897,68.64782804550066,48,1,1
32.16609879257251,4.401581085844696,0,78136.31406602763,5.065500650281386,1.4500402169897253,81,0,0
37.655154948804814,2.411219958840041,1,118420.18685834281,2.7939631692044076,5.32072734729195,64,2,0
40.075551925261365,3.130830555082214,0,26834.75707807547,8.512578764421459,21.09788316953693,33,0,1
38.80236048858233,3.8122780905444227,1,109778.23366183846,1.6311731601430846,15.232438980844252,74,2,2
18.569686593176517,3.2770072747749417,0,29457.14536247368,5.279158163307079,15.954744922490747,40,0,1
40.53131403676679,3.1285976168427703,1,118801.67947867815,2.9805671689237356,64.14527597792261,81,0,0
37.86213940123076,0.11041797766374328,1,40478.57799662768,9.646590224542999,104.89521892061632,71,1,1
39.394248071960725,0.613590199238207,0,45196.32234759169,4.19454214504398,35.225467164589375,70,1,2
39.69243507720533,3.641317513702263,1,77979.86220002093,2.0683113825838295,60.78232057651763,66,2,1
16.218858304705066,0.20115833261721028,1,100302.05732787107,9.834206220788403,29.831352201342682,89,2,0
23.612510527904384,3.857058938881992,1,10585.87134928565,5.174982813914976,110.03205395022067,9,0,2
18.666511363299804,3.1881209395653283,1,80421.51406809149,8.970679142892315,14.669425393494219,87,1,0
24.947808021507335,3.125938202445109,1,69282.0183903438,9.755729414112611,13.72243185647347,72,0,1
24.37766245636582,0.6531558870653076,1,60079.100047471184,2.865191888078378,54.155966467357864,91,1,1
47.34916767591371,1.878530363614273,1,38591.27608573196,3.44086007793344,3.085887226767049,60,0,0
31.293833220296907,1.6494168619736298,0,61755.52191773946,9.933482038214823,39.019354828497754,10,0,1
47.995568854248766,0.5209727036578665,1,77839.5828068134,0.4719765797814419,117.41754546674528,90,1,0
31.293833220296907,1.6494168619736298,1,55315.666888831285,2.0156852143320374,60.422058087017,93,0,0
31.293833220296907,1.6494168619736298,1,68313.97096149725,9.933482038214823,39.019354828497754,12,0,0
36.46342846422524,3.36300038284244,1,118052.50795093554,8.722513678813481,36.90832927516443,21,2,0
36.38593580224794,3.5099359577755207,0,117729.21200110778,1.2265126768040067,37.80938015222859,26,0,1
42.99824803382973,4.2490891096959365,0,34594.857348458536,5.763853910713862,68.27056058348973,53,1,1
38.48611433515491,1.7984788688353313,1,38591.27608573196,3.44086007793344,10.463192294122415,70,2,0
23.074684636720246,3.894388261477789,1,10585.87134928565,9.878373173432955,110.03205395022067,9,0,2
13.274644152270723,0.03700519662279855,1,96486.7609396531,4.565495517134361,79.70439159884246,68,1,2
40.81954659946529,3.130830555082214,0,26834.75707807547,8.555888408561941,20.66891455060556,33,0,1
37.87982501984258,4.367578291191987,1,40478.57799662768,2.6337848779062147,57.50703373665908,36,1,1
18.980200778276984,3.705983067700506,1,117828.7630446812,8.894861890830445,38.749770712145335,20,2,1
20.039929431443817,1.973725018009146,1,6434.6974127258145,8.752505476001325,26.16559211792569,75,2,0
36.21128818205932,4.346706458110531,1,24437.111343171688,1.6625858787554622,54.97149315896446,49,2,0
46.79808768943932,3.0412772191091064,1,15575.924172926603,1.7984991347800325,53.58592933059536,67,0,2
18.569686593176517,3.5234871611614147,0,39337.816593432704,5.615995569005197,70.00497350542152,40,0,1
26.375228800285164,1.9831130031543165,1,45031.80667921154,4.221740755115696,34.6319252432128,50,2,2
26.163769633733935,1.9831130031543165,0,64545.32191842313,5.879553568590437,115.69082161119718,54,2,0
11.001358464134821,1.9385993830614345,1,90767.0490663767,5.98122713560534,119.40005034905943,58,0,0
15.882765102991716,0.964325215177793,1,103156.19110732914,5.350327997694166,119.38064921968025,97,1,2
22.258522974515845,0.6531558870653076,1,60806.93909229644,6.289340713404453,54.155966467357864,64,1,1
47.27672978021397,0.17153709743294088,1,24437.111343171688,9.703163938033367,98.17237381588892,60,0,0
31.831659111543217,1.1082562103782,0,61755.52191773946,5.1730053689225475,36.11831775014834,10,0,1
39.7284135883462,0.6284061219469106,1,48537.74211752692,5.693047166265418,80.95106267785573,99,0,1
29.48750001720962,0.8544899874244849,0,10750.656045334743,6.832884507355094,32.17432897279815,74,0,2
39.359686509754596,4.529228012472128,0,35322.69639258459,6.005408126412897,3.688163399901616,31,0,1
18.569686593176517,3.6901929259956052,0,40332.380131094,5.279158163307079,15.954744922490747,41,2,0
15.44575122639661,0.4018013211122401,1,98750.09209682702,1.620266500400684,29.025098824478427,28,1,2
40.075551925261365,3.168984281949644,0,8836.741301604361,8.512578764421459,21.09788316953693,35,0,1
27.59216688369427,4.605219136071874,1,113650.6257613347,5.154559154854148,60.30573256623652,96,0,0
47.657393960371365,1.632050466404217,1,28710.604854772977,3.44086007793344,15.52715728506126,56,1,0
23.612510527904384,3.935459053430483,1,28775.441452510615,1.0515777672429505,109.04633613896603,6,2,0
28.410953513813407,3.894388261477789,1,10459.35510128322,9.701776064979068,109.36701185106276,5,0,2
38.431441674418664,4.624126711989627,1,26850.67405895002,1.6625858787554622,54.97149315896446,71,2,0
10.007716701562028,3.363699136806249,1,118052.50795093554,7.436347690718653,37.168251725966485,21,2,0
11.001358464134821,1.9469478352939864,1,98308.56239509197,5.98122713560534,119.40005034905943,59,0,0
37.61841980520199,4.212236957094441,1,10258.469760543414,1.7911348822277122,110.03205395022067,9,0,2
38.324366821980725,4.529228012472128,0,35322.69639258459,4.587833692130495,3.688163399901616,31,0,1
11.093191098506605,0.03700519662279855,1,96486.7609396531,4.597800173746137,82.89223775779713,43,1,2
40.81954659946529,1.6259534091173948,0,69453.28650860625,8.555888408561941,20.66891455060556,34,0,1
23.160175758985563,4.605219136071874,1,117739.1059103108,1.8389470538912074,59.2228905464152,92,0,2
27.51971589406888,2.0919879984926104,1,94070.4612434431,4.221740755115696,41.871262510949784,28,1,2
41.76011092419617,0.6284061219469106,1,48537.74211752692,5.693047166265418,80.95106267785573,72,0,0
18.73338346935224,1.4851587398641763,0,39337.816593432704,5.776171639140474,69.4721663919946,14,0,1
19.62592608325003,0.6531558870653076,1,39536.48515451859,5.294313660032219,54.155966467357864,70,1,1
23.612510527904384,4.020336523136106,1,28775.441452510615,8.20596807699925,108.99619416384819,35,2,2
47.27672978021397,0.17153709743294088,1,24563.62772808685,9.879761042587608,98.17237381588892,47,0,0
38.41375605580686,0.02866612034316418,1,24437.111343171688,9.703163938033367,108.28523824066697,34,2,0
25.497911204948554,3.9347602994665265,1,33640.0993651061,1.0690016331907288,108.77030139154186,6,2,0
31.831659111543217,1.0999077581670926,0,60028.04674631045,5.1730053689225475,36.11831775014834,13,0,1
23.873915723666002,3.847019368231719,1,35850.74365400054,5.03291924486324,54.89040816757212,36,1,1
18.569686593176517,3.6901929259956052,0,34646.85312878125,6.051061534311909,15.954744922490747,41,2,1
18.569686593176517,3.2770072747749417,0,29457.14536247368,5.246853506695302,15.954744922490747,94,0,1
31.293833220296907,3.1542940082378976,1,12606.925715250152,9.933482038214823,40.67863954406467,10,0,0
36.06229359720658,1.9385993830614345,1,90573.63271794016,8.025327844385973,119.23969079375995,58,0,0
14.30139667965036,0.4018013211122401,1,47543.031737324156,1.620266500400684,29.025098824478427,47,2,0
26.163769633733935,1.9831130031543165,1,64543.78753199173,5.879553568590437,112.85812334402058,47,2,1
31.130136572587297,3.687745126682497,0,62026.314172359875,9.791983678770766,39.552161942726826,38,0,0
18.569686593176517,3.6901929259956052,0,60874.99502405655,5.738771032388201,15.954744922490747,41,2,0
40.075551925261365,3.0459530847245,0,26834.75707807547,1.3597112278152625,21.09788316953693,12,0,1
30.330112449208286,1.6309698207934171,0,96213.97261773782,8.256557398080824,37.847618064566525,12,1,0
17.19876394755717,0.06909471456210037,1,62299.101939742046,4.565495517134361,79.43963253912361,97,0,2
47.52923645037788,0.17153709743294088,1,24437.111343171688,9.703163938033367,98.17237381588892,59,0,0
23.612510527904384,4.027624274929153,1,38123.45658038936,6.108567637173172,108.99619416384819,40,2,2
28.416676080351955,3.894388261477789,1,10260.668399365146,9.701776064979068,109.36701185106276,5,0,2
38.316922937954125,0.02593607994417757,1,25160.570617720005,9.703163938033367,108.28523824066697,34,2,0
38.45419799237434,4.3848605119433355,1,24582.125777855108,1.6625858787554622,55.11003027342149,36,2,0
41.443506073930536,3.6307081215379,1,26567.619186608645,8.482045966655784,79.70439159884246,97,0,2
31.142093997982126,3.8988102372843496,1,70305.98854177412,9.933482038214823,39.019354828497754,12,0,0
18.977385042540554,3.271397807417195,0,28989.18871418666,9.965684825097528,15.954744922490747,45,0,1
27.13768950329713,1.9831130031543165,1,64543.78753199173,1.0829282564556881,112.85812334402058,8,2,0
13.56433817448339,4.979203344341359,1,35462.59872039266,6.038754515169021,28.50739493127852,31,0,1
23.612510527904384,3.8549678791954753,1,10585.87134928565,4.413847842415943,110.03205395022067,9,0,2
26.34745846361957,1.9900536642525781,1,35946.412763377666,4.221740755115696,54.61611188200715,48,2,0
19.32413949768982,3.6901929259956052,0,40332.380131094,5.279158163307079,15.954744922490747,41,2,0
27.51971589406888,2.0919879984926104,1,93417.0467326462,4.133657090827639,46.159417086774596,28,1,2
19.62592608325003,0.6531558870653076,1,60079.100047471184,9.953440175590153,54.364967753855346,70,1,1
11.001358464134821,1.9469478352939864,1,92529.1484483596,5.98122713560534,119.40005034905943,59,0,0
18.341766091102393,3.516199409368232,0,29266.967101129463,8.077120908406826,70.00497350542152,35,0,1
36.387541214447566,3.8070089943511034,1,10457.156462461488,1.7911348822277122,114.94875428958053,9,0,2
47.37344168337621,0.15419856536254084,1,24563.62772808685,9.879761042587608,98.17237381588892,47,0,0
37.857068701886895,4.367578291191987,1,40333.56356199279,1.6490700062158747,54.89040816757212,36,1,1
10.239183217096913,0.0019834169642167776,0,96753.6891708287,4.639328080434421,20.66891455060556,33,1,1
25.649650427263346,1.6853660295028179,1,33346.87963697322,1.0690016331907288,102.47341118752597,6,2,0
30.88613499040532,3.159903475595644,1,13074.882476242397,5.063992495753883,40.67863954406467,1,0,0
23.612510527904384,3.935459053430483,1,28775.441452510615,5.848431966234109,108.99619416384819,48,2,2
40.111582065498496,0.01319685679319571,0,58981.01394102136,1.6354275491435502,4.212259487580777,48,2,0
23.074684636720246,3.8964793211643056,1,10585.87134928565,9.878373173432955,110.03205395022067,9,0,2
23.901686060331595,3.8400786340556077,1,47888.95752431521,5.03291924486324,34.90622152879233,36,1,1
19.141853099963118,3.6901929259956052,0,40332.380131094,5.279158163307079,14.047707075578213,40,2,1
23.612510527904384,3.935459053430483,1,29428.81028679414,1.1396750479269735,109.04633613896603,10,2,0
31.169723578261642,1.6494168619736298,0,62026.314172359875,5.617367714374938,38.810353542000385,12,0,0
38.00928226841146,0.12701960685821856,1,77839.5828068134,2.666043709979925,118.22926613076937,90,1,0
18.569686593176517,3.6901929259956052,0,40332.380131094,5.279158163307079,15.954744922490747,40,2,1
18.980200778276984,3.36300038284244,1,117828.7630446812,8.894861890830445,38.749770712145335,21,2,0
12.075301977953696,3.125938202445109,1,69282.0183903438,9.755729414112611,13.72243185647347,72,1,2
10.900091136573614,3.1881209395653283,1,80165.12727265515,7.528538495906388,18.354983083920445,87,1,0
15.391756852084582,0.6313544576593366,1,103156.19110732914,1.5362339920122714,29.02429427910675,28,1,2
40.075551925261365,3.130830555082214,0,26834.75707807547,8.512578764421459,21.09788316953693,36,0,1
23.612510527904384,3.935459053430483,1,28775.441452510615,1.0515777672429505,108.99619416384819,8,2,2
23.924125772253042,0.03700519662279855,1,96486.7609396531,4.565495517134361,79.70439159884246,97,0,1
23.814611117013428,4.605219136071874,1,119815.84135508539,1.8388514019356295,60.292454430899014,97,0,2
19.62592608325003,0.6531558870653076,1,60079.100047471184,5.7539265291133415,54.155966467357864,70,1,1
47.657393960371365,1.878530363614273,1,38591.27608573196,3.44086007793344,69.57662150957911,56,1,0
47.642878108309404,2.7534927344245332,1,118420.18685834281,0.6167321619711297,5.345788266008777,57,2,0
47.298221422876146,3.0412772191091064,1,15575.924172926603,5.114110633566579,53.58592933059536,65,0,0
38.80236048858233,2.747143044215612,1,12265.876514958998,1.6311731601430846,15.893473088535908,74,2,2
36.06229359720658,1.9385993830614345,1,90767.0490663767,8.025327844385973,119.40005034905943,58,0,0
32.97098305164266,4.401581085844696,0,78322.45854740388,5.065500650281386,1.4500402169897253,79,0,1
26.375228800285164,1.9831130031543165,1,45031.80667921154,4.221740755115696,34.6319252432128,48,2,0
37.87982501984258,4.367578291191987,1,40478.57799662768,1.6490700062158747,54.89040816757212,36,1,1
31.293833220296907,1.6494168619736298,0,62026.314172359875,9.933482038214823,39.019354828497754,12,0,0
40.10504259476926,3.1285976168427703,1,107093.70607137024,2.9805671689237356,64.14527597792261,81,0,0
39.359686509754596,4.2490891096959365,0,35322.69639258459,6.005408126412897,3.688163399901616,31,0,1
34.7289857604765,0.5991381450307892,0,64708.30320037155,5.852354958518726,113.56219904764478,67,1,2
29.48750001720962,0.8544899874244849,0,10750.656045334743,6.832884507355094,31.745360353858942,74,0,2
39.03800067151789,3.641317513702263,1,77979.86220002093,2.068407034539408,60.795598711855135,69,2,1
40.143637710584144,0.6284061219469106,1,48537.74211752692,3.5739179823170275,80.95106267785573,91,0,1
38.41375605580686,0.08515339793661703,1,24437.111343171688,9.703163938033367,104.97672727629177,70,2,0
16.218858304705066,0.9532907720182526,1,100302.05732787107,9.834206220788403,119.48017111138074,89,2,0
20.09392380538095,1.973725018009146,1,4868.952886509573,8.837474323731453,29.47424030458562,75,2,0
36.87646691182536,3.513261164041795,0,117729.21200110778,5.413257528105461,37.80938015222859,95,0,1
23.905395028300585,4.2490891096959365,0,28881.252342904616,1.361937209614839,1.9965827772132414,31,0,1
20.09392380538095,0.8668010498623109,1,10832.976388496832,6.762530415736819,29.47424030458562,70,2,0
36.235721796832614,4.367578291191987,1,40478.57799662768,1.6490700062158747,54.89040816757212,36,0,1
16.218858304705066,1.0736290913848494,1,100302.05732787107,9.751777431506016,119.48017111138074,81,2,0
18.980200778276984,3.36300038284244,1,117828.7630446812,8.894861890830445,38.749770712145335,57,2,0
19.619071366167386,0.6538780248316016,1,103156.19110732914,1.4295084449463746,29.064854224957372,28,1,2
47.23134921641188,0.130453311755385,1,24437.111343171688,9.703163938033367,105.83267573402634,70,2,0
38.323112617898175,3.179754229855633,1,90773.85210864086,8.025327844385973,119.40005034905943,61,0,0
40.143637710584144,0.603971980268607,1,62489.23283442402,9.688939911381611,81.90722926067656,91,0,1
45.91020014617072,0.05126787310429104,1,96486.7609396531,4.565495517134361,2.8557822391947365,97,0,1
32.455246959929184,2.747143044215612,1,11762.545863895499,1.6311731601430846,0.7642321212233085,79,0,2
38.00928226841146,0.12701960685821856,1,77839.5828068134,0.38174544201337923,27.41192444106788,85,2,0
10.19760611481809,3.1881209395653283,1,80165.12727265515,7.528538495906388,59.121300061168824,97,0,0
39.03800067151789,3.6883779501130345,0,78712.18107953195,2.0200937205708076,60.795598711855135,40,2,1
34.7677596948114,0.5284777979866689,0,64708.30320037155,6.753592226566913,114.596679720325,67,1,2
39.06680176316697,3.935459053430483,1,35216.88550219059,5.695284267536659,112.48093834478988,8,2,2
29.48750001720962,1.9614139617603477,0,4786.632578727573,8.706606611056884,31.745360353858942,74,0,2
40.075551925261365,3.130830555082214,0,26834.75707807547,8.474488006161124,21.09788316953693,33,1,1
10.695857123852633,3.0056011457295972,1,69282.0183903438,9.838158203394963,13.72243185647347,71,1,2
47.657393960371365,1.8699525287272722,1,38591.27608573196,3.44086007793344,69.57662150957911,20,1,0
15.39861156927238,0.6306323198930426,1,60079.100047471184,6.405649934489458,54.115406523394526,70,1,1
38.48055995479274,2.603375286278853,1,15575.924172926603,4.207030053574181,52.72873194820638,65,0,0
39.99835318110201,1.8874427700425485,1,107086.90296338213,3.0874401569138143,64.14527597792261,78,0,0
31.293833220296907,1.6738511468532953,0,48421.55713840187,3.7357265726134106,39.019354828497754,12,0,0
23.591642687622347,2.778327430419222,1,118420.18685834281,0.6167321619711297,94.26601179803926,57,2,0
38.57597230106678,4.401581085844696,0,78322.45854740388,5.065500650281386,16.694939332575935,65,2,1
26.375228800285164,1.9831130031543165,1,45031.80667921154,4.221740755115696,119.71042886733264,57,1,0
24.832169161683826,4.730088921762654,1,119815.84135508539,1.8388514019356295,2.605026972931224,87,1,2
18.569686593176517,3.6431324895848336,1,40332.380131094,5.327471679506713,15.954744922490747,69,2,1
36.87646691182536,3.513261164041795,0,117729.21200110778,5.434634720204455,36.550644112316846,95,0,1
25.03054929691923,4.730088921762654,1,119815.84135508539,1.655181135713565,5.769147952651476,87,1,2
23.591642687622347,3.941057181295142,1,38132.35359717262,0.7392169536717081,86.46134912372999,57,2,0
23.619691194767075,4.188863509425118,1,29617.479311301526,1.6187011595259029,0.7642321212233085,79,0,1
47.657393960371365,1.8699525287272722,1,38591.27608573196,3.44086007793344,70.64843615848847,22,1,0
37.63091065433652,3.935459053430483,1,14915.656695897578,5.695284267536659,113.43790644366696,8,0,2
39.72308062502847,1.6738511468532953,0,48421.55713840187,9.755536838923057,39.019354828497754,73,0,0
40.075551925261365,3.130830555082214,0,26834.75707807547,8.512578764421459,21.09788316953693,35,0,1
20.142706595385814,3.6431324895848336,1,40631.22008968065,5.7339949000376755,20.067938757089966,69,2,1
31.293833220296907,1.6494168619736298,0,104764.47997829574,9.712236208677993,39.019354828497754,12,0,0
26.375228800285164,3.125537477676834,1,45031.80667921154,4.221740755115696,20.703207972908267,57,1,0
38.38215182902964,4.369437121903278,0,40834.785612513784,5.065500650281386,55.514895715221684,65,2,1
22.9826806931839,0.6313544576593366,1,103156.19110732914,1.5362339920122714,37.35851193129405,97,1,2
10.19760611481809,2.83280381206965,0,78641.1179690364,7.528538495906388,59.121300061168824,100,0,0
38.62228187584911,3.3698335052902215,1,112227.40900301983,8.894861890830445,38.749770712145335,25,2,0
26.375228800285164,1.9842961122978413,1,45031.80667921154,4.221740755115696,34.0802972219052,43,2,0
37.86276340473249,4.367578291191987,1,40478.57799662768,1.8327402724379391,49.095166917457234,36,1,1
22.194058531718447,2.7727293011954703,1,108320.93658049889,0.6289443564172925,111.14810253769309,8,2,2
31.402119248351116,3.016336100797468,0,3203.7908408841968,1.3744092102320207,1.9965827772132414,31,0,2
29.48750001720962,0.8544899874244849,0,10750.656045334743,6.832884507355094,31.745360353858942,72,0,2
39.06322926242727,2.603375286278853,1,35877.15337077595,4.207030053574181,60.33483015962486,54,2,0
31.155104892677713,0.08515339793661703,1,24437.111343171688,3.640187457435689,104.97672727629177,9,2,0
19.41827292101698,0.8668010498623109,1,22704.294344647147,5.3601781517552585,30.035456142703723,70,2,0
19.619071366167386,1.9765061116353821,1,60417.75181236686,1.427395080070701,29.064854224957372,28,1,2
40.075551925261365,2.194966789090822,0,26834.75707807547,8.474488006161124,118.21525941083223,32,1,1
31.607175315234667,4.399722255133405,1,77966.25093337319,3.0961819444467364,18.902022301864417,34,0,1
23.814611117013428,4.605219136071874,1,119815.84135508539,1.8388514019356295,59.61472174667606,28,0,2
15.873118573219983,3.6901929259956052,1,41856.38943317963,5.279158163307079,15.954744922490747,40,2,1
19.71761423261318,4.242255985486611,0,30822.493609022116,6.005408126412897,3.688163399901616,31,0,1
47.657393960371365,2.856121944636893,1,38591.27608573196,3.44086007793344,73.66648592241923,56,1,0
20.09392380538095,1.5814225593065119,1,80056.92366911352,6.762530415736819,62.90755268199452,70,0,0
26.375228800285164,1.9886327333608214,1,45031.80667921154,1.2866019861976044,34.6319252432128,48,0,0
15.873118573219983,3.6901929259956052,0,41856.38943317963,5.279158163307079,15.954744922490747,30,2,1
25.456231579601805,2.0546153672907526,1,45031.80667921154,5.103620393817561,34.0802972219052,43,0,0
47.657393960371365,1.7560389367519162,1,38591.27608573196,3.44086007793344,73.66648592241923,56,1,0
23.905395028300585,4.2490891096959365,0,28881.252342904616,1.361937209614839,1.9965827772132414,31,0,0
37.91035225006331,4.312228866859627,1,40478.57799662768,1.4270305086506994,49.095166917457234,36,1,1
39.03311707346347,3.39123398439745,1,28775.441452510615,1.0515777672429505,35.479887480729076,8,2,2
25.03054929691923,4.6790155862383065,1,119815.84135508539,1.478815894116511,115.04823713034443,30,1,2
39.06680176316697,3.935459053430483,1,34106.59213704729,5.666528162269013,38.348772175336734,12,2,2
17.357881471501948,3.5939894436250186,0,40332.380131094,5.279158163307079,15.954744922490747,28,2,1
10.19760611481809,2.83280381206965,1,78641.1179690364,7.528538495906388,59.121300061168824,96,0,0
31.307541296102524,0.1642645307817312,1,24890.333145474542,3.640187457435689,105.84465279246038,23,2,0
26.005480676834864,1.9831130031543165,1,45031.80667921154,4.221740755115696,119.71042886733264,57,1,0
40.075551925261365,3.130830555082214,0,26834.75707807547,8.54140972744649,21.09788316953693,33,1,1
37.63091065433652,3.8998497316044576,1,23774.311577672648,5.319420590430044,113.43790644366696,7,0,2
31.402119248351116,3.0108163705909634,0,3203.7908408841968,4.309551991623282,1.9965827772132414,31,2,2
40.71433834140029,3.130830555082214,1,26834.75707807547,8.512578764421459,21.09788316953693,35,0,1
36.187123416107966,4.168447388889229,1,40478.57799662768,1.6490700062158747,54.89040816757212,36,2,1
47.657393960371365,2.910399864120156,1,38591.27608573196,3.44086007793344,69.57662150957911,20,1,0
31.293833220296907,1.0362409928829885,0,61676.43149374963,9.933482038214823,39.019354828497754,12,0,1
19.57148541419125,2.0258329733244533,1,60417.75181236686,1.8331048438579407,29.064854224957372,28,1,2
21.209265078197447,3.914058574323139,1,112227.40900301983,8.894861890830445,115.70667738928984,25,2,0
34.7918010963938,2.9827404893642804,0,26834.75707807547,8.15845402066943,8.098367791343186,89,1,1
30.90709145476489,1.6738511468532953,0,55369.518788998554,3.419980362014381,118.57434903030858,8,0,0
15.391756852084582,0.6313544576593366,1,103156.19110732914,1.5362339920122714,29.02429427910675,40,1,2
22.194058531718447,2.6241023550753475,0,108320.93658049889,0.6289443564172925,111.14810253769309,10,2,2
19.990270212399633,3.5929458828760237,1,40177.998287430586,5.7339949000376755,15.598572001875946,74,2,1
39.72943448535142,4.2490891096959365,0,35322.69639258459,6.005408126412897,3.688163399901616,31,0,1
40.075551925261365,3.1664398768964905,0,26834.75707807547,8.888394830954109,21.09788316953693,37,0,1
20.142706595385814,3.7056712198205295,1,40463.08205681864,5.7339949000376755,20.067938757089966,69,2,1
31.293833220296907,1.9764872219709262,0,61676.43149374963,1.4146095429004744,39.019354828497754,12,1,2
40.87650008966398,4.279637804749347,0,26834.75707807547,6.057319926010278,19.219147728988872,31,0,1
47.657393960371365,1.8476826382107754,1,61524.50034204011,3.44086007793344,69.57662150957911,20,0,0
39.246711217257364,4.1349766771273515,1,35322.69639258459,0.9191545125586122,3.688163399901616,34,0,1
20.142706595385814,3.6431324895848336,1,40631.22008968065,5.7339949000376755,20.067938757089966,66,2,1
40.075551925261365,3.1664398768964905,0,26834.75707807547,8.133556911954294,21.09788316953693,37,0,2
30.30588599530551,3.890811763350781,1,23774.311577672648,5.319420590430044,113.43790644366696,7,0,2
36.32547523360372,3.130830555082214,1,26834.75707807547,0.9577038570102789,54.671992518757094,22,0,1
39.65304561997861,3.935459053430483,1,12212.658490122405,6.008085743109294,1.0049042424775392,31,0,2
40.075551925261365,2.9763764003839617,0,26674.68583734772,8.512578764421459,21.740325434754837,36,0,1
47.649118786870616,3.9956137439784327,1,35216.88550219059,8.239044664499783,111.2038552317731,32,2,2
23.905395028300585,4.2490891096959365,1,29123.30204775201,1.3903100651555074,1.9965827772132414,31,0,0
25.46497578056404,4.014515491146685,1,44102.329910246335,8.894861890830445,116.9961870592615,25,2,0
31.307541296102524,0.1642645307817312,1,24890.333145474542,3.640187457435689,96.6660225968038,23,2,0
18.157598092444296,3.6901929259956052,1,41856.38943317963,7.592366278152852,9.862922816393592,40,2,0
19.619071366167386,1.0362598826664744,1,52139.77365366494,9.817164606321171,29.064854224957372,28,0,1
18.916672658640486,3.0934486446118123,0,30822.493609022116,8.460666827249565,5.567648275676797,35,0,1
31.293833220296907,1.6716867524901267,0,39093.0899160782,9.98803487378742,39.019354828497754,12,1,0
23.72548556836744,3.9311501816483796,0,24875.080454059946,6.138857608702337,108.99619416384819,8,2,2
28.91912823867421,1.6738511468532953,0,60608.32712137309,3.7357265726134106,39.019354828497754,3,0,0
15.391756852084582,0.6313544576593366,1,103156.19110732914,1.5362339920122714,29.02429427910675,30,1,1
37.1728270389865,0.1277582805507198,1,26566.441510091598,3.640187457435689,104.97672727629177,9,2,0
37.11293696292557,4.367578291191987,1,40478.57799662768,8.812577212327716,21.316300037823627,36,0,1
37.70729951970932,4.2490891096959365,0,38025.71389768823,5.400642553901583,117.64702049433171,13,0,1
31.402119248351116,3.0195160396868457,0,3372.0853744478136,1.3744092102320207,1.4215075564210196,31,0,2
40.075551925261365,2.134811704896733,0,26834.75707807547,6.424994919936266,112.17661579103354,8,1,1
23.2392762800829,1.9842961122978413,0,44789.756974370874,4.193368881567054,34.2756311857097,43,2,0
24.352395160331437,1.9541571925143848,1,113077.52753142483,5.103620393817561,32.002013703765265,43,0,0
10.357378434068501,2.83280381206965,0,82811.96816366915,5.215330379866769,58.9075257426367,100,0,1
37.03451057023412,3.130830555082214,0,26909.50443152005,8.512578764421459,21.753896019275565,35,0,1
38.00928226841146,0.12701960685821856,1,77839.5828068134,2.666043709979925,118.22926613076937,90,1,0
18.569686593176517,3.6901929259956052,0,40332.380131094,5.279158163307079,15.954744922490747,40,2,1
18.980200778276984,3.36300038284244,1,117828.7630446812,8.894861890830445,38.749770712145335,21,2,0
12.075301977953696,3.125938202445109,1,69282.0183903438,9.755729414112611,13.72243185647347,72,1,2
10.900091136573614,3.1881209395653283,1,80165.12727265515,7.528538495906388,18.354983083920445,87,1,0
15.391756852084582,0.6313544576593366,1,103156.19110732914,1.5362339920122714,29.02429427910675,28,1,2
40.075551925261365,3.130830555082214,0,26834.75707807547,8.512578764421459,21.09788316953693,36,0,1
23.612510527904384,3.935459053430483,1,28775.441452510615,1.0515777672429505,108.99619416384819,8,2,2
23.924125772253042,0.03700519662279855,1,96486.7609396531,4.565495517134361,79.70439159884246,97,0,1
23.814611117013428,4.605219136071874,1,119815.84135508539,1.8388514019356295,60.292454430899014,97,0,2
19.62592608325003,0.6531558870653076,1,60079.100047471184,5.7539265291133415,54.155966467357864,70,1,1
47.657393960371365,1.878530363614273,1,38591.27608573196,3.44086007793344,69.57662150957911,56,1,0
47.642878108309404,2.7534927344245332,1,118420.18685834281,0.6167321619711297,5.345788266008777,57,2,0
47.298221422876146,3.0412772191091064,1,15575.924172926603,5.114110633566579,53.58592933059536,65,0,0
38.80236048858233,2.747143044215612,1,12265.876514958998,1.6311731601430846,15.893473088535908,74,2,2
36.06229359720658,1.9385993830614345,1,90767.0490663767,8.025327844385973,119.40005034905943,58,0,0
32.97098305164266,4.401581085844696,0,78322.45854740388,5.065500650281386,1.4500402169897253,79,0,1
26.375228800285164,1.9831130031543165,1,45031.80667921154,4.221740755115696,34.6319252432128,48,2,0
37.87982501984258,4.367578291191987,1,40478.57799662768,1.6490700062158747,54.89040816757212,36,1,1
31.293833220296907,1.6494168619736298,0,62026.314172359875,9.933482038214823,39.019354828497754,12,0,0
40.10504259476926,3.1285976168427703,1,107093.70607137024,2.9805671689237356,64.14527597792261,81,0,0
39.359686509754596,4.2490891096959365,0,35322.69639258459,6.005408126412897,3.688163399901616,31,0,1
34.7289857604765,0.5991381450307892,0,64708.30320037155,5.852354958518726,113.56219904764478,67,1,2
29.48750001720962,0.8544899874244849,0,10750.656045334743,6.832884507355094,31.745360353858942,74,0,2
39.03800067151789,3.641317513702263,1,77979.86220002093,2.068407034539408,60.795598711855135,69,2,1
40.143637710584144,0.6284061219469106,1,48537.74211752692,3.5739179823170275,80.95106267785573,91,0,1
38.41375605580686,0.08515339793661703,1,24437.111343171688,9.703163938033367,104.97672727629177,70,2,0
16.218858304705066,0.9532907720182526,1,100302.05732787107,9.834206220788403,119.48017111138074,89,2,0
20.09392380538095,1.973725018009146,1,4868.952886509573,8.837474323731453,29.47424030458562,75,2,0
36.87646691182536,3.513261164041795,0,117729.21200110778,5.413257528105461,37.80938015222859,95,0,1
40.143637710584144,0.8505260709597483,1,8797.866580452614,3.5739179823170275,82.5037226301268,90,0,1
31.293833220296907,1.6494168619736298,1,62026.314172359875,9.933482038214823,39.019354828497754,21,2,0
36.06229359720658,1.9385993830614345,1,80178.39855200762,8.025327844385973,116.08023467174374,58,0,0
38.39464181996203,1.9912044692588016,1,77839.5828068134,2.6685544456178003,34.76734473887575,54,1,0
14.592756479143272,1.878530363614273,1,102615.16260607934,3.472629200350811,69.27170123901308,56,1,0
11.253180274749585,3.125938202445109,1,67056.3876817685,5.8539814287519825,16.3877216022885,72,1,2
18.569686593176517,3.755687890577433,1,40332.380131094,5.232058229688166,119.31232463041356,40,2,1
39.359686509754596,3.943438824430333,0,7045.635487644231,0.8738403752415991,3.236461772466072,31,2,1
20.71370567071836,0.6531558870653076,1,60811.50950402144,0.3574368660098459,52.31393266484716,70,1,1
32.467179663678664,4.401581085844696,0,78322.45854740388,5.065500650281386,1.4500402169897253,79,0,1
40.00526721868951,3.1881209395653283,1,80165.12727265515,7.364342267026176,18.354983083920445,36,1,0
24.025272389322794,4.605219136071874,1,119815.84135508539,1.8388514019356295,58.80177148154598,100,0,2
38.23311639626775,3.641317513702263,1,78559.88590112497,2.068407034539408,60.795598711855135,69,2,0
23.329321580085747,2.786324803633402,1,107093.70607137024,4.660526942809867,64.07090576566668,88,0,1
40.075551925261365,3.130830555082214,0,26834.75707807547,8.512578764421459,21.09788316953693,33,0,1
20.09392380538095,2.2934281189155707,1,45589.310215245176,8.837474323731453,27.921596419943928,75,2,0
18.980200778276984,2.9498147316943935,0,106947.4146974854,8.894861890830445,38.749770712145335,11,0,0
37.303846129906844,3.513261164041795,0,119895.06206508298,5.413257528105461,37.80938015222859,95,0,1
25.98986923425124,0.12360036304736333,1,45031.80667921154,4.219230019478932,117.32604801758177,84,2,0
49.782534209714214,0.6458065118667544,1,39131.10835493442,1.5044648850830038,29.32921496659297,31,1,2
35.70283784825247,0.5991381450307892,0,64708.30320037155,9.744521995968025,110.7077277389126,64,1,2
16.218858304705066,0.4016188341707344,0,100302.05732787107,9.834206220788403,16.421147005416852,89,2,0
23.612510527904384,4.2411093386960825,1,28715.585052693285,4.334024855322772,110.3052863229769,9,0,2
46.520987575070826,2.7534927344245332,1,118481.50113618546,6.038989354678793,3.281527536596718,57,2,0
39.306163876517374,2.747143044215612,1,12265.876514958998,1.6311731601430846,15.893473088535908,74,2,2
16.547580048601347,4.367578291191987,1,40478.57799662768,1.0715178576108126,54.89040816757212,88,1,1
29.276838744900292,0.8544899874244849,0,10750.656045334743,6.832884507355094,31.315800287123835,78,0,2
47.298221422876146,3.0412772191091064,1,14542.681235605207,5.114110633566579,53.58592933059536,65,0,1
40.69984295933354,0.4309582934224465,1,96486.7609396531,2.868379223170521,79.7787618110983,97,0,0
47.298221422876146,3.0412772191091064,1,9377.695743212127,5.215337312910836,53.8287926233743,72,1,0
40.075551925261365,3.130830555082214,0,33122.77621987137,8.512578764421459,21.09788316953693,34,0,1
18.674548132766958,3.125938202445109,1,69282.0183903438,9.969809967178952,13.72243185647347,72,1,2
34.60931428047015,0.8541573207004804,0,64708.30320037155,5.527015872663872,113.56219904764478,74,0,2
49.23297706001589,3.0412772191091064,1,14843.789240039407,1.7858556143105082,53.20866342848139,65,0,0
31.35148981043195,1.5795923739159674,1,24437.111343171688,9.703163938033367,43.40969210579891,83,2,0
14.28555925483601,2.967929705465374,0,106947.4146974854,8.896749138734371,38.749770712145335,11,0,0
36.19125537252396,0.12701960685821856,1,77839.5828068134,2.666043709979925,118.22926613076937,95,1,0
26.736136275902368,0.12360036304736333,1,45031.80667921154,4.264133999119728,110.02243185934203,12,0,0
47.298221422876146,3.0412772191091064,1,14542.681235605207,6.0988229342928095,56.20255499568204,65,0,1
19.62592608325003,0.9963233078037614,1,60079.100047471184,5.7539265291133415,54.155966467357864,70,1,1
39.26706736126993,4.2490891096959365,0,36460.04928313394,9.847277079445808,3.705198473482465,30,0,1
21.595027727568535,4.577378923529808,1,119815.84135508539,1.8388514019356295,60.292454430899014,97,0,2
47.068567634223626,1.973725018009146,1,4868.952886509573,3.3742118059069433,29.47424030458562,75,2,0
26.375228800285164,4.954977507280438,1,119882.00546313186,4.5585788776198815,58.994849456010044,50,2,2
40.075551925261365,3.130830555082214,1,26834.75707807547,8.512578764421459,21.09788316953693,33,0,1
23.612510527904384,3.935459053430483,1,28776.624289167205,1.0515777672429505,112.59437889587058,8,2,2
11.970530159134366,3.755687890577433,1,40332.380131094,3.5893207147219144,119.31232463041356,40,2,1
29.607171497215965,0.5994708117547968,0,10750.656045334743,6.8171542092501065,31.745360353858942,74,1,2
40.50953891012491,4.367578291191987,1,41210.71680100934,5.271194634153785,54.89040816757212,36,1,1
38.356099465662325,0.15944162683740415,1,62026.314172359875,9.933482038214823,100.58419103432138,5,2,0
19.28739801955637,1.3561845705199849,1,102615.16260607934,3.4703760952826093,66.36969383428755,56,1,0
37.88032049309408,1.9385993830614345,1,80178.39855200762,8.025327844385973,116.08023467174374,67,0,0
23.612510527904384,4.2411093386960825,1,28715.585052693285,4.334024855322772,117.60882112367248,89,2,2
49.782534209714214,0.9446245154402705,1,39131.10835493442,1.5044648850830038,29.32921496659297,31,1,2
31.38645236865101,1.3948245520486977,0,60888.961282207085,6.050400068293872,39.02930114231266,10,0,0
18.569686593176517,3.7180325002456245,0,21600.931908179653,5.279158163307079,15.954744922490747,40,2,1
24.594902256914523,1.878530363614273,1,34653.32645706477,8.90357646949506,69.57662150957911,56,1,0
24.025272389322794,1.5209753784192657,1,38919.73699667059,1.8388514019356295,34.4388472689919,97,0,0
40.143637710584144,0.6284061219469106,0,48537.74211752692,3.5739179823170275,81.0088979249211,91,0,1
36.07294839054944,0.18863355351064237,1,80178.39855200762,8.025327844385973,118.24132938726038,58,0,0
14.65998995592506,2.0375282962143215,1,102615.16260607934,3.3659469968568345,111.72735364956787,54,1,0
40.075551925261365,3.130830555082214,1,26828.42356222523,8.257258417198745,21.09788316953693,36,0,2
31.38645236865101,1.9114491582510469,0,60888.961282207085,3.4207681679670214,39.02930114231266,10,0,0
18.980200778276984,2.9498147316943935,1,101345.6043165684,8.894861890830445,38.369799394081845,1,0,1
46.970767647641026,0.7542753604614377,1,45031.80667921154,4.264133999119728,110.02243185934203,12,0,0
31.293833220296907,1.6404985205886784,1,61488.562164083865,8.081628341319362,39.019354828497754,59,0,0
26.563192779932518,3.935459053430483,1,28775.441452510615,1.0515777672429505,108.99619416384819,90,1,2
31.71660663822964,4.228310820717692,1,62026.314172359875,4.449539427671954,39.019354828497754,21,2,0
49.56654569072971,3.040437993327589,1,117828.7630446812,8.894861890830445,39.29682385093476,21,2,0
40.50953891012491,4.411224965650828,1,41210.71680100934,5.271194634153785,56.463436748173976,33,1,1
38.299452902060075,4.2490891096959365,1,52046.734338403694,9.97302515024376,4.812330234987261,99,0,1
39.359686509754596,4.2490891096959365,0,35322.69639258459,6.005408126412897,3.688163399901616,32,0,0
38.356099465662325,0.15944162683740415,1,27152.17209248928,9.933482038214823,106.64919843828237,5,0,0
38.6827393544054,0.18037306151823684,1,24661.292188158935,9.703163938033367,119.41166957117089,70,2,0
36.12351714337125,4.367578291191987,1,40478.57799662768,1.6490700062158747,54.89040816757212,37,1,0
23.54527888114029,3.7168199624234552,1,28776.624289167205,1.1582615308172433,69.98925461694026,13,2,2
49.782534209714214,0.9446245154402705,0,39137.44187078509,1.7597664522380492,29.32921496659297,31,1,1
47.657393960371365,1.3619057574119302,1,38591.27608573196,6.070491978315438,69.57662150957911,62,1,0
46.57326177255639,3.0412772191091064,0,14542.681235605207,5.114110633566579,53.96590064865902,84,0,0
26.845984019578722,2.939760056419712,1,15575.924172926603,5.114110633566579,53.58592933059536,64,0,0
35.29266573846957,1.947517724446386,0,80716.15056028125,9.866781773014731,112.41270605527143,11,0,0
38.00928226841146,0.12701960685821856,1,77839.5828068134,2.7352569152364135,118.22926613076937,9,2,0
23.18973711000982,1.6621903447122317,1,37574.23993446648,9.808571052971716,110.3052863229769,9,0,2
17.92970249310372,3.363839608623958,1,3441.6357148523784,1.7858556143105082,52.66161028969199,65,0,0
40.075551925261365,3.082395967830145,1,26122.05770150707,8.934942878513132,13.790951795161973,37,0,1
23.814611117013428,4.9479285926796726,0,113398.44781249532,1.1733344216039479,59.30854108330891,23,0,2
21.0919621782898,1.9831130031543165,1,45031.80667921154,4.221740755115696,34.6319252432128,47,2,1
40.075551925261365,3.130830555082214,0,61708.89935846483,8.512578764421459,15.016418005333136,33,2,1
18.300731615816566,3.690849175022066,1,40108.19928614937,5.232058229688166,104.77829031071323,40,2,1
37.82925626702076,0.18863355351064237,1,80178.39855200762,8.025327844385973,118.24132938726038,58,0,1
18.569686593176517,3.00178179488392,1,40332.380131094,5.232058229688166,119.31232463041356,40,0,1
18.98299630349302,1.674048160049813,0,108004.26652903887,9.939631865773075,38.7472037730445,12,0,0
39.30875104733784,4.49913061258145,1,45031.80667921154,4.264133999119728,53.83254084029755,33,0,1
23.61256156101919,4.2411093386960825,1,30811.490049759428,4.317036445506659,106.16763732066539,9,0,2
23.612510527904384,3.935459053430483,1,91106.81589095663,8.87636609223381,108.99619416384819,8,2,2
47.657393960371365,1.8772749844414753,1,38591.27608573196,3.44086007793344,69.57903489167317,11,1,0
39.359686509754596,4.2490891096959365,0,35322.69639258459,9.894530202670376,3.688163399901616,32,0,0
35.29266573846957,1.8758502388545577,0,80716.15056028125,9.866781773014731,70.24450303835064,11,0,0
40.54203311517331,3.3595418004723148,1,115732.38219334204,8.894861890830445,30.59494287244655,21,2,1
26.709202340132457,1.320008705521023,1,45366.96386140316,4.221740755115696,34.6319252432128,48,2,0
23.18973711000982,1.6621903447122317,1,37574.23993446648,9.808571052971716,110.3052863229769,17,0,2
37.905709521455414,4.367578291191987,1,39910.36744882727,1.6490700062158747,54.89040816757212,5,1,0
32.042878993035586,1.3040487850710574,1,44978.14970541649,6.098596151361671,41.52055978785672,12,0,0
14.65998995592506,4.0213126980082805,1,102615.16260607934,3.3659469968568345,111.72735364956787,54,1,0
47.298221422876146,3.7951833147981042,1,14542.681235605207,5.931948022642483,53.58592933059536,67,2,1
27.762767948134634,2.925183433648327,0,60967.93229277646,8.884838114719877,39.02192176759859,11,0,0
26.81620120124497,0.09587379187744327,1,41210.71680100934,4.87644112110982,112.60784905152073,12,1,0
23.81456008389862,4.9479285926796726,0,111176.09758974673,1.1903295975291264,73.76180840198282,30,0,2
18.980200778276984,2.6627426447957268,1,39013.234703409544,1.070507407095592,38.369799394081845,1,0,1
27.107849280977362,3.7168199624234552,1,28776.624289167205,1.1582615308172433,73.03266198625842,58,2,2
39.26706736126993,4.2490891096959365,0,36460.04928313394,6.1264030313891995,3.705198473482465,30,0,1
14.592756479143272,1.9501978492061012,1,102615.16260607934,3.472629200350811,111.50836209716194,56,1,0
18.513748295926696,3.1342891374523396,1,31141.817817711228,8.512578764421459,26.268106041325105,33,0,0
16.352411675085424,3.690849175022066,1,40108.19928614937,5.232058229688166,94.39100968103821,40,2,1
40.50953891012491,4.367578291191987,1,42577.948812106864,5.271194634153785,54.89040816757212,36,1,1
38.330214964049496,0.15944162683740415,1,27720.38264029069,9.962920668634105,106.64919843828237,36,0,1
46.313174708860316,0.7559780148077069,0,61245.14341736247,4.215937916051807,107.51149588350253,10,0,0
26.075335283582277,1.951673313454575,1,24769.72498905519,1.0515777672429505,112.59437889587058,8,2,2
40.075551925261365,3.1295587084375445,1,26834.75707807547,8.916401720890216,28.50331744596289,38,0,1
19.502236726931308,2.951086578339063,1,101345.6043165684,8.491038934361685,38.369799394081845,2,0,1
38.00928226841146,0.12701960685821856,1,77839.5828068134,2.666043709979925,118.22926613076937,90,1,0
18.569686593176517,3.6901929259956052,0,40332.380131094,5.279158163307079,15.954744922490747,40,2,1
18.980200778276984,3.36300038284244,1,117828.7630446812,8.894861890830445,38.749770712145335,21,2,0
12.075301977953696,3.125938202445109,1,69282.0183903438,9.755729414112611,13.72243185647347,72,1,2
10.900091136573614,3.1881209395653283,1,80165.12727265515,7.528538495906388,18.354983083920445,87,1,0
15.391756852084582,0.6313544576593366,1,103156.19110732914,1.5362339920122714,29.02429427910675,28,1,2
40.075551925261365,3.130830555082214,0,26834.75707807547,8.512578764421459,21.09788316953693,36,0,1
23.612510527904384,3.935459053430483,1,28775.441452510615,1.0515777672429505,108.99619416384819,8,2,2
23.924125772253042,0.03700519662279855,1,96486.7609396531,4.565495517134361,79.70439159884246,97,0,1
23.814611117013428,4.605219136071874,1,119815.84135508539,1.8388514019356295,60.292454430899014,97,0,2
19.62592608325003,0.6531558870653076,1,60079.100047471184,5.7539265291133415,54.155966467357864,70,1,1
47.657393960371365,1.878530363614273,1,38591.27608573196,3.44086007793344,69.57662150957911,56,1,0
47.642878108309404,2.7534927344245332,1,118420.18685834281,0.6167321619711297,5.345788266008777,57,2,0
47.298221422876146,3.0412772191091064,1,15575.924172926603,5.114110633566579,53.58592933059536,65,0,0
38.80236048858233,2.747143044215612,1,12265.876514958998,1.6311731601430846,15.893473088535908,74,2,2
36.06229359720658,1.9385993830614345,1,90767.0490663767,8.025327844385973,119.40005034905943,58,0,0
32.97098305164266,4.401581085844696,0,78322.45854740388,5.065500650281386,1.4500402169897253,79,0,1
26.375228800285164,1.9831130031543165,1,45031.80667921154,4.221740755115696,34.6319252432128,48,2,0
37.87982501984258,4.367578291191987,1,40478.57799662768,1.6490700062158747,54.89040816757212,36,1,1
31.293833220296907,1.6494168619736298,0,62026.314172359875,9.933482038214823,39.019354828497754,12,0,0
40.10504259476926,3.1285976168427703,1,107093.70607137024,2.9805671689237356,64.14527597792261,81,0,0
39.359686509754596,4.2490891096959365,0,35322.69639258459,6.005408126412897,3.688163399901616,31,0,1
34.7289857604765,0.5991381450307892,0,64708.30320037155,5.852354958518726,113.56219904764478,67,1,2
29.48750001720962,0.8544899874244849,0,10750.656045334743,6.832884507355094,31.745360353858942,74,0,2
39.03800067151789,3.641317513702263,1,77979.86220002093,2.068407034539408,60.795598711855135,69,2,1
40.143637710584144,0.6284061219469106,1,48537.74211752692,3.5739179823170275,80.95106267785573,91,0,1
38.41375605580686,0.08515339793661703,1,24437.111343171688,9.703163938033367,104.97672727629177,70,2,0
16.218858304705066,0.9532907720182526,1,100302.05732787107,9.834206220788403,119.48017111138074,89,2,0
20.09392380538095,1.973725018009146,1,4868.952886509573,8.837474323731453,29.47424030458562,75,2,0
36.87646691182536,3.513261164041795,0,117729.21200110778,5.413257528105461,37.80938015222859,95,0,1
47.642878108309404,0.31762859399429644,1,31740.35902235114,0.6167321619711297,107.88351492095524,56,2,0
23.814611117013428,4.605219136071874,1,119815.84135508539,1.8388514019356295,60.292454430899014,36,0,2
39.03800067151789,3.641317513702263,1,71857.77169792415,2.068407034539408,57.475784640858265,69,2,1
18.82372977668875,3.69238166200964,0,40332.380131094,5.282788432696222,15.958630679679302,94,2,0
29.441776193130707,1.6494168619736298,0,61597.59713658184,9.93834715241018,38.96466035088644,12,0,0
18.16221351959816,0.12701960685821856,1,75613.95206098571,2.6686440566411296,40.84728145263781,90,1,0
23.924125772253042,0.612590811161694,1,96486.7609396531,4.5183957120044935,114.70870371956269,71,0,1
20.09392380538095,2.034632454779092,1,11806.84969697168,1.42422593161814,29.11795984803114,75,1,0
17.427488669416363,3.0412772191091064,1,16308.33400879332,4.852192486925795,51.743896967075585,65,0,0
10.564326153120279,3.125938202445109,1,69282.0183903438,9.755729414112611,13.72243185647347,95,1,2
42.05152331190732,3.1285976168427703,1,107093.70607137024,2.9402324263470243,64.14527597792261,80,0,0
26.73495546354398,1.9385993830614345,1,90767.0490663767,8.025327844385973,116.98154348172358,65,0,0
37.99747621333306,2.747143044215612,0,35249.18115478095,1.6311731601430846,15.893473088535908,73,2,2
18.87174808546198,0.3480309512216545,1,60079.100047471184,5.891080222538104,54.02788997245328,77,1,1
23.612510527904384,3.935459053430483,1,28775.441452510615,1.0515777672429505,108.99619416384819,5,2,2
38.41375605580686,3.119625502691913,1,111197.73958647526,9.703163938033367,3.4440837997019287,70,2,0
40.075551925261365,2.717644905048487,0,16114.66607637343,8.512578764421459,21.09788316953693,96,0,1
33.39847083470359,4.401581085844696,0,78379.94359846727,5.065500650281386,1.4500402169897253,79,0,1
10.665316299796359,3.185932203551291,1,80165.12727265515,7.52490822622378,18.35109732673189,33,1,1
35.794235696663414,0.8689420416319027,0,11182.33182946654,6.781166606790471,31.800054831470252,77,0,2
38.82731540535478,3.36300038284244,1,117828.7630446812,8.891510639464054,115.46436006111172,18,2,0
34.7289857604765,0.002914660283803605,0,64708.30320037155,5.852354958518726,82.4505063550804,93,1,2
37.87982501984258,4.3066308025340625,1,4563.586837563056,7.199457932260284,55.24668862809833,37,2,1
46.05654844357851,0.9532907720182526,1,100552.44255908366,9.941244107233139,115.63043131876246,89,2,0
39.019062283293465,3.513261164041795,0,117729.21200110778,5.413257528105461,37.80938015222859,72,0,1
19.839262485075295,0.6313544576593366,1,103156.19110732914,0.8564638189204494,29.02429427910675,30,1,2
35.70256693390174,1.9831130031543165,1,45031.80667921154,4.221740755115696,33.35659760944611,62,2,0
39.359686509754596,4.2490891096959365,1,11882.750809553865,6.005408126412897,3.688163399901616,32,0,1
40.89782333117414,1.0223592187465584,1,48537.74211752692,3.4196077380696286,81.07913917257885,91,0,1
39.40490827722314,0.24301300701869932,1,75350.91534041814,6.005408126412897,3.688163399901616,88,1,1
38.41375605580686,0.08515339793661703,1,24444.763158188496,9.703163938033367,104.97672727629177,68,2,0
31.02985347248908,1.6494168619736298,0,62026.314172359875,9.946570499729823,39.019354828497754,15,2,0
36.30389664793941,3.1864930905527133,1,90767.0490663767,8.01735802383723,119.40005034905943,58,0,0
28.832055113483257,1.9385993830614345,1,39000.096091495456,1.9008928520446107,119.17881679981039,65,1,0
23.8129745219124,3.7948206369904973,1,28775.441452510615,1.0515777672429505,63.53433131094744,36,2,2
20.111754517231564,0.6076275023697317,1,103156.19110732914,0.8562278792489284,29.02429427910675,30,1,2
45.71727069623596,3.935459053430483,1,28775.441452510615,1.0515777672429505,108.99619416384819,11,2,2
39.359686509754596,4.2490891096959365,0,35322.69639258459,6.005408126412897,12.025895979761504,31,0,1
10.628801129849478,3.185932203551291,1,80165.12727265515,7.52490822622378,18.35109732673189,33,2,1
35.882165465130626,2.0763963834354344,1,47647.56027803816,4.221740755115696,33.35659760944611,62,2,0
29.87120953720114,1.6494168619736298,0,11763.446879982217,6.780277808332093,38.659507511240946,12,0,0
18.569686593176517,3.1372374608180547,0,40332.380131094,5.279158163307079,27.771323382774824,40,0,1
38.37388736572198,3.36300038284244,1,117828.7630446812,8.80342097066443,115.46436006111172,68,2,0
34.7289857604765,3.4044957264756905,1,55345.88565175158,5.852354958518726,86.02220384754852,93,1,2
26.559950481688603,4.605219136071874,1,113157.60103143909,2.1756895310598336,60.292454430899014,97,0,2
39.359686509754596,4.2490891096959365,1,11875.099003320021,6.005408126412897,3.688163399901616,32,0,1
47.896326040341656,0.1617175067650085,1,31740.35902235114,0.3288842358192756,107.88351492095524,53,0,0
11.60959223177796,1.9402272320702743,1,80165.12727265515,7.536508316455132,18.354983083920445,93,1,0
37.87982501984258,4.367578291191987,1,92245.51719514579,7.773580343994411,52.80535751933009,36,0,1
22.732927183499854,4.57532282145453,1,119815.84135508539,1.8388514019356295,105.75262384395957,3,0,2
19.821431773224685,2.058361302944083,1,11806.84969697168,1.4244618712916441,29.11795984803114,75,1,0
25.181371396676553,3.188205666760306,1,15575.924172926603,5.114110633566579,41.48212361667916,77,0,0
46.69005814125308,1.878530363614273,1,38591.27608573196,3.44086007793344,72.23115230914391,64,1,0
37.87982501984258,4.3066308025340625,1,10604.63868159696,7.199457932260284,55.24668862809833,37,1,1
35.364802352592854,0.8689420416319027,0,61018.68517300554,9.908349826523608,32.10520767111575,74,0,2
40.075551925261365,3.683786020259758,0,26834.75707807547,7.727482371750739,21.09788316953693,36,2,1
24.377553727978793,0.612590811161694,1,96486.7609396531,4.606392633920414,114.70870371956269,21,0,1
18.980200778276984,0.04297072985177408,0,119957.34680614689,8.894861890830445,35.178072692683045,21,2,0
17.539463805548046,3.0839400595971127,1,40478.57799662768,1.6490700062158747,54.90807063451664,65,1,1
37.7678995131221,4.324915020184045,1,16308.33400879332,4.852192486925795,51.72623450013106,32,0,0
47.642878108309404,0.2118071950920032,1,31740.35902235114,0.7218650956003803,107.88351492095524,57,1,0
37.87982501984258,4.148248060702141,1,11390.963568895168,8.538587508774445,55.24668862809833,37,1,1
29.441776193130707,1.6494168619736298,0,62033.86668579526,9.93834715241018,38.96466035088644,12,0,0
23.8129745219124,3.7948206369904973,1,28775.441452510615,1.0515777672429505,63.53433131094744,36,2,0
40.075551925261365,3.976568707809185,0,26834.75707807547,8.512578764421459,21.09788316953693,36,2,1
11.538417354746514,4.2490891096959365,0,81848.82925804346,7.532416924786247,3.688163399901616,31,2,1
39.359686509754596,4.2490891096959365,0,11210.230397205964,6.005408126412897,12.025895979761504,31,0,1
45.71727069623596,3.9382834746161137,1,28775.441452510615,1.155499460503028,108.99619416384819,11,2,1
37.906323415154766,3.03086686654011,1,24153.75880274621,4.713317021606491,52.80535751933009,36,0,1
37.87982501984258,4.367578291191987,1,40478.57799662768,7.737692993237113,112.74525636849356,37,0,1
32.45414026657736,4.3066308025340625,1,2503.616307757082,7.199457932260284,115.17989298974612,21,2,1
23.612510527904384,1.5272859286024858,1,28775.441452510615,1.0515777672429505,40.37325072164785,12,2,2
30.07432929631439,1.6494168619736298,0,11108.608122750044,6.780277808332093,38.659507511240946,12,0,0
10.907120599536004,0.6499728426837976,1,105531.48733552778,0.8562278792489284,28.83152052094066,86,1,2
10.665316299796359,3.185932203551291,1,80165.12727265515,7.427459471504445,16.490404182726436,32,2,1
37.98138820941097,3.5862481894731593,0,26048.432559439534,7.474247028094418,21.09788316953693,36,2,1
28.428397389963088,1.6494168619736298,0,64867.97575554544,9.933211167166094,28.981581103933436,15,2,0
38.82731540535478,3.36300038284244,1,117828.7630446812,8.891510639464054,115.46436006111172,18,2,2
23.612510527904384,2.251258595877652,1,28775.441452510615,1.0515777672429505,108.99619416384819,8,0,2
38.69634289543403,3.185932203551291,1,33638.99517517569,5.997899427847675,33.603214617340235,33,0,1
39.359686509754596,4.2490891096959365,1,35987.58599677042,6.005408126412897,3.688163399901616,32,0,1
39.359686509754596,4.246264688510301,1,11882.750809553865,5.782036477347539,3.688163399901616,32,0,2
17.40104483189645,4.377987911885182,1,89414.442745137,7.9124556703597255,51.743896967075585,65,0,0
26.73495546354398,1.9385993830614345,1,90767.0490663767,1.9367792819582763,58.92445093121856,64,1,0
24.377553727978793,0.612590811161694,1,99992.15296475886,4.606392633920414,54.65979369283441,37,0,1
31.293833220296907,3.926692332314216,0,65909.81595789346,9.933482038214823,107.62903826360002,5,0,0
37.56477975399039,4.3408491172910395,1,16963.17276602793,4.852192486925795,54.53199774610217,32,0,0
20.11312336068613,3.1376146137919827,1,80165.12727265515,7.528538495906388,18.547756842093566,31,1,0
23.612510527904384,3.9618172770605025,1,35303.528846024215,1.037254054201352,108.99619416384819,5,2,2
43.566725022768786,4.222730886065913,0,27790.655817987674,6.005408126412897,12.025895979761504,31,0,1
29.448881148329274,1.83369506397478,1,2503.616307757082,9.931520308228468,115.17989298974612,21,2,0
47.61403304245079,2.2850107105933244,1,28775.441452510615,1.0515777672429505,108.99619416384819,11,2,2
40.075551925261365,3.130830555082214,0,26834.75707807547,8.512578764421459,21.09788316953693,13,0,1
30.16369762964343,1.6494948892735377,1,24153.75880274621,4.713317021606491,52.80535751933009,38,0,1
41.908957925782204,0.35367938947151767,1,94878.20525533099,5.824566009860717,2.207790227578881,32,1,2
11.869036300506632,4.2490891096959365,0,35798.29196698386,6.183374529938561,29.396751331245895,31,1,1
45.71727069623596,4.359473727290577,1,34750.49525025257,0.862909674216912,108.99619416384819,11,2,1
35.50511948968156,4.361102084133628,1,40478.57799662768,8.098640199164482,112.70806223361522,42,2,1
37.87982501984258,4.367578291191987,1,48058.52704857162,5.85334909964545,52.80535751933009,36,0,1
39.387648584140955,4.3268458765330085,1,11325.516210975358,6.005408126412897,51.52962597360572,40,0,1
23.612510527904384,1.4629431710928766,1,28775.441452510615,1.0515777672429505,40.37325072164785,12,2,2
39.31099968051787,4.2490891096959365,1,11882.750809553865,6.11179999630816,3.588794798750289,32,0,0
39.359686509754596,3.2155041377179043,1,4031.5204709602094,6.313616187147428,3.688163399901616,32,0,1
18.788262983883552,3.114909669871173,0,40354.975178745255,9.871034044212458,104.12546900064156,5,0,0
23.612510527904384,3.935459053430483,0,29898.289188551353,9.985558838527302,37.826562375535694,11,2,0
32.4470353113788,4.122309491801298,0,62033.86668579526,7.177329656000551,38.96466035088644,1,0,1
23.75538401777362,4.146508127043369,1,28775.441452510615,1.0515777672429505,99.58795871078154,8,0,2
30.07432929631439,1.6494168619736298,0,11303.87697523393,6.780277808332093,48.11513035945658,35,0,0
37.6138353226865,3.0307888393026037,0,11763.446879982217,6.780277808332093,38.659507511240946,12,0,0
17.56259692421063,4.246264688510301,1,17800.482833369744,0.8147727413747514,34.76202831126947,30,0,2
38.56939711874964,0.6499728426837976,1,99348.83243209842,0.6824079982745315,11.460666047629282,86,0,2
23.612510527904384,3.9919162697301758,1,29328.475048282256,1.037254054201352,108.99619416384819,5,2,2
23.612510527904384,3.923913564579826,1,28775.441452510615,0.7035258126434623,109.03338829872594,5,0,2
39.359686509754596,4.2490891096959365,1,92361.33123684861,7.79803849171924,3.688163399901616,32,0,1
37.739937438735744,4.251534806724423,0,13443.354504291054,4.779755234883834,12.222818655090055,31,0,0
23.8129745219124,3.8591622290881507,1,21464.4636561434,1.0515777672429505,63.53433131094744,31,2,0
37.61346658322712,4.3408491172910395,1,16963.17276602793,5.297533224378655,54.74483949868687,32,0,1
38.69634289543403,4.219517163623016,1,33638.99517517569,6.005206273665246,35.46024596923043,33,0,1
31.07525705603318,3.9490201232239026,0,72370.1046993671,5.4589247641380005,27.771323382774824,40,0,1
29.441776193130707,1.6494168619736298,1,60474.74944493039,0.19160756599038242,103.90069020175382,6,0,2
