bandwidth,cruise_speed,firm_obstacle,illuminance,obstacle_distance,obstacle_size,power,quality,smoke_intensity
11.16568745525148,0.5380110373942143,0,91361.47293359917,4.686273075678182,90.09215979049728,47,1,0
11.16568745525148,0.5380110373942143,0,91361.47293359917,4.686273075678182,90.09215979049728,51,1,0
11.16568745525148,0.5380110373942143,0,91361.47293359917,4.686273075678182,90.09215979049728,76,1,0
11.16568745525148,0.5380110373942143,0,91361.47293359917,4.686273075678182,90.09215979049728,95,1,0
11.16568745525148,0.5380110373942143,0,91361.47293359917,4.686273075678182,90.09215979049728,3,1,0
11.16568745525148,0.5380110373942143,0,91361.47293359917,4.686273075678182,90.09215979049728,14,1,0
11.16568745525148,0.5380110373942143,0,91361.47293359917,4.686273075678182,90.09215979049728,83,1,0
11.16568745525148,0.5380110373942143,0,91361.47293359917,4.686273075678182,90.09215979049728,95,1,0
11.16568745525148,0.5380110373942143,0,91361.47293359917,4.686273075678182,90.09215979049728,25,1,0
11.16568745525148,0.5380110373942143,0,91361.47293359917,4.686273075678182,90.09215979049728,31,1,0
11.16568745525148,0.5380110373942143,0,91361.47293359917,4.686273075678182,90.09215979049728,87,1,0
11.16568745525148,0.5380110373942143,0,91361.47293359917,4.686273075678182,90.09215979049728,42,1,0
11.16568745525148,0.5380110373942143,0,91361.47293359917,4.686273075678182,90.09215979049728,27,1,0
11.16568745525148,0.5380110373942143,0,91361.47293359917,4.686273075678182,90.09215979049728,83,1,0
11.16568745525148,0.5380110373942143,0,91361.47293359917,4.686273075678182,90.09215979049728,25,1,0
11.16568745525148,0.5380110373942143,0,91361.47293359917,4.686273075678182,90.09215979049728,41,1,0
11.16568745525148,0.5380110373942143,0,91361.47293359917,4.686273075678182,90.09215979049728,65,1,0
11.16568745525148,0.5380110373942143,0,91361.47293359917,4.686273075678182,90.09215979049728,55,1,0
11.16568745525148,0.5380110373942143,0,91361.47293359917,4.686273075678182,90.09215979049728,8,1,0
11.16568745525148,0.5380110373942143,0,91361.47293359917,4.686273075678182,90.09215979049728,2,1,0
11.16568745525148,0.5380110373942143,0,91361.47293359917,4.686273075678182,90.09215979049728,87,1,0
11.16568745525148,0.5380110373942143,0,91361.47293359917,4.686273075678182,90.09215979049728,76,1,0
11.16568745525148,0.5380110373942143,0,91361.47293359917,4.686273075678182,90.09215979049728,84,1,0
11.16568745525148,0.5380110373942143,0,91361.47293359917,4.686273075678182,90.09215979049728,54,1,0
11.16568745525148,0.5380110373942143,0,91361.47293359917,4.686273075678182,90.09215979049728,82,1,0
11.16568745525148,0.5380110373942143,0,91361.47293359917,4.686273075678182,90.09215979049728,33,1,0
11.16568745525148,0.5380110373942143,0,91361.47293359917,4.686273075678182,90.09215979049728,45,1,0
11.16568745525148,0.5380110373942143,0,91361.47293359917,4.686273075678182,90.09215979049728,79,1,0
11.16568745525148,0.5380110373942143,0,91361.47293359917,4.686273075678182,90.09215979049728,12,1,0
11.16568745525148,0.5380110373942143,0,91361.47293359917,4.686273075678182,90.09215979049728,30,1,0
19.003947756922006,2.2674894474032574,0,55253.438373184996,0.8397019401990169,32.89556812265862,86,1,2
19.003947756922006,0.6702084862358237,0,55253.438373184996,0.8397019401990169,32.89556812265862,86,1,2
19.003947756922006,2.0155649322356464,0,55253.438373184996,0.8397019401990169,32.89556812265862,86,1,2
19.003947756922006,1.017276203380748,0,55253.438373184996,0.8397019401990169,32.89556812265862,86,1,2
19.003947756922006,1.3115667022092476,0,55253.438373184996,0.8397019401990169,32.89556812265862,86,1,2
19.003947756922006,3.7518233631502627,0,55253.438373184996,0.8397019401990169,32.89556812265862,86,1,2
19.003947756922006,1.4020437899301996,0,55253.438373184996,0.8397019401990169,32.89556812265862,86,1,2
19.003947756922006,2.4259548721581754,0,55253.438373184996,0.8397019401990169,32.89556812265862,86,1,2
19.003947756922006,4.903685999006193,0,55253.438373184996,0.8397019401990169,32.89556812265862,86,1,2
19.003947756922006,4.808285968318934,0,55253.438373184996,0.8397019401990169,32.89556812265862,86,1,2
19.003947756922006,3.6239497038676682,0,55253.438373184996,0.8397019401990169,32.89556812265862,86,1,2
19.003947756922006,2.706134277737171,0,55253.438373184996,0.8397019401990169,32.89556812265862,86,1,2
19.003947756922006,1.384456020226854,0,55253.438373184996,0.8397019401990169,32.89556812265862,86,1,2
19.003947756922006,0.8032600438756343,0,55253.438373184996,0.8397019401990169,32.89556812265862,86,1,2
19.003947756922006,4.849627066080663,0,55253.438373184996,0.8397019401990169,32.89556812265862,86,1,2
19.003947756922006,2.5803429277393937,0,55253.438373184996,0.8397019401990169,32.89556812265862,86,1,2
19.003947756922006,0.5793280623538516,0,55253.438373184996,0.8397019401990169,32.89556812265862,86,1,2
19.003947756922006,3.117448777687502,0,55253.438373184996,0.8397019401990169,32.89556812265862,86,1,2
19.003947756922006,3.88341557171149,0,55253.438373184996,0.8397019401990169,32.89556812265862,86,1,2
19.003947756922006,3.065016505265202,0,55253.438373184996,0.8397019401990169,32.89556812265862,86,1,2
19.003947756922006,4.586488523954514,0,55253.438373184996,0.8397019401990169,32.89556812265862,86,1,2
19.003947756922006,0.1979643833210143,0,55253.438373184996,0.8397019401990169,32.89556812265862,86,1,2
19.003947756922006,2.642946316300108,0,55253.438373184996,0.8397019401990169,32.89556812265862,86,1,2
19.003947756922006,2.2966794144270186,0,55253.438373184996,0.8397019401990169,32.89556812265862,86,1,2
19.003947756922006,0.311747895749378,0,55253.438373184996,0.8397019401990169,32.89556812265862,86,1,2
19.003947756922006,3.206640845696875,0,55253.438373184996,0.8397019401990169,32.89556812265862,86,1,2
19.003947756922006,4.263164192403284,0,55253.438373184996,0.8397019401990169,32.89556812265862,86,1,2
19.003947756922006,2.96470509052142,0,55253.438373184996,0.8397019401990169,32.89556812265862,86,1,2
19.003947756922006,1.3004872386861162,0,55253.438373184996,0.8397019401990169,32.89556812265862,86,1,2
19.003947756922006,4.1994076051570435,0,55253.438373184996,0.8397019401990169,32.89556812265862,86,1,2
30.379835260860375,4.71640230564567,0,74248.46062700811,4.992051743882594,104.78625493166886,59,2,2
30.43555537866132,4.71640230564567,0,74248.46062700811,4.992051743882594,104.78625493166886,59,2,2
40.12120830808712,4.71640230564567,0,74248.46062700811,4.992051743882594,104.78625493166886,59,2,2
15.916881431398263,4.71640230564567,0,74248.46062700811,4.992051743882594,104.78625493166886,59,2,2
42.78506876477108,4.71640230564567,0,74248.46062700811,4.992051743882594,104.78625493166886,59,2,2
37.331476240130286,4.71640230564567,0,74248.46062700811,4.992051743882594,104.78625493166886,59,2,2
41.48387766219204,4.71640230564567,0,74248.46062700811,4.992051743882594,104.78625493166886,59,2,2
17.66465036080541,4.71640230564567,0,74248.46062700811,4.992051743882594,104.78625493166886,59,2,2
42.094566445381204,4.71640230564567,0,74248.46062700811,4.992051743882594,104.78625493166886,59,2,2
17.652957042288012,4.71640230564567,0,74248.46062700811,4.992051743882594,104.78625493166886,59,2,2
13.262104694540508,4.71640230564567,0,74248.46062700811,4.992051743882594,104.78625493166886,59,2,2
44.20907897148281,4.71640230564567,0,74248.46062700811,4.992051743882594,104.78625493166886,59,2,2
44.45133984710674,4.71640230564567,0,74248.46062700811,4.992051743882594,104.78625493166886,59,2,2
45.06148385666322,4.71640230564567,0,74248.46062700811,4.992051743882594,104.78625493166886,59,2,2
28.87638877435161,4.71640230564567,0,74248.46062700811,4.992051743882594,104.78625493166886,59,2,2
20.96193554454873,4.71640230564567,0,74248.46062700811,4.992051743882594,104.78625493166886,59,2,2
10.28367314412665,4.71640230564567,0,74248.46062700811,4.992051743882594,104.78625493166886,59,2,2
35.82883582299792,4.71640230564567,0,74248.46062700811,4.992051743882594,104.78625493166886,59,2,2
38.79637534034772,4.71640230564567,0,74248.46062700811,4.992051743882594,104.78625493166886,59,2,2
43.422768660010966,4.71640230564567,0,74248.46062700811,4.992051743882594,104.78625493166886,59,2,2
21.275113094581684,4.71640230564567,0,74248.46062700811,4.992051743882594,104.78625493166886,59,2,2
18.608726686518942,4.71640230564567,0,74248.46062700811,4.992051743882594,104.78625493166886,59,2,2
35.57325520266352,4.71640230564567,0,74248.46062700811,4.992051743882594,104.78625493166886,59,2,2
42.20219332580039,4.71640230564567,0,74248.46062700811,4.992051743882594,104.78625493166886,59,2,2
48.54683491379883,4.71640230564567,0,74248.46062700811,4.992051743882594,104.78625493166886,59,2,2
16.0209932168471,4.71640230564567,0,74248.46062700811,4.992051743882594,104.78625493166886,59,2,2
29.28849552797346,4.71640230564567,0,74248.46062700811,4.992051743882594,104.78625493166886,59,2,2
45.78863448784694,4.71640230564567,0,74248.46062700811,4.992051743882594,104.78625493166886,59,2,2
26.90867627781749,4.71640230564567,0,74248.46062700811,4.992051743882594,104.78625493166886,59,2,2
33.58008248336192,4.71640230564567,0,74248.46062700811,4.992051743882594,104.78625493166886,59,2,2
23.39592831512938,0.43422473486691093,1,73265.21861678651,7.623932531521881,110.36855912700398,15,2,1
23.39592831512938,0.43422473486691093,1,73265.21861678651,7.623932531521881,110.36855912700398,15,0,1
23.39592831512938,0.43422473486691093,1,73265.21861678651,7.623932531521881,110.36855912700398,15,1,1
23.39592831512938,0.43422473486691093,1,73265.21861678651,7.623932531521881,110.36855912700398,15,2,1
23.39592831512938,0.43422473486691093,1,73265.21861678651,7.623932531521881,110.36855912700398,15,1,1
23.39592831512938,0.43422473486691093,1,73265.21861678651,7.623932531521881,110.36855912700398,15,2,1
23.39592831512938,0.43422473486691093,1,73265.21861678651,7.623932531521881,110.36855912700398,15,2,1
23.39592831512938,0.43422473486691093,1,73265.21861678651,7.623932531521881,110.36855912700398,15,2,1
23.39592831512938,0.43422473486691093,1,73265.21861678651,7.623932531521881,110.36855912700398,15,1,1
23.39592831512938,0.43422473486691093,1,73265.21861678651,7.623932531521881,110.36855912700398,15,2,1
23.39592831512938,0.43422473486691093,1,73265.21861678651,7.623932531521881,110.36855912700398,15,0,1
23.39592831512938,0.43422473486691093,1,73265.21861678651,7.623932531521881,110.36855912700398,15,1,1
23.39592831512938,0.43422473486691093,1,73265.21861678651,7.623932531521881,110.36855912700398,15,0,1
23.39592831512938,0.43422473486691093,1,73265.21861678651,7.623932531521881,110.36855912700398,15,0,1
23.39592831512938,0.43422473486691093,1,73265.21861678651,7.623932531521881,110.36855912700398,15,2,1
23.39592831512938,0.43422473486691093,1,73265.21861678651,7.623932531521881,110.36855912700398,15,2,1
23.39592831512938,0.43422473486691093,1,73265.21861678651,7.623932531521881,110.36855912700398,15,2,1
23.39592831512938,0.43422473486691093,1,73265.21861678651,7.623932531521881,110.36855912700398,15,0,1
23.39592831512938,0.43422473486691093,1,73265.21861678651,7.623932531521881,110.36855912700398,15,2,1
23.39592831512938,0.43422473486691093,1,73265.21861678651,7.623932531521881,110.36855912700398,15,2,1
23.39592831512938,0.43422473486691093,1,73265.21861678651,7.623932531521881,110.36855912700398,15,0,1
23.39592831512938,0.43422473486691093,1,73265.21861678651,7.623932531521881,110.36855912700398,15,0,1
23.39592831512938,0.43422473486691093,1,73265.21861678651,7.623932531521881,110.36855912700398,15,2,1
23.39592831512938,0.43422473486691093,1,73265.21861678651,7.623932531521881,110.36855912700398,15,2,1
23.39592831512938,0.43422473486691093,1,73265.21861678651,7.623932531521881,110.36855912700398,15,1,1
23.39592831512938,0.43422473486691093,1,73265.21861678651,7.623932531521881,110.36855912700398,15,0,1
23.39592831512938,0.43422473486691093,1,73265.21861678651,7.623932531521881,110.36855912700398,15,0,1
23.39592831512938,0.43422473486691093,1,73265.21861678651,7.623932531521881,110.36855912700398,15,1,1
23.39592831512938,0.43422473486691093,1,73265.21861678651,7.623932531521881,110.36855912700398,15,2,1
23.39592831512938,0.43422473486691093,1,73265.21861678651,7.623932531521881,110.36855912700398,15,0,1
22.098554994366737,2.451986156723371,0,82972.79075191784,5.264768593948169,91.39000414267261,8,0,2
22.098554994366737,2.451986156723371,0,21461.482505797656,5.264768593948169,91.39000414267261,8,0,2
22.098554994366737,2.451986156723371,0,47574.889219549696,5.264768593948169,91.39000414267261,8,0,2
22.098554994366737,2.451986156723371,0,738.7184291533943,5.264768593948169,91.39000414267261,8,0,2
22.098554994366737,2.451986156723371,0,31528.865741502177,5.264768593948169,91.39000414267261,8,0,2
22.098554994366737,2.451986156723371,0,50565.81015490548,5.264768593948169,91.39000414267261,8,0,2
22.098554994366737,2.451986156723371,0,12746.31155541064,5.264768593948169,91.39000414267261,8,0,2
22.098554994366737,2.451986156723371,0,75993.86712654548,5.264768593948169,91.39000414267261,8,0,2
22.098554994366737,2.451986156723371,0,45675.695415588416,5.264768593948169,91.39000414267261,8,0,2
22.098554994366737,2.451986156723371,0,87046.26081162562,5.264768593948169,91.39000414267261,8,0,2
22.098554994366737,2.451986156723371,0,78477.76668776458,5.264768593948169,91.39000414267261,8,0,2
22.098554994366737,2.451986156723371,0,51769.96078333764,5.264768593948169,91.39000414267261,8,0,2
22.098554994366737,2.451986156723371,0,104083.76785683821,5.264768593948169,91.39000414267261,8,0,2
22.098554994366737,2.451986156723371,0,75870.92869532004,5.264768593948169,91.39000414267261,8,0,2
22.098554994366737,2.451986156723371,0,97240.51127867163,5.264768593948169,91.39000414267261,8,0,2
22.098554994366737,2.451986156723371,0,41041.69508385596,5.264768593948169,91.39000414267261,8,0,2
22.098554994366737,2.451986156723371,0,65258.56798862794,5.264768593948169,91.39000414267261,8,0,2
22.098554994366737,2.451986156723371,0,23587.77433836582,5.264768593948169,91.39000414267261,8,0,2
22.098554994366737,2.451986156723371,0,119537.0971666306,5.264768593948169,91.39000414267261,8,0,2
22.098554994366737,2.451986156723371,0,29216.127098187,5.264768593948169,91.39000414267261,8,0,2
22.098554994366737,2.451986156723371,0,30853.821368563244,5.264768593948169,91.39000414267261,8,0,2
22.098554994366737,2.451986156723371,0,8819.881084020279,5.264768593948169,91.39000414267261,8,0,2
22.098554994366737,2.451986156723371,0,30966.06215484852,5.264768593948169,91.39000414267261,8,0,2
22.098554994366737,2.451986156723371,0,91584.89876398463,5.264768593948169,91.39000414267261,8,0,2
22.098554994366737,2.451986156723371,0,83759.31273914244,5.264768593948169,91.39000414267261,8,0,2
22.098554994366737,2.451986156723371,0,15475.638549567646,5.264768593948169,91.39000414267261,8,0,2
22.098554994366737,2.451986156723371,0,45173.570631314185,5.264768593948169,91.39000414267261,8,0,2
22.098554994366737,2.451986156723371,0,50533.730498310855,5.264768593948169,91.39000414267261,8,0,2
22.098554994366737,2.451986156723371,0,79811.5101935808,5.264768593948169,91.39000414267261,8,0,2
22.098554994366737,2.451986156723371,0,54733.23840672812,5.264768593948169,91.39000414267261,8,0,2
22.659243534898103,4.302609556244545,1,75386.44534443054,3.8878275623626966,23.726790528473746,81,0,0
22.659243534898103,4.302609556244545,1,75386.44534443054,3.8878275623626966,23.726790528473746,81,0,1
22.659243534898103,4.302609556244545,1,75386.44534443054,3.8878275623626966,23.726790528473746,81,0,1
22.659243534898103,4.302609556244545,1,75386.44534443054,3.8878275623626966,23.726790528473746,81,0,2
22.659243534898103,4.302609556244545,1,75386.44534443054,3.8878275623626966,23.726790528473746,81,0,2
22.659243534898103,4.302609556244545,1,75386.44534443054,3.8878275623626966,23.726790528473746,81,0,2
22.659243534898103,4.302609556244545,1,75386.44534443054,3.8878275623626966,23.726790528473746,81,0,1
22.659243534898103,4.302609556244545,1,75386.44534443054,3.8878275623626966,23.726790528473746,81,0,1
22.659243534898103,4.302609556244545,1,75386.44534443054,3.8878275623626966,23.726790528473746,81,0,0
22.659243534898103,4.302609556244545,1,75386.44534443054,3.8878275623626966,23.726790528473746,81,0,1
22.659243534898103,4.302609556244545,1,75386.44534443054,3.8878275623626966,23.726790528473746,81,0,1
22.659243534898103,4.302609556244545,1,75386.44534443054,3.8878275623626966,23.726790528473746,81,0,1
22.659243534898103,4.302609556244545,1,75386.44534443054,3.8878275623626966,23.726790528473746,81,0,0
22.659243534898103,4.302609556244545,1,75386.44534443054,3.8878275623626966,23.726790528473746,81,0,0
22.659243534898103,4.302609556244545,1,75386.44534443054,3.8878275623626966,23.726790528473746,81,0,0
22.659243534898103,4.302609556244545,1,75386.44534443054,3.8878275623626966,23.726790528473746,81,0,0
22.659243534898103,4.302609556244545,1,75386.44534443054,3.8878275623626966,23.726790528473746,81,0,1
22.659243534898103,4.302609556244545,1,75386.44534443054,3.8878275623626966,23.726790528473746,81,0,0
22.659243534898103,4.302609556244545,1,75386.44534443054,3.8878275623626966,23.726790528473746,81,0,0
22.659243534898103,4.302609556244545,1,75386.44534443054,3.8878275623626966,23.726790528473746,81,0,0
22.659243534898103,4.302609556244545,1,75386.44534443054,3.8878275623626966,23.726790528473746,81,0,2
22.659243534898103,4.302609556244545,1,75386.44534443054,3.8878275623626966,23.726790528473746,81,0,0
22.659243534898103,4.302609556244545,1,75386.44534443054,3.8878275623626966,23.726790528473746,81,0,2
22.659243534898103,4.302609556244545,1,75386.44534443054,3.8878275623626966,23.726790528473746,81,0,1
22.659243534898103,4.302609556244545,1,75386.44534443054,3.8878275623626966,23.726790528473746,81,0,0
22.659243534898103,4.302609556244545,1,75386.44534443054,3.8878275623626966,23.726790528473746,81,0,2
22.659243534898103,4.302609556244545,1,75386.44534443054,3.8878275623626966,23.726790528473746,81,0,2
22.659243534898103,4.302609556244545,1,75386.44534443054,3.8878275623626966,23.726790528473746,81,0,2
22.659243534898103,4.302609556244545,1,75386.44534443054,3.8878275623626966,23.726790528473746,81,0,0
22.659243534898103,4.302609556244545,1,75386.44534443054,3.8878275623626966,23.726790528473746,81,0,2
46.72284805667251,4.154965274595898,0,32972.089307698916,7.304976635536315,91.1122200647496,18,1,0
46.72284805667251,4.154965274595898,0,32972.089307698916,7.304976635536315,71.63852766285078,18,1,0
46.72284805667251,4.154965274595898,0,32972.089307698916,7.304976635536315,110.12307086050953,18,1,0
46.72284805667251,4.154965274595898,0,32972.089307698916,7.304976635536315,82.75561865364972,18,1,0
46.72284805667251,4.154965274595898,0,32972.089307698916,7.304976635536315,60.042771688424516,18,1,0
46.72284805667251,4.154965274595898,0,32972.089307698916,7.304976635536315,9.25005702006465,18,1,0
46.72284805667251,4.154965274595898,0,32972.089307698916,7.304976635536315,58.61390725026286,18,1,0
46.72284805667251,4.154965274595898,0,32972.089307698916,7.304976635536315,25.53971944084012,18,1,0
46.72284805667251,4.154965274595898,0,32972.089307698916,7.304976635536315,15.923555705614469,18,1,0
46.72284805667251,4.154965274595898,0,32972.089307698916,7.304976635536315,60.727790703524754,18,1,0
46.72284805667251,4.154965274595898,0,32972.089307698916,7.304976635536315,94.21023511163509,18,1,0
46.72284805667251,4.154965274595898,0,32972.089307698916,7.304976635536315,35.40077313666234,18,1,0
46.72284805667251,4.154965274595898,0,32972.089307698916,7.304976635536315,92.25261118909998,18,1,0
46.72284805667251,4.154965274595898,0,32972.089307698916,7.304976635536315,63.07554277947049,18,1,0
46.72284805667251,4.154965274595898,0,32972.089307698916,7.304976635536315,17.885762804485505,18,1,0
46.72284805667251,4.154965274595898,0,32972.089307698916,7.304976635536315,115.79612927756828,18,1,0
46.72284805667251,4.154965274595898,0,32972.089307698916,7.304976635536315,48.1963468666221,18,1,0
46.72284805667251,4.154965274595898,0,32972.089307698916,7.304976635536315,35.42811067952349,18,1,0
46.72284805667251,4.154965274595898,0,32972.089307698916,7.304976635536315,101.63980447604756,18,1,0
46.72284805667251,4.154965274595898,0,32972.089307698916,7.304976635536315,14.93523990185758,18,1,0
46.72284805667251,4.154965274595898,0,32972.089307698916,7.304976635536315,88.03085532884441,18,1,0
46.72284805667251,4.154965274595898,0,32972.089307698916,7.304976635536315,22.5389691078562,18,1,0
46.72284805667251,4.154965274595898,0,32972.089307698916,7.304976635536315,47.09901312150989,18,1,0
46.72284805667251,4.154965274595898,0,32972.089307698916,7.304976635536315,27.827985415456613,18,1,0
46.72284805667251,4.154965274595898,0,32972.089307698916,7.304976635536315,100.94735912308643,18,1,0
46.72284805667251,4.154965274595898,0,32972.089307698916,7.304976635536315,46.808946232783406,18,1,0
46.72284805667251,4.154965274595898,0,32972.089307698916,7.304976635536315,116.96313754587472,18,1,0
46.72284805667251,4.154965274595898,0,32972.089307698916,7.304976635536315,75.03137812981281,18,1,0
46.72284805667251,4.154965274595898,0,32972.089307698916,7.304976635536315,83.23474016434983,18,1,0
46.72284805667251,4.154965274595898,0,32972.089307698916,7.304976635536315,62.5830146558901,18,1,0
11.708949096970315,0.0739826702849311,1,28887.79698060638,3.0896819907559117,101.25495138515356,4,0,0
11.708949096970315,0.0739826702849311,1,28887.79698060638,3.955564210524287,101.25495138515356,4,0,0
11.708949096970315,0.0739826702849311,1,28887.79698060638,9.409341876619017,101.25495138515356,4,0,0
11.708949096970315,0.0739826702849311,1,28887.79698060638,2.0120320072466447,101.25495138515356,4,0,0
11.708949096970315,0.0739826702849311,1,28887.79698060638,9.882189012202122,101.25495138515356,4,0,0
11.708949096970315,0.0739826702849311,1,28887.79698060638,7.583058620038185,101.25495138515356,4,0,0
11.708949096970315,0.0739826702849311,1,28887.79698060638,3.5978692649261026,101.25495138515356,4,0,0
11.708949096970315,0.0739826702849311,1,28887.79698060638,6.415135895056033,101.25495138515356,4,0,0
11.708949096970315,0.0739826702849311,1,28887.79698060638,3.8098153929308753,101.25495138515356,4,0,0
11.708949096970315,0.0739826702849311,1,28887.79698060638,3.8149293263992003,101.25495138515356,4,0,0
11.708949096970315,0.0739826702849311,1,28887.79698060638,5.038029501945296,101.25495138515356,4,0,0
11.708949096970315,0.0739826702849311,1,28887.79698060638,0.16722821635377083,101.25495138515356,4,0,0
11.708949096970315,0.0739826702849311,1,28887.79698060638,4.935715599433962,101.25495138515356,4,0,0
11.708949096970315,0.0739826702849311,1,28887.79698060638,9.71598413446888,101.25495138515356,4,0,0
11.708949096970315,0.0739826702849311,1,28887.79698060638,2.8546522878557843,101.25495138515356,4,0,0
11.708949096970315,0.0739826702849311,1,28887.79698060638,7.482179590766122,101.25495138515356,4,0,0
11.708949096970315,0.0739826702849311,1,28887.79698060638,4.42788890070495,101.25495138515356,4,0,0
11.708949096970315,0.0739826702849311,1,28887.79698060638,2.092810426177855,101.25495138515356,4,0,0
11.708949096970315,0.0739826702849311,1,28887.79698060638,9.050025708181295,101.25495138515356,4,0,0
11.708949096970315,0.0739826702849311,1,28887.79698060638,0.16827284680212995,101.25495138515356,4,0,0
11.708949096970315,0.0739826702849311,1,28887.79698060638,3.035089265995107,101.25495138515356,4,0,0
11.708949096970315,0.0739826702849311,1,28887.79698060638,9.990258823239376,101.25495138515356,4,0,0
11.708949096970315,0.0739826702849311,1,28887.79698060638,2.621467961899895,101.25495138515356,4,0,0
11.708949096970315,0.0739826702849311,1,28887.79698060638,8.49044521859272,101.25495138515356,4,0,0
11.708949096970315,0.0739826702849311,1,28887.79698060638,6.0568314865570425,101.25495138515356,4,0,0
11.708949096970315,0.0739826702849311,1,28887.79698060638,8.060357075271236,101.25495138515356,4,0,0
11.708949096970315,0.0739826702849311,1,28887.79698060638,6.303177554434782,101.25495138515356,4,0,0
11.708949096970315,0.0739826702849311,1,28887.79698060638,3.6269685705784838,101.25495138515356,4,0,0
11.708949096970315,0.0739826702849311,1,28887.79698060638,7.607887845834825,101.25495138515356,4,0,0
11.708949096970315,0.0739826702849311,1,28887.79698060638,0.2648454890397234,101.25495138515356,4,0,0
16.326715265001074,2.5784746637875378,0,64324.73505915997,3.124827520662199,39.3735017730914,33,2,2
16.326715265001074,2.5784746637875378,0,64324.73505915997,3.124827520662199,39.3735017730914,33,2,2
16.326715265001074,2.5784746637875378,0,64324.73505915997,3.124827520662199,39.3735017730914,33,2,2
16.326715265001074,2.5784746637875378,0,64324.73505915997,3.124827520662199,39.3735017730914,33,2,2
16.326715265001074,2.5784746637875378,1,64324.73505915997,3.124827520662199,39.3735017730914,33,2,2
16.326715265001074,2.5784746637875378,0,64324.73505915997,3.124827520662199,39.3735017730914,33,2,2
16.326715265001074,2.5784746637875378,1,64324.73505915997,3.124827520662199,39.3735017730914,33,2,2
16.326715265001074,2.5784746637875378,0,64324.73505915997,3.124827520662199,39.3735017730914,33,2,2
16.326715265001074,2.5784746637875378,0,64324.73505915997,3.124827520662199,39.3735017730914,33,2,2
16.326715265001074,2.5784746637875378,0,64324.73505915997,3.124827520662199,39.3735017730914,33,2,2
16.326715265001074,2.5784746637875378,0,64324.73505915997,3.124827520662199,39.3735017730914,33,2,2
16.326715265001074,2.5784746637875378,1,64324.73505915997,3.124827520662199,39.3735017730914,33,2,2
16.326715265001074,2.5784746637875378,0,64324.73505915997,3.124827520662199,39.3735017730914,33,2,2
16.326715265001074,2.5784746637875378,0,64324.73505915997,3.124827520662199,39.3735017730914,33,2,2
16.326715265001074,2.5784746637875378,1,64324.73505915997,3.124827520662199,39.3735017730914,33,2,2
16.326715265001074,2.5784746637875378,1,64324.73505915997,3.124827520662199,39.3735017730914,33,2,2
16.326715265001074,2.5784746637875378,1,64324.73505915997,3.124827520662199,39.3735017730914,33,2,2
16.326715265001074,2.5784746637875378,1,64324.73505915997,3.124827520662199,39.3735017730914,33,2,2
16.326715265001074,2.5784746637875378,0,64324.73505915997,3.124827520662199,39.3735017730914,33,2,2
16.326715265001074,2.5784746637875378,1,64324.73505915997,3.124827520662199,39.3735017730914,33,2,2
16.326715265001074,2.5784746637875378,0,64324.73505915997,3.124827520662199,39.3735017730914,33,2,2
16.326715265001074,2.5784746637875378,1,64324.73505915997,3.124827520662199,39.3735017730914,33,2,2
16.326715265001074,2.5784746637875378,0,64324.73505915997,3.124827520662199,39.3735017730914,33,2,2
16.326715265001074,2.5784746637875378,1,64324.73505915997,3.124827520662199,39.3735017730914,33,2,2
16.326715265001074,2.5784746637875378,0,64324.73505915997,3.124827520662199,39.3735017730914,33,2,2
16.326715265001074,2.5784746637875378,0,64324.73505915997,3.124827520662199,39.3735017730914,33,2,2
16.326715265001074,2.5784746637875378,0,64324.73505915997,3.124827520662199,39.3735017730914,33,2,2
16.326715265001074,2.5784746637875378,1,64324.73505915997,3.124827520662199,39.3735017730914,33,2,2
16.326715265001074,2.5784746637875378,1,64324.73505915997,3.124827520662199,39.3735017730914,33,2,2
16.326715265001074,2.5784746637875378,0,64324.73505915997,3.124827520662199,39.3735017730914,33,2,2
30.379835260860375,2.2674894474032574,0,82972.79075191784,3.0896819907559117,91.1122200647496,47,2,0
30.43555537866132,0.6702084862358237,0,21461.482505797656,3.955564210524287,71.63852766285078,51,0,1
40.12120830808712,2.0155649322356464,0,47574.889219549696,9.409341876619017,110.12307086050953,76,1,1
15.916881431398263,1.017276203380748,0,738.7184291533943,2.0120320072466447,82.75561865364972,95,2,2
42.78506876477108,1.3115667022092476,1,31528.865741502177,9.882189012202122,60.042771688424516,3,1,2
37.331476240130286,3.7518233631502627,0,50565.81015490548,7.583058620038185,9.25005702006465,14,2,2
41.48387766219204,1.4020437899301996,1,12746.31155541064,3.5978692649261026,58.61390725026286,83,2,1
17.66465036080541,2.4259548721581754,0,75993.86712654548,6.415135895056033,25.53971944084012,95,2,1
42.094566445381204,4.903685999006193,0,45675.695415588416,3.8098153929308753,15.923555705614469,25,1,0
17.652957042288012,4.808285968318934,0,87046.26081162562,3.8149293263992003,60.727790703524754,31,2,1
13.262104694540508,3.6239497038676682,0,78477.76668776458,5.038029501945296,94.21023511163509,87,0,1
44.20907897148281,2.706134277737171,1,51769.96078333764,0.16722821635377083,35.40077313666234,42,1,1
44.45133984710674,1.384456020226854,0,104083.76785683821,4.935715599433962,92.25261118909998,27,0,0
45.06148385666322,0.8032600438756343,0,75870.92869532004,9.71598413446888,63.07554277947049,83,0,0
28.87638877435161,4.849627066080663,1,97240.51127867163,2.8546522878557843,17.885762804485505,25,2,0
20.96193554454873,2.5803429277393937,1,41041.69508385596,7.482179590766122,115.79612927756828,41,2,0
10.28367314412665,0.5793280623538516,1,65258.56798862794,4.42788890070495,48.1963468666221,65,2,1
35.82883582299792,3.117448777687502,1,23587.77433836582,2.092810426177855,35.42811067952349,55,0,0
38.79637534034772,3.88341557171149,0,119537.0971666306,9.050025708181295,101.63980447604756,8,2,0
43.422768660010966,3.065016505265202,1,29216.127098187,0.16827284680212995,14.93523990185758,2,2,0
21.275113094581684,4.586488523954514,0,30853.821368563244,3.035089265995107,88.03085532884441,87,0,2
18.608726686518942,0.1979643833210143,1,8819.881084020279,9.990258823239376,22.5389691078562,76,0,0
35.57325520266352,2.642946316300108,0,30966.06215484852,2.621467961899895,47.09901312150989,84,2,2
42.20219332580039,2.2966794144270186,1,91584.89876398463,8.49044521859272,27.827985415456613,54,2,1
48.54683491379883,0.311747895749378,0,83759.31273914244,6.0568314865570425,100.94735912308643,82,1,0
16.0209932168471,3.206640845696875,0,15475.638549567646,8.060357075271236,46.808946232783406,33,0,2
29.28849552797346,4.263164192403284,0,45173.570631314185,6.303177554434782,116.96313754587472,45,0,2
45.78863448784694,2.96470509052142,1,50533.730498310855,3.6269685705784838,75.03137812981281,79,1,2
26.90867627781749,1.3004872386861162,1,79811.5101935808,7.607887845834825,83.23474016434983,12,2,0
33.58008248336192,4.1994076051570435,0,54733.23840672812,0.2648454890397234,62.5830146558901,30,0,2
39.11280325201112,4.854675796319771,0,118773.90821493971,9.050025708181295,17.904701892861347,8,2,0
39.05762551891973,2.0155649322356464,0,42914.102305625594,3.6221162174684007,110.12307086050953,76,1,2
27.27466176947737,2.292228967556862,0,104083.76785683821,4.935715599433962,91.11399329333142,27,0,0
17.312671447956735,2.4259548721581754,0,68347.20900782026,6.415135895056033,35.45442733654574,95,2,1
15.916881431398263,0.307737045698589,0,80157.09626965362,2.0120320072466447,82.75561865364972,95,2,2
16.0209932168471,3.31755688441756,0,13420.913386735621,8.060357075271236,46.808946232783406,41,0,2
45.60464177820464,2.2966794144270186,1,91584.89876398463,9.04224790175428,27.827985415456613,53,2,1
35.57325520266352,2.642946316300108,0,30966.06215484852,2.621467961899895,47.09901312150989,83,2,2
41.58289797502262,0.7663300280176707,1,23287.565616810083,2.092810426177855,58.8376445355801,55,0,1
37.331476240130286,3.717054076837682,0,50565.81015490548,7.583058620038185,9.25005702006465,14,2,2
33.58008248336192,4.027683480486983,0,54733.23840672812,0.2648454890397234,60.26855082746549,31,0,2
43.01881353036815,3.065016505265202,1,30907.602597118796,0.16827284680212995,15.011201794401813,2,2,0
26.62866086729932,0.5793280623538516,1,62369.747180624,7.6665680784800365,48.1963468666221,65,2,1
28.559960858233165,3.8780917592065673,1,97805.71493559386,2.8546522878557843,101.62139141055656,25,2,0
45.51409568180714,2.96470509052142,1,50533.730498310855,9.409388490320538,74.66039334996384,79,1,1
47.93108709695646,1.3597165000807783,0,82972.79075191784,3.0896819907559117,92.25083796051814,47,2,0
43.781665449829006,2.813740495008509,1,51769.96078333764,0.16722821635377083,25.486065240956762,42,1,1
48.54683491379883,0.813494313718316,0,5467.154630747951,6.1570447745350965,100.94735912308643,82,1,0
29.28849552797346,4.263164192403284,0,45173.570631314185,6.303177554434782,117.17671974412391,44,0,2
21.682030793680436,2.5803429277393937,1,41041.69508385596,6.806249980025035,115.79612927756828,38,2,0
42.78506876477108,0.9955582551374554,1,31528.865741502177,9.882189012202122,60.042771688424516,3,1,2
21.275113094581684,4.950834180586578,0,30853.821368563244,3.035089265995107,93.75401835243736,87,0,2
35.7298155101172,3.184313015028331,1,13046.520277620799,3.5978692649261026,35.20437339432422,89,2,0
17.652957042288012,4.842495864643566,0,92963.64852823067,3.8149293263992003,71.76677164008129,31,2,1
12.89201077432488,4.191156462475318,0,78477.76668776458,5.038029501945296,94.21023511163509,86,0,1
20.341293423162416,0.1979643833210143,1,7128.806026880016,9.990258823239376,22.46300721531293,76,0,0
10.735379968270944,1.3791510336571517,1,80537.44646012619,4.578535638983547,83.23474016434983,12,2,0
28.91489762619299,0.9532864101913594,1,2461.384373272711,2.8546522878557843,17.885762804485505,25,2,0
17.66465036080541,2.770953574450889,1,75993.86712654548,6.415135895056033,25.53971944084012,95,2,1
15.87838016237757,4.87640820493146,0,86814.18558580888,2.0120320072466447,82.75561865364972,95,2,2
28.58340309006012,3.8514476866229526,1,97805.71493559386,2.744797796387784,101.62139141055656,25,2,0
28.535694003628088,1.017276203380748,1,738.7184291533943,4.228239317895117,82.75561865364972,20,2,0
16.696611008530695,0.6604238442097969,0,15475.638549567646,8.060357075271236,73.96726257557229,51,0,2
40.73984519061519,0.7663300280176707,1,23628.13596543532,7.599204718751707,50.85829666047348,51,0,1
10.735379968270944,1.3544981405119514,1,88135.73204707389,4.586299631012218,83.23474016434983,12,2,0
43.01881353036815,3.065016505265202,1,31464.541013223712,0.16827284680212995,12.89683149483448,13,2,0
42.86058336206843,3.450652434446508,0,50565.81015490548,9.89472130173771,9.434463925222921,22,1,2
18.93759731585186,0.813494313718316,0,5467.154630747951,6.1570447745350965,116.34911336734801,84,1,0
42.79974592536884,2.813740495008509,0,51769.96078333764,4.288491015376078,26.021928790613657,40,1,1
20.341293423162416,3.1367794846180126,1,8078.917158328628,9.848676075747276,14.904124683127032,0,0,0
21.524045559102095,0.307737045698589,0,29955.928011642016,3.0433110917857404,82.75561865364972,95,0,2
15.189399360564398,0.9955582551374554,1,27340.55222578019,2.514085895482714,81.55657721541039,3,1,2
37.331476240130286,3.839952526697544,0,50565.81015490548,7.583058620038185,14.65405222504518,14,2,2
14.926680366324263,4.227401216383342,0,86382.27468569521,3.8667365978443726,62.42851091495151,31,2,1
15.93497201432172,3.164830146657568,0,54733.23840672812,0.2648454890397234,65.6982222070171,31,0,2
21.658588561860295,2.606986998268545,1,41041.69508385596,6.916104570955154,115.79612927756828,41,2,0
16.29609112827917,0.9532864101913594,0,2461.384373272711,1.9837529433620698,17.885762804485505,98,2,2
29.759949894413282,3.1376873975421566,0,21461.482505797656,3.955564210524287,44.4802113201277,33,0,1
26.90867627781749,1.3004872386861162,1,79470.99808424187,2.101499860393117,83.23474016434983,0,2,0
27.27466176947737,2.3168818607137847,0,106203.5478054593,4.927951607405292,91.11399329333142,27,0,0
29.28849552797346,4.263164192403284,0,44117.05576611766,6.303177554434782,117.79284180527924,44,0,2
37.25596164264462,1.3115667022092476,1,31528.865741502177,7.557645046026624,59.863848423808065,3,2,2
49.61917805144846,2.5803429277393937,1,41041.69508385596,7.375429549008017,94.08368638333864,41,2,0
43.78943484349707,4.903685999006193,1,45675.695415588416,0.059295698185948265,15.387692156065622,25,1,0
43.422768660010966,0.14423348192354246,1,28266.129059265688,0.19743760999489823,22.494122434044584,82,2,0
15.667948972163817,4.586488523954514,0,80207.98995042751,2.00381018145622,88.03085532884441,87,2,2
43.265484494601196,4.87640820493146,0,86814.18558580888,9.301003777856602,61.24181312663884,94,2,2
28.87638877435161,4.761197288148496,1,97240.51127867163,1.675584222065449,19.18681562117635,4,2,0
33.58008248336192,4.78028886844939,0,55397.22452356895,0.24952819165154105,59.961101267338314,30,0,2
33.623879701297156,3.31755688441756,0,13420.913386735621,8.060357075271236,46.808946232783406,41,0,2
10.735379968270944,1.3791510336571517,1,80537.44646012619,4.578535638983547,83.23474016434983,12,2,2
15.93497201432172,3.164830146657568,0,54107.96770300546,0.2648454890397234,64.1532302485304,31,0,2
45.010564832050164,3.065016505265202,1,30907.602597118796,0.16711421362687862,15.005649728700174,2,2,0
49.26703888088823,2.566514900905103,1,97240.51127867163,6.933574258714261,19.18681562117635,4,2,0
20.47888497588696,3.147632823218685,1,41408.83544729466,9.778918239801857,115.79612927756828,38,0,0
15.199978629229363,1.3092580249926413,1,16195.121589878785,7.323180186730881,73.931957719378,52,2,2
47.5080381118193,0.813494313718316,0,4288.573276117197,6.1570447745350965,100.94735912308643,82,1,0
29.041354725453587,0.9532864101913594,1,31565.46430453521,2.865248325122286,19.633723252680902,23,2,0
15.767737928250616,1.1847989786757327,1,738.7184291533943,4.664825401682573,82.7338617544598,20,2,0
16.0209932168471,2.9877229390212,0,13420.913386735621,0.31891673025064726,46.808946232783406,41,0,2
28.152047055383754,3.1376873975421566,0,21461.482505797656,3.955564210524287,44.4802113201277,33,0,1
37.25596164264462,1.3588739765597286,1,45561.71968507208,7.557645046026624,59.863848423808065,8,2,2
33.541839315365735,4.293174298709523,0,54733.23840672812,0.2648454890397234,62.5830146558901,30,0,2
43.01881353036815,3.065016505265202,1,31464.541013223712,0.16827284680212995,14.765178023838326,13,2,0
33.58008248336192,4.027683480486983,0,54733.23840672812,0.2648454890397234,60.26855082746549,31,0,0
25.032895054146337,4.263164192403284,0,54594.85315259325,6.303177554434782,118.18092003887125,42,0,2
43.79473459152058,2.813740495008509,1,63493.462698037954,0.16838684952902216,21.554408653719076,42,1,1
29.01998099480084,4.813905328626184,1,41041.69508385596,2.1174833733946987,103.74063614093687,41,2,0
23.432686463982673,2.5076629396103063,1,7713.461739581013,6.865433925065688,14.904124683127032,0,2,0
31.294065997185395,0.6516530582585857,0,79093.88354836876,8.062053513389433,83.27004502054413,11,0,0
16.785113858195167,4.0604391250521,0,81747.44970587558,1.755693700478857,88.03085532884441,87,2,2
21.148655995403637,4.586488523954514,0,1867.897656384208,3.024493228728605,86.28428870694339,85,0,2
27.95737459021719,1.0171152349863044,1,27340.55222578019,2.341577938388979,81.57833411460031,3,1,2
43.422768660010966,3.704525664670287,1,29216.127098187,7.980417794612798,14.93523990185758,2,2,0
43.78943484349707,4.829886012363846,1,31642.841472018867,0.16556718063969855,15.387692156065622,25,1,0
14.926680366324263,4.227401216383342,0,86382.27468569521,3.8667365978443726,62.42851091495151,29,2,1
39.55575655376024,4.894054561993443,0,44141.83497181935,3.8098153929308753,15.923555705614469,25,1,0
25.765555242810805,1.3004872386861162,1,79470.99808424187,2.101499860393117,83.23474016434983,0,2,0
43.42554720251281,2.807423075841255,1,51769.96078333764,5.7674537907191805,32.50996425491607,49,1,1
48.902216080985006,0.8198140039565801,0,4415.896094231935,0.9064346281931417,97.60172474586993,85,1,0
49.61917805144846,2.5803429277393937,1,21464.549108005933,7.42454590036355,95.30560126133128,3,2,0
33.58008248336192,4.027683480486983,1,56612.5624211949,0.2648454890397234,65.69416522914062,31,0,0
25.765555242810805,1.3004872386861162,1,79470.99808424187,2.015915977692867,83.23474016434983,2,2,0
14.926680366324263,4.507338162434908,0,85981.34430109167,3.8667365978443726,62.42851091495151,31,2,1
20.895120253364624,4.769061939372289,1,97395.49828214306,1.675584222065449,19.18681562117635,39,2,0
15.667948972163817,4.518629010210627,0,80207.98995042751,0.40105193352283997,88.03085532884441,87,2,2
30.330646280657604,3.1376873975421566,0,20995.866886619453,3.955564210524287,44.4802113201277,33,0,1
43.763046166195984,3.1387694890342424,1,29407.939657288436,0.16546497219599238,15.383643375690694,2,1,0
41.5426321577266,0.7674103876188019,0,31565.46430453521,3.771224584597959,19.633723252680902,25,2,0
27.91860930824398,0.8152222811350982,1,20557.145925029265,2.341577938388979,104.02544033255478,3,1,2
16.0209932168471,3.319581835517948,1,16125.723268658687,7.665346644956332,46.808946232783406,2,2,2
26.90867627781749,1.3098173330935265,1,29318.02624960808,0.17881746885919803,13.28302556615322,0,2,0
20.341293423162416,3.1367794846180126,1,8078.917158328628,9.563201413298499,16.02920094303427,0,0,0
49.26703888088823,2.566514900905103,1,97240.51127867163,9.85321892640249,8.952648153934856,27,0,0
21.367368623121372,4.586488523954514,0,30853.821368563244,3.035089265995107,88.03085532884441,87,0,2
43.18070478488061,3.704525664670287,1,30179.651806261434,7.629995272765428,14.93523990185758,48,2,0
15.767737928250616,1.1847989786757327,0,545.0845724768478,4.664825401682573,81.07265995104537,24,2,0
43.422768660010966,3.065016505265202,1,29216.127098187,0.5966036649472541,14.93523990185758,0,2,0
14.926680366324263,4.227401216383342,0,86382.27468569521,3.8667365978443726,62.42851091495151,28,2,1
29.66329931523335,2.5803429277393937,1,40886.62985212532,6.806249980025035,115.79612927756828,3,2,0
43.01881353036815,3.1328551641953526,1,31464.541013223712,1.7725055754461176,14.765178023838326,7,2,0
44.40713518782047,1.3115667022092476,1,29812.889998806524,9.882189012202122,50.48478596727362,3,1,2
45.03695350935126,4.9918286769334985,1,33422.12529312188,0.1672164220705848,15.009698509075102,34,2,0
29.593288441796417,4.8244618816937175,1,45675.695415588416,2.903839133455203,11.836889925101264,23,1,0
29.058746276774052,4.925987937375469,1,41504.75597261377,2.1174833733946987,74.60843459467569,41,2,0
23.432686463982673,2.5076629396103063,0,7063.3771053679775,6.865433925065688,14.904124683127032,32,0,0
43.01881353036815,2.710982810807404,1,81060.58116397246,2.0932948397317492,84.97409635481185,2,2,0
28.535694003628088,1.017276203380748,1,3985.171435972521,4.475014186851302,81.63355905640321,20,2,0
20.47888497588696,2.8110367546911816,1,41408.83544729466,6.84019621838648,119.1190083179238,5,2,0
31.506962909093605,0.7565029360012755,0,77855.94437800186,8.199484708047894,83.27004502054413,11,0,0
30.379835260860375,2.2674894474032574,0,82972.79075191784,3.0896819907559117,91.1122200647496,47,2,0
30.43555537866132,0.6702084862358237,0,21461.482505797656,3.955564210524287,71.63852766285078,51,0,1
40.12120830808712,2.0155649322356464,0,47574.889219549696,9.409341876619017,110.12307086050953,76,1,1
15.916881431398263,1.017276203380748,0,738.7184291533943,2.0120320072466447,82.75561865364972,95,2,2
42.78506876477108,1.3115667022092476,1,31528.865741502177,9.882189012202122,60.042771688424516,3,1,2
37.331476240130286,3.7518233631502627,0,50565.81015490548,7.583058620038185,9.25005702006465,14,2,2
41.48387766219204,1.4020437899301996,1,12746.31155541064,3.5978692649261026,58.61390725026286,83,2,1
17.66465036080541,2.4259548721581754,0,75993.86712654548,6.415135895056033,25.53971944084012,95,2,1
42.094566445381204,4.903685999006193,0,45675.695415588416,3.8098153929308753,15.923555705614469,25,1,0
17.652957042288012,4.808285968318934,0,87046.26081162562,3.8149293263992003,60.727790703524754,31,2,1
13.262104694540508,3.6239497038676682,0,78477.76668776458,5.038029501945296,94.21023511163509,87,0,1
44.20907897148281,2.706134277737171,1,51769.96078333764,0.16722821635377083,35.40077313666234,42,1,1
44.45133984710674,1.384456020226854,0,104083.76785683821,4.935715599433962,92.25261118909998,27,0,0
45.06148385666322,0.8032600438756343,0,75870.92869532004,9.71598413446888,63.07554277947049,83,0,0
28.87638877435161,4.849627066080663,1,97240.51127867163,2.8546522878557843,17.885762804485505,25,2,0
20.96193554454873,2.5803429277393937,1,41041.69508385596,7.482179590766122,115.79612927756828,41,2,0
10.28367314412665,0.5793280623538516,1,65258.56798862794,4.42788890070495,48.1963468666221,65,2,1
35.82883582299792,3.117448777687502,1,23587.77433836582,2.092810426177855,35.42811067952349,55,0,0
38.79637534034772,3.88341557171149,0,119537.0971666306,9.050025708181295,101.63980447604756,8,2,0
43.422768660010966,3.065016505265202,1,29216.127098187,0.16827284680212995,14.93523990185758,2,2,0
21.275113094581684,4.586488523954514,0,30853.821368563244,3.035089265995107,88.03085532884441,87,0,2
18.608726686518942,0.1979643833210143,1,8819.881084020279,9.990258823239376,22.5389691078562,76,0,0
35.57325520266352,2.642946316300108,0,30966.06215484852,2.621467961899895,47.09901312150989,84,2,2
42.20219332580039,2.2966794144270186,1,91584.89876398463,8.49044521859272,27.827985415456613,54,2,1
48.54683491379883,0.311747895749378,0,83759.31273914244,6.0568314865570425,100.94735912308643,82,1,0
16.0209932168471,3.206640845696875,0,15475.638549567646,8.060357075271236,46.808946232783406,33,0,2
29.28849552797346,4.263164192403284,0,45173.570631314185,6.303177554434782,116.96313754587472,45,0,2
45.78863448784694,2.96470509052142,1,50533.730498310855,3.6269685705784838,75.03137812981281,79,1,2
26.90867627781749,1.3004872386861162,1,79811.5101935808,7.607887845834825,83.23474016434983,12,2,0
33.58008248336192,4.1994076051570435,0,54733.23840672812,0.2648454890397234,62.5830146558901,30,0,2
17.652957042288012,4.7967627141465154,0,87046.26081162562,3.8149293263992003,82.14446920326971,12,2,1
17.64148864028597,2.4259548721581754,0,37076.2229838267,6.415135895056033,10.977296771391025,95,2,2
35.57325520266352,3.881486727271138,0,30966.06215484852,2.621467961899895,47.974703311045864,91,2,2
44.45133984710674,1.384456020226854,0,99422.8027392414,4.935715599433962,89.8921475929023,27,0,0
31.0303465683684,4.1994076051570435,0,54733.23840672812,0.2648454890397234,62.5830146558901,30,0,2
35.715979954762865,3.117448777687502,1,23587.77433836582,2.092810426177855,38.09039439901161,57,0,0
18.79896460211539,4.679701231126531,0,28658.40466376612,3.035089265995107,35.90132237984639,85,0,2
42.72659942674024,1.7518113119747452,1,31449.12556375643,3.742984114187664,65.61916266067155,83,2,1
16.0209932168471,3.206640845696875,0,15475.638549567646,8.060357075271236,46.808946232783406,33,0,0
18.608726686518942,0.1979643833210143,1,8819.881084020279,9.990258823239376,22.5389691078562,75,0,0
32.48848164282364,0.2099479655274823,0,21461.482505797656,3.5420694075458212,71.63852766285078,83,0,1
42.19982996059842,4.933513090480428,0,45675.695415588416,8.87795337544339,16.11715206595951,25,2,0
20.96193554454873,4.843040119607112,1,41041.69508385596,7.482179590766122,113.72417479466628,41,2,0
15.670157941539516,1.017276203380748,0,738.7184291533943,6.132659633295619,82.75561865364972,93,2,2
26.90867627781749,1.3011028504048665,1,79811.5101935808,7.607887845834825,61.81806166457862,31,2,0
45.80524658572915,2.96470509052142,1,76707.17145204979,3.386177393617494,85.95270493416365,79,1,1
38.79637534034772,2.6448751593888282,0,119166.23604794731,9.050025708181295,100.76389592099329,8,2,0
45.57806592225495,0.8032600438756343,0,75870.92869532004,9.71598413446888,63.07554277947049,83,0,0
40.979268684547144,2.0155649322356464,0,47574.889219549696,9.409341876619017,110.12307086050953,76,1,1
13.262104694540508,3.423955106910233,0,78477.76668776458,5.138245697062854,94.21023511163509,86,0,1
46.65793451652257,2.612151094404411,1,52296.33374898192,0.16722821635377083,87.5303046433924,44,1,1
38.838628557257,1.4901557082745205,1,12826.052062726503,9.676814057961256,60.08657327849393,3,1,2
10.075554845877415,0.5793280623538516,1,65258.56798862794,5.766148134918479,48.1963468666221,59,2,1
30.379835260860375,2.2674894474032574,0,82972.79075191784,3.0896819907559117,91.1122200647496,47,2,2
37.331476240130286,3.7518233631502627,0,50565.81015490548,8.07477947264383,14.987823227445553,17,2,2
49.55792097672852,0.28778231737611903,0,97405.04877199195,6.126894291662158,100.94735912308643,50,1,0
42.09692981058318,2.2296513646369984,1,91584.89876398463,3.4216477287880847,27.634389055273985,54,1,1
28.87638877435161,2.603013266820616,1,95879.83637864438,2.8546522878557843,19.54502222269653,25,2,0
30.86418589286911,4.263164192403284,0,45173.570631314185,2.1825514834556445,117.67785816952788,45,0,2
26.90867627781749,1.3270884425977,1,41973.23495291293,7.607887845834825,119.06100555863851,12,2,0
38.42518822069818,1.3115667022092476,1,39250.745127607166,9.980577881781603,77.07489474993926,3,2,2
14.497622589670854,4.1994076051570435,0,54733.23840672812,7.893520827347788,62.53492244665842,30,0,2
26.90867627781749,1.5259595702536937,1,79100.68684116384,4.928889363952784,97.37520719396092,31,0,1
25.900341742266626,4.6740153764162296,1,46935.87027803076,7.607887845834825,13.242668416287454,12,2,0
27.044165459142906,4.38003924599613,1,41909.76251864436,7.379129891795441,116.96313754587472,45,0,2
28.377367060072437,2.603013266820616,1,41008.65093658614,2.8546522878557843,19.54502222269653,41,2,0
35.618103631702034,2.1824150171069774,1,51239.02874645598,0.16722821635377083,36.61605304274718,44,1,1
18.608726686518942,4.663606415187072,1,86924.50105155024,3.6669475696550684,23.8732544131386,79,0,0
43.398588232277106,4.884034203111446,1,45675.695415588416,0.06646738113994033,15.057689772574593,25,2,0
14.790472445607012,0.1979643833210143,1,22441.128308174277,9.995744714698683,22.5389691078562,76,0,0
10.283126738242494,0.5806251087432771,1,65258.56798862794,3.978424316741525,48.1963468666221,59,2,1
15.82996595442914,3.206640845696875,0,19963.705698129692,4.96625949831551,46.808946232783406,33,0,0
31.485740749104753,2.636498646960273,1,51769.96078333764,0.1105860119707891,60.04886420816668,28,0,1
12.816384835342678,3.423955106910233,0,42836.11745495899,5.1346382980933996,94.21023511163509,86,0,1
38.838628557257,1.4854112483531363,1,10090.660009769817,2.9154803198532324,60.08657327849393,3,1,1
10.28367314412665,0.5793280623538516,1,65258.56798862794,4.013099238001031,49.461807237784186,65,1,1
33.58042779654035,3.206640845696875,0,15475.638549567646,0.4759930435197042,46.857038442015096,27,0,2
13.262104694540508,3.6239497038676682,0,78477.76668776458,7.717027970107694,61.747100236425915,87,2,0
42.27727572062334,1.505908995325757,0,95642.67659067684,3.8098153929308753,74.83775555371743,25,1,0
27.50015490670336,1.2820777983818665,0,45237.04306558275,7.607887845834825,119.06100555863851,10,2,0
21.46095725889276,4.748493290324215,1,95912.8442226358,7.238013177132995,113.72417479466628,24,2,0
46.75567067648102,3.361413251127269,1,24645.07941531344,2.092810426177855,89.00464217237207,61,0,0
17.983416633582543,0.3318102817469448,0,8989.727402169527,9.752961872417242,80.81029069375901,14,2,1
42.36283185582728,3.1043708451812693,0,28757.444535888397,9.305747667066253,16.521641859419837,2,2,0
34.436013490274426,3.117448777687502,1,9966.527815273845,2.092810426177855,35.42811067952349,54,0,0
30.659500058361765,0.6689114398463983,0,21461.482505797656,5.743288028701276,71.63852766285078,51,0,1
44.64129308605693,1.384456020226854,0,99422.8027392414,8.029813058531225,88.24535077151918,27,0,0
43.75367684011444,4.269041619149025,0,54733.23840672812,0.2648454890397234,37.93492358480984,30,1,2
20.96193554454873,2.5803429277393937,1,76683.34431725637,7.485786989301712,115.79612927756828,41,2,0
42.09692981058318,2.234395824558484,1,94391.72273015612,9.929383650539263,27.634389055273985,54,1,2
32.57206937954328,3.1020565369869026,1,51769.96078333764,0.1105860119707891,15.175229846737489,28,2,1
42.094566445381204,0.6385801294951112,1,46402.62545389784,4.003245865754927,15.923555705614469,25,1,1
38.42518822069818,1.3115667022092476,1,36279.94223151938,9.838131018471877,77.07489474993926,3,2,0
27.67195655371618,1.5259595702536937,1,81077.1271588999,4.871437332074721,60.31431536859304,31,0,1
16.0209932168471,3.206640845696875,0,15475.638549567646,8.060357075271236,62.329288820906356,35,0,0
18.55415271942482,0.21698927286892802,1,8819.881084020279,9.956063186920689,22.419073633705437,76,0,0
27.847363151361076,1.281910110163036,0,45647.656630180056,7.607887845834825,59.98860251596973,10,2,0
16.554801209898294,4.199032867501619,0,59837.73967443061,7.918381863218064,114.44754748878933,30,0,2
10.075554845877415,1.57090074594685,1,65258.56798862794,5.766148134918479,48.1963468666221,27,2,1
27.044165459142906,4.38003924599613,1,41909.76251864436,7.379129891795441,117.96614269440013,1,0,0
26.90867627781749,1.3270884425977,1,41977.13157175848,7.6082221355775355,119.06100555863851,16,2,0
41.5534287037783,4.855391938169755,0,49342.278066836676,8.87795337544339,20.6445568625231,53,2,0
37.65776410060732,2.492787672693764,1,12902.225142537634,9.676814057961256,118.52533828308259,4,2,2
25.75043583703483,1.2913483968589945,1,46344.585998438706,8.091383493786939,10.957682857825745,12,2,0
15.82996595442914,0.5871264367981268,0,19854.838545979863,4.476836338200819,73.89049753507878,51,0,0
43.663227181866276,2.599458615238573,1,29216.127098187,0.16827284680212995,57.49231877820289,2,0,0
10.28367314412665,4.53872770580562,0,64531.63795031875,3.8196687651769796,49.461807237784186,65,1,0
28.377367060072437,2.603013266820616,1,41008.65093658614,2.8634879946347547,19.54502222269653,41,2,2
38.07534827381016,1.4854112483531363,1,8186.914413335093,3.0016986218522685,97.1474633709075,3,1,1
10.28367314412665,0.5603032332830188,1,65043.63797958182,4.283045823071291,48.316242388766284,65,2,1
42.43785504434547,1.3117343904280783,1,31118.25217690587,9.882189012202122,118.45441609269963,3,1,2
30.112336396963236,4.263538930058709,0,45042.844669537495,6.278316518505576,64.90106120247877,55,0,2
44.95246502358036,0.5927698469989189,0,87214.36185356867,4.026676048716156,89.8921475929023,59,0,0
42.36283185582728,3.1043708451812693,0,25926.794786452825,9.253402051982729,13.788564273492852,48,2,2
20.96193554454873,4.970696527550186,1,41037.798465010404,7.481845301023411,113.72417479466628,41,2,0
35.08241474485997,2.6754050777823806,1,6321.811219035531,2.370461365907002,35.42811067952349,26,0,0
22.142800099294178,1.5777109633301474,1,40965.536420818076,7.482179590766122,56.224226299840836,46,1,0
27.05858218304929,4.679524283047521,1,80402.79447033175,7.607887845834825,85.55086684058992,12,2,0
30.43555537866132,3.2899382795341845,0,21570.349657947485,4.776881867374987,40.427738426408894,33,0,1
42.36283185582728,2.667349458534768,1,80042.32987663613,9.305747667066253,17.9856518390884,11,2,0
10.075554845877415,0.5793280623538516,1,55815.62038550733,5.766148134918479,48.1963468666221,59,2,1
42.094566445381204,4.938209338273185,0,45675.695415588416,3.8098153929308753,15.923555705614469,25,1,0
27.44715066683455,4.38003924599613,1,41909.76251864436,7.391907802266233,117.96614269440013,1,0,0
27.60577549605364,1.3320478595863285,1,13409.371965807048,4.029738194313639,72.21383812297576,16,2,0
33.509608786886844,1.5414681458688273,1,55588.24980418927,0.07451502917591468,5.827369883188545,3,1,1
15.82996595442914,3.206640845696875,0,19963.705698129692,4.96625949831551,48.97976606106242,33,0,0
37.65776410060732,2.492787672693764,0,28508.595050905573,9.676814057961256,114.3451499882312,4,2,2
27.05858218304929,4.679524283047521,1,80402.79447033175,9.927335899774885,85.55086684058992,12,2,0
20.373947027105217,4.843040119607112,1,41041.69508385596,3.371705898008262,59.26367470555367,41,2,0
26.849736342493927,1.2913483968589945,1,41952.11537159402,8.091383493786939,0.21084602663110985,12,2,0
43.422768660010966,4.962634328717092,1,29216.127098187,0.02098581442034364,14.93523990185758,2,2,0
41.924928787779336,1.4901557082745205,1,75233.476566964,9.676814057961256,60.08657327849393,9,2,1
26.313355162512025,2.2961729426990973,1,47149.87527168129,0.17929224280258138,0.4093688617584119,12,2,0
36.373368544936916,1.5658442516623792,1,42195.28738905246,7.585405747797961,56.224226299840836,46,1,0
43.663227181866276,2.599458615238573,0,29216.127098187,0.16827284680212995,57.49231877820289,60,0,0
35.279214758817204,2.6100332746827632,1,6321.811219035531,2.6841628232156016,35.42811067952349,26,0,0
15.6180151076133,3.206640845696875,0,15475.638549567646,8.628641530258184,46.808946232783406,33,0,2
30.43555537866132,0.6543375916062982,0,44342.1862374221,7.534048068803008,118.03779327963149,50,0,1
38.07534827381016,3.0459996407069947,1,4490.170745574982,3.07927309026634,107.00413567895822,28,2,1
42.78506876477108,1.3115667022092476,1,32630.316509223227,9.882189012202122,60.042771688424516,3,1,2
42.36283185582728,3.1043708451812693,1,13151.074675471787,9.114820729022783,19.59008135455708,2,2,0
42.43785504434547,1.3117343904280783,1,36267.38592708056,7.534533393745584,118.45441609269963,3,1,2
39.426617621941325,1.6598881036553799,1,5316.4733236503625,7.2516881771354,114.48138717236954,3,1,1
24.747361662454786,1.130050846920259,1,46365.70557975761,7.607887845834825,119.19151385629607,5,2,0
20.96193554454873,3.2048042268695274,1,41037.798465010404,7.720042461587646,113.72417479466628,41,2,0
10.011042385696403,1.57090074594685,1,7285.898181863879,5.766148134918479,48.1963468666221,26,1,2
32.43510941990659,4.743009465852857,1,51555.95578968711,7.628522806419097,65.16847161476967,29,0,1
24.19461972541426,1.3234334138770159,1,36279.94223151938,9.730491262557434,68.7990352229991,2,2,0
15.82996595442914,0.5871264367981268,1,19854.838545979863,4.476836338200819,73.89049753507878,0,0,0
42.022765307889514,1.6921471371476249,0,42178.78265478088,3.95183890806127,19.186347345506153,25,2,0
30.379835260860375,2.2674894474032574,0,82972.79075191784,3.0896819907559117,91.1122200647496,47,2,0
30.43555537866132,0.6702084862358237,0,21461.482505797656,3.955564210524287,71.63852766285078,51,0,1
40.12120830808712,2.0155649322356464,0,47574.889219549696,9.409341876619017,110.12307086050953,76,1,1
15.916881431398263,1.017276203380748,0,738.7184291533943,2.0120320072466447,82.75561865364972,95,2,2
42.78506876477108,1.3115667022092476,1,31528.865741502177,9.882189012202122,60.042771688424516,3,1,2
37.331476240130286,3.7518233631502627,0,50565.81015490548,7.583058620038185,9.25005702006465,14,2,2
41.48387766219204,1.4020437899301996,1,12746.31155541064,3.5978692649261026,58.61390725026286,83,2,1
17.66465036080541,2.4259548721581754,0,75993.86712654548,6.415135895056033,25.53971944084012,95,2,1
42.094566445381204,4.903685999006193,0,45675.695415588416,3.8098153929308753,15.923555705614469,25,1,0
17.652957042288012,4.808285968318934,0,87046.26081162562,3.8149293263992003,60.727790703524754,31,2,1
13.262104694540508,3.6239497038676682,0,78477.76668776458,5.038029501945296,94.21023511163509,87,0,1
44.20907897148281,2.706134277737171,1,51769.96078333764,0.16722821635377083,35.40077313666234,42,1,1
44.45133984710674,1.384456020226854,0,104083.76785683821,4.935715599433962,92.25261118909998,27,0,0
45.06148385666322,0.8032600438756343,0,75870.92869532004,9.71598413446888,63.07554277947049,83,0,0
28.87638877435161,4.849627066080663,1,97240.51127867163,2.8546522878557843,17.885762804485505,25,2,0
20.96193554454873,2.5803429277393937,1,41041.69508385596,7.482179590766122,115.79612927756828,41,2,0
10.28367314412665,0.5793280623538516,1,65258.56798862794,4.42788890070495,48.1963468666221,65,2,1
35.82883582299792,3.117448777687502,1,23587.77433836582,2.092810426177855,35.42811067952349,55,0,0
38.79637534034772,3.88341557171149,0,119537.0971666306,9.050025708181295,101.63980447604756,8,2,0
43.422768660010966,3.065016505265202,1,29216.127098187,0.16827284680212995,14.93523990185758,2,2,0
21.275113094581684,4.586488523954514,0,30853.821368563244,3.035089265995107,88.03085532884441,87,0,2
18.608726686518942,0.1979643833210143,1,8819.881084020279,9.990258823239376,22.5389691078562,76,0,0
35.57325520266352,2.642946316300108,0,30966.06215484852,2.621467961899895,47.09901312150989,84,2,2
42.20219332580039,2.2966794144270186,1,91584.89876398463,8.49044521859272,27.827985415456613,54,2,1
48.54683491379883,0.311747895749378,0,83759.31273914244,6.0568314865570425,100.94735912308643,82,1,0
16.0209932168471,3.206640845696875,0,15475.638549567646,8.060357075271236,46.808946232783406,33,0,2
29.28849552797346,4.263164192403284,0,45173.570631314185,6.303177554434782,116.96313754587472,45,0,2
45.78863448784694,2.96470509052142,1,50533.730498310855,3.6269685705784838,75.03137812981281,79,1,2
26.90867627781749,1.3004872386861162,1,79811.5101935808,7.607887845834825,83.23474016434983,12,2,0
33.58008248336192,4.1994076051570435,0,54733.23840672812,0.2648454890397234,62.5830146558901,30,0,2
30.379835260860375,2.2674894474032574,1,82634.33600296783,3.0896819907559117,93.76416163013222,75,2,0
35.57325520266352,2.6519486411695934,0,30966.06215484852,2.621467961899895,92.16613032988054,84,2,1
21.275113094581684,1.3794236976945609,0,106216.48861446136,5.030712014973113,88.03085532884441,91,0,2
41.14143829576533,3.88341557171149,0,119537.0971666306,9.050025708181295,101.63980447604756,1,2,0
10.178354637951635,0.5793280623538516,1,65258.56798862794,4.42788890070495,34.45787138660672,65,2,1
29.18155777231722,1.3627042919481747,1,79811.5101935808,7.607887845834825,116.78237515670808,9,2,0
18.17186491453304,1.7582394220223194,0,46036.34688558364,3.9698431433962695,108.66448478388409,33,1,1
42.20219332580039,2.2966794144270186,1,92072.62033447111,8.557854798313997,117.46609978325105,54,2,0
16.24462061654013,1.1253862991943735,0,564.3858847580523,2.0120320072466447,82.75561865364972,95,2,2
42.094566445381204,4.903685999006193,0,45675.695415588416,3.8098153929308753,15.923555705614469,85,1,0
41.550625130087425,2.5886962724077316,1,31528.865741502177,4.0210315305087025,60.042771688424516,50,1,2
45.482754710129775,3.2267047536292757,1,15475.638549567646,3.6842964938598417,74.5560268900808,31,0,2
35.82883582299792,3.113561629685724,1,23587.77433836582,2.092810426177855,100.87665999567554,55,1,0
43.422768660010966,3.065016505265202,1,29216.127098187,0.16827284680212995,10.574752786730546,2,1,1
37.4192517609107,3.7438305946053316,0,50565.81015490548,7.583058620038185,9.25005702006465,14,2,0
18.608726686518942,0.1979643833210143,0,8819.881084020279,9.992101326941565,22.5389691078562,48,0,0
13.262104694540508,3.6149473789904034,0,79004.0662463456,5.038029501945296,49.14311303140714,87,0,2
45.13403793425958,4.590131697028267,0,28706.467934902408,2.9400928504851187,92.25261118909998,27,0,0
15.027977046361066,2.4259548721581754,0,75993.86712654548,6.415135895056033,25.53971944084012,95,2,1
41.48387766219204,1.0855865249151027,1,12746.31155541064,4.936128793191569,58.61390725026286,87,2,1
27.01561403347373,4.2008795596653865,0,50909.424238072665,6.303177554434782,83.37793199947721,43,0,2
43.26167377907988,4.94808418041332,0,88584.80259324037,9.25053410762894,59.862874720852744,74,2,1
25.522357960953187,2.5803429277393937,1,40553.96576435515,7.3013426268554795,24.935473180826243,36,2,1
33.58008248336192,4.091246311530421,0,56533.5841066726,0.2648454890397234,62.5830146558901,30,0,2
45.06148385666322,0.8032600438756343,0,75870.92869532004,9.781308688175974,67.06237150975444,23,0,0
30.948844929917733,0.6537186938419279,0,23972.569599328577,9.730458382994673,71.63852766285078,4,0,1
16.320363902015444,2.944641182589019,0,50533.730498310855,8.14215815498948,47.284297472496874,81,1,2
48.54683491379883,0.4248813994523506,0,81226.93986962798,6.0568314865570425,35.49815149502424,82,0,0
46.421230923960536,2.706134277737171,1,51769.96078333764,0.16722821635377083,34.231694123494535,42,2,0
28.78861325351498,4.857074663376312,1,97240.51127867163,2.8546522878557843,17.885762804485505,25,2,2
18.608726686518942,0.46484867913566685,1,8819.881084020279,9.9972839925301,22.88813092678154,48,0,1
39.8643637388235,0.9899258816597474,1,50413.11198757141,7.606549045486025,85.73535127083947,12,2,0
30.301713743087113,0.21901450551736024,1,8798.602550437783,9.990258823239376,22.5389691078562,75,2,0
27.01561403347373,4.150960000750741,0,50909.424238072665,6.303177554434782,83.37793199947721,99,2,2
33.348177248928955,4.1622881483922365,0,55719.38171049702,9.827691367351711,66.78567577059701,30,0,0
29.28849552797346,4.263164192403284,0,38538.268256366515,3.703976742152477,76.7193584179862,45,0,2
26.39547192794156,4.903332110497451,0,45675.695415588416,2.754703895849663,24.911927793347896,25,1,1
18.159762798373745,2.5833661751619945,1,45634.54415383388,7.482179590766122,115.79612927756828,41,2,0
37.4192517609107,3.7438305946053316,0,23298.9680496191,7.583058620038185,9.25005702006465,4,0,0
10.786996079613518,4.847180455186395,1,65317.442913826555,4.42788890070495,48.1963468666221,65,2,1
10.178354637951635,0.5793280623538516,1,60549.724370783144,4.903240283835588,46.811477760305735,65,0,1
41.550625130087425,2.9086142324916913,1,21805.86914540379,4.0210315305087025,60.657742892751514,50,1,2
42.17561090196363,3.065016505265202,1,29213.522021407858,2.579228269922454,6.7902534134461,23,2,0
35.62622489419806,3.0919021017878103,1,857.6797123391584,1.11546994893083,100.87665999567554,55,1,0
42.78301111444205,2.9993865663440564,1,29216.127098187,0.16827284680212995,10.574752786730546,2,1,1
44.20907897148281,2.2256898536293592,0,51769.96078333764,0.16722821635377083,35.051611317743614,42,1,0
23.136730963272417,3.7518233631502627,0,79964.20836052691,7.584397420386985,6.906901331168626,14,2,2
18.686848303428796,2.2483956726837517,1,82695.26466151202,3.0896819907559117,93.76416163013222,77,0,0
16.24462061654013,1.1253862991943735,0,564.3858847580523,2.0120320072466447,82.75561865364972,40,0,2
45.29336396576557,0.8403776799605214,0,74371.35898597591,0.46931639841524486,62.85971039504753,23,0,2
45.482754710129775,3.2267047536292757,1,15475.638549567646,6.283497306142937,114.72791492078215,31,0,2
41.22144736237321,2.5678886259234814,1,40553.96576435515,7.3013426268554795,9.954050688246998,36,2,0
20.974037660708028,1.7552161745997632,0,41443.49781560572,3.9698431433962695,108.66448478388409,33,1,1
30.948844929917733,0.9958494490963724,0,48642.485182444354,9.730458382994673,71.63852766285078,14,2,1
29.85633383720673,0.5033483767158522,1,97181.63600135545,2.8546522878557843,17.885762804485505,25,2,0
16.0209932168471,3.206640845696875,0,15475.638549567646,8.58547016332895,34.20150896600438,33,2,2
35.82883582299792,3.136318361390738,1,23758.29246256479,2.092810426177855,34.81313947571361,55,0,0
45.13403793425958,4.590131697028267,0,28709.073011681554,0.08276189177502791,99.7306336064455,1,0,0
16.11966709840554,1.0389363496119954,0,23567.273398849095,2.0050773916494267,82.75561865364972,95,2,2
44.895517790831796,1.3771966520979668,1,30542.347031512825,9.882189012202122,60.042771688424516,7,1,2
41.39940860188345,4.267765184686687,0,54733.23840672812,0.2648454890397234,62.5830146558901,30,0,0
43.3336456412578,0.5793280623538516,1,65781.01824273127,4.42788890070495,34.99391100151167,63,1,1
29.28849552797346,4.263164192403284,1,44149.15287612638,3.9888411461200604,116.96313754587472,45,0,2
45.173486157330245,3.124511449950598,1,16046.64472918923,6.386158956433764,114.0914923977465,4,0,2
21.222847081334386,0.9958494490963724,0,41354.32173965444,9.538934007584613,107.74686218937721,14,1,1
39.8643637388235,0.9776244657206425,1,50355.26055700691,9.81094857902073,85.73535127083947,12,2,0
18.608603221981074,2.5345570829284685,1,8851.22088605668,9.99488945866302,115.79612927756828,41,2,1
45.496116629868546,0.8032600438756343,0,75870.92869532004,9.921574677926465,67.06237150975444,28,0,0
18.092408922716253,0.1979643833210143,0,8674.963744202036,9.992101326941565,21.605777075818015,48,0,2
42.78301111444205,2.9993865663440564,1,29216.127098187,1.2065920641698469,10.574752786730546,2,1,0
11.412329175736915,0.5460377071374786,0,1754.1217729458695,4.903240283835588,51.23305130252456,65,0,2
41.550625130087425,2.2848206981519614,0,32243.692956181087,4.020591883698747,60.042771688424516,50,1,2
43.48968929119663,3.065016505265202,1,29278.678462810756,0.16827284680212995,14.93523990185758,1,0,0
37.4192517609107,3.7438305946053316,0,23298.9680496191,7.583058620038185,9.25005702006465,37,0,0
26.50556011999839,4.900243486272115,1,96222.29515688434,2.8546522878557843,11.197836898318522,26,2,0
35.132062683876214,2.9966587533514253,1,29213.522021407858,2.579228269922454,6.7902534134461,23,2,2
10.82107238736041,3.065016505265202,1,28693.677099254877,0.16827284680212995,10.038759575619174,5,2,1
44.671340638754124,3.2267047536292757,0,24372.695733428623,5.99863290217518,74.5560268900808,31,0,2
31.258018377881136,0.3755117575086423,0,23972.569599328577,9.62272620615267,72.25510728487225,31,0,1
30.70003551051238,1.7552161745997632,0,48731.66125839564,4.1398961545845445,72.55588652377017,33,2,1
44.895517790831796,0.997204981399689,1,30600.198462131746,7.670491793854032,60.042771688424516,11,1,2
18.15988626291161,0.46484867913566685,1,48178.19138362433,7.3984372125328965,12.822550582589791,50,0,0
25.086343220587743,2.5248136820298095,1,40553.96576435515,7.121883096582296,24.935473180826243,36,2,1
27.53193182854658,4.2008795596653865,0,51057.432477093906,5.770046773119865,84.31142564717995,43,0,0
45.13403793425958,4.590131697028267,0,28706.467934902408,2.8725027525835567,92.84992329487895,27,0,1
16.247533263918672,1.1586766557753274,1,60230.25124792134,2.0120320072466447,83.18781001520566,38,0,1
18.17186491453304,1.0815174205247922,1,45321.519670905196,3.9702827902062263,108.66448478388409,33,1,1
45.06711730307391,4.590131697028267,0,28709.073011681554,0.08276189177502791,99.7306336064455,2,2,0
20.96193554454873,2.5803429277393937,1,41041.69508385596,7.145231434063899,115.79612927756828,11,2,0
28.76630058229478,4.852715690305979,0,46693.88055714547,2.754703895849663,17.87481336700258,25,1,1
30.948844929917733,0.660039011523426,0,43373.055700853976,9.770884893121758,71.63852766285078,4,0,1
16.02574973002325,1.0845612154502988,1,60230.25124792134,1.9675264507778811,83.18781001520566,38,0,1
42.17561090196363,2.641434139154379,1,29218.393862660305,2.611852374659062,6.7902534134461,29,2,1
43.422768660010966,3.065016505265202,1,28219.66252106818,0.16827284680212995,14.93523990185758,2,1,0
43.37523053055176,3.1240281410559945,1,26725.691684736747,0.16827284680212995,15.723016172433226,2,2,1
21.93302204411404,1.6753737178781156,1,12725.496800842639,7.168285209919567,114.72791492078215,31,0,2
26.388727777288185,2.5022730619875477,1,41123.454297310105,6.860854162982647,116.63054600780063,25,2,0
44.290701172345784,0.55335274463224,1,8819.881084020279,9.99835544513638,34.69247782893041,48,0,0
18.608726686518942,0.030797249747125388,0,8819.881084020279,9.992101326941565,22.5389691078562,41,0,0
45.136521818145994,0.6869754403767616,0,28022.0995588897,9.926561653836968,68.64641566284577,28,0,1
42.89877597332759,2.9718721349968313,0,29217.64171993544,2.834730345038653,10.062160286862905,28,0,1
44.895517790831796,1.3771966520979668,1,30542.347031512825,9.882189012202122,60.042771688424516,7,1,0
17.78562139882046,2.71821191909371,1,15475.638549567646,7.3216925954751,76.4931387976082,21,0,2
39.65619310945988,2.5886962724077316,1,31222.211701567998,7.410123517060769,59.2314916389549,8,1,0
42.71091872281687,2.9993865663440564,0,29216.127098187,9.446449366748801,10.574752786730546,31,0,0
30.948844929917733,0.9310964019717938,0,48642.485182444354,9.986358713474583,71.63852766285078,15,2,1
18.608603221981074,2.6086725536692317,1,8851.22088605668,9.061968941810523,115.79612927756828,41,2,1
25.522357960953187,3.0491581321576504,1,40549.093923102744,7.268718693323525,24.935473180826243,23,2,0
20.974037660708028,1.7552161745997632,0,41883.194274464586,3.9698431433962695,108.66448478388409,33,2,1
39.91190186828175,0.9186161850879613,1,47057.760666247304,9.124192053943382,82.36325146831719,12,1,0
44.15062329430265,3.3095704578494183,0,46146.47940741903,3.9825679284247766,109.97492645907427,33,1,1
20.968679695202606,4.943259014660385,0,45593.93620213427,2.791322720591054,23.31286939408742,11,1,1
17.80593840453983,3.1237300379351653,1,29906.6195302119,0.16827284680212995,14.93523990185758,1,0,1
20.96193554454873,2.540086482100944,1,41041.69508385596,7.482179590766122,115.79612927756828,48,2,0
45.05899997277682,4.696315844187287,0,76555.3018547107,2.8725027525835567,92.84992329487895,27,0,0
45.0182730753739,4.6175647948506695,1,28704.953313153972,0.2802851087645124,92.81257732018665,2,1,0
39.8643637388235,0.9747957639917022,1,48710.01979237053,7.606549045486025,85.73535127083947,6,2,2
45.36535337033118,2.5833661751619945,1,45634.54415383388,3.673669278003871,113.82865821617932,41,2,0
37.61283492524427,3.7438305946053316,0,20867.50180037973,4.193966578434248,8.942105412744738,51,0,2
31.330110364332835,0.1999346486833279,1,23972.569599328577,1.4139847736782991,72.25510728487225,1,1,1
30.379835260860375,2.2674894474032574,0,82972.79075191784,3.0896819907559117,91.1122200647496,47,2,0
30.43555537866132,0.6702084862358237,0,21461.482505797656,3.955564210524287,71.63852766285078,51,0,1
40.12120830808712,2.0155649322356464,0,47574.889219549696,9.409341876619017,110.12307086050953,76,1,1
15.916881431398263,1.017276203380748,0,738.7184291533943,2.0120320072466447,82.75561865364972,95,2,2
42.78506876477108,1.3115667022092476,1,31528.865741502177,9.882189012202122,60.042771688424516,3,1,2
37.331476240130286,3.7518233631502627,0,50565.81015490548,7.583058620038185,9.25005702006465,14,2,2
41.48387766219204,1.4020437899301996,1,12746.31155541064,3.5978692649261026,58.61390725026286,83,2,1
17.66465036080541,2.4259548721581754,0,75993.86712654548,6.415135895056033,25.53971944084012,95,2,1
42.094566445381204,4.903685999006193,0,45675.695415588416,3.8098153929308753,15.923555705614469,25,1,0
17.652957042288012,4.808285968318934,0,87046.26081162562,3.8149293263992003,60.727790703524754,31,2,1
13.262104694540508,3.6239497038676682,0,78477.76668776458,5.038029501945296,94.21023511163509,87,0,1
44.20907897148281,2.706134277737171,1,51769.96078333764,0.16722821635377083,35.40077313666234,42,1,1
44.45133984710674,1.384456020226854,0,104083.76785683821,4.935715599433962,92.25261118909998,27,0,0
45.06148385666322,0.8032600438756343,0,75870.92869532004,9.71598413446888,63.07554277947049,83,0,0
28.87638877435161,4.849627066080663,1,97240.51127867163,2.8546522878557843,17.885762804485505,25,2,0
20.96193554454873,2.5803429277393937,1,41041.69508385596,7.482179590766122,115.79612927756828,41,2,0
10.28367314412665,0.5793280623538516,1,65258.56798862794,4.42788890070495,48.1963468666221,65,2,1
35.82883582299792,3.117448777687502,1,23587.77433836582,2.092810426177855,35.42811067952349,55,0,0
38.79637534034772,3.88341557171149,0,119537.0971666306,9.050025708181295,101.63980447604756,8,2,0
43.422768660010966,3.065016505265202,1,29216.127098187,0.16827284680212995,14.93523990185758,2,2,0
21.275113094581684,4.586488523954514,0,30853.821368563244,3.035089265995107,88.03085532884441,87,0,2
18.608726686518942,0.1979643833210143,1,8819.881084020279,9.990258823239376,22.5389691078562,76,0,0
35.57325520266352,2.642946316300108,0,30966.06215484852,2.621467961899895,47.09901312150989,84,2,2
42.20219332580039,2.2966794144270186,1,91584.89876398463,8.49044521859272,27.827985415456613,54,2,1
48.54683491379883,0.311747895749378,0,83759.31273914244,6.0568314865570425,100.94735912308643,82,1,0
16.0209932168471,3.206640845696875,0,15475.638549567646,8.060357075271236,46.808946232783406,33,0,2
29.28849552797346,4.263164192403284,0,45173.570631314185,6.303177554434782,116.96313754587472,45,0,2
45.78863448784694,2.96470509052142,1,50533.730498310855,3.6269685705784838,75.03137812981281,79,1,2
26.90867627781749,1.3004872386861162,1,79811.5101935808,7.607887845834825,83.23474016434983,12,2,0
33.58008248336192,4.1994076051570435,0,54733.23840672812,0.2648454890397234,62.5830146558901,30,0,2
18.59616391058923,0.1979643833210143,1,8819.881084020279,0.170572471053837,15.088650865655376,31,0,2
45.78863448784694,2.96470509052142,1,50533.730498310855,3.6269685705784838,75.03137812981281,76,2,1
30.379835260860375,2.2674894474032574,0,82972.79075191784,2.9063288733065753,93.76416163013222,47,2,2
44.45133984710674,1.384456020226854,0,113243.84164836223,4.935715599433962,92.25261118909998,27,0,0
35.82883582299792,4.936959833533723,1,22483.783920410868,2.109140324422049,3.3979272065227555,53,0,0
22.712824569517476,4.586488523954514,0,30853.821368563244,2.6918913024004443,88.03085532884441,87,0,2
45.06148385666322,0.8032600438756343,1,75870.92869532004,9.71598413446888,63.07554277947049,83,0,0
42.50279255109201,0.5360208740234966,1,63292.67605462565,0.16827284680212995,49.291004590867914,2,2,0
29.28849552797346,2.534623466514638,0,45173.570631314185,6.303177554434782,116.96313754587472,83,0,2
16.348732401988965,3.206640845696875,0,45720.908087529744,8.20190278423349,47.28175215765095,33,0,2
15.916881431398263,0.8981731665917131,0,48779.08172551559,9.278358889283496,83.35657711272867,76,2,2
43.85014501048815,4.834169366902467,1,97184.01123527608,2.8546522878557843,18.053219948529318,25,2,1
30.61037139254417,2.5803429277393937,1,41041.69508385596,7.556844720690417,115.79612927756828,39,2,0
41.48387766219204,1.4020437899301996,1,12824.124860320262,3.5862965021336004,82.98064743423649,83,2,1
33.59264644215714,4.1994076051570435,0,54733.23840672812,9.928826595899839,62.5830146558901,75,0,0
17.66465036080541,2.2259605481338296,0,75993.86712654548,6.415135895056033,26.74231452723078,95,1,2
37.331476240130286,3.7518233631502627,0,51092.183125127405,7.583058620038185,9.25005702006465,14,2,0
38.79637534034772,3.88341557171149,0,119680.07339567771,9.050025708181295,101.63980447604756,8,2,0
45.84311647083291,0.311747895749378,0,83759.31273914244,6.0568314865570425,100.94735912308643,91,1,0
42.094566445381204,2.7479490866089913,0,46779.685869752124,3.7934854947558434,53.5933937849183,27,1,0
15.174693430334141,3.6239497038676682,0,84405.90595245449,5.038029501945296,94.21023511163509,87,0,1
42.78506876477108,1.3115667022092476,0,42564.18800591222,9.882189012202122,60.042771688424516,5,1,2
11.663691954321344,3.678479683872017,1,28868.326530025737,4.42788890070495,13.84067091345225,65,2,1
35.57325520266352,4.37147428222414,0,30966.06215484852,2.508255643283215,47.09901312150989,33,2,2
17.652957042288012,4.887384605997603,0,88930.94795056136,3.673373546478767,60.98130953523084,31,2,1
40.12120830808712,2.0155649322356464,0,637.0163990623951,2.132438345004997,109.52204387804028,95,1,1
27.77127012478146,2.2966794144270186,1,91641.39880738019,8.49044521859272,30.172452673081253,54,2,0
20.78711953252715,0.6702084862358237,0,21461.482505797656,4.09570187174114,71.63852766285078,51,0,1
26.51870809053016,1.3004872386861162,1,79739.82165302761,7.619460351495929,58.86799998028387,12,2,0
38.95262407956031,3.793645859923479,0,75993.86712654548,6.415135895056033,26.228541016724808,95,2,1
30.61037139254417,2.593534036219695,0,41041.69508385596,8.123414022449062,115.79612927756828,37,0,2
35.57325520266352,4.3072764700551165,0,30966.06215484852,2.240037899197841,47.09901312150989,33,2,2
11.663691954321344,4.383795136271542,1,28868.326530025737,4.42788890070495,13.84067091345225,63,2,1
33.51313679078427,3.0793391227843165,0,29465.561178870033,0.1716099370431908,12.715761994135143,31,0,0
18.800422678812826,0.1979643833210143,1,20855.532913120915,0.170572471053837,15.088650865655376,31,0,2
33.57577337537674,1.3087874026157151,1,23587.77433836582,1.960343404565698,35.270187814834046,55,0,0
42.094566445381204,2.7479490866089913,0,42700.83317650812,2.861059347309188,53.5933937849183,27,1,0
17.652957042288012,4.808285968318934,0,74611.08287754258,7.572737860692138,83.08779374360913,26,2,1
17.478275699514263,3.6239497038676682,0,78477.76668776458,4.8489359369677265,94.21023511163509,86,0,1
41.808403110238245,3.7246963213475004,0,83892.96747068524,9.882189012202122,94.58507453289836,5,1,2
28.87638877435161,1.5406026123633056,1,76482.4866796898,2.8546522878557843,17.885762804485505,12,2,0
42.59266054250384,3.1518103206347314,1,63292.67605462565,0.12070739622611715,50.2823833564696,35,2,0
42.07675023440223,4.903685999006193,1,46780.83395935445,3.597046903517645,15.923555705614469,25,2,0
12.33146803835923,2.706134277737171,1,49433.17163623655,4.862584303709434,35.40077313666234,42,1,1
15.947273841357413,2.5803429277393937,0,40518.287393234605,7.482179590766122,82.39029306026981,96,2,0
15.816510262243687,3.019346945670727,1,45720.908087529744,7.569599063894321,47.28175215765095,31,2,0
37.331476240130286,3.795390723983373,0,51092.183125127405,7.0327098635240155,9.25005702006465,24,2,0
29.28849552797346,3.4852503523716116,0,45173.570631314185,6.303177554434782,116.96313754587472,45,0,2
43.87234348594133,4.185084974428014,1,54483.804328152284,0.1254321678461307,64.80496743757067,1,2,2
22.310641420891358,0.6702084862358237,0,1123.4434252385327,4.09570187174114,67.11719731652585,51,0,1
43.34375660847724,3.1202280950011048,1,31528.865741502177,9.921994623023926,60.200694553329384,3,1,2
43.85014501048815,4.834169366902467,1,101262.22647900642,3.7870784353024396,18.053219948529318,25,2,1
26.90867627781749,1.3004872386861162,1,87289.77776370736,3.8500791884157826,53.500619462235406,10,2,0
13.436786067012019,4.887384605997603,0,88930.94795056136,3.673373546478767,60.98130953523084,32,2,1
15.174693430334141,1.2108205582408076,0,43077.126420836415,5.038029501945296,59.66793186382593,87,0,1
26.51870809053016,4.837191943322656,1,100497.84610404026,7.619460351495929,58.86799998028387,25,2,0
15.932007052141154,0.553240029509549,0,15475.638549567646,8.278944503725029,46.808946232783406,3,0,2
41.501693873171014,1.4020437899301996,0,11641.444119057061,3.8106377543393326,58.61390725026286,82,1,1
41.64264359309906,0.5793280623538516,1,61759.55361459074,0.02389889637016296,48.1963468666221,65,2,1
20.93154313490566,1.017276203380748,1,1227.2492679909337,2.0120320072466447,116.63687450979127,41,2,2
12.456800595630845,1.3004872386861162,1,65874.44260515698,4.315677720930665,56.44265575512471,12,2,0
33.89737167376211,2.9524024746884643,0,28858.899316880503,0.031583869732998426,12.715761994135143,28,0,0
20.536604581132508,4.903685999006193,1,43809.20393437514,3.597046903517645,109.72998604590708,25,2,0
18.800422678812826,3.002891823260649,1,20855.532913120915,0.170572471053837,15.088650865655376,31,0,2
28.87638877435161,1.5406026123633056,1,76482.4866796898,2.8546522878557843,33.406105616319195,12,2,0
15.879544911830298,0.47788685599609937,0,15475.638549567646,8.278944503725029,46.808946232783406,3,0,2
13.895610701578759,2.666340704223991,1,49433.17163623655,4.83912796901242,35.40077313666234,42,1,1
18.680462204711816,3.0928151310377334,1,14632.978141056963,7.576352161364079,14.124396606009697,31,2,0
43.45857102413797,3.2648923455919254,1,52310.66354285876,6.734290005154189,15.012983293945968,2,2,0
42.5134890283889,4.8647765991015826,1,31528.865741502177,9.882189012202122,60.042771688424516,3,1,2
29.28849552797346,4.263164192403284,0,45173.570631314185,6.471399688173616,116.96313754587472,30,0,2
26.90867627781749,1.3004872386861162,1,79811.5101935808,7.607887845834825,88.0321187219862,26,2,0
26.557319668155024,4.872771674349821,0,88794.3071023618,3.673373546478767,52.732509470180226,10,2,1
43.27621699581815,0.5360208740234966,1,33627.057882709945,0.5308325906702762,49.320451639126794,2,2,0
20.869360876546395,1.017276203380748,1,80.25714864735346,1.5914103424148114,63.77052178259693,41,2,2
25.828778856085982,0.5793280623538516,1,79123.94703649856,7.731671412224892,48.1963468666221,65,2,1
41.71033155568063,2.5982533223180395,0,47386.34773181395,4.106551526701894,53.5933937849183,27,1,0
42.50196989945733,2.5803429277393937,1,41041.69508385596,7.482179590766122,21.59979438252634,45,2,0
35.82883582299792,0.3181915475099122,1,23587.77433836582,2.1215766962885687,35.42811067952349,55,0,0
16.020449729649876,3.2826344156226765,0,15272.827716127118,8.060357075271236,46.808946232783406,33,0,2
41.264986135041,1.35136027663315,0,42564.18800591222,9.859560226918042,60.042771688424516,5,1,2
18.61197037026592,0.14240878155045755,1,44882.6736763776,0.2279267317265714,48.2460615449892,31,0,2
37.82267458466536,3.795390723983373,0,15953.00132127238,0.1113655274008214,9.172313627992757,24,2,0
26.79027833330349,1.2564700044644217,1,97655.5463493418,7.567114736412409,58.86799998028387,25,2,0
33.58008248336192,4.612407330448512,0,54733.23840672812,0.17507008125668877,62.5830146558901,45,0,2
28.87638877435161,4.338643698359352,1,97240.51127867163,3.1323032275835567,17.61363323215518,11,2,0
18.00431367405009,1.2909595569350973,1,87426.41861190692,3.8500791884157826,61.749419527286015,31,2,0
42.5703321637511,3.1202280950011048,1,61194.48392438318,9.970906004397108,60.171247505070504,3,1,2
43.93408379357439,4.185084974428014,1,62401.287549511086,0.9011701564069171,113.26698821938176,2,2,2
20.964443929184775,0.6702084862358237,0,92026.39683900028,4.09570187174114,71.63852766285078,52,2,1
15.8943049207669,0.6086916345916336,0,18149.09815777268,8.55202979752218,46.808946232783406,3,0,2
29.07221447142458,4.864474922133113,1,31528.865741502177,9.238131422944026,62.05181663939335,3,1,2
34.33582711712758,1.0389980041364884,1,31528.865741502177,9.882189012202122,13.324307528246052,3,1,2
26.51870809053016,1.0312575788788538,1,7508.670243671993,7.619460351495929,117.60168782977966,15,2,0
16.994660764950975,0.47788685599609937,0,15475.638549567646,8.278944503725029,46.808946232783406,3,0,0
41.421551481237124,4.185084974428014,1,62401.287549511086,0.8259447315106122,113.26698821938176,2,2,2
43.422768660010966,3.065016505265202,1,76228.34167404938,0.16827284680212995,14.93523990185758,2,2,0
20.53464999287189,4.794300780460236,1,43847.62080616991,7.9375703808372595,109.62073294047055,36,2,0
20.069533613527273,0.7940225421888825,1,13657.593993400274,4.42788890070495,48.1963468666221,65,2,1
18.00431367405009,1.3448992405515237,1,87426.41861190692,3.8500791884157826,61.749419527286015,31,0,0
34.29207993048369,4.211370649748383,0,41691.01126190408,0.22608720177746178,62.5830146558901,18,0,0
43.27621699581815,0.5360208740234966,1,47421.04991016075,0.23407779801071954,49.320451639126794,2,2,2
26.976906368807022,1.5406026123633056,1,76190.83258477473,2.278303903785809,33.406105616319195,25,2,0
29.28849552797346,1.2209999248191503,0,45173.570631314185,6.303177554434782,115.73148652626804,44,0,2
42.50279255109201,0.5360208740234966,0,63696.62634983666,0.07837886109377745,49.291004590867914,2,2,0
18.83812481018748,2.9475342104503772,1,20855.532913120915,0.10590378823636026,11.524065302550177,31,0,2
43.204351051509136,4.849928743049133,1,97240.51127867163,2.894743907548825,17.885762804485505,25,2,0
42.34661329656323,2.9524024746884643,0,33061.177594025714,0.031583869732998426,59.43496632896006,28,0,0
19.850462700712697,1.2865058631880104,1,72803.15712425989,2.0120320072466447,57.42686955757506,39,2,2
33.51313679078427,3.0793391227843165,0,29465.561178870033,0.1716099370431908,12.715761994135143,31,0,2
43.87234348594133,4.185084974428014,1,54483.804328152284,0.2007682697163936,64.80496743757067,1,2,2
28.87638877435161,1.5805262845418724,1,29470.273954228847,2.8546522878557843,28.03120808235977,12,2,0
20.963890132809347,2.679777728305056,1,41003.27821206119,4.214808639990959,116.48356302065798,25,2,0
10.034123562877769,3.0840637526752452,0,67078.53263423633,8.060357075271236,46.808946232783406,33,0,2
18.800422678812826,0.1979643833210143,1,20855.532913120915,0.170572471053837,15.088650865655376,31,2,2
25.846385979180575,4.825215840066524,1,100497.84610404026,7.619460351495929,58.86799998028387,30,2,2
18.61197037026592,0.14240878155045755,1,33763.60649397685,0.5246815262757695,50.33735922259774,31,0,0
26.721878635649247,1.3004872386861162,1,80103.16428849587,8.414112029979698,88.0321187219862,12,2,0
27.632282877251605,4.342383252825364,1,87289.77776370736,4.2640107875173525,54.00768198776247,11,2,0
17.652957042288012,4.887384605997603,1,88163.94437357756,3.7864257425249654,60.98130953523084,31,2,1
30.379835260860375,2.2674894474032574,0,82972.79075191784,3.0896819907559117,91.1122200647496,47,2,0
30.43555537866132,0.6702084862358237,0,21461.482505797656,3.955564210524287,71.63852766285078,51,0,1
40.12120830808712,2.0155649322356464,0,47574.889219549696,9.409341876619017,110.12307086050953,76,1,1
15.916881431398263,1.017276203380748,0,738.7184291533943,2.0120320072466447,82.75561865364972,95,2,2
42.78506876477108,1.3115667022092476,1,31528.865741502177,9.882189012202122,60.042771688424516,3,1,2
37.331476240130286,3.7518233631502627,0,50565.81015490548,7.583058620038185,9.25005702006465,14,2,2
41.48387766219204,1.4020437899301996,1,12746.31155541064,3.5978692649261026,58.61390725026286,83,2,1
17.66465036080541,2.4259548721581754,0,75993.86712654548,6.415135895056033,25.53971944084012,95,2,1
42.094566445381204,4.903685999006193,0,45675.695415588416,3.8098153929308753,15.923555705614469,25,1,0
17.652957042288012,4.808285968318934,0,87046.26081162562,3.8149293263992003,60.727790703524754,31,2,1
13.262104694540508,3.6239497038676682,0,78477.76668776458,5.038029501945296,94.21023511163509,87,0,1
44.20907897148281,2.706134277737171,1,51769.96078333764,0.16722821635377083,35.40077313666234,42,1,1
44.45133984710674,1.384456020226854,0,104083.76785683821,4.935715599433962,92.25261118909998,27,0,0
45.06148385666322,0.8032600438756343,0,75870.92869532004,9.71598413446888,63.07554277947049,83,0,0
28.87638877435161,4.849627066080663,1,97240.51127867163,2.8546522878557843,17.885762804485505,25,2,0
20.96193554454873,2.5803429277393937,1,41041.69508385596,7.482179590766122,115.79612927756828,41,2,0
10.28367314412665,0.5793280623538516,1,65258.56798862794,4.42788890070495,48.1963468666221,65,2,1
35.82883582299792,3.117448777687502,1,23587.77433836582,2.092810426177855,35.42811067952349,55,0,0
38.79637534034772,3.88341557171149,0,119537.0971666306,9.050025708181295,101.63980447604756,8,2,0
43.422768660010966,3.065016505265202,1,29216.127098187,0.16827284680212995,14.93523990185758,2,2,0
21.275113094581684,4.586488523954514,0,30853.821368563244,3.035089265995107,88.03085532884441,87,0,2
18.608726686518942,0.1979643833210143,1,8819.881084020279,9.990258823239376,22.5389691078562,76,0,0
35.57325520266352,2.642946316300108,0,30966.06215484852,2.621467961899895,47.09901312150989,84,2,2
42.20219332580039,2.2966794144270186,1,91584.89876398463,8.49044521859272,27.827985415456613,54,2,1
48.54683491379883,0.311747895749378,0,83759.31273914244,6.0568314865570425,100.94735912308643,82,1,0
16.0209932168471,3.206640845696875,0,15475.638549567646,8.060357075271236,46.808946232783406,33,0,2
29.28849552797346,4.263164192403284,0,45173.570631314185,6.303177554434782,116.96313754587472,45,0,2
45.78863448784694,2.96470509052142,1,50533.730498310855,3.6269685705784838,75.03137812981281,79,1,2
26.90867627781749,1.3004872386861162,1,79811.5101935808,7.607887845834825,83.23474016434983,12,2,0
33.58008248336192,4.1994076051570435,0,54733.23840672812,0.2648454890397234,62.5830146558901,30,0,2
20.891276890735394,2.574664641392602,0,78477.76668776458,5.038029501945296,95.14682138806106,72,0,1
40.12120830808712,2.0155649322356464,0,47574.889219549696,9.178256829607632,115.26069403162326,76,1,1
38.79637534034772,3.88341557171149,0,105801.9593319263,9.050025708181295,101.63980447604756,8,2,0
26.90867627781749,0.8079890164875817,1,79728.75933423564,7.616837638876566,80.01441737238277,12,2,0
15.117428996094072,3.206640845696875,0,15475.638549567646,8.233146682417887,47.46064457994512,78,1,2
48.23210136252795,0.26065909541511956,0,84079.62193994425,6.0568314865570425,100.94735912308643,84,1,0
35.09109523582613,2.6867634081340466,1,28103.438065433023,2.621467961899895,60.47435697230351,84,2,2
44.45133984710674,4.664308126267173,0,104083.76785683821,4.935715599433962,92.25261118909998,27,0,0
44.085417378057244,2.706134277737171,0,53439.04679313194,1.9820307969515647,36.440632578292536,97,1,2
35.82883582299792,3.2250487048766505,0,87897.57618847302,2.1096007628773465,90.55592148036175,55,0,0
18.053822071084902,4.608291371360969,0,87046.26081162562,3.8149293263992003,60.727790703524754,33,2,1
41.16143543061507,0.5793280623538516,1,65258.56798862794,3.6393528994589324,48.1963468666221,69,2,1
43.422768660010966,3.065016505265202,1,45795.53243158618,3.793359967777013,15.933815792784154,2,1,0
42.20219332580039,2.2966794144270186,1,91584.89876398463,8.692899196051522,28.312008810100203,54,2,0
13.332769769216121,3.7195097478042687,1,41041.69508385596,7.482179590766122,106.746790509151,42,2,0
33.58008248336192,4.1994076051570435,0,47125.07499774669,0.2648454890397234,62.5830146558901,30,0,2
18.608726686518942,0.1979643833210143,1,24873.64243078821,9.990258823239376,22.5389691078562,76,0,0
32.34814166984542,0.6702084862358237,0,21461.482505797656,3.955564210524287,71.63852766285078,53,0,1
45.06148385666322,1.5429037888783195,0,75953.67955466521,9.70631258249678,75.02034031722687,83,0,0
49.39339021043024,2.96470509052142,1,49173.0715137631,3.4541609732466814,74.37967978263279,34,0,2
37.64203843608279,3.8120371993988114,0,54231.00844090629,7.583058620038185,9.25005702006465,15,2,2
43.26722869055664,1.3464134080898138,0,31509.748000021125,9.882189012202122,46.667427837630896,3,1,2
21.275113094581684,1.3021379206345531,0,30853.821368563244,3.09561636258924,88.03085532884441,85,0,2
15.916881431398263,1.017276203380748,1,738.7184291533943,0.19920116587727543,81.71575933376923,40,2,1
30.379835260860375,2.2674894474032574,1,18665.044080141022,3.072891654056473,35.98440128874579,47,2,0
17.66465036080541,2.4259548721581754,0,75993.86712654548,6.415135895056033,24.378285968146848,93,2,1
11.047575747636365,1.4020437899301996,1,12746.31155541064,4.430284307279008,58.61390725026286,83,2,1
42.70411500429937,4.903685999006193,0,29096.290082201194,0.19928345119869695,14.924979814687893,25,2,0
28.87638877435161,4.849627066080663,1,97240.51127867163,2.651703967350356,17.401739409875425,25,2,1
17.66465036080541,2.4259548721581754,0,75993.86712654548,6.415135895056033,28.468730507917364,95,2,1
34.55377650041333,4.953427165308078,1,98707.45587349957,2.651703967350356,5.683580067864061,25,2,1
18.608726686518942,4.463263822876031,1,44739.59440212065,9.931003792187594,116.55630496582253,75,0,2
44.27882713858975,1.3464134080898138,0,28432.9260853881,3.720100506469356,44.91534693074802,3,1,2
21.492932399320576,1.1685812141651675,1,54332.012279051734,7.618818250051838,60.042771688424516,3,1,2
34.74307431119149,0.15553755709536388,1,8819.881084020279,9.990258823239376,12.583870771433206,76,0,0
26.89107499251558,0.80585538920442,1,97240.51127867163,1.8831803925350663,17.885762804485505,25,2,0
10.291064484021838,2.973471294051385,1,64362.10444288532,4.421262546895217,48.1963468666221,2,2,0
30.68938144400412,2.2674894474032574,0,51022.2313250033,3.0318980786665737,89.93881415116118,42,2,1
13.332769769216121,1.6263751421902282,1,37709.59472778689,7.482179590766122,105.62139685549614,42,2,0
32.59141164107612,3.159311764305249,1,49173.0715137631,3.448645914552014,78.8689503342587,53,0,2
42.094566445381204,4.61202097067585,0,45675.695415588416,3.8098153929308753,15.61901203159265,25,1,0
15.165897602244804,1.038678523384405,0,15475.638549567646,0.5291660026991627,45.181141129395826,19,0,2
11.047575747636365,3.5327574508520083,1,14559.256018676082,4.430284307279008,58.61390725026286,83,2,2
21.256175314362807,4.6755964897969395,0,30853.821368563244,0.2846584017984213,62.419746272739786,24,0,2
25.48907695151779,1.3004872386861162,1,79811.5101935808,7.607887845834825,83.29628255055225,12,2,0
37.64203843608279,3.8120371993988114,0,54231.00844090629,7.583058620038185,17.40189972507484,15,2,2
29.28849552797346,0.22544521349155922,0,25307.61866074723,6.303177554434782,22.3354055925289,46,0,0
43.15983098568887,3.065016505265202,1,46402.23999114217,9.874016342064003,34.7991232784753,2,1,0
40.00091778801735,2.5335041481375473,1,32883.06969674016,9.324490634392955,115.79612927756828,41,2,0
19.694491749875546,3.0808040170599096,1,23587.77433836582,1.850920932460123,35.42811067952349,55,0,0
28.89399005965352,4.830300913035984,1,79728.75933423564,7.699156889617907,85.86802783531405,12,2,0
44.400485715416394,0.6709522392642839,1,30112.590753051907,0.19606371541763812,14.93523990185758,66,2,1
43.899520566542066,2.608734753705125,1,83720.52020449663,0.23309905573204026,36.99529273866034,42,1,0
44.61902285822688,3.4584151102923317,0,103224.72507315318,4.935715599433962,93.37800483137393,27,0,0
49.05646580255065,0.6054116545309579,0,21461.482505797656,3.961079269218954,71.63852766285078,34,0,1
18.053822071084902,4.899954939027442,0,87046.26081162562,3.8149293263992003,61.03252972272075,33,2,1
15.916881431398263,3.1852394299573352,1,683.6205115780589,7.7885262691417765,83.34356440364049,40,2,1
37.331476240130286,1.6211095275186762,0,48753.008990944116,7.583058620038185,9.25005702006465,12,2,1
33.59902027574194,4.1994076051570435,0,47125.07499774669,3.133854876418683,88.19412371090544,93,0,2
45.868313232055534,4.664308126267173,0,104083.76785683821,4.117154937108158,92.19106880289756,27,0,0
25.50023447499602,3.7919673722661207,1,80039.38482382393,7.6096068734133135,108.05294448876832,42,2,0
14.682869801212156,2.9769262220526542,0,21681.031930658177,3.738863577987278,45.6383498455332,19,0,2
43.422768660010966,2.9235108951928943,1,29237.94646166616,3.729545706019657,14.809843052371455,3,2,0
13.556586369774063,1.6863636519348997,0,13192.69196973929,7.5286142546602,46.808946232783406,33,0,2
19.761351374695145,1.4965100880335394,1,109562.80285986295,5.394322262278109,92.40664112697274,66,0,0
28.87638877435161,4.849627066080663,1,97240.51127867163,2.651703967350356,18.21766003905141,26,2,1
37.64203843608279,4.000159987264672,1,53772.419062226356,7.583058620038185,17.40189972507484,12,2,2
44.05827167387167,3.1852394299573352,1,683.6205115780589,9.989917089635028,84.93778417626594,40,2,1
42.18531697637884,0.25592906462404086,0,45675.695415588416,3.405274479734551,13.841320167256818,25,1,0
18.28703091591009,1.0154169713108776,1,1596.311299504836,3.7898994060738422,81.71575933376923,40,2,1
21.165230003689818,4.374420470017976,0,35869.55412675874,3.1242175546563744,79.9251300571124,13,2,0
49.31381736574782,2.96470509052142,1,66588.19387022192,3.4541609732466814,74.37967978263279,34,0,2
11.604050548779924,1.3464134080898138,0,12674.831850829323,9.727177892165733,46.62263702814516,3,2,2
33.4277174710944,1.2520880269939025,0,47125.07499774669,0.5718585716879323,62.646684638278344,4,1,2
26.89107499251558,0.9416088431069538,1,84477.91669691195,1.8847341217163252,17.885762804485505,28,2,0
13.321797028544895,1.2280294258943227,1,40813.82045094822,7.480460563187633,81.99010630478756,12,2,0
43.422768660010966,1.1807083664981377,1,57519.03512491983,0.5842152353265813,15.476615184471099,1,1,0
42.95388866781475,1.3464134080898138,0,30077.234592955014,0.9912128141553305,45.040753318515875,3,1,2
15.79717661636499,3.1466523362079464,1,38509.55111420199,8.478402659563287,105.62139685549614,42,2,0
44.38348919564004,3.3298251016256355,0,18020.452754775826,1.3923407947238764,35.27406382281532,34,0,0
10.28367314412665,0.1680563655640821,1,65258.56798862794,4.1767910180484,48.1963468666221,65,2,1
28.89399005965352,4.830300913035984,0,80187.34871278878,7.699156889617907,81.8293835083177,15,2,0
15.021800365454604,3.065016505265202,1,46402.23999114217,7.636940689826201,33.204904451178066,2,1,0
48.963421024593245,4.896862221864161,0,21461.482505797656,4.069942196556483,80.9704687988791,35,0,1
15.683672586573238,4.60774983790118,0,87593.28092638927,0.23518392477145333,60.727790703524754,33,2,1
27.018559368710957,1.1010666072626125,1,74713.02777398021,7.527708681609041,88.1201426441148,86,0,2
10.535238322953141,2.973471294051385,1,46946.98208642685,4.421262546895217,40.465525370588516,2,2,0
42.90599441355505,1.4020437899301996,1,31581.228121666078,4.614834474445177,58.6586980597486,83,1,1
41.794297512794955,4.1948415080032415,1,31528.865741502177,9.525824616234637,59.979101706036275,29,0,2
35.82883582299792,3.9507300541992016,1,23587.77433836582,2.091256696996596,35.42811067952349,43,0,0
41.77251479632497,4.535196712613262,0,45675.695415588416,3.8098153929308753,15.61901203159265,26,1,0
14.57450981147067,0.6054116545309579,1,19670.41294723289,7.309595919381832,71.63852766285078,34,0,0
48.40135466096631,3.9333520446365053,1,63814.344046276514,7.630944607315692,74.37967978263279,34,0,2
43.424359353091575,3.095224682306238,1,45890.6838602963,9.882189012202122,15.818879367429966,3,1,2
49.066531086555756,4.649731491279618,0,21461.482505797656,4.069942196556483,13.196914197464451,35,0,1
44.71095080468865,4.205517211709576,0,18851.32265508644,1.3923407947238764,34.80786515278874,29,0,2
21.165230003689818,2.937176554157828,0,35869.55412675874,3.073316597502468,78.7535639094151,13,2,0
15.916881431398263,3.1891041762873225,1,5837.569563206875,0.6359302253008092,83.61362787706891,40,1,0
43.422768660010966,3.065016505265202,1,42797.881727810345,7.518461431559924,14.93523990185758,1,2,0
44.34941008727618,3.0808040170599096,1,23587.77433836582,1.850920932460123,15.281324415075332,55,1,0
10.869637357063684,2.975392375162117,0,21681.031930658177,9.914532755021591,45.59563892333258,19,0,2
13.077529093181854,4.1948415080032415,1,31528.865741502177,9.525824616234637,59.979101706036275,29,0,2
11.604050548779924,1.3464134080898138,0,12459.842239121013,9.62775353324936,46.62263702814516,3,2,2
39.81608831592077,1.2378460003948257,1,31528.865741502177,9.569527595754813,62.836604121446705,3,1,2
10.535238322953141,2.9543611384863766,1,46946.98208642685,4.421262546895217,40.465525370588516,2,2,0
47.47084340333544,1.2280294258943227,0,39911.9647480888,3.0044806790156846,81.99010630478756,12,2,1
37.839010697633206,2.971182144528334,1,52948.1283016734,3.4062744919821064,17.40189972507484,12,2,2
43.265637997476034,1.316205249987612,0,31414.596571311624,3.793359967777013,46.78237116860193,4,1,0
43.422768660010966,2.9235108951928943,1,29237.94646166616,3.729545706019657,82.5929835525551,3,2,0
18.053822071084902,4.608291371360969,0,78299.6843780547,3.715903270966993,60.727790703524754,33,2,1
33.252612643077825,3.3237154939275046,0,47654.23487890404,0.2648454890397234,57.89832668460564,40,0,0
10.062774632572665,4.4107122583895935,1,64362.10444288532,3.5406257028130756,49.90600442696018,2,2,0
43.422768660010966,1.1807083664981377,1,53168.85435864267,7.747023489610482,15.20986366139796,1,2,1
10.05283637677921,1.6263751421902282,1,29555.736218461567,0.20068940039691885,105.62139685549614,42,2,0
20.681495860647782,0.25592906462404086,0,45675.695415588416,3.405274479734551,33.98810697070382,20,0,0
44.579294681890026,3.066550352155739,1,46402.23999114217,3.5513876506871678,34.841834200675926,2,1,0
43.929286331269246,0.9846522563941941,0,15475.638549567646,0.5291660026991627,33.68797323644585,19,0,2
35.82883582299792,3.9507300541992016,1,23802.763952327536,2.258677206020276,38.10246173805611,43,0,0
31.240351247712255,1.311251731571235,0,47125.07499774669,0.7949363082547869,59.85285220525616,4,1,2
16.463485769768894,3.1852394299573352,1,90259.76129687093,1.8619042347212513,82.71760744511133,40,2,0
30.379835260860375,2.2674894474032574,0,82972.79075191784,3.0896819907559117,91.1122200647496,47,2,0
30.43555537866132,0.6702084862358237,0,21461.482505797656,3.955564210524287,71.63852766285078,51,0,1
40.12120830808712,2.0155649322356464,0,47574.889219549696,9.409341876619017,110.12307086050953,76,1,1
15.916881431398263,1.017276203380748,0,738.7184291533943,2.0120320072466447,82.75561865364972,95,2,2
42.78506876477108,1.3115667022092476,1,31528.865741502177,9.882189012202122,60.042771688424516,3,1,2
37.331476240130286,3.7518233631502627,0,50565.81015490548,7.583058620038185,9.25005702006465,14,2,2
41.48387766219204,1.4020437899301996,1,12746.31155541064,3.5978692649261026,58.61390725026286,83,2,1
17.66465036080541,2.4259548721581754,0,75993.86712654548,6.415135895056033,25.53971944084012,95,2,1
42.094566445381204,4.903685999006193,0,45675.695415588416,3.8098153929308753,15.923555705614469,25,1,0
17.652957042288012,4.808285968318934,0,87046.26081162562,3.8149293263992003,60.727790703524754,31,2,1
13.262104694540508,3.6239497038676682,0,78477.76668776458,5.038029501945296,94.21023511163509,87,0,1
44.20907897148281,2.706134277737171,1,51769.96078333764,0.16722821635377083,35.40077313666234,42,1,1
44.45133984710674,1.384456020226854,0,104083.76785683821,4.935715599433962,92.25261118909998,27,0,0
45.06148385666322,0.8032600438756343,0,75870.92869532004,9.71598413446888,63.07554277947049,83,0,0
28.87638877435161,4.849627066080663,1,97240.51127867163,2.8546522878557843,17.885762804485505,25,2,0
20.96193554454873,2.5803429277393937,1,41041.69508385596,7.482179590766122,115.79612927756828,41,2,0
10.28367314412665,0.5793280623538516,1,65258.56798862794,4.42788890070495,48.1963468666221,65,2,1
35.82883582299792,3.117448777687502,1,23587.77433836582,2.092810426177855,35.42811067952349,55,0,0
38.79637534034772,3.88341557171149,0,119537.0971666306,9.050025708181295,101.63980447604756,8,2,0
43.422768660010966,3.065016505265202,1,29216.127098187,0.16827284680212995,14.93523990185758,2,2,0
21.275113094581684,4.586488523954514,0,30853.821368563244,3.035089265995107,88.03085532884441,87,0,2
18.608726686518942,0.1979643833210143,1,8819.881084020279,9.990258823239376,22.5389691078562,76,0,0
35.57325520266352,2.642946316300108,0,30966.06215484852,2.621467961899895,47.09901312150989,84,2,2
42.20219332580039,2.2966794144270186,1,91584.89876398463,8.49044521859272,27.827985415456613,54,2,1
48.54683491379883,0.311747895749378,0,83759.31273914244,6.0568314865570425,100.94735912308643,82,1,0
16.0209932168471,3.206640845696875,0,15475.638549567646,8.060357075271236,46.808946232783406,33,0,2
29.28849552797346,4.263164192403284,0,45173.570631314185,6.303177554434782,116.96313754587472,45,0,2
45.78863448784694,2.96470509052142,1,50533.730498310855,3.6269685705784838,75.03137812981281,79,1,2
26.90867627781749,1.3004872386861162,1,79811.5101935808,7.607887845834825,83.23474016434983,12,2,0
33.58008248336192,4.1994076051570435,0,54733.23840672812,0.2648454890397234,62.5830146558901,30,0,2
35.57325520266352,2.642946316300108,1,30628.27223824351,2.621467961899895,49.76129683108895,83,2,2
41.48387766219204,1.4076738588039022,1,12746.31155541064,3.5978692649261026,107.8840647088065,83,1,1
42.20219332580039,0.1969079687357358,1,94010.89492467586,9.993033924654869,27.827985415456613,58,2,0
46.611038535826296,1.384456020226854,0,104083.76785683821,4.935715599433962,92.25261118909998,13,0,0
15.134641243055803,3.206640845696875,0,15475.638549567646,8.060357075271236,33.07108513452191,33,0,2
42.98048499011256,3.0888383291231776,1,29216.127098187,0.16827284680212995,62.38072895864674,2,0,0
21.804698782930835,2.4767682545736545,0,30038.53766119238,0.25419608917093206,86.6379423729168,87,0,2
45.78863448784694,2.96470509052142,1,83285.81977140103,3.6628899206353647,91.6414573464242,79,1,2
27.23641545796086,1.343962353241152,1,39748.98855797757,7.607887845834825,83.23474016434983,12,2,0
37.331476240130286,3.7518233631502627,0,50565.81015490548,7.583058620038185,9.25005702006465,12,2,2
40.84104801784789,4.999740770625897,1,97240.51127867163,2.8392964770988565,17.885762804485505,25,2,0
48.322528874574225,4.581143894828347,0,45173.570631314185,6.191418335533554,116.69197119642162,44,0,2
15.916881431398263,3.876768208954236,0,738.7184291533943,2.0120320072466447,101.61961943119522,95,2,2
42.78506876477108,1.3115667022092476,1,31528.865741502177,9.882189012202122,55.242904857385966,3,1,1
17.664771753650523,2.408609858844626,0,75993.86712654548,6.415135895056033,25.53971944084012,95,2,1
35.82883582299792,3.117448777687502,0,23587.77433836582,2.1930266833770773,35.42811067952349,56,0,0
40.12120830808712,2.0099348633619547,0,48101.262194939496,9.409341876619017,60.84882860524105,76,2,1
19.328821935651998,2.299979457971002,1,6631.839634254189,8.41548207938347,22.5389691078562,76,0,1
27.731838721286216,0.6702084862358237,0,21461.482505797656,3.955564210524287,71.63852766285078,51,0,1
45.06148385666322,0.5022599094107305,0,75870.92869532004,9.981528779258326,63.07554277947049,87,0,0
34.02236597581235,4.175585768316119,0,60469.091353679156,0.2648454890397234,15.137832089376897,28,2,2
47.07447616369688,4.813756584860279,1,52585.24449128328,2.9556759140749085,34.479217971059335,42,1,1
34.9402436936225,2.2674894474032574,0,50220.70147408984,2.940393792604782,74.50214084810713,42,2,0
20.96193554454873,2.5368678135490366,1,81104.21671026539,7.482179590766122,115.79612927756828,41,2,0
13.262104694540508,3.6239497038676682,0,78477.76668776458,5.195356988337549,98.1617248275793,89,0,1
29.40875342035103,4.848237171030873,0,48186.78250432283,3.794282007037522,15.923555705614469,25,1,0
29.480887960500144,0.0864216783579086,0,83759.31273914244,6.307723360407221,101.21711334396848,83,1,0
38.79637534034772,1.1311761502515993,0,117004.72429707786,9.050025708181295,82.77580368928076,8,2,0
12.664450750478103,0.5793280623538516,1,65258.56798862794,4.42788890070495,47.026456472661636,65,2,2
17.652835649442896,4.820544322228239,0,87046.26081162562,3.8149293263992003,60.727790703524754,31,2,1
27.242193929815578,1.3004872386861162,1,79279.57057482115,7.607887845834825,108.18705713091745,12,1,1
44.28738839028097,3.4235848981787145,1,50565.81015490548,0.20542156959596003,9.25005702006465,45,2,2
17.652957042288012,4.808285968318934,0,72355.91853882416,1.056855286268244,39.37496991445134,28,2,1
29.46514271133856,0.19270624779989554,1,7497.675619287718,3.794282007037522,22.18226375413651,25,1,0
30.379835260860375,2.2674894474032574,0,82972.79075191784,3.0896819907559117,78.89483569234878,47,2,0
42.83521866653444,1.343962353241152,1,29286.03072012832,0.31310379301421065,83.25195844062551,12,2,0
47.07447616369688,4.85692473648874,1,51490.583036602344,3.048051327395897,34.479217971059335,42,1,1
28.715024179077012,4.822340801403598,0,96720.46775065262,2.861868534066206,60.727790703524754,25,2,0
27.654847186146398,4.903685999006193,0,50373.898351221265,3.8098153929308753,16.069747200774014,25,1,1
42.78506876477108,1.3115667022092476,1,31528.865741502177,9.882189012202122,55.3911344212722,3,1,1
42.84360860245604,4.263164192403284,0,32626.535792645744,6.303177554434782,110.3866475573842,45,0,2
12.664450750478103,0.5793280623538516,0,65258.56798862794,1.966895788986705,47.026456472661636,66,2,2
35.41524931817413,2.5753037193004835,0,57013.014733888296,2.1775141192005667,28.869772117658584,42,0,0
16.0209932168471,2.679000529026301,0,15475.638549567646,7.995158618956286,47.2992091011549,33,0,2
35.855062747889775,3.7614342870766473,0,54458.1839692005,0.2648454890397234,66.83643171380876,12,2,2
41.15035910275753,1.6453495653770145,1,21412.497677990235,3.5978692649261026,83.76732278131907,68,2,0
37.25316679303278,2.706134277737171,0,51769.96078333764,7.614100067620522,25.817937246103316,9,1,1
35.82883582299792,3.117448777687502,1,22049.189297525743,3.4564103981958363,58.06636081143691,55,0,0
18.552337450705025,4.845268420821963,0,49517.39532235106,9.990258823239376,16.280261059334208,76,0,0
27.381672805099583,3.0888383291231776,1,39679.08493603627,7.526769003730873,62.36351068235997,1,0,0
46.611038535826296,1.1990251457948995,0,104083.76785683821,4.843340186119889,86.38143127649109,13,0,0
17.81420042409443,4.847830586905303,1,87566.30433964441,3.8077130801887793,17.885762804485505,31,2,1
42.04182765448032,0.6702084862358237,0,22737.218791631174,3.955564210524287,71.49296137264811,51,0,0
43.422768660010966,3.065016505265202,1,29216.127098187,0.16827284680212995,4.8753716300193695,9,2,0
29.229953247721504,1.0955584086471206,1,44075.9005801708,8.95720995802203,58.600989841515926,3,1,2
15.916881431398263,1.017276203380748,1,738.7184291533943,4.473025134609026,82.75561865364972,94,2,2
34.954473727284416,3.117448777687502,0,23587.77433836582,2.955906356781294,74.43021023813739,63,2,0
15.134641243055803,3.206640845696875,0,15475.638549567646,8.060357075271236,32.580822266151095,33,0,2
37.32724570512944,4.1897966812304785,0,50587.11158799971,7.583058620038185,2.104017803157027,30,0,2
21.051769278848806,3.2142114247039677,0,15475.638549567646,8.060357075271236,110.69602744535861,41,0,2
12.664450750478103,3.103108601896031,1,64439.837002705295,4.431798539085907,62.84064951615176,65,2,0
36.84121814166353,4.81681065049321,0,73022.81013393079,1.056855286268244,39.37496991445134,28,2,0
18.663035315669724,3.075845555558147,0,7622.477485831587,9.926254852599637,22.5389691078562,76,0,2
29.43841376106702,3.860808144407895,1,54583.0637249919,0.5637337806609048,23.877392201660964,25,1,0
26.832060173570998,1.3004872386861162,0,52738.0955888997,3.820067016732329,20.508149404222912,11,2,0
29.234963875270264,3.2270325360435734,1,44075.9005801708,8.95720995802203,58.600989841515926,3,0,2
20.96193554454873,2.838986771033145,1,37647.396566843054,8.146312892654821,115.79612927756828,41,2,0
35.82883582299792,3.117448777687502,0,22049.189297525743,3.4564103981958363,57.55710057801009,55,0,0
43.49041338454544,4.909781295932788,1,49397.577029537046,9.882189012202122,12.19724521309239,25,1,0
32.949593058915596,3.2540864306751263,1,28295.187050540757,3.4085015400996292,14.903585655221306,2,2,0
20.992623308774476,3.2142114247039677,0,80610.19607046345,2.9927291122260615,109.17788104120051,41,0,2
27.521561678764122,0.7435072768365873,0,21461.482505797656,4.949146610259389,72.03953092409513,52,0,1
27.23641545796086,1.343962353241152,1,39748.98855797757,0.3149758823199784,94.71418153068149,19,2,0
14.299758236874391,1.0161550910132289,0,30486.60131087901,2.0120320072466447,59.574938729192695,2,2,2
42.836475649981665,1.3110304750367137,1,29341.874787449287,0.4874040674157627,83.25195844062551,3,2,1
42.98048499011256,0.5651852038794096,1,30034.85819372726,0.1857431975253383,46.56653591515664,2,0,2
16.640750416274827,3.1075106616144144,1,24788.639206054857,1.0575057058630624,35.42811067952349,58,0,1
15.080332613940389,0.33489899509601107,1,15475.638549567646,9.032737448268458,34.36562593218287,33,0,0
34.556853227988086,0.129528441414259,0,7383.27760246244,3.6393178205425354,65.1413136270548,12,2,2
31.002505745475148,4.903685999006193,1,75963.96753634058,7.597636095602091,78.79807879623775,25,1,1
27.376662177550823,0.9573679149018959,1,45341.938357175386,7.526769003730873,62.36351068235997,1,1,0
18.023361485277263,3.206640845696875,0,15475.638549567646,7.396223773382525,32.580822266151095,33,0,2
46.611038535826296,0.6791628871005848,1,104083.76785683821,4.843340186119889,86.89069150583941,13,0,0
28.969469217631644,1.194568613755361,0,30318.07121635423,3.794282007037522,58.97093231640659,3,1,1
41.90653234787736,2.1419402517004027,0,83893.74525525063,0.020273033523892092,78.92873477937502,47,2,0
30.438981231707167,2.2674894474032574,0,15945.401253452394,8.15728919796395,92.63036056151145,47,2,0
46.817220448982695,1.3111572300293883,0,104083.76785683821,3.9421331996988607,91.85160792759596,12,0,0
43.422768660010966,3.453832966996141,1,29216.127098187,7.524863550640204,0.25832201724647064,12,2,0
42.88525915428549,1.3126878145767669,1,3306.6287413219907,9.882189012202122,75.4922924609491,97,1,2
42.78381178132385,1.3444985804136858,1,29942.04889031184,9.882189012202122,55.3911344212722,12,1,0
43.422768660010966,2.924945225071804,1,28366.256993938754,0.16827284680212995,14.93523990185758,29,2,0
43.49041338454544,4.909781295932788,1,38223.22664243067,9.882189012202122,12.19724521309239,69,1,0
29.04921781011101,1.1406030621794976,1,29216.127098187,9.233567235289108,62.55102682377254,3,0,2
26.994347915956396,0.2990166543116721,1,39748.98855797757,0.3149758823199784,35.23222240989978,19,2,0
42.836475649981665,4.584104164361069,1,29075.46565139323,0.4874040674157627,16.9345112978907,3,1,1
14.873838383999892,0.6958546421755027,1,738.7184291533943,2.0120320072466447,86.9938470473979,95,2,2
42.83521866653444,1.343962353241152,1,29286.03072012832,8.427750673606017,83.25195844062551,12,0,0
29.234963875270264,3.2270325360435734,1,45591.40222963936,8.95720995802203,58.600989841515926,3,0,2
41.24450338301362,2.8461448450079496,1,37602.06274582626,7.691776311650294,110.26907619325438,12,2,0
20.392184057338913,2.9407906423138384,0,80610.19607046345,2.9927291122260615,109.17788104120051,41,0,2
27.23641545796086,1.4833518348810415,0,39748.98855797757,7.607887845834825,83.23474016434983,9,2,0
43.832225712207844,0.33231830673825935,1,3013.7658880755234,4.251388006901975,22.18226375413651,24,2,0
26.832060173570998,1.3004872386861162,0,16321.100892209415,3.8871456835739417,20.508149404222912,11,2,0
44.337919716986185,3.0888383291231776,1,39580.209749379625,7.5746001688286375,62.36351068235997,2,0,0
16.640750416274827,3.1697927312365515,1,24788.639206054857,1.0575057058630624,31.628493121095328,25,0,1
17.652957042288012,4.925987377285429,0,84841.37778369806,1.1647346535011511,39.37496991445134,1,2,1
12.664450750478103,3.103108601896031,1,64439.837002705295,4.431798539085907,49.79393628595582,19,2,0
42.78095985187525,3.0437938835717553,1,44075.9005801708,0.3301906608385008,58.600989841515926,5,1,0
15.322411109956807,0.33489899509601107,1,15133.29890665299,9.032737448268458,93.8475358326783,33,0,0
27.094262787079565,1.6078930946585508,0,49336.32864985789,3.8098153929308753,82.38915171585555,25,2,1
43.88280756905193,1.0005844483058597,0,104083.76785683821,4.843340186119889,82.65246311209123,13,0,0
15.134641243055803,3.206640845696875,0,15475.638549567646,0.13544574880597704,33.07108513452191,33,2,2
30.379835260860375,2.1056943839755604,0,81457.28908390013,3.0896819907559117,93.80045940918734,47,2,0
23.140028919432805,3.4466748930213336,1,29261.460919203793,8.48975702628833,3.3123332675884,33,2,0
41.70096065496607,1.3444985804136858,1,29942.04889031184,9.882189012202122,55.3911344212722,12,1,0
34.556853227988086,0.129528441414259,1,7383.27760246244,3.6393178205425354,65.1413136270548,12,2,2
29.37505260837144,2.9310090668671998,1,29216.127098187,0.16827284680212995,4.8753716300193695,10,1,0
18.023361485277263,3.206640845696875,0,54100.336753086594,7.329145076502994,42.72626754398908,33,0,2
26.219390740181492,1.3115667022092476,1,31627.740928158826,9.948253864782226,55.242904857385966,3,1,1
27.85380771974433,4.836035299991035,1,75963.96753634058,7.771259264301824,82.71667818733592,59,1,1
