bandwidth,cruise_speed,firm_obstacle,illuminance,obstacle_distance,obstacle_size,power,quality,smoke_intensity
41.213542236210984,4.825004937339345,1,21562.767180287155,7.237648625746436,89.2739514277147,81,0,2
41.213542236210984,4.825004937339345,1,21562.767180287155,7.237648625746436,89.2739514277147,8,0,2
41.213542236210984,4.825004937339345,1,21562.767180287155,7.237648625746436,89.2739514277147,18,0,2
41.213542236210984,4.825004937339345,1,21562.767180287155,7.237648625746436,89.2739514277147,23,0,2
41.213542236210984,4.825004937339345,1,21562.767180287155,7.237648625746436,89.2739514277147,18,0,2
41.213542236210984,4.825004937339345,1,21562.767180287155,7.237648625746436,89.2739514277147,80,0,2
41.213542236210984,4.825004937339345,1,21562.767180287155,7.237648625746436,89.2739514277147,87,0,2
41.213542236210984,4.825004937339345,1,21562.767180287155,7.237648625746436,89.2739514277147,58,0,2
41.213542236210984,4.825004937339345,1,21562.767180287155,7.237648625746436,89.2739514277147,3,0,2
41.213542236210984,4.825004937339345,1,21562.767180287155,7.237648625746436,89.2739514277147,9,0,2
41.213542236210984,4.825004937339345,1,21562.767180287155,7.237648625746436,89.2739514277147,33,0,2
41.213542236210984,4.825004937339345,1,21562.767180287155,7.237648625746436,89.2739514277147,43,0,2
41.213542236210984,4.825004937339345,1,21562.767180287155,7.237648625746436,89.2739514277147,62,0,2
41.213542236210984,4.825004937339345,1,21562.767180287155,7.237648625746436,89.2739514277147,48,0,2
41.213542236210984,4.825004937339345,1,21562.767180287155,7.237648625746436,89.2739514277147,26,0,2
41.213542236210984,4.825004937339345,1,21562.767180287155,7.237648625746436,89.2739514277147,16,0,2
41.213542236210984,4.825004937339345,1,21562.767180287155,7.237648625746436,89.2739514277147,69,0,2
41.213542236210984,4.825004937339345,1,21562.767180287155,7.237648625746436,89.2739514277147,74,0,2
41.213542236210984,4.825004937339345,1,21562.767180287155,7.237648625746436,89.2739514277147,3,0,2
41.213542236210984,4.825004937339345,1,21562.767180287155,7.237648625746436,89.2739514277147,11,0,2
41.213542236210984,4.825004937339345,1,21562.767180287155,7.237648625746436,89.2739514277147,45,0,2
41.213542236210984,4.825004937339345,1,21562.767180287155,7.237648625746436,89.2739514277147,39,0,2
41.213542236210984,4.825004937339345,1,21562.767180287155,7.237648625746436,89.2739514277147,89,0,2
41.213542236210984,4.825004937339345,1,21562.767180287155,7.237648625746436,89.2739514277147,52,0,2
41.213542236210984,4.825004937339345,1,21562.767180287155,7.237648625746436,89.2739514277147,42,0,2
41.213542236210984,4.825004937339345,1,21562.767180287155,7.237648625746436,89.2739514277147,43,0,2
41.213542236210984,4.825004937339345,1,21562.767180287155,7.237648625746436,89.2739514277147,67,0,2
41.213542236210984,4.825004937339345,1,21562.767180287155,7.237648625746436,89.2739514277147,59,0,2
41.213542236210984,4.825004937339345,1,21562.767180287155,7.237648625746436,89.2739514277147,17,0,2
41.213542236210984,4.825004937339345,1,21562.767180287155,7.237648625746436,89.2739514277147,74,0,2
25.80459548742381,4.781336274180493,1,1089.778716373494,9.109446049300823,47.69792979706003,76,2,1
25.80459548742381,1.4210058187439571,1,1089.778716373494,9.109446049300823,47.69792979706003,76,2,1
25.80459548742381,3.2427360353991252,1,1089.778716373494,9.109446049300823,47.69792979706003,76,2,1
25.80459548742381,3.481079983350777,1,1089.778716373494,9.109446049300823,47.69792979706003,76,2,1
25.80459548742381,1.4636037450624357,1,1089.778716373494,9.109446049300823,47.69792979706003,76,2,1
25.80459548742381,0.007450417544180854,1,1089.778716373494,9.109446049300823,47.69792979706003,76,2,1
25.80459548742381,4.867301373832063,1,1089.778716373494,9.109446049300823,47.69792979706003,76,2,1
25.80459548742381,1.4920061150843784,1,1089.778716373494,9.109446049300823,47.69792979706003,76,2,1
25.80459548742381,1.569930010171684,1,1089.778716373494,9.109446049300823,47.69792979706003,76,2,1
25.80459548742381,4.458555352225786,1,1089.778716373494,9.109446049300823,47.69792979706003,76,2,1
25.80459548742381,2.9258146994545404,1,1089.778716373494,9.109446049300823,47.69792979706003,76,2,1
25.80459548742381,2.3565483259091566,1,1089.778716373494,9.109446049300823,47.69792979706003,76,2,1
25.80459548742381,3.866385048244082,1,1089.778716373494,9.109446049300823,47.69792979706003,76,2,1
25.80459548742381,0.15173003831235599,1,1089.778716373494,9.109446049300823,47.69792979706003,76,2,1
25.80459548742381,3.534825478278117,1,1089.778716373494,9.109446049300823,47.69792979706003,76,2,1
25.80459548742381,1.871219167392354,1,1089.778716373494,9.109446049300823,47.69792979706003,76,2,1
25.80459548742381,0.45426356752128916,1,1089.778716373494,9.109446049300823,47.69792979706003,76,2,1
25.80459548742381,3.302500337139474,1,1089.778716373494,9.109446049300823,47.69792979706003,76,2,1
25.80459548742381,4.657319273706772,1,1089.778716373494,9.109446049300823,47.69792979706003,76,2,1
25.80459548742381,1.0359558404050062,1,1089.778716373494,9.109446049300823,47.69792979706003,76,2,1
25.80459548742381,3.150450998926715,1,1089.778716373494,9.109446049300823,47.69792979706003,76,2,1
25.80459548742381,1.4908154532871238,1,1089.778716373494,9.109446049300823,47.69792979706003,76,2,1
25.80459548742381,3.7087834003466518,1,1089.778716373494,9.109446049300823,47.69792979706003,76,2,1
25.80459548742381,3.6108240407105874,1,1089.778716373494,9.109446049300823,47.69792979706003,76,2,1
25.80459548742381,1.0935771228440228,1,1089.778716373494,9.109446049300823,47.69792979706003,76,2,1
25.80459548742381,4.149434371371561,1,1089.778716373494,9.109446049300823,47.69792979706003,76,2,1
25.80459548742381,3.288261054366216,1,1089.778716373494,9.109446049300823,47.69792979706003,76,2,1
25.80459548742381,3.4139945393017515,1,1089.778716373494,9.109446049300823,47.69792979706003,76,2,1
25.80459548742381,4.100378750852675,1,1089.778716373494,9.109446049300823,47.69792979706003,76,2,1
25.80459548742381,2.1428645214923097,1,1089.778716373494,9.109446049300823,47.69792979706003,76,2,1
40.34821844619676,1.2568396604787107,1,60793.51599224569,1.276858869393448,43.06345433297284,40,1,2
45.139207386650156,1.2568396604787107,1,60793.51599224569,1.276858869393448,43.06345433297284,40,1,2
14.092796876882975,1.2568396604787107,1,60793.51599224569,1.276858869393448,43.06345433297284,40,1,2
43.99073349864615,1.2568396604787107,1,60793.51599224569,1.276858869393448,43.06345433297284,40,1,2
25.757093305293406,1.2568396604787107,1,60793.51599224569,1.276858869393448,43.06345433297284,40,1,2
29.187356940491,1.2568396604787107,1,60793.51599224569,1.276858869393448,43.06345433297284,40,1,2
15.853382790327938,1.2568396604787107,1,60793.51599224569,1.276858869393448,43.06345433297284,40,1,2
37.93705379788374,1.2568396604787107,1,60793.51599224569,1.276858869393448,43.06345433297284,40,1,2
21.679144639514043,1.2568396604787107,1,60793.51599224569,1.276858869393448,43.06345433297284,40,1,2
44.84556599174356,1.2568396604787107,1,60793.51599224569,1.276858869393448,43.06345433297284,40,1,2
21.014975077923083,1.2568396604787107,1,60793.51599224569,1.276858869393448,43.06345433297284,40,1,2
32.4723887492356,1.2568396604787107,1,60793.51599224569,1.276858869393448,43.06345433297284,40,1,2
25.98624884521811,1.2568396604787107,1,60793.51599224569,1.276858869393448,43.06345433297284,40,1,2
34.516379676097564,1.2568396604787107,1,60793.51599224569,1.276858869393448,43.06345433297284,40,1,2
17.86556959088495,1.2568396604787107,1,60793.51599224569,1.276858869393448,43.06345433297284,40,1,2
17.211501633723806,1.2568396604787107,1,60793.51599224569,1.276858869393448,43.06345433297284,40,1,2
39.87441542599352,1.2568396604787107,1,60793.51599224569,1.276858869393448,43.06345433297284,40,1,2
40.088936734771096,1.2568396604787107,1,60793.51599224569,1.276858869393448,43.06345433297284,40,1,2
32.67911497811649,1.2568396604787107,1,60793.51599224569,1.276858869393448,43.06345433297284,40,1,2
46.8431870913172,1.2568396604787107,1,60793.51599224569,1.276858869393448,43.06345433297284,40,1,2
18.231001929160755,1.2568396604787107,1,60793.51599224569,1.276858869393448,43.06345433297284,40,1,2
44.03604498366606,1.2568396604787107,1,60793.51599224569,1.276858869393448,43.06345433297284,40,1,2
16.75949245308345,1.2568396604787107,1,60793.51599224569,1.276858869393448,43.06345433297284,40,1,2
48.574308835771184,1.2568396604787107,1,60793.51599224569,1.276858869393448,43.06345433297284,40,1,2
34.94770912424607,1.2568396604787107,1,60793.51599224569,1.276858869393448,43.06345433297284,40,1,2
34.27535152040059,1.2568396604787107,1,60793.51599224569,1.276858869393448,43.06345433297284,40,1,2
48.822350525304955,1.2568396604787107,1,60793.51599224569,1.276858869393448,43.06345433297284,40,1,2
41.48130855155084,1.2568396604787107,1,60793.51599224569,1.276858869393448,43.06345433297284,40,1,2
41.59669904354217,1.2568396604787107,1,60793.51599224569,1.276858869393448,43.06345433297284,40,1,2
12.16375031483861,1.2568396604787107,1,60793.51599224569,1.276858869393448,43.06345433297284,40,1,2
34.143218261505496,4.775370769639798,0,91983.59066048576,1.6447863417381092,94.10434308552257,59,1,0
34.143218261505496,4.775370769639798,0,91983.59066048576,1.6447863417381092,94.10434308552257,59,1,0
34.143218261505496,4.775370769639798,0,91983.59066048576,1.6447863417381092,94.10434308552257,59,0,0
34.143218261505496,4.775370769639798,0,91983.59066048576,1.6447863417381092,94.10434308552257,59,0,0
34.143218261505496,4.775370769639798,0,91983.59066048576,1.6447863417381092,94.10434308552257,59,0,0
34.143218261505496,4.775370769639798,0,91983.59066048576,1.6447863417381092,94.10434308552257,59,0,0
34.143218261505496,4.775370769639798,0,91983.59066048576,1.6447863417381092,94.10434308552257,59,2,0
34.143218261505496,4.775370769639798,0,91983.59066048576,1.6447863417381092,94.10434308552257,59,0,0
34.143218261505496,4.775370769639798,0,91983.59066048576,1.6447863417381092,94.10434308552257,59,1,0
34.143218261505496,4.775370769639798,0,91983.59066048576,1.6447863417381092,94.10434308552257,59,2,0
34.143218261505496,4.775370769639798,0,91983.59066048576,1.6447863417381092,94.10434308552257,59,1,0
34.143218261505496,4.775370769639798,0,91983.59066048576,1.6447863417381092,94.10434308552257,59,0,0
34.143218261505496,4.775370769639798,0,91983.59066048576,1.6447863417381092,94.10434308552257,59,0,0
34.143218261505496,4.775370769639798,0,91983.59066048576,1.6447863417381092,94.10434308552257,59,0,0
34.143218261505496,4.775370769639798,0,91983.59066048576,1.6447863417381092,94.10434308552257,59,1,0
34.143218261505496,4.775370769639798,0,91983.59066048576,1.6447863417381092,94.10434308552257,59,1,0
34.143218261505496,4.775370769639798,0,91983.59066048576,1.6447863417381092,94.10434308552257,59,0,0
34.143218261505496,4.775370769639798,0,91983.59066048576,1.6447863417381092,94.10434308552257,59,2,0
34.143218261505496,4.775370769639798,0,91983.59066048576,1.6447863417381092,94.10434308552257,59,1,0
34.143218261505496,4.775370769639798,0,91983.59066048576,1.6447863417381092,94.10434308552257,59,2,0
34.143218261505496,4.775370769639798,0,91983.59066048576,1.6447863417381092,94.10434308552257,59,2,0
34.143218261505496,4.775370769639798,0,91983.59066048576,1.6447863417381092,94.10434308552257,59,2,0
34.143218261505496,4.775370769639798,0,91983.59066048576,1.6447863417381092,94.10434308552257,59,0,0
34.143218261505496,4.775370769639798,0,91983.59066048576,1.6447863417381092,94.10434308552257,59,0,0
34.143218261505496,4.775370769639798,0,91983.59066048576,1.6447863417381092,94.10434308552257,59,2,0
34.143218261505496,4.775370769639798,0,91983.59066048576,1.6447863417381092,94.10434308552257,59,1,0
34.143218261505496,4.775370769639798,0,91983.59066048576,1.6447863417381092,94.10434308552257,59,2,0
34.143218261505496,4.775370769639798,0,91983.59066048576,1.6447863417381092,94.10434308552257,59,2,0
34.143218261505496,4.775370769639798,0,91983.59066048576,1.6447863417381092,94.10434308552257,59,2,0
34.143218261505496,4.775370769639798,0,91983.59066048576,1.6447863417381092,94.10434308552257,59,0,0
26.572735845515854,4.336146089966522,1,81598.90470019961,1.8211643815165324,78.88202183850777,15,1,0
26.572735845515854,4.336146089966522,1,44219.088943284165,1.8211643815165324,78.88202183850777,15,1,0
26.572735845515854,4.336146089966522,1,70780.44640203382,1.8211643815165324,78.88202183850777,15,1,0
26.572735845515854,4.336146089966522,1,80357.21240575415,1.8211643815165324,78.88202183850777,15,1,0
26.572735845515854,4.336146089966522,1,80308.53443766646,1.8211643815165324,78.88202183850777,15,1,0
26.572735845515854,4.336146089966522,1,62785.05107208173,1.8211643815165324,78.88202183850777,15,1,0
26.572735845515854,4.336146089966522,1,66586.3023985121,1.8211643815165324,78.88202183850777,15,1,0
26.572735845515854,4.336146089966522,1,23810.039645079414,1.8211643815165324,78.88202183850777,15,1,0
26.572735845515854,4.336146089966522,1,59442.679488586844,1.8211643815165324,78.88202183850777,15,1,0
26.572735845515854,4.336146089966522,1,15084.120338524568,1.8211643815165324,78.88202183850777,15,1,0
26.572735845515854,4.336146089966522,1,57710.41035105069,1.8211643815165324,78.88202183850777,15,1,0
26.572735845515854,4.336146089966522,1,64367.94127135459,1.8211643815165324,78.88202183850777,15,1,0
26.572735845515854,4.336146089966522,1,92901.6137645858,1.8211643815165324,78.88202183850777,15,1,0
26.572735845515854,4.336146089966522,1,47264.028567582536,1.8211643815165324,78.88202183850777,15,1,0
26.572735845515854,4.336146089966522,1,2391.266209451081,1.8211643815165324,78.88202183850777,15,1,0
26.572735845515854,4.336146089966522,1,63348.881988291854,1.8211643815165324,78.88202183850777,15,1,0
26.572735845515854,4.336146089966522,1,24659.689794312544,1.8211643815165324,78.88202183850777,15,1,0
26.572735845515854,4.336146089966522,1,88961.25248239648,1.8211643815165324,78.88202183850777,15,1,0
26.572735845515854,4.336146089966522,1,46668.11976079174,1.8211643815165324,78.88202183850777,15,1,0
26.572735845515854,4.336146089966522,1,45681.560769370975,1.8211643815165324,78.88202183850777,15,1,0
26.572735845515854,4.336146089966522,1,109138.17138912487,1.8211643815165324,78.88202183850777,15,1,0
26.572735845515854,4.336146089966522,1,47180.73445686687,1.8211643815165324,78.88202183850777,15,1,0
26.572735845515854,4.336146089966522,1,41888.23519510074,1.8211643815165324,78.88202183850777,15,1,0
26.572735845515854,4.336146089966522,1,41788.44745357641,1.8211643815165324,78.88202183850777,15,1,0
26.572735845515854,4.336146089966522,1,57712.63781349773,1.8211643815165324,78.88202183850777,15,1,0
26.572735845515854,4.336146089966522,1,11231.3213658196,1.8211643815165324,78.88202183850777,15,1,0
26.572735845515854,4.336146089966522,1,65627.81905716793,1.8211643815165324,78.88202183850777,15,1,0
26.572735845515854,4.336146089966522,1,110574.43834557245,1.8211643815165324,78.88202183850777,15,1,0
26.572735845515854,4.336146089966522,1,67568.13090297322,1.8211643815165324,78.88202183850777,15,1,0
26.572735845515854,4.336146089966522,1,89279.46847377163,1.8211643815165324,78.88202183850777,15,1,0
22.18810236152907,3.9788735401551274,1,101432.68076301845,0.7180149854926876,43.112387242043255,33,2,0
22.18810236152907,3.9788735401551274,1,101432.68076301845,0.7180149854926876,43.112387242043255,33,2,2
22.18810236152907,3.9788735401551274,1,101432.68076301845,0.7180149854926876,43.112387242043255,33,2,0
22.18810236152907,3.9788735401551274,1,101432.68076301845,0.7180149854926876,43.112387242043255,33,2,2
22.18810236152907,3.9788735401551274,1,101432.68076301845,0.7180149854926876,43.112387242043255,33,2,2
22.18810236152907,3.9788735401551274,1,101432.68076301845,0.7180149854926876,43.112387242043255,33,2,2
22.18810236152907,3.9788735401551274,1,101432.68076301845,0.7180149854926876,43.112387242043255,33,2,0
22.18810236152907,3.9788735401551274,1,101432.68076301845,0.7180149854926876,43.112387242043255,33,2,2
22.18810236152907,3.9788735401551274,1,101432.68076301845,0.7180149854926876,43.112387242043255,33,2,2
22.18810236152907,3.9788735401551274,1,101432.68076301845,0.7180149854926876,43.112387242043255,33,2,2
22.18810236152907,3.9788735401551274,1,101432.68076301845,0.7180149854926876,43.112387242043255,33,2,2
22.18810236152907,3.9788735401551274,1,101432.68076301845,0.7180149854926876,43.112387242043255,33,2,0
22.18810236152907,3.9788735401551274,1,101432.68076301845,0.7180149854926876,43.112387242043255,33,2,1
22.18810236152907,3.9788735401551274,1,101432.68076301845,0.7180149854926876,43.112387242043255,33,2,1
22.18810236152907,3.9788735401551274,1,101432.68076301845,0.7180149854926876,43.112387242043255,33,2,2
22.18810236152907,3.9788735401551274,1,101432.68076301845,0.7180149854926876,43.112387242043255,33,2,1
22.18810236152907,3.9788735401551274,1,101432.68076301845,0.7180149854926876,43.112387242043255,33,2,1
22.18810236152907,3.9788735401551274,1,101432.68076301845,0.7180149854926876,43.112387242043255,33,2,0
22.18810236152907,3.9788735401551274,1,101432.68076301845,0.7180149854926876,43.112387242043255,33,2,1
22.18810236152907,3.9788735401551274,1,101432.68076301845,0.7180149854926876,43.112387242043255,33,2,1
22.18810236152907,3.9788735401551274,1,101432.68076301845,0.7180149854926876,43.112387242043255,33,2,1
22.18810236152907,3.9788735401551274,1,101432.68076301845,0.7180149854926876,43.112387242043255,33,2,0
22.18810236152907,3.9788735401551274,1,101432.68076301845,0.7180149854926876,43.112387242043255,33,2,1
22.18810236152907,3.9788735401551274,1,101432.68076301845,0.7180149854926876,43.112387242043255,33,2,1
22.18810236152907,3.9788735401551274,1,101432.68076301845,0.7180149854926876,43.112387242043255,33,2,0
22.18810236152907,3.9788735401551274,1,101432.68076301845,0.7180149854926876,43.112387242043255,33,2,1
22.18810236152907,3.9788735401551274,1,101432.68076301845,0.7180149854926876,43.112387242043255,33,2,2
22.18810236152907,3.9788735401551274,1,101432.68076301845,0.7180149854926876,43.112387242043255,33,2,0
22.18810236152907,3.9788735401551274,1,101432.68076301845,0.7180149854926876,43.112387242043255,33,2,1
22.18810236152907,3.9788735401551274,1,101432.68076301845,0.7180149854926876,43.112387242043255,33,2,1
33.5941287521898,1.3387818212853053,0,115956.23537711157,3.7781677840301464,46.78258487762636,55,2,1
33.5941287521898,1.3387818212853053,0,115956.23537711157,3.7781677840301464,84.79828933204615,55,2,1
33.5941287521898,1.3387818212853053,0,115956.23537711157,3.7781677840301464,10.575941257246292,55,2,1
33.5941287521898,1.3387818212853053,0,115956.23537711157,3.7781677840301464,20.274980695199666,55,2,1
33.5941287521898,1.3387818212853053,0,115956.23537711157,3.7781677840301464,61.511694714658944,55,2,1
33.5941287521898,1.3387818212853053,0,115956.23537711157,3.7781677840301464,48.551247461737866,55,2,1
33.5941287521898,1.3387818212853053,0,115956.23537711157,3.7781677840301464,79.84160162180632,55,2,1
33.5941287521898,1.3387818212853053,0,115956.23537711157,3.7781677840301464,39.94280253070204,55,2,1
33.5941287521898,1.3387818212853053,0,115956.23537711157,3.7781677840301464,23.666252201399516,55,2,1
33.5941287521898,1.3387818212853053,0,115956.23537711157,3.7781677840301464,111.82145079170343,55,2,1
33.5941287521898,1.3387818212853053,0,115956.23537711157,3.7781677840301464,29.267579198764185,55,2,1
33.5941287521898,1.3387818212853053,0,115956.23537711157,3.7781677840301464,17.647716891988154,55,2,1
33.5941287521898,1.3387818212853053,0,115956.23537711157,3.7781677840301464,33.5872985181856,55,2,1
33.5941287521898,1.3387818212853053,0,115956.23537711157,3.7781677840301464,40.76692528182376,55,2,1
33.5941287521898,1.3387818212853053,0,115956.23537711157,3.7781677840301464,27.013919119123386,55,2,1
33.5941287521898,1.3387818212853053,0,115956.23537711157,3.7781677840301464,64.35797412766968,55,2,1
33.5941287521898,1.3387818212853053,0,115956.23537711157,3.7781677840301464,112.4320614801239,55,2,1
33.5941287521898,1.3387818212853053,0,115956.23537711157,3.7781677840301464,15.122262181813273,55,2,1
33.5941287521898,1.3387818212853053,0,115956.23537711157,3.7781677840301464,49.81975354600242,55,2,1
33.5941287521898,1.3387818212853053,0,115956.23537711157,3.7781677840301464,80.17889292407642,55,2,1
33.5941287521898,1.3387818212853053,0,115956.23537711157,3.7781677840301464,106.16579789824905,55,2,1
33.5941287521898,1.3387818212853053,0,115956.23537711157,3.7781677840301464,119.97636339422378,55,2,1
33.5941287521898,1.3387818212853053,0,115956.23537711157,3.7781677840301464,17.236433561722265,55,2,1
33.5941287521898,1.3387818212853053,0,115956.23537711157,3.7781677840301464,64.47572693127793,55,2,1
33.5941287521898,1.3387818212853053,0,115956.23537711157,3.7781677840301464,105.74406344705902,55,2,1
33.5941287521898,1.3387818212853053,0,115956.23537711157,3.7781677840301464,6.363560983010617,55,2,1
33.5941287521898,1.3387818212853053,0,115956.23537711157,3.7781677840301464,70.59517870269502,55,2,1
33.5941287521898,1.3387818212853053,0,115956.23537711157,3.7781677840301464,20.86936192659524,55,2,1
33.5941287521898,1.3387818212853053,0,115956.23537711157,3.7781677840301464,92.13963145985146,55,2,1
33.5941287521898,1.3387818212853053,0,115956.23537711157,3.7781677840301464,112.51572416722946,55,2,1
45.03441444220571,1.380860236661342,0,8148.0727366001065,5.3828819266067915,17.549999777175533,26,2,2
45.03441444220571,1.380860236661342,0,8148.0727366001065,0.08966473250435758,17.549999777175533,26,2,2
45.03441444220571,1.380860236661342,0,8148.0727366001065,0.6425032164804212,17.549999777175533,26,2,2
45.03441444220571,1.380860236661342,0,8148.0727366001065,4.157019239192223,17.549999777175533,26,2,2
45.03441444220571,1.380860236661342,0,8148.0727366001065,8.473039702317086,17.549999777175533,26,2,2
45.03441444220571,1.380860236661342,0,8148.0727366001065,2.3676692267033106,17.549999777175533,26,2,2
45.03441444220571,1.380860236661342,0,8148.0727366001065,6.69137573132174,17.549999777175533,26,2,2
45.03441444220571,1.380860236661342,0,8148.0727366001065,4.053078421239325,17.549999777175533,26,2,2
45.03441444220571,1.380860236661342,0,8148.0727366001065,2.651551901680297,17.549999777175533,26,2,2
45.03441444220571,1.380860236661342,0,8148.0727366001065,7.03889108027187,17.549999777175533,26,2,2
45.03441444220571,1.380860236661342,0,8148.0727366001065,3.0825675571483946,17.549999777175533,26,2,2
45.03441444220571,1.380860236661342,0,8148.0727366001065,3.7188094920948913,17.549999777175533,26,2,2
45.03441444220571,1.380860236661342,0,8148.0727366001065,7.653103087676975,17.549999777175533,26,2,2
45.03441444220571,1.380860236661342,0,8148.0727366001065,4.951999085990378,17.549999777175533,26,2,2
45.03441444220571,1.380860236661342,0,8148.0727366001065,7.839185609550596,17.549999777175533,26,2,2
45.03441444220571,1.380860236661342,0,8148.0727366001065,5.163005311701312,17.549999777175533,26,2,2
45.03441444220571,1.380860236661342,0,8148.0727366001065,1.5997166501999804,17.549999777175533,26,2,2
45.03441444220571,1.380860236661342,0,8148.0727366001065,4.436978241987264,17.549999777175533,26,2,2
45.03441444220571,1.380860236661342,0,8148.0727366001065,8.72765062632974,17.549999777175533,26,2,2
45.03441444220571,1.380860236661342,0,8148.0727366001065,5.649178450334751,17.549999777175533,26,2,2
45.03441444220571,1.380860236661342,0,8148.0727366001065,9.648155495868265,17.549999777175533,26,2,2
45.03441444220571,1.380860236661342,0,8148.0727366001065,0.01148413743897403,17.549999777175533,26,2,2
45.03441444220571,1.380860236661342,0,8148.0727366001065,3.4036646605176593,17.549999777175533,26,2,2
45.03441444220571,1.380860236661342,0,8148.0727366001065,7.690501541914631,17.549999777175533,26,2,2
45.03441444220571,1.380860236661342,0,8148.0727366001065,6.861509613185092,17.549999777175533,26,2,2
45.03441444220571,1.380860236661342,0,8148.0727366001065,5.609786443382162,17.549999777175533,26,2,2
45.03441444220571,1.380860236661342,0,8148.0727366001065,6.637430301546088,17.549999777175533,26,2,2
45.03441444220571,1.380860236661342,0,8148.0727366001065,8.764309030577204,17.549999777175533,26,2,2
45.03441444220571,1.380860236661342,0,8148.0727366001065,6.835514425311189,17.549999777175533,26,2,2
45.03441444220571,1.380860236661342,0,8148.0727366001065,5.47228558793293,17.549999777175533,26,2,2
27.564377992626504,1.5771432120948248,0,35035.97094696578,1.996570046829046,0.9694496869325242,21,0,1
27.564377992626504,1.5771432120948248,1,35035.97094696578,1.996570046829046,0.9694496869325242,21,0,1
27.564377992626504,1.5771432120948248,1,35035.97094696578,1.996570046829046,0.9694496869325242,21,0,1
27.564377992626504,1.5771432120948248,1,35035.97094696578,1.996570046829046,0.9694496869325242,21,0,1
27.564377992626504,1.5771432120948248,0,35035.97094696578,1.996570046829046,0.9694496869325242,21,0,1
27.564377992626504,1.5771432120948248,0,35035.97094696578,1.996570046829046,0.9694496869325242,21,0,1
27.564377992626504,1.5771432120948248,1,35035.97094696578,1.996570046829046,0.9694496869325242,21,0,1
27.564377992626504,1.5771432120948248,1,35035.97094696578,1.996570046829046,0.9694496869325242,21,0,1
27.564377992626504,1.5771432120948248,0,35035.97094696578,1.996570046829046,0.9694496869325242,21,0,1
27.564377992626504,1.5771432120948248,1,35035.97094696578,1.996570046829046,0.9694496869325242,21,0,1
27.564377992626504,1.5771432120948248,0,35035.97094696578,1.996570046829046,0.9694496869325242,21,0,1
27.564377992626504,1.5771432120948248,1,35035.97094696578,1.996570046829046,0.9694496869325242,21,0,1
27.564377992626504,1.5771432120948248,1,35035.97094696578,1.996570046829046,0.9694496869325242,21,0,1
27.564377992626504,1.5771432120948248,0,35035.97094696578,1.996570046829046,0.9694496869325242,21,0,1
27.564377992626504,1.5771432120948248,0,35035.97094696578,1.996570046829046,0.9694496869325242,21,0,1
27.564377992626504,1.5771432120948248,0,35035.97094696578,1.996570046829046,0.9694496869325242,21,0,1
27.564377992626504,1.5771432120948248,0,35035.97094696578,1.996570046829046,0.9694496869325242,21,0,1
27.564377992626504,1.5771432120948248,1,35035.97094696578,1.996570046829046,0.9694496869325242,21,0,1
27.564377992626504,1.5771432120948248,0,35035.97094696578,1.996570046829046,0.9694496869325242,21,0,1
27.564377992626504,1.5771432120948248,1,35035.97094696578,1.996570046829046,0.9694496869325242,21,0,1
27.564377992626504,1.5771432120948248,0,35035.97094696578,1.996570046829046,0.9694496869325242,21,0,1
27.564377992626504,1.5771432120948248,1,35035.97094696578,1.996570046829046,0.9694496869325242,21,0,1
27.564377992626504,1.5771432120948248,0,35035.97094696578,1.996570046829046,0.9694496869325242,21,0,1
27.564377992626504,1.5771432120948248,1,35035.97094696578,1.996570046829046,0.9694496869325242,21,0,1
27.564377992626504,1.5771432120948248,0,35035.97094696578,1.996570046829046,0.9694496869325242,21,0,1
27.564377992626504,1.5771432120948248,0,35035.97094696578,1.996570046829046,0.9694496869325242,21,0,1
27.564377992626504,1.5771432120948248,0,35035.97094696578,1.996570046829046,0.9694496869325242,21,0,1
27.564377992626504,1.5771432120948248,0,35035.97094696578,1.996570046829046,0.9694496869325242,21,0,1
27.564377992626504,1.5771432120948248,0,35035.97094696578,1.996570046829046,0.9694496869325242,21,0,1
27.564377992626504,1.5771432120948248,1,35035.97094696578,1.996570046829046,0.9694496869325242,21,0,1
40.34821844619676,4.781336274180493,0,81598.90470019961,5.3828819266067915,46.78258487762636,81,1,0
45.139207386650156,1.4210058187439571,1,44219.088943284165,0.08966473250435758,84.79828933204615,8,1,2
14.092796876882975,3.2427360353991252,1,70780.44640203382,0.6425032164804212,10.575941257246292,18,0,0
43.99073349864615,3.481079983350777,1,80357.21240575415,4.157019239192223,20.274980695199666,23,0,2
25.757093305293406,1.4636037450624357,0,80308.53443766646,8.473039702317086,61.511694714658944,18,0,2
29.187356940491,0.007450417544180854,0,62785.05107208173,2.3676692267033106,48.551247461737866,80,0,2
15.853382790327938,4.867301373832063,1,66586.3023985121,6.69137573132174,79.84160162180632,87,2,0
37.93705379788374,1.4920061150843784,1,23810.039645079414,4.053078421239325,39.94280253070204,58,0,2
21.679144639514043,1.569930010171684,0,59442.679488586844,2.651551901680297,23.666252201399516,3,1,2
44.84556599174356,4.458555352225786,1,15084.120338524568,7.03889108027187,111.82145079170343,9,2,2
21.014975077923083,2.9258146994545404,0,57710.41035105069,3.0825675571483946,29.267579198764185,33,1,2
32.4723887492356,2.3565483259091566,1,64367.94127135459,3.7188094920948913,17.647716891988154,43,0,0
25.98624884521811,3.866385048244082,1,92901.6137645858,7.653103087676975,33.5872985181856,62,0,1
34.516379676097564,0.15173003831235599,0,47264.028567582536,4.951999085990378,40.76692528182376,48,0,1
17.86556959088495,3.534825478278117,0,2391.266209451081,7.839185609550596,27.013919119123386,26,1,2
17.211501633723806,1.871219167392354,0,63348.881988291854,5.163005311701312,64.35797412766968,16,1,1
39.87441542599352,0.45426356752128916,0,24659.689794312544,1.5997166501999804,112.4320614801239,69,0,1
40.088936734771096,3.302500337139474,1,88961.25248239648,4.436978241987264,15.122262181813273,74,2,0
32.67911497811649,4.657319273706772,0,46668.11976079174,8.72765062632974,49.81975354600242,3,1,1
46.8431870913172,1.0359558404050062,1,45681.560769370975,5.649178450334751,80.17889292407642,11,2,1
18.231001929160755,3.150450998926715,0,109138.17138912487,9.648155495868265,106.16579789824905,45,2,1
44.03604498366606,1.4908154532871238,1,47180.73445686687,0.01148413743897403,119.97636339422378,39,2,0
16.75949245308345,3.7087834003466518,0,41888.23519510074,3.4036646605176593,17.236433561722265,89,0,1
48.574308835771184,3.6108240407105874,1,41788.44745357641,7.690501541914631,64.47572693127793,52,0,1
34.94770912424607,1.0935771228440228,0,57712.63781349773,6.861509613185092,105.74406344705902,42,2,0
34.27535152040059,4.149434371371561,0,11231.3213658196,5.609786443382162,6.363560983010617,43,1,1
48.822350525304955,3.288261054366216,0,65627.81905716793,6.637430301546088,70.59517870269502,67,2,2
41.48130855155084,3.4139945393017515,0,110574.43834557245,8.764309030577204,20.86936192659524,59,2,0
41.59669904354217,4.100378750852675,0,67568.13090297322,6.835514425311189,92.13963145985146,17,2,1
12.16375031483861,2.1428645214923097,1,89279.46847377163,5.47228558793293,112.51572416722946,74,0,1
18.053369911256052,4.781336274180493,0,81598.90470019961,5.3828819266067915,46.78258487762636,17,1,0
15.771098365827752,3.150450998926715,1,82014.67552485153,6.076637029823766,78.36500339592784,88,2,1
41.51361784847351,3.411211934183075,1,108567.33657627212,3.34394276596801,20.847960872627638,23,2,2
14.092796876882975,4.619050936296897,0,70780.44640203382,0.8045399448650361,48.61834958746799,18,0,0
45.05593157409572,1.4177958913098263,1,47180.73445686687,0.03193104663836735,119.97636339422378,38,2,0
21.679144639514043,1.569930010171684,0,59442.679488586844,2.5653258640908585,91.9113497394655,3,1,2
46.8431870913172,1.0359558404050062,1,45681.560769370975,5.649178450334751,80.17889292407642,48,0,1
40.10010555376854,3.3022909987309825,1,42487.15195405927,3.456452014575521,17.204341947464208,74,2,0
48.57427472849573,3.288261054366216,0,40954.18266292776,6.643549954987033,64.21199434630944,67,2,2
17.86556959088495,1.1593680092951326,0,26573.940842735912,7.839185609550596,27.013919119123386,26,0,2
29.868494675694137,4.6655012082028495,1,64503.45385883765,2.034704930867693,111.82145079170343,9,2,2
39.905042702367716,0.740826262438955,0,21095.148611234195,1.5997166501999804,112.15500030050535,69,0,0
12.145796282198543,2.1428645214923097,1,89279.46847377163,8.445062798348665,109.63550676620588,67,0,1
34.27535152040059,3.8486203868532427,0,11231.3213658196,7.557201643245024,6.363560983010617,43,0,1
34.679020831287865,1.0935771228440228,0,57712.63781349773,6.860493706160456,104.81254986582883,45,2,2
39.506473853452604,1.871219167392354,0,63348.881988291854,4.620696811791499,64.35797412766968,79,1,1
18.313286353661027,4.867301373832063,0,111477.82781755278,9.987604392034878,105.37088997284143,44,2,0
43.95842420172345,3.4838625884694534,0,82364.1390004778,9.278605279650508,31.149137077116723,52,0,0
32.67911497811649,3.1032281473093235,1,48359.67786764103,8.853271301220905,11.777926646014311,3,1,1
44.11932079622049,1.4940253807212547,1,44219.088943284165,0.00690699917902745,84.79828933204615,8,1,2
41.59669904354217,4.100378750852675,0,67568.13090297322,7.086997994287511,23.894693646041475,17,2,1
34.516379676097564,0.15173003831235599,0,47264.028567582536,4.951999085990378,30.207867824068682,11,2,1
16.74855423550605,3.708992738755143,0,88362.33475395737,4.384190887929402,15.154353796071327,89,0,1
48.8223846325804,3.6108240407105874,1,66462.08384788276,7.684381888473653,70.85891128766352,52,0,1
34.147522042832904,3.760765743861627,1,781.7934526641639,4.053078421239325,39.94280253070204,67,1,2
44.164359996827294,0.15404435797869853,0,13367.34153560844,7.371870773096887,44.025436655050285,80,0,2
32.38952869847969,2.3565483259091566,1,59324.87719767747,3.7188094920948913,17.793010495489007,43,0,1
25.777851680638122,1.4636037450624357,0,80131.37019549543,5.802190726815647,64.38034783416478,18,0,2
26.29944897000437,4.167199032762397,1,92901.6137645858,5.705687887665817,33.5872985181856,62,1,1
21.55503011855736,2.9258146994545404,0,66883.35783967294,3.0835834660024437,35.23676315756801,33,1,0
49.41401400985536,3.6108240407105874,0,66822.56956015855,7.684381888473653,70.85891128766352,52,0,1
40.751703998778815,3.9921190440190015,1,45001.43739902602,6.6011892269305275,80.17889292407642,43,0,1
14.092796876882975,3.2427360353991252,1,108134.02049406242,0.6425032164804212,10.506782040770593,18,0,0
18.053369911256052,4.908765008136917,0,81598.90470019961,5.3828819266067915,46.78258487762636,17,1,1
17.687652180057164,0.523532518708121,0,26484.673036363263,5.163005311701312,28.908376104955813,73,1,1
14.092796876882975,4.8365426678803205,0,70780.44640203382,0.8045399448650361,48.61834958746799,17,0,0
32.67911497811649,3.1032281473093235,1,48359.67786764103,9.10585734838251,14.988737844283515,9,1,2
26.802216791089236,1.265211682406215,1,44178.03474212588,5.649178450334751,74.5409899018071,11,2,1
44.01522366095453,3.481079983350777,1,80357.21240575415,5.3393106801002705,97.27647554245665,23,0,2
26.29944897000437,4.25504601688109,1,92901.6137645858,5.705687887665817,17.444609079221596,43,0,0
34.1873555726382,1.2930725550413271,1,47173.902593632316,4.979363164593453,119.97636339422378,39,2,0
23.35553389525537,2.0440802488370897,0,66883.35783967294,3.6888949619474287,16.466860096381787,32,1,0
17.86556959088495,3.5871478981686935,0,726.6214694621026,7.839185609550596,18.37337723009088,26,1,2
44.84556599174356,4.458555352225786,1,44118.19589042087,6.274421040706431,85.38251851549028,12,1,2
43.95842420172345,3.7431511635956696,0,82364.1390004778,8.849744370221169,31.149137077116723,40,0,2
33.76418883118849,0.7647996579091687,1,46903.54285530704,4.951999085990378,26.586541782596402,48,0,1
34.539234746106544,0.8924884702802873,0,11462.081818854807,7.085521535343064,2.437876696368959,24,0,1
41.51361784847351,3.411211934183075,1,71213.46527951903,3.34394276596801,15.449871079709617,23,2,2
32.67911497811649,4.657319273706772,0,46668.11976079174,8.72765062632974,49.81975354600242,3,1,0
39.39838076933183,1.8019574276855006,0,62259.79036772447,1.5997166501999804,112.4320614801239,12,0,1
17.86556959088495,1.1593680092951326,0,26573.940842735912,7.453460988739103,27.013919119123386,26,0,2
44.11932079622049,1.4940253807212547,1,44219.088943284165,0.06001181331911454,84.79828933204615,2,1,1
46.666984446788334,1.0430905276233646,0,81812.06044876837,8.473039702317086,78.43500618782635,28,0,2
12.203732617056485,2.1428645214923097,1,89279.46847377163,4.289994147024883,24.25111625220405,74,0,1
31.748391204119056,2.2686942356801163,1,64367.94127135459,3.7188094920948913,33.79040633486939,74,1,1
45.38493683731648,0.1551756058941467,0,47270.86043081709,0.08844577962040523,30.207867824068682,10,2,1
32.97587716259622,2.9241761507107253,1,59324.87719767747,3.7352371376963722,36.562913664385306,43,0,1
29.868494675694137,4.613169340076059,1,64503.45385883765,2.034704930867693,111.82145079170343,9,2,2
45.139207386650156,1.4210058187439571,1,15185.018712216672,0.08966473250435758,111.23701387021947,9,2,2
21.679144639514043,0.6408087011003499,0,59442.679488586844,2.651551901680297,23.666252201399516,3,1,0
41.51361784847351,3.411211934183075,1,108567.33657627212,3.34394276596801,20.847960872627638,23,2,0
14.092796876882975,1.0746891712537896,0,46226.32564074315,5.570477187457147,51.99469056448323,17,0,0
34.516379676097564,0.15173003831235599,0,47264.028567582536,4.727385669362372,30.207867824068682,7,2,1
38.57803370011891,4.409842305044604,0,48973.94115582322,7.991403801094254,112.14391436033728,12,1,0
26.802216791089236,1.265211682406215,0,40922.10641038568,5.649178450334751,74.5409899018071,11,1,0
46.332414823890986,3.6108240407105874,1,66295.54245501688,8.566890387003964,21.241029537288743,53,0,1
44.11932079622049,1.4940253807212547,1,44219.088943284165,4.874609280160328,89.32106320903404,2,1,0
21.679144639514043,4.32115380866321,0,55089.726453552525,2.0365297701352327,113.6264952034672,4,1,2
14.092796876882975,3.2427360353991252,1,26997.98699916981,0.8743106212131724,11.509001406375603,18,0,0
39.87441542599352,0.45426356752128916,0,24659.689794312544,7.054671892876666,112.42882022722077,69,0,1
32.67911497811649,3.129436182202173,1,42684.50452981772,9.10585734838251,14.988737844283515,10,1,2
26.29944897000437,4.25504601688109,1,92901.6137645858,3.4092008471416855,27.095119480845202,43,0,0
32.129606490810716,1.4210058187439571,1,15185.018712216672,0.08966473250435758,0.20724427409914536,25,0,2
21.944988990943212,2.931036558449773,0,66883.35783967294,3.0835834660024437,35.23676315756801,48,0,0
12.282713039352652,0.7647996579091687,1,50549.33452537757,4.951999085990378,26.586541782596402,18,0,1
18.053369911256052,4.781336274180493,0,81598.90470019961,5.3828819266067915,46.78258487762636,17,1,2
46.8431870913172,4.577821764202876,1,70235.6815306667,0.8839876440519352,80.17889292407642,11,2,1
12.16375031483861,2.1428645214923097,1,89279.46847377163,5.47228558793293,115.80095849493539,69,0,1
32.927918905768344,2.0140976080317845,0,62259.79036772447,1.9847100120026893,50.07730877147294,2,0,1
21.679144639514043,0.6408087011003499,1,59442.679488586844,2.651551901680297,23.666252201399516,3,2,1
43.99073349864615,3.481079983350777,1,80523.75379862,4.287740294162468,76.96981539582299,22,0,2
36.25966270078621,1.1046813028654336,1,41975.170257429505,0.12447132197134492,113.29342850300169,37,2,1
29.868494675694137,1.4359163669685788,1,64503.45385883765,2.879885195062613,20.239159483443757,9,2,2
17.86556959088495,1.1593680092951326,0,70356.40248301151,7.2279909567056535,20.147047082448687,18,0,2
44.84556599174356,4.458555352225786,1,15084.120338524568,1.7035606368241352,111.82469204460656,9,2,2
44.11932079622049,1.4940253807212547,1,48337.87329328068,0.00690699917902745,84.79828933204615,12,1,2
17.86556959088495,1.1593680092951326,0,26573.940842735912,7.839185609550596,12.82115034924125,26,0,2
44.936311403390654,0.9507854056657352,0,11462.081818854807,7.085521535343064,117.54396144937017,8,2,1
49.71677445452365,0.9957310795100321,1,32289.35283409591,5.633951425329265,70.70395081859847,33,1,1
36.76555151991441,2.947262199705275,1,108028.02943288635,0.6425032164804212,10.506782040770593,48,0,0
12.16375031483861,4.509075898885533,1,90159.57344640265,5.47228558793293,112.51572416722946,17,0,1
22.549251281480647,2.92485340657416,0,66883.35783967294,1.0202682164523145,34.82640088499401,33,1,0
32.14193271144529,1.28877372866519,1,47173.902593632316,4.979363164593453,11.076061502185418,39,0,0
17.86556959088495,1.2646208513805042,1,26573.940842735912,5.613821921389163,27.013919119123386,26,2,2
33.16963052422217,3.472906785997524,1,109887.96016146256,0.6425032164804212,48.69280410362986,18,0,0
33.76418883118849,0.7647996579091687,0,61919.72169526361,4.951999085990378,51.397368555163744,48,0,1
19.196933851949137,0.7647996579091687,1,50549.33452537757,4.951999085990378,26.586541782596402,0,0,1
45.11540765457027,1.4210058187439571,1,46965.31465727856,0.08966473250435758,112.2385222002481,14,1,2
46.8431870913172,1.0359558404050062,1,45681.560769370975,5.649178450334751,80.17889292407642,39,0,1
32.44729891270213,2.8819173625680277,1,62570.12702332909,1.0556176537225088,17.800256543387498,15,0,1
21.679144639514043,1.2382965982240517,0,41848.94544611086,2.6508736468959277,74.51340895064735,3,1,0
44.11932079622049,1.4940253807212547,1,35109.10072010654,4.874609280160328,89.32106320903404,2,1,0
45.60184397882326,1.4940253807212547,1,44219.088943284165,0.00690699917902745,84.79828933204615,8,1,2
13.887586315879751,0.929478211386565,1,45681.560769370975,5.649178450334751,80.17889292407642,11,2,1
34.458225442199556,0.07955614584529325,0,47709.76603314414,4.887783768089857,30.207867824068682,7,2,1
39.19174345928431,2.043316259760834,0,42156.885764642015,7.991403801094254,112.14391436033728,69,1,0
13.95204316137444,3.243697328279506,1,26997.98699916981,2.937628532078922,11.919370629561078,18,0,0
34.17502935200362,1.4253046451200944,1,15185.018712216672,0.08966473250435758,108.96650559373865,25,2,2
26.802216791089236,1.1599588403208432,0,44178.03474212588,7.8745421362949966,74.5409899018071,11,0,1
13.605437533008423,4.657319273706772,0,44892.895723751455,8.72765062632974,11.634344203123657,3,1,0
32.927918905768344,2.0140976080317845,1,48305.494942546844,1.9847100120026893,25.266482023543297,5,0,1
44.11932079622049,1.4797554051992137,1,44219.088943284165,0.06001181331911454,84.79828933204615,18,1,1
44.14312052830038,1.4940253807212547,1,16557.592037973838,0.00690699917902745,83.79607415519204,14,2,2
17.208524885952546,1.0746891712537896,0,46226.32564074315,5.570477187457147,51.99469056448323,18,0,0
39.63019683467785,1.8703036264615531,0,42374.16787421465,9.445857390515616,94.62278223677583,10,1,2
26.802216791089236,0.6045976476345793,0,58515.84045286213,5.649856709080476,23.693854452229164,11,1,0
32.67911497811649,3.1032281473093235,1,48359.67786764103,7.9224973074049405,14.988737844283515,9,1,2
18.373623956065757,4.781336274180493,0,79193.44838534368,5.3828819266067915,46.78258487762636,19,1,0
47.024902725233595,3.349220924866456,1,70780.44640203382,0.6656793563764207,10.575941257246292,24,0,0
17.923729982536052,1.3973821821721562,0,26128.203378625447,7.293062888222353,23.68427035709317,26,0,2
40.34821844619676,4.781336274180493,0,81598.90470019961,5.3828819266067915,46.78258487762636,81,1,0
45.139207386650156,1.4210058187439571,1,44219.088943284165,0.08966473250435758,84.79828933204615,8,1,2
14.092796876882975,3.2427360353991252,1,70780.44640203382,0.6425032164804212,10.575941257246292,18,0,0
43.99073349864615,3.481079983350777,1,80357.21240575415,4.157019239192223,20.274980695199666,23,0,2
25.757093305293406,1.4636037450624357,0,80308.53443766646,8.473039702317086,61.511694714658944,18,0,2
29.187356940491,0.007450417544180854,0,62785.05107208173,2.3676692267033106,48.551247461737866,80,0,2
15.853382790327938,4.867301373832063,1,66586.3023985121,6.69137573132174,79.84160162180632,87,2,0
37.93705379788374,1.4920061150843784,1,23810.039645079414,4.053078421239325,39.94280253070204,58,0,2
21.679144639514043,1.569930010171684,0,59442.679488586844,2.651551901680297,23.666252201399516,3,1,2
44.84556599174356,4.458555352225786,1,15084.120338524568,7.03889108027187,111.82145079170343,9,2,2
21.014975077923083,2.9258146994545404,0,57710.41035105069,3.0825675571483946,29.267579198764185,33,1,2
32.4723887492356,2.3565483259091566,1,64367.94127135459,3.7188094920948913,17.647716891988154,43,0,0
25.98624884521811,3.866385048244082,1,92901.6137645858,7.653103087676975,33.5872985181856,62,0,1
34.516379676097564,0.15173003831235599,0,47264.028567582536,4.951999085990378,40.76692528182376,48,0,1
17.86556959088495,3.534825478278117,0,2391.266209451081,7.839185609550596,27.013919119123386,26,1,2
17.211501633723806,1.871219167392354,0,63348.881988291854,5.163005311701312,64.35797412766968,16,1,1
39.87441542599352,0.45426356752128916,0,24659.689794312544,1.5997166501999804,112.4320614801239,69,0,1
40.088936734771096,3.302500337139474,1,88961.25248239648,4.436978241987264,15.122262181813273,74,2,0
32.67911497811649,4.657319273706772,0,46668.11976079174,8.72765062632974,49.81975354600242,3,1,1
46.8431870913172,1.0359558404050062,1,45681.560769370975,5.649178450334751,80.17889292407642,11,2,1
18.231001929160755,3.150450998926715,0,109138.17138912487,9.648155495868265,106.16579789824905,45,2,1
44.03604498366606,1.4908154532871238,1,47180.73445686687,0.01148413743897403,119.97636339422378,39,2,0
16.75949245308345,3.7087834003466518,0,41888.23519510074,3.4036646605176593,17.236433561722265,89,0,1
48.574308835771184,3.6108240407105874,1,41788.44745357641,7.690501541914631,64.47572693127793,52,0,1
34.94770912424607,1.0935771228440228,0,57712.63781349773,6.861509613185092,105.74406344705902,42,2,0
34.27535152040059,4.149434371371561,0,11231.3213658196,5.609786443382162,6.363560983010617,43,1,1
48.822350525304955,3.288261054366216,0,65627.81905716793,6.637430301546088,70.59517870269502,67,2,2
41.48130855155084,3.4139945393017515,0,110574.43834557245,8.764309030577204,20.86936192659524,59,2,0
41.59669904354217,4.100378750852675,0,67568.13090297322,6.835514425311189,92.13963145985146,17,2,1
12.16375031483861,2.1428645214923097,1,89279.46847377163,5.47228558793293,112.51572416722946,74,0,1
18.231001929160755,3.150450998926715,0,109138.17138912487,9.648155495868265,119.93124803232762,48,2,1
40.34821844619676,4.781336274180493,0,81598.90470019961,4.7840749891524865,46.78258487762636,62,0,0
32.4723887492356,2.3565483259091566,1,64367.94127135459,3.9976561185301547,17.647716891988154,43,0,0
45.091298112062525,4.187693011314053,1,64263.4175577313,0.06436378336491089,89.0055756114001,8,1,2
38.11985497715542,1.382186233966033,1,12090.601098596278,4.0129884725458975,19.459188533682337,58,0,2
17.967174379029572,3.534825478278117,0,8023.198769989154,8.287101060313496,60.26958154166336,26,1,2
14.092796876882975,3.2427360353991252,1,47818.54372924528,1.3274957056771752,10.575941257246292,35,2,0
39.603748085451116,3.4139945393017515,0,119803.15373907593,8.764309030577204,16.686589617357328,59,2,0
40.80888440318979,2.954250043580612,1,88857.10141420669,3.0815442713744425,29.559097151876664,74,2,0
33.88840811956183,1.3784778180526898,0,58450.93101558786,5.6113106814364775,23.666252201399516,3,1,2
44.71963249403824,1.0919812499320287,1,15731.316503630853,7.03889108027187,111.51098434343866,9,2,2
17.211501633723806,2.6119770542660774,0,61078.13734167322,5.054076744374865,64.35385333876248,17,1,1
46.8431870913172,0.6483644647392001,1,45572.44460585575,5.364264137665499,80.17889292407642,11,1,1
16.55957601443864,3.687173112633755,1,89279.46847377163,3.3291435990285816,112.51572416722946,88,0,1
29.187356940491,0.007450417544180854,0,62785.05107208173,2.3676692267033106,48.551247461737866,79,0,2
34.516379676097564,0.15173003831235599,0,47264.028567582536,4.951999085990378,35.87937003961713,45,0,1
25.98624884521811,3.866385048244082,1,92901.6137645858,7.653103087676975,33.5872985181856,76,1,1
48.822350525304955,3.288261054366216,0,65627.81905716793,5.969921516914501,70.59517870269502,57,2,2
41.64460831809372,1.3336394801504132,0,45324.29013492429,7.068960431900299,85.06537066876832,17,2,1
43.80793231714133,3.5908998871589324,1,92113.30255578461,4.222172772943188,38.1913953308755,26,0,2
25.655488520039214,1.7726899935108578,0,82008.02356731599,7.828809768661904,28.256032433577058,18,0,2
44.03604498366606,1.4908154532871238,1,70142.63712965639,0.01148413743897403,119.97636339422378,19,0,0
39.92360860192038,0.45426356752128916,0,26257.627026235205,1.6675605957630246,115.80521389657864,69,0,1
19.836769141069276,3.2740649930134023,0,57814.5614071336,4.438001527761243,20.04662871278792,33,1,2
22.066088049495818,4.340646973834249,0,12224.68812981803,2.6500276671064467,6.363560983010617,43,1,1
35.07364096659339,4.45954638383651,0,57065.56730983137,6.861509613185092,106.05452989525206,42,2,0
46.40507388329588,3.611063240800876,1,41788.44745357641,7.799430092513845,64.47984772018513,53,0,1
32.67911497811649,4.632729327680424,0,46777.235924306966,9.012456325394337,60.672508558329014,3,2,1
12.363668360334827,2.1644748051783953,0,49090.78694205271,5.546806649435005,17.236433561722265,75,0,1
15.853382790327938,4.867301373832063,1,62321.99764219819,6.832350564777251,79.84160162180632,87,2,0
35.60753980999479,1.3784778180526898,0,58450.93101558786,5.6113106814364775,52.10962675646873,3,1,2
45.139207386650156,1.333266600112206,0,44152.064721420255,0.0196125350229015,84.79828933204615,8,1,2
49.321622061809,4.8648135459532265,0,46777.235924306966,9.530080500956409,60.672508558329014,3,2,1
17.45590302531214,2.357930219424,0,61078.13734167322,5.096012857729701,64.35385333876248,42,1,0
44.53155671164957,4.181203865365828,1,93837.08437275834,3.3291435990285816,112.51572416722946,9,1,2
25.783588270578125,1.441532185508266,0,80242.36661972119,9.157820412789118,61.511694714658944,18,0,0
17.307444541903607,1.871219167392354,0,63454.75669459003,5.269167835944632,64.35797412766968,23,1,1
41.01530711886473,4.059276522770201,0,89279.46847377163,6.507391663562918,112.51572416722946,74,0,1
14.322860837725283,3.2427360353991252,1,70935.0437792646,0.6425032164804212,10.575941257246292,36,2,0
19.836769141069276,3.2740649930134023,0,57814.5614071336,0.24030811997069046,28.64370607438979,40,1,2
45.91341282803691,3.584809952142666,1,28199.504878528227,3.226518666755595,17.647716891988154,43,0,0
21.679144639514043,1.6652598452811076,0,59966.473288277935,2.8239645214290663,38.12869264901661,26,1,2
17.86556959088495,3.534825478278117,0,46877.04971562736,7.79789511817326,27.013919119123386,11,1,2
43.66547773603685,3.4616735905847205,1,80357.21240575415,4.154519073475283,28.801463859953174,17,0,2
45.33121550651262,4.310561489688619,1,42588.12511270502,7.0565992927395325,113.35140125046847,11,2,1
32.67911497811649,4.955974962967914,0,46668.11976079174,9.529893184369516,5.6455668360103,3,1,1
41.64460831809372,1.4213786987821646,1,45391.3143567882,7.630468615475506,85.06537066876832,17,2,1
19.938907395635013,3.8721336774783386,1,41788.44745357641,7.690501541914631,64.47572693127793,52,0,1
33.29825701995193,2.928904659530644,1,64367.94127135459,3.2939759392251364,17.647716891988154,18,0,1
17.11654130810419,3.693662258581297,1,64263.4175577313,1.0048188286655142,91.62089742436456,89,0,1
44.00945798866704,1.027271957279822,1,70208.80494760167,0.0070595274320066626,119.97636339422378,18,0,2
21.214956687930062,2.9258146994545404,0,57604.53564475251,2.976405032986629,29.267579198764185,33,1,2
12.795354109838483,2.1839658845315606,1,67568.13090297322,5.4879075091384895,84.60104880002893,17,2,1
14.092796876882975,3.2427360353991252,1,47663.94635201518,1.3274957056771752,10.575941257246292,17,0,0
44.03604498366606,1.801685024065102,1,47180.73445686687,4.224942585685664,109.64964163293101,32,2,0
33.15342773965071,2.3828016144229816,1,63893.671221370605,7.799430092513845,64.47984772018513,51,0,1
43.80793231714133,3.4955700363062756,1,91589.50869672344,4.226829337604545,23.728954883277634,3,0,2
46.8431870913172,0.6483644647392001,1,460.51449696831014,5.405554625470115,80.17889292407642,26,1,1
44.751281769089616,1.111388700394122,1,15731.316503630853,7.041391245178834,102.91099316106562,12,2,2
44.84556599174356,1.1833720605957856,1,10066.527946232867,5.631470237866959,78.64357297917645,9,2,2
44.71963249403824,1.1369337954502896,1,12665.309751023458,3.3426813678685985,108.45902882924419,16,2,1
19.938907395635013,3.8742195807447524,1,41788.44745357641,7.690501541914631,64.47572693127793,52,0,1
19.16246667941685,1.2289098105922536,0,65924.80924345824,5.269167835944632,65.95912769136032,23,1,1
43.80793231714133,4.27443447822708,1,92113.30255578461,4.252525846967569,38.1913953308755,26,0,1
38.64718454770143,1.4908154532871238,1,70316.12175913523,0.05542323484699274,28.10992902325731,19,0,0
29.13375851648371,1.3975633715397324,0,47513.86478490226,9.680533730097132,52.986006654713236,3,1,2
25.783588270578125,1.441532185508266,0,19191.763174842876,9.157820412789118,61.511694714658944,18,0,0
44.772127274623664,3.5045913402699758,1,17727.489106279507,3.9827161452371094,101.00249775216838,17,0,2
46.78860373336698,1.4235983016413076,1,44219.088943284165,5.5916119680427645,84.79828933204615,11,1,2
46.8431870913172,0.6483644647392001,1,460.51449696831014,5.405554625470115,80.17889292407642,30,1,1
17.211501633723806,1.6263837274630244,0,63348.881988291854,5.163005311701312,64.35797412766968,16,1,1
30.45097271710311,2.288207066902534,0,54210.56117118327,7.952377979824726,61.120796436820115,3,2,1
13.910372272180354,3.2427360353991252,1,47663.94635201518,1.7902023933385658,118.549960017884,17,0,0
44.00945798866704,1.027271957279822,1,70208.80494760167,0.0070595274320066626,119.98231482186898,23,0,2
27.093650207081133,2.765049449973886,1,58365.01964400477,6.990185642019457,17.647716891988154,10,0,2
32.4723887492356,2.3544624106685754,1,64367.94127135459,3.7188094920948913,17.647716891988154,46,0,0
42.98865235611018,1.8256814173962939,1,7636.152628630432,5.631470237866959,77.04241941548582,10,2,2
45.33121550651262,3.6270268982503207,1,42588.12511270502,7.02624621805456,113.35140125046847,11,2,2
25.903054295982027,2.9258146994545404,0,63256.63360701929,3.357921985066474,118.8617439128109,33,1,2
35.58587470805755,4.891715493245033,0,57605.185991477345,5.448164921312678,4.8286267094078354,3,1,1
46.23755454653812,3.584809952142666,1,89252.04935610504,3.226518666755595,24.179327013754843,43,0,0
14.092796876882975,3.576846607122971,1,70780.44640203382,0.6425032164804212,11.56726174152332,19,0,0
43.6446322305028,1.0684731021264722,1,78362.72099506442,7.1194470292528935,30.70752489581735,12,2,2
45.19379074459993,1.033363357507657,1,45681.560769370975,0.20744868835295271,80.17889292407642,8,2,1
33.88840811956183,1.3784778180526898,0,58450.93101558786,5.6113106814364775,23.666252201399516,7,1,2
12.795354109838483,4.389179528832682,1,67568.13090297322,5.4879075091384895,84.60104880002893,17,2,1
42.41592077130615,1.4908154532871238,1,47180.73445686687,0.01148413743897403,9.522506226748114,39,2,0
46.97963354648645,1.3712371430471888,1,43721.69054912417,5.609995301648299,80.17889292407642,11,1,1
25.98415832315572,2.1839658845315606,1,67568.13090297322,5.159507343765536,61.186792077975255,18,0,1
33.75131499728712,0.6556051406434431,0,58450.93101558786,5.365579517453677,23.666252201399516,3,1,2
46.890220600847236,4.310561489688619,1,42552.57172392196,7.0565992927395325,113.35140125046847,11,1,1
46.97963354648645,1.3712371430471888,1,3197.995069485889,5.406735451799983,80.17889292407642,27,1,1
15.282005583782183,3.576846607122971,1,45368.07171511599,0.6425032164804212,6.2715267754306865,19,1,0
32.77589643822153,2.8902819501287986,1,63404.23072875835,0.20744868835295271,80.3685615657863,6,0,1
44.772127274623664,3.5295015679887687,1,18589.604313383075,3.9827161452371094,101.00249775216838,17,0,2
43.55504668717299,2.765049449973886,1,58365.01964400477,3.364530459957299,111.32805368695554,10,0,2
32.4723887492356,0.7746623487287096,1,64367.94127135459,3.728225088965038,17.647716891988154,28,0,0
38.64718454770143,1.4854092160960255,1,70316.12175913523,0.05542323484699274,36.895392289430035,25,0,0
25.783588270578125,3.2902719982384596,0,18085.910253902242,8.9425584091307,59.864345805816356,9,0,0
17.211501633723806,1.5775953324990288,1,63348.881988291854,5.163005311701312,64.35797412766968,16,1,1
14.092796876882975,3.2427360353991252,1,70960.96194266494,5.374836772950483,84.51973199409925,18,2,0
40.8911640978737,1.2555108138468987,1,55157.00711531428,5.141505355412946,29.267579198764185,33,1,2
19.071612941088887,3.8778039963359685,1,59276.401496473525,5.715361201043857,51.39247845151906,50,0,1
12.795354109838483,2.1839658845315606,1,67568.13090297322,5.4879075091384895,76.39720394265979,10,2,1
25.783588270578125,1.441532185508266,0,80050.96944574555,9.157820412789118,1.8123267293618994,18,0,0
45.28418199698217,0.6483644647392001,1,45607.99799463881,5.364264137665499,80.17889292407642,11,2,1
46.39105563198579,0.6483644647392001,1,41532.8026812139,5.6088144753184315,80.17889292407642,10,1,1
45.139207386650156,1.4210058187439571,1,69631.46363022059,0.08966473250435758,90.3758408442773,3,0,2
45.71604763544565,1.0719862805096554,1,45273.527656351536,3.2939759392251364,17.458964288555297,18,2,1
25.98415832315572,2.15905565648025,1,66706.1566683633,5.159507343765536,61.186792077975255,18,0,1
28.25810533677819,1.1369337954502896,1,12665.309751023458,6.968336543703413,14.632946359897744,16,2,1
46.8431870913172,2.228167204782808,1,460.51449696831014,5.396139028600014,80.17889292407642,45,1,1
44.77741689924665,1.8310876545873922,1,8698.036785071663,5.631470237866959,77.04241941548582,11,2,2
20.82459308477684,1.3939962435456694,1,47663.94635201518,2.0015953532174784,119.02587355898436,8,0,0
44.71963249403824,1.1407696448960585,0,15731.316503630853,7.03889108027187,111.51098434343866,9,2,2
12.795354109838483,4.389179528832682,1,63088.906021004055,0.7572574465485431,10.678012223916234,17,0,1
20.319238755340372,2.8536759734001516,0,12516.446814155202,2.8928144053317366,78.64357297917645,9,2,2
35.17408493811082,1.338945280720318,0,40962.97697269155,7.586451022090031,65.19287523622761,5,1,2
46.8431870913172,1.0359558404050062,1,45681.560769370975,5.649178450334751,80.17889292407642,20,2,1
32.67911497811649,4.860853714048071,0,45341.971723614566,9.529893184369516,57.24635868770807,5,1,1
40.34821844619676,4.781336274180493,0,81598.90470019961,5.3828819266067915,46.78258487762636,81,1,0
45.139207386650156,1.4210058187439571,1,44219.088943284165,0.08966473250435758,84.79828933204615,8,1,2
14.092796876882975,3.2427360353991252,1,70780.44640203382,0.6425032164804212,10.575941257246292,18,0,0
43.99073349864615,3.481079983350777,1,80357.21240575415,4.157019239192223,20.274980695199666,23,0,2
25.757093305293406,1.4636037450624357,0,80308.53443766646,8.473039702317086,61.511694714658944,18,0,2
29.187356940491,0.007450417544180854,0,62785.05107208173,2.3676692267033106,48.551247461737866,80,0,2
15.853382790327938,4.867301373832063,1,66586.3023985121,6.69137573132174,79.84160162180632,87,2,0
37.93705379788374,1.4920061150843784,1,23810.039645079414,4.053078421239325,39.94280253070204,58,0,2
21.679144639514043,1.569930010171684,0,59442.679488586844,2.651551901680297,23.666252201399516,3,1,2
44.84556599174356,4.458555352225786,1,15084.120338524568,7.03889108027187,111.82145079170343,9,2,2
21.014975077923083,2.9258146994545404,0,57710.41035105069,3.0825675571483946,29.267579198764185,33,1,2
32.4723887492356,2.3565483259091566,1,64367.94127135459,3.7188094920948913,17.647716891988154,43,0,0
25.98624884521811,3.866385048244082,1,92901.6137645858,7.653103087676975,33.5872985181856,62,0,1
34.516379676097564,0.15173003831235599,0,47264.028567582536,4.951999085990378,40.76692528182376,48,0,1
17.86556959088495,3.534825478278117,0,2391.266209451081,7.839185609550596,27.013919119123386,26,1,2
17.211501633723806,1.871219167392354,0,63348.881988291854,5.163005311701312,64.35797412766968,16,1,1
39.87441542599352,0.45426356752128916,0,24659.689794312544,1.5997166501999804,112.4320614801239,69,0,1
40.088936734771096,3.302500337139474,1,88961.25248239648,4.436978241987264,15.122262181813273,74,2,0
32.67911497811649,4.657319273706772,0,46668.11976079174,8.72765062632974,49.81975354600242,3,1,1
46.8431870913172,1.0359558404050062,1,45681.560769370975,5.649178450334751,80.17889292407642,11,2,1
18.231001929160755,3.150450998926715,0,109138.17138912487,9.648155495868265,106.16579789824905,45,2,1
44.03604498366606,1.4908154532871238,1,47180.73445686687,0.01148413743897403,119.97636339422378,39,2,0
16.75949245308345,3.7087834003466518,0,41888.23519510074,3.4036646605176593,17.236433561722265,89,0,1
48.574308835771184,3.6108240407105874,1,41788.44745357641,7.690501541914631,64.47572693127793,52,0,1
34.94770912424607,1.0935771228440228,0,57712.63781349773,6.861509613185092,105.74406344705902,42,2,0
34.27535152040059,4.149434371371561,0,11231.3213658196,5.609786443382162,6.363560983010617,43,1,1
48.822350525304955,3.288261054366216,0,65627.81905716793,6.637430301546088,70.59517870269502,67,2,2
41.48130855155084,3.4139945393017515,0,110574.43834557245,8.764309030577204,20.86936192659524,59,2,0
41.59669904354217,4.100378750852675,0,67568.13090297322,6.835514425311189,92.13963145985146,17,2,1
12.16375031483861,2.1428645214923097,1,89279.46847377163,5.47228558793293,112.51572416722946,74,0,1
48.822350525304955,3.288261054366216,0,65664.19261403262,3.2828942305650086,70.59517870269502,67,2,2
16.75949245308345,3.7162914355418613,0,12280.593558058443,3.371688352933507,25.184365692750674,42,1,1
45.139207386650156,1.4210058187439571,1,44219.088943284165,0.08966473250435758,88.11542132532105,8,2,2
14.092796876882975,3.2427360353991252,1,62285.68749371971,0.6425032164804212,10.575941257246292,18,0,0
35.838598176382305,0.15173003831235599,0,47264.028567582536,4.951999085990378,40.13235766687086,48,0,1
37.991805807896334,3.481079983350777,1,23074.758722666673,4.157075922658933,18.805100274953404,26,0,2
46.21553414043593,1.5803226171924893,1,74728.39490715403,8.453644117511267,59.8712084291143,18,2,2
41.48130855155084,3.304160102086839,0,110574.43834557245,8.830160685094883,91.01324713049948,36,2,0
13.041378885193835,0.3613218242791122,0,24659.689794312544,0.7974655462928797,115.25449991397933,78,0,1
32.67911497811649,4.657319273706772,0,46668.11976079174,2.449568282308358,47.374774717965025,3,0,1
43.34953858722038,1.5238982245334856,1,47879.44360994033,6.510842378314257,118.98495798807413,39,2,0
21.679144639514043,1.2092625161488646,0,59442.679488586844,2.651551901680297,23.666252201399516,3,1,2
46.72328906208986,1.0359558404050062,1,63712.9842076022,5.126920838835833,80.19084596115502,11,1,1
41.59669904354217,4.100378750852675,0,67568.13090297322,6.681780938952357,92.13963145985146,46,2,1
34.25984488241169,4.78177919885663,0,81742.71067709422,9.754073941192205,46.78258487762636,81,1,1
21.014975077923083,2.9258146994545404,0,57674.03679418599,5.838296587663216,29.267579198764185,26,1,2
34.27535152040059,4.050249432608679,0,40839.03225419125,5.641762750978486,6.128507459930939,90,0,1
40.088936734771096,3.302500337139474,1,88961.25248239648,4.436978241987264,15.122262181813273,74,1,0
47.24268606988931,3.491366769388849,1,41307.58220252024,7.690501541914631,64.47572693127793,58,0,1
43.93598148629987,1.4920061150843784,1,81092.5970626445,4.053021737772616,39.21397475365617,58,0,2
25.627018014648396,4.341527491872278,0,21317.60425321596,7.058286664820019,113.4208304275997,23,0,2
34.94770912424607,1.2034123245619435,0,65929.80388687228,8.950877112955926,18.55827084177092,42,2,0
38.57934978593826,2.236094944498953,1,89279.46847377163,6.277424163032094,119.4943801493515,74,0,1
29.187356940491,0.007450417544180854,0,62785.05107208173,8.645320282924406,49.87236930450537,80,1,2
15.853382790327938,4.628357688659346,1,65887.59324543877,0.3161044232642154,80.01144447141702,87,2,0
17.86556959088495,3.534825478278117,0,487.6529973390882,7.839185609550596,27.013919119123386,26,1,2
17.31106383529837,1.871219167392354,0,45317.458550060794,5.685262923200231,64.346021090591,19,2,1
18.231001929160755,3.150450998926715,0,109138.17138912487,9.648155495868265,106.16579789824905,16,2,1
25.979360811302435,3.8659136172374016,1,92757.8077876911,5.41734226528791,33.5872985181856,55,0,0
18.516008072626704,3.150450998926715,0,109138.17138912487,3.487921454126075,42.84311113482287,45,2,1
40.658152286036085,1.4942325357064798,0,47273.50455761149,4.951999085990378,40.76692528182376,48,0,0
35.838598176382305,1.373130845453571,0,44059.33639088125,0.33165333004680475,73.5377096064807,50,0,1
32.67911497811649,4.657319273706772,0,26004.042831770035,8.457979674618095,40.2088357730723,74,1,1
18.178144418485516,3.539771284006866,0,47344.12105685202,8.106296920334682,47.65460457053386,1,0,1
16.30587382320136,1.2154157306338491,0,63348.881988291854,5.163005311701312,64.35797412766968,12,1,1
43.99073349864615,3.481079983350777,1,77531.59410242562,4.157019239192223,19.34301068712904,24,0,2
47.413962135937346,1.5803226171924893,0,14200.43882873926,3.290131147162425,66.18456153729775,18,2,1
13.368310784050038,3.247862710744781,0,61774.37821928633,7.839185609550596,27.013919119123386,26,1,2
15.681240283362822,2.9816447912481974,1,66524.51580328593,5.291757104172065,82.4522008939922,11,0,0
42.26488807421461,2.9258146994545404,0,57631.60461344605,0.29367911758400167,86.2562222447689,26,1,2
25.8507236868908,2.8973082227086104,0,80572.1244004708,8.542690211038137,64.47572693127793,15,0,2
44.148370509064044,1.4908154532871238,1,47849.76575288057,0.01148413743897403,119.97636339422378,26,2,0
21.679144639514043,1.1915027118877743,0,59442.679488586844,5.649076957573882,23.01380197330839,3,1,2
33.850366529505635,0.18224276648138138,1,47869.967619911375,6.699746704728274,118.98495798807413,39,2,1
45.139207386650156,0.20020347140713968,1,47423.78111998544,4.755440588794421,40.81662100938399,9,1,2
13.041378885193835,0.3613218242791122,0,45323.7667254087,1.213010127303574,115.25449991397933,7,0,1
32.366542226067594,4.652364985273921,0,487.6529973390882,2.182420454038413,26.734089267231276,26,1,2
32.4723887492356,2.3565483259091566,1,64367.94127135459,3.7188094920948913,17.647716891988154,45,0,0
46.8431870913172,1.0359558404050062,1,36267.89329331396,5.649178450334751,86.31975453754727,11,2,1
15.487617449584322,3.7162914355418613,1,72041.40229185768,8.535107159324443,14.0169646502974,42,1,2
18.680815360194025,3.5296988029324616,1,3198.335055269279,0.6425032164804212,10.575941257246292,18,0,0
46.72328906208986,1.0359558404050062,1,69468.70424115234,0.4606696564907684,8.387639431530516,18,1,1
19.73237593303854,1.4210058187439571,1,60242.73250970384,5.695911352567136,18.050536462456932,8,2,2
21.679144639514043,1.4264410807809613,0,60915.809806557605,2.7967855525664076,23.666252201399516,8,1,2
48.42492845015384,1.4636037450624357,1,41524.85748432062,7.620851033190151,61.511694714658944,69,0,1
37.879480275713966,3.481079983350777,1,21192.647898090443,4.157075922658933,18.805100274953404,39,0,2
49.7442047474525,3.491366769388849,1,63207.23724556196,7.690501541914631,64.47572693127793,58,0,1
17.31106383529837,1.8889789716542587,0,36450.64192567848,2.6877378716604725,64.99847790550642,19,2,1
18.835090650935435,1.9818640541510897,0,46888.29099652084,4.180832440092697,29.676465510187892,19,2,1
42.46608359930148,3.3704350957578786,1,78786.37995694365,4.840282635476927,64.48462747104489,47,0,2
13.521292138084362,4.190512215687125,0,23472.695532553742,7.182483343933402,115.18955142074077,23,0,2
21.679144639514043,1.569930010171684,0,59442.679488586844,3.136708160278534,23.666252201399516,11,1,2
48.61902882513986,3.6003635032788703,1,41953.73613611399,7.716145349380426,64.47572693127793,57,1,2
36.80945020442626,2.1809816401070297,1,28922.636613757175,3.9623365276626608,10.923349949620054,18,0,0
32.67911497811649,3.0227181217968053,0,45234.43481298596,2.4783691434714457,44.74406565745798,6,0,2
17.67261146787965,3.5296988029324616,1,3198.335055269279,0.05746008127241686,13.49442244033208,8,2,0
21.679144639514043,1.2092625161488646,0,58590.22499375297,2.7957727665476475,60.9571119604562,3,0,1
34.38344920978002,3.4488019358694117,1,47886.84292116958,7.690501541914631,64.47572693127793,39,0,1
18.178144418485516,2.877579429217809,0,47344.12105685202,8.106296920334682,49.87177200924121,1,0,1
15.721459005012354,1.3726465009442805,1,66330.54803150016,5.291757104172065,82.4522008939922,13,0,0
19.73237593303854,1.4210058187439571,1,36754.75884985468,5.695911352567136,65.41070051504951,8,2,2
47.655866794078975,4.021497649348763,1,45681.560769370975,5.649178450334751,19.442543253814087,11,2,1
47.26165502975608,1.5238982245334856,1,47879.44360994033,6.305809264206958,118.98495798807413,18,2,1
21.448002219592908,1.1915027118877743,0,59442.679488586844,0.06880780643377271,23.01380197330839,4,1,2
24.993908318317132,0.5157922320664716,0,40707.20521112234,1.089872078370381,113.48577892083823,7,0,1
46.72328906208986,1.0359558404050062,1,63712.9842076022,4.641764580497605,80.19084596115502,3,1,1
45.094480378523535,0.2200036545989983,1,47258.49243744786,4.729796760706935,40.81662100938399,8,0,1
13.480976126328756,3.4839905307191654,1,58638.32707135366,0.8089214609056863,18.872504574149847,39,0,2
42.67713273381648,4.570442724378101,1,87345.00449203036,4.156148443634011,20.274980695199666,23,0,1
46.13200548916015,1.4210058187439571,1,44219.088943284165,0.6759006517019837,88.11542132532105,18,0,2
48.42492845015384,1.4636037450624357,1,42377.311979154736,7.476629252967568,23.430364918514893,67,1,2
46.70882927211015,0.2347153573225358,1,41290.706901262034,6.699746704728274,118.98495798807413,57,2,1
25.8507236868908,3.5595000774976118,0,80572.1244004708,8.542690211038137,65.91293981814263,16,0,2
43.996234318282156,3.0265396118259136,1,47374.70222865276,0.01148413743897403,119.97636339422378,33,2,0
17.31106383529837,1.8889789716542587,0,59938.61558559378,2.6877378716604725,17.638447189139487,19,2,1
37.991805807896334,0.5591257841007671,1,23074.758722666673,3.39064619027099,79.5418965451104,26,0,2
14.092796876882975,3.2427360353991252,1,70780.44640203382,0.6425032164804212,11.22650489004793,18,0,0
43.50184557729663,1.5803226171924893,0,14200.43882873926,3.4951642616522554,66.18456153729775,29,2,0
45.139207386650156,1.4210058187439571,1,44219.088943284165,5.809077131351456,84.79828933204615,8,1,2
24.43974544505919,1.1915027118877743,0,63483.47407605781,5.649076957573882,23.34141721342948,3,1,2
34.38344920978002,3.400916107191285,1,47886.84292116958,7.690501541914631,64.34930733613925,39,0,1
45.12825207124434,0.2200036545989983,1,48895.26628495527,4.740160379511248,40.81662100938399,38,0,1
23.27381104764762,1.0359558404050062,1,45681.560769370975,5.649178450334751,80.17889292407642,11,0,1
17.67261146787965,3.5296988029324616,1,6125.126739206839,0.056013116568724985,14.829705124266747,26,2,0
44.879427466200724,3.30100445593217,1,61001.60360301804,0.01530580983847274,9.174438640675888,14,2,0
14.092796876882975,3.2427360353991252,1,70780.44640203382,0.9390122529610796,11.22650489004793,18,0,0
37.97233645710839,0.5591257841007671,1,46586.58443480887,5.582178368078511,86.7053160297635,26,0,2
15.721459005012354,1.3908481449990835,1,48132.54371659724,5.3090607331793,118.91813956912372,23,0,1
32.67911497811649,3.099936349711008,0,45234.43481298596,2.4783691434714457,44.74406565745798,6,0,2
15.681240283362822,2.9620915517101873,1,63728.47364827205,5.1192684517331815,82.4522008939922,10,0,0
12.261703095387304,1.1872737640962143,1,70537.56759712062,0.6916581954703438,19.824542990724638,18,0,0
21.679144639514043,1.1915027118877743,0,44183.18059851745,5.649076957573882,84.51066277647189,3,2,2
23.983750961967253,4.337543025534959,0,20719.21530005119,7.058286664820019,113.4208304275997,23,0,2
18.16782443595927,3.462266804399088,1,3198.335055269279,0.6425032164804212,10.575941257246292,18,0,0
13.041378885193835,0.46250634849903804,1,45323.7667254087,1.213010127303574,115.25449991397933,17,0,1
24.43974544505919,1.2393888395669703,0,63483.47407605781,5.649076957573882,23.46784023845585,2,1,2
39.092903631496405,3.5453739916717653,1,21437.985112790426,4.135790700045177,18.805100274953404,6,0,2
45.23891312235424,1.110986749765448,0,58590.22499375297,2.7957727665476475,60.9571119604562,2,2,1
37.879480275713966,3.481079983350777,1,21838.432968235247,4.24514736042992,18.805100274953404,20,0,2
13.279561005302725,1.4325470463927186,1,47180.73445686687,0.64563842317564,118.7294900710267,39,0,0
16.458660544785324,2.877579429217809,0,54073.00403867508,7.818271032460728,61.78494411050237,1,0,1
47.67502960719427,4.021497649348763,1,22169.73509971224,3.4576462725345296,14.231510093440356,11,2,1
33.850366529505635,0.16463390250125354,1,66067.97193481434,6.6824430757210225,82.20367859377826,39,2,0
13.521292138084362,4.085268064784027,0,29023.53566933007,7.182483343933402,115.18955142074077,26,0,2
46.72328906208986,1.0095527443457324,1,66509.02636261609,5.299409491274717,80.19084596115502,11,1,1
21.679144639514043,3.2647249927983895,0,55025.09436223459,2.6023311116864236,10.820168636899302,3,1,2
45.139207386650156,1.4210058187439571,1,59478.58783335357,0.0022503578784316414,26.618718300771967,8,1,2
44.84556599174356,4.462539818563105,1,7020.661984832139,7.971628397353163,112.41448194311873,9,2,2
18.69113534272027,3.539771284006866,0,61562.9022069578,8.106296920334682,47.65460457053386,1,0,1
36.80945020442626,2.079917165579818,0,28922.636613757175,3.9623365276626608,10.923349949620054,8,0,0
40.34821844619676,4.781336274180493,0,81598.90470019961,5.3828819266067915,46.78258487762636,81,1,0
45.139207386650156,1.4210058187439571,1,44219.088943284165,0.08966473250435758,84.79828933204615,8,1,2
14.092796876882975,3.2427360353991252,1,70780.44640203382,0.6425032164804212,10.575941257246292,18,0,0
43.99073349864615,3.481079983350777,1,80357.21240575415,4.157019239192223,20.274980695199666,23,0,2
25.757093305293406,1.4636037450624357,0,80308.53443766646,8.473039702317086,61.511694714658944,18,0,2
29.187356940491,0.007450417544180854,0,62785.05107208173,2.3676692267033106,48.551247461737866,80,0,2
15.853382790327938,4.867301373832063,1,66586.3023985121,6.69137573132174,79.84160162180632,87,2,0
37.93705379788374,1.4920061150843784,1,23810.039645079414,4.053078421239325,39.94280253070204,58,0,2
21.679144639514043,1.569930010171684,0,59442.679488586844,2.651551901680297,23.666252201399516,3,1,2
44.84556599174356,4.458555352225786,1,15084.120338524568,7.03889108027187,111.82145079170343,9,2,2
21.014975077923083,2.9258146994545404,0,57710.41035105069,3.0825675571483946,29.267579198764185,33,1,2
32.4723887492356,2.3565483259091566,1,64367.94127135459,3.7188094920948913,17.647716891988154,43,0,0
25.98624884521811,3.866385048244082,1,92901.6137645858,7.653103087676975,33.5872985181856,62,0,1
34.516379676097564,0.15173003831235599,0,47264.028567582536,4.951999085990378,40.76692528182376,48,0,1
17.86556959088495,3.534825478278117,0,2391.266209451081,7.839185609550596,27.013919119123386,26,1,2
17.211501633723806,1.871219167392354,0,63348.881988291854,5.163005311701312,64.35797412766968,16,1,1
39.87441542599352,0.45426356752128916,0,24659.689794312544,1.5997166501999804,112.4320614801239,69,0,1
40.088936734771096,3.302500337139474,1,88961.25248239648,4.436978241987264,15.122262181813273,74,2,0
32.67911497811649,4.657319273706772,0,46668.11976079174,8.72765062632974,49.81975354600242,3,1,1
46.8431870913172,1.0359558404050062,1,45681.560769370975,5.649178450334751,80.17889292407642,11,2,1
18.231001929160755,3.150450998926715,0,109138.17138912487,9.648155495868265,106.16579789824905,45,2,1
44.03604498366606,1.4908154532871238,1,47180.73445686687,0.01148413743897403,119.97636339422378,39,2,0
16.75949245308345,3.7087834003466518,0,41888.23519510074,3.4036646605176593,17.236433561722265,89,0,1
48.574308835771184,3.6108240407105874,1,41788.44745357641,7.690501541914631,64.47572693127793,52,0,1
34.94770912424607,1.0935771228440228,0,57712.63781349773,6.861509613185092,105.74406344705902,42,2,0
34.27535152040059,4.149434371371561,0,11231.3213658196,5.609786443382162,6.363560983010617,43,1,1
48.822350525304955,3.288261054366216,0,65627.81905716793,6.637430301546088,70.59517870269502,67,2,2
41.48130855155084,3.4139945393017515,0,110574.43834557245,8.764309030577204,20.86936192659524,59,2,0
41.59669904354217,4.100378750852675,0,67568.13090297322,6.835514425311189,92.13963145985146,17,2,1
12.16375031483861,2.1428645214923097,1,89279.46847377163,5.47228558793293,112.51572416722946,74,0,1
39.87441542599352,0.45426356752128916,0,24659.689794312544,1.5997166501999804,119.990274888342,69,0,1
48.822350525304955,3.288261054366216,0,65627.81905716793,6.038623257767323,70.59517870269502,59,0,2
32.67911497811649,4.657319273706772,0,46668.11976079174,8.815596164373975,49.81975354600242,3,2,1
44.82053923112611,1.574786088079739,1,56522.57731319592,0.05127028798194777,79.70729954937677,8,1,2
15.91414420127778,3.4612573027321076,1,61.35401682921656,6.651285022735143,24.822774997091432,87,2,2
44.09447594589939,1.4908154532871238,1,42146.58503426761,7.4746855427727805,116.90695206580344,39,2,1
14.092796876882975,3.2427360353991252,1,71037.95390514495,1.3274957056771752,10.575941257246292,15,0,0
39.276575977505516,3.4139945393017515,0,119832.29383928995,8.764309030577204,19.596518317586387,59,2,0
43.77352061203208,3.3159810042685396,1,88932.57741960234,4.156807724274286,20.381172020016717,74,2,0
46.477577425121446,1.0316791055601129,1,57465.148368366354,6.86213426998026,80.17889292407642,11,2,1
16.70102017144007,2.1421135030019265,1,42607.600390041924,5.47228558793293,107.51586012203788,74,0,1
34.27535152040059,2.6119029980568813,0,9304.25494201407,5.143750197489332,4.522723540444375,17,1,1
44.84556599174356,2.5184216872556147,1,10377.09913024672,2.716408250900272,111.82145079170343,9,1,2
34.145315911944,3.8150937776595937,0,47264.028567582536,4.854693129757857,40.76692528182376,61,0,1
40.34821844619676,4.781336274180493,0,81598.90470019961,5.3828819266067915,46.78258487762636,17,1,1
32.4723887492356,2.3565483259091566,1,64367.94127135459,3.7188094920948913,10.747606180470171,43,0,0
37.93705379788374,1.4920061150843784,1,23810.039645079414,4.053078421239325,39.94280253070204,61,2,2
18.231001929160755,3.150450998926715,0,109138.17138912487,9.171546481209885,106.16579789824905,35,1,1
21.996426756687114,1.4161497408359023,0,44939.68083911831,2.7402134572285615,25.890355106658934,3,1,2
17.804808179935108,4.930084677026572,0,79932.86081928866,7.90392018330291,79.46508669565462,29,1,0
48.51584958052064,3.919234378841452,1,53697.80901852088,0.19059477500999678,66.47406075408445,52,0,0
25.757093305293406,1.4636037450624357,0,80051.02693455531,8.473039702317086,61.511694714658944,18,0,2
29.563722060773156,0.007450417544180854,0,63673.37960181457,2.435513172266349,49.82409245497051,80,0,2
39.84791748313664,3.4675993162217114,1,80385.88746854829,4.437189756905202,20.231955333755312,23,0,2
35.31312680421245,1.0978538576889163,0,45929.05021450235,5.6485537935395795,105.74406344705902,42,2,0
12.222224311667361,3.709534414563803,0,88560.1021399909,3.4036646605176593,22.113394343773294,89,0,1
15.102918672916216,4.149742855381101,0,63348.881988291854,5.629041557594142,66.38750299557832,44,1,1
21.014975077923083,4.44964364676682,0,62424.99636086612,7.405050083893746,40.12033452670921,33,2,2
26.357312609370766,0.22024227966817933,1,100038.28439353495,7.7504090208010235,33.5872985181856,49,0,1
41.59669904354217,4.100378750852675,0,63303.8260621065,6.976469307638258,92.13963145985146,80,2,0
39.84791748313664,1.873533085048927,0,80385.88746854829,5.158281121594281,11.437905524557756,23,1,1
32.67911497811649,4.848379146676315,0,46668.11976079174,8.788763920582813,46.78616941680353,3,1,1
18.573846328519558,3.6350918725384167,0,2391.266209451081,7.765783987661115,27.013919119123386,2,1,2
46.451155061820295,1.4128312378188657,1,44219.088943284165,0.08966473250435758,84.74535335774463,8,1,2
35.18410006544161,4.271640146849857,0,11231.3213658196,7.008984145007038,11.68966649180009,45,1,2
48.51584958052064,3.7350387104541523,1,53697.80901852088,0.19059477500999678,56.07116811380885,52,0,0
44.09447594589939,0.7655331650872772,1,42146.58503426761,7.4746855427727805,116.90695206580344,17,1,1
14.092796876882975,3.2427360353991252,1,70724.02518090823,3.156287648297604,21.944885276343946,18,0,0
20.655713661041297,2.6257247467842433,1,64367.94127135459,3.7188094920948913,18.387053022947196,43,0,0
15.645080929744907,2.1428645214923097,1,41747.24672422309,5.47228558793293,112.94635158285323,51,0,1
43.117203832366464,1.4908154532871238,1,47180.73445686687,6.948788465739444,119.94520486780262,42,2,0
25.757093305293406,1.276278663350645,0,80597.9437482128,1.2887503686407746,6.474153288391442,16,0,2
44.80993981885097,2.4657787960659903,1,19352.582161573755,4.659264534539149,10.67280460642629,43,0,0
32.67911497811649,4.657319273706772,0,35527.33012427286,8.815596164373975,46.890324186237606,3,1,1
40.55517667462712,1.4918643929814546,1,56522.57731319592,4.639399730053192,46.896601646601006,7,1,1
17.211501633723806,3.775866857025721,1,63348.881988291854,3.807144533305473,64.35797412766968,16,0,2
16.70102017144007,1.5672829628083722,1,42607.600390041924,5.411158949463733,101.3478797797697,74,0,1
21.679144639514043,1.4696635523557826,0,65669.18653216057,3.8776911408691506,18.60130052617626,15,1,2
45.1656297499513,1.0398536864852055,1,57465.148368366354,6.86213426998026,66.04068366768357,15,2,1
43.93681490032363,4.147353128646666,1,15084.120338524568,5.6396933786469035,106.59368437471439,9,2,1
34.516379676097564,0.3524189617345477,0,46755.27587502027,4.951999085990378,65.93409628349899,48,0,1
34.27535152040059,2.6119029980568813,0,9304.25494201407,4.526627639734928,4.522723540444375,39,2,1
21.014975077923083,2.9258146994545404,0,57766.83157217629,0.5689739447471849,29.32299602296019,33,1,2
43.99073349864615,3.481079983350777,1,80357.21240575415,4.157019239192223,20.274980695199666,33,0,2
45.0236160907741,3.6108240407105874,1,89320.66793577235,7.690501541914631,66.5445252898875,75,0,1
33.9798296755156,1.0935771228440228,0,57712.63781349773,0.08685796712712035,105.0535018918867,39,2,0
14.092796876882975,3.2387903496281805,1,70748.54459459861,8.512254529228313,65.68949419845455,12,0,0
30.62964906775338,2.5184216872556147,1,55395.60955732985,2.716408250900272,117.20388751360274,9,1,2
21.996426756687114,1.4161497408359023,0,44939.68083911831,2.7402134572285615,25.890355106658934,3,2,2
44.613581002399364,4.843001265622885,0,81598.90470019961,0.3001462879882981,79.59328277934631,18,1,2
45.9270193389697,3.5394043452504627,0,10400.510347875394,7.811559728427136,27.277234709777147,2,1,2
44.09447594589939,1.5035201890535834,1,42146.58503426761,7.4746855427727805,116.90695206580344,17,1,1
46.451155061820295,1.4128312378188657,1,43597.123064136365,0.08966473250435758,84.74535335774463,8,1,2
39.84791748313664,3.4675993162217114,1,89497.22269037273,4.437189756905202,20.231955333755312,23,2,2
14.092796876882975,3.2427360353991252,1,71037.95390514495,1.433588800040747,13.569974871480078,15,0,0
28.690234037539813,1.0927713720033425,0,56522.57731319592,0.2797908531870448,66.25417428029691,8,1,1
38.51519076530555,1.3199648143891125,1,56522.57731319592,0.7299472472566904,10.96855302582454,18,0,1
14.092796876882975,2.9977492087187456,1,61830.45189499318,3.156287648297604,51.74923363597796,6,0,0
34.27535152040059,4.149434371371561,0,59043.12204079515,8.15759490467401,108.62756994282078,43,1,1
26.543821279222605,1.4636037450624357,0,80308.53443766646,8.473039702317086,61.511694714658944,16,0,2
34.27535152040059,1.0463203266967271,0,9304.25494201407,5.261815104117532,62.720256218962874,17,2,1
32.67911497811649,4.657319273706772,1,44876.3497391789,3.4341819823881377,55.53044306437668,3,0,1
11.979805482331649,2.1428645214923097,1,89279.46847377163,5.47228558793293,112.9539664657197,74,0,1
43.99073349864615,3.481079983350777,1,79017.96433233716,4.157019239192223,20.274980695199666,24,0,2
17.47957769513875,2.589275091320828,1,1253.5871300892684,2.670628365166312,111.47916485440756,9,1,2
44.09447594589939,0.622924644792411,1,42146.58503426761,7.4746855427727805,116.90695206580344,39,2,1
41.446845091634216,4.147353128646666,1,15706.091346850002,5.6396933786469035,106.59368437471439,9,2,1
46.477577425121446,1.0316791055601129,1,57465.148368366354,6.86213426998026,80.17889292407642,10,0,1
21.014975077923083,2.9258146994545404,0,59570.16059838004,3.0825675571483946,29.267579198764185,33,1,2
45.384713515736436,4.864185162554913,1,46668.11976079174,8.698583138723247,48.985403882318174,3,1,2
14.062774910957145,3.4146357259821842,1,70780.44640203382,4.552648116923812,46.50434933716372,7,1,0
14.092796876882975,3.2387903496281805,1,82999.63793294213,8.66883511852821,26.10781656589959,19,0,0
41.665734408930376,1.2017125290803476,1,12061.34240253771,5.451063145605466,16.625394093439866,42,2,0
44.80993981885097,2.4657787960659903,1,763.4649665401157,4.659264534539149,4.810016565961333,43,0,0
45.1656297499513,2.6054363917348864,1,53267.53104934556,6.74406936335158,7.941229423014789,15,1,1
32.4723887492356,2.3565483259091566,0,66159.71129296941,8.787469488102714,15.313436077473177,43,1,0
15.645080929744907,2.1428645214923097,1,41747.24672422309,5.47228558793293,112.508109284363,51,0,1
45.139207386650156,1.4210058187439571,1,46727.82366998647,0.3851678628634525,84.79828933204615,7,1,2
25.757093305293406,1.9073489833661197,0,80308.53443766646,3.0689785895743364,61.58672805132305,17,0,2
14.092796876882975,3.217227488113558,1,70724.02518090823,8.560207813510003,21.869856487569145,20,0,0
44.09447594589939,1.4908154532871238,1,42146.58503426761,7.656040550351788,53.290007178440874,39,2,0
45.139207386650156,1.4210058187439571,1,44219.088943284165,0.06476778226104551,84.79828933204615,8,1,2
45.52341833548342,3.2427360353991252,1,70724.02518090823,3.3378188219323848,21.944885276343946,18,0,0
44.80993981885097,2.699108229416427,1,5419.9786492603525,4.740961767316049,3.2055987491940634,20,0,0
11.783586327757831,3.2429092996479087,1,70742.22509458059,8.533516879209188,10.575941257246292,15,0,0
41.446845091634216,4.147353128646666,1,15706.091346850002,5.6396933786469035,108.28054694188891,15,2,1
44.92011178661207,2.4409766080517685,1,58745.810645717036,4.659264534539149,10.67280460642629,11,2,0
45.21309488326547,2.0325531800346504,1,4909.502141191042,2.670628365166312,111.47916485440756,9,1,2
17.211501633723806,3.775866857025721,1,15376.508751200105,3.807144533305473,64.35797412766968,23,0,2
13.302841447562876,2.122332435462998,1,89813.74742421102,4.552648116923812,46.50434933716372,66,0,0
43.93681490032363,4.147353128646666,1,15084.120338524568,0.7876558229049464,106.59368437471439,15,2,1
46.638505895433944,1.4836958667111015,1,47176.79906182039,6.664810723649994,118.4600879855422,52,2,0
33.812800614238306,1.0316791055601129,0,54985.55011897027,6.889376659720623,82.78898521525424,10,1,1
32.28892966078928,4.520254829978145,1,57197.97798484649,4.639399730053192,46.896601646601006,7,0,1
32.67911497811649,2.268697285307913,0,32144.424953541682,5.474050429843596,49.81975354600242,3,1,1
14.092796876882975,2.9977492087187456,1,61830.45189499318,2.9749309899012246,115.12541996332439,6,0,1
34.27535152040059,4.149434371371561,0,11231.3213658196,5.781502999804802,6.363560983010617,43,1,1
13.744928743640507,2.3146538988526064,1,53267.53104934556,6.562538190933889,7.941229423014789,15,1,1
13.851768423295699,3.2343255219197,1,75531.14065356238,8.587120489931527,27.730083948745396,42,0,0
14.092796876882975,3.238617085379397,1,71044.273405163,1.3065881494987313,65.68949419845455,12,0,0
14.092796876882975,3.2427360353991252,1,71037.95390514495,1.433588800040747,11.880250189768901,9,0,0
46.36740545736028,1.0564813073883466,1,18071.96049777419,6.86213426998026,80.17889292407642,43,0,1
17.647182106449847,4.864185162554913,1,43306.27423344515,8.698583138723247,48.985403882318174,2,1,2
44.84556599174356,2.5184216872556147,1,63053.18766046673,2.716408250900272,111.82145079170343,9,1,2
14.112892485754436,3.410793495550717,1,70246.16745151354,5.47228558793293,112.51572416722946,1,1,1
14.092796876882975,3.2427360353991252,1,70780.44640203382,5.496443435198945,10.575941257246292,18,0,0
43.76542492133902,1.419950824394888,1,43601.05845918284,0.45163887445708717,85.56676530987019,9,1,2
46.93936925004696,2.6119029980568813,1,11787.552168710426,5.11650780774765,8.270953492856231,17,0,1
40.94536198850608,1.5794342308571112,1,44200.94906752832,3.4341819823881377,55.53044306437668,3,1,1
15.645080929744907,4.530735365402075,1,41747.24672422309,8.808894343174627,112.94635158285323,42,0,1
40.34821844619676,4.781336274180493,0,81598.90470019961,5.3828819266067915,46.78258487762636,81,1,0
45.139207386650156,1.4210058187439571,1,44219.088943284165,0.08966473250435758,84.79828933204615,8,1,2
14.092796876882975,3.2427360353991252,1,70780.44640203382,0.6425032164804212,10.575941257246292,18,0,0
43.99073349864615,3.481079983350777,1,80357.21240575415,4.157019239192223,20.274980695199666,23,0,2
25.757093305293406,1.4636037450624357,0,80308.53443766646,8.473039702317086,61.511694714658944,18,0,2
29.187356940491,0.007450417544180854,0,62785.05107208173,2.3676692267033106,48.551247461737866,80,0,2
15.853382790327938,4.867301373832063,1,66586.3023985121,6.69137573132174,79.84160162180632,87,2,0
37.93705379788374,1.4920061150843784,1,23810.039645079414,4.053078421239325,39.94280253070204,58,0,2
21.679144639514043,1.569930010171684,0,59442.679488586844,2.651551901680297,23.666252201399516,3,1,2
44.84556599174356,4.458555352225786,1,15084.120338524568,7.03889108027187,111.82145079170343,9,2,2
21.014975077923083,2.9258146994545404,0,57710.41035105069,3.0825675571483946,29.267579198764185,33,1,2
32.4723887492356,2.3565483259091566,1,64367.94127135459,3.7188094920948913,17.647716891988154,43,0,0
25.98624884521811,3.866385048244082,1,92901.6137645858,7.653103087676975,33.5872985181856,62,0,1
34.516379676097564,0.15173003831235599,0,47264.028567582536,4.951999085990378,40.76692528182376,48,0,1
17.86556959088495,3.534825478278117,0,2391.266209451081,7.839185609550596,27.013919119123386,26,1,2
17.211501633723806,1.871219167392354,0,63348.881988291854,5.163005311701312,64.35797412766968,16,1,1
39.87441542599352,0.45426356752128916,0,24659.689794312544,1.5997166501999804,112.4320614801239,69,0,1
40.088936734771096,3.302500337139474,1,88961.25248239648,4.436978241987264,15.122262181813273,74,2,0
32.67911497811649,4.657319273706772,0,46668.11976079174,8.72765062632974,49.81975354600242,3,1,1
46.8431870913172,1.0359558404050062,1,45681.560769370975,5.649178450334751,80.17889292407642,11,2,1
18.231001929160755,3.150450998926715,0,109138.17138912487,9.648155495868265,106.16579789824905,45,2,1
44.03604498366606,1.4908154532871238,1,47180.73445686687,0.01148413743897403,119.97636339422378,39,2,0
16.75949245308345,3.7087834003466518,0,41888.23519510074,3.4036646605176593,17.236433561722265,89,0,1
48.574308835771184,3.6108240407105874,1,41788.44745357641,7.690501541914631,64.47572693127793,52,0,1
34.94770912424607,1.0935771228440228,0,57712.63781349773,6.861509613185092,105.74406344705902,42,2,0
34.27535152040059,4.149434371371561,0,11231.3213658196,5.609786443382162,6.363560983010617,43,1,1
48.822350525304955,3.288261054366216,0,65627.81905716793,6.637430301546088,70.59517870269502,67,2,2
41.48130855155084,3.4139945393017515,0,110574.43834557245,8.764309030577204,20.86936192659524,59,2,0
41.59669904354217,4.100378750852675,0,67568.13090297322,6.835514425311189,92.13963145985146,17,2,1
12.16375031483861,2.1428645214923097,1,89279.46847377163,5.47228558793293,112.51572416722946,74,0,1
38.40601514465267,0.45426356752128916,0,24659.689794312544,1.5997166501999804,112.86768777982064,33,0,1
16.75949245308345,3.7461966340356136,0,65539.47489905111,3.4036646605176593,17.236433561722265,16,0,1
44.84556599174356,4.458555352225786,0,64944.260478619355,7.024285756128549,109.86726883900737,7,2,2
12.426028511116817,3.1913117484856017,1,13034.81791163397,0.4489976240231264,5.48777267419475,18,0,0
44.295159168339204,3.4827504613931834,1,50005.61734965611,7.563276305496528,64.47572693127793,52,0,2
12.300175302223646,2.1417149688604966,0,83002.36003231142,5.163005311701312,64.35797412766968,22,1,1
21.679144639514043,1.5684593966747626,0,59442.679488586844,0.012211345406247354,23.666252201399516,40,2,0
41.70024195070631,2.378090787615668,0,110574.43834557245,8.671856752522968,39.87923563629533,59,2,0
28.791829172661146,0.007836923617611319,0,62308.260139427264,4.953330668693676,48.39111736116875,80,0,2
34.94770912424607,1.0925909484057421,0,108481.08654276533,9.50472595265701,105.7504650753544,56,2,0
39.852570048859526,1.0356452769047033,1,45681.560769370975,5.649178450334751,12.334408772940805,11,2,1
25.797318859011597,4.827488463764643,0,42947.39651721796,8.72765062632974,42.347564403528104,19,1,1
45.139207386650156,1.4210058187439571,1,44219.088943284165,0.08966473250435758,84.79828933204615,8,0,2
17.86556959088495,3.534825478278117,0,2204.0672209690892,7.942223946402133,27.013919119123386,88,1,2
40.37015029219072,3.86769739816893,1,92901.6137645858,7.653103087676975,33.5872985181856,81,0,0
21.749958948482053,2.9258146994545404,0,57710.41035105069,2.694164160891339,28.701255336630027,69,1,2
40.74079001644912,4.0629655171637085,0,41050.872420065774,6.835514425311189,92.13963145985146,80,2,1
48.822350525304955,3.288261054366216,1,16549.697419787935,6.6520356256894075,72.5465788979906,67,2,2
35.38966239460951,4.180813300659041,0,68982.25890324639,5.815821970151145,11.451729576430095,46,1,1
49.38077485777379,3.6091535626681805,1,87229.52656581796,4.284244396345863,20.121538604115003,23,0,1
17.075080367086567,1.90629069276567,1,69356.84653968635,5.47228558793293,112.51572416722946,74,0,1
44.03604498366606,1.4922860667840454,1,47180.73445686687,2.7729452594862423,119.97636339422378,2,1,2
37.71812039872783,3.2689069691864523,1,17419.703442878606,3.955985654550713,20.932928823598292,58,0,2
38.52896696653734,0.15183904460199898,0,47740.81950023701,2.366337646434749,40.92705538239288,48,0,1
18.231001929160755,3.1514374783021504,0,58366.932205239376,7.003866846730681,106.15939626995366,47,2,1
47.079539414996916,3.302811985549394,1,88961.25248239648,5.037390979081163,82.98264585022696,74,2,0
32.63888942439839,1.4636037450624357,0,84029.2575828053,8.473039702317086,62.59379037503033,1,0,2
31.050479835885845,2.3565483259091566,1,64367.94127135459,3.7188094920948913,17.647716891988154,43,1,0
15.853382790327938,4.895313143834186,1,67304.91663863699,6.588337394462094,79.84160162180632,25,2,0
25.964316703026636,4.858911819019993,0,83581.65593597747,4.502539477122232,46.78258487762636,62,1,1
17.075080367086567,1.90629069276567,1,68127.04147857612,5.47228558793293,115.02890679508876,75,0,2
49.41367788587053,3.6091535626681805,1,102718.23192170987,4.284244396345863,19.921112444419478,18,0,0
34.94770912424607,0.3932394263140354,0,57712.63781349773,6.783008583189565,119.42624107497299,42,2,0
24.790896257430546,2.9258146994545404,0,57710.41035105069,8.455732091339895,30.392099193719208,19,1,2
18.231001929160755,3.1514374783021504,0,58366.932205239376,7.541660901789196,106.15939626995366,33,2,1
10.106976997270642,3.7461966340356136,0,65539.47489905111,6.98060907567575,17.236433561722265,16,2,1
34.516379676097564,0.15173003831235599,1,47264.028567582536,5.588619138752544,40.76692528182376,50,0,2
46.26882654922585,1.4221483327101487,1,41063.76524953662,0.26601625402027573,12.933299860949965,8,1,1
32.4723887492356,2.3565483259091566,1,47427.23951239095,6.591289491278618,17.647716891988154,43,0,0
25.34480810655969,1.5639438843440967,0,80308.53443766646,8.875515300528349,61.511694714658944,18,0,0
28.9435623057404,4.149434371371561,0,46589.52951431619,5.609786443382162,5.056583028594485,43,1,1
43.21412009624747,1.2132231272857354,1,47238.658927671335,3.4069965857147033,79.84160162180632,26,2,0
11.854701229724943,2.871305009369766,1,13034.81791163397,0.1574597262135291,12.948642373006642,18,0,0
17.211501633723806,1.871219167392354,0,63348.881988291854,5.471214564597272,66.5864910689745,14,1,1
19.13214580451506,1.057728608609561,1,43071.24234123349,2.5549217747306003,83.85699080346667,7,0,2
30.923445853947527,1.7231282278630429,0,85259.0626439127,9.542610154629037,59.968961048547285,1,0,1
13.481903117861123,3.2427360353991252,1,69941.06734930752,0.6109484693536371,1.9207721708584398,23,0,1
44.03604498366606,1.1826242114672842,1,47180.73445686687,0.09223779211874517,106.02504029875573,39,2,0
25.829517314693376,4.827488463764643,0,42947.39651721796,3.354279591527857,41.223044408573344,33,1,1
38.40601514465267,0.45426356752128916,0,24659.689794312544,1.5997166501999804,107.23262540209062,47,0,1
43.51806081593202,4.458555352225786,1,15084.120338524568,3.4619466571216213,111.82145079170343,9,0,2
43.99073349864615,3.511736069720033,0,80357.21240575415,4.157019239192223,20.274980695199666,21,0,1
39.69284828254409,1.0345027629385126,1,44243.48817202152,5.890576025416947,84.20965384685768,11,2,2
46.8431870913172,1.0359558404050062,1,62622.262528334715,3.717134801966473,80.17889292407642,11,2,1
22.091429838247755,1.4681192573931017,0,54815.53105008492,0.03239205207798612,23.666252201399516,40,2,2
34.29569133399277,4.657319273706772,0,11310.130123471343,8.72765062632974,51.176370500225104,15,1,1
15.699016041639483,4.980961739981328,1,65075.723536112084,5.954286088329027,119.97636339422378,1,1,2
38.372173940739216,3.274806097846006,1,17419.703442878606,3.955985654550713,20.932928823598292,62,0,2
12.16375031483861,2.1428645214923097,1,89279.46847377163,5.16407633503697,110.27819265002698,80,0,1
44.630642358260445,1.569930010171684,0,60590.52609063775,0.19995137959109055,24.60764233040564,8,1,2
44.74005697682427,4.675668291657336,0,46642.76106269898,8.278220732281463,44.872715526006246,3,1,1
13.481903117861123,4.650730476092422,1,69941.06734930752,0.6109484693536371,1.9207721708584398,15,0,1
43.46281105782797,1.3694573957981055,1,14185.542107504225,3.27970443567746,85.94863573936809,9,0,2
45.29235364540436,4.466633378868398,0,62933.33736233978,7.15453280860607,17.143540138375442,16,2,1
21.679144639514043,1.569930010171684,0,67482.7279931263,2.651551901680297,23.666252201399516,3,1,2
41.16600127413494,4.980961739981328,1,65075.723536112084,5.954286088329027,119.97636339422378,4,1,2
25.761046252422428,4.83087677222914,1,63408.12296499725,1.4024482849548825,40.00184420741992,18,0,0
39.69284828254409,1.1592541635315865,1,45516.180930893206,2.8394996496399347,84.20965384685768,11,1,2
47.142306279030144,1.018821336449799,0,84029.2575828053,1.8866364957951707,62.766124928824354,1,0,2
10.53274295726171,1.5258884971614897,1,41850.2782230153,0.008202877587564023,2.7126622410427714,19,2,0
41.254225481819205,1.2149760980810291,1,42877.56862105633,3.4069965857147033,71.18917407996074,26,2,0
49.921517602832076,3.1943750381738987,1,87330.55305360413,0.1574597262135291,12.948642373006642,18,0,1
49.38582116989237,3.6091535626681805,1,101479.830224827,4.284244396345863,79.20000269456523,15,0,0
32.4723887492356,2.3565483259091566,1,60407.50872434984,6.9485623361016,31.421786307593766,43,0,0
39.852570048859526,1.133986274031224,1,40963.85191684129,5.649178450334751,12.378903594226585,11,2,1
33.078247480790225,1.3992193707592304,1,47619.663194045825,0.05751715430191484,84.79828933204615,8,1,2
34.0227934180827,3.2492854488361975,0,11310.130123471343,8.584764840942336,51.176370500225104,25,1,1
45.194457144754196,4.5092107617400154,1,45117.69113089259,0.2948723869894483,110.6709057436484,8,0,2
16.307606889897368,3.8339652156493216,1,17690.655470853235,3.288022893842135,111.80423651361878,9,0,2
15.853382790327938,4.895313143834186,1,59264.86813409753,6.588337394462094,79.84160162180632,25,2,0
14.756001683166932,0.45426356752128916,0,24659.689794312544,1.5997166501999804,112.86768777982064,25,0,1
12.923824653690842,3.2380901851346824,0,42695.043509039904,8.72765062632974,10.019760342525693,17,1,1
44.03604498366606,1.4922860667840454,1,47180.73445686687,5.824021638901234,119.97636339422378,2,2,2
32.33791617962096,1.0359558404050062,1,62622.262528334715,9.432637196627342,80.00655837028204,11,2,1
42.95027876725973,3.156238706641438,1,12139.958865582183,0.6153778722619523,112.01568728042503,28,0,0
19.784537660141453,1.5676411816506488,1,40488.59707859533,2.5549217747306003,79.23434197636149,7,0,2
10.741717321261067,2.8786941706180986,1,13572.894195608213,4.284244396345863,20.121538604115003,23,0,0
46.3519401465761,1.0359558404050062,1,46919.52727401044,5.649178450334751,20.90027227967918,11,2,1
10.106976997270642,3.7461966340356136,0,63815.837533731545,6.623336230852769,17.654647107767346,16,2,1
46.26882654922585,1.4221483327101487,1,45781.474102066306,0.26601625402027573,12.888805039664184,8,1,1
39.852570048859526,1.0260020782027743,1,12727.318758159505,6.201976268892977,12.334408772940805,11,0,1
13.49101668672569,1.0293693394063361,1,13666.664528611447,0.4489976240231264,82.62106564097644,11,0,0
21.631633420756664,3.7461966340356136,0,65539.47489905111,2.9852832043573576,17.236433561722265,5,1,1
16.307606889897368,3.8339652156493216,1,17690.655470853235,3.288022893842135,112.03061511084107,9,0,2
13.4725185416627,1.0359558404050062,1,60514.92969865926,1.4872637787694676,75.80372314843062,15,2,1
40.9589322277637,1.7311990208658483,1,65974.50227368371,0.20645082118007418,85.28881642413936,7,1,2
13.481903117861123,3.2427360353991252,1,69941.06734930752,8.372426023667638,58.94029168774663,24,0,2
46.26882654922585,1.5335220113648322,1,41063.76524953662,0.23551933922055962,12.933299860949965,24,1,0
41.254225481819205,1.2149760980810291,1,60915.13870666164,3.4069965857147033,70.86479904625998,43,2,0
26.05043597237483,0.9606789102993101,0,43078.103584574405,8.72765062632974,69.41212757810663,7,1,1
38.40601514465267,1.2268017337208539,0,48807.92071615704,1.5997166501999804,107.92885074731007,33,2,0
14.092796876882975,3.2427360353991252,1,70780.44640203382,0.6425032164804212,109.1160663151714,22,0,0
44.03604498366606,1.4922860667840454,1,47180.73445686687,3.0933197542258357,81.01404808260764,2,2,2
21.91973410635239,1.569930010171684,0,15769.628210202787,2.7194350553448428,23.666252201399516,2,1,2
25.761046252422428,4.83087677222914,1,63408.12296499725,1.4055124245262571,12.32226589540711,15,0,0
43.46281105782797,1.3791005945000347,1,47139.92127345958,3.1623532057913213,85.94863573936809,9,2,2
46.8431870913172,3.1978990953023025,1,61991.306794849064,3.717134801966473,3.5995199011124797,4,2,1
16.80700367189055,1.569930010171684,0,59442.679488586844,1.4622475794698955,23.666252201399516,16,0,2
42.95027876725973,3.156238706641438,1,12139.958865582183,0.6153778722619523,111.78930868320273,28,0,0
32.349303246618966,4.181255558278126,1,69941.06734930752,8.554097993885847,1.9207721708584398,11,0,1
45.34627643150606,4.621308560646823,1,44219.088943284165,5.780858900593665,118.78245567541565,8,1,2
32.63888942439839,1.4636037450624357,0,84029.2575828053,1.0390271037816203,5.917764408649745,5,0,1
10.53274295726171,1.414514818506806,1,41850.2782230153,0.03995994657236844,2.7126622410427714,19,2,1
31.180984774197814,2.3565483259091566,1,42369.93863874508,6.9485623361016,31.746161498130984,23,0,0
18.879028691568298,4.886367223528424,1,42940.535273877045,2.5549217747306003,43.568322939337065,19,0,2
43.21412009624747,0.44068506567967797,1,25489.263091131812,3.4069965857147033,80.69763531412124,26,0,1
43.51806081593202,4.458555352225786,1,15084.120338524568,3.92753637652212,13.214541548016086,9,0,2
19.784537660141453,1.5676411816506488,1,45966.305855678875,6.1316624961548865,119.9995641987238,7,0,2
10.56431500992823,2.8786941706180986,1,65972.80937756921,4.216361242683396,20.121538604115003,22,0,0
11.478091945731357,2.871305009369766,1,13034.81791163397,0.1550069783892798,40.62825049355955,18,0,0
40.34821844619676,4.781336274180493,0,81598.90470019961,5.3828819266067915,46.78258487762636,81,1,0
45.139207386650156,1.4210058187439571,1,44219.088943284165,0.08966473250435758,84.79828933204615,8,1,2
14.092796876882975,3.2427360353991252,1,70780.44640203382,0.6425032164804212,10.575941257246292,18,0,0
43.99073349864615,3.481079983350777,1,80357.21240575415,4.157019239192223,20.274980695199666,23,0,2
25.757093305293406,1.4636037450624357,0,80308.53443766646,8.473039702317086,61.511694714658944,18,0,2
29.187356940491,0.007450417544180854,0,62785.05107208173,2.3676692267033106,48.551247461737866,80,0,2
15.853382790327938,4.867301373832063,1,66586.3023985121,6.69137573132174,79.84160162180632,87,2,0
37.93705379788374,1.4920061150843784,1,23810.039645079414,4.053078421239325,39.94280253070204,58,0,2
21.679144639514043,1.569930010171684,0,59442.679488586844,2.651551901680297,23.666252201399516,3,1,2
44.84556599174356,4.458555352225786,1,15084.120338524568,7.03889108027187,111.82145079170343,9,2,2
21.014975077923083,2.9258146994545404,0,57710.41035105069,3.0825675571483946,29.267579198764185,33,1,2
32.4723887492356,2.3565483259091566,1,64367.94127135459,3.7188094920948913,17.647716891988154,43,0,0
25.98624884521811,3.866385048244082,1,92901.6137645858,7.653103087676975,33.5872985181856,62,0,1
34.516379676097564,0.15173003831235599,0,47264.028567582536,4.951999085990378,40.76692528182376,48,0,1
17.86556959088495,3.534825478278117,0,2391.266209451081,7.839185609550596,27.013919119123386,26,1,2
17.211501633723806,1.871219167392354,0,63348.881988291854,5.163005311701312,64.35797412766968,16,1,1
39.87441542599352,0.45426356752128916,0,24659.689794312544,1.5997166501999804,112.4320614801239,69,0,1
40.088936734771096,3.302500337139474,1,88961.25248239648,4.436978241987264,15.122262181813273,74,2,0
32.67911497811649,4.657319273706772,0,46668.11976079174,8.72765062632974,49.81975354600242,3,1,1
46.8431870913172,1.0359558404050062,1,45681.560769370975,5.649178450334751,80.17889292407642,11,2,1
18.231001929160755,3.150450998926715,0,109138.17138912487,9.648155495868265,106.16579789824905,45,2,1
44.03604498366606,1.4908154532871238,1,47180.73445686687,0.01148413743897403,119.97636339422378,39,2,0
16.75949245308345,3.7087834003466518,0,41888.23519510074,3.4036646605176593,17.236433561722265,89,0,1
48.574308835771184,3.6108240407105874,1,41788.44745357641,7.690501541914631,64.47572693127793,52,0,1
34.94770912424607,1.0935771228440228,0,57712.63781349773,6.861509613185092,105.74406344705902,42,2,0
34.27535152040059,4.149434371371561,0,11231.3213658196,5.609786443382162,6.363560983010617,43,1,1
48.822350525304955,3.288261054366216,0,65627.81905716793,6.637430301546088,70.59517870269502,67,2,2
41.48130855155084,3.4139945393017515,0,110574.43834557245,8.764309030577204,20.86936192659524,59,2,0
41.59669904354217,4.100378750852675,0,67568.13090297322,6.835514425311189,92.13963145985146,17,2,1
12.16375031483861,2.1428645214923097,1,89279.46847377163,5.47228558793293,112.51572416722946,74,0,1
29.187356940491,0.007450417544180854,0,62785.05107208173,2.3676692267033106,118.50426403376244,79,0,2
16.75949245308345,3.7087834003466518,0,41888.23519510074,2.805048456586827,17.236433561722265,22,0,1
48.574308835771184,3.6108240407105874,0,41788.44745357641,7.793093695928656,64.47572693127793,52,0,1
21.57654603349792,3.297282419372859,1,68044.27344384337,0.573033709685498,20.363513541534005,18,0,0
16.79187549692091,0.8250576123918867,1,41335.29397000476,6.651285022735143,79.82761127684421,87,2,1
26.140117605684267,1.4920061150843784,1,28399.08513188658,7.454612074740213,39.71396878364074,58,0,2
44.84556599174356,4.458555352225786,1,2735.5182759293184,7.722927766317462,111.82145079170343,23,1,2
38.35452080458564,4.781336274180493,0,107030.70311566962,5.3828819266067915,44.07146994891977,81,1,0
49.17718939658734,3.1608540405041397,0,108992.12604449045,6.635155635305581,106.89870190134222,67,2,2
25.611419979213878,1.3550763455916799,0,79843.67188456075,8.47575094532078,61.511694714658944,18,1,2
43.98582536334738,1.4899465698710284,1,47814.93293721773,0.01148413743897403,112.64437839671098,39,2,0
17.211501633723806,2.1619410108287984,0,61078.13734167322,0.04653886533318152,63.642660168487865,16,1,1
32.67911497811649,1.741184517917732,1,41955.186629260716,5.170999742498119,49.81975354600242,3,0,1
39.552424598876854,2.330296063527986,1,64367.94127135459,1.5233774354127785,17.647716891988154,67,0,0
34.27535152040059,4.149434371371561,0,11231.3213658196,5.609786443382162,6.363560983010617,47,1,1
41.59669904354217,4.100378750852675,0,67568.13090297322,6.835514425311189,45.293656696824684,18,2,1
43.99073349864615,3.481079983350777,1,80357.21240575415,4.157019239192223,20.274980695199666,85,0,2
41.48130855155084,3.4139945393017515,1,110574.43834557245,8.273054718059264,20.86936192659524,49,2,0
14.195396429803973,1.5153836301673813,0,59979.340201470186,2.7210808738166206,11.052172711101775,3,1,2
45.88369424799569,4.952728125650631,1,70932.56919832293,5.714331553891759,77.62515618803705,14,2,0
37.783185033756844,4.172642716911888,1,95166.88019045298,4.055255091277582,33.81613226524691,62,0,1
17.86556959088495,3.534825478278117,0,14741.081403335442,7.839185609550596,27.013919119123386,9,2,2
35.11303947568261,1.0935771228440228,0,58156.6454381113,6.92932687503893,108.44212306565458,42,2,0
16.34782166198101,3.277858012788791,0,65772.82792224472,9.648731107690695,75.07789732418142,45,2,1
21.160648404002682,3.0343421091663187,0,58175.27290414504,3.079790540271048,29.267579198764185,33,0,2
40.139156355076956,3.303369224273233,1,88327.05370818646,4.436978241987264,20.504392525260734,74,2,0
42.96997243417485,1.871281074528695,1,44219.088943284165,5.381653181376091,85.51360329115568,10,1,2
12.16375031483861,4.641882175014062,0,93992.37755830216,9.028765451064157,118.21550923015866,74,1,1
32.794379576278935,0.4805718362422188,0,31862.241544828656,3.7951487797368872,112.4320614801239,45,0,1
34.516379676097564,0.15173003831235599,0,42999.89509654668,5.093009201825361,40.76692528182376,43,0,1
21.985455502784117,1.569930010171684,0,66720.43963039917,2.651551901680297,23.666252201399516,3,1,2
19.912536941603378,3.986347173631918,0,92251.65570950577,3.6731107826147693,11.052172711101775,3,1,2
17.86556959088495,3.534825478278117,1,67433.44547640697,7.839185609550596,20.31873784178138,9,0,2
43.98582536334738,1.7591230589623508,1,47814.93293721773,0.01148413743897403,112.64437839671098,38,1,0
12.283524107827727,2.2109045062910284,0,7081.036488040118,5.47228558793293,77.06551141781301,26,0,1
16.75949245308345,4.0258440788066565,0,41888.23519510074,2.805048456586827,17.236433561722265,44,0,1
46.8431870913172,1.0359558404050062,1,45681.560769370975,8.558353651866742,83.38880738911561,18,2,2
42.48904093473291,4.2611117738375714,1,1324.2041432571132,7.722927766317462,105.05534629259941,23,1,2
26.14861290461902,3.277858012788791,0,65772.82792224472,9.426581111393514,62.40934288809161,46,0,1
44.84556599174356,4.569355957053309,1,15084.120338524568,7.03889108027187,63.02874888914284,16,2,2
32.0537141404802,4.79841346097327,1,63829.504162206744,5.725430104950989,77.62515618803705,14,2,0
33.552892257785466,1.1873700663351845,0,46668.11976079174,4.553927993696835,39.19191343885974,3,0,1
17.211501633723806,1.9517199993385133,1,55734.12061858887,5.163005311701312,55.62095171531755,14,1,1
42.96997243417485,1.871281074528695,1,44211.24915395937,4.617183312479416,50.59143929896754,14,1,2
44.03604498366606,1.7503399360863576,1,47180.73445686687,0.0046060803618264146,119.97636339422378,27,2,0
15.547071946842088,4.988970295624811,1,59308.54225669977,6.69137573132174,65.65045639237873,87,2,0
14.44299808535926,1.3954151332006237,1,60120.531158774946,7.1814229797749505,26.197056204220907,38,0,1
21.57654603349792,3.297282419372859,0,15352.630631850116,0.573033709685498,21.467885502668672,18,2,0
45.139207386650156,1.4210058187439571,1,44219.088943284165,0.08966473250435758,84.79828933204615,9,2,2
17.745805962219364,3.46678549322011,1,85915.99300112967,7.839185609550596,27.013919119123386,74,1,2
18.231001929160755,3.150450998926715,0,109138.17138912487,9.262430875056765,106.16579789824905,22,2,1
25.757093305293406,1.4636037450624357,0,80308.53443766646,5.563862950486565,61.511694714658944,11,0,1
44.81917589335986,4.106354409781198,0,70383.20420434809,6.835514425311189,109.98276264994057,27,2,1
16.339326633555686,1.4920061150843784,1,28399.08513188658,7.676439977856431,41.236883889109095,57,2,2
16.500904754676938,2.050507624454376,0,61078.13734167322,0.04653886533318152,112.42112106247615,21,1,1
46.30192007868517,2.3623060272657823,1,71471.00630747077,3.7077109410362508,17.647716891988154,43,0,0
39.448840677765844,4.64604929937183,1,23810.039645079414,8.848285035499623,50.57064263784471,58,1,2
48.574308835771184,3.5303232032677334,0,41788.44745357641,7.690501541914631,64.47572693127793,54,0,1
32.67911497811649,1.741184517917732,1,41963.02641858551,5.170999742498119,84.74191752062734,3,0,1
14.092796876882975,2.3083014105267563,1,70780.44640203382,0.6425032164804212,10.575941257246292,18,0,0
14.092796876882975,2.245973317166044,0,70780.44640203382,1.0341630942063347,10.575941257246292,18,0,1
30.067452112391887,4.77545254739943,1,41963.02641858551,5.170999742498119,79.92544749246623,14,0,1
44.28653357239255,1.5000411690499302,1,47632.450139019704,0.01148413743897403,119.97636339422378,31,2,0
17.13059350899796,0.9422401591433942,0,61078.13734167322,0.008798686364389852,63.642660168487865,16,1,1
17.59454366303143,1.5536705674702842,1,67433.44547640697,7.839185609550596,37.653900940485144,58,0,2
25.632570011785894,1.379594931960238,1,89279.46847377163,5.419760515407364,112.51572416722946,74,0,1
14.195396429803973,0.9582722237468734,0,50507.56817768022,2.7058734661032613,11.052172711101775,7,1,2
44.84556599174356,3.5888682312377522,1,920.9659056877008,7.722927766317462,110.71923716937685,24,1,2
21.57654603349792,1.4802287628094182,0,15978.857747731046,0.573033709685498,24.917828653310604,18,2,0
44.84556599174356,4.458555352225786,0,15084.120338524568,2.7213395335460038,27.325988032747524,3,2,2
32.67911497811649,4.657319273706772,0,46626.89757224721,9.060919390572561,86.5434521536203,3,1,1
46.8431870913172,1.0359558404050062,1,45681.560769370975,8.558353651866742,83.38880738911561,2,2,2
17.977347784501642,3.495965184254997,0,3068.1871573293065,7.839185609550596,26.96868537221779,26,1,2
32.67911497811649,1.741184517917732,1,41955.186629260716,5.170999742498119,49.81975354600242,60,0,2
44.08845777047041,1.748461375917266,1,47814.93293721773,5.046080049126459,60.1903324279633,38,1,0
12.754412416943495,2.2164329922822636,1,9610.711522871658,5.026982825849929,76.77177909581837,26,0,0
30.08657709162122,1.8591190315870474,1,63829.504162206744,5.5183672060807325,77.62515618803705,6,2,0
13.854681410871834,3.2335103223843973,1,70328.73071988198,0.6425032164804212,10.575941257246292,17,0,0
46.90033733822385,2.2556567178517177,1,45681.560769370975,6.176511254413026,80.17889292407642,11,2,1
16.330985844533362,3.5314579579791,1,28399.08513188658,7.676439977856431,41.236883889109095,8,2,2
12.290784490013982,2.226873334596754,0,80308.53443766646,8.771222001480883,61.511694714658944,18,0,2
17.818072215129177,2.050507624454376,0,61078.13734167322,0.04653886533318152,112.42112106247615,21,1,1
49.16075696583989,4.480511068921686,1,43054.79891299176,7.631377328967582,63.12155902659637,59,0,1
28.807900108772444,3.389503487383637,0,86391.41482130713,5.563862950486565,61.511694714658944,11,0,1
21.679144639514043,1.569930010171684,1,59442.679488586844,6.96910357847856,108.0787817853552,13,1,2
42.96997243417485,1.871281074528695,1,44260.3111318287,5.048122130475566,50.989309119059605,10,1,2
33.552892257785466,1.1873700663351845,0,49980.34960542905,4.553927993696835,39.19191343885974,19,0,1
14.331219892070358,1.434275445560294,1,45372.54375525114,7.1814229797749505,25.014004455928262,38,0,1
37.93705379788374,1.4920061150843784,1,23810.039645079414,4.053078421239325,39.94280253070204,2,0,1
21.253346587248142,1.8818808504374385,0,63348.881988291854,0.23601927499745434,116.52920141601003,10,1,1
32.67911497811649,1.741184517917732,1,41824.70509675941,5.128653579029654,74.95155874540282,3,0,1
47.00347686544668,3.0505701661123683,1,70248.35179026812,5.649178450334751,10.784089120555215,10,2,1
14.092796876882975,2.3083014105267563,1,70780.44640203382,0.6425032164804212,10.575941257246292,2,1,0
16.500904754676938,1.20648779478579,0,61078.13734167322,0.04653886533318152,112.42112106247615,21,1,1
33.552892257785466,3.790490724267014,1,543.4907939988516,4.553927993696835,39.19191343885974,25,1,1
48.43057378801974,1.643942398209325,1,41955.186629260716,5.065189885893062,61.18167205332435,3,0,1
21.27555785602455,3.367626350751151,0,45681.560769370975,9.714211132470158,80.25578815580833,14,2,2
30.067452112391887,1.4535762546516766,1,41963.02641858551,5.257965992896219,79.92544749246623,14,0,1
21.679144639514043,1.569930010171684,0,59442.679488586844,2.651551901680297,23.666252201399516,1,1,2
30.08657709162122,1.8591190315870474,1,64603.15768848431,5.5183672060807325,47.76178894292913,6,2,0
21.679144639514043,1.569930010171684,1,59442.679488586844,6.96910357847856,108.50440692715246,13,1,2
42.53466863037515,1.8948752507924953,1,59967.07280340916,5.283276118829857,48.9250719642325,21,1,2
46.18388134954004,1.489274306645828,1,23932.12888497133,3.9341787326215147,39.24138942289965,2,2,1
14.44299808535926,1.3336260361802856,1,67223.812767489,7.876148472244385,25.672866051135045,38,0,1
17.74550380489452,3.2427360353991252,1,73218.59525927503,0.6861308560713573,9.723548345017885,18,0,0
13.854681410871834,1.2188966850059642,1,45761.93969898921,0.6425032164804212,79.98628591673486,24,0,0
32.67911497811649,4.40716960758786,0,46626.89757224721,9.060919390572561,86.5434521536203,19,0,1
33.552892257785466,2.031389896012152,0,49980.34960542905,4.553927993696835,39.19191343885974,19,0,1
44.84556599174356,0.9857603593437652,0,48418.90107035519,7.722927766317462,114.73456105865618,0,0,2
32.80510726883435,3.7080660418304046,1,41788.44745357641,7.068161610859449,50.16632081499779,52,0,1
47.12268396685758,0.43306091657343904,1,15352.630631850116,0.573033709685498,24.601091652857185,18,2,0
14.331219892070358,4.7490706398047955,1,45372.54375525114,7.094456729361927,25.014004455928262,38,0,1
44.84556599174356,4.458555352225786,1,2735.5182759293184,7.722927766317462,111.82145079170343,22,1,2
16.330985844533362,3.5314579579791,1,27625.43199600414,7.676439977856431,77.73552990594258,8,2,2
42.96997243417485,1.871281074528695,1,44219.088943284165,5.678954444553845,89.78376550902183,4,1,2
18.253230265061713,2.050507624454376,0,45371.375670092806,0.04653886533318152,112.9778601129035,10,1,1
38.59633712953091,1.0386876488435657,1,45559.47153267042,9.16289344452125,84.09022036570197,2,0,2
17.86556959088495,3.596614654031229,1,60330.16386769292,7.144460117081162,25.66039380079076,5,0,2
42.96997243417485,1.817762891958941,1,44260.98712630745,5.371629274494884,52.776468142336185,10,1,2
42.96997243417485,1.871281074528695,1,44218.41294880541,5.058146037356773,83.72644425664818,10,1,2
