bandwidth,cruise_speed,firm_obstacle,illuminance,obstacle_distance,obstacle_size,power,quality,smoke_intensity
40.949514277525246,2.2727214909251696,0,113418.1486656005,3.6999147558035164,98.01653298636963,78,1,2
40.949514277525246,2.2727214909251696,0,113418.1486656005,3.6999147558035164,98.01653298636963,96,1,2
40.949514277525246,2.2727214909251696,0,113418.1486656005,3.6999147558035164,98.01653298636963,26,1,2
40.949514277525246,2.2727214909251696,0,113418.1486656005,3.6999147558035164,98.01653298636963,20,1,2
40.949514277525246,2.2727214909251696,0,113418.1486656005,3.6999147558035164,98.01653298636963,80,1,2
40.949514277525246,2.2727214909251696,0,113418.1486656005,3.6999147558035164,98.01653298636963,83,1,2
40.949514277525246,2.2727214909251696,0,113418.1486656005,3.6999147558035164,98.01653298636963,51,1,2
40.949514277525246,2.2727214909251696,0,113418.1486656005,3.6999147558035164,98.01653298636963,15,1,2
40.949514277525246,2.2727214909251696,0,113418.1486656005,3.6999147558035164,98.01653298636963,84,1,2
40.949514277525246,2.2727214909251696,0,113418.1486656005,3.6999147558035164,98.01653298636963,51,1,2
40.949514277525246,2.2727214909251696,0,113418.1486656005,3.6999147558035164,98.01653298636963,15,1,2
40.949514277525246,2.2727214909251696,0,113418.1486656005,3.6999147558035164,98.01653298636963,13,1,2
40.949514277525246,2.2727214909251696,0,113418.1486656005,3.6999147558035164,98.01653298636963,41,1,2
40.949514277525246,2.2727214909251696,0,113418.1486656005,3.6999147558035164,98.01653298636963,69,1,2
40.949514277525246,2.2727214909251696,0,113418.1486656005,3.6999147558035164,98.01653298636963,40,1,2
40.949514277525246,2.2727214909251696,0,113418.1486656005,3.6999147558035164,98.01653298636963,85,1,2
40.949514277525246,2.2727214909251696,0,113418.1486656005,3.6999147558035164,98.01653298636963,0,1,2
40.949514277525246,2.2727214909251696,0,113418.1486656005,3.6999147558035164,98.01653298636963,42,1,2
40.949514277525246,2.2727214909251696,0,113418.1486656005,3.6999147558035164,98.01653298636963,52,1,2
40.949514277525246,2.2727214909251696,0,113418.1486656005,3.6999147558035164,98.01653298636963,96,1,2
40.949514277525246,2.2727214909251696,0,113418.1486656005,3.6999147558035164,98.01653298636963,23,1,2
40.949514277525246,2.2727214909251696,0,113418.1486656005,3.6999147558035164,98.01653298636963,83,1,2
40.949514277525246,2.2727214909251696,0,113418.1486656005,3.6999147558035164,98.01653298636963,7,1,2
40.949514277525246,2.2727214909251696,0,113418.1486656005,3.6999147558035164,98.01653298636963,34,1,2
40.949514277525246,2.2727214909251696,0,113418.1486656005,3.6999147558035164,98.01653298636963,75,1,2
40.949514277525246,2.2727214909251696,0,113418.1486656005,3.6999147558035164,98.01653298636963,58,1,2
40.949514277525246,2.2727214909251696,0,113418.1486656005,3.6999147558035164,98.01653298636963,94,1,2
40.949514277525246,2.2727214909251696,0,113418.1486656005,3.6999147558035164,98.01653298636963,76,1,2
40.949514277525246,2.2727214909251696,0,113418.1486656005,3.6999147558035164,98.01653298636963,92,1,2
40.949514277525246,2.2727214909251696,0,113418.1486656005,3.6999147558035164,98.01653298636963,83,1,2
27.33747238073287,4.667192354257907,0,100159.37098210645,7.162818061903775,77.42342000038346,3,2,1
27.33747238073287,0.7249734746811365,0,100159.37098210645,7.162818061903775,77.42342000038346,3,2,1
27.33747238073287,3.727901055219687,0,100159.37098210645,7.162818061903775,77.42342000038346,3,2,1
27.33747238073287,0.6967569693391118,0,100159.37098210645,7.162818061903775,77.42342000038346,3,2,1
27.33747238073287,4.5326437805646345,0,100159.37098210645,7.162818061903775,77.42342000038346,3,2,1
27.33747238073287,1.130572168372637,0,100159.37098210645,7.162818061903775,77.42342000038346,3,2,1
27.33747238073287,4.266198749528031,0,100159.37098210645,7.162818061903775,77.42342000038346,3,2,1
27.33747238073287,1.531589327660619,0,100159.37098210645,7.162818061903775,77.42342000038346,3,2,1
27.33747238073287,4.849151841031609,0,100159.37098210645,7.162818061903775,77.42342000038346,3,2,1
27.33747238073287,2.5891710680843483,0,100159.37098210645,7.162818061903775,77.42342000038346,3,2,1
27.33747238073287,1.6123727938303067,0,100159.37098210645,7.162818061903775,77.42342000038346,3,2,1
27.33747238073287,1.412167585823398,0,100159.37098210645,7.162818061903775,77.42342000038346,3,2,1
27.33747238073287,3.02932497909838,0,100159.37098210645,7.162818061903775,77.42342000038346,3,2,1
27.33747238073287,1.6688222835966915,0,100159.37098210645,7.162818061903775,77.42342000038346,3,2,1
27.33747238073287,3.3932438675407144,0,100159.37098210645,7.162818061903775,77.42342000038346,3,2,1
27.33747238073287,0.7721253523044702,0,100159.37098210645,7.162818061903775,77.42342000038346,3,2,1
27.33747238073287,1.2488775969814159,0,100159.37098210645,7.162818061903775,77.42342000038346,3,2,1
27.33747238073287,4.349471230280549,0,100159.37098210645,7.162818061903775,77.42342000038346,3,2,1
27.33747238073287,3.0018391021795954,0,100159.37098210645,7.162818061903775,77.42342000038346,3,2,1
27.33747238073287,1.3099152798526688,0,100159.37098210645,7.162818061903775,77.42342000038346,3,2,1
27.33747238073287,0.7470745029049414,0,100159.37098210645,7.162818061903775,77.42342000038346,3,2,1
27.33747238073287,0.6839457474259475,0,100159.37098210645,7.162818061903775,77.42342000038346,3,2,1
27.33747238073287,1.244604687957482,0,100159.37098210645,7.162818061903775,77.42342000038346,3,2,1
27.33747238073287,1.9141233328520362,0,100159.37098210645,7.162818061903775,77.42342000038346,3,2,1
27.33747238073287,3.2453952831221775,0,100159.37098210645,7.162818061903775,77.42342000038346,3,2,1
27.33747238073287,4.187818800305308,0,100159.37098210645,7.162818061903775,77.42342000038346,3,2,1
27.33747238073287,3.8801597350523824,0,100159.37098210645,7.162818061903775,77.42342000038346,3,2,1
27.33747238073287,1.6975778761720934,0,100159.37098210645,7.162818061903775,77.42342000038346,3,2,1
27.33747238073287,0.7428436913616188,0,100159.37098210645,7.162818061903775,77.42342000038346,3,2,1
27.33747238073287,2.2850969334618396,0,100159.37098210645,7.162818061903775,77.42342000038346,3,2,1
27.51457430755201,3.029172275122084,1,108776.41567614969,4.284039012620884,55.83530300313923,49,1,2
32.9687035961208,3.029172275122084,1,108776.41567614969,4.284039012620884,55.83530300313923,49,1,2
24.930768940811628,3.029172275122084,1,108776.41567614969,4.284039012620884,55.83530300313923,49,1,2
35.35300229448396,3.029172275122084,1,108776.41567614969,4.284039012620884,55.83530300313923,49,1,2
14.585774359166042,3.029172275122084,1,108776.41567614969,4.284039012620884,55.83530300313923,49,1,2
19.323618969257534,3.029172275122084,1,108776.41567614969,4.284039012620884,55.83530300313923,49,1,2
40.689640681549086,3.029172275122084,1,108776.41567614969,4.284039012620884,55.83530300313923,49,1,2
49.48497087560376,3.029172275122084,1,108776.41567614969,4.284039012620884,55.83530300313923,49,1,2
42.32004317289444,3.029172275122084,1,108776.41567614969,4.284039012620884,55.83530300313923,49,1,2
43.71862576099696,3.029172275122084,1,108776.41567614969,4.284039012620884,55.83530300313923,49,1,2
41.82730714381002,3.029172275122084,1,108776.41567614969,4.284039012620884,55.83530300313923,49,1,2
28.27365226339346,3.029172275122084,1,108776.41567614969,4.284039012620884,55.83530300313923,49,1,2
39.54682700144023,3.029172275122084,1,108776.41567614969,4.284039012620884,55.83530300313923,49,1,2
33.13819970396084,3.029172275122084,1,108776.41567614969,4.284039012620884,55.83530300313923,49,1,2
28.02942267030257,3.029172275122084,1,108776.41567614969,4.284039012620884,55.83530300313923,49,1,2
20.840976704250153,3.029172275122084,1,108776.41567614969,4.284039012620884,55.83530300313923,49,1,2
44.58412586471925,3.029172275122084,1,108776.41567614969,4.284039012620884,55.83530300313923,49,1,2
12.74622663674132,3.029172275122084,1,108776.41567614969,4.284039012620884,55.83530300313923,49,1,2
42.66937838082907,3.029172275122084,1,108776.41567614969,4.284039012620884,55.83530300313923,49,1,2
45.2733999551677,3.029172275122084,1,108776.41567614969,4.284039012620884,55.83530300313923,49,1,2
26.940655712610333,3.029172275122084,1,108776.41567614969,4.284039012620884,55.83530300313923,49,1,2
43.3291725650746,3.029172275122084,1,108776.41567614969,4.284039012620884,55.83530300313923,49,1,2
23.640668524019123,3.029172275122084,1,108776.41567614969,4.284039012620884,55.83530300313923,49,1,2
30.791660277811552,3.029172275122084,1,108776.41567614969,4.284039012620884,55.83530300313923,49,1,2
31.96825797301932,3.029172275122084,1,108776.41567614969,4.284039012620884,55.83530300313923,49,1,2
17.715087305242747,3.029172275122084,1,108776.41567614969,4.284039012620884,55.83530300313923,49,1,2
23.328675454279274,3.029172275122084,1,108776.41567614969,4.284039012620884,55.83530300313923,49,1,2
21.100982378106224,3.029172275122084,1,108776.41567614969,4.284039012620884,55.83530300313923,49,1,2
28.302357295773113,3.029172275122084,1,108776.41567614969,4.284039012620884,55.83530300313923,49,1,2
36.99382486718454,3.029172275122084,1,108776.41567614969,4.284039012620884,55.83530300313923,49,1,2
43.50677700515948,1.8184223871736382,1,22838.68196459602,5.215505202345674,21.68367734229247,16,0,0
43.50677700515948,1.8184223871736382,1,22838.68196459602,5.215505202345674,21.68367734229247,16,2,0
43.50677700515948,1.8184223871736382,1,22838.68196459602,5.215505202345674,21.68367734229247,16,0,0
43.50677700515948,1.8184223871736382,1,22838.68196459602,5.215505202345674,21.68367734229247,16,1,0
43.50677700515948,1.8184223871736382,1,22838.68196459602,5.215505202345674,21.68367734229247,16,0,0
43.50677700515948,1.8184223871736382,1,22838.68196459602,5.215505202345674,21.68367734229247,16,1,0
43.50677700515948,1.8184223871736382,1,22838.68196459602,5.215505202345674,21.68367734229247,16,0,0
43.50677700515948,1.8184223871736382,1,22838.68196459602,5.215505202345674,21.68367734229247,16,1,0
43.50677700515948,1.8184223871736382,1,22838.68196459602,5.215505202345674,21.68367734229247,16,1,0
43.50677700515948,1.8184223871736382,1,22838.68196459602,5.215505202345674,21.68367734229247,16,0,0
43.50677700515948,1.8184223871736382,1,22838.68196459602,5.215505202345674,21.68367734229247,16,1,0
43.50677700515948,1.8184223871736382,1,22838.68196459602,5.215505202345674,21.68367734229247,16,0,0
43.50677700515948,1.8184223871736382,1,22838.68196459602,5.215505202345674,21.68367734229247,16,2,0
43.50677700515948,1.8184223871736382,1,22838.68196459602,5.215505202345674,21.68367734229247,16,0,0
43.50677700515948,1.8184223871736382,1,22838.68196459602,5.215505202345674,21.68367734229247,16,2,0
43.50677700515948,1.8184223871736382,1,22838.68196459602,5.215505202345674,21.68367734229247,16,1,0
43.50677700515948,1.8184223871736382,1,22838.68196459602,5.215505202345674,21.68367734229247,16,2,0
43.50677700515948,1.8184223871736382,1,22838.68196459602,5.215505202345674,21.68367734229247,16,0,0
43.50677700515948,1.8184223871736382,1,22838.68196459602,5.215505202345674,21.68367734229247,16,2,0
43.50677700515948,1.8184223871736382,1,22838.68196459602,5.215505202345674,21.68367734229247,16,1,0
43.50677700515948,1.8184223871736382,1,22838.68196459602,5.215505202345674,21.68367734229247,16,0,0
43.50677700515948,1.8184223871736382,1,22838.68196459602,5.215505202345674,21.68367734229247,16,0,0
43.50677700515948,1.8184223871736382,1,22838.68196459602,5.215505202345674,21.68367734229247,16,2,0
43.50677700515948,1.8184223871736382,1,22838.68196459602,5.215505202345674,21.68367734229247,16,0,0
43.50677700515948,1.8184223871736382,1,22838.68196459602,5.215505202345674,21.68367734229247,16,2,0
43.50677700515948,1.8184223871736382,1,22838.68196459602,5.215505202345674,21.68367734229247,16,1,0
43.50677700515948,1.8184223871736382,1,22838.68196459602,5.215505202345674,21.68367734229247,16,1,0
43.50677700515948,1.8184223871736382,1,22838.68196459602,5.215505202345674,21.68367734229247,16,1,0
43.50677700515948,1.8184223871736382,1,22838.68196459602,5.215505202345674,21.68367734229247,16,0,0
43.50677700515948,1.8184223871736382,1,22838.68196459602,5.215505202345674,21.68367734229247,16,0,0
39.04445208915114,0.9171833901693488,1,85158.93815540045,8.7978099473508,63.04506242453746,51,2,0
39.04445208915114,0.9171833901693488,1,95002.80718380508,8.7978099473508,63.04506242453746,51,2,0
39.04445208915114,0.9171833901693488,1,5355.6075804744305,8.7978099473508,63.04506242453746,51,2,0
39.04445208915114,0.9171833901693488,1,75125.69300124672,8.7978099473508,63.04506242453746,51,2,0
39.04445208915114,0.9171833901693488,1,30013.48130155226,8.7978099473508,63.04506242453746,51,2,0
39.04445208915114,0.9171833901693488,1,51293.658744701985,8.7978099473508,63.04506242453746,51,2,0
39.04445208915114,0.9171833901693488,1,94869.9991315216,8.7978099473508,63.04506242453746,51,2,0
39.04445208915114,0.9171833901693488,1,63810.93863608186,8.7978099473508,63.04506242453746,51,2,0
39.04445208915114,0.9171833901693488,1,1603.9703541193526,8.7978099473508,63.04506242453746,51,2,0
39.04445208915114,0.9171833901693488,1,2424.211441288503,8.7978099473508,63.04506242453746,51,2,0
39.04445208915114,0.9171833901693488,1,46874.5469410516,8.7978099473508,63.04506242453746,51,2,0
39.04445208915114,0.9171833901693488,1,107440.43134410495,8.7978099473508,63.04506242453746,51,2,0
39.04445208915114,0.9171833901693488,1,27817.185235124045,8.7978099473508,63.04506242453746,51,2,0
39.04445208915114,0.9171833901693488,1,53344.48146024949,8.7978099473508,63.04506242453746,51,2,0
39.04445208915114,0.9171833901693488,1,17322.997755205528,8.7978099473508,63.04506242453746,51,2,0
39.04445208915114,0.9171833901693488,1,97169.92546891449,8.7978099473508,63.04506242453746,51,2,0
39.04445208915114,0.9171833901693488,1,45884.1386447054,8.7978099473508,63.04506242453746,51,2,0
39.04445208915114,0.9171833901693488,1,42856.7917295935,8.7978099473508,63.04506242453746,51,2,0
39.04445208915114,0.9171833901693488,1,30852.18174971851,8.7978099473508,63.04506242453746,51,2,0
39.04445208915114,0.9171833901693488,1,100311.43010733851,8.7978099473508,63.04506242453746,51,2,0
39.04445208915114,0.9171833901693488,1,52408.422528384755,8.7978099473508,63.04506242453746,51,2,0
39.04445208915114,0.9171833901693488,1,6007.420066957222,8.7978099473508,63.04506242453746,51,2,0
39.04445208915114,0.9171833901693488,1,96457.88461019316,8.7978099473508,63.04506242453746,51,2,0
39.04445208915114,0.9171833901693488,1,30450.30921322961,8.7978099473508,63.04506242453746,51,2,0
39.04445208915114,0.9171833901693488,1,21876.018750446205,8.7978099473508,63.04506242453746,51,2,0
39.04445208915114,0.9171833901693488,1,28073.487292578855,8.7978099473508,63.04506242453746,51,2,0
39.04445208915114,0.9171833901693488,1,65248.76290701088,8.7978099473508,63.04506242453746,51,2,0
39.04445208915114,0.9171833901693488,1,115546.139717781,8.7978099473508,63.04506242453746,51,2,0
39.04445208915114,0.9171833901693488,1,34137.510222546676,8.7978099473508,63.04506242453746,51,2,0
39.04445208915114,0.9171833901693488,1,54789.17021650997,8.7978099473508,63.04506242453746,51,2,0
27.603624151269347,3.704385612706353,1,119518.92372241459,1.843778114562471,80.95879073761526,23,2,0
27.603624151269347,3.704385612706353,1,119518.92372241459,1.843778114562471,80.95879073761526,23,2,1
27.603624151269347,3.704385612706353,1,119518.92372241459,1.843778114562471,80.95879073761526,23,2,2
27.603624151269347,3.704385612706353,1,119518.92372241459,1.843778114562471,80.95879073761526,23,2,2
27.603624151269347,3.704385612706353,1,119518.92372241459,1.843778114562471,80.95879073761526,23,2,2
27.603624151269347,3.704385612706353,1,119518.92372241459,1.843778114562471,80.95879073761526,23,2,2
27.603624151269347,3.704385612706353,1,119518.92372241459,1.843778114562471,80.95879073761526,23,2,0
27.603624151269347,3.704385612706353,1,119518.92372241459,1.843778114562471,80.95879073761526,23,2,1
27.603624151269347,3.704385612706353,1,119518.92372241459,1.843778114562471,80.95879073761526,23,2,0
27.603624151269347,3.704385612706353,1,119518.92372241459,1.843778114562471,80.95879073761526,23,2,1
27.603624151269347,3.704385612706353,1,119518.92372241459,1.843778114562471,80.95879073761526,23,2,1
27.603624151269347,3.704385612706353,1,119518.92372241459,1.843778114562471,80.95879073761526,23,2,1
27.603624151269347,3.704385612706353,1,119518.92372241459,1.843778114562471,80.95879073761526,23,2,2
27.603624151269347,3.704385612706353,1,119518.92372241459,1.843778114562471,80.95879073761526,23,2,0
27.603624151269347,3.704385612706353,1,119518.92372241459,1.843778114562471,80.95879073761526,23,2,2
27.603624151269347,3.704385612706353,1,119518.92372241459,1.843778114562471,80.95879073761526,23,2,2
27.603624151269347,3.704385612706353,1,119518.92372241459,1.843778114562471,80.95879073761526,23,2,1
27.603624151269347,3.704385612706353,1,119518.92372241459,1.843778114562471,80.95879073761526,23,2,2
27.603624151269347,3.704385612706353,1,119518.92372241459,1.843778114562471,80.95879073761526,23,2,2
27.603624151269347,3.704385612706353,1,119518.92372241459,1.843778114562471,80.95879073761526,23,2,1
27.603624151269347,3.704385612706353,1,119518.92372241459,1.843778114562471,80.95879073761526,23,2,2
27.603624151269347,3.704385612706353,1,119518.92372241459,1.843778114562471,80.95879073761526,23,2,2
27.603624151269347,3.704385612706353,1,119518.92372241459,1.843778114562471,80.95879073761526,23,2,1
27.603624151269347,3.704385612706353,1,119518.92372241459,1.843778114562471,80.95879073761526,23,2,2
27.603624151269347,3.704385612706353,1,119518.92372241459,1.843778114562471,80.95879073761526,23,2,2
27.603624151269347,3.704385612706353,1,119518.92372241459,1.843778114562471,80.95879073761526,23,2,1
27.603624151269347,3.704385612706353,1,119518.92372241459,1.843778114562471,80.95879073761526,23,2,2
27.603624151269347,3.704385612706353,1,119518.92372241459,1.843778114562471,80.95879073761526,23,2,2
27.603624151269347,3.704385612706353,1,119518.92372241459,1.843778114562471,80.95879073761526,23,2,1
27.603624151269347,3.704385612706353,1,119518.92372241459,1.843778114562471,80.95879073761526,23,2,2
27.31022774802824,4.4557135092604705,0,92936.51403945446,4.232784225985958,115.12094141981402,15,2,2
27.31022774802824,4.4557135092604705,0,92936.51403945446,4.232784225985958,52.192120419010784,15,2,2
27.31022774802824,4.4557135092604705,0,92936.51403945446,4.232784225985958,21.97917117467459,15,2,2
27.31022774802824,4.4557135092604705,0,92936.51403945446,4.232784225985958,94.40562087733544,15,2,2
27.31022774802824,4.4557135092604705,0,92936.51403945446,4.232784225985958,113.40700243766653,15,2,2
27.31022774802824,4.4557135092604705,0,92936.51403945446,4.232784225985958,61.95660843070259,15,2,2
27.31022774802824,4.4557135092604705,0,92936.51403945446,4.232784225985958,33.62261926482538,15,2,2
27.31022774802824,4.4557135092604705,0,92936.51403945446,4.232784225985958,109.14960356657072,15,2,2
27.31022774802824,4.4557135092604705,0,92936.51403945446,4.232784225985958,103.94394286022269,15,2,2
27.31022774802824,4.4557135092604705,0,92936.51403945446,4.232784225985958,58.69602876289719,15,2,2
27.31022774802824,4.4557135092604705,0,92936.51403945446,4.232784225985958,104.42999805843772,15,2,2
27.31022774802824,4.4557135092604705,0,92936.51403945446,4.232784225985958,46.73983546466634,15,2,2
27.31022774802824,4.4557135092604705,0,92936.51403945446,4.232784225985958,3.144195352726955,15,2,2
27.31022774802824,4.4557135092604705,0,92936.51403945446,4.232784225985958,11.297214584521594,15,2,2
27.31022774802824,4.4557135092604705,0,92936.51403945446,4.232784225985958,56.850357092061095,15,2,2
27.31022774802824,4.4557135092604705,0,92936.51403945446,4.232784225985958,32.70606637886909,15,2,2
27.31022774802824,4.4557135092604705,0,92936.51403945446,4.232784225985958,1.7458320456647813,15,2,2
27.31022774802824,4.4557135092604705,0,92936.51403945446,4.232784225985958,23.303542039733657,15,2,2
27.31022774802824,4.4557135092604705,0,92936.51403945446,4.232784225985958,93.43945403244683,15,2,2
27.31022774802824,4.4557135092604705,0,92936.51403945446,4.232784225985958,22.081357748253872,15,2,2
27.31022774802824,4.4557135092604705,0,92936.51403945446,4.232784225985958,24.745246777906416,15,2,2
27.31022774802824,4.4557135092604705,0,92936.51403945446,4.232784225985958,108.82662787355756,15,2,2
27.31022774802824,4.4557135092604705,0,92936.51403945446,4.232784225985958,13.813876122509852,15,2,2
27.31022774802824,4.4557135092604705,0,92936.51403945446,4.232784225985958,44.6648621556623,15,2,2
27.31022774802824,4.4557135092604705,0,92936.51403945446,4.232784225985958,14.090525611052648,15,2,2
27.31022774802824,4.4557135092604705,0,92936.51403945446,4.232784225985958,81.84724426053826,15,2,2
27.31022774802824,4.4557135092604705,0,92936.51403945446,4.232784225985958,2.4079786011117132,15,2,2
27.31022774802824,4.4557135092604705,0,92936.51403945446,4.232784225985958,101.34638126853415,15,2,2
27.31022774802824,4.4557135092604705,0,92936.51403945446,4.232784225985958,16.304025075445004,15,2,2
27.31022774802824,4.4557135092604705,0,92936.51403945446,4.232784225985958,102.67912662587126,15,2,2
44.756513546461306,3.451369592110187,1,9558.62683597524,5.77246948462183,74.53417803839898,78,1,0
44.756513546461306,3.451369592110187,1,9558.62683597524,3.860042228322679,74.53417803839898,78,1,0
44.756513546461306,3.451369592110187,1,9558.62683597524,4.817415711358361,74.53417803839898,78,1,0
44.756513546461306,3.451369592110187,1,9558.62683597524,3.964155881592303,74.53417803839898,78,1,0
44.756513546461306,3.451369592110187,1,9558.62683597524,2.9807057634055467,74.53417803839898,78,1,0
44.756513546461306,3.451369592110187,1,9558.62683597524,9.640078843208196,74.53417803839898,78,1,0
44.756513546461306,3.451369592110187,1,9558.62683597524,4.119705285955196,74.53417803839898,78,1,0
44.756513546461306,3.451369592110187,1,9558.62683597524,4.9746409961066105,74.53417803839898,78,1,0
44.756513546461306,3.451369592110187,1,9558.62683597524,8.467025381088435,74.53417803839898,78,1,0
44.756513546461306,3.451369592110187,1,9558.62683597524,0.7713697560303989,74.53417803839898,78,1,0
44.756513546461306,3.451369592110187,1,9558.62683597524,1.0191999300820676,74.53417803839898,78,1,0
44.756513546461306,3.451369592110187,1,9558.62683597524,9.74105512406798,74.53417803839898,78,1,0
44.756513546461306,3.451369592110187,1,9558.62683597524,6.79549140370442,74.53417803839898,78,1,0
44.756513546461306,3.451369592110187,1,9558.62683597524,3.6445558763643957,74.53417803839898,78,1,0
44.756513546461306,3.451369592110187,1,9558.62683597524,9.792467236490934,74.53417803839898,78,1,0
44.756513546461306,3.451369592110187,1,9558.62683597524,5.001784235101746,74.53417803839898,78,1,0
44.756513546461306,3.451369592110187,1,9558.62683597524,4.544686090969851,74.53417803839898,78,1,0
44.756513546461306,3.451369592110187,1,9558.62683597524,2.1879046767514474,74.53417803839898,78,1,0
44.756513546461306,3.451369592110187,1,9558.62683597524,5.513905415167969,74.53417803839898,78,1,0
44.756513546461306,3.451369592110187,1,9558.62683597524,3.1478061277887126,74.53417803839898,78,1,0
44.756513546461306,3.451369592110187,1,9558.62683597524,6.691928356963507,74.53417803839898,78,1,0
44.756513546461306,3.451369592110187,1,9558.62683597524,2.5334470520120034,74.53417803839898,78,1,0
44.756513546461306,3.451369592110187,1,9558.62683597524,6.706641646047946,74.53417803839898,78,1,0
44.756513546461306,3.451369592110187,1,9558.62683597524,4.271301869552774,74.53417803839898,78,1,0
44.756513546461306,3.451369592110187,1,9558.62683597524,3.6539399980502942,74.53417803839898,78,1,0
44.756513546461306,3.451369592110187,1,9558.62683597524,1.082310900394421,74.53417803839898,78,1,0
44.756513546461306,3.451369592110187,1,9558.62683597524,1.419688079497421,74.53417803839898,78,1,0
44.756513546461306,3.451369592110187,1,9558.62683597524,3.664902955996485,74.53417803839898,78,1,0
44.756513546461306,3.451369592110187,1,9558.62683597524,9.44623000126662,74.53417803839898,78,1,0
44.756513546461306,3.451369592110187,1,9558.62683597524,5.810496195766719,74.53417803839898,78,1,0
49.72088780524472,1.1711187187730976,0,48521.16851892036,2.3336283776689406,21.089188462212185,53,0,1
49.72088780524472,1.1711187187730976,0,48521.16851892036,2.3336283776689406,21.089188462212185,53,0,1
49.72088780524472,1.1711187187730976,0,48521.16851892036,2.3336283776689406,21.089188462212185,53,0,1
49.72088780524472,1.1711187187730976,1,48521.16851892036,2.3336283776689406,21.089188462212185,53,0,1
49.72088780524472,1.1711187187730976,1,48521.16851892036,2.3336283776689406,21.089188462212185,53,0,1
49.72088780524472,1.1711187187730976,0,48521.16851892036,2.3336283776689406,21.089188462212185,53,0,1
49.72088780524472,1.1711187187730976,1,48521.16851892036,2.3336283776689406,21.089188462212185,53,0,1
49.72088780524472,1.1711187187730976,0,48521.16851892036,2.3336283776689406,21.089188462212185,53,0,1
49.72088780524472,1.1711187187730976,0,48521.16851892036,2.3336283776689406,21.089188462212185,53,0,1
49.72088780524472,1.1711187187730976,0,48521.16851892036,2.3336283776689406,21.089188462212185,53,0,1
49.72088780524472,1.1711187187730976,0,48521.16851892036,2.3336283776689406,21.089188462212185,53,0,1
49.72088780524472,1.1711187187730976,0,48521.16851892036,2.3336283776689406,21.089188462212185,53,0,1
49.72088780524472,1.1711187187730976,0,48521.16851892036,2.3336283776689406,21.089188462212185,53,0,1
49.72088780524472,1.1711187187730976,1,48521.16851892036,2.3336283776689406,21.089188462212185,53,0,1
49.72088780524472,1.1711187187730976,0,48521.16851892036,2.3336283776689406,21.089188462212185,53,0,1
49.72088780524472,1.1711187187730976,1,48521.16851892036,2.3336283776689406,21.089188462212185,53,0,1
49.72088780524472,1.1711187187730976,1,48521.16851892036,2.3336283776689406,21.089188462212185,53,0,1
49.72088780524472,1.1711187187730976,0,48521.16851892036,2.3336283776689406,21.089188462212185,53,0,1
49.72088780524472,1.1711187187730976,1,48521.16851892036,2.3336283776689406,21.089188462212185,53,0,1
49.72088780524472,1.1711187187730976,1,48521.16851892036,2.3336283776689406,21.089188462212185,53,0,1
49.72088780524472,1.1711187187730976,1,48521.16851892036,2.3336283776689406,21.089188462212185,53,0,1
49.72088780524472,1.1711187187730976,0,48521.16851892036,2.3336283776689406,21.089188462212185,53,0,1
49.72088780524472,1.1711187187730976,0,48521.16851892036,2.3336283776689406,21.089188462212185,53,0,1
49.72088780524472,1.1711187187730976,1,48521.16851892036,2.3336283776689406,21.089188462212185,53,0,1
49.72088780524472,1.1711187187730976,0,48521.16851892036,2.3336283776689406,21.089188462212185,53,0,1
49.72088780524472,1.1711187187730976,1,48521.16851892036,2.3336283776689406,21.089188462212185,53,0,1
49.72088780524472,1.1711187187730976,1,48521.16851892036,2.3336283776689406,21.089188462212185,53,0,1
49.72088780524472,1.1711187187730976,0,48521.16851892036,2.3336283776689406,21.089188462212185,53,0,1
49.72088780524472,1.1711187187730976,0,48521.16851892036,2.3336283776689406,21.089188462212185,53,0,1
49.72088780524472,1.1711187187730976,0,48521.16851892036,2.3336283776689406,21.089188462212185,53,0,1
27.51457430755201,4.667192354257907,0,85158.93815540045,5.77246948462183,115.12094141981402,78,0,0
32.9687035961208,0.7249734746811365,0,95002.80718380508,3.860042228322679,52.192120419010784,96,2,1
24.930768940811628,3.727901055219687,0,5355.6075804744305,4.817415711358361,21.97917117467459,26,0,2
35.35300229448396,0.6967569693391118,1,75125.69300124672,3.964155881592303,94.40562087733544,20,1,2
14.585774359166042,4.5326437805646345,1,30013.48130155226,2.9807057634055467,113.40700243766653,80,0,2
19.323618969257534,1.130572168372637,0,51293.658744701985,9.640078843208196,61.95660843070259,83,1,2
40.689640681549086,4.266198749528031,1,94869.9991315216,4.119705285955196,33.62261926482538,51,0,0
49.48497087560376,1.531589327660619,0,63810.93863608186,4.9746409961066105,109.14960356657072,15,1,1
42.32004317289444,4.849151841031609,0,1603.9703541193526,8.467025381088435,103.94394286022269,84,1,0
43.71862576099696,2.5891710680843483,0,2424.211441288503,0.7713697560303989,58.69602876289719,51,0,1
41.82730714381002,1.6123727938303067,0,46874.5469410516,1.0191999300820676,104.42999805843772,15,1,1
28.27365226339346,1.412167585823398,0,107440.43134410495,9.74105512406798,46.73983546466634,13,0,1
39.54682700144023,3.02932497909838,0,27817.185235124045,6.79549140370442,3.144195352726955,41,2,2
33.13819970396084,1.6688222835966915,1,53344.48146024949,3.6445558763643957,11.297214584521594,69,0,0
28.02942267030257,3.3932438675407144,0,17322.997755205528,9.792467236490934,56.850357092061095,40,2,2
20.840976704250153,0.7721253523044702,1,97169.92546891449,5.001784235101746,32.70606637886909,85,1,2
44.58412586471925,1.2488775969814159,1,45884.1386447054,4.544686090969851,1.7458320456647813,0,2,1
12.74622663674132,4.349471230280549,0,42856.7917295935,2.1879046767514474,23.303542039733657,42,0,2
42.66937838082907,3.0018391021795954,1,30852.18174971851,5.513905415167969,93.43945403244683,52,2,2
45.2733999551677,1.3099152798526688,1,100311.43010733851,3.1478061277887126,22.081357748253872,96,1,1
26.940655712610333,0.7470745029049414,1,52408.422528384755,6.691928356963507,24.745246777906416,23,0,2
43.3291725650746,0.6839457474259475,0,6007.420066957222,2.5334470520120034,108.82662787355756,83,0,2
23.640668524019123,1.244604687957482,0,96457.88461019316,6.706641646047946,13.813876122509852,7,2,1
30.791660277811552,1.9141233328520362,1,30450.30921322961,4.271301869552774,44.6648621556623,34,0,2
31.96825797301932,3.2453952831221775,0,21876.018750446205,3.6539399980502942,14.090525611052648,75,2,2
17.715087305242747,4.187818800305308,1,28073.487292578855,1.082310900394421,81.84724426053826,58,1,1
23.328675454279274,3.8801597350523824,1,65248.76290701088,1.419688079497421,2.4079786011117132,94,1,2
21.100982378106224,1.6975778761720934,0,115546.139717781,3.664902955996485,101.34638126853415,76,1,2
28.302357295773113,0.7428436913616188,0,34137.510222546676,9.44623000126662,16.304025075445004,92,0,1
36.99382486718454,2.2850969334618396,0,54789.17021650997,5.810496195766719,102.67912662587126,83,0,2
37.45128084769084,2.2850969334618396,0,5397.104767581619,5.810496195766719,102.67912662587126,83,0,2
23.640668524019123,1.244604687957482,0,95000.17009655765,3.956833270471079,13.227154841792895,7,2,1
44.58412586471925,1.2570791742746872,1,45884.1386447054,4.547065122738442,1.7458320456647813,74,2,1
24.930768940811628,1.6538268466744175,0,42657.62141108938,4.817415711358361,21.97917117467459,15,0,2
28.302357295773113,0.8143731197751038,0,27475.42085750368,6.499121052647736,4.153827133405271,95,0,1
26.928649473075502,0.7470745029049414,1,52629.458832861346,9.738808657522913,24.745246777906416,39,0,2
42.28815307765775,0.6906895385650371,1,102549.61414312037,2.503315024831148,23.04396490970748,85,1,2
28.27365226339346,1.4151946157784385,0,107384.89278465677,2.1576355245611403,47.40558694171729,13,1,1
40.689640681549086,4.266198749528031,1,94869.9991315216,4.119705285955196,33.62261926482538,56,0,0
48.600485309361005,1.4631989777554453,0,75125.69300124672,5.001418132047426,96.2138347251038,22,1,2
48.39269197656885,4.817404129951516,0,26517.91590448627,8.467025381088435,103.94394286022269,85,1,0
27.51457430755201,4.667192354257907,0,80337.23256992057,5.77246948462183,115.12094141981402,78,0,0
23.602168167220867,3.8801597350523824,0,44175.6825114218,1.4333189705479996,23.93159214778964,97,0,2
14.585774359166042,1.5948821774078727,1,116164.29779103614,2.9807057634055467,101.32043448111051,80,1,2
30.862485795647444,1.1292728354942752,0,30450.30921322961,4.271301869552774,62.59993637105991,34,0,2
43.26116977616128,2.5891710680843483,0,52009.09897914544,0.7713697560303989,58.69602876289719,51,0,1
32.9687035961208,0.7249734746811365,0,96460.52169744059,6.660136065103925,52.77907774719662,96,2,1
31.96825797301932,3.2371937742383885,0,21876.018750446205,3.651560966281702,14.090525611052648,2,2,2
41.82730714381002,3.6864469105894404,0,3906.460547920513,1.0191999300820676,117.45097869461353,26,1,1
39.54682700144023,2.957806669239847,0,35343.71363585975,9.60518769601361,15.195781810448253,32,2,2
28.0414289098374,3.3932438675407144,0,19476.926420210457,6.739087684157579,56.850357092061095,39,2,2
20.800869252893264,0.7653815611653807,0,2387.884551546653,5.031916263630755,102.84280499609083,83,0,2
45.2733999551677,1.3068882498976282,1,100366.96866678313,9.990736293445291,21.415606380237627,96,0,1
42.66937838082907,3.0018391021795954,1,30852.18174971851,6.411318751024858,93.43945403244683,52,2,2
36.168726875749364,0.7054182280435953,1,63810.93863608186,3.9373787456514875,107.34138962928807,15,1,1
17.715087305242747,4.187818800305308,1,3223.190529115158,0.9474616175424888,81.84724426053826,57,1,1
12.473486074351674,4.349471230280549,1,65517.821521634716,2.1742737857010757,0.23583563537810015,42,1,2
21.100982378106224,4.249998436954209,0,23477.269306776077,3.664902955996485,113.43294763483262,81,0,2
19.252793502274343,1.7395875016608775,1,50020.93401961498,9.640078843208196,44.02153421530533,83,1,2
42.71330743497831,3.000873295372429,1,30852.18174971851,5.589358838191493,29.681054924709382,52,2,2
28.27365226339346,1.680877419979184,0,105768.0674226913,9.74105512406798,46.73983546466634,22,0,1
27.317578528908385,0.7249734746811365,0,96460.52169744059,6.660136065103925,52.77907774719662,96,0,1
23.085829036414125,1.6975778761720934,0,115546.139717781,1.012458274626931,101.34638126853415,76,1,1
23.640668524019123,1.643424061860749,0,95000.17009655765,3.933420323387237,16.0180363747076,7,1,1
12.74622663674132,1.1658114943998368,0,42856.7917295935,2.1879046767514474,23.303542039733657,43,0,2
12.989237345692608,4.5326437805646345,1,30013.48130155226,2.9807057634055467,113.40700243766653,82,0,2
28.0414289098374,3.3932438675407144,0,19727.536181830474,6.739087684157579,56.850357092061095,39,2,2
17.66495049021203,4.189627477796978,1,65517.821521634716,0.9557443029634103,0.8371301590735243,42,1,2
43.71862576099696,2.612696400725622,0,2075.995075652893,0.13193552725939695,58.69602876289719,49,0,1
35.35300229448396,0.6967569693391118,1,71614.8622126167,3.93841477396384,94.21277639606585,20,1,2
24.930768940811628,3.479633995230967,0,5355.6075804744305,4.817415711358361,21.25318832880022,26,0,2
23.587489215946984,4.113261711794344,0,24317.721225362202,7.841602095992574,27.361167652732952,91,0,2
24.64325178859128,1.6538268466744175,0,42022.78586095913,4.288042751865741,52.026307021159504,18,0,2
49.48497087560376,1.531589327660619,0,63810.93863608186,4.9746409961066105,109.14960356657072,15,1,2
32.134218994720506,3.442028482232843,1,28073.487292578855,3.446987356470187,80.03832000797664,56,1,2
33.215200035803534,1.4001124494409054,1,55015.07025638588,3.6445558763643957,11.297214584521594,69,0,0
32.579774540287914,0.7470745029049414,1,52629.458832861346,9.738808657522913,24.745246777906416,39,2,2
41.82730714381002,1.6123727938303067,0,46874.5469410516,3.833402740848845,112.56221423223374,15,1,2
41.87008243235168,3.6864469105894404,0,9467.286161909446,1.0191999300820676,113.89053940313687,26,2,1
28.27365226339346,4.595366595174628,0,107384.89278465677,1.8165288241990476,47.40558694171729,12,1,1
30.791660277811552,1.9141233328520362,1,30450.30921322961,4.271301869552774,44.6648621556623,32,0,2
43.34751265646317,1.2488775969814159,1,24355.24320079276,4.544686090969851,1.7458320456647813,0,2,1
12.523624823609014,4.34766255278888,1,3223.190529115158,2.16599110640092,83.39820987891636,57,1,1
23.640668524019123,1.2210793581260886,0,96457.88461019316,6.5441882625994685,19.71430691404229,10,2,1
35.13433680298863,0.7054182280435953,1,63810.93863608186,3.963119853279951,107.53423409716486,15,1,1
29.91700313175532,1.1292728354942752,0,30450.30921322961,4.271301869552774,63.325932426955156,34,0,2
26.930334260140366,0.9243350896366451,1,53291.45102346121,3.402446928724733,112.15657663841013,12,0,2
32.9687035961208,0.7249734746811365,0,95637.60747956017,3.914450131630646,22.1449848407731,96,2,1
48.600485309361005,1.4631989777554453,0,77345.5820745449,5.992777616701684,96.2138347251038,22,1,1
17.54912972402991,4.237413923045273,0,21876.018750446205,1.2868864233085544,15.90328769544029,12,2,1
12.0111584424407,4.34766255278888,1,614.8340666929967,1.4652616579961801,83.39820987891636,49,1,1
24.930768940811628,0.7745620599361038,1,52616.42442485241,4.819080603041455,21.97917117467459,46,0,2
12.74622663674132,1.6932304888830219,0,41995.84135819847,1.9318232185598565,44.50914502118449,51,0,2
43.948765314839505,0.7062591213450522,1,65418.47339620239,3.9373787456514875,107.34138962928807,21,1,1
17.692216026275297,4.2368688994337536,1,52486.41747774961,6.91665145296012,24.745246777906416,23,0,2
30.698168127554588,1.1292728354942752,1,30450.30921322961,4.274913956824545,62.59993637105991,20,1,2
40.871620910710526,3.727933444966831,0,9592.055958049703,4.8524332822734495,15.090072902809261,26,2,1
24.930768940811628,3.479633995230967,0,5355.6075804744305,4.817415711358361,21.25318832880022,26,1,2
49.48497087560376,1.5320908166421738,0,46673.02719989266,4.9746409961066105,108.51856480112043,15,1,1
30.791660277811552,4.23475720497661,1,3512.479807385487,4.271301869552774,42.24823356225621,34,0,2
17.67475064981181,1.7522122923974373,1,30467.40371501466,4.285700657406837,81.84724426053826,31,0,1
33.215200035803534,1.4001124494409054,1,55015.07025638588,3.6445558763643957,13.44581456979714,69,0,0
17.54726450987977,4.349471230280549,0,65517.821521634716,1.2668898731576206,0.45264500053812906,36,1,2
15.654256916846073,4.531510992499786,1,29458.09290064086,2.1205819865649147,23.303542039733657,84,0,2
29.57495285774119,0.9243350896366451,0,53291.45102346121,3.7451925327274758,112.15657663841013,39,0,2
43.70734140498239,1.2488775969814159,1,45884.1386447054,4.544686090969851,1.7458320456647813,1,2,1
26.928649473075502,1.6263392919234714,0,42670.65581909831,9.721083053812375,24.745246777906416,15,0,2
24.64325178859128,1.126407852191353,0,43352.14903764789,4.426212768225676,24.090021349900375,3,0,2
35.92864889999723,1.2480367036907851,1,22747.718949796275,4.544686090969851,1.7458320456647813,0,2,1
26.913390200513923,0.6851870334078951,1,65222.653400445895,0.7364518646530365,0.8311729798942809,42,1,2
35.19641413113848,0.6967569693391118,0,75125.69300124672,3.9605437943205324,94.40562087733544,34,0,2
24.22346929327153,3.686414520842297,0,5230.837784711547,1.0205080550760923,114.11990356533076,22,0,2
32.134218994720506,3.442028482232843,1,28073.487292578855,3.446987356470187,80.03832000797664,56,0,2
41.82730714381002,1.611871304848752,0,64012.45837724084,1.0191999300820676,105.06103682388793,15,1,1
17.715087305242747,1.867166203358807,1,22002.970507086244,0.9474616175424888,81.84724426053826,57,1,1
30.487914700135143,4.344702035295258,1,28056.392790793805,1.067928651572345,44.6648621556623,59,1,2
43.71862576099696,2.612696400725622,0,2075.995075652893,0.13193552725939695,65.48989729648883,53,0,1
12.475352771547058,4.237413923045273,1,21876.018750446205,2.1942703358674085,32.70379381155173,12,2,1
15.178110762556773,4.350604018345396,0,43412.18013050616,3.0480284535921123,113.40700243766653,41,0,2
28.0414289098374,3.3932438675407144,1,20160.741850856153,6.396342079707485,56.850357092061095,16,2,2
35.92864889999723,1.2480367036907851,1,22747.718949796275,4.329885177667243,0.09966665539978603,0,2,1
17.692216026275297,4.2368688994337536,1,52408.161758647286,6.677759776580256,24.745246777906416,23,0,2
30.791660277811552,1.9121788598846232,1,46045.989260659146,3.4684439072046747,44.6648621556623,3,0,2
30.176039324198413,0.7776927561019773,0,14088.352971180082,3.7451925327274758,116.78097767037559,80,0,2
39.179536254635515,4.345469022898509,1,536.6666451256851,1.4308042446375608,82.79169660674775,29,1,1
11.794869356172047,4.173025829936028,1,47604.3780346537,2.1879046767514474,75.40443477406178,57,0,2
23.823574853688488,0.7470745029049414,1,49278.37885438094,9.738808657522913,22.033008741915005,39,0,2
12.097004615591437,1.1991741691259732,1,21876.018750446205,2.177975194879929,33.703604746540435,12,2,2
41.87008243235168,3.6864469105894404,1,71839.97590231738,3.8877027761104586,94.35597015039363,20,2,1
17.663560407596783,1.8613666519601522,1,20965.841667567627,0.9556796989913298,85.49940300725201,41,1,2
24.72325436963385,1.8136040293993907,0,5538.59125472903,4.297682689374952,77.35944064061844,31,0,1
26.93382388659299,0.6417894668971119,1,61418.86326669962,3.394957747150382,112.13449558206626,12,1,2
15.178110762556773,4.350604018345396,0,53513.11483001357,3.0480284535921123,113.40700243766653,42,0,2
24.22346929327153,3.686414520842297,0,5230.837784711547,0.5352858535689822,114.11990356533076,22,0,2
26.940655712610333,0.7470745029049414,1,52486.67824748707,6.93082003334337,24.745246777906416,23,0,2
43.70734140498239,1.5743101416765546,1,29972.021006684277,4.544686090969851,1.7458320456647813,52,2,1
14.585774359166042,4.670931538507416,1,53960.157885452485,2.9807057634055467,113.46180946949433,39,0,2
14.651245170865808,3.9718505031929903,0,9709.588536937477,5.040528207392548,15.699584590947921,49,2,1
17.715087305242747,1.1805614743462103,0,1884.6242744704682,0.9474616175424888,29.746411207585034,43,1,1
20.528946385988085,3.727901055219687,0,4840.401070460775,4.817415711358361,24.691409210666002,26,0,2
31.094984704615754,4.167441992446629,1,30450.30921322961,4.291209098489278,61.600125439898655,21,1,1
35.35300229448396,0.6967569693391118,0,12769.332156592161,1.0956626888725784,113.94004186260737,26,1,2
16.330254376870805,4.283114782732757,1,66554.98274561032,0.9475262215145693,0.5166958150650842,58,1,1
17.882265222346902,3.479633995230967,1,27061.55600034999,4.821340896006019,20.80504345550791,26,1,2
49.28544935894992,1.585517262165724,0,46707.60752253738,4.982130177681039,109.3112433601181,15,0,1
24.930768940811628,3.479633995230967,0,5355.6075804744305,4.817415711358361,28.323582114888058,28,0,2
37.175863608337764,0.7191293454553528,1,67449.41897355487,0.9698284621856814,107.34138962928807,14,1,1
23.969138641795446,2.043791176790585,1,30450.30921322961,4.271301869552774,44.6648621556623,34,0,2
16.787180395389438,1.871716106308042,1,22002.970507086244,3.915029762492882,81.84724426053826,58,1,1
31.753290576833777,1.6562687908233071,0,42657.62141108938,4.817415711358361,21.97917117467459,15,0,2
27.51457430755201,4.667192354257907,0,85158.93815540045,5.77246948462183,115.12094141981402,78,0,0
32.9687035961208,0.7249734746811365,0,95002.80718380508,3.860042228322679,52.192120419010784,96,2,1
24.930768940811628,3.727901055219687,0,5355.6075804744305,4.817415711358361,21.97917117467459,26,0,2
35.35300229448396,0.6967569693391118,1,75125.69300124672,3.964155881592303,94.40562087733544,20,1,2
14.585774359166042,4.5326437805646345,1,30013.48130155226,2.9807057634055467,113.40700243766653,80,0,2
19.323618969257534,1.130572168372637,0,51293.658744701985,9.640078843208196,61.95660843070259,83,1,2
40.689640681549086,4.266198749528031,1,94869.9991315216,4.119705285955196,33.62261926482538,51,0,0
49.48497087560376,1.531589327660619,0,63810.93863608186,4.9746409961066105,109.14960356657072,15,1,1
42.32004317289444,4.849151841031609,0,1603.9703541193526,8.467025381088435,103.94394286022269,84,1,0
43.71862576099696,2.5891710680843483,0,2424.211441288503,0.7713697560303989,58.69602876289719,51,0,1
41.82730714381002,1.6123727938303067,0,46874.5469410516,1.0191999300820676,104.42999805843772,15,1,1
28.27365226339346,1.412167585823398,0,107440.43134410495,9.74105512406798,46.73983546466634,13,0,1
39.54682700144023,3.02932497909838,0,27817.185235124045,6.79549140370442,3.144195352726955,41,2,2
33.13819970396084,1.6688222835966915,1,53344.48146024949,3.6445558763643957,11.297214584521594,69,0,0
28.02942267030257,3.3932438675407144,0,17322.997755205528,9.792467236490934,56.850357092061095,40,2,2
20.840976704250153,0.7721253523044702,1,97169.92546891449,5.001784235101746,32.70606637886909,85,1,2
44.58412586471925,1.2488775969814159,1,45884.1386447054,4.544686090969851,1.7458320456647813,0,2,1
12.74622663674132,4.349471230280549,0,42856.7917295935,2.1879046767514474,23.303542039733657,42,0,2
42.66937838082907,3.0018391021795954,1,30852.18174971851,5.513905415167969,93.43945403244683,52,2,2
45.2733999551677,1.3099152798526688,1,100311.43010733851,3.1478061277887126,22.081357748253872,96,1,1
26.940655712610333,0.7470745029049414,1,52408.422528384755,6.691928356963507,24.745246777906416,23,0,2
43.3291725650746,0.6839457474259475,0,6007.420066957222,2.5334470520120034,108.82662787355756,83,0,2
23.640668524019123,1.244604687957482,0,96457.88461019316,6.706641646047946,13.813876122509852,7,2,1
30.791660277811552,1.9141233328520362,1,30450.30921322961,4.271301869552774,44.6648621556623,34,0,2
31.96825797301932,3.2453952831221775,0,21876.018750446205,3.6539399980502942,14.090525611052648,75,2,2
17.715087305242747,4.187818800305308,1,28073.487292578855,1.082310900394421,81.84724426053826,58,1,1
23.328675454279274,3.8801597350523824,1,65248.76290701088,1.419688079497421,2.4079786011117132,94,1,2
21.100982378106224,1.6975778761720934,0,115546.139717781,3.664902955996485,101.34638126853415,76,1,2
28.302357295773113,0.7428436913616188,0,34137.510222546676,9.44623000126662,16.304025075445004,92,0,1
36.99382486718454,2.2850969334618396,0,54789.17021650997,5.810496195766719,102.67912662587126,83,0,2
39.73547560872253,4.849151841031609,0,3058.391681785226,8.467025381088435,103.94394286022269,84,1,0
32.9687035961208,0.7249734746811365,0,42762.285860815726,2.2447612668468877,22.86171999582616,96,2,1
33.13819970396084,0.7466475271774173,0,53344.48146024949,9.455289052271896,11.297214584521594,90,0,0
24.930768940811628,0.8055514210890151,0,48396.84962922343,4.817415711358361,21.97917117467459,26,0,2
36.99382486718454,1.5551581134502699,0,54301.328361053835,4.788462039669704,103.03642096367366,18,0,2
23.24637833569337,1.9141233328520362,1,65467.99130889986,4.227928703473545,44.6648621556623,100,1,2
30.906737061731835,1.815951703586422,0,118459.96929864971,3.653806168618941,5.996265306520279,75,2,2
43.71862576099696,4.727107765366732,0,84514.32008744666,0.14785480665905082,116.39896707755334,51,0,1
43.3291725650746,0.6839457474259475,0,6007.420066957222,2.5334470520120034,108.82662787355756,88,0,2
40.435418691340615,4.1013212155167755,0,46874.5469410516,1.0839832961646674,84.61681127637036,17,1,1
49.602664444011545,1.2782249859519745,1,96179.34466681546,3.1478061277887126,22.081357748253872,97,1,1
42.66937838082907,3.0018391021795954,1,26045.154983614775,5.513905415167969,93.43945403244683,52,2,2
35.76726547939685,1.130572168372637,0,52595.24591373409,4.064866987247335,95.3809280869679,88,1,2
44.58412586471925,1.1395958119553362,1,95520.91537879933,4.544686090969851,1.7809534220073235,0,0,1
28.31955575129836,0.7710639948172637,0,107440.43134410495,9.74105512406798,47.261952526634126,13,0,2
42.13139456561213,3.02932497909838,0,26425.517860708787,6.79549140370442,3.144195352726955,41,2,2
12.74622663674132,4.349471230280549,0,95097.29372114794,3.8534799637464765,52.633942682968694,42,0,2
28.302357295773113,1.6650184509825794,1,34137.510222546676,3.6290608263811803,16.304025075445004,71,0,1
26.940655712610333,3.6694890798122275,1,3760.68422192019,6.691928356963507,42.094903438964096,23,0,2
49.48497087560376,2.2615281476722475,0,65163.21764195413,5.861245442259987,108.60469815046689,74,1,1
30.8739573964034,3.8801597350523824,1,32606.03208430041,1.4630619278241965,2.4079786011117132,34,0,2
21.081596834248586,3.1270214557613762,0,16360.541163086004,3.6650367854278385,95.36255839106742,76,1,2
27.51457430755201,2.527654287686896,0,3645.283989700918,6.523826814189472,57.17261891953101,78,0,0
23.640668524019123,1.244604687957482,0,96457.88461019316,7.603454180815187,13.813876122509852,7,2,1
19.107013096349363,1.6390927383550247,1,28073.487292578855,1.0175275343118213,101.66043078951296,58,1,1
14.585774359166042,4.5326437805646345,1,34144.830161549,2.8303470658497387,113.40700243766653,79,0,2
18.909359712414176,0.6967569693391118,1,75412.05520088086,9.526245379254961,49.115698708506514,20,1,2
40.689640681549086,3.9922132459837836,1,39805.638784014904,4.119705285955196,33.69119784051599,56,2,0
20.795073216400123,1.2376240696111873,1,95897.1890182404,5.001784235101746,32.18394931690244,85,1,1
43.76580199460838,0.6835174767261477,0,96457.88461019316,6.932492700978467,8.192788404349168,7,2,1
32.9687035961208,4.445682021895931,0,95002.80718380508,2.98664250101288,52.192120419010784,96,2,2
12.605477192284134,1.2376240696111873,1,95897.1890182404,5.001784235101746,32.18394931690244,77,1,2
43.71862576099696,2.5891710680843483,0,2424.211441288503,0.7713697560303989,58.69602876289719,51,2,1
19.842354148670506,3.030456450494127,1,3760.68422192019,6.691928356963507,8.859021176496913,23,0,2
41.496548512761215,3.0018391021795954,1,4756.6387865511915,5.263754852869504,93.43945403244683,53,2,2
30.950570644376583,1.9077183860728848,1,30450.30921322961,4.034933665093802,44.6648621556623,20,0,2
28.927458950916936,1.6935788573695283,1,34137.510222546676,9.849388700676641,14.143555492619644,71,0,1
18.909359712414176,0.715999820239333,1,75412.05520088086,9.737987688018961,51.33647163190995,20,1,2
44.67250562860376,1.5551581134502699,0,94420.46327196402,5.550632843269707,94.96098181714731,37,0,2
17.715087305242747,4.163719138566383,1,28073.487292578855,0.8649935008485592,11.063928663749188,64,2,1
41.174661711643914,4.1013212155167755,0,46928.37077344186,1.0839832961646674,113.49112811917522,24,1,2
20.941419556897678,1.6688222835966915,1,112474.58824333586,3.66481145787765,11.297214584521594,72,0,0
30.8739573964034,4.320543708046674,1,45581.75454354634,1.4630619278241965,12.836229357891103,34,0,2
47.317113375698085,1.2937211807769757,1,45884.1386447054,4.592336872800101,2.4488954711027446,0,2,1
41.82730714381002,1.6222788463028803,0,47460.32808200182,4.307566259969427,14.17007486890041,15,2,1
14.585774359166042,0.6535347575100423,1,30013.48130155226,3.8541054907153454,111.73877317682819,80,0,1
20.436179680789262,4.705291320151584,0,95097.29372114794,3.8534799637464765,52.633942682968694,32,0,1
43.76580199460838,0.6835174767261477,0,96457.88461019316,6.932492700978467,8.192788404349168,7,0,1
39.54682700144023,3.6683576084164407,0,19782.832094463665,6.79549140370442,38.16200569048796,41,2,2
25.453768313986853,4.037152064227426,0,31456.18182111454,4.808968771388626,21.97917117467459,25,0,2
26.781745346045298,0.919066940150221,1,52408.422528384755,6.691928356963507,24.745246777906416,33,0,2
31.315120345739047,1.412167585823398,0,102727.5587718148,3.420588718308549,52.17843612254926,13,0,1
24.930768940811628,0.8135125219026179,0,48396.84962922343,4.571750967220497,15.642582840288412,26,0,2
38.90002378091345,1.1395958119553362,1,55401.77825463936,4.7738761749475564,9.420623689051546,0,0,1
23.640668524019123,1.268666871417469,0,96457.88461019316,7.825899104028281,84.6266354197268,2,1,1
13.85902686201222,4.5326437805646345,1,34091.00632915877,2.8303470658497387,84.53138590904341,79,0,1
32.12128449902897,1.6975778761720934,0,56309.774183615795,3.644647374483231,115.55406289921724,76,1,2
12.74622663674132,3.5587203400677483,0,43261.55967277595,2.1879046767514474,1.7224754210370374,42,0,2
35.35300229448396,0.70999548806851,1,75125.69300124672,3.916505099762053,94.65386855929799,20,1,2
31.96825797301932,3.2354892310503534,0,21290.23773248383,0.37339329498425,104.54962098708287,75,1,2
44.576940224623435,1.24974225858671,1,32606.03208430041,1.4630619278241965,1.8267559380799416,34,0,2
35.35300229448396,3.7090815421646894,1,75125.69300124672,4.276900064621351,96.37204610651668,26,1,2
28.59377896343771,1.9142556100245753,1,30450.30921322961,4.28813378193699,44.6648621556623,20,0,2
42.73963876667541,3.0018391021795954,1,30852.18174971851,6.70040089548496,93.43945403244683,52,2,2
24.9039345249772,0.8135125219026179,0,45557.73072046845,4.570138944704784,15.642582840288412,26,0,2
27.084430968265433,0.919066940150221,1,52408.422528384755,6.870931518480026,22.351774867637317,33,0,2
14.589777667746013,0.5863642727215637,1,31456.18182111454,4.83048583631785,22.1954544753451,23,0,2
17.715087305242747,4.145941749867921,1,45459.384997778645,0.8649935008485592,11.436471983906491,68,2,1
23.640668524019123,4.43464967335227,0,35098.111428868855,0.8470829285476378,88.01210145874683,2,1,1
41.874483026280835,1.1600558237583634,1,55401.77825463936,4.7738761749475564,93.60779469238484,0,1,1
14.585774359166042,4.5326437805646345,1,30013.48130155226,2.9807057634055467,56.76911386547145,80,0,2
13.596527497358181,1.0316548034067834,1,79840.06872874351,2.8303470658497387,84.53138590904341,71,0,1
19.49779301854828,4.705291320151584,0,95097.29372114794,3.8534799637464765,52.633942682968694,94,2,2
37.14997245434519,1.5551581134502699,0,54301.328361053835,4.788462039669704,103.03642096367366,18,0,2
26.817168853153635,3.6694890798122275,1,3760.68422192019,6.691928356963507,42.094903438964096,24,0,2
30.88112378051192,3.8792938587932433,1,45884.1386447054,4.544686090969851,2.3270547086965543,10,2,1
24.930768940811628,0.715683878442922,0,5223.209396676931,4.078241694200154,21.118517448077718,20,0,2
30.948967253626662,1.9075861089003456,1,30450.30921322961,4.018101752709585,44.6648621556623,34,0,2
19.771959779270667,3.028635170295491,1,3314.18669095933,5.5054328766465135,3.4582324735582297,23,0,2
30.861491113351622,4.320543708046674,1,48420.87345230131,1.4646751431301614,12.836229357891103,34,0,2
26.783027447129626,0.7470745029049414,1,52408.422528384755,6.691928356963507,24.745246777906416,23,0,2
25.449774507977516,4.10502186203368,0,30013.48130155226,3.832588425786122,111.4298732872468,84,0,1
47.317113375698085,1.3114715317002623,1,28498.240939540123,4.592336872800101,2.0770639352812017,0,2,1
17.715087305242747,1.0208364729720518,1,88401.21896897962,8.067467623596334,81.7958683601961,51,1,1
44.426531670309615,1.8749907996468593,0,46874.5469410516,1.0191999300820676,20.294781784707624,11,0,1
18.909359712414176,0.6967569693391118,1,75412.05520088086,9.526245379254961,117.46372351246963,20,1,2
35.62047061158072,4.209790946394691,1,29376.636987377293,3.916505099762053,95.33294505410622,14,1,2
34.55802535996695,4.445682021895931,0,95002.80718380508,2.98664250101288,52.192120419010784,34,0,1
24.930768940811628,0.8055514210890151,0,46520.72039219632,4.817415711358361,21.97917117467459,26,0,2
40.282041236182856,1.1395958119553362,1,95167.76437457002,4.544686090969851,4.5084056996302495,0,0,1
26.940655712610333,1.9270410469390966,1,3760.68422192019,6.622542619789959,41.580223671584434,35,0,2
29.476970511848705,4.38249096989545,1,30013.48130155226,2.9807057634055467,44.86579301285372,24,0,2
14.307116663019814,1.1600558237583634,1,55401.77825463936,4.830812654387353,95.10990978844242,6,1,2
20.7385682070912,4.705291320151584,0,13857.619815922913,3.9173302444293356,52.26787621544718,36,1,1
31.964598350675583,3.856334879586708,1,45884.1386447054,4.592104374578096,2.3270547086965543,13,2,1
19.771959779270667,3.028635170295491,1,3314.18669095933,6.706258680622579,5.803779951104447,23,0,2
25.708809400606377,4.320543708046674,1,53127.0143581747,4.531430167982482,12.836229357891103,34,0,2
27.084430968265433,0.919066940150221,1,52408.422528384755,6.870931518480026,22.351774867637317,34,0,2
30.950570644376583,1.9666369439381244,1,30450.30921322961,4.1678965373800265,42.074776089455845,24,0,2
24.66230961252213,0.6984956914845762,1,31413.878239096928,4.961348182803221,18.42555236861608,23,0,2
32.24785267647458,0.6554758760873711,1,47094.902557474525,3.942856614249145,100.21993114691371,20,1,2
24.942554567647125,4.0859678699584085,0,33750.62487749106,4.8089700782328855,15.385704712970501,29,0,2
18.909359712414176,0.8494546156243687,1,76447.02069519616,9.526245379254961,117.46372351246963,20,0,2
30.956215280560386,1.8749907996468593,1,46942.515330436,0.9925587475659062,20.55877626874584,11,0,1
30.791660277811552,3.6565713554865145,1,30450.30921322961,4.394085341163844,44.76358552646865,22,0,2
13.703546990343554,1.905501270876595,1,30450.30921322961,4.28813378193699,113.14070664183805,76,0,2
42.16021158744708,4.326966982102527,1,24369.449893018696,2.9291933087944324,55.266996285383186,75,0,1
36.286008565041946,4.209790946394691,1,94864.55291954792,3.8526548190791945,91.49684762462518,33,0,2
47.47933998776654,1.6568753908721554,1,45884.1386447054,5.3869436740570675,2.4488954711027446,0,2,1
26.781745346045298,0.919066940150221,1,47084.32690735657,5.491102552987439,22.402583975411947,20,0,2
48.93125914934271,1.3114715317002623,1,28498.240939540123,1.5239698483731348,2.0770639352812017,0,2,1
30.861491113351622,4.320543708046674,1,48420.87345230131,1.4646751431301614,12.836229357891103,33,0,2
26.817168853153635,3.6105705118778118,1,3760.68422192019,6.558965484607685,44.684989505170556,21,0,2
14.858242889268471,0.8140913324160138,0,48439.15321124635,4.836652691274444,15.460899322214352,25,0,2
43.74089697494308,1.6404371907774378,0,74905.33738480319,1.0405092321146507,94.69230763150762,20,1,1
25.441982687151356,3.7256123593155137,0,4954.749839701925,4.504996453891765,21.97917117467459,26,0,2
26.940655712610333,0.746811600952486,1,52408.422528384755,6.691928356963507,11.94220316671218,23,1,2
44.34425966472897,3.8801597350523824,0,32538.063694916364,1.4897031103404534,4.327838885173551,34,0,2
20.436179680789262,1.895485992656012,0,95097.29372114794,3.8534799637464765,47.522475993769575,32,0,2
30.950570644376583,4.714878222301278,1,30450.30921322961,4.034933665093802,50.28799575494965,15,0,1
27.51457430755201,4.667192354257907,0,85158.93815540045,5.77246948462183,115.12094141981402,78,0,0
32.9687035961208,0.7249734746811365,0,95002.80718380508,3.860042228322679,52.192120419010784,96,2,1
24.930768940811628,3.727901055219687,0,5355.6075804744305,4.817415711358361,21.97917117467459,26,0,2
35.35300229448396,0.6967569693391118,1,75125.69300124672,3.964155881592303,94.40562087733544,20,1,2
14.585774359166042,4.5326437805646345,1,30013.48130155226,2.9807057634055467,113.40700243766653,80,0,2
19.323618969257534,1.130572168372637,0,51293.658744701985,9.640078843208196,61.95660843070259,83,1,2
40.689640681549086,4.266198749528031,1,94869.9991315216,4.119705285955196,33.62261926482538,51,0,0
49.48497087560376,1.531589327660619,0,63810.93863608186,4.9746409961066105,109.14960356657072,15,1,1
42.32004317289444,4.849151841031609,0,1603.9703541193526,8.467025381088435,103.94394286022269,84,1,0
43.71862576099696,2.5891710680843483,0,2424.211441288503,0.7713697560303989,58.69602876289719,51,0,1
41.82730714381002,1.6123727938303067,0,46874.5469410516,1.0191999300820676,104.42999805843772,15,1,1
28.27365226339346,1.412167585823398,0,107440.43134410495,9.74105512406798,46.73983546466634,13,0,1
39.54682700144023,3.02932497909838,0,27817.185235124045,6.79549140370442,3.144195352726955,41,2,2
33.13819970396084,1.6688222835966915,1,53344.48146024949,3.6445558763643957,11.297214584521594,69,0,0
28.02942267030257,3.3932438675407144,0,17322.997755205528,9.792467236490934,56.850357092061095,40,2,2
20.840976704250153,0.7721253523044702,1,97169.92546891449,5.001784235101746,32.70606637886909,85,1,2
44.58412586471925,1.2488775969814159,1,45884.1386447054,4.544686090969851,1.7458320456647813,0,2,1
12.74622663674132,4.349471230280549,0,42856.7917295935,2.1879046767514474,23.303542039733657,42,0,2
42.66937838082907,3.0018391021795954,1,30852.18174971851,5.513905415167969,93.43945403244683,52,2,2
45.2733999551677,1.3099152798526688,1,100311.43010733851,3.1478061277887126,22.081357748253872,96,1,1
26.940655712610333,0.7470745029049414,1,52408.422528384755,6.691928356963507,24.745246777906416,23,0,2
43.3291725650746,0.6839457474259475,0,6007.420066957222,2.5334470520120034,108.82662787355756,83,0,2
23.640668524019123,1.244604687957482,0,96457.88461019316,6.706641646047946,13.813876122509852,7,2,1
30.791660277811552,1.9141233328520362,1,30450.30921322961,4.271301869552774,44.6648621556623,34,0,2
31.96825797301932,3.2453952831221775,0,21876.018750446205,3.6539399980502942,14.090525611052648,75,2,2
17.715087305242747,4.187818800305308,1,28073.487292578855,1.082310900394421,81.84724426053826,58,1,1
23.328675454279274,3.8801597350523824,1,65248.76290701088,1.419688079497421,2.4079786011117132,94,1,2
21.100982378106224,1.6975778761720934,0,115546.139717781,3.664902955996485,101.34638126853415,76,1,2
28.302357295773113,0.7428436913616188,0,34137.510222546676,9.44623000126662,16.304025075445004,92,0,1
36.99382486718454,2.2850969334618396,0,54789.17021650997,5.810496195766719,102.67912662587126,83,0,2
19.32086900924841,0.791155400379455,0,51293.658744701985,9.640078843208196,61.95660843070259,83,1,2
20.818873560220787,1.6975778761720934,0,30800.673394662495,3.6565416853527593,100.93415787088614,76,1,2
14.585774359166042,4.5326437805646345,1,30013.48130155226,2.704490676468154,111.45455303365569,85,0,2
28.048488768932238,1.2488775969814159,0,45884.1386447054,4.47829510186421,1.7458320456647813,80,2,1
29.004748832151,0.37266669181681145,0,565.8302341548115,9.44623000126662,104.89304268488027,97,0,1
25.200573976106533,3.732475206792439,0,5355.6075804744305,5.515147845622107,87.21224659618142,52,2,2
40.97004711940788,4.876554245786105,1,28073.487292578855,4.096042432907495,83.27486292516657,58,1,1
23.640668524019123,1.244604687957482,0,96457.88461019316,6.706641646047946,13.813876122509852,7,1,1
28.27365226339346,1.412167585823398,0,102432.29496139502,4.199505797688873,52.1355538046961,13,2,1
26.940655712610333,2.363254869682388,1,55320.91783699015,6.691928356963507,57.30432714787566,23,0,2
33.0385549615994,2.2850969334618396,0,54789.17021650997,5.810496195766719,102.67912662587126,69,0,2
41.82730714381002,1.6123727938303067,0,46874.5469410516,1.0912605365922856,104.42999805843772,20,1,1
35.11326553816093,0.6969109070872576,0,7316.805372821742,2.5144354410886143,109.34900943570307,83,0,2
12.71199134592541,1.9141233328520362,1,42877.36492434025,4.284168729821308,44.6648621556623,43,0,2
49.48497087560376,1.531589327660619,0,63810.93863608186,4.9746409961066105,109.14960356657072,15,1,2
20.843726664259282,1.111542120297665,1,97169.92546891449,5.001784235101746,32.70606637886909,85,1,2
40.61879470328424,3.02932497909838,0,112276.68713150067,6.8038526735399705,4.167049228307334,41,2,2
45.2733999551677,1.3099152798526688,1,100311.43010733851,3.154011743348075,23.8733856944475,80,1,1
44.05011511606521,4.4178664010301265,1,85158.93815540045,6.736250513486404,115.12094141981402,0,0,0
41.13955500565265,4.849151841031609,0,36112.79569633669,8.31656263985154,15.353819256179612,92,1,0
42.39955586996071,2.9972649506062656,1,30852.18174971851,4.816173280904223,27.444744671939162,30,0,2
17.434819386350018,3.7764461297801977,1,94869.9991315216,1.1059822803491945,32.19500252808737,51,0,0
23.328675454279274,3.8801597350523824,1,65248.76290701088,1.419688079497421,2.4079786011117132,94,2,2
29.906073987918614,0.7249734746811365,0,95189.23797704969,9.37912974342155,46.79640207898102,96,0,1
43.71862576099696,0.9729923223266457,0,1664.8871369275585,0.7713697560303989,26.74048047160062,51,0,1
35.28353260844443,1.6688222835966915,1,53344.48146024949,3.6445558763643957,11.297214584521594,83,0,0
43.568909241699146,0.6837918096778016,1,73899.28762279326,3.9831674925171234,93.88323892679867,20,1,2
30.830482572107577,4.349471230280549,0,24583.190325087588,2.336301257566385,23.303542039733657,42,0,2
31.96825797301932,3.2453952831221775,0,11595.891133690497,3.6539399980502942,14.090525611052648,75,2,1
23.328675454279274,3.8801597350523824,1,86251.00426758174,6.765706982508745,2.4079786011117132,6,2,2
27.51457430755201,4.460990906139803,1,85158.93815540045,5.77246948462183,115.12094141981402,20,1,2
23.149848447175856,1.5357404153077439,0,85589.38873956953,6.787428806658189,1.8738340148265706,17,1,2
12.74622663674132,4.376416207912426,0,116004.30128633462,2.1879046767514474,23.303542039733657,42,1,2
43.32701997538901,4.826586871964861,1,42877.36492434025,8.685153740190412,40.97998118873074,43,0,2
26.940655712610333,2.3762304521596964,1,55320.91783699015,6.691928356963507,57.30432714787566,22,0,2
40.97004711940788,4.97443754172677,1,41453.97769505915,3.0227738874379226,110.70202082821962,87,1,1
23.640668524019123,1.244604687957482,0,97835.43531463217,6.706641646047946,17.888534221511176,7,1,1
35.06512269815282,2.9784591424579174,1,29341.43544242225,4.819775783810492,105.28053377994506,20,0,2
30.830482572107577,4.349471230280549,0,46940.68916693911,2.3523549039332297,22.230006600699127,45,0,2
24.924967530320323,3.60951630446512,0,90840.91313036802,4.817415711358361,21.97917117467459,28,2,1
42.697989917499356,1.5269209288265733,0,46874.5469410516,1.0189660162994751,102.69450307965087,8,1,0
43.16254934071751,2.5891710680843483,0,12205.355450148974,0.6719549210162612,58.69602876289719,51,0,1
20.840976704250153,0.4552806092136724,1,5486.333534512822,5.512993084095651,100.7289314012211,83,2,2
43.29560859105911,4.4178664010301265,1,58892.53183923737,6.736250513486404,108.93570523960622,0,0,0
30.791660277811552,0.9922208620746631,1,37901.7868614366,4.602476774718173,45.89208862623036,23,0,1
43.568909241699146,1.2658581359634238,0,73899.28762279326,3.9831674925171234,93.88323892679867,78,0,0
49.37457945614335,3.87600789322206,1,64472.55416401967,4.9529191719558465,111.40140862089783,4,2,1
19.532119673046328,1.6975778761720934,0,48692.514444789595,3.1228284648141313,101.34638126853415,76,0,2
11.848904359083264,1.7930108805139873,0,1603.9703541193526,4.564800209507015,108.26430460997355,84,1,0
44.58412586471925,1.2359020147309407,1,45884.1386447054,4.544686090969851,1.7458320456647813,2,2,1
13.530405248895839,4.467678382038004,1,46663.03903741749,2.815291399930027,84.02718334383401,56,0,2
17.715087305242747,4.187818800305308,1,19738.452431248246,1.082310900394421,77.77659306018447,58,1,1
42.68743545892676,0.7155808759512827,1,76636.44229679687,3.9605533786860327,25.52950056580321,30,1,2
41.82730714381002,1.6123727938303067,0,24517.048102638626,1.0912605365922856,105.49076339625174,20,1,1
23.646469934510428,1.362989523505626,0,11193.47876670475,6.706641646047946,13.813876122509852,13,0,2
16.564587530968574,3.682726537002099,1,93595.38978263045,0.9629410883906808,33.9270632592833,51,0,1
25.200573976106533,3.5560734351310406,0,97302.79926158415,5.003938996628202,19.1894961220846,52,1,2
49.946089349509066,1.531589327660619,0,85878.87956978197,4.9746409961066105,115.33483965279716,19,1,2
43.71862576099696,2.082473437266309,0,1664.8871369275585,0.7713697560303989,25.513254002187104,55,0,2
34.433201504359936,0.6967569693391118,1,75125.69300124672,4.136724264648071,26.796774671106604,20,0,2
30.791660277811552,1.9141233328520362,1,26798.03838266485,4.271301869552774,57.11877008179106,34,0,2
35.35300229448396,0.6967569693391118,1,69676.24646654207,3.964155881592303,94.40562087733544,16,1,1
43.864949966135924,4.349471230280549,0,47188.66074194838,1.0273598931574428,22.15111023345002,8,0,2
32.626510010395215,0.9922208620746631,1,37901.7868614366,4.602476774718173,63.12895276824072,23,0,1
13.530405248895839,4.467678382038004,1,46663.03903741749,2.8325467657384498,84.02718334383401,0,0,2
31.930812492103886,0.869757403897681,1,26735.262079050848,4.853077132190039,88.5062350957894,20,0,2
12.770315824202315,4.537114445558871,0,117311.56504366932,2.1981819609319135,23.303542039733657,41,1,2
43.71862576099696,0.9729923223266457,0,42711.858715553884,2.2614029841714993,26.74048047160062,45,0,1
12.606427919923696,3.682726537002099,1,93595.38978263045,1.0765918748703012,33.9270632592833,53,0,1
42.356116153320656,3.0312948350388655,1,86251.00426758174,6.673253694511979,2.4079786011117132,6,0,2
24.852018272441985,0.7470745029049414,1,54612.95005536615,4.664264622687973,33.80028339356649,41,0,2
44.34016808995524,1.2359020147309407,1,103335.04085292129,4.544686090969851,4.1404821941904615,2,0,1
40.97994620252304,1.6123727938303067,1,28329.086727661444,0.4997528540710805,104.42999805843772,20,1,1
23.626725133010815,1.362989523505626,0,10986.811731721835,6.514421350420424,13.929614937204027,13,0,2
43.29560859105911,4.416981158392936,1,61105.16927735793,6.736250513486404,108.93570523960622,1,0,0
26.940655712610333,2.363254869682388,1,53646.1568283472,6.691928356963507,39.3881246167017,23,0,2
49.48497087560376,1.531589327660619,0,40577.72694991005,4.078553572195277,110.19133482191037,19,1,2
29.663502219606755,1.5269209288265733,0,24269.076530407227,2.327907387186602,96.30202100533856,33,1,0
41.49216897242165,4.826586871964861,1,42877.36492434025,8.685153740190412,45.68793843071268,43,0,2
44.58412586471925,1.2488775969814159,1,45884.1386447054,4.527430725163715,1.7458320456647813,56,2,1
43.568909241699146,2.4845264664172597,1,76505.47311019542,3.9831674925171234,105.15530173889688,20,1,2
14.561685171711945,4.37194554291819,1,30013.48130155226,2.192992415769532,111.45455303365569,86,0,2
12.74622663674132,4.349471230280549,0,2014.0574354969685,0.6978730647418347,20.49085706588299,34,0,2
16.67015114077948,1.9141233328520362,1,37223.633978937534,4.170550040187699,44.6648621556623,43,0,2
21.043531384911578,3.8461298505985386,1,30852.18174971851,4.908626568899113,27.444744671939162,30,2,2
27.019406380979976,3.727901055219687,0,3363.4720533462787,6.845079445610708,21.949661934355884,23,0,2
44.04195746999029,4.015429496030817,1,45753.970240949464,6.736250513486404,113.49378764024254,0,2,0
44.155523359291756,4.876554245786105,0,46618.947506040495,4.096042432907495,83.27486292516657,67,1,1
34.45294630611525,0.2326238044861939,1,75342.61413853877,3.846106019774078,26.681035858784274,20,0,2
26.940655712610333,2.3770923629094383,1,58783.849351245066,6.691928356963507,57.30432714787566,21,0,2
45.71583800422296,4.685872436609337,1,59074.09488206935,4.022482980429545,44.06239639341246,43,0,2
30.822364140946974,1.0407086546329878,1,35294.94350624024,4.495022746994903,44.86454332928223,20,0,2
43.560095839227536,4.537353343404143,1,45701.19685459131,8.939443286021817,113.01760282126287,84,0,2
13.013334839159109,4.349471230280549,0,2014.0574354969685,0.6978730647418347,20.49085706588299,34,0,2
43.54634003983363,1.2412573809390206,1,52728.952430822115,6.681686804478878,25.82535203712621,23,0,1
42.39955586996071,2.9972649506062656,1,30852.18174971851,4.816173280904223,27.655632632487364,30,0,2
44.04195746999029,4.015429496030817,1,45753.970240949464,4.270923733204644,50.765558879313296,0,2,2
42.45304873771184,4.416981158392936,1,61105.16927735793,5.940518193195956,106.8984252228833,0,0,0
13.49121249732022,4.876554245786105,1,28148.341656965593,4.096042432907495,84.04041923553575,58,1,1
29.663502219606755,3.6842172885678846,1,97788.07392023281,1.1646932813960995,96.30202100533856,33,1,0
44.05011511606521,4.4178664010301265,1,85158.93815540045,6.559702902860274,117.23681174664212,0,0,1
41.172429200122195,0.9914309949753428,1,37901.7868614366,4.602476774718173,0.6437122194731799,23,0,1
26.21769837657149,0.8162466030964916,1,37966.55873688089,6.691928356963507,57.30432714787566,22,0,2
35.35300229448396,0.6967569693391118,1,69676.24646654207,0.42402431543219854,93.9197072853857,20,1,1
26.940655712610333,2.363254869682388,1,55727.163517906665,6.691928356963507,57.2782489263252,34,0,2
14.250481153966561,1.641394680958742,1,38250.71448423382,7.461600768491415,108.05122879580213,0,0,0
31.900108628968468,2.1156216651617465,1,26420.379615352627,4.8337441240692325,88.30655349569511,34,0,2
13.84584648090195,4.821877292028202,1,29224.401091027612,2.5036946413517986,42.72430271111695,44,0,2
26.940655712610333,2.3770923629094383,1,60974.11166683685,6.691928356963507,57.30432714787566,17,0,2
26.492506859730025,0.7417191366995161,1,103875.92569846379,4.554927643448975,3.0743875043818925,2,0,2
23.646469934510428,1.362989523505626,0,11193.47876670475,6.8777735408940455,13.602988171943245,12,0,2
12.71199134592541,1.9141233328520362,1,35870.90213599572,6.428073493781852,113.73487628625342,43,0,0
27.783199733702826,2.363254869682388,1,53646.1568283472,6.33349576870933,41.413059758378196,23,0,2
41.02139375063717,4.467678382038004,1,48161.08586265455,2.815291399930027,83.26162703346483,56,0,2
16.564587530968574,1.468623523233586,0,20077.659927209854,2.2993154600018975,32.1650504626811,51,0,1
42.25477741581456,1.6123727938303067,0,46874.5469410516,1.268250977802214,104.42999805843772,20,1,0
30.6618956462195,1.2366918818302612,1,50397.41583768189,4.544686090969851,48.29818204003143,2,2,1
33.34946734643413,2.359482085959191,1,55256.14596154646,4.602476774718173,63.12895276824072,29,0,1
41.96318147649042,1.6123727938303067,1,28329.086727661444,4.042853673508746,104.91591165018272,16,1,1
30.791660277811552,1.9141233328520362,1,26391.7927463464,4.271301869552774,57.144848303341526,23,0,2
27.51457430755201,4.667192354257907,0,85158.93815540045,5.77246948462183,115.12094141981402,78,0,0
32.9687035961208,0.7249734746811365,0,95002.80718380508,3.860042228322679,52.192120419010784,96,2,1
24.930768940811628,3.727901055219687,0,5355.6075804744305,4.817415711358361,21.97917117467459,26,0,2
35.35300229448396,0.6967569693391118,1,75125.69300124672,3.964155881592303,94.40562087733544,20,1,2
14.585774359166042,4.5326437805646345,1,30013.48130155226,2.9807057634055467,113.40700243766653,80,0,2
19.323618969257534,1.130572168372637,0,51293.658744701985,9.640078843208196,61.95660843070259,83,1,2
40.689640681549086,4.266198749528031,1,94869.9991315216,4.119705285955196,33.62261926482538,51,0,0
49.48497087560376,1.531589327660619,0,63810.93863608186,4.9746409961066105,109.14960356657072,15,1,1
42.32004317289444,4.849151841031609,0,1603.9703541193526,8.467025381088435,103.94394286022269,84,1,0
43.71862576099696,2.5891710680843483,0,2424.211441288503,0.7713697560303989,58.69602876289719,51,0,1
41.82730714381002,1.6123727938303067,0,46874.5469410516,1.0191999300820676,104.42999805843772,15,1,1
28.27365226339346,1.412167585823398,0,107440.43134410495,9.74105512406798,46.73983546466634,13,0,1
39.54682700144023,3.02932497909838,0,27817.185235124045,6.79549140370442,3.144195352726955,41,2,2
33.13819970396084,1.6688222835966915,1,53344.48146024949,3.6445558763643957,11.297214584521594,69,0,0
28.02942267030257,3.3932438675407144,0,17322.997755205528,9.792467236490934,56.850357092061095,40,2,2
20.840976704250153,0.7721253523044702,1,97169.92546891449,5.001784235101746,32.70606637886909,85,1,2
44.58412586471925,1.2488775969814159,1,45884.1386447054,4.544686090969851,1.7458320456647813,0,2,1
12.74622663674132,4.349471230280549,0,42856.7917295935,2.1879046767514474,23.303542039733657,42,0,2
42.66937838082907,3.0018391021795954,1,30852.18174971851,5.513905415167969,93.43945403244683,52,2,2
45.2733999551677,1.3099152798526688,1,100311.43010733851,3.1478061277887126,22.081357748253872,96,1,1
26.940655712610333,0.7470745029049414,1,52408.422528384755,6.691928356963507,24.745246777906416,23,0,2
43.3291725650746,0.6839457474259475,0,6007.420066957222,2.5334470520120034,108.82662787355756,83,0,2
23.640668524019123,1.244604687957482,0,96457.88461019316,6.706641646047946,13.813876122509852,7,2,1
30.791660277811552,1.9141233328520362,1,30450.30921322961,4.271301869552774,44.6648621556623,34,0,2
31.96825797301932,3.2453952831221775,0,21876.018750446205,3.6539399980502942,14.090525611052648,75,2,2
17.715087305242747,4.187818800305308,1,28073.487292578855,1.082310900394421,81.84724426053826,58,1,1
23.328675454279274,3.8801597350523824,1,65248.76290701088,1.419688079497421,2.4079786011117132,94,1,2
21.100982378106224,1.6975778761720934,0,115546.139717781,3.664902955996485,101.34638126853415,76,1,2
28.302357295773113,0.7428436913616188,0,34137.510222546676,9.44623000126662,16.304025075445004,92,0,1
36.99382486718454,2.2850969334618396,0,54789.17021650997,5.810496195766719,102.67912662587126,83,0,2
32.047843502779095,3.2453952831221775,0,23546.68918863946,3.6539399980502942,14.090525611052648,75,2,2
42.32004317289444,4.849151841031609,0,1629.517310692483,6.852327470836559,2.739904110221744,84,1,0
14.585774359166042,0.7878104529488379,1,30013.48130155226,5.007182192981313,113.40700243766653,85,0,2
24.930768940811628,0.8055514210890151,0,48396.84962922343,4.817415711358361,21.97917117467459,26,0,2
45.2733999551677,1.3628365718659892,1,27096.685928260355,2.8688036611932617,27.904225690648644,54,1,1
19.19715666397741,1.9141233328520362,0,51424.97073488911,9.547200147432264,44.6648621556623,96,1,2
26.441142758470313,3.9403503382069833,0,86339.63739176614,1.366595678225886,105.42692355872263,78,0,0
43.71862576099696,2.6443579109320243,0,94280.14971753387,0.3194522447109682,58.871627055555166,51,0,1
36.99382486718454,2.2850969334618396,0,54789.17021650997,5.810496195766719,102.67912662587126,88,2,2
49.19884811726499,1.4689260252276983,1,45884.1386447054,4.986034494910204,15.810300818089097,2,2,1
35.07249755219764,0.7122489881898036,0,72716.88272114076,9.44623000126662,16.304025075445004,26,0,1
41.82730714381002,1.6123727938303067,0,42053.07062758378,1.0191999300820676,104.42999805843772,15,1,1
43.71823375300923,0.6839457474259475,0,6862.461105974802,2.661357323597196,110.6622576104343,88,0,2
12.74622663674132,3.3586057930265327,0,43196.09106600562,2.1879046767514474,23.23137115909603,42,2,2
40.831490206248056,4.1876888258377285,1,28073.487292578855,1.082310900394421,83.64140831888298,58,1,0
33.05861417420106,1.6688222835966915,1,51673.81141557644,3.6445558763643957,11.297214584521594,69,0,0
39.54682700144023,3.02932497909838,0,27864.692352905848,8.459090698984198,105.44235927980306,41,2,2
20.840976704250153,4.515513743807688,1,97169.92546891449,2.975307805536629,32.70606637886909,80,1,2
26.940655712610333,3.6694890798122275,1,3760.68422192019,6.691928356963507,42.094903438964096,23,0,2
42.66937838082907,2.9489178179034767,1,104876.91268179385,5.657563977089249,87.42996981012863,88,2,2
30.918122648799937,1.130572168372637,1,32693.948421008005,4.352961213568617,61.95660843070259,34,0,2
23.321208454860905,4.607001176930871,1,64068.06367050953,5.825605710824201,0.9364684990596706,94,1,2
32.9687035961208,0.6697990890145837,0,3861.508903031674,4.324080610540693,52.01652212635281,96,2,1
23.640668524019123,1.244604687957482,0,96457.88461019316,7.603454180815187,13.813876122509852,7,0,1
44.867012125142054,1.2518106875233588,0,63810.93863608186,4.533292592166259,95.910021496363,15,1,1
35.35300229448396,0.6967569693391118,1,36546.3205856752,3.81369751150406,94.40562087733544,86,1,2
27.884557533247186,1.412167585823398,0,108569.94380945897,9.574278437583521,33.010281375238726,13,0,1
28.02942267030257,4.001280499932845,0,11910.847967387468,9.792467236490934,56.92252850567184,45,0,2
17.573338869802917,4.09048343232581,1,93597.26268084753,4.119705285955196,31.82845778738892,51,0,1
37.290122446619975,1.2438098868695182,0,96457.88461019316,6.755140595613285,8.47251812286072,7,2,1
49.48497087560376,1.565691512652811,0,63334.921408903014,4.9746409961066105,109.14960356657072,15,0,1
31.061077075258723,1.6688222835966915,1,53344.48146024949,3.6445558763643957,11.297214584521594,34,0,0
28.925502320405137,0.7470745029049414,1,52408.422528384755,6.684152706346713,24.745246777906416,13,0,2
45.2733999551677,1.7616559457680243,1,27096.685928260355,2.8454098767558653,29.923039011444473,54,1,1
14.585774359166042,4.333901852063879,1,30013.48130155226,2.9807057634055467,113.40700243766653,83,0,2
31.242081939421915,1.6688222835966915,1,51673.81141557644,3.6445558763643957,11.297214584521594,72,0,0
28.02942267030257,4.001280499932845,0,12492.689598635548,9.792467236490934,56.92252850567184,45,0,2
48.943568564325176,1.4739071959392993,1,30450.30921322961,4.276127303531049,15.261917798361777,34,0,2
27.884557533247186,1.415099365889544,0,107495.52424849627,8.435709854328483,33.010281375238726,2,0,1
39.54682700144023,3.02932497909838,0,24325.347194633672,4.631771507227398,1.7249854573817656,41,2,2
26.940655712610333,3.421222019823731,1,3760.68422192019,6.691928356963507,21.61965204855598,22,0,2
39.7709147240949,4.079439594580438,0,28644.30162234462,7.966946703605531,10.731908663934767,6,2,1
20.813783770056986,1.6975778761720934,1,74635.47888166629,3.1355951015532346,101.30828928834299,79,1,2
17.715087305242747,4.187818800305308,1,28073.487292578855,1.082310900394421,81.84724426053826,57,1,1
45.22960336630214,1.396363246205566,0,63810.93863608186,4.346543751080191,93.96938650829352,11,1,1
25.007770071590453,0.7714492367888665,0,48872.86685640227,4.817415711358361,21.97917117467459,26,1,2
32.99524527750205,1.130572168372637,1,32693.948421008005,4.352961213568617,61.95660843070259,69,0,2
28.27365226339346,1.412167585823398,0,107440.43134410495,9.805954748526789,56.00299234092158,23,0,1
41.87008243235168,1.6123727938303067,0,52435.37253042592,1.0191999300820676,102.40655122812892,15,1,1
12.74622663674132,4.548213158781283,0,42856.7917295935,1.8465627965570917,23.303542039733657,37,0,2
43.71862576099696,2.5891710680843483,0,2424.211441288503,0.7713697560303989,58.69602876289719,48,0,1
33.835884345707235,0.7122489881898036,0,50849.36732591104,9.44623000126662,16.304025075445004,26,0,1
30.96772818920305,1.9091421621404354,1,45884.1386447054,4.981209060931929,45.21325406486219,2,2,1
23.640668524019123,1.2416729078913358,0,96457.88461019316,7.441000797352458,19.71430691404229,7,0,1
43.54973579167747,1.2488775969814159,1,45884.1386447054,6.708405987432987,3.1650419411089645,1,2,1
23.98535254143778,3.727901055219687,0,5355.6075804744305,4.817415711358361,42.454422572354055,23,0,2
40.82523094191665,1.3926423935645682,1,97602.12176180877,0.7866774758071076,83.29979608296668,58,1,0
35.35300229448396,0.6967569693391118,0,115985.7161818992,4.018563784810656,94.44371285752659,17,1,2
41.82730714381002,1.6123727938303067,0,44273.10331180926,2.0105610520765094,104.42999805843772,15,1,1
12.446936078868113,3.468519486515684,0,43196.09106600562,2.3746535193268183,25.172087051109678,42,2,2
23.27376064001733,3.7241520885017727,0,746.322920749752,4.107071055681544,43.50041320965693,22,0,2
28.254555121877374,1.4093115945827595,0,108624.40326683572,2.4920297569571157,46.73983546466634,12,0,1
49.19884811726499,1.4689260252276983,1,45884.1386447054,4.867036167210616,9.699714946741,2,2,1
29.297066966220083,0.8375018957066649,0,52346.918758827334,6.684152706346713,21.980106928051953,21,0,2
17.81618705104259,4.159976725084931,1,29960.36089386759,1.0852484344768834,115.45555986498906,79,0,1
30.918122648799937,1.0234923003861218,1,32693.948421008005,2.9617786306472853,115.37296386233196,34,0,2
11.572671561141114,4.349471230280549,0,42856.7917295935,2.224169016484514,16.835716014843154,42,0,2
28.02942267030257,4.001280499932845,0,12209.080008529534,9.788117330446198,41.92052813251886,45,0,2
49.336869119607705,1.4836041217376423,1,30101.242138626912,4.276127303531049,15.263379290725553,34,0,2
49.48497087560376,1.5655259121933656,0,63334.921408903014,4.9746409961066105,93.53893642808742,13,0,1
24.858937438149884,0.8124023200226789,1,48396.84962922343,4.817415711358361,25.085703491953755,26,2,1
30.791660277811552,4.234624574414911,1,30450.30921322961,4.498391704686718,85.39554118835065,34,0,2
33.835884345707235,0.7471819299808327,0,52419.63551481429,9.46941743132978,16.26591165282737,26,0,2
34.175499619833104,1.6688222835966915,1,42130.691505711045,3.6973032408334823,11.297214584521594,66,0,1
42.40231011992045,4.079439594580438,0,28749.334286822184,7.9760949873495735,10.60634556705632,6,2,1
26.009257429015154,3.4249709865416453,1,5326.327691309418,6.691928356963507,20.573661457388827,26,0,2
41.846403548036996,1.6152287850709455,0,43076.488770798765,9.218724827093247,104.42999805843772,15,1,1
12.74622663674132,3.3586057930265327,0,43664.50387126666,2.1879046767514474,23.23137115909603,42,2,2
24.930768940811628,3.637537156140977,1,5445.535683545873,4.817415711358361,24.744311024529054,13,0,2
14.484674613437429,4.545049847394491,1,27910.25089229166,2.97776838189275,79.72718800611139,58,1,2
14.291685616030483,4.440085445144377,1,30013.48130155226,4.3718883463269815,59.86037630644698,83,0,2
26.940655712610333,3.6694890798122275,1,3462.4742305003683,6.689505784475104,57.09690381211711,23,0,2
22.872860745734492,1.2319759820929925,0,96806.73459532444,7.441000797352458,19.712845421678516,7,0,1
44.58412586471925,1.2490431974408611,1,37670.393352537445,4.544686090969851,15.765519778020703,0,2,1
30.69547649022519,1.8973788977610435,0,45884.1386447054,4.981209060931929,42.10672175869239,2,0,2
40.831490206248056,1.8671688876272974,1,28073.487292578855,0.8554473207136701,51.85200427584835,58,1,0
26.940655712610333,0.7121415611139124,1,50838.154339481494,6.668423340830148,41.62120419080921,23,0,1
44.17232180323381,1.6123727938303067,0,51596.190537449176,0.9664645243593184,104.42999805843772,15,1,0
35.07422414192638,0.7122489881898036,0,73295.64771567225,9.437078731912708,16.429588172326394,17,0,1
14.585774359166042,4.5326437805646345,1,37280.830597872555,2.9807057634055467,113.40700243766653,77,1,2
46.7337204488144,4.237333245346547,1,30386.24611961199,3.329541165406928,83.49273034532233,58,1,0
44.30131584367139,0.8141269036740081,1,44353.01154039197,4.83556467092623,0.7144278874450514,23,0,2
19.326607801064256,4.274133599217993,1,29960.36089386759,1.2896363086564813,115.45555986498906,79,0,2
31.647680093092678,1.9141233328520362,1,30461.56032973442,4.338955136646147,113.42136749682952,34,0,2
12.74622663674132,4.346227966198056,0,42856.7917295935,2.118261950487405,24.104866646987027,42,0,2
44.17232180323381,1.6123727938303067,0,51596.190537449176,9.454602907948995,104.42999805843772,17,1,0
30.96772818920305,3.7377251055430722,0,43796.26522569582,4.822184676596669,45.21325406486219,0,2,2
24.930768940811628,3.514770506830238,0,5358.600696110192,4.784436616606801,42.013903618623104,26,0,2
14.882365156807932,3.3586057930265327,0,43664.50387126666,2.1879046767514474,10.98698944774787,42,2,2
32.86111037352975,3.364477031840333,1,51002.00039195974,6.666014865562088,16.304025075445004,26,0,1
31.63772469014824,1.2171522934423726,1,28129.401048919313,4.352961213568617,88.67930555290627,34,0,2
33.835884345707235,0.7471819299808327,0,41799.08048177798,5.002705655510083,16.26591165282737,28,0,2
49.336869119607705,0.6747463113700598,1,30101.242138626912,4.242054308407181,14.66463777074386,23,0,2
26.009257429015154,3.4249709865416453,1,5326.327691309418,3.1015731348428695,33.623419923641734,27,0,2
30.791660277811552,4.184980154906094,1,28137.550386196475,4.482832726157459,85.5442191619113,34,0,2
25.660606889854115,1.232202148718372,1,59392.05956211482,6.74295225338711,26.156048022000896,0,2,1
28.925502320405137,0.6332719503728332,1,52408.422528384755,6.684152706346713,29.581206766507236,13,0,1
14.408592116359825,4.461181084489627,1,30002.230185047447,3.1979657582801546,45.0975238893149,80,0,2
26.940655712610333,3.6727323435040375,1,3462.4742305003683,6.941675199748861,57.09690381211711,23,0,2
35.07422414192638,0.7122489881898036,0,73295.64771567225,0.9324487762185072,16.429588172326394,15,0,1
24.28576176265357,1.8993180795125415,1,7457.225810490047,5.147618395686785,42.454422572354055,23,0,1
24.60400643128561,3.7274133252125283,1,3757.691106284453,6.724907451712692,22.0601709977921,23,0,2
22.362798458262546,1.2416729078913358,0,96457.88461019316,7.038616134965719,23.444156300620623,7,0,1
41.82730714381002,1.6123727938303067,0,45846.00450412092,2.0105610520765094,104.42999805843772,15,1,1
27.15630419659263,0.714111224145977,0,3691.710190381713,9.471811056491696,19.88732260947437,22,0,2
16.99549431330702,4.187818800305308,1,32638.03466466755,1.1901692763814187,59.42751071934171,56,1,1
49.19884811726499,1.4689260252276983,1,45884.1386447054,9.45040504755302,15.810300818089097,1,2,1
26.940655712610333,1.5209993770353085,1,50838.154339481494,6.702496335910043,46.73473381132636,34,0,1
14.585774359166042,4.5326437805646345,1,37280.830597872555,6.571060993290714,100.23202297845643,76,1,2
49.33421107943547,1.4836041217376423,1,30101.242138626912,4.276127303531049,22.108882882282437,33,0,2
27.51457430755201,4.667192354257907,0,85158.93815540045,5.77246948462183,115.12094141981402,78,0,0
32.9687035961208,0.7249734746811365,0,95002.80718380508,3.860042228322679,52.192120419010784,96,2,1
24.930768940811628,3.727901055219687,0,5355.6075804744305,4.817415711358361,21.97917117467459,26,0,2
35.35300229448396,0.6967569693391118,1,75125.69300124672,3.964155881592303,94.40562087733544,20,1,2
14.585774359166042,4.5326437805646345,1,30013.48130155226,2.9807057634055467,113.40700243766653,80,0,2
19.323618969257534,1.130572168372637,0,51293.658744701985,9.640078843208196,61.95660843070259,83,1,2
40.689640681549086,4.266198749528031,1,94869.9991315216,4.119705285955196,33.62261926482538,51,0,0
49.48497087560376,1.531589327660619,0,63810.93863608186,4.9746409961066105,109.14960356657072,15,1,1
42.32004317289444,4.849151841031609,0,1603.9703541193526,8.467025381088435,103.94394286022269,84,1,0
43.71862576099696,2.5891710680843483,0,2424.211441288503,0.7713697560303989,58.69602876289719,51,0,1
41.82730714381002,1.6123727938303067,0,46874.5469410516,1.0191999300820676,104.42999805843772,15,1,1
28.27365226339346,1.412167585823398,0,107440.43134410495,9.74105512406798,46.73983546466634,13,0,1
39.54682700144023,3.02932497909838,0,27817.185235124045,6.79549140370442,3.144195352726955,41,2,2
33.13819970396084,1.6688222835966915,1,53344.48146024949,3.6445558763643957,11.297214584521594,69,0,0
28.02942267030257,3.3932438675407144,0,17322.997755205528,9.792467236490934,56.850357092061095,40,2,2
20.840976704250153,0.7721253523044702,1,97169.92546891449,5.001784235101746,32.70606637886909,85,1,2
44.58412586471925,1.2488775969814159,1,45884.1386447054,4.544686090969851,1.7458320456647813,0,2,1
12.74622663674132,4.349471230280549,0,42856.7917295935,2.1879046767514474,23.303542039733657,42,0,2
42.66937838082907,3.0018391021795954,1,30852.18174971851,5.513905415167969,93.43945403244683,52,2,2
45.2733999551677,1.3099152798526688,1,100311.43010733851,3.1478061277887126,22.081357748253872,96,1,1
26.940655712610333,0.7470745029049414,1,52408.422528384755,6.691928356963507,24.745246777906416,23,0,2
43.3291725650746,0.6839457474259475,0,6007.420066957222,2.5334470520120034,108.82662787355756,83,0,2
23.640668524019123,1.244604687957482,0,96457.88461019316,6.706641646047946,13.813876122509852,7,2,1
30.791660277811552,1.9141233328520362,1,30450.30921322961,4.271301869552774,44.6648621556623,34,0,2
31.96825797301932,3.2453952831221775,0,21876.018750446205,3.6539399980502942,14.090525611052648,75,2,2
17.715087305242747,4.187818800305308,1,28073.487292578855,1.082310900394421,81.84724426053826,58,1,1
23.328675454279274,3.8801597350523824,1,65248.76290701088,1.419688079497421,2.4079786011117132,94,1,2
21.100982378106224,1.6975778761720934,0,115546.139717781,3.664902955996485,101.34638126853415,76,1,2
28.302357295773113,0.7428436913616188,0,34137.510222546676,9.44623000126662,16.304025075445004,92,0,1
36.99382486718454,2.2850969334618396,0,54789.17021650997,5.810496195766719,102.67912662587126,83,0,2
41.001451860203815,1.3099152798526688,1,95158.88632042817,3.1478061277887126,22.081357748253872,96,1,1
23.328675454279274,3.8801597350523824,1,42816.20998421043,1.4458092416662092,2.1151077037109136,94,1,2
42.66937838082907,2.288041242606933,1,30852.18174971851,5.811288339448207,93.43945403244683,81,0,2
26.940655712610333,0.7640301326480029,0,46854.97929536022,6.691928356963507,24.745246777906416,15,0,2
42.32004317289444,1.796155595176365,0,707.9943838866238,3.237938436629136,101.37752151149787,76,1,0
43.31533372673174,1.2488775969814159,0,46135.359844558814,4.5140950603171595,1.7458320456647813,96,2,1
42.656592402989745,1.7392086273127292,1,56364.11955772046,0.7363876436287302,4.133041507473077,69,0,0
35.35300229448396,0.7258087830498429,1,94847.95431522475,3.844400320134098,95.54533077908377,20,1,2
28.02942267030257,3.3932438675407144,0,17322.997755205528,9.792467236490934,56.850357092061095,45,2,2
47.86603128892612,3.6453525392156636,0,5355.6075804744305,4.978807354188056,32.67131858993353,28,0,2
35.07249755219764,0.7122489881898036,0,93465.46852411586,9.44623000126662,16.304025075445004,85,0,1
28.27365226339346,1.412167585823398,0,102618.72575858537,9.74105512406798,46.73983546466634,13,0,1
19.365189847248942,1.130572168372637,0,29382.426545096594,1.2376746686700404,82.44508963659672,88,1,2
14.585774359166042,1.1255340190619687,1,97340.40159261439,2.9807057634055467,13.63491635613753,80,0,2
30.81189924492402,1.9095580660185345,0,30450.30921322961,4.271301869552774,117.06840065947924,34,0,2
44.96158877547852,4.266198749528031,1,100022.54291843195,4.119705285955196,33.62261926482538,51,0,0
12.74622663674132,4.349471230280549,0,65289.34465239834,2.2120778401543806,23.623119037394723,42,0,2
36.99382486718454,2.998894793034502,0,54789.17021650997,5.513113271486481,102.67912662587126,54,2,2
41.82730714381002,1.595417165478198,1,46669.03509447306,1.0191999300820676,117.45097869461353,23,1,1
21.100982378106224,4.739255056987837,0,118551.95491929099,8.758229207131048,103.72519153896255,78,1,2
44.59796470306212,0.6839457474259475,1,8144.878001338184,2.5640380827197196,108.82662787355756,2,0,2
33.119325852016075,2.518784724368585,0,860.4979744359443,3.679630065879917,52.71221372362535,51,0,1
32.9687035961208,0.6959216609704054,0,75280.54586926446,3.979797789780884,51.05240285552526,96,2,1
31.96825797301932,3.2453952831221775,0,21876.018750446205,4.5513633374049185,14.090525611052648,75,2,2
26.348086007716944,1.554375751356367,0,63810.93863608186,4.813249353276916,98.42942671531213,15,1,1
20.840976704250153,0.7721253523044702,1,37841.831937335824,4.851321577082253,32.70606637886909,92,1,2
17.673516427251343,4.187818800305308,1,51572.66889136312,9.450305829290755,49.493159390965545,58,1,1
23.640668524019123,4.2638891989471155,0,23728.847756315983,6.706641646047946,113.38658906690318,12,2,1
27.49433534043954,4.494428866178904,1,83886.20170473389,5.77246948462183,42.04360331743746,78,0,0
31.96825797301932,3.2453952831221775,0,21804.61871360237,3.741603279033756,13.21956207440645,75,2,2
47.186521144217544,0.6839457474259475,1,8144.878001338184,2.5640380827197196,113.35580302059884,15,2,1
15.304014836184233,1.1174347599021917,1,98126.69876468493,3.6433825406321376,11.415399014248957,76,0,2
44.58412586471925,1.2488775969814159,0,41787.8659183989,2.7699591976909157,1.7458320456647813,0,2,1
42.08825593318241,1.6046791926563222,1,52567.49905109342,4.253453824715155,117.06376080094458,23,1,1
47.86603128892612,3.6513491477701523,0,5355.6075804744305,4.978807354188056,32.67131858993353,15,1,2
34.407519402116314,0.6027448632675693,1,95527.99049479785,4.0638771265817395,114.01604197449892,20,1,2
24.167749224756104,3.727901055219687,0,5355.6075804744305,4.871823602234697,20.795634153402588,35,0,2
39.11384642534448,3.890066681999077,1,62268.31617380022,1.463726710016784,3.100145240308112,32,2,2
44.96158877547852,4.354757525203972,1,102955.70400144989,4.119705285955196,31.97704893318093,51,0,0
45.744499237141206,1.5527166382078983,0,63861.1917752026,1.0191999300820676,104.42999805843772,15,1,1
35.70179035954948,3.032394782482699,1,30852.18174971851,5.418381622251443,94.40127615315946,51,2,2
27.306583803553227,4.187818800305308,1,46686.47427862963,9.905679924519454,59.2628425045808,64,1,1
23.090611455120296,0.7470745029049414,1,116299.32066653797,6.67356616581007,18.468128585599487,23,0,2
12.491760962087692,4.349471230280549,0,96536.86022466636,2.952979967577975,11.459680089753412,8,0,2
23.640668524019123,4.2638891989471155,0,23728.847756315983,6.722691584093336,108.85741391983743,2,0,2
40.13356426126967,4.266198749528031,1,104467.17781652635,4.119705285955196,33.62261926482538,51,0,0
32.42039185415975,1.676921542756549,1,52558.162833126495,2.9818790991378044,13.516731926410168,69,0,0
28.27365226339346,1.412167585823398,1,103005.99247509486,9.065455646321109,45.23863945453668,13,0,1
29.150995287824333,1.9002960388404102,0,30450.30921322961,1.0370688635366005,117.45561855314818,34,0,2
49.852669407121574,1.4443657529072003,0,63810.93863608186,4.9746409961066105,109.14960356657072,28,0,1
14.585774359166042,4.5326437805646345,1,33986.255563024715,2.525065312398368,103.89859153583123,80,0,2
30.791660277811552,1.9141233328520362,1,30450.30921322961,4.724518579851598,45.84839928872647,30,0,2
23.761655650385343,3.019418032123677,0,24317.899815419736,7.2501733944325855,2.4520287135305563,94,1,2
17.715087305242747,4.187818800305308,1,25134.810083966164,1.082310900394421,83.49281689013321,58,1,1
26.282636715579294,1.6140319069787754,0,46824.293801930886,4.813249353276916,98.42942671531213,15,1,1
42.32059031341043,0.6662403417932072,1,73567.04316171489,3.7655673238725598,93.44379875662283,21,1,2
22.85929162903643,0.7640301326480029,0,51741.173908093726,6.758067584447256,24.745246777906416,15,0,2
21.100982378106224,1.6975778761720934,0,43832.35587167964,3.6832651468671873,107.58139606988772,76,1,2
23.895953897225084,1.244604687957482,0,42777.777995942655,6.706641646047946,25.65773816563379,41,2,1
30.882451007702258,1.130061907753047,0,29310.50534130189,4.271301869552774,115.27433210736424,35,0,2
44.59796470306212,0.6839457474259475,0,8144.878001338184,2.5640380827197196,108.82662787355756,2,0,1
29.150995287824333,1.9002960388404102,0,52607.98393082307,1.0370688635366005,117.45561855314818,22,1,1
14.585774359166042,4.542638972128657,1,30154.96365426715,4.722513986325281,113.40700243766653,87,0,2
24.930768940811628,3.727901055219687,0,5390.126377146396,4.933741006626669,101.91386510477608,26,0,2
26.940655712610333,0.9092901842266066,1,49999.775686687906,3.3632629447309275,22.267242497010052,12,0,1
42.07651964263914,1.577789914651993,0,51748.93604211672,1.010409923814155,117.45097869461353,23,1,1
12.979491239220177,1.103739695118291,0,97340.40159261439,2.185957510826824,13.63491635613753,42,0,2
32.977774078344204,0.7204231721729637,0,29310.50534130189,4.425348042113927,115.27433210736424,36,1,2
26.286618180567235,1.6397651258585952,0,47031.23182414611,4.813249353276916,108.80673371304422,15,1,1
47.86603128892612,3.6081682555155092,0,5355.6075804744305,2.908752201676742,1.7590610347689264,15,1,2
28.79005458919563,1.5571820391032627,1,103005.99247509486,5.081720931191104,32.241196726620814,13,0,1
17.57240744298764,1.3203249552145957,1,63504.77234416428,4.757124376039516,98.42942671531213,25,1,1
49.48274881109562,1.531589327660619,1,62227.76499220289,4.9746409961066105,46.78679453061704,15,0,2
30.81311451976728,1.9141233328520362,1,34660.54670858012,4.271301869552774,118.97532729368743,34,0,2
23.640668524019123,4.2638891989471155,1,23728.847756315983,6.706641646047946,113.38658906690318,12,2,1
30.753257904925263,1.412167585823398,1,102618.72575858537,9.74105512406798,46.73983546466634,13,0,2
42.08825593318241,1.79588783322314,1,30409.82433375413,4.2265912631763145,117.06376080094458,34,0,2
44.58412586471925,1.2377432154571493,1,45742.65629199382,2.802877868069027,0.18782568008142597,0,2,1
41.82730714381002,1.6123727938303067,0,46857.01902949378,0.9031464950847723,24.48940871744753,15,1,1
47.186521144217544,0.6839457474259475,1,15228.121687426974,5.962527031106406,113.35580302059884,23,2,2
22.610050189321548,0.7816573841767832,1,46661.272960450064,6.767626419785704,23.545498764698035,15,0,2
14.623179447873483,4.370948840166561,1,72556.65323158384,3.0068260927331067,23.623119037394723,82,0,2
31.171927685823814,1.135447518630267,1,94847.95431522475,3.828239719848766,95.54533077908377,19,0,2
23.636687059031185,4.2381215592086185,0,23521.90974487829,6.722691584093336,98.48010692027123,2,0,2
42.73735202177343,0.8287468947613793,0,41787.8659183989,5.000241794266105,32.75666198419653,0,2,1
47.86603128892612,3.6453525392156636,0,2144.2985043917643,8.962395549242236,40.86524341717849,28,0,2
28.037631369401716,3.923249353899454,0,25440.977361210604,2.2370300985292957,75.18850904398607,58,1,1
29.025906536572894,1.7552066409842748,0,32033.48288605932,5.5252783622436645,99.31150337321655,30,1,1
30.790445002968294,1.8847869784278208,0,36651.25816767324,4.271301869552774,40.5371937353551,34,0,2
42.32059031341043,0.6662403417932072,0,73567.04316171489,3.7655673238725598,93.44379875662283,21,1,2
44.58412586471925,1.237290430933276,1,45742.65629199382,2.9107362440557227,0.18782568008142597,0,2,1
47.87328150068934,3.7863003627578884,0,2417.073046259737,8.791814335755744,40.86524341717849,28,2,2
49.223832394459436,1.7927951148037664,1,64606.23171015407,4.253453824715155,52.02838524944649,28,1,1
30.790445002968294,1.8847869784278208,0,36651.25816767324,4.1936163570120915,40.5371937353551,21,0,1
30.81189924492402,2.2946492568619385,0,30450.30921322961,3.798906833725999,115.91763701717483,23,0,2
23.640668524019123,4.2638891989471155,1,140.18308785692352,6.723174937471704,112.76566884273068,12,2,1
26.891034044285014,0.7470745029049414,1,52408.422528384755,5.205550765563945,32.032118240694565,23,0,2
17.715087305242747,4.219519275846352,1,25134.810083966164,1.082310900394421,83.49281689013321,58,1,1
23.640668524019123,4.2638891989471155,1,23728.847756315983,6.722691584093336,108.85741391983743,31,0,2
28.27365226339346,1.412167585823398,0,102618.72575858537,9.434101245386227,48.65199877343565,57,0,1
21.596699435972287,1.7511908807035397,1,46661.10441640897,6.767626419785704,23.545498764698035,21,0,2
14.585774359166042,1.1255340190619687,1,97298.85112187549,2.6387576462713036,13.63491635613753,80,0,2
23.62416418011396,3.727901055219687,0,5390.126377146396,4.933741006626669,118.38911508202534,3,0,2
17.57240744298764,1.3203249552145957,1,63683.34930323712,4.820678831402078,104.40384393197081,25,1,1
41.82730714381002,0.5832040745495293,0,46874.5469410516,1.0180287745591183,104.42999805843772,15,1,1
44.58412586471925,1.103158759320887,1,45884.1386447054,4.544686090969851,0.4447395321673353,0,2,1
47.17927093245432,0.30201007109518163,1,7872.1207528671275,2.733566714473115,113.35580302059884,15,0,1
42.3334982709239,1.495316134282611,1,53155.731159867566,4.9746409961066105,103.28220786156707,17,0,2
29.401668146102587,1.9002960388404102,0,52607.98393082307,1.2770443117834025,117.45561855314818,34,1,2
42.32059031341043,0.6289333368976621,1,64729.835098672134,4.2708501998103845,94.5848892537541,32,1,2
30.791660277811552,1.9141233328520362,1,30450.30921322961,4.254768578085583,45.75633968328562,34,0,2
28.83967625752095,1.5571820391032627,1,103005.99247509486,6.568098522590566,24.954325263832665,13,0,1
26.940655712610333,0.877523295900877,1,55035.88500263447,3.3632629447309275,22.267242497010052,12,0,1
30.791660277811552,1.9141233328520362,0,30450.30921322961,4.724518579851598,45.84839928872647,1,0,2
28.037631369401716,3.923249353899454,0,25440.977361210604,2.503196563555418,73.2763457351968,11,1,1
41.82730714381002,0.7826904684189147,1,46669.203638514155,1.0191999300820676,117.45097869461353,21,1,1
16.560669081411454,4.5326437805646345,1,30479.7492820154,2.9807057634055467,113.40700243766653,80,0,2
24.943291819728852,4.542577418927165,0,23521.90974487829,6.722691584093336,101.85065018313092,28,0,2
24.930768940811628,3.727901055219687,0,5250.527319558365,4.290709553265501,14.258876835213222,26,0,2
44.59796470306212,1.7131148746578164,1,8144.878001338184,2.565209274374098,108.82662787355756,2,0,2
27.51457430755201,4.667192354257907,0,85158.93815540045,5.77246948462183,115.12094141981402,78,0,0
32.9687035961208,0.7249734746811365,0,95002.80718380508,3.860042228322679,52.192120419010784,96,2,1
24.930768940811628,3.727901055219687,0,5355.6075804744305,4.817415711358361,21.97917117467459,26,0,2
35.35300229448396,0.6967569693391118,1,75125.69300124672,3.964155881592303,94.40562087733544,20,1,2
14.585774359166042,4.5326437805646345,1,30013.48130155226,2.9807057634055467,113.40700243766653,80,0,2
19.323618969257534,1.130572168372637,0,51293.658744701985,9.640078843208196,61.95660843070259,83,1,2
40.689640681549086,4.266198749528031,1,94869.9991315216,4.119705285955196,33.62261926482538,51,0,0
49.48497087560376,1.531589327660619,0,63810.93863608186,4.9746409961066105,109.14960356657072,15,1,1
42.32004317289444,4.849151841031609,0,1603.9703541193526,8.467025381088435,103.94394286022269,84,1,0
43.71862576099696,2.5891710680843483,0,2424.211441288503,0.7713697560303989,58.69602876289719,51,0,1
41.82730714381002,1.6123727938303067,0,46874.5469410516,1.0191999300820676,104.42999805843772,15,1,1
28.27365226339346,1.412167585823398,0,107440.43134410495,9.74105512406798,46.73983546466634,13,0,1
39.54682700144023,3.02932497909838,0,27817.185235124045,6.79549140370442,3.144195352726955,41,2,2
33.13819970396084,1.6688222835966915,1,53344.48146024949,3.6445558763643957,11.297214584521594,69,0,0
28.02942267030257,3.3932438675407144,0,17322.997755205528,9.792467236490934,56.850357092061095,40,2,2
20.840976704250153,0.7721253523044702,1,97169.92546891449,5.001784235101746,32.70606637886909,85,1,2
44.58412586471925,1.2488775969814159,1,45884.1386447054,4.544686090969851,1.7458320456647813,0,2,1
12.74622663674132,4.349471230280549,0,42856.7917295935,2.1879046767514474,23.303542039733657,42,0,2
42.66937838082907,3.0018391021795954,1,30852.18174971851,5.513905415167969,93.43945403244683,52,2,2
45.2733999551677,1.3099152798526688,1,100311.43010733851,3.1478061277887126,22.081357748253872,96,1,1
26.940655712610333,0.7470745029049414,1,52408.422528384755,6.691928356963507,24.745246777906416,23,0,2
43.3291725650746,0.6839457474259475,0,6007.420066957222,2.5334470520120034,108.82662787355756,83,0,2
23.640668524019123,1.244604687957482,0,96457.88461019316,6.706641646047946,13.813876122509852,7,2,1
30.791660277811552,1.9141233328520362,1,30450.30921322961,4.271301869552774,44.6648621556623,34,0,2
31.96825797301932,3.2453952831221775,0,21876.018750446205,3.6539399980502942,14.090525611052648,75,2,2
17.715087305242747,4.187818800305308,1,28073.487292578855,1.082310900394421,81.84724426053826,58,1,1
23.328675454279274,3.8801597350523824,1,65248.76290701088,1.419688079497421,2.4079786011117132,94,1,2
21.100982378106224,1.6975778761720934,0,115546.139717781,3.664902955996485,101.34638126853415,76,1,2
28.302357295773113,0.7428436913616188,0,34137.510222546676,9.44623000126662,16.304025075445004,92,0,1
36.99382486718454,2.2850969334618396,0,54789.17021650997,5.810496195766719,102.67912662587126,83,0,2
28.302357295773113,0.7428436913616188,0,34137.510222546676,8.471047861199052,19.292088954430255,92,0,1
21.33685316859126,1.697654677483719,1,53344.48146024949,3.6445558763643957,11.297214584521594,69,0,0
18.16091051943222,4.22281762593467,0,28073.487292578855,1.082310900394421,3.645643606308089,58,1,1
25.100029753845302,3.727901055219687,1,5355.6075804744305,4.677220970551273,21.81122790810819,26,0,2
19.323618969257534,1.0989799731893628,0,51293.658744701985,9.640078843208196,61.95660843070259,44,1,2
40.06601974714018,3.0313143272248437,1,48088.70911453747,3.8693642756989277,45.894020764519105,34,0,2
23.88514059703677,4.506100880491511,0,96457.88461019316,6.677147441314901,2.1720769208280544,7,2,1
28.258754613739722,0.6562939025807439,0,17322.997755205528,9.666449313584717,56.850357092061095,54,0,2
29.902664434868367,4.570958761502941,0,86598.0226755194,5.757274085727081,115.12094141981402,77,2,0
35.35300229448396,1.6360359610395374,0,75125.69300124672,3.964155881592303,94.2851694434064,20,1,2
36.99382486718454,2.2850969334618396,0,54789.17021650997,5.810496195766719,103.5087187101411,11,0,2
43.71862576099696,2.5891710680843483,0,2424.211441288503,0.7713697560303989,61.071770996464195,60,0,1
23.29132580359729,4.271328530929422,1,65248.76290701088,4.136380331999177,2.409291769221044,94,0,2
45.016242602813584,1.2488775969814159,1,97403.1109698337,3.85403507788185,1.7458320456647813,0,2,1
42.32004317289444,4.849151841031609,0,1603.9703541193526,9.4422074372916,100.95532427549387,84,1,0
32.902328923221575,1.419505800221581,0,115546.139717781,3.664902955996485,101.34638126853415,76,1,2
31.52243642593023,3.2103964483600307,1,21876.018750446205,4.5513633374049185,85.51104883781224,75,2,2
26.77139489957666,0.7470745029049414,0,52408.422528384755,6.712599307411898,23.123537830928996,38,0,2
12.74622663674132,4.349471230280549,0,42856.7917295935,2.1879046767514474,11.858095053314887,83,0,2
30.272467526515037,1.9121339847258387,0,30482.452863365168,6.029833970665939,2.176040484512953,41,2,2
14.341309758798607,1.2702263204475175,1,30013.48130155226,3.0101999764489245,119.65949040025745,80,0,2
43.099830428862425,3.4210056731422807,0,6007.420066957222,2.6087815223561903,108.82662787355756,83,2,2
40.81077752324548,2.871724390873076,1,29413.108524787207,5.529100814062717,93.43945403244683,52,0,2
41.82730714381002,0.6730938216806838,1,46874.5469410516,1.0191999300820676,104.55044949231953,15,1,1
49.48497087560376,1.3558628972462043,0,63810.93863608186,4.9746409961066105,109.14960356657072,87,1,1
39.68938236977776,3.8750299536508344,1,94869.9991315216,1.403013655118367,27.813996835976305,56,1,0
33.18160882012568,0.7249734746811365,0,43483.747153278586,4.550693241410681,41.45680741601596,96,2,1
46.367988198675185,1.3099152798526688,1,100311.43010733851,3.1478061277887126,22.081357748253872,96,1,1
31.96825797301932,3.2453952831221775,0,16645.720047694726,3.682670172118855,14.090525611052648,74,1,2
17.715087305242747,3.94011811960931,1,21538.76646094409,1.0535850590273534,81.84724426053826,58,2,1
33.13819970396084,4.706811517888474,1,53344.48146024949,3.6445558763643957,15.083673151330512,69,0,1
30.85990330537223,1.432915734051871,1,29780.349523609,4.773932018793927,46.058832614390475,34,0,2
44.826086130423455,1.6123727938303067,0,46874.5469410516,1.0191999300820676,104.42999805843772,15,1,1
32.96654297308402,1.419505800221581,0,113878.46653336294,5.028148977596829,110.42728502454331,76,1,2
26.77139489957666,0.5696165779260166,1,44304.03561027697,4.0455307353408125,23.123537830928996,51,0,2
28.368131780902168,4.174476800778062,0,42882.66331277937,2.4874550865359337,23.356717025292195,35,0,2
30.758306000155923,2.2811714859465613,0,107440.43134410495,9.852439930249417,100.00907569310723,13,0,2
27.422692567332625,1.2488775969814159,1,99408.33935934199,3.85403507788185,56.998886227145704,1,2,1
17.43716800869281,1.6975778761720934,0,114714.15062773443,1.0218018511533915,101.34638126853415,76,1,2
26.940655712610333,2.874856359310022,1,23708.43254103799,7.451888545868091,93.15100977839703,56,0,2
46.367988198675185,1.1139917083483726,1,105543.5999775506,3.1478061277887126,15.741157936004225,96,1,1
44.58412586471925,0.7356775222701658,1,42521.1373248938,3.825357954876379,51.5005740057458,0,2,1
20.806516046403658,1.021553175999232,1,97169.92546891449,4.973795269877533,32.70606637886909,84,1,2
19.30876731711526,0.6349495040599051,1,48176.56715428723,9.578940520436571,110.40047055234007,20,1,2
23.88514059703677,1.4612060477719957,0,96457.88461019316,6.677147441314901,11.773282925501602,7,2,0
24.86252591325099,3.2077688916862823,0,3593.289196930235,4.314785562117208,21.97917117467459,26,0,2
25.100029753845302,3.727901055219687,1,3100.9861510899264,4.677220970551273,21.81122790810819,26,0,2
49.48497087560376,1.531589327660619,0,63810.93863608186,3.4523973008027404,107.87456920622611,15,1,1
40.689640681549086,4.2088294456183055,0,94869.9991315216,6.7867738577675665,33.62261926482538,41,0,0
12.682947522518448,0.9304223356943597,0,34111.638639360805,8.17136031391403,15.50878819617872,92,0,1
36.99382486718454,1.1207638925899208,0,54789.17021650997,5.655291673669294,50.238968155244905,11,0,1
45.622087517144756,3.3932438675407144,0,19246.953421099002,9.792467236490934,1.9652574591573284,39,2,2
21.37890167465778,4.187818800305308,1,28604.592228581532,3.725419867608374,78.96661025293847,58,1,1
40.81077752324548,0.716542344869743,1,72060.75688572034,5.529100814062717,25.033760359669067,24,0,2
23.29132580359729,4.271328530929422,1,65248.76290701088,4.136380331999177,3.4169070406037685,94,0,2
32.9687035961208,1.2381735493971504,0,98365.64060425691,4.579370364416151,2.723903726142069,100,2,1
41.861735823777806,0.6730938216806838,1,46874.5469410516,1.0472712964751276,103.37708090669106,16,1,1
35.367855086752456,1.0989799731893628,0,74714.56208889083,4.011918009051135,61.95660843070259,44,1,2
41.8851610484269,0.6730938216806838,1,14348.207712235395,2.376178749340644,99.72700586538687,15,1,1
17.65728256515104,3.94011811960931,1,47317.87902064486,1.0186385534554474,81.61621388850706,58,2,1
41.8851610484269,0.6730938216806838,1,14348.207712235395,1.001763693942423,98.87908887349826,15,1,1
27.20123608174282,0.9490386313235899,1,52662.36820796119,3.483050736788524,24.745246777906416,24,0,2
41.82730714381002,0.6343668044724831,1,46874.5469410516,1.0191999300820676,104.53106077661062,15,1,1
44.58412586471925,0.7356775222701658,1,42521.1373248938,3.825357954876379,51.5005740057458,26,0,1
35.35300229448396,0.6970259504977095,1,75125.69300124672,5.534410675366398,94.53242803713474,24,1,2
38.526511220078845,2.291749247239469,0,48088.70911453747,3.5756291827902196,110.0188629055018,35,0,2
44.826086130423455,1.6769756503361488,0,46874.5469410516,1.0191999300820676,104.42999805843772,15,1,1
37.73642461448283,4.251012712830501,0,58031.7357475389,2.1879046767514474,23.303542039733657,11,0,2
44.52640515197813,0.774835247905164,1,43382.75536568344,4.544686090969851,1.7458320456647813,0,2,1
30.811671976103373,4.2515442140648085,1,28069.52815393643,1.0175027063512518,44.413321340717005,58,1,1
20.771172612985346,0.7721253523044702,1,97169.92546891449,4.770896486599966,32.70606637886909,33,1,2
33.45386600488988,1.687880969666947,0,116202.25530302679,3.6667396420530616,101.34638126853415,0,1,2
49.51446902037492,1.6978280221036033,0,114427.84649847569,1.0218018511533915,107.61499838904058,76,1,2
25.100029753845302,3.3923203321819364,1,2964.243252604765,4.806037612083384,20.612005618068622,49,2,2
25.100029753845302,3.727901055219687,1,5376.916901282857,4.672220411703556,25.2698858884554,26,0,2
17.715087305242747,3.94011811960931,1,21538.76646094409,2.4280001447322026,82.69516125093054,58,2,1
21.11832130552873,4.187818800305308,1,29899.33725294497,6.934297481694639,78.96661025293847,56,1,1
17.44264177025236,0.6736765212681057,1,48176.56715428723,9.578940520436571,110.41985926804017,20,1,2
24.930768940811628,3.902847326492951,0,5355.6075804744305,5.4373169360491165,21.97917117467459,0,2,2
40.81077752324548,0.7162733637111453,1,72060.75688572034,3.95884602028863,24.906981584619892,18,0,2
36.99382486718454,3.0246620134472124,1,54789.17021650997,5.810496195766719,43.932127994286205,1,0,2
41.82730714381002,1.6123727938303067,0,46874.5469410516,0.9952161953221983,104.42999805843772,15,1,1
12.0650852893041,1.2190221758246382,0,43506.10452327407,5.655291673669294,37.463318196083215,42,0,1
41.919456536518624,1.1471361707814216,1,51544.95353646362,1.0472712964751276,103.37708090669106,16,1,1
17.69507647356938,1.884246696800068,1,30454.268351872037,4.941960686144428,80.88853814050631,28,0,2
27.019304507000122,1.432915734051871,1,19083.017191748724,5.004819767295707,46.058832614390475,86,0,2
27.422692567332625,1.242418369570029,1,99408.33935934199,3.8521983918252736,56.998886227145704,86,2,1
15.3538033075974,1.531339181729109,0,57237.5017685248,3.0521628043188915,101.6059520857181,14,1,1
29.576288037018212,3.4648452645765744,0,9811.335023932044,9.95590049698586,58.049586084061644,33,0,2
25.18657776486849,0.42772425347904275,1,44295.58675632646,4.050531294188531,14.48645596049421,51,0,2
47.29376876085839,1.6123727938303067,0,42719.02221734042,3.7322902130534414,103.02718489412095,26,1,1
44.362051900958576,0.6343668044724831,1,47269.06947045164,1.1618191276162282,10.349341351576797,15,1,1
40.81077752324548,1.2648511667557025,1,72060.75688572034,5.529100814062717,25.033760359669067,24,0,1
37.70055634807569,4.251012712830501,0,54792.0661403708,2.1879046767514474,23.303542039733657,11,0,1
38.31428096644948,3.0078440690498054,1,54789.17021650997,5.5570419024629745,43.932127994286205,1,0,2
30.85990330537223,1.432915734051871,1,29780.349523609,4.773932018793927,46.48889219147234,13,0,1
15.202588725778153,3.749235757041624,0,57523.17233768762,3.0521628043188915,101.6059520857181,14,1,2
36.99382486718454,2.2850969334618396,0,54789.17021650997,4.884165117428788,103.5087187101411,3,0,2
30.12758498144944,1.2190221758246382,1,43506.10452327407,5.655291673669294,37.463318196083215,42,0,1
41.82655674765558,0.7355980710511024,1,38221.162689898294,0.9744541784067877,77.02890853489265,0,2,1
17.69507647356938,1.884246696800068,1,30454.268351872037,6.55216769726212,25.778869765937742,28,0,2
23.926903283282,3.727901055219687,1,5376.916901282857,4.672220411703556,112.32085329921091,15,1,2
24.930768940811628,3.706166339611533,0,5355.6075804744305,3.682235786224732,21.97917117467459,0,2,2
49.88638498611074,1.2437943310923227,0,3448.636881353308,4.677220970551273,21.81122790810819,26,0,2
41.048912302059996,0.6736765212681057,1,47305.887570922605,9.578940520436571,110.41985926804017,22,1,2
44.58412586471925,0.41714735298255445,1,47428.43010226812,1.1122742464997732,52.90290979756489,15,0,1
41.99166039482936,0.774835247905164,1,45329.377346523834,1.1039166889311076,96.8444946359187,0,2,1
44.58412586471925,0.366509102135647,1,45884.1386447054,4.544686090969851,2.280483280504031,0,2,2
38.70824603309711,1.1207638925899208,0,58028.83982367807,6.149009919785785,50.238968155244905,11,0,2
27.134755122424107,0.9658575542543963,1,52662.36820796119,3.483050736788524,24.745246777906416,24,0,2
41.8851610484269,0.9980703234359912,1,14348.207712235395,2.376178749340644,99.72700586538687,34,1,2
25.251246843235318,1.5100042598743864,1,5126.324060520088,4.214069628870147,21.81122790810819,26,0,1
24.930768940811628,3.727901055219687,0,5355.6075804744305,5.743746789696292,21.97917117467459,26,0,2
12.740475852310558,1.9141233328520362,0,30450.30921322961,4.271301869552774,44.6648621556623,34,0,2
44.64273016548975,0.6731732728997472,1,14543.306929289514,3.8526819824658736,98.87908887349826,15,1,1
26.940655712610333,0.7470745029049414,1,52408.422528384755,4.9365865080754,76.96738150478585,23,0,2
41.82730714381002,0.6730938216806838,1,38680.73394518948,1.0191999300820676,17.245923589358085,26,0,1
27.422692567332625,1.1052486021886625,1,99408.33935934199,5.609116227706853,56.998886227145704,1,2,1
23.58058937819487,3.7295659875032285,1,63677.328806873375,3.4523973008027404,107.87456920622611,15,1,1
18.25554020798854,0.6730938216806838,1,46874.5469410516,1.0472712964751276,103.37708090669106,16,1,1
