bandwidth,cruise_speed,firm_obstacle,illuminance,obstacle_distance,obstacle_size,power,quality,smoke_intensity
48.956867518969,1.3559525110096227,1,108945.90750897524,7.806665071950557,104.79895817989154,44,2,0
48.956867518969,1.3559525110096227,1,108945.90750897524,7.806665071950557,104.79895817989154,54,2,0
48.956867518969,1.3559525110096227,1,108945.90750897524,7.806665071950557,104.79895817989154,52,2,0
48.956867518969,1.3559525110096227,1,108945.90750897524,7.806665071950557,104.79895817989154,34,2,0
48.956867518969,1.3559525110096227,1,108945.90750897524,7.806665071950557,104.79895817989154,95,2,0
48.956867518969,1.3559525110096227,1,108945.90750897524,7.806665071950557,104.79895817989154,37,2,0
48.956867518969,1.3559525110096227,1,108945.90750897524,7.806665071950557,104.79895817989154,66,2,0
48.956867518969,1.3559525110096227,1,108945.90750897524,7.806665071950557,104.79895817989154,37,2,0
48.956867518969,1.3559525110096227,1,108945.90750897524,7.806665071950557,104.79895817989154,45,2,0
48.956867518969,1.3559525110096227,1,108945.90750897524,7.806665071950557,104.79895817989154,99,2,0
48.956867518969,1.3559525110096227,1,108945.90750897524,7.806665071950557,104.79895817989154,18,2,0
48.956867518969,1.3559525110096227,1,108945.90750897524,7.806665071950557,104.79895817989154,63,2,0
48.956867518969,1.3559525110096227,1,108945.90750897524,7.806665071950557,104.79895817989154,43,2,0
48.956867518969,1.3559525110096227,1,108945.90750897524,7.806665071950557,104.79895817989154,68,2,0
48.956867518969,1.3559525110096227,1,108945.90750897524,7.806665071950557,104.79895817989154,76,2,0
48.956867518969,1.3559525110096227,1,108945.90750897524,7.806665071950557,104.79895817989154,33,2,0
48.956867518969,1.3559525110096227,1,108945.90750897524,7.806665071950557,104.79895817989154,67,2,0
48.956867518969,1.3559525110096227,1,108945.90750897524,7.806665071950557,104.79895817989154,68,2,0
48.956867518969,1.3559525110096227,1,108945.90750897524,7.806665071950557,104.79895817989154,45,2,0
48.956867518969,1.3559525110096227,1,108945.90750897524,7.806665071950557,104.79895817989154,12,2,0
48.956867518969,1.3559525110096227,1,108945.90750897524,7.806665071950557,104.79895817989154,62,2,0
48.956867518969,1.3559525110096227,1,108945.90750897524,7.806665071950557,104.79895817989154,5,2,0
48.956867518969,1.3559525110096227,1,108945.90750897524,7.806665071950557,104.79895817989154,89,2,0
48.956867518969,1.3559525110096227,1,108945.90750897524,7.806665071950557,104.79895817989154,85,2,0
48.956867518969,1.3559525110096227,1,108945.90750897524,7.806665071950557,104.79895817989154,85,2,0
48.956867518969,1.3559525110096227,1,108945.90750897524,7.806665071950557,104.79895817989154,0,2,0
48.956867518969,1.3559525110096227,1,108945.90750897524,7.806665071950557,104.79895817989154,98,2,0
48.956867518969,1.3559525110096227,1,108945.90750897524,7.806665071950557,104.79895817989154,98,2,0
48.956867518969,1.3559525110096227,1,108945.90750897524,7.806665071950557,104.79895817989154,59,2,0
48.956867518969,1.3559525110096227,1,108945.90750897524,7.806665071950557,104.79895817989154,83,2,0
36.17042988169507,3.926054796631857,1,39191.023921702945,6.925756418697983,115.77956769072985,58,1,1
36.17042988169507,0.2404174350127325,1,39191.023921702945,6.925756418697983,115.77956769072985,58,1,1
36.17042988169507,1.0371963310348735,1,39191.023921702945,6.925756418697983,115.77956769072985,58,1,1
36.17042988169507,4.249328155476059,1,39191.023921702945,6.925756418697983,115.77956769072985,58,1,1
36.17042988169507,2.162474058275154,1,39191.023921702945,6.925756418697983,115.77956769072985,58,1,1
36.17042988169507,3.137339668515369,1,39191.023921702945,6.925756418697983,115.77956769072985,58,1,1
36.17042988169507,0.611411994054819,1,39191.023921702945,6.925756418697983,115.77956769072985,58,1,1
36.17042988169507,0.9316815933891476,1,39191.023921702945,6.925756418697983,115.77956769072985,58,1,1
36.17042988169507,2.486339563707368,1,39191.023921702945,6.925756418697983,115.77956769072985,58,1,1
36.17042988169507,3.7973328841116754,1,39191.023921702945,6.925756418697983,115.77956769072985,58,1,1
36.17042988169507,2.6992860217221804,1,39191.023921702945,6.925756418697983,115.77956769072985,58,1,1
36.17042988169507,0.5344003928452123,1,39191.023921702945,6.925756418697983,115.77956769072985,58,1,1
36.17042988169507,4.33093039257438,1,39191.023921702945,6.925756418697983,115.77956769072985,58,1,1
36.17042988169507,0.6982945478707453,1,39191.023921702945,6.925756418697983,115.77956769072985,58,1,1
36.17042988169507,2.1982887875614483,1,39191.023921702945,6.925756418697983,115.77956769072985,58,1,1
36.17042988169507,2.9342473672223197,1,39191.023921702945,6.925756418697983,115.77956769072985,58,1,1
36.17042988169507,1.5957475119820437,1,39191.023921702945,6.925756418697983,115.77956769072985,58,1,1
36.17042988169507,2.0902708294194507,1,39191.023921702945,6.925756418697983,115.77956769072985,58,1,1
36.17042988169507,4.4348224541331085,1,39191.023921702945,6.925756418697983,115.77956769072985,58,1,1
36.17042988169507,2.2706785079306355,1,39191.023921702945,6.925756418697983,115.77956769072985,58,1,1
36.17042988169507,2.6962355625260233,1,39191.023921702945,6.925756418697983,115.77956769072985,58,1,1
36.17042988169507,4.852445760704053,1,39191.023921702945,6.925756418697983,115.77956769072985,58,1,1
36.17042988169507,1.3799156821679777,1,39191.023921702945,6.925756418697983,115.77956769072985,58,1,1
36.17042988169507,4.473950939438922,1,39191.023921702945,6.925756418697983,115.77956769072985,58,1,1
36.17042988169507,1.809277607143824,1,39191.023921702945,6.925756418697983,115.77956769072985,58,1,1
36.17042988169507,1.5602050870466622,1,39191.023921702945,6.925756418697983,115.77956769072985,58,1,1
36.17042988169507,4.406445972244695,1,39191.023921702945,6.925756418697983,115.77956769072985,58,1,1
36.17042988169507,0.3274837408521819,1,39191.023921702945,6.925756418697983,115.77956769072985,58,1,1
36.17042988169507,4.333275609554571,1,39191.023921702945,6.925756418697983,115.77956769072985,58,1,1
36.17042988169507,4.1388380921336,1,39191.023921702945,6.925756418697983,115.77956769072985,58,1,1
45.788593644022086,4.702187552817444,0,2146.1415444229574,1.3073292533099479,96.59197331603747,38,0,2
12.390290697193795,4.702187552817444,0,2146.1415444229574,1.3073292533099479,96.59197331603747,38,0,2
19.552223782176014,4.702187552817444,0,2146.1415444229574,1.3073292533099479,96.59197331603747,38,0,2
41.006144608396916,4.702187552817444,0,2146.1415444229574,1.3073292533099479,96.59197331603747,38,0,2
27.474003513172654,4.702187552817444,0,2146.1415444229574,1.3073292533099479,96.59197331603747,38,0,2
10.212526345105154,4.702187552817444,0,2146.1415444229574,1.3073292533099479,96.59197331603747,38,0,2
37.70478484117882,4.702187552817444,0,2146.1415444229574,1.3073292533099479,96.59197331603747,38,0,2
41.990786958644534,4.702187552817444,0,2146.1415444229574,1.3073292533099479,96.59197331603747,38,0,2
48.94499760934187,4.702187552817444,0,2146.1415444229574,1.3073292533099479,96.59197331603747,38,0,2
16.026565176340984,4.702187552817444,0,2146.1415444229574,1.3073292533099479,96.59197331603747,38,0,2
20.078198997118353,4.702187552817444,0,2146.1415444229574,1.3073292533099479,96.59197331603747,38,0,2
43.654423681459335,4.702187552817444,0,2146.1415444229574,1.3073292533099479,96.59197331603747,38,0,2
13.672364945166532,4.702187552817444,0,2146.1415444229574,1.3073292533099479,96.59197331603747,38,0,2
20.970822732734916,4.702187552817444,0,2146.1415444229574,1.3073292533099479,96.59197331603747,38,0,2
28.070508267040243,4.702187552817444,0,2146.1415444229574,1.3073292533099479,96.59197331603747,38,0,2
26.73371323571672,4.702187552817444,0,2146.1415444229574,1.3073292533099479,96.59197331603747,38,0,2
31.709357175411625,4.702187552817444,0,2146.1415444229574,1.3073292533099479,96.59197331603747,38,0,2
44.74737050243053,4.702187552817444,0,2146.1415444229574,1.3073292533099479,96.59197331603747,38,0,2
35.25053414075584,4.702187552817444,0,2146.1415444229574,1.3073292533099479,96.59197331603747,38,0,2
36.16000317023273,4.702187552817444,0,2146.1415444229574,1.3073292533099479,96.59197331603747,38,0,2
33.68886273643628,4.702187552817444,0,2146.1415444229574,1.3073292533099479,96.59197331603747,38,0,2
18.433145806955377,4.702187552817444,0,2146.1415444229574,1.3073292533099479,96.59197331603747,38,0,2
27.986364358128945,4.702187552817444,0,2146.1415444229574,1.3073292533099479,96.59197331603747,38,0,2
49.50153563745396,4.702187552817444,0,2146.1415444229574,1.3073292533099479,96.59197331603747,38,0,2
46.369217049109196,4.702187552817444,0,2146.1415444229574,1.3073292533099479,96.59197331603747,38,0,2
40.697776508941224,4.702187552817444,0,2146.1415444229574,1.3073292533099479,96.59197331603747,38,0,2
31.34726660254852,4.702187552817444,0,2146.1415444229574,1.3073292533099479,96.59197331603747,38,0,2
44.75463082541415,4.702187552817444,0,2146.1415444229574,1.3073292533099479,96.59197331603747,38,0,2
35.2352986493371,4.702187552817444,0,2146.1415444229574,1.3073292533099479,96.59197331603747,38,0,2
25.9027706449054,4.702187552817444,0,2146.1415444229574,1.3073292533099479,96.59197331603747,38,0,2
19.152171378212607,2.0210598032639115,1,98425.94506286157,8.056791282933837,28.409068397295904,56,0,2
19.152171378212607,2.0210598032639115,1,98425.94506286157,8.056791282933837,28.409068397295904,56,1,2
19.152171378212607,2.0210598032639115,1,98425.94506286157,8.056791282933837,28.409068397295904,56,0,2
19.152171378212607,2.0210598032639115,1,98425.94506286157,8.056791282933837,28.409068397295904,56,0,2
19.152171378212607,2.0210598032639115,1,98425.94506286157,8.056791282933837,28.409068397295904,56,1,2
19.152171378212607,2.0210598032639115,1,98425.94506286157,8.056791282933837,28.409068397295904,56,1,2
19.152171378212607,2.0210598032639115,1,98425.94506286157,8.056791282933837,28.409068397295904,56,1,2
19.152171378212607,2.0210598032639115,1,98425.94506286157,8.056791282933837,28.409068397295904,56,0,2
19.152171378212607,2.0210598032639115,1,98425.94506286157,8.056791282933837,28.409068397295904,56,0,2
19.152171378212607,2.0210598032639115,1,98425.94506286157,8.056791282933837,28.409068397295904,56,2,2
19.152171378212607,2.0210598032639115,1,98425.94506286157,8.056791282933837,28.409068397295904,56,0,2
19.152171378212607,2.0210598032639115,1,98425.94506286157,8.056791282933837,28.409068397295904,56,2,2
19.152171378212607,2.0210598032639115,1,98425.94506286157,8.056791282933837,28.409068397295904,56,0,2
19.152171378212607,2.0210598032639115,1,98425.94506286157,8.056791282933837,28.409068397295904,56,2,2
19.152171378212607,2.0210598032639115,1,98425.94506286157,8.056791282933837,28.409068397295904,56,1,2
19.152171378212607,2.0210598032639115,1,98425.94506286157,8.056791282933837,28.409068397295904,56,2,2
19.152171378212607,2.0210598032639115,1,98425.94506286157,8.056791282933837,28.409068397295904,56,0,2
19.152171378212607,2.0210598032639115,1,98425.94506286157,8.056791282933837,28.409068397295904,56,0,2
19.152171378212607,2.0210598032639115,1,98425.94506286157,8.056791282933837,28.409068397295904,56,1,2
19.152171378212607,2.0210598032639115,1,98425.94506286157,8.056791282933837,28.409068397295904,56,2,2
19.152171378212607,2.0210598032639115,1,98425.94506286157,8.056791282933837,28.409068397295904,56,1,2
19.152171378212607,2.0210598032639115,1,98425.94506286157,8.056791282933837,28.409068397295904,56,2,2
19.152171378212607,2.0210598032639115,1,98425.94506286157,8.056791282933837,28.409068397295904,56,0,2
19.152171378212607,2.0210598032639115,1,98425.94506286157,8.056791282933837,28.409068397295904,56,2,2
19.152171378212607,2.0210598032639115,1,98425.94506286157,8.056791282933837,28.409068397295904,56,0,2
19.152171378212607,2.0210598032639115,1,98425.94506286157,8.056791282933837,28.409068397295904,56,1,2
19.152171378212607,2.0210598032639115,1,98425.94506286157,8.056791282933837,28.409068397295904,56,2,2
19.152171378212607,2.0210598032639115,1,98425.94506286157,8.056791282933837,28.409068397295904,56,1,2
19.152171378212607,2.0210598032639115,1,98425.94506286157,8.056791282933837,28.409068397295904,56,2,2
19.152171378212607,2.0210598032639115,1,98425.94506286157,8.056791282933837,28.409068397295904,56,1,2
22.12968667678519,0.26165625910541557,1,18625.79600927693,4.8211106665568515,24.634840520371203,72,1,2
22.12968667678519,0.26165625910541557,1,114836.36623956873,4.8211106665568515,24.634840520371203,72,1,2
22.12968667678519,0.26165625910541557,1,118441.03252992903,4.8211106665568515,24.634840520371203,72,1,2
22.12968667678519,0.26165625910541557,1,31587.453266163084,4.8211106665568515,24.634840520371203,72,1,2
22.12968667678519,0.26165625910541557,1,114882.04343835768,4.8211106665568515,24.634840520371203,72,1,2
22.12968667678519,0.26165625910541557,1,25017.84357220032,4.8211106665568515,24.634840520371203,72,1,2
22.12968667678519,0.26165625910541557,1,10205.85727549838,4.8211106665568515,24.634840520371203,72,1,2
22.12968667678519,0.26165625910541557,1,87878.28096068019,4.8211106665568515,24.634840520371203,72,1,2
22.12968667678519,0.26165625910541557,1,97976.08126428643,4.8211106665568515,24.634840520371203,72,1,2
22.12968667678519,0.26165625910541557,1,23999.435201928092,4.8211106665568515,24.634840520371203,72,1,2
22.12968667678519,0.26165625910541557,1,114452.73148584324,4.8211106665568515,24.634840520371203,72,1,2
22.12968667678519,0.26165625910541557,1,47991.931313715046,4.8211106665568515,24.634840520371203,72,1,2
22.12968667678519,0.26165625910541557,1,22336.73688098818,4.8211106665568515,24.634840520371203,72,1,2
22.12968667678519,0.26165625910541557,1,36096.91306230265,4.8211106665568515,24.634840520371203,72,1,2
22.12968667678519,0.26165625910541557,1,13572.81999094867,4.8211106665568515,24.634840520371203,72,1,2
22.12968667678519,0.26165625910541557,1,92627.63700347938,4.8211106665568515,24.634840520371203,72,1,2
22.12968667678519,0.26165625910541557,1,34266.12750324882,4.8211106665568515,24.634840520371203,72,1,2
22.12968667678519,0.26165625910541557,1,83207.79948100305,4.8211106665568515,24.634840520371203,72,1,2
22.12968667678519,0.26165625910541557,1,55330.05490111768,4.8211106665568515,24.634840520371203,72,1,2
22.12968667678519,0.26165625910541557,1,15031.765007534648,4.8211106665568515,24.634840520371203,72,1,2
22.12968667678519,0.26165625910541557,1,70485.96398365026,4.8211106665568515,24.634840520371203,72,1,2
22.12968667678519,0.26165625910541557,1,116062.36661903237,4.8211106665568515,24.634840520371203,72,1,2
22.12968667678519,0.26165625910541557,1,22217.06568218546,4.8211106665568515,24.634840520371203,72,1,2
22.12968667678519,0.26165625910541557,1,115510.443402155,4.8211106665568515,24.634840520371203,72,1,2
22.12968667678519,0.26165625910541557,1,14203.725179306603,4.8211106665568515,24.634840520371203,72,1,2
22.12968667678519,0.26165625910541557,1,69188.24795891781,4.8211106665568515,24.634840520371203,72,1,2
22.12968667678519,0.26165625910541557,1,20862.33305863921,4.8211106665568515,24.634840520371203,72,1,2
22.12968667678519,0.26165625910541557,1,119516.82034088293,4.8211106665568515,24.634840520371203,72,1,2
22.12968667678519,0.26165625910541557,1,65992.72204590983,4.8211106665568515,24.634840520371203,72,1,2
22.12968667678519,0.26165625910541557,1,104611.76326893108,4.8211106665568515,24.634840520371203,72,1,2
36.85363160385491,1.3962460194650044,0,73690.86770384244,4.603947127298323,68.51336488194364,82,1,1
36.85363160385491,1.3962460194650044,0,73690.86770384244,4.603947127298323,68.51336488194364,82,1,2
36.85363160385491,1.3962460194650044,0,73690.86770384244,4.603947127298323,68.51336488194364,82,1,1
36.85363160385491,1.3962460194650044,0,73690.86770384244,4.603947127298323,68.51336488194364,82,1,1
36.85363160385491,1.3962460194650044,0,73690.86770384244,4.603947127298323,68.51336488194364,82,1,2
36.85363160385491,1.3962460194650044,0,73690.86770384244,4.603947127298323,68.51336488194364,82,1,0
36.85363160385491,1.3962460194650044,0,73690.86770384244,4.603947127298323,68.51336488194364,82,1,1
36.85363160385491,1.3962460194650044,0,73690.86770384244,4.603947127298323,68.51336488194364,82,1,2
36.85363160385491,1.3962460194650044,0,73690.86770384244,4.603947127298323,68.51336488194364,82,1,0
36.85363160385491,1.3962460194650044,0,73690.86770384244,4.603947127298323,68.51336488194364,82,1,2
36.85363160385491,1.3962460194650044,0,73690.86770384244,4.603947127298323,68.51336488194364,82,1,2
36.85363160385491,1.3962460194650044,0,73690.86770384244,4.603947127298323,68.51336488194364,82,1,2
36.85363160385491,1.3962460194650044,0,73690.86770384244,4.603947127298323,68.51336488194364,82,1,0
36.85363160385491,1.3962460194650044,0,73690.86770384244,4.603947127298323,68.51336488194364,82,1,2
36.85363160385491,1.3962460194650044,0,73690.86770384244,4.603947127298323,68.51336488194364,82,1,0
36.85363160385491,1.3962460194650044,0,73690.86770384244,4.603947127298323,68.51336488194364,82,1,0
36.85363160385491,1.3962460194650044,0,73690.86770384244,4.603947127298323,68.51336488194364,82,1,0
36.85363160385491,1.3962460194650044,0,73690.86770384244,4.603947127298323,68.51336488194364,82,1,0
36.85363160385491,1.3962460194650044,0,73690.86770384244,4.603947127298323,68.51336488194364,82,1,1
36.85363160385491,1.3962460194650044,0,73690.86770384244,4.603947127298323,68.51336488194364,82,1,1
36.85363160385491,1.3962460194650044,0,73690.86770384244,4.603947127298323,68.51336488194364,82,1,1
36.85363160385491,1.3962460194650044,0,73690.86770384244,4.603947127298323,68.51336488194364,82,1,0
36.85363160385491,1.3962460194650044,0,73690.86770384244,4.603947127298323,68.51336488194364,82,1,1
36.85363160385491,1.3962460194650044,0,73690.86770384244,4.603947127298323,68.51336488194364,82,1,1
36.85363160385491,1.3962460194650044,0,73690.86770384244,4.603947127298323,68.51336488194364,82,1,2
36.85363160385491,1.3962460194650044,0,73690.86770384244,4.603947127298323,68.51336488194364,82,1,2
36.85363160385491,1.3962460194650044,0,73690.86770384244,4.603947127298323,68.51336488194364,82,1,0
36.85363160385491,1.3962460194650044,0,73690.86770384244,4.603947127298323,68.51336488194364,82,1,1
36.85363160385491,1.3962460194650044,0,73690.86770384244,4.603947127298323,68.51336488194364,82,1,0
36.85363160385491,1.3962460194650044,0,73690.86770384244,4.603947127298323,68.51336488194364,82,1,2
41.57167501643952,1.255426556150293,1,37417.76511669733,8.928047287568662,24.22757565744217,20,1,0
41.57167501643952,1.255426556150293,1,37417.76511669733,8.928047287568662,95.57662708216363,20,1,0
41.57167501643952,1.255426556150293,1,37417.76511669733,8.928047287568662,107.57303938464338,20,1,0
41.57167501643952,1.255426556150293,1,37417.76511669733,8.928047287568662,97.82815848713653,20,1,0
41.57167501643952,1.255426556150293,1,37417.76511669733,8.928047287568662,52.88932764878375,20,1,0
41.57167501643952,1.255426556150293,1,37417.76511669733,8.928047287568662,41.789445884627156,20,1,0
41.57167501643952,1.255426556150293,1,37417.76511669733,8.928047287568662,10.049708847561373,20,1,0
41.57167501643952,1.255426556150293,1,37417.76511669733,8.928047287568662,101.75776921618441,20,1,0
41.57167501643952,1.255426556150293,1,37417.76511669733,8.928047287568662,108.4584324780098,20,1,0
41.57167501643952,1.255426556150293,1,37417.76511669733,8.928047287568662,67.01778353661526,20,1,0
41.57167501643952,1.255426556150293,1,37417.76511669733,8.928047287568662,91.69516297945516,20,1,0
41.57167501643952,1.255426556150293,1,37417.76511669733,8.928047287568662,27.346886733104355,20,1,0
41.57167501643952,1.255426556150293,1,37417.76511669733,8.928047287568662,90.71421191576425,20,1,0
41.57167501643952,1.255426556150293,1,37417.76511669733,8.928047287568662,29.971841122661147,20,1,0
41.57167501643952,1.255426556150293,1,37417.76511669733,8.928047287568662,87.48776928628655,20,1,0
41.57167501643952,1.255426556150293,1,37417.76511669733,8.928047287568662,1.4366212162931014,20,1,0
41.57167501643952,1.255426556150293,1,37417.76511669733,8.928047287568662,46.16365998577331,20,1,0
41.57167501643952,1.255426556150293,1,37417.76511669733,8.928047287568662,28.582910837624734,20,1,0
41.57167501643952,1.255426556150293,1,37417.76511669733,8.928047287568662,4.850522859516282,20,1,0
41.57167501643952,1.255426556150293,1,37417.76511669733,8.928047287568662,31.138237399629205,20,1,0
41.57167501643952,1.255426556150293,1,37417.76511669733,8.928047287568662,110.22646836214423,20,1,0
41.57167501643952,1.255426556150293,1,37417.76511669733,8.928047287568662,36.30472155071366,20,1,0
41.57167501643952,1.255426556150293,1,37417.76511669733,8.928047287568662,13.971325319998993,20,1,0
41.57167501643952,1.255426556150293,1,37417.76511669733,8.928047287568662,80.01660383790869,20,1,0
41.57167501643952,1.255426556150293,1,37417.76511669733,8.928047287568662,92.67300475584514,20,1,0
41.57167501643952,1.255426556150293,1,37417.76511669733,8.928047287568662,41.37492820944632,20,1,0
41.57167501643952,1.255426556150293,1,37417.76511669733,8.928047287568662,110.78710956385572,20,1,0
41.57167501643952,1.255426556150293,1,37417.76511669733,8.928047287568662,83.6555265132866,20,1,0
41.57167501643952,1.255426556150293,1,37417.76511669733,8.928047287568662,64.50552319453335,20,1,0
41.57167501643952,1.255426556150293,1,37417.76511669733,8.928047287568662,107.59126020246056,20,1,0
46.72540299395246,4.661659139712995,1,83705.55886970698,8.089913135203288,114.74120132159804,30,1,2
46.72540299395246,4.661659139712995,1,83705.55886970698,6.042568272365632,114.74120132159804,30,1,2
46.72540299395246,4.661659139712995,1,83705.55886970698,2.5128250689959852,114.74120132159804,30,1,2
46.72540299395246,4.661659139712995,1,83705.55886970698,5.224987582334574,114.74120132159804,30,1,2
46.72540299395246,4.661659139712995,1,83705.55886970698,6.205714309623075,114.74120132159804,30,1,2
46.72540299395246,4.661659139712995,1,83705.55886970698,8.968786778551111,114.74120132159804,30,1,2
46.72540299395246,4.661659139712995,1,83705.55886970698,9.388792828238849,114.74120132159804,30,1,2
46.72540299395246,4.661659139712995,1,83705.55886970698,0.6140030607195568,114.74120132159804,30,1,2
46.72540299395246,4.661659139712995,1,83705.55886970698,5.267372809443465,114.74120132159804,30,1,2
46.72540299395246,4.661659139712995,1,83705.55886970698,9.371954002653945,114.74120132159804,30,1,2
46.72540299395246,4.661659139712995,1,83705.55886970698,4.310196968898321,114.74120132159804,30,1,2
46.72540299395246,4.661659139712995,1,83705.55886970698,7.537953163579817,114.74120132159804,30,1,2
46.72540299395246,4.661659139712995,1,83705.55886970698,2.2975311011877233,114.74120132159804,30,1,2
46.72540299395246,4.661659139712995,1,83705.55886970698,8.711518038624863,114.74120132159804,30,1,2
46.72540299395246,4.661659139712995,1,83705.55886970698,1.7437093506074708,114.74120132159804,30,1,2
46.72540299395246,4.661659139712995,1,83705.55886970698,2.6188438692043494,114.74120132159804,30,1,2
46.72540299395246,4.661659139712995,1,83705.55886970698,2.4581732912468612,114.74120132159804,30,1,2
46.72540299395246,4.661659139712995,1,83705.55886970698,1.4209804306779605,114.74120132159804,30,1,2
46.72540299395246,4.661659139712995,1,83705.55886970698,6.6944324427581945,114.74120132159804,30,1,2
46.72540299395246,4.661659139712995,1,83705.55886970698,8.42760189537145,114.74120132159804,30,1,2
46.72540299395246,4.661659139712995,1,83705.55886970698,1.5756125801278797,114.74120132159804,30,1,2
46.72540299395246,4.661659139712995,1,83705.55886970698,1.9920117136009141,114.74120132159804,30,1,2
46.72540299395246,4.661659139712995,1,83705.55886970698,3.9738530293236174,114.74120132159804,30,1,2
46.72540299395246,4.661659139712995,1,83705.55886970698,3.008830242386388,114.74120132159804,30,1,2
46.72540299395246,4.661659139712995,1,83705.55886970698,6.379745474504049,114.74120132159804,30,1,2
46.72540299395246,4.661659139712995,1,83705.55886970698,1.170590151503098,114.74120132159804,30,1,2
46.72540299395246,4.661659139712995,1,83705.55886970698,5.826240275050129,114.74120132159804,30,1,2
46.72540299395246,4.661659139712995,1,83705.55886970698,5.036708424236508,114.74120132159804,30,1,2
46.72540299395246,4.661659139712995,1,83705.55886970698,1.1745230876060642,114.74120132159804,30,1,2
46.72540299395246,4.661659139712995,1,83705.55886970698,4.481332934082989,114.74120132159804,30,1,2
44.233782582434806,0.771525995226387,1,60843.08728371392,2.6581473041180823,90.32996738219086,65,2,0
44.233782582434806,0.771525995226387,0,60843.08728371392,2.6581473041180823,90.32996738219086,65,2,0
44.233782582434806,0.771525995226387,1,60843.08728371392,2.6581473041180823,90.32996738219086,65,2,0
44.233782582434806,0.771525995226387,0,60843.08728371392,2.6581473041180823,90.32996738219086,65,2,0
44.233782582434806,0.771525995226387,1,60843.08728371392,2.6581473041180823,90.32996738219086,65,2,0
44.233782582434806,0.771525995226387,0,60843.08728371392,2.6581473041180823,90.32996738219086,65,2,0
44.233782582434806,0.771525995226387,1,60843.08728371392,2.6581473041180823,90.32996738219086,65,2,0
44.233782582434806,0.771525995226387,1,60843.08728371392,2.6581473041180823,90.32996738219086,65,2,0
44.233782582434806,0.771525995226387,1,60843.08728371392,2.6581473041180823,90.32996738219086,65,2,0
44.233782582434806,0.771525995226387,1,60843.08728371392,2.6581473041180823,90.32996738219086,65,2,0
44.233782582434806,0.771525995226387,1,60843.08728371392,2.6581473041180823,90.32996738219086,65,2,0
44.233782582434806,0.771525995226387,1,60843.08728371392,2.6581473041180823,90.32996738219086,65,2,0
44.233782582434806,0.771525995226387,1,60843.08728371392,2.6581473041180823,90.32996738219086,65,2,0
44.233782582434806,0.771525995226387,1,60843.08728371392,2.6581473041180823,90.32996738219086,65,2,0
44.233782582434806,0.771525995226387,1,60843.08728371392,2.6581473041180823,90.32996738219086,65,2,0
44.233782582434806,0.771525995226387,0,60843.08728371392,2.6581473041180823,90.32996738219086,65,2,0
44.233782582434806,0.771525995226387,1,60843.08728371392,2.6581473041180823,90.32996738219086,65,2,0
44.233782582434806,0.771525995226387,0,60843.08728371392,2.6581473041180823,90.32996738219086,65,2,0
44.233782582434806,0.771525995226387,1,60843.08728371392,2.6581473041180823,90.32996738219086,65,2,0
44.233782582434806,0.771525995226387,1,60843.08728371392,2.6581473041180823,90.32996738219086,65,2,0
44.233782582434806,0.771525995226387,0,60843.08728371392,2.6581473041180823,90.32996738219086,65,2,0
44.233782582434806,0.771525995226387,1,60843.08728371392,2.6581473041180823,90.32996738219086,65,2,0
44.233782582434806,0.771525995226387,1,60843.08728371392,2.6581473041180823,90.32996738219086,65,2,0
44.233782582434806,0.771525995226387,1,60843.08728371392,2.6581473041180823,90.32996738219086,65,2,0
44.233782582434806,0.771525995226387,0,60843.08728371392,2.6581473041180823,90.32996738219086,65,2,0
44.233782582434806,0.771525995226387,0,60843.08728371392,2.6581473041180823,90.32996738219086,65,2,0
44.233782582434806,0.771525995226387,0,60843.08728371392,2.6581473041180823,90.32996738219086,65,2,0
44.233782582434806,0.771525995226387,1,60843.08728371392,2.6581473041180823,90.32996738219086,65,2,0
44.233782582434806,0.771525995226387,1,60843.08728371392,2.6581473041180823,90.32996738219086,65,2,0
44.233782582434806,0.771525995226387,0,60843.08728371392,2.6581473041180823,90.32996738219086,65,2,0
45.788593644022086,3.926054796631857,1,18625.79600927693,8.089913135203288,24.22757565744217,44,0,1
12.390290697193795,0.2404174350127325,0,114836.36623956873,6.042568272365632,95.57662708216363,54,1,2
19.552223782176014,1.0371963310348735,1,118441.03252992903,2.5128250689959852,107.57303938464338,52,0,1
41.006144608396916,4.249328155476059,0,31587.453266163084,5.224987582334574,97.82815848713653,34,0,1
27.474003513172654,2.162474058275154,1,114882.04343835768,6.205714309623075,52.88932764878375,95,1,2
10.212526345105154,3.137339668515369,0,25017.84357220032,8.968786778551111,41.789445884627156,37,1,0
37.70478484117882,0.611411994054819,1,10205.85727549838,9.388792828238849,10.049708847561373,66,1,1
41.990786958644534,0.9316815933891476,1,87878.28096068019,0.6140030607195568,101.75776921618441,37,0,2
48.94499760934187,2.486339563707368,1,97976.08126428643,5.267372809443465,108.4584324780098,45,0,0
16.026565176340984,3.7973328841116754,1,23999.435201928092,9.371954002653945,67.01778353661526,99,2,2
20.078198997118353,2.6992860217221804,1,114452.73148584324,4.310196968898321,91.69516297945516,18,0,2
43.654423681459335,0.5344003928452123,1,47991.931313715046,7.537953163579817,27.346886733104355,63,2,2
13.672364945166532,4.33093039257438,1,22336.73688098818,2.2975311011877233,90.71421191576425,43,0,0
20.970822732734916,0.6982945478707453,1,36096.91306230265,8.711518038624863,29.971841122661147,68,2,2
28.070508267040243,2.1982887875614483,1,13572.81999094867,1.7437093506074708,87.48776928628655,76,1,0
26.73371323571672,2.9342473672223197,0,92627.63700347938,2.6188438692043494,1.4366212162931014,33,2,0
31.709357175411625,1.5957475119820437,1,34266.12750324882,2.4581732912468612,46.16365998577331,67,0,0
44.74737050243053,2.0902708294194507,0,83207.79948100305,1.4209804306779605,28.582910837624734,68,0,0
35.25053414075584,4.4348224541331085,1,55330.05490111768,6.6944324427581945,4.850522859516282,45,1,1
36.16000317023273,2.2706785079306355,1,15031.765007534648,8.42760189537145,31.138237399629205,12,2,1
33.68886273643628,2.6962355625260233,0,70485.96398365026,1.5756125801278797,110.22646836214423,62,1,1
18.433145806955377,4.852445760704053,1,116062.36661903237,1.9920117136009141,36.30472155071366,5,2,0
27.986364358128945,1.3799156821679777,1,22217.06568218546,3.9738530293236174,13.971325319998993,89,0,1
49.50153563745396,4.473950939438922,1,115510.443402155,3.008830242386388,80.01660383790869,85,2,1
46.369217049109196,1.809277607143824,0,14203.725179306603,6.379745474504049,92.67300475584514,85,0,2
40.697776508941224,1.5602050870466622,0,69188.24795891781,1.170590151503098,41.37492820944632,0,1,2
31.34726660254852,4.406445972244695,0,20862.33305863921,5.826240275050129,110.78710956385572,98,2,0
44.75463082541415,0.3274837408521819,1,119516.82034088293,5.036708424236508,83.6555265132866,98,1,1
35.2352986493371,4.333275609554571,1,65992.72204590983,1.1745230876060642,64.50552319453335,59,2,0
25.9027706449054,4.1388380921336,0,104611.76326893108,4.481332934082989,107.59126020246056,83,1,2
10.212526345105154,4.559622465080561,0,40313.80033148242,8.968786778551111,40.70552011791015,37,1,1
35.80196440925533,4.937562993474171,1,10099.071484038985,8.478689760870573,31.32002432631381,12,2,1
19.552223782176014,2.708806750234689,1,118300.83050591679,2.5128250689959852,107.57303938464338,52,0,1
20.970822732734916,0.6982945478707453,1,34253.057182263685,8.711518038624863,29.971841122661147,68,2,2
31.50767661922976,2.1937696115109864,1,13572.81999094867,1.950975092258183,87.48776928628655,76,1,0
44.74737050243053,2.091722410730648,0,112701.57593339978,1.4209804306779605,81.84611561912916,70,2,0
25.587315903819697,4.048529233677314,0,69922.44518440872,4.675903192760842,110.27703158278271,83,1,1
45.788593644022086,4.111718507527378,1,69339.30469137945,8.225636773465771,40.583351957771065,44,0,1
26.765800009225543,2.8784759777679096,0,114547.77926876691,6.214506232509653,1.4366212162931014,30,1,0
12.390290697193795,0.2404174350127325,0,114836.36623956873,6.042568272365632,95.57662708216363,54,1,1
13.672364945166532,4.181306044920276,1,20551.588810754853,2.299584965566794,88.7745786297764,37,0,0
44.75463082541415,0.3274837408521819,0,119043.54203548473,5.036708424236508,83.6555265132866,99,1,1
43.654423681459335,0.5344003928452123,1,47991.931313715046,7.537953163579817,23.92765800758913,44,2,2
16.41114940670985,3.7973328841116754,1,9292.188964361394,9.391635340383116,67.22253240426409,99,2,2
46.369217049109196,4.377131809802735,0,65595.80518700644,6.521621765347056,63.50634678208231,85,0,2
32.84263068010011,3.0125049810584694,1,55330.05490111768,6.771098993652127,5.947543624024458,45,1,0
18.791190499687694,2.1344185737313737,1,118431.21555801056,1.940719374857224,32.63430794874641,5,2,0
20.078198997118353,1.0276756889107888,1,114592.92789508801,4.3751361726519455,91.69516297945516,18,0,2
31.709357175411625,1.5957475119820437,1,36109.98338328778,2.4581732912468612,46.16365998577331,67,0,0
30.7127066791776,4.3669287264180845,0,20862.33305863921,5.618977467557954,104.87223948238781,98,2,0
49.50153563745396,4.4723921114154255,1,86008.38652583696,3.008830242386388,26.753425360266892,76,0,1
34.004317477523074,2.7865443525278213,0,104611.76326893108,1.381047969797175,107.5406969818221,63,1,2
40.697776508941224,1.5602050870466622,0,18474.880496777227,1.0374491699097352,25.019151909232864,0,1,2
27.44191673966383,2.2182454477295637,1,92961.10893957826,2.4736655947667288,52.88932764878375,95,2,2
27.986364358128945,1.3799156821679777,1,22217.06568218546,3.9738530293236174,12.808576858809575,89,0,2
41.990786958644534,0.9316815933891476,1,87878.28096068019,0.6119536414954477,101.75776921618441,43,0,2
41.006144608396916,4.249328155476059,1,31587.453266163084,5.224987582334574,97.82815848713653,34,0,1
48.94499760934187,2.486339563707368,1,97976.08126428643,5.267372809443465,106.81613563139973,64,0,0
37.320475600719206,0.611411994054819,1,24913.10520315197,9.369111490509676,9.853790899968931,66,1,1
35.2352986493371,1.6854650631854247,1,14601.382819141847,1.1030757995081113,93.6721810929679,59,2,0
31.709357175411625,1.5957475119820437,1,22226.90339384691,2.4581732912468612,46.16365998577331,67,0,0
41.006144608396916,4.249328155476059,0,31587.453266163084,5.224987582334574,97.82815848713653,33,0,1
35.421578933431185,4.333275609554571,0,19895.87315003108,1.1745230876060642,64.50552319453335,59,1,0
41.990786958644534,2.2301552643769162,1,116700.45239103478,2.37566576498422,101.75776921618441,43,0,2
27.986364358128945,1.3799156821679777,1,22217.06568218546,3.9738530293236174,23.709906299079417,10,0,1
48.95757334325142,1.5602050870466622,0,69844.50170739672,5.375167173034681,41.37492820944632,0,1,2
27.44191673966383,2.2182454477295637,1,92961.10893957826,2.4736655947667288,23.80828915870248,96,2,2
20.076876876267928,1.0276756889107888,1,114592.92789508801,4.3751361726519455,92.42258208251869,18,0,2
27.986364358128945,4.260261324584621,1,22217.06568218546,3.9738530293236174,5.840928831139451,89,0,2
42.43677904878497,0.9316815933891476,0,23998.14248992439,0.02857583156065946,101.75776921618441,37,0,0
45.788593644022086,2.8294747669930906,1,69339.30469137945,2.1682710736533575,100.7956192432751,44,0,1
36.16000317023273,2.3427033760422487,1,37352.90142188324,8.315806737493357,46.586002125771365,71,2,1
26.64708084450332,2.8784759777679096,1,106483.24431102323,6.214506232509653,1.1937379207413699,30,0,2
36.070387741756285,4.746778082970874,1,10166.032628778394,1.1030757995081113,31.12635810162931,59,2,0
10.212526345105154,4.559622465080561,0,47065.66651542837,8.968786778551111,40.70552011791015,37,1,1
13.672364945166532,4.342893921027924,1,28845.665471364442,2.2975311011877233,90.71421191576425,43,0,0
41.006144608396916,4.249328155476059,1,31587.453266163084,5.224987582334574,97.82815848713653,37,0,1
42.80730399825583,1.5602050870466622,1,64571.800699152554,1.0374491699097352,25.019151909232864,0,2,2
18.791190499687694,0.9893199643451435,1,89515.14545236428,0.6108864784594301,32.63430794874641,5,2,0
18.433145806955377,4.852445760704053,1,116062.36661903237,1.9920117136009141,36.30472155071366,83,2,0
40.681408486044155,2.4915276559378343,1,97319.82736354259,1.062968290604998,108.4584324780098,45,0,0
45.788593644022086,3.926054796631857,1,18625.79600927693,8.089913135203288,53.30861428028549,44,0,1
25.904092765759586,4.070267100115249,0,104611.76326893108,3.2031969829228246,106.86384103359413,83,1,2
35.25053414075584,1.554203277000988,1,63804.20204366261,6.6944324427581945,4.850522859516282,45,1,1
10.80648328713184,3.137339668515369,1,88898.15599754525,9.891926154274248,41.789445884627156,37,1,2
19.552223782176014,4.128560492168846,1,118811.76597636974,8.569738565181552,47.355407666703655,52,0,1
31.709357175411625,1.5237226438708413,1,11945.011171241707,2.5698714813393577,30.715895259635055,8,0,0
20.19691816186276,2.6992860217221804,0,114556.45164200997,4.310196968898321,94.01856018038056,18,1,0
35.80196440925533,1.847285281419688,1,14534.421674402543,9.350515035208833,93.86579873968574,12,2,1
15.297085183137394,4.181306044920276,1,20551.588810754853,2.299584965566794,88.7745786297764,37,0,0
31.709357175411625,1.48338837303475,1,22226.90339384691,2.4581732912468612,46.16365998577331,43,0,0
44.702719629073144,3.9660107335727726,1,23752.648135074844,8.089913135203288,52.136598247498235,43,0,0
15.888928039417824,3.009718019510192,1,90018.3403948248,2.117895013586421,95.92151701437457,44,0,0
39.68601343029303,1.4323854448908142,1,20501.042403530617,1.0374491699097352,25.21119920902862,0,1,2
13.672364945166532,4.342893921027924,1,28845.665471364442,2.5781944721524632,95.843157163785,18,0,0
10.023949902598577,4.538504059881321,0,36800.44096167406,9.170908534910986,40.70552011791015,33,1,1
34.673669678852704,4.695393527528792,1,10099.071484038985,8.478689760870573,95.47882041385148,12,2,1
43.8926771833668,4.246009977944639,0,22336.73688098818,2.2975311011877233,90.71421191576425,43,0,0
35.80196440925533,1.3790890982303148,1,14534.421674402543,4.007301501151897,102.20945869696757,12,2,1
14.415064727758596,4.180442808403647,1,17673.361766893962,2.299584965566794,88.7745786297764,37,0,0
46.75611988759033,3.8891603493547406,1,15497.091031037813,8.26047294018094,24.22757565744217,44,0,1
47.47225733579416,2.4551782557280695,0,48283.24475133648,5.425006812291619,107.23685799119096,45,0,0
41.006144608396916,4.163802858423747,1,31587.453266163084,5.224987582334574,97.82815848713653,37,0,1
40.868010967433484,1.5602050870466622,0,69742.7055594335,1.170590151503098,91.86422660810226,0,1,2
41.990786958644534,0.9316815933891476,1,104161.931205133,0.6119536414954477,102.63643004981256,65,0,2
11.829155900609237,3.097383731491189,0,25017.84357220032,8.968786778551111,41.3494753229559,37,1,1
45.96165935918015,1.768286431103665,1,68806.02671878837,0.6612646908270654,32.63430794874641,5,2,1
45.4451898774199,4.239462502294459,0,67313.26192442744,8.225636773465771,42.00651930212159,44,0,1
20.076876876267928,1.0276756889107888,1,114592.92789508801,4.3751361726519455,92.42258208251869,43,0,2
20.304112792974497,1.0472705461986798,1,117214.91059440208,4.171617916755764,94.35443273100141,20,0,2
41.006144608396916,4.249328155476059,1,31587.453266163084,5.224987582334574,36.64540682919593,34,0,1
38.25644000234408,2.2706785079306355,1,15031.765007534648,8.42760189537145,31.138237399629205,12,2,1
13.955556084731123,4.334248570105799,1,31587.453266163084,5.224987582334574,97.82815848713653,34,0,1
27.986364358128945,1.8481118653573512,1,22217.06568218546,9.314445806929752,15.37620059216708,6,0,1
34.510733306910794,4.435685690649731,1,48713.918556847864,6.6944324427581945,4.850522859516282,45,1,1
18.55763478044441,2.745701195977009,1,114989.97437395586,2.3421871293492833,107.57303938464338,50,0,1
11.574072752789437,4.76302817881967,1,88132.96774866243,8.968786778551111,38.93799301408219,37,1,1
15.878674567905477,4.181306044920276,1,26487.058389411206,3.420617874416674,88.7745786297764,37,0,0
19.907956299549483,2.6992860217221804,1,114452.73148584324,4.310196968898321,41.205859135699534,18,0,2
41.006144608396916,4.249328155476059,1,31587.453266163084,5.224987582334574,97.82815848713653,36,0,1
10.826442838924574,4.192689263182927,1,17495.027847977173,2.2998172787273217,88.7745786297764,37,0,0
20.076876876267928,1.0527685281608905,1,114592.92789508801,4.3751361726519455,92.42258208251869,51,0,2
11.787167312727842,4.354238011607102,1,28845.665471364442,2.5781944721524632,96.41943204667456,29,0,0
33.23332683672887,1.0276756889107888,1,114592.92789508801,4.3751361726519455,95.90859367963306,43,0,2
39.645388205037676,1.5602050870466622,1,18474.880496777227,2.403339673102255,23.657141662656546,0,0,2
15.550543639553702,3.436396597445967,1,89397.20877752922,2.117895013586421,25.42486034575108,0,0,0
20.4104294066533,1.0472705461986798,1,117214.91059440208,2.3636788098036843,94.35443273100141,20,0,2
38.25644000234408,2.2016038701567475,1,90963.48630502776,1.0640889798194277,28.20058008791473,12,2,1
15.297085183137394,4.181306044920276,1,26490.622311312345,2.299584965566794,88.7745786297764,37,0,0
36.16000317023273,4.2116280054002075,1,15263.153054273971,5.11176154252831,31.138237399629205,12,2,1
18.919950749599565,2.6992860217221804,1,118351.78977653317,4.692432957973937,87.26761640318908,18,0,2
41.006144608396916,4.249328155476059,1,31579.88564655432,4.772762744105207,97.82815848713653,36,0,1
20.252506933877303,1.3489185518674667,1,14534.421674402543,4.007301501151897,97.84173841342674,17,2,1
31.709357175411625,1.6032373681893934,1,11945.011171241707,2.3031007353403807,30.715895259635055,8,0,0
41.006144608396916,1.4458127278585204,1,22290.722906650975,5.224987582334574,36.64540682919593,39,0,1
13.672364945166532,4.318683937795101,1,22515.07079990497,2.2972987880271956,94.82464704374942,50,0,0
19.552223782176014,2.683713982824546,1,118300.83050591679,2.5128250689959852,107.57303938464338,19,0,1
36.2219732615829,4.937562993474171,1,10099.071484038985,8.478689760870573,30.74356026276618,17,2,1
21.51721988779854,4.695393527528792,1,10099.071484038985,8.478689760870573,91.99280881673711,12,2,1
31.844045104687762,1.5957475119820437,0,22226.90339384691,1.0922827994098172,46.16365998577331,67,1,0
40.02567313655784,1.1528901458724345,1,21122.771277563792,1.0374491699097352,95.70778547270478,39,1,2
13.566049965164645,4.181306044920276,1,20551.588810754853,4.107524072584424,88.7745786297764,37,0,0
41.990786958644534,1.0125675631260105,1,14584.611216007399,7.9857952888199435,102.85688177330037,43,0,2
15.60434082729396,4.181306044920276,1,19106.679470910472,3.356708844732978,96.82263585558661,36,0,0
41.006144608396916,2.3083751102118435,1,31356.065235962607,8.060129979055647,97.82815848713653,34,0,1
18.55763478044441,2.745701195977009,1,114431.26404596322,2.282351662453273,107.73347919483179,50,0,1
27.986364358128945,1.8481118653573512,1,22224.63330179433,9.403272995743386,7.036468578333164,6,0,1
35.37682871689337,4.3642052894204335,1,31587.453266163084,5.07432409533406,102.19587877067737,34,0,1
13.672364945166532,4.2632883316113706,1,28845.665471364442,2.5643018471867003,90.71421191576425,43,0,0
26.89475936758035,4.765904026950136,1,31513.796041697675,3.9738530293236174,23.709906299079417,10,0,1
45.788593644022086,3.926054796631857,1,18625.79600927693,8.089913135203288,24.22757565744217,44,0,1
12.390290697193795,0.2404174350127325,0,114836.36623956873,6.042568272365632,95.57662708216363,54,1,2
19.552223782176014,1.0371963310348735,1,118441.03252992903,2.5128250689959852,107.57303938464338,52,0,1
41.006144608396916,4.249328155476059,0,31587.453266163084,5.224987582334574,97.82815848713653,34,0,1
27.474003513172654,2.162474058275154,1,114882.04343835768,6.205714309623075,52.88932764878375,95,1,2
10.212526345105154,3.137339668515369,0,25017.84357220032,8.968786778551111,41.789445884627156,37,1,0
37.70478484117882,0.611411994054819,1,10205.85727549838,9.388792828238849,10.049708847561373,66,1,1
41.990786958644534,0.9316815933891476,1,87878.28096068019,0.6140030607195568,101.75776921618441,37,0,2
48.94499760934187,2.486339563707368,1,97976.08126428643,5.267372809443465,108.4584324780098,45,0,0
16.026565176340984,3.7973328841116754,1,23999.435201928092,9.371954002653945,67.01778353661526,99,2,2
20.078198997118353,2.6992860217221804,1,114452.73148584324,4.310196968898321,91.69516297945516,18,0,2
43.654423681459335,0.5344003928452123,1,47991.931313715046,7.537953163579817,27.346886733104355,63,2,2
13.672364945166532,4.33093039257438,1,22336.73688098818,2.2975311011877233,90.71421191576425,43,0,0
20.970822732734916,0.6982945478707453,1,36096.91306230265,8.711518038624863,29.971841122661147,68,2,2
28.070508267040243,2.1982887875614483,1,13572.81999094867,1.7437093506074708,87.48776928628655,76,1,0
26.73371323571672,2.9342473672223197,0,92627.63700347938,2.6188438692043494,1.4366212162931014,33,2,0
31.709357175411625,1.5957475119820437,1,34266.12750324882,2.4581732912468612,46.16365998577331,67,0,0
44.74737050243053,2.0902708294194507,0,83207.79948100305,1.4209804306779605,28.582910837624734,68,0,0
35.25053414075584,4.4348224541331085,1,55330.05490111768,6.6944324427581945,4.850522859516282,45,1,1
36.16000317023273,2.2706785079306355,1,15031.765007534648,8.42760189537145,31.138237399629205,12,2,1
33.68886273643628,2.6962355625260233,0,70485.96398365026,1.5756125801278797,110.22646836214423,62,1,1
18.433145806955377,4.852445760704053,1,116062.36661903237,1.9920117136009141,36.30472155071366,5,2,0
27.986364358128945,1.3799156821679777,1,22217.06568218546,3.9738530293236174,13.971325319998993,89,0,1
49.50153563745396,4.473950939438922,1,115510.443402155,3.008830242386388,80.01660383790869,85,2,1
46.369217049109196,1.809277607143824,0,14203.725179306603,6.379745474504049,92.67300475584514,85,0,2
40.697776508941224,1.5602050870466622,0,69188.24795891781,1.170590151503098,41.37492820944632,0,1,2
31.34726660254852,4.406445972244695,0,20862.33305863921,5.826240275050129,110.78710956385572,98,2,0
44.75463082541415,0.3274837408521819,1,119516.82034088293,5.036708424236508,83.6555265132866,98,1,1
35.2352986493371,4.333275609554571,1,65992.72204590983,1.1745230876060642,64.50552319453335,59,2,0
25.9027706449054,4.1388380921336,0,104611.76326893108,4.481332934082989,107.59126020246056,83,1,2
31.83492085390392,1.190290522865054,1,34266.12750324882,2.4451598516766557,46.16365998577331,67,0,0
18.47799196109159,4.740599251412691,1,21769.627752335327,8.42760189537145,28.71512406187332,12,2,1
40.30507501162192,0.3274837408521819,1,119516.82034088293,5.005988821668253,97.38652115961453,98,0,1
41.47861918622375,1.6358719135715087,0,103896.27185876251,1.170590151503098,110.91161317577267,0,1,2
41.990786958644534,2.6341483028352086,1,87878.28096068019,0.6140030607195568,101.75776921618441,37,0,2
46.369217049109196,0.6894274856171003,0,14203.725179306603,8.629551545855147,29.612708549721816,69,2,2
26.73371323571672,2.9342473672223197,0,118531.67656805809,2.6188438692043494,107.72569020537594,52,2,0
21.543799489150707,2.47591500950323,1,97976.08126428643,4.393182568009091,108.44822398066671,48,0,2
27.640676999354703,1.548283794870557,1,21465.14845245571,4.191561575452013,13.971325319998993,87,0,1
49.59452441241956,4.6248879282960065,1,37627.20865624753,7.328873970475261,80.17395572579932,85,2,1
10.212526345105154,3.1557956632500805,0,26098.129882480272,8.852611272585673,41.789445884627156,38,1,0
13.616795356764573,0.2404174350127325,0,117496.7926831025,6.042568272365632,95.57662708216363,54,1,2
44.74737050243053,2.0902708294194507,0,100155.29535600153,2.6960685233157147,28.582910837624734,46,0,0
16.026565176340984,3.9075112934426515,1,23778.56216810832,9.324978443778843,67.01778353661526,95,2,2
31.34726660254852,4.406445972244695,0,20862.33305863921,7.980599029280405,110.78710956385572,98,2,0
35.10973497084481,4.333275609554571,1,65992.72204590983,1.1875365283373227,64.50552319453335,59,2,0
36.11516316627979,2.3756774602430246,1,117097.19954135612,1.9920117136009141,36.261209885424584,5,2,0
47.36110136858794,4.249328155476059,0,31587.453266163084,5.2431024815197,83.18439127136804,34,1,1
25.121922958172078,4.063160810508045,0,69903.71537255161,4.481332934082989,37.99611093511606,89,1,2
33.68886273643628,0.9937691044732928,0,70485.96398365026,1.5756125801278797,110.22646836214423,62,1,1
20.367019332979623,1.8181447306937795,1,36096.91306230265,6.461711739600808,91.09247308867873,84,0,2
19.552223782176014,1.0176253835187092,1,89004.84963132787,2.5128250689959852,3.370617779424376,43,0,1
47.33729409826143,2.408722688341787,1,114452.73148584324,5.184387210332695,91.70537122493607,15,0,0
38.05047219856851,0.611411994054819,1,10957.774526717974,9.388792828238849,10.049708847561373,66,1,1
43.5422318567481,0.3830264906440024,1,118471.99452168387,3.217909026278979,27.189545644951647,63,2,2
28.070508267040243,2.179832792826471,1,14399.88262773882,1.7437093506074708,87.48776928628655,75,1,0
12.752599041867803,4.33093039257438,1,22336.73688098818,2.2975311011877233,90.71421191576425,43,0,0
35.25053414075584,4.289355483245431,1,55747.78994547379,6.6944324427581945,4.850522859516282,64,1,1
27.474003513172654,2.162474058275154,1,114818.29541853226,6.205714309623075,52.88932764878375,95,1,2
45.788593644022086,3.926054796631857,1,18625.79600927693,5.935554376660914,24.22757565744217,44,0,1
47.36110136858794,4.249328155476059,0,31058.08114380204,5.2431024815197,83.18439127136804,34,1,1
36.128988646505576,4.4348224541331085,1,55330.05490111768,6.6944324427581945,30.352158456982984,44,1,1
44.400584573105995,2.408722688341787,1,113027.61631590736,5.184387210332695,91.70537122493607,15,0,0
40.697776508941224,1.6350283348757488,0,69275.91168819272,1.625129621824044,41.37492820944632,0,1,2
18.433145806955377,4.852445760704053,1,116062.36661903237,1.9920117136009141,36.30472155071366,7,2,0
10.241131010586233,3.1557956632500805,0,25664.39144795068,8.85310084083535,41.789445884627156,38,1,0
41.006144608396916,4.249328155476059,0,31587.453266163084,5.224987582334574,107.14449225704368,36,0,1
31.910516451901817,4.333275609554571,1,65992.72204590983,0.6049234699911099,46.25377660715557,59,0,0
45.788593644022086,2.4629803042455585,1,21130.424455892364,5.935554376660914,24.22757565744217,44,0,1
49.9942415878719,4.473950939438922,0,103756.8427514457,2.8230007498967185,80.01660383790869,85,2,2
19.552223782176014,2.73165810314758,1,89004.84963132787,2.817552311844957,111.77395952889384,43,0,1
28.070508267040243,3.9746194496038685,1,13667.364708728233,8.667202737869472,25.652970328458316,78,1,0
19.72751843857373,2.6992860217221804,1,65291.563544006654,4.310196968898321,91.97077195661846,18,0,2
12.752599041867803,4.333282894469729,1,21665.80154183526,2.2975311011877233,71.23183066771938,43,0,0
18.79449038839608,4.740599251412691,1,21769.627752335327,8.42760189537145,28.83963832887762,12,2,1
21.543799489150707,2.47591500950323,1,98505.00816472233,4.393182568009091,108.44822398066671,48,0,2
35.28154866448298,2.2706785079306355,1,13500.363492533328,8.42760189537145,5.639141808966285,15,2,1
36.958491451330666,0.9316815933891476,1,89301.99933745617,0.6140030607195568,101.75776921618441,37,0,2
10.212526345105154,3.138607056845552,0,24930.184172348894,8.788279719317789,41.789445884627156,37,1,0
16.498023103720335,4.33093039257438,1,22336.73688098818,2.2975311011877233,90.71421191576425,40,0,0
35.90932741401015,4.289355483245431,1,56181.52847257764,6.693942557250638,4.850522859516282,64,1,1
25.726732818673185,4.1388380921336,0,104611.76326893108,4.481332934082989,98.27492643232756,83,1,2
35.034139372846916,1.6906101346022595,1,34266.12750324882,2.4581732912468612,49.17033519616551,67,2,0
48.94499760934187,3.949414031573093,1,108996.28105196291,5.267372809443465,108.4584324780098,45,0,0
40.19729990210434,1.6358719135715087,1,115649.83506601123,1.3564196889402242,110.91161317577267,0,1,1
41.990786958644534,0.9201162829678132,1,87878.28096068019,0.3115319896779165,0.3360464362685036,37,0,2
45.788593644022086,2.149723871208294,1,18531.251291497378,2.380437546587281,86.36475442878408,42,0,1
34.039543669095195,0.9937691044732928,0,112248.00017845041,1.5756125801278797,109.9508566036306,62,1,1
35.10973497084481,4.331350852212158,1,70222.8347435475,1.1875365283373227,90.92058138177411,59,2,0
41.47861918622375,1.6336336064813217,0,102137.68481646986,1.1899130720726276,91.53488457861366,4,1,2
31.709357175411625,1.6366555778035954,1,32404.5628703131,2.1608163953265946,46.16365998577331,2,0,0
11.115918917220622,3.138607056845552,0,24930.184172348894,8.788279719317789,41.789445884627156,37,1,0
19.194363253733812,1.151248405337037,1,13673.216345405235,2.5128250689959852,3.370617779424376,38,0,1
44.400584573105995,2.408722688341787,1,16997.748695771697,5.184387210332695,91.70537122493607,12,0,1
21.543799489150707,2.214215102741346,1,87883.30843763088,4.393182568009091,109.8863245031119,48,0,2
18.90743016130359,4.188912193130149,1,19672.135058719603,8.42760189537145,9.638243680550481,12,2,1
39.650401740425906,3.1832936220346535,1,88374.36203852625,8.968786778551111,41.789445884627156,54,1,0
45.384263254180226,2.4629803042455585,1,21162.507419677975,2.228071467642737,91.8624051034984,43,0,1
35.28154866448298,2.288180212573972,1,25270.702856220658,8.42760189537145,40.59798365557102,36,2,1
39.27719098411187,0.9316815933891476,1,89301.99933745617,0.6140030607195568,103.95467288963894,37,0,2
20.072085452678536,4.852445760704053,1,114450.51917867623,2.7563629659759568,35.294963426882504,16,2,0
49.476782551449524,4.581655094219808,0,31587.453266163084,5.2431024815197,7.801474557945056,33,1,1
49.999197407716096,4.26336465813412,1,19921.2375416145,2.8230007498967185,74.52478222719867,85,2,1
48.94499760934187,4.37698526264672,1,23345.430288880292,2.430017438498828,108.4584324780098,45,0,0
43.45237814129703,4.400387287118959,0,30756.895633063312,5.359334162979464,42.82944291180701,36,1,1
40.19729990210434,1.5949638477499573,1,107088.8826826605,1.3564196889402242,110.91161317577267,66,1,1
35.2352986493371,4.333275609554571,1,65992.72204590983,1.1745230876060642,68.39843651906062,65,2,0
13.110466757569789,4.199468784594384,1,89734.60289430222,2.2975311011877233,71.23183066771938,43,0,0
45.788593644022086,3.926054796631857,1,114286.9643761651,5.935554376660914,24.22757565744217,44,0,0
45.788593644022086,2.4472337082493087,1,4934.343476855342,2.380437546587281,84.92659946158385,42,0,1
37.62104666089028,1.3277056072858597,1,10957.774526717974,9.036843631912093,29.12659682640806,66,1,1
12.983866953460542,2.6341483028352086,0,11538.481075866011,0.6140030607195568,101.75776921618441,37,0,2
14.083143457115733,4.33093039257438,1,22304.653917202566,6.005014338623762,23.079687954494403,44,0,0
12.30155668402788,3.1382939586066967,0,13894.052085640418,7.949685308904151,6.83747139999517,16,1,0
37.09389873979632,2.2706785079306355,1,15031.765007534648,8.090117796105444,28.935160419357615,16,2,1
19.237336519638124,2.90974868761063,1,116064.57892619935,1.9707671932958901,92.70489529621634,5,0,2
36.105681926733006,4.4348224541331085,1,56449.60737580187,6.6944324427581945,80.41575365692265,39,1,1
18.79449038839608,4.740599251412691,0,105590.21913372942,8.42760189537145,33.42714163953711,12,2,2
12.752599041867803,2.440268207975605,1,96967.33556323693,5.134886485581411,90.71421191576425,43,0,0
10.065838483620231,3.0047344142400942,0,21382.498737737413,8.71824408321487,106.09959572033473,44,0,0
45.3307983789982,3.7627100181406075,1,29368.742854275908,5.935554376660914,24.22757565744217,44,0,1
12.983866953460542,3.1310479407805754,0,24413.32412691842,0.6140030607195568,101.75776921618441,37,1,2
44.400584573105995,2.487447524657336,1,14941.368932946714,4.893933847269211,91.85504626159013,17,0,0
20.997786642941495,4.7320903473163956,1,109763.24664699589,5.184387210332695,91.70537122493607,15,0,0
45.384263254180226,2.5551323693048067,0,21162.507419677975,5.276447463354254,92.22997521428046,43,1,1
13.967970613820032,4.33093039257438,1,19670.535112385725,1.944110757748572,89.16937537456883,12,0,0
45.667070985295524,2.2706785079306355,1,14908.04328064584,2.152321489676122,28.935160419357615,16,2,1
35.31764430856129,2.288180212573972,1,25270.702856220658,8.42760189537145,40.42876456036824,2,2,1
20.065809895199926,3.1382939586066967,0,116965.15549430063,9.33648645194192,3.9421358782685756,23,1,0
12.899447757617377,4.490979375300969,1,22336.73688098818,2.4001412252692003,90.71421191576425,43,0,0
19.194363253733812,1.678599581871496,0,8101.727751311974,2.5635829605274925,3.370617779424376,38,1,1
41.006144608396916,4.249328155476059,0,31587.453266163084,5.1402594956769265,41.47178162650551,36,0,1
35.27949400625321,4.4348224541331085,1,55330.05490111768,8.810306504197165,4.850522859516282,51,1,1
48.94499760934187,4.37698526264672,1,21637.358460343494,2.430017438498828,108.4584324780098,45,0,0
18.433145806955377,4.852445760704053,1,116062.36661903237,1.9920117136009141,36.30472155071366,12,2,0
36.16000317023273,2.4340232519943523,1,14526.366451046602,8.42760189537145,31.138237399629205,12,2,1
11.115918917220622,2.6417074189001855,0,12055.341143158123,8.788279719317789,41.789445884627156,37,0,0
48.94499760934187,2.5162781319815153,1,97976.08126428643,5.267372809443465,108.30875719523682,42,0,1
44.91316804528774,2.4157621973531267,1,24896.691245685455,8.42760189537145,28.83963832887762,12,2,1
47.36110136858794,4.157174645991857,1,31587.453266163084,2.1947265295966436,82.81682116058599,34,0,1
18.328518383359324,4.188912193130149,1,22338.336827322055,9.061949317155072,9.958034507127177,40,2,1
37.21541880562834,2.149723871208294,1,17911.85886459024,7.518958982157108,80.59643529378576,42,0,1
31.673261531333317,1.6366555778035954,1,32404.5628703131,2.1608163953265946,46.33287908097609,36,0,0
12.30790317910065,4.777114001237419,1,12924.392227725519,2.7563629659759568,34.74117535554451,16,2,0
45.67256026098748,2.4629803042455585,1,21130.424455892364,7.148006750621518,24.22757565744217,44,0,1
10.212526345105154,2.9602708312603703,1,24757.313813795994,8.916859120394083,41.789445884627156,32,0,0
10.212526345105154,3.07342766541624,0,26098.129882480272,8.937265955185188,107.45535574579068,38,1,0
32.45478883747628,2.2706785079306355,1,20163.136383217035,6.311726083309995,5.639141808966285,2,2,1
12.850760036272005,4.333282894469729,1,23373.873370372057,2.2975311011877233,72.4848838828772,43,0,0
44.21739515576207,2.5271745807614967,1,115099.39238487015,5.935554376660914,35.92979433616129,43,0,1
45.788593644022086,3.926054796631857,1,18625.79600927693,8.089913135203288,24.22757565744217,44,0,1
12.390290697193795,0.2404174350127325,0,114836.36623956873,6.042568272365632,95.57662708216363,54,1,2
19.552223782176014,1.0371963310348735,1,118441.03252992903,2.5128250689959852,107.57303938464338,52,0,1
41.006144608396916,4.249328155476059,0,31587.453266163084,5.224987582334574,97.82815848713653,34,0,1
27.474003513172654,2.162474058275154,1,114882.04343835768,6.205714309623075,52.88932764878375,95,1,2
10.212526345105154,3.137339668515369,0,25017.84357220032,8.968786778551111,41.789445884627156,37,1,0
37.70478484117882,0.611411994054819,1,10205.85727549838,9.388792828238849,10.049708847561373,66,1,1
41.990786958644534,0.9316815933891476,1,87878.28096068019,0.6140030607195568,101.75776921618441,37,0,2
48.94499760934187,2.486339563707368,1,97976.08126428643,5.267372809443465,108.4584324780098,45,0,0
16.026565176340984,3.7973328841116754,1,23999.435201928092,9.371954002653945,67.01778353661526,99,2,2
20.078198997118353,2.6992860217221804,1,114452.73148584324,4.310196968898321,91.69516297945516,18,0,2
43.654423681459335,0.5344003928452123,1,47991.931313715046,7.537953163579817,27.346886733104355,63,2,2
13.672364945166532,4.33093039257438,1,22336.73688098818,2.2975311011877233,90.71421191576425,43,0,0
20.970822732734916,0.6982945478707453,1,36096.91306230265,8.711518038624863,29.971841122661147,68,2,2
28.070508267040243,2.1982887875614483,1,13572.81999094867,1.7437093506074708,87.48776928628655,76,1,0
26.73371323571672,2.9342473672223197,0,92627.63700347938,2.6188438692043494,1.4366212162931014,33,2,0
31.709357175411625,1.5957475119820437,1,34266.12750324882,2.4581732912468612,46.16365998577331,67,0,0
44.74737050243053,2.0902708294194507,0,83207.79948100305,1.4209804306779605,28.582910837624734,68,0,0
35.25053414075584,4.4348224541331085,1,55330.05490111768,6.6944324427581945,4.850522859516282,45,1,1
36.16000317023273,2.2706785079306355,1,15031.765007534648,8.42760189537145,31.138237399629205,12,2,1
33.68886273643628,2.6962355625260233,0,70485.96398365026,1.5756125801278797,110.22646836214423,62,1,1
18.433145806955377,4.852445760704053,1,116062.36661903237,1.9920117136009141,36.30472155071366,5,2,0
27.986364358128945,1.3799156821679777,1,22217.06568218546,3.9738530293236174,13.971325319998993,89,0,1
49.50153563745396,4.473950939438922,1,115510.443402155,3.008830242386388,80.01660383790869,85,2,1
46.369217049109196,1.809277607143824,0,14203.725179306603,6.379745474504049,92.67300475584514,85,0,2
40.697776508941224,1.5602050870466622,0,69188.24795891781,1.170590151503098,41.37492820944632,0,1,2
31.34726660254852,4.406445972244695,0,20862.33305863921,5.826240275050129,110.78710956385572,98,2,0
44.75463082541415,0.3274837408521819,1,119516.82034088293,5.036708424236508,83.6555265132866,98,1,1
35.2352986493371,4.333275609554571,1,65992.72204590983,1.1745230876060642,64.50552319453335,59,2,0
25.9027706449054,4.1388380921336,0,104611.76326893108,4.481332934082989,107.59126020246056,83,1,2
20.078198997118353,2.8054607521187997,1,119494.09472902378,4.310196968898321,90.35909724213722,18,0,2
41.904220314340876,0.9485847150158352,1,6502.908470536408,9.432901083937015,13.333003195420481,66,1,1
35.2352986493371,4.33375647465225,1,64783.31104885318,1.1745230876060642,64.50552319453335,59,0,1
27.474003513172654,2.162474058275154,1,21559.754104994012,6.205714309623075,52.88932764878375,95,1,2
41.04088999396681,1.5578801063741399,0,69188.24795891781,1.191152417112856,41.37492820944632,0,1,1
31.34726660254852,1.039272473950401,0,109083.98696294715,5.826240275050129,110.90143507931892,81,0,0
18.33033142867932,4.571790800699053,1,35533.71866752878,9.152436683724968,36.42623408822764,7,2,2
45.788593644022086,4.111718507527378,1,98211.86350611766,8.145386868237898,104.54515825301365,44,0,0
43.90785799327752,4.188063858351621,1,114355.28137916062,7.549054043206898,27.346886733104355,60,2,1
44.75463082541415,0.3274837408521819,0,119516.82034088293,5.036708424236508,83.6555265132866,98,1,2
10.212526345105154,2.987715321064834,0,23220.235689126148,8.972346977842195,39.850098594003875,37,1,0
26.73371323571672,2.9342473672223197,0,92154.35869808121,2.6188438692043494,1.4366212162931014,39,2,0
28.070508267040243,2.1982887875614483,1,13572.81999094867,1.7437093506074708,84.04812203018564,12,1,0
16.53731355790723,3.7973328841116754,1,20078.627385002546,9.974024237153632,67.15592228916286,68,2,2
46.369217049109196,4.48022209588357,0,55014.85796512356,6.768748160455717,2.847240026993589,85,0,2
29.301454061754626,1.489572781823251,1,34266.12750324882,2.5348579803147886,47.49972410855432,67,0,0
37.791351485481485,0.5945088724287193,1,91840.95974520504,0.569674880114567,95.03346284983243,37,0,2
41.006144608396916,4.24884729037838,0,32796.86429203925,5.289926704197632,97.82815848713653,34,2,0
27.986364358128945,1.3799156821679777,1,115157.38755509525,3.9738530293236174,13.971325319998993,89,0,1
36.148279751239926,2.654564397680646,0,70485.96398365026,1.5550503145181223,104.31159828067632,63,1,2
19.552223782176014,4.4039732142602475,1,29326.525321483343,2.5128250689959852,107.45871386918017,62,2,1
21.073637111010978,0.9589009915820101,1,116062.36661903237,1.5430300484047095,29.850328585147164,67,2,0
48.94499760934187,2.486339563707368,1,18391.934439178658,5.211898936359161,28.116770569037904,45,0,1
49.24124990792473,0.8202247238028977,1,49003.66557088225,2.861156617028466,80.01660383790869,85,2,2
25.9027706449054,4.1388380921336,1,104611.76326893108,4.481332934082989,106.32453325111409,83,1,1
12.390290697193795,0.2404174350127325,0,114836.36623956873,6.038998355019203,95.57662708216363,54,1,2
36.16000317023273,2.2706785079306355,1,15031.765007534648,8.42760189537145,29.499383185387217,76,2,1
44.23525545883758,2.0902708294194507,0,87129.6554122118,0.2682010566811721,28.444772434790885,100,0,0
35.25053414075584,1.6836962113087628,1,14519.06667243084,6.375398789398452,95.78512264634314,45,1,1
30.802528082072172,2.7174825396689295,0,70485.96398365026,1.5756125801278797,110.22646836214423,43,0,0
19.552223782176014,1.0371963310348735,1,114815.60243885081,3.01970550160741,107.24893283684443,54,0,1
20.078198997118353,2.226911504485427,1,114452.73148584324,4.310196968898321,91.7326693029567,18,0,0
28.070508267040243,2.1982887875614483,1,13421.937162411434,1.9421653344488128,21.57151702435491,12,1,1
37.70478484117882,0.611411994054819,1,10205.85727549838,9.388792828238849,13.253919851131197,66,1,1
10.212526345105154,3.137339668515369,1,25017.84357220032,0.8463610860411719,100.51053966521158,37,1,0
31.709357175411625,1.5957475119820437,1,31148.43523391662,2.4581732912468612,93.08192491368693,67,0,1
18.433145806955377,4.852445760704053,1,110617.19696078722,1.9938536609445188,112.76161618968031,5,2,0
36.16000317023273,1.9538352154688523,1,15031.765007534648,8.455354348363686,31.138237399629205,69,2,1
18.33033142867932,4.571790800699053,1,32397.464877149585,9.152436683724968,33.06219115672022,1,0,2
40.697776508941224,1.6730661995841023,0,71954.89715590251,1.202286432033392,41.37492820944632,0,1,2
35.3549231300571,1.2920945988814416,1,34284.14948945624,6.6944324427581945,4.3141938761499645,66,1,1
41.18686932741076,4.24884729037838,0,32796.86429203925,5.289926704197632,97.82815848713653,35,1,0
48.94499760934187,2.526308514403396,1,102512.4254006375,5.314758797841112,108.4584324780098,45,0,0
13.674159117905194,0.2404174350127325,0,114836.36623956873,6.038998355019203,95.57662708216363,54,1,2
35.13166291436283,2.987715321064834,0,11171.039721488847,8.933017270322244,39.907515478245195,37,1,0
12.390290697193795,0.07258027002298995,0,118461.79260043996,6.493442933939743,95.9007336271409,56,1,2
28.070508267040243,2.670663304798202,1,13572.81999094867,1.7437093506074708,87.45026296278503,76,1,2
45.788593644022086,3.926054796631857,1,18776.678837814216,7.89149190761076,94.38538162911475,44,0,0
19.552223782176014,4.4039732142602475,1,29326.525321483343,2.5128250689959852,107.86630784700093,62,2,1
41.990786958644534,0.9316815933891476,0,87878.28096068019,8.746941108039728,59.00931779097437,48,0,2
44.879051481717,4.221731787511,0,34705.14553549528,5.224987582334574,45.73484641722793,34,0,0
30.802528082072172,2.7174825396689295,0,70485.96398365026,1.5737706327842749,33.62543082557151,43,0,0
35.2352986493371,4.33375647465225,1,64783.31104885318,1.1745230876060642,64.50552319453335,13,0,1
45.788593644022086,4.111718507527378,1,101346.26762203014,8.145386868237898,107.8858226360701,44,2,0
48.94499760934187,2.486339563707368,1,15626.669911558045,5.180244157118324,28.116770569037904,45,0,1
29.197065072453277,4.356268732982276,1,55312.03291493928,2.5348579803147886,48.08893770119034,50,0,0
41.004808761932885,1.5578801063741399,0,69188.24795891781,0.4158442780979552,33.48365504665815,0,2,1
20.078198997118353,2.765491801422771,1,119494.09472902378,4.310196968898321,90.35909724213722,18,0,2
12.388496524455483,4.33093039257438,1,22336.73688098818,2.2975311011877233,90.71421191576425,43,0,0
10.698756812063793,1.6836962113087628,1,22849.431217044847,6.414724999614814,95.72766594337617,45,1,1
39.65199257456725,4.249328155476059,0,24513.72188609592,5.224987582334574,96.84290262813242,34,0,1
10.212526345105154,2.983880169252246,0,22341.84361940685,8.970978713173729,39.850098594003875,36,1,0
35.40823107072846,3.2162709597708017,1,114452.73148584324,4.310196968898321,91.69516297945516,18,0,1
17.81006189189055,4.610110168860704,1,35533.71866752878,2.206187450678263,36.3860940573356,7,2,2
45.65358545104108,3.924803997232239,1,18625.79600927693,8.089913135203288,36.6830526297261,37,0,1
19.51466902823021,2.6039467901923024,1,119494.09472902378,4.290293055022526,90.35909724213722,17,0,1
18.52811685166121,4.33093039257438,1,21756.5801085014,2.2722150592453407,90.71421191576425,43,0,1
12.390290697193795,0.9038279171478973,0,113415.47228004553,5.992392266612485,95.57662708216363,54,1,2
37.93328683354271,0.5881133818981177,1,119494.09472902378,4.310196968898321,90.35909724213722,18,0,2
27.85507914654197,4.166506504549107,1,49810.362610598604,2.2776603253901673,48.87789045047761,4,0,0
29.301454061754626,1.489572781823251,1,109649.32646770297,2.5348579803147886,47.49972410855432,2,2,0
40.92354625045376,3.934639753291252,1,33064.548550732456,7.89149190761076,97.7600833590477,44,0,0
10.698756812063793,4.5249781209039925,1,23919.946417726198,6.414724999614814,95.72766594337617,45,1,1
41.861744112598345,4.4039732142602475,1,29339.422212383037,2.296348804908132,109.39135112761079,62,2,1
48.94499760934187,2.2333502038208737,1,18391.934439178658,4.960054547453469,28.116770569037904,45,0,1
12.388496524455483,4.190036770909606,1,19688.94482463625,2.2974964735846295,90.71421191576425,43,0,0
20.82997158690991,2.2706785079306355,1,15031.765007534648,8.42760189537145,31.138237399629205,15,2,2
28.952184874857856,2.1982887875614483,1,13421.937162411434,8.884930910799063,21.611657055326123,12,1,1
32.87261292564365,1.6849462748218886,1,14519.06667243084,6.375398789398452,95.78512264634314,44,1,1
49.17380563524283,2.486339563707368,1,16485.821783262705,5.200148070994119,28.116770569037904,44,0,2
35.2352986493371,4.33375647465225,1,65363.48231528266,1.1998391297888327,64.50552319453335,13,0,0
41.990786958644534,0.2682732387656208,1,89297.0702339329,0.6140030607195568,101.75776921618441,37,0,2
16.431162493119274,2.7888373882344384,1,10205.85727549838,9.210728742919041,10.049708847561373,66,1,1
29.270430503629374,2.3880354293948547,1,19074.651843651583,2.5522985842384527,84.36157038405793,50,1,0
12.532358803601653,3.137339668515369,1,25017.84357220032,0.8463610860411719,100.51053966521158,19,1,0
18.433145806955377,4.852445760704053,1,35199.216464968784,1.9938536609445188,112.76161618968031,70,0,0
45.87119198541947,3.452675604095963,0,18508.994579669186,5.289926704197632,102.91964403350815,34,2,0
35.25053414075584,2.4001771232357747,1,54259.54008014021,7.590069223260469,2.4587109775232108,45,1,1
18.877299545695767,4.2111672133342255,0,32783.96740113956,5.293743595193848,97.82815848713653,35,1,0
39.4548391098525,4.197927621039575,0,32796.86429203925,5.215253847181188,97.82815848713653,45,1,0
17.81006189189055,4.610110168860704,1,35533.71866752878,2.206187450678263,36.3860940573356,14,2,0
13.323208578633857,4.33093039257438,1,22336.73688098818,1.2908587643977079,90.71421191576425,43,0,0
48.88545166474607,4.58786491895646,1,35533.71866752878,9.152436683724968,27.943488419793503,8,2,1
28.800579585456948,2.1982887875614483,1,13421.937162411434,8.890673374414247,21.611657055326123,10,1,1
35.25053414075584,1.6836962113087628,1,14415.599297133329,1.0317244800982244,95.78512264634314,45,1,1
20.078198997118353,2.7657217558728657,1,119452.47554616857,4.310196968898321,107.43200726052423,15,0,1
32.765268338925694,1.4798586176389108,1,109649.32646770297,2.5771772582173815,47.49972410855432,3,2,0
35.49123293828586,4.33375647465225,1,33066.85050385422,1.1745230876060642,64.50552319453335,13,0,1
10.193422580178778,2.987715321064834,0,23190.766933838022,8.378681042191262,64.87690628296824,37,1,0
45.52374056047974,4.337089749165901,1,20227.03804475791,0.33506607103637975,92.52566198927252,43,0,1
28.070508267040243,1.9272026940694216,1,13432.948196175319,1.9421653344488128,21.57151702435491,12,1,1
27.806329805381946,2.073152053992219,1,15046.123045789704,8.476459005552858,81.47858456869525,12,2,1
12.302573468976126,0.9316815933891476,1,87878.28096068019,1.4033350851231385,95.7406391301536,37,1,2
12.411503133441867,2.492102094734001,1,119494.09472902378,2.313445677726507,90.35909724213722,17,0,0
20.078198997118353,2.8575475395686714,1,114452.73148584324,4.310196968898321,90.41006433811995,18,0,2
31.678701922488106,4.356268732982276,1,43634.58315882532,2.5348579803147886,48.08893770119034,55,0,2
27.653227332689006,4.166506504549107,1,49810.362610598604,2.2776603253901673,53.46112801096169,4,0,0
18.191690966032517,2.470055485641118,1,15626.669911558045,5.180244157118324,36.59951623747204,47,0,2
45.93952410975948,3.926054796631857,1,20585.667542166124,8.084170671578217,24.22757565744217,46,0,1
12.837613402461354,3.137339668515369,1,25121.310947680857,6.191162585099693,100.51053966521158,19,1,0
19.552223782176014,4.403739192347976,1,25868.83956404004,2.752227007467667,90.38580370916031,62,2,2
10.255743046722477,2.7646827497779642,1,25017.84357220032,0.8040432062934242,100.51053966521158,42,1,0
18.76494092134528,4.571790800699053,1,64113.9254335001,9.152436683724968,33.06219115672022,1,0,2
12.388496524455483,4.33093039257438,1,22366.20563627631,2.8540978056427786,87.26761172628818,43,0,0
19.36969243513012,3.918644640639633,1,18637.975089305302,8.276538862093616,39.2838079872258,37,0,1
48.94499760934187,2.486339563707368,1,18380.923405414786,5.211898936359161,28.116770569037904,45,0,1
36.42418163186357,2.1917590451302424,1,13564.279443828204,1.694709582416022,41.98862918236367,12,1,0
39.84785182046143,4.5249781209039925,1,23919.946417726198,6.414724999614814,101.74479602940698,44,0,1
19.491692549039588,3.937686574847797,1,19688.94482463625,4.274343851031254,90.71421191576425,43,0,1
48.94499760934187,2.2079552210197884,1,18391.934439178658,4.960054547453469,29.40187105370601,45,0,1
45.788593644022086,3.926054796631857,1,18625.79600927693,8.089913135203288,24.22757565744217,44,0,1
12.390290697193795,0.2404174350127325,0,114836.36623956873,6.042568272365632,95.57662708216363,54,1,2
19.552223782176014,1.0371963310348735,1,118441.03252992903,2.5128250689959852,107.57303938464338,52,0,1
41.006144608396916,4.249328155476059,0,31587.453266163084,5.224987582334574,97.82815848713653,34,0,1
27.474003513172654,2.162474058275154,1,114882.04343835768,6.205714309623075,52.88932764878375,95,1,2
10.212526345105154,3.137339668515369,0,25017.84357220032,8.968786778551111,41.789445884627156,37,1,0
37.70478484117882,0.611411994054819,1,10205.85727549838,9.388792828238849,10.049708847561373,66,1,1
41.990786958644534,0.9316815933891476,1,87878.28096068019,0.6140030607195568,101.75776921618441,37,0,2
48.94499760934187,2.486339563707368,1,97976.08126428643,5.267372809443465,108.4584324780098,45,0,0
16.026565176340984,3.7973328841116754,1,23999.435201928092,9.371954002653945,67.01778353661526,99,2,2
20.078198997118353,2.6992860217221804,1,114452.73148584324,4.310196968898321,91.69516297945516,18,0,2
43.654423681459335,0.5344003928452123,1,47991.931313715046,7.537953163579817,27.346886733104355,63,2,2
13.672364945166532,4.33093039257438,1,22336.73688098818,2.2975311011877233,90.71421191576425,43,0,0
20.970822732734916,0.6982945478707453,1,36096.91306230265,8.711518038624863,29.971841122661147,68,2,2
28.070508267040243,2.1982887875614483,1,13572.81999094867,1.7437093506074708,87.48776928628655,76,1,0
26.73371323571672,2.9342473672223197,0,92627.63700347938,2.6188438692043494,1.4366212162931014,33,2,0
31.709357175411625,1.5957475119820437,1,34266.12750324882,2.4581732912468612,46.16365998577331,67,0,0
44.74737050243053,2.0902708294194507,0,83207.79948100305,1.4209804306779605,28.582910837624734,68,0,0
35.25053414075584,4.4348224541331085,1,55330.05490111768,6.6944324427581945,4.850522859516282,45,1,1
36.16000317023273,2.2706785079306355,1,15031.765007534648,8.42760189537145,31.138237399629205,12,2,1
33.68886273643628,2.6962355625260233,0,70485.96398365026,1.5756125801278797,110.22646836214423,62,1,1
18.433145806955377,4.852445760704053,1,116062.36661903237,1.9920117136009141,36.30472155071366,5,2,0
27.986364358128945,1.3799156821679777,1,22217.06568218546,3.9738530293236174,13.971325319998993,89,0,1
49.50153563745396,4.473950939438922,1,115510.443402155,3.008830242386388,80.01660383790869,85,2,1
46.369217049109196,1.809277607143824,0,14203.725179306603,6.379745474504049,92.67300475584514,85,0,2
40.697776508941224,1.5602050870466622,0,69188.24795891781,1.170590151503098,41.37492820944632,0,1,2
31.34726660254852,4.406445972244695,0,20862.33305863921,5.826240275050129,110.78710956385572,98,2,0
44.75463082541415,0.3274837408521819,1,119516.82034088293,5.036708424236508,83.6555265132866,98,1,1
35.2352986493371,4.333275609554571,1,65992.72204590983,1.1745230876060642,64.50552319453335,59,2,0
25.9027706449054,4.1388380921336,0,104611.76326893108,4.481332934082989,107.59126020246056,83,1,2
48.94499760934187,4.621517026218596,1,112220.28569412077,5.267372809443465,105.35661464930398,45,1,0
40.99991633532372,4.390910487060965,0,29668.787548471955,5.257347069910183,43.36128124983907,0,1,2
44.75463082541415,1.6030123395921398,1,115203.96868225212,5.036708424236508,83.6555265132866,98,1,1
19.552223782176014,1.0371963310348735,1,114856.63514868695,2.5128250689959852,107.57303938464338,96,0,1
47.257119395119766,1.3790369573411432,1,22217.06568218546,4.0959958934984995,13.971325319998993,89,0,1
33.68886273643628,2.696504179516101,0,66543.95138977942,1.5756125801278797,112.56022980911317,45,1,0
25.18355977186266,3.913100390919634,0,47428.42559441441,7.74262768349964,109.08505220647895,64,1,2
45.788593644022086,4.111718507527378,1,18650.950814089887,9.414319450978596,23.573080298343445,44,0,1
28.999404097515303,4.309432990711265,1,113556.1477191229,3.011931231551801,80.01660383790869,82,2,0
18.433145806955377,4.702821413049949,1,114249.03296413638,6.0475098534987985,34.36627532660356,6,2,0
20.078198997118353,2.6992860217221804,1,113979.45318044504,4.310196968898321,91.69516297945516,24,0,2
26.73371323571672,2.9342473672223197,0,92627.63700347938,2.6188438692043494,0.8225439864923345,33,2,0
16.53731355790723,3.7973328841116754,1,20078.627385002546,9.974024237153632,67.15592228916286,68,2,2
31.34726660254852,4.443580180672145,0,20817.646912397653,8.531262371858466,28.313520998697776,98,2,0
32.84263068010011,2.2988702169373934,1,55330.05490111768,6.771098993652127,8.276777272619164,45,0,1
40.70400478201442,1.4182809635221325,0,71106.91445564985,1.1382996891851662,92.35052172577878,34,0,1
31.709357175411625,0.32025478075591984,1,37262.95173546615,2.523112496464602,46.16365998577331,67,0,0
27.474003513172654,2.162474058275154,1,118466.43720498194,6.205714309623075,52.88932764878375,51,1,2
29.889061182369023,1.766164012449246,0,14203.725179306603,6.257602610324036,86.75813467437756,86,0,2
10.212526345105154,3.137071051525291,0,28959.86030664291,8.968786778551111,39.355135193197725,47,1,1
44.37331561731011,0.7608185448398224,1,104611.76326893108,4.276658252543172,25.80803770275198,83,2,2
37.70478484117882,0.611411994054819,1,10180.702471150198,8.064385107636,10.704204354241778,66,1,1
48.40497390160492,2.362737129392811,1,15136.203748487067,1.606776268191236,87.48776928628655,76,1,1
20.970822732734916,0.6982945478707453,1,36096.91306230265,8.711518038624863,28.708492355926293,68,2,2
12.390290697193795,0.2404174350127325,0,114836.36623956873,1.9870713229006314,95.57662708216363,53,1,2
13.672364945166532,4.33093039257438,1,22336.73688098818,2.2975311011877233,89.07191506915444,43,0,0
44.23525545883758,2.0902708294194507,0,87129.6554122118,0.2682010566811721,28.444772434790885,100,0,0
36.16000317023273,2.153619408451739,1,15076.451153776226,5.790308377799945,113.3850534152401,12,2,1
46.369217049109196,1.074943998044677,0,7162.705782992979,6.4975986297464825,92.79597134742308,28,0,2
41.990786958644534,1.6660152026009452,1,87878.28096068019,0.6140030607195568,108.17645621666877,95,0,2
41.006144608396916,3.80137288015002,0,19855.473856737037,5.224987582334574,94.33507712800704,34,0,1
49.99463222177663,4.621517026218596,1,112220.28569412077,5.267372809443465,107.49001378433015,39,1,0
32.72041641104559,1.3790369573411432,1,20733.812273602194,4.1022724336583725,13.820314403748311,89,0,1
19.552223782176014,1.0371963310348735,1,114787.89673700123,2.5128250689959852,107.57303938464338,96,0,1
45.230490541369065,0.611411994054819,1,18674.297012100076,9.388792828238849,23.844532851723617,43,1,1
13.672364945166532,4.33093039257438,1,20523.859850567584,2.2975311011877233,90.71421191576425,43,2,0
16.834428087410437,2.6992860217221804,1,113890.50156519667,4.310196968898321,91.553459062889,19,0,2
18.03671739102173,4.852445760704053,1,118116.19047620968,1.9920117136009141,36.30472155071366,5,2,0
11.320195893688823,0.2404174350127325,0,98503.10581231123,2.0552711470188996,95.51590540400915,53,1,2
36.16000317023273,1.6614447688002862,1,15083.774934966208,8.42760189537145,37.700467321642336,12,2,1
27.409458560298024,2.162474058275154,1,53171.50568008839,6.205714309623075,52.88932764878375,95,1,1
46.48853673385993,1.074943998044677,0,7162.705782992979,6.515499120916056,92.12624136247727,28,1,2
27.79941102746501,0.7211196666828027,1,119331.85445132168,6.205714309623075,52.88932764878375,68,1,2
20.078198997118353,0.8354109202560459,1,113979.45318044504,0.6435333289944498,91.69516297945516,24,0,2
16.53731355790723,4.1892447129707175,1,38729.65062433414,9.974024237153632,66.73066086121167,68,2,2
47.37721176260253,1.8173792070909465,1,56813.313135406854,6.764822453377688,11.99176574275818,45,0,1
40.697776508941224,1.5602050870466622,0,64055.86493318671,1.170590151503098,41.37492820944632,0,1,2
38.0510718360398,3.926054796631857,1,5978.411601303305,8.089913135203288,10.4327518070877,75,0,1
15.934545656427822,4.702821413049949,1,115512.07425200025,6.0475098534987985,34.36627532660356,6,0,0
25.9027706449054,4.1388380921336,0,105173.9924157694,4.481332934082989,107.73296399712221,82,1,2
32.22003082199977,1.5957475119820437,1,30634.18867321471,2.4945178285585854,48.87232668009284,70,0,0
48.94499760934187,2.486339563707368,1,114309.22349249918,5.199173135359508,108.5191541364259,45,0,0
36.16000317023273,2.2676213749887797,1,15024.441226344668,5.790308377799945,113.3850534152401,12,2,1
35.315079093628206,4.4348224541331085,1,116674.36558708538,6.6944324427581945,4.850522859516282,45,1,2
12.321509741131383,0.2404174350127325,0,114836.36623956873,6.02466778119606,92.73807930901933,54,0,2
20.645415218493625,2.1396494308755925,1,32029.490454900093,8.711518038624863,34.608773661284026,51,2,2
41.990786958644534,2.795559576945191,1,87878.28096068019,4.2812454070081465,101.75776921618441,37,0,2
13.861909181892274,4.33093039257438,1,18340.130593611473,1.580199205962324,89.07191506915444,43,0,0
45.788593644022086,1.0248179058236782,1,18287.86185022551,7.684329697988259,24.22757565744217,44,0,1
46.369217049109196,3.9761807976298504,0,7500.640353505679,6.715263568735969,92.79597134742308,28,0,2
13.672364945166532,4.33093039257438,1,22336.73688098818,2.2975311011877233,114.20118564635914,53,2,0
46.36414799985742,1.3790369573411432,0,7014.995724456624,4.435605335053382,18.314899367535407,27,0,1
46.919154943165836,4.33093039257438,1,22336.73688098818,1.7726731018051347,88.99322171121251,44,0,0
32.84263068010011,2.2988702169373934,1,113700.34325309689,6.771098993652127,91.46743857328153,57,0,1
13.672364945166532,3.8357022119176656,1,19798.142241739595,2.303160438777262,90.71421191576425,47,0,0
36.65272054259327,2.209388492897998,1,15178.92841654567,6.217907744680568,34.11945870565958,6,2,0
18.433145806955377,4.807995555134247,1,114249.03296413638,6.504956114563558,90.84310167936846,6,2,0
43.131680317138006,0.611411994054819,1,18674.297012100076,9.388792828238849,23.844532851723617,49,1,1
31.666581063077963,1.614566497988885,1,18650.950814089887,9.414319450978596,46.48939991258567,44,0,0
20.11652566235683,2.5545157133437293,1,113979.45318044504,4.1958370073879765,91.69516297945516,67,0,2
36.16000317023273,2.6731790339652064,1,15024.441226344668,5.790308377799945,35.66169748656462,12,2,1
41.990786958644534,2.795559576945191,1,88636.32708659711,4.2812454070081465,97.94497209225402,35,0,2
46.48853673385993,1.9045831581266301,0,5744.486108946774,6.515499120916056,101.74681892540966,37,0,2
48.94499760934187,2.486339563707368,1,17393.170112350876,0.968551522475054,89.47001994587062,45,0,0
13.319777890071968,0.2404174350127325,0,24012.341541942063,6.015678138852836,95.57662708216363,51,1,2
36.16000317023273,2.153619408451739,1,15076.451153776226,5.790308377799945,89.89684383088246,12,0,1
47.262188444371546,3.9761807976298504,1,22419.643359039772,6.616485332677455,91.35280954343847,89,0,2
12.576085572155442,0.9329797147300581,1,18287.86185022551,7.684329697988259,19.385374039633867,47,0,1
20.078198997118353,2.6992860217221804,1,56023.9898967473,4.310196968898321,8.576707927621321,18,0,2
41.006144608396916,4.2966010607941705,0,20581.191465565025,5.2193582573499375,94.33507712800704,34,2,1
15.442499681391455,4.743755281768744,1,114964.72805953925,8.257203959353928,31.38505402057318,12,0,1
46.369217049109196,1.307806786836517,0,16363.15672250601,6.040152368681723,36.319125592819404,28,0,2
16.904245036528817,4.852445760704053,1,116062.36661903237,1.9920117136009141,36.30472155071366,5,2,0
45.83122281784196,4.092892086283231,1,34266.12750324882,2.4581732912468612,15.564454158240292,67,0,1
37.66645932259838,0.7735733234190655,1,10205.85727549838,9.495337072096792,15.261326759743174,23,1,1
36.16000317023273,1.5668578333113148,1,15083.774934966208,8.42760189537145,111.95911141723155,12,2,1
45.788593644022086,3.926054796631857,1,24317.817950892302,8.089913135203288,28.038550782347905,44,0,1
41.990786958644534,1.0760323296206509,1,89558.8611953342,0.6140030607195568,92.13719165325004,26,1,2
13.861909181892274,4.33093039257438,1,114857.71268926378,5.184991653752459,108.12104814558631,43,0,0
38.76047644712982,4.249328155476059,0,116510.93866628435,5.257744280890967,97.82815848713653,35,0,1
36.16000317023273,2.2985105995091635,1,15076.451153776226,6.0268273693047885,89.8698835201011,12,0,1
16.653072757173778,2.6992860217221804,1,56023.9898967473,3.98132583779672,35.922213526421146,3,0,2
46.36414799985742,1.3790369573411432,0,7669.939784717785,4.435605335053382,18.097352508849816,31,2,0
15.442499681391455,4.759355816753514,1,114964.72805953925,8.257203959353928,31.446053189027012,7,0,1
13.671502833056373,4.33093039257438,1,20523.859850567584,1.5652402603891664,90.71421191576425,43,2,0
36.65715727029804,1.7981345238371815,1,15083.087635356636,6.19613080279778,111.95911141723155,6,2,1
42.26850500867807,2.795559576945191,1,88636.32708659711,4.2812454070081465,97.94497209225402,35,0,2
18.46083815159008,4.852445760704053,1,116062.36661903237,5.859092314816696,36.30851240424273,6,2,1
32.76616917242954,1.614566497988885,1,18650.950814089887,8.551469647497816,53.79736632396222,41,0,0
13.227832468317526,4.33093039257438,1,22260.035150680087,7.60692098066874,88.49653681696626,43,0,0
36.14472624981467,3.34385463749632,1,55330.05490111768,6.767283614813165,8.276777272619164,31,0,1
37.66645932259838,0.7561536256733252,1,9945.952194210933,9.460816990081534,12.915499548423696,24,1,1
16.00842164342676,4.297384848209805,1,22336.73688098818,2.1694351991012555,89.61028591609528,43,0,0
36.16000317023273,1.653416879455087,1,15060.191969718091,8.42760189537145,20.17599713719324,12,2,1
13.672364945166532,2.8567302494207674,1,19798.142241739595,2.303160438777262,90.71421191576425,47,0,0
11.089042341091199,0.11080641651921996,0,109940.62802566223,5.806049280860789,95.60358739294497,54,1,2
23.486699374086626,4.852445760704053,1,116062.36661903237,1.9920117136009141,3.778749999961594,18,2,0
13.672364945166532,4.33093039257438,1,21681.799772159884,2.2975311011877233,114.16071715020817,53,0,1
45.788593644022086,4.096115396048768,1,21838.697010589116,9.414319450978596,23.512081129889616,44,0,1
16.344409166750772,4.33093039257438,1,18340.130593611473,2.3124900467609435,89.07191506915444,43,0,0
36.155566442527956,2.209388492897998,1,15179.615716155242,7.475925893805611,34.11945870565958,12,2,0
45.788593644022086,0.9564631638303798,1,18287.86185022551,7.684329697988259,24.22757565744217,44,0,1
37.65975903045149,2.6731790339652064,1,15024.441226344668,1.9232293909372635,35.65790663303556,12,2,0
48.94499760934187,2.486339563707368,1,17393.170112350876,0.7735098427575293,91.42566618687191,45,0,0
46.51152992023515,3.926054796631857,1,18702.497739585022,2.7805070565364254,29.31818682054051,44,0,1
32.857907600518175,2.1514165190678223,1,15076.451153776226,5.794123756638906,113.3850534152401,12,2,1
46.919154943165836,4.33093039257438,1,13702.446507848541,1.7900675227063738,93.42336040934778,43,0,0
12.654170835008745,4.736366913816582,1,115512.07425200025,6.0475098534987985,33.82789945799786,6,0,0
12.576085572155442,1.0579182078585898,1,18311.444815473624,7.684329697988259,36.90984422737836,45,0,1
36.16000317023273,2.6731790339652064,1,15024.441226344668,5.979183006762187,35.66169748656462,12,2,0
45.788593644022086,3.926054796631857,1,18625.79600927693,8.089913135203288,24.22757565744217,44,0,1
12.390290697193795,0.2404174350127325,0,114836.36623956873,6.042568272365632,95.57662708216363,54,1,2
19.552223782176014,1.0371963310348735,1,118441.03252992903,2.5128250689959852,107.57303938464338,52,0,1
41.006144608396916,4.249328155476059,0,31587.453266163084,5.224987582334574,97.82815848713653,34,0,1
27.474003513172654,2.162474058275154,1,114882.04343835768,6.205714309623075,52.88932764878375,95,1,2
10.212526345105154,3.137339668515369,0,25017.84357220032,8.968786778551111,41.789445884627156,37,1,0
37.70478484117882,0.611411994054819,1,10205.85727549838,9.388792828238849,10.049708847561373,66,1,1
41.990786958644534,0.9316815933891476,1,87878.28096068019,0.6140030607195568,101.75776921618441,37,0,2
48.94499760934187,2.486339563707368,1,97976.08126428643,5.267372809443465,108.4584324780098,45,0,0
16.026565176340984,3.7973328841116754,1,23999.435201928092,9.371954002653945,67.01778353661526,99,2,2
20.078198997118353,2.6992860217221804,1,114452.73148584324,4.310196968898321,91.69516297945516,18,0,2
43.654423681459335,0.5344003928452123,1,47991.931313715046,7.537953163579817,27.346886733104355,63,2,2
13.672364945166532,4.33093039257438,1,22336.73688098818,2.2975311011877233,90.71421191576425,43,0,0
20.970822732734916,0.6982945478707453,1,36096.91306230265,8.711518038624863,29.971841122661147,68,2,2
28.070508267040243,2.1982887875614483,1,13572.81999094867,1.7437093506074708,87.48776928628655,76,1,0
26.73371323571672,2.9342473672223197,0,92627.63700347938,2.6188438692043494,1.4366212162931014,33,2,0
31.709357175411625,1.5957475119820437,1,34266.12750324882,2.4581732912468612,46.16365998577331,67,0,0
44.74737050243053,2.0902708294194507,0,83207.79948100305,1.4209804306779605,28.582910837624734,68,0,0
35.25053414075584,4.4348224541331085,1,55330.05490111768,6.6944324427581945,4.850522859516282,45,1,1
36.16000317023273,2.2706785079306355,1,15031.765007534648,8.42760189537145,31.138237399629205,12,2,1
33.68886273643628,2.6962355625260233,0,70485.96398365026,1.5756125801278797,110.22646836214423,62,1,1
18.433145806955377,4.852445760704053,1,116062.36661903237,1.9920117136009141,36.30472155071366,5,2,0
27.986364358128945,1.3799156821679777,1,22217.06568218546,3.9738530293236174,13.971325319998993,89,0,1
49.50153563745396,4.473950939438922,1,115510.443402155,3.008830242386388,80.01660383790869,85,2,1
46.369217049109196,1.809277607143824,0,14203.725179306603,6.379745474504049,92.67300475584514,85,0,2
40.697776508941224,1.5602050870466622,0,69188.24795891781,1.170590151503098,41.37492820944632,0,1,2
31.34726660254852,4.406445972244695,0,20862.33305863921,5.826240275050129,110.78710956385572,98,2,0
44.75463082541415,0.3274837408521819,1,119516.82034088293,5.036708424236508,83.6555265132866,98,1,1
35.2352986493371,4.333275609554571,1,65992.72204590983,1.1745230876060642,64.50552319453335,59,2,0
25.9027706449054,4.1388380921336,0,104611.76326893108,4.481332934082989,107.59126020246056,83,1,2
20.156940196256045,2.7146992938517003,1,114676.64307382397,4.276938429629428,89.94087767041768,4,1,2
18.433145806955377,1.029453413680266,1,118557.47695406737,1.9920117136009141,36.30472155071366,6,2,0
25.9027706449054,4.1388380921336,0,37837.46855880031,4.481332934082989,107.59126020246056,83,0,2
33.268587448892035,0.25500650286270554,0,55330.05490111768,6.717619462062917,4.850522859516282,46,1,1
31.35705601063747,4.553749997470099,0,20862.33305863921,5.9064778507619,109.71150849249359,76,2,0
26.73371323571672,2.784623021356958,0,92627.63700347938,2.6188438692043494,1.4366212162931014,0,1,0
44.903563685866274,3.854796724505429,1,112741.92836561872,6.2571946000139596,24.22757565744217,44,0,1
44.74737050243053,2.070544561596067,1,83207.79948100305,1.4209804306779605,28.607533537465322,68,0,0
27.986364358128945,1.2368177681524812,1,23056.614110237788,3.61517462487644,7.728334052972832,89,1,1
36.16000317023273,2.2706785079306355,1,15951.674537593652,8.438959092059465,31.138237399629205,10,2,1
49.50153563745396,4.473950939438922,1,115510.443402155,3.008830242386388,76.52539653705607,93,2,1
37.06777157494681,2.6962355625260233,0,71324.74974132914,1.5500041864068164,110.07691966161165,43,1,1
16.026565176340984,3.7973328841116754,0,23999.435201928092,9.419438016183742,67.01778353661526,83,2,2
44.73325639346939,0.3274837408521819,1,119516.82034088293,5.036708424236508,82.53012388633233,98,1,1
10.240762847246497,3.1219263963858492,0,24507.17708009728,9.001729377812417,42.48790923312605,37,0,0
19.552223782176014,4.840170650774102,1,115945.92170629308,3.213477251017307,107.57303938464338,52,0,1
29.737734064985265,1.5957475119820437,1,101037.46843840677,2.4581732912468612,44.52380179149171,67,1,0
13.893356226821428,4.378042035367267,1,114836.36623956873,6.01938125306091,93.66014922943793,53,1,2
28.06071885895129,2.0504281458980342,1,13572.81999094867,1.6634809598447542,88.56334082932739,98,1,0
40.697776508941224,1.5602050870466622,0,69188.24795891781,1.170590151503098,41.37492820944632,34,2,2
28.358425915418543,2.1581512740278215,1,18517.111266215186,8.154876835120787,52.88932764878375,96,1,2
20.970822732734916,0.6982945478707453,0,36096.91306230265,8.711518038624863,11.175454098393622,68,2,2
37.70478484117882,0.611411994054819,1,10205.85727549838,9.70310944721368,10.049708847561373,66,0,1
48.94499760934187,2.486339563707368,1,97976.08126428643,5.256014631976144,108.4584324780098,47,0,0
41.006144608396916,4.249328155476059,0,31587.453266163084,5.224987582334574,96.4049560933247,34,0,1
10.731795991838359,4.33093039257438,1,21498.00443225751,2.323139494908914,90.86375610038286,65,0,0
46.369217049109196,1.758357801240098,1,14203.725179306603,6.379745474504049,92.67300475584514,100,0,2
42.012161390588744,0.9316815933891476,1,87878.28096068019,0.6140030607195568,102.88317176119446,37,0,2
35.72195519683295,4.4348224541331085,1,55907.28907562496,5.2477026048087625,11.788011500452477,45,1,1
48.94499760934187,2.486339563707368,1,97398.83946940216,6.714102647392852,108.4584324780098,41,0,0
10.731795991838359,4.33093039257438,1,21498.00443225751,2.323139494908914,90.86375610038286,65,0,1
18.45339575313411,4.851014659865464,0,112136.06408710749,5.224987582334574,98.18231849854607,34,0,1
48.55407465187638,2.486339563707368,1,97976.08126428643,5.267372809443465,108.4584324780098,45,0,1
18.978935398827687,1.2409241702936114,1,106224.93216350126,1.9920117136009141,36.30472155071366,6,2,0
19.391725742308985,2.7146992938517003,1,114676.64307382397,4.276938429629428,89.94087767041768,5,1,2
12.643166900436432,4.33093039257438,1,28517.588213845152,2.2975311011877233,90.71421191576425,43,0,0
11.469279518054222,2.0655159505321814,1,25017.84357220032,8.968786778551111,41.789445884627156,67,0,0
26.17065006297566,2.2706785079306355,0,11294.181490750874,4.338294608918256,108.20425204177494,12,2,2
26.3019482362774,2.1982887875614483,1,13572.81999094867,1.6800190815803673,87.48776928628655,76,1,2
20.46519502073667,3.130725584467753,1,114452.73148584324,4.310196968898321,90.35012026425858,18,0,2
19.552223782176014,4.840170650774102,1,115945.92170629308,3.213477251017307,107.57303938464338,52,1,1
25.21499064861331,2.2853114355952524,0,104611.76326893108,8.508389485460096,107.59126020246056,83,2,2
41.006144608396916,4.249328155476059,0,31587.453266163084,5.224987582334574,96.40953588142848,48,0,1
49.50153563745396,4.473950939438922,1,115510.443402155,2.4505657733794957,76.52539653705607,93,2,1
46.00040958456893,3.854796724505429,1,112741.92836561872,6.4011533569206325,19.12523969220939,44,0,1
35.72195519683295,4.4348224541331085,1,55907.28907562496,5.2477026048087625,11.788011500452477,45,1,0
39.17024976591638,4.250743238081869,1,35206.27474800116,1.370570015653858,35.9503360354891,5,2,0
35.62051685960988,4.4348224541331085,1,55330.05490111768,6.6944324427581945,5.193254559783047,38,1,0
27.44057477755117,1.0253470115391359,1,22209.916184418944,3.61517462487644,10.43700075395353,89,1,1
46.53588975806584,3.926054796631857,1,19061.78507886846,8.089913135203288,24.22757565744217,44,0,1
38.77200918935134,0.611411994054819,1,10585.048480379948,9.70310944721368,10.049708847561373,67,0,1
44.02196124849698,3.142368279578658,0,87839.96012898984,1.4683664898593962,28.607533537465322,38,1,0
35.892123752062346,3.969012327411224,1,41575.18140139099,8.570611519391873,30.50382065461629,83,0,1
28.073146914094263,2.162474058275154,1,114882.04343835768,6.205714309623075,52.88932764878375,95,1,0
10.127129606804749,2.6904868336402763,0,24507.17708009728,9.001729377812417,42.48790923312605,37,0,0
37.70478484117882,0.611411994054819,1,10205.85727549838,9.388792828238849,10.049708847561373,66,0,1
36.84778316484995,4.124204335543398,1,15951.674537593652,3.6875409739294973,31.138237399629205,10,1,1
41.990786958644534,0.9316815933891476,1,87878.28096068019,0.6140030607195568,101.75318942808063,31,0,2
31.709357175411625,1.5957475119820437,1,38836.53693612098,3.016437760253754,45.57167743054168,67,0,0
19.552223782176014,1.3579566952937272,1,118441.03252992903,2.3688667297202235,107.57303938464338,52,0,1
17.52923561132659,2.7146992938517003,1,114676.64307382397,4.276938429629428,89.94087767041768,21,1,2
36.16000317023273,2.2706785079306355,1,8647.271343277696,8.472212350929565,38.28355472630964,10,2,1
11.38498515429894,4.33093039257438,1,21498.00443225751,2.323139494908914,91.10796543216364,36,0,1
27.474003513172654,2.162474058275154,1,114882.04343835768,6.205714309623075,53.140853662350295,32,1,2
19.653323454106786,4.250737960077629,1,111520.44436339801,1.9920117136009141,36.30376393937258,12,2,0
10.127129606804749,2.6904868336402763,0,24507.17708009728,9.001729377812417,24.895955608977456,37,0,0
46.15200282652014,3.926054796631857,1,19061.78507886846,8.10117170287426,24.22757565744217,44,0,1
39.158580364151454,0.611411994054819,1,117027.46726245827,1.886942450126337,10.049708847561373,67,0,1
41.006144608396916,4.249328155476059,0,15404.980969947595,5.224987582334574,33.82545437904805,34,0,1
37.70478484117882,0.6573040679371683,1,31362.868021983548,9.759981298241472,46.55505746970887,67,0,0
38.455929152664794,0.757310923805706,1,22657.182422125,4.449103706321183,95.23018726940087,56,1,1
41.990786958644534,0.7342601279234212,1,87878.28096068019,4.391678313278772,101.75776921618441,19,0,2
35.25053414075584,4.4348224541331085,1,55330.05490111768,6.6944324427581945,4.850522859516282,45,1,0
10.240762847246497,3.1050223929857212,0,99243.39339257288,5.196073576499887,42.48790923312605,37,0,0
18.52811685166121,4.33093039257438,1,22336.73688098818,2.9858090558005284,76.80595652225634,37,0,0
20.46519502073667,3.130725584467753,1,114452.73148584324,4.260021342786226,90.35012026425858,4,0,2
36.70571895453783,4.114337650123391,1,15951.674537593652,3.6478755778427483,31.138237399629205,10,1,1
36.689322794277196,4.6722740226410195,1,55330.05490111768,6.6944324427581945,7.380887427503751,66,1,0
41.006144608396916,4.249328155476059,0,31587.453266163084,5.224987582334574,96.1534247899954,98,0,1
38.200854405579065,4.85243517823279,1,32830.21755844476,1.370570015653858,35.95129364683017,4,2,0
45.788593644022086,3.926054796631857,1,12860.156592402393,8.089913135203288,41.81952928185308,44,0,1
10.83074865401024,3.137339668515369,0,25017.84357220032,8.957528210826107,38.767804505080036,35,1,0
18.59238777858253,1.2409241702936114,1,8589.891109338721,9.740878871598483,36.30472155071366,6,2,0
36.16000317023273,2.2706785079306355,1,31214.237319997468,8.42760189537145,95.14069169301149,12,2,1
31.709357175411625,1.5957475119820437,1,8550.599944739268,2.331882501027022,9.659193922183618,66,0,1
25.41950572155756,1.9755575099090241,0,11294.181490750874,9.445692087676054,23.04553592277278,12,2,2
20.078198997118353,2.6992860217221804,1,106916.4960585504,0.5343373239351736,91.69516297945516,18,0,2
49.063045498211004,2.503243567107495,1,23239.108513839485,8.231514741419952,108.4584324780098,45,0,0
48.78927929617473,4.473950939438922,1,115510.443402155,2.4124658647755073,90.43365193056306,92,2,1
41.01079755068404,4.794943157923823,1,87878.28096068019,5.270248594224941,105.15166894227858,42,0,2
10.731795991838359,3.9261116193359284,1,21829.510023092465,2.323139494908914,90.86375610038286,65,0,1
36.16000317023273,2.27389624401559,1,15951.674537593652,8.438959092059465,30.869011171398213,10,2,1
20.168521495279727,4.124204335543398,1,15951.674537593652,4.319623728094669,91.83411509464469,18,1,1
36.28052010140585,0.9316815933891476,1,85988.26959432375,7.7756487539503745,101.75776921618441,40,0,2
10.240762847246497,3.1219263963858492,0,49525.642553709724,9.001729377812417,42.48790923312605,31,0,0
36.51366012504815,4.2430315917004595,1,15031.765007534648,8.42760189537145,30.707887540889928,12,2,1
36.66383392450542,2.2706785079306355,1,8647.271343277696,8.851818245988952,90.23476251786754,14,0,1
10.393208465961592,4.160836057570468,1,16367.167360800682,3.6478755778427483,29.64287259701494,10,1,1
10.016420548923396,1.2682737471384131,1,8589.891109338721,9.197012543541508,36.30472155071366,6,1,0
41.311875947246165,4.2621891632994675,1,5465.229198133156,1.370570015653858,22.342131112886072,12,2,0
45.788593644022086,2.532001793185135,1,21750.118264894525,8.092329494761083,24.22757565744217,44,0,1
13.672364945166532,4.333238173908961,1,22336.73688098818,2.3574231861779578,97.93910804796617,43,0,0
13.866623027047277,4.33093039257438,1,10411.150362442475,2.323139494908914,91.10796543216364,66,0,1
39.17024976591638,4.250713108307254,1,33552.18644615054,1.370570015653858,35.9503360354891,3,0,0
18.433145806955377,4.852445760704053,1,116062.36661903237,9.867471391545292,40.8879591558677,5,2,0
45.788593644022086,4.330873569869854,1,12528.651001779892,8.089913135203288,42.735293078191376,44,0,1
18.52811685166121,4.44008303443198,1,22336.73688098818,2.9858090558005284,77.07518378203089,37,0,0
37.14445782316717,3.130725584467753,1,114452.73148584324,2.9134967851686575,29.654226375379025,10,0,2
41.87027002741362,2.2706785079306355,1,33104.249973266524,1.2755751907149935,97.19338887055379,11,2,1
18.156823574438448,2.2783811479932172,1,113138.30805388562,1.9920117136009141,36.30376393937258,12,2,0
19.96136565614787,3.130725584467753,1,114452.73148584324,3.8800707221793034,42.15728356836325,4,2,2
36.96727790311175,2.6439881680473647,0,24091.68425689224,9.001729377812417,24.850010689744213,37,0,0
18.25733454971048,3.1375821311808174,0,25017.84357220032,8.959213514373102,47.048656705181074,35,2,0
25.46071583765927,2.2554997599675066,0,32657.855444014014,9.445692087676054,36.654698456775115,2,2,2
49.063045498211004,3.8972965619381226,1,23302.532454721124,8.142172360972339,108.4584324780098,48,0,0
41.006144608396916,4.3016779057650805,0,31587.453266163084,5.165095509480153,86.0671941292872,24,0,1
10.731795991838359,4.33093039257438,1,22922.09628414861,2.323139494908914,90.86375610038286,38,0,0
41.006144608396916,4.249358285250674,0,31587.453266163084,5.224987582334574,96.4049560933247,36,2,1
38.77200918935134,0.611411994054819,1,13657.95481896636,1.743450993214183,10.049708847561373,70,0,1
10.240762847246497,3.1304445583783957,0,24507.17708009728,9.001729377812417,42.48790923312605,37,0,0
45.788593644022086,3.926054796631857,1,18625.79600927693,8.089913135203288,24.22757565744217,44,0,1
12.390290697193795,0.2404174350127325,0,114836.36623956873,6.042568272365632,95.57662708216363,54,1,2
19.552223782176014,1.0371963310348735,1,118441.03252992903,2.5128250689959852,107.57303938464338,52,0,1
41.006144608396916,4.249328155476059,0,31587.453266163084,5.224987582334574,97.82815848713653,34,0,1
27.474003513172654,2.162474058275154,1,114882.04343835768,6.205714309623075,52.88932764878375,95,1,2
10.212526345105154,3.137339668515369,0,25017.84357220032,8.968786778551111,41.789445884627156,37,1,0
37.70478484117882,0.611411994054819,1,10205.85727549838,9.388792828238849,10.049708847561373,66,1,1
41.990786958644534,0.9316815933891476,1,87878.28096068019,0.6140030607195568,101.75776921618441,37,0,2
48.94499760934187,2.486339563707368,1,97976.08126428643,5.267372809443465,108.4584324780098,45,0,0
16.026565176340984,3.7973328841116754,1,23999.435201928092,9.371954002653945,67.01778353661526,99,2,2
20.078198997118353,2.6992860217221804,1,114452.73148584324,4.310196968898321,91.69516297945516,18,0,2
43.654423681459335,0.5344003928452123,1,47991.931313715046,7.537953163579817,27.346886733104355,63,2,2
13.672364945166532,4.33093039257438,1,22336.73688098818,2.2975311011877233,90.71421191576425,43,0,0
20.970822732734916,0.6982945478707453,1,36096.91306230265,8.711518038624863,29.971841122661147,68,2,2
28.070508267040243,2.1982887875614483,1,13572.81999094867,1.7437093506074708,87.48776928628655,76,1,0
26.73371323571672,2.9342473672223197,0,92627.63700347938,2.6188438692043494,1.4366212162931014,33,2,0
31.709357175411625,1.5957475119820437,1,34266.12750324882,2.4581732912468612,46.16365998577331,67,0,0
44.74737050243053,2.0902708294194507,0,83207.79948100305,1.4209804306779605,28.582910837624734,68,0,0
35.25053414075584,4.4348224541331085,1,55330.05490111768,6.6944324427581945,4.850522859516282,45,1,1
36.16000317023273,2.2706785079306355,1,15031.765007534648,8.42760189537145,31.138237399629205,12,2,1
33.68886273643628,2.6962355625260233,0,70485.96398365026,1.5756125801278797,110.22646836214423,62,1,1
18.433145806955377,4.852445760704053,1,116062.36661903237,1.9920117136009141,36.30472155071366,5,2,0
27.986364358128945,1.3799156821679777,1,22217.06568218546,3.9738530293236174,13.971325319998993,89,0,1
49.50153563745396,4.473950939438922,1,115510.443402155,3.008830242386388,80.01660383790869,85,2,1
46.369217049109196,1.809277607143824,0,14203.725179306603,6.379745474504049,92.67300475584514,85,0,2
40.697776508941224,1.5602050870466622,0,69188.24795891781,1.170590151503098,41.37492820944632,0,1,2
31.34726660254852,4.406445972244695,0,20862.33305863921,5.826240275050129,110.78710956385572,98,2,0
44.75463082541415,0.3274837408521819,1,119516.82034088293,5.036708424236508,83.6555265132866,98,1,1
35.2352986493371,4.333275609554571,1,65992.72204590983,1.1745230876060642,64.50552319453335,59,2,0
25.9027706449054,4.1388380921336,0,104611.76326893108,4.481332934082989,107.59126020246056,83,1,2
46.74857502681646,3.9025670171943068,1,18625.79600927693,6.109568757444202,52.31043113363357,42,0,2
42.04458314692904,1.054997769461406,1,88064.72263969618,0.6140030607195568,98.3428068722023,35,0,2
40.697776508941224,1.033462473573995,0,69188.24795891781,1.170590151503098,41.37492820944632,0,1,2
48.94499760934187,2.481497131505866,1,97976.08126428643,2.1582960845163974,111.87797878828306,42,0,0
28.070508267040243,2.1982887875614483,1,13620.914079620357,1.7437093506074708,82.3808080533247,76,1,0
46.758978562339344,4.498302649041253,0,20862.33305863921,6.390365889981167,91.93910896125304,85,0,0
27.119602777503985,2.9342473672223197,0,92796.50314687978,2.6188438692043494,1.4366212162931014,34,2,0
27.986364358128945,4.1907515822670796,1,63878.7697009133,3.9738530293236174,12.312974436926059,89,0,0
44.75463082541415,0.3274837408521819,0,119516.82034088293,5.036708424236508,81.71589322732775,98,1,1
10.11819111481414,3.117613163642413,0,27462.483442552162,8.968786778551111,41.789445884627156,18,1,0
12.390290697193795,0.27541028379784116,1,23979.126365755605,6.042568272365632,95.57662708216363,54,1,2
35.296881376782224,0.611411994054819,1,10205.85727549838,8.363933764775211,10.049708847561373,63,1,1
49.98931423279758,4.480319770303829,1,116200.52816486284,1.5756125801278797,109.99477797890762,62,1,1
44.03384890269498,0.4215406249142406,1,48443.117328574604,7.276096598826834,27.346886733104355,63,2,2
26.507400031332445,2.162474058275154,1,115336.95582106776,8.186058681865758,24.80647222956454,95,1,1
35.196737951880316,4.310980132810324,1,55143.61320288961,6.6944324427581945,8.579651998127474,45,1,1
19.552223782176014,1.563938944507632,1,118669.9876676547,2.4250535860698075,107.57303938464338,52,0,1
21.235754535042236,4.8511179794940515,1,116062.36661903237,4.964427915127975,26.870438385948432,8,2,0
44.32512818531504,2.0902708294194507,0,83165.38361068627,1.4209804306779605,33.68988163504302,69,0,0
32.287660190234554,1.7168956765038448,0,14203.725179306603,5.81561985957301,111.52098110884705,98,2,2
20.584933190965142,0.6982945478707453,1,35928.02798908099,8.711518038624863,29.971841122661147,67,2,2
35.2352986493371,1.3726779838015608,1,22705.58859835209,1.1745230876060642,64.50552319453335,59,2,1
25.263962699751225,4.1388380921336,1,104611.76326893108,4.481332934082989,107.59126020246056,83,1,2
20.078198997118353,2.6992860217221804,1,111798.05892373325,4.310196968898321,91.69516297945516,47,0,2
13.672364945166532,4.33093039257438,0,112928.45995652821,2.2975311011877233,90.71421191576425,43,0,0
36.631125168166065,2.2706785079306355,1,15031.765007534648,9.452460497943147,31.138237399629205,12,2,1
31.01957239591779,2.68984627675811,0,69701.61300175506,3.008830242386388,61.0568446644277,86,2,1
15.647775838626908,3.913038294339164,1,24468.15872211063,9.342870047576186,67.01778353661526,99,2,2
40.98196766077806,1.5602050870466622,0,69188.24795891781,1.0173535301681669,94.52303666695558,0,0,2
19.793996959288084,2.6992860217221804,1,114452.73148584324,4.4634906244892365,38.547005481040486,21,1,2
13.672364945166532,4.33093039257438,1,22336.73688098818,2.2975311011877233,86.79586975925487,50,0,0
44.576276498228125,0.611411994054819,1,25681.329447667922,8.365352919134905,13.206322889091183,63,1,1
10.11819111481414,3.115751149345133,0,27462.483442552162,8.968786778551111,44.60742670145201,17,0,0
35.196737951880316,4.310980132810324,1,114711.77105178105,6.741647064898819,89.44933292482207,45,0,1
40.770152817325155,1.5602050870466622,0,69188.24795891781,1.0173535301681669,95.51643389515165,57,0,2
16.026565176340984,3.7973328841116754,1,23999.435201928092,9.468180546408654,52.17932414500714,99,2,2
15.229188141488066,4.852445760704053,1,67106.60761406746,1.9920117136009141,36.46320780267371,0,2,0
45.788593644022086,3.926054796631857,1,18625.79600927693,8.118241411253287,31.17081256787999,44,0,1
31.288889750411922,1.4017625361484813,1,97976.08126428643,5.267372809443465,64.14071546835737,45,0,0
20.078198997118353,2.2040422802994852,1,114376.6651105758,4.310196968898321,98.18776990340722,47,0,2
35.25053414075584,4.4348224541331085,0,53993.7147929899,6.759645837146748,4.850522859516282,98,1,1
42.7348969143483,2.9030300075716493,1,87635.38930204336,2.6188438692043494,103.60054107633371,34,2,0
19.793996959288084,2.126479112315729,1,114452.73148584324,4.4634906244892365,38.547005481040486,22,1,2
21.153862025899393,4.8511179794940515,1,116062.36661903237,4.964427915127975,26.870438385948432,8,2,0
42.04458314692904,0.9993875656349606,1,94963.72365043823,0.6140030607195568,98.3428068722023,35,0,2
10.212526345105154,3.137339668515369,0,9542.373123233669,8.96736762419096,40.947755423567735,37,1,0
19.552223782176014,0.5691861498939672,1,118441.03252992903,2.5128250689959852,108.0379331946844,53,1,1
20.078198997118353,2.6992860217221804,1,49628.743247542705,4.262982346697607,10.886885955532392,21,1,2
12.390290697193795,0.27541028379784116,1,18617.430541835332,6.042568272365632,94.58322985396755,0,1,2
44.213812815199496,3.9025670171943068,1,18625.79600927693,6.012153311225314,67.14889052524168,42,0,2
40.697776508941224,1.033462473573995,0,117748.98489915987,1.170590151503098,41.21644195748627,2,1,2
36.74534614705802,2.2706785079306355,1,15031.765007534648,9.449741674429992,26.903667190172072,12,2,1
49.95280406425645,2.4572550113985923,1,22705.58859835209,1.1745230876060642,108.82193561491376,59,2,1
41.006144608396916,4.249328155476059,0,28680.74134075918,5.224987582334574,97.85528787784754,34,0,1
44.75463082541415,0.3274837408521819,1,119299.50053475596,4.971495029846872,81.71589322732775,45,1,1
26.375475376739892,0.9628997672028845,0,93039.39480551661,0.6140030607195568,0.5974027506159487,37,0,2
36.16000317023273,2.2706785079306355,1,15031.765007534648,8.42760189537145,35.77516993825015,12,2,1
27.474003513172654,2.7352809676816054,1,114882.04343835768,6.205714309623075,52.88932764878375,95,1,2
26.174207389916994,4.1388380921336,0,100537.30352171184,3.7569838241076603,107.59126020246056,83,1,2
13.672364945166532,1.3206566979451664,1,22694.71477702979,1.8796346346255657,90.71421191576425,43,0,0
42.04458314692904,0.9993875656349606,1,96768.53304430796,0.6140030607195568,92.31829282146795,54,0,2
10.212526345105154,3.137339668515369,0,22706.923277831746,8.61829228603063,41.22407804181559,37,1,0
49.9838410654481,2.6679986586229605,1,22705.58859835209,0.6229226185984764,101.70874375948914,58,2,1
20.078198997118353,2.497259271224883,1,49628.743247542705,4.174716682202696,10.886885955532392,42,1,2
15.229188141488066,4.852445760704053,1,67434.92814957748,2.806180610261122,109.64500617735858,2,2,0
19.793996959288084,3.021739468038575,0,114452.73148584324,4.8289046970433525,38.547005481040486,22,1,2
13.672364945166532,4.409174111725385,1,26053.938471565674,2.2975311011877233,90.85548271175354,43,0,0
12.284465846374758,0.27541028379784116,1,18617.430541835332,6.042568272365632,51.72852859130565,0,1,2
21.34938915215393,1.090084771523765,1,119021.7563910209,8.052426434583932,113.02824532891056,51,0,1
27.474003513172654,3.8978234724417646,1,114882.04343835768,6.024701182939667,52.88932764878375,40,1,2
35.307859950960406,0.31407724671472304,1,14143.656502171809,5.184081691815869,10.049708847561373,63,1,1
46.02313641573196,2.2706785079306355,1,15036.167126412362,8.401782124786045,31.138237399629205,12,2,1
12.804186188544245,4.249328155476059,0,31449.58784683576,5.224987582334574,97.82815848713653,33,0,1
10.243181502183738,3.146137167051096,0,27347.284111017518,1.4005504871276335,41.789445884627156,18,1,0
36.74534614705802,2.2706785079306355,1,15031.765007534648,9.449741674429992,14.360090533107496,12,2,1
39.099966229013404,2.2706785079306355,1,13249.585532887832,9.452460497943147,37.16247416490593,12,2,1
40.697776508941224,1.033462473573995,0,118329.6455266178,1.5201412345689507,41.781809800297836,14,1,2
41.356431889523165,0.5759174795928759,1,87878.28096068019,1.1656035298005787,107.50563540982249,38,0,2
13.672364945166532,1.3043838758509017,1,22694.71477702979,2.20873151748945,93.59516525591913,23,0,0
42.7348969143483,2.9030300075716493,1,87307.06876649368,2.005140713824323,30.643430702886597,32,2,0
10.07039487467854,3.137339668515369,1,9542.373123233669,8.96736762419096,40.947755423567735,36,1,0
13.672364945166532,4.33093039257438,1,22336.73688098818,2.2975311011877233,86.6545989632656,56,0,0
46.89837638587571,3.9025670171943068,1,18625.79600927693,6.109568757444202,95.16512777756088,42,0,2
46.760688950380555,3.8731679377557087,1,14960.184888608332,2.5786200398133317,25.464064658160652,50,0,1
43.97705188384885,2.1672175452571953,1,18625.79600927693,6.193166437908721,71.01730134597516,89,0,2
40.99516603420729,4.555131390404293,0,22423.268416442395,8.404838547432798,97.85528787784754,34,0,1
35.92543816886021,3.926054796631857,1,18621.39389039922,8.833778624007818,24.22757565744217,44,0,1
37.66862413425883,3.115751149345133,0,27600.34886187949,9.415544302514938,44.60742670145201,18,0,0
43.22343195523823,1.3441539975828345,1,22820.787929886737,8.907668093033632,64.50552319453335,59,2,1
12.335839677558816,1.620230015818839,1,22694.71477702979,1.9258095618131676,94.75461919111804,1,0,2
33.99287919216285,3.9926886625669544,1,23840.265708867013,8.833778624007818,15.590149323463182,44,0,1
10.001249096945287,3.1063098251654115,0,27462.483442552162,8.968786778551111,15.175221498971643,17,2,0
10.11819111481414,4.817057532248247,1,29460.552896890258,8.968786778551111,36.85590003627825,18,1,0
11.85380806671293,3.146137167051096,0,21512.99955603789,1.4005504871276335,43.33010913359531,19,1,0
12.804186188544245,0.22803322840066587,0,18596.169493898382,5.224987582334574,47.3693932870169,33,0,1
46.74857502681646,3.9025670171943068,1,18625.79600927693,6.164494788501688,52.31043113363357,42,0,2
36.16000317023273,2.422584512939863,1,22901.90790311111,8.170966518933898,37.482763588856756,23,2,0
37.20877431126583,2.2722775841858134,0,27600.34886187949,9.415544302514938,44.60742670145201,12,0,0
45.84819089079237,3.9501367673091936,0,22530.035865707287,8.406376518167436,97.85528787784754,34,0,1
12.335839677558816,2.5211404903222836,1,22694.71477702979,1.4706901231517588,100.21642647101146,0,0,2
13.672364945166532,4.33093039257438,1,23081.944918243265,2.511675621784677,90.71421191576425,43,0,0
10.759950108826292,3.0946859408777536,0,4438.466022160383,8.96736762419096,89.3451465275849,37,1,1
10.07039487467854,1.3150690565594438,1,22369.678061596776,8.594803227806956,40.947755423567735,36,1,0
15.213480345900589,4.312741180358387,1,22336.73688098818,2.837838000294964,86.79586975925487,49,0,0
36.77636850269765,2.2706785079306355,1,15031.765007534648,5.7216542590026025,35.05881125028,12,2,2
49.6139122218504,2.2706785079306355,1,15036.167126412362,8.401782124786045,31.138237399629205,9,2,1
42.8937119749808,2.280119832110338,1,15031.765007534648,9.449741674429992,43.792306007151154,3,0,1
14.512142899698041,3.255518080075109,0,65108.53867279331,1.1713265601621503,41.396753651022614,0,2,0
43.094566259678835,3.9025670171943068,1,27089.44746954798,6.012153311225314,77.64177687023708,41,0,2
12.284465846374758,4.31331696509974,1,31470.84889485204,6.042568272365632,97.47373025978217,1,1,2
13.672364945166532,4.33093039257438,1,22336.73688098818,2.2975311011877233,87.44855354269731,57,0,0
13.672364945166532,1.3043838758509017,1,14824.571881457321,2.20873151748945,91.88754741085698,12,0,1
40.74024806842685,3.1141520730899357,1,34369.55786795623,9.452460497943147,37.16247416490593,11,2,1
40.93556877392793,4.32962181367372,1,18519.02856001204,8.116703440518647,24.40552248175525,44,0,1
20.078198997118353,1.5961412662346823,1,49628.743247542705,3.706872674320545,5.864403438908461,44,1,2
19.552223782176014,1.0371963310348735,1,116656.19439239574,2.2986805483990316,107.57303938464338,52,0,1
40.94259212303896,4.291981763735387,0,31350.404285151133,5.224987582334574,41.05736903426563,34,0,0
13.672364945166532,3.1429273292143645,1,9867.409958459506,1.9215771250786586,90.71421191576425,43,0,0
13.688072740754027,4.8706024247610396,1,67434.92814957748,2.265873711153881,105.83308200604365,3,2,0
11.75332777732108,0.27541028379784116,1,18210.13185097882,8.399896229771995,90.66260060423656,0,1,1
