bandwidth,cruise_speed,firm_obstacle,illuminance,obstacle_distance,obstacle_size,power,quality,smoke_intensity
30.542836792683524,1.5389405470294182,0,100249.38585110314,5.423335867266905,117.60701361721844,73,2,2
30.542836792683524,1.5389405470294182,0,100249.38585110314,5.423335867266905,117.60701361721844,95,2,2
30.542836792683524,1.5389405470294182,0,100249.38585110314,5.423335867266905,117.60701361721844,89,2,2
30.542836792683524,1.5389405470294182,0,100249.38585110314,5.423335867266905,117.60701361721844,51,2,2
30.542836792683524,1.5389405470294182,0,100249.38585110314,5.423335867266905,117.60701361721844,94,2,2
30.542836792683524,1.5389405470294182,0,100249.38585110314,5.423335867266905,117.60701361721844,98,2,2
30.542836792683524,1.5389405470294182,0,100249.38585110314,5.423335867266905,117.60701361721844,97,2,2
30.542836792683524,1.5389405470294182,0,100249.38585110314,5.423335867266905,117.60701361721844,8,2,2
30.542836792683524,1.5389405470294182,0,100249.38585110314,5.423335867266905,117.60701361721844,45,2,2
30.542836792683524,1.5389405470294182,0,100249.38585110314,5.423335867266905,117.60701361721844,61,2,2
30.542836792683524,1.5389405470294182,0,100249.38585110314,5.423335867266905,117.60701361721844,28,2,2
30.542836792683524,1.5389405470294182,0,100249.38585110314,5.423335867266905,117.60701361721844,38,2,2
30.542836792683524,1.5389405470294182,0,100249.38585110314,5.423335867266905,117.60701361721844,63,2,2
30.542836792683524,1.5389405470294182,0,100249.38585110314,5.423335867266905,117.60701361721844,80,2,2
30.542836792683524,1.5389405470294182,0,100249.38585110314,5.423335867266905,117.60701361721844,58,2,2
30.542836792683524,1.5389405470294182,0,100249.38585110314,5.423335867266905,117.60701361721844,17,2,2
30.542836792683524,1.5389405470294182,0,100249.38585110314,5.423335867266905,117.60701361721844,68,2,2
30.542836792683524,1.5389405470294182,0,100249.38585110314,5.423335867266905,117.60701361721844,88,2,2
30.542836792683524,1.5389405470294182,0,100249.38585110314,5.423335867266905,117.60701361721844,22,2,2
30.542836792683524,1.5389405470294182,0,100249.38585110314,5.423335867266905,117.60701361721844,54,2,2
30.542836792683524,1.5389405470294182,0,100249.38585110314,5.423335867266905,117.60701361721844,34,2,2
30.542836792683524,1.5389405470294182,0,100249.38585110314,5.423335867266905,117.60701361721844,91,2,2
30.542836792683524,1.5389405470294182,0,100249.38585110314,5.423335867266905,117.60701361721844,6,2,2
30.542836792683524,1.5389405470294182,0,100249.38585110314,5.423335867266905,117.60701361721844,48,2,2
30.542836792683524,1.5389405470294182,0,100249.38585110314,5.423335867266905,117.60701361721844,90,2,2
30.542836792683524,1.5389405470294182,0,100249.38585110314,5.423335867266905,117.60701361721844,43,2,2
30.542836792683524,1.5389405470294182,0,100249.38585110314,5.423335867266905,117.60701361721844,14,2,2
30.542836792683524,1.5389405470294182,0,100249.38585110314,5.423335867266905,117.60701361721844,79,2,2
30.542836792683524,1.5389405470294182,0,100249.38585110314,5.423335867266905,117.60701361721844,97,2,2
30.542836792683524,1.5389405470294182,0,100249.38585110314,5.423335867266905,117.60701361721844,99,2,2
13.983211233119498,1.848628963262144,1,45316.47515401392,1.567267127742602,55.81242142897093,66,2,1
13.983211233119498,4.844664346581174,1,45316.47515401392,1.567267127742602,55.81242142897093,66,2,1
13.983211233119498,4.645131938827097,1,45316.47515401392,1.567267127742602,55.81242142897093,66,2,1
13.983211233119498,0.8884629288099055,1,45316.47515401392,1.567267127742602,55.81242142897093,66,2,1
13.983211233119498,3.044258084222738,1,45316.47515401392,1.567267127742602,55.81242142897093,66,2,1
13.983211233119498,3.5243237278237127,1,45316.47515401392,1.567267127742602,55.81242142897093,66,2,1
13.983211233119498,4.7140183956458355,1,45316.47515401392,1.567267127742602,55.81242142897093,66,2,1
13.983211233119498,3.328287084828767,1,45316.47515401392,1.567267127742602,55.81242142897093,66,2,1
13.983211233119498,0.6669787772584657,1,45316.47515401392,1.567267127742602,55.81242142897093,66,2,1
13.983211233119498,2.4893379939268723,1,45316.47515401392,1.567267127742602,55.81242142897093,66,2,1
13.983211233119498,2.468099169780574,1,45316.47515401392,1.567267127742602,55.81242142897093,66,2,1
13.983211233119498,2.5011309467437295,1,45316.47515401392,1.567267127742602,55.81242142897093,66,2,1
13.983211233119498,4.792911430546236,1,45316.47515401392,1.567267127742602,55.81242142897093,66,2,1
13.983211233119498,1.749686999111274,1,45316.47515401392,1.567267127742602,55.81242142897093,66,2,1
13.983211233119498,1.1188557338910798,1,45316.47515401392,1.567267127742602,55.81242142897093,66,2,1
13.983211233119498,2.6104350110572385,1,45316.47515401392,1.567267127742602,55.81242142897093,66,2,1
13.983211233119498,3.205854619825141,1,45316.47515401392,1.567267127742602,55.81242142897093,66,2,1
13.983211233119498,4.695535267120044,1,45316.47515401392,1.567267127742602,55.81242142897093,66,2,1
13.983211233119498,2.910079003235229,1,45316.47515401392,1.567267127742602,55.81242142897093,66,2,1
13.983211233119498,1.3391669514579423,1,45316.47515401392,1.567267127742602,55.81242142897093,66,2,1
13.983211233119498,4.648873476540334,1,45316.47515401392,1.567267127742602,55.81242142897093,66,2,1
13.983211233119498,2.4586264230623827,1,45316.47515401392,1.567267127742602,55.81242142897093,66,2,1
13.983211233119498,3.3790043246676293,1,45316.47515401392,1.567267127742602,55.81242142897093,66,2,1
13.983211233119498,2.3801945523770094,1,45316.47515401392,1.567267127742602,55.81242142897093,66,2,1
13.983211233119498,1.0849001321099756,1,45316.47515401392,1.567267127742602,55.81242142897093,66,2,1
13.983211233119498,3.462760223552803,1,45316.47515401392,1.567267127742602,55.81242142897093,66,2,1
13.983211233119498,3.8531524154587187,1,45316.47515401392,1.567267127742602,55.81242142897093,66,2,1
13.983211233119498,0.9539425262926882,1,45316.47515401392,1.567267127742602,55.81242142897093,66,2,1
13.983211233119498,2.299580063742408,1,45316.47515401392,1.567267127742602,55.81242142897093,66,2,1
13.983211233119498,1.809075299509546,1,45316.47515401392,1.567267127742602,55.81242142897093,66,2,1
16.829192777850995,0.6680168003237819,1,45494.58835527008,0.1408213941669756,101.35250991937626,69,2,0
18.854066394231488,0.6680168003237819,1,45494.58835527008,0.1408213941669756,101.35250991937626,69,2,0
48.500296453055135,0.6680168003237819,1,45494.58835527008,0.1408213941669756,101.35250991937626,69,2,0
45.36892206527125,0.6680168003237819,1,45494.58835527008,0.1408213941669756,101.35250991937626,69,2,0
25.291673047791168,0.6680168003237819,1,45494.58835527008,0.1408213941669756,101.35250991937626,69,2,0
39.57892972540176,0.6680168003237819,1,45494.58835527008,0.1408213941669756,101.35250991937626,69,2,0
11.67872148725082,0.6680168003237819,1,45494.58835527008,0.1408213941669756,101.35250991937626,69,2,0
46.6022880496069,0.6680168003237819,1,45494.58835527008,0.1408213941669756,101.35250991937626,69,2,0
31.48683404856409,0.6680168003237819,1,45494.58835527008,0.1408213941669756,101.35250991937626,69,2,0
42.810712140717754,0.6680168003237819,1,45494.58835527008,0.1408213941669756,101.35250991937626,69,2,0
21.037530302606942,0.6680168003237819,1,45494.58835527008,0.1408213941669756,101.35250991937626,69,2,0
25.04495252716271,0.6680168003237819,1,45494.58835527008,0.1408213941669756,101.35250991937626,69,2,0
23.92174875647322,0.6680168003237819,1,45494.58835527008,0.1408213941669756,101.35250991937626,69,2,0
48.897586708450234,0.6680168003237819,1,45494.58835527008,0.1408213941669756,101.35250991937626,69,2,0
27.17839531690935,0.6680168003237819,1,45494.58835527008,0.1408213941669756,101.35250991937626,69,2,0
29.987709621279866,0.6680168003237819,1,45494.58835527008,0.1408213941669756,101.35250991937626,69,2,0
48.23915720074905,0.6680168003237819,1,45494.58835527008,0.1408213941669756,101.35250991937626,69,2,0
46.127823534029524,0.6680168003237819,1,45494.58835527008,0.1408213941669756,101.35250991937626,69,2,0
25.800420410405394,0.6680168003237819,1,45494.58835527008,0.1408213941669756,101.35250991937626,69,2,0
22.294316789161424,0.6680168003237819,1,45494.58835527008,0.1408213941669756,101.35250991937626,69,2,0
42.281917445401525,0.6680168003237819,1,45494.58835527008,0.1408213941669756,101.35250991937626,69,2,0
14.29886359477126,0.6680168003237819,1,45494.58835527008,0.1408213941669756,101.35250991937626,69,2,0
25.6875565478648,0.6680168003237819,1,45494.58835527008,0.1408213941669756,101.35250991937626,69,2,0
45.057352687331004,0.6680168003237819,1,45494.58835527008,0.1408213941669756,101.35250991937626,69,2,0
46.70569659330613,0.6680168003237819,1,45494.58835527008,0.1408213941669756,101.35250991937626,69,2,0
19.33905074646607,0.6680168003237819,1,45494.58835527008,0.1408213941669756,101.35250991937626,69,2,0
13.148806020426193,0.6680168003237819,1,45494.58835527008,0.1408213941669756,101.35250991937626,69,2,0
41.509099938328205,0.6680168003237819,1,45494.58835527008,0.1408213941669756,101.35250991937626,69,2,0
34.871122615840946,0.6680168003237819,1,45494.58835527008,0.1408213941669756,101.35250991937626,69,2,0
19.50019270495349,0.6680168003237819,1,45494.58835527008,0.1408213941669756,101.35250991937626,69,2,0
30.285177337377554,3.5700803986619842,0,22478.604061313017,4.302545894334772,117.17778484716384,24,1,2
30.285177337377554,3.5700803986619842,0,22478.604061313017,4.302545894334772,117.17778484716384,24,1,2
30.285177337377554,3.5700803986619842,0,22478.604061313017,4.302545894334772,117.17778484716384,24,0,2
30.285177337377554,3.5700803986619842,0,22478.604061313017,4.302545894334772,117.17778484716384,24,0,2
30.285177337377554,3.5700803986619842,0,22478.604061313017,4.302545894334772,117.17778484716384,24,2,2
30.285177337377554,3.5700803986619842,0,22478.604061313017,4.302545894334772,117.17778484716384,24,2,2
30.285177337377554,3.5700803986619842,0,22478.604061313017,4.302545894334772,117.17778484716384,24,1,2
30.285177337377554,3.5700803986619842,0,22478.604061313017,4.302545894334772,117.17778484716384,24,1,2
30.285177337377554,3.5700803986619842,0,22478.604061313017,4.302545894334772,117.17778484716384,24,2,2
30.285177337377554,3.5700803986619842,0,22478.604061313017,4.302545894334772,117.17778484716384,24,2,2
30.285177337377554,3.5700803986619842,0,22478.604061313017,4.302545894334772,117.17778484716384,24,1,2
30.285177337377554,3.5700803986619842,0,22478.604061313017,4.302545894334772,117.17778484716384,24,0,2
30.285177337377554,3.5700803986619842,0,22478.604061313017,4.302545894334772,117.17778484716384,24,0,2
30.285177337377554,3.5700803986619842,0,22478.604061313017,4.302545894334772,117.17778484716384,24,1,2
30.285177337377554,3.5700803986619842,0,22478.604061313017,4.302545894334772,117.17778484716384,24,1,2
30.285177337377554,3.5700803986619842,0,22478.604061313017,4.302545894334772,117.17778484716384,24,1,2
30.285177337377554,3.5700803986619842,0,22478.604061313017,4.302545894334772,117.17778484716384,24,1,2
30.285177337377554,3.5700803986619842,0,22478.604061313017,4.302545894334772,117.17778484716384,24,1,2
30.285177337377554,3.5700803986619842,0,22478.604061313017,4.302545894334772,117.17778484716384,24,2,2
30.285177337377554,3.5700803986619842,0,22478.604061313017,4.302545894334772,117.17778484716384,24,1,2
30.285177337377554,3.5700803986619842,0,22478.604061313017,4.302545894334772,117.17778484716384,24,1,2
30.285177337377554,3.5700803986619842,0,22478.604061313017,4.302545894334772,117.17778484716384,24,1,2
30.285177337377554,3.5700803986619842,0,22478.604061313017,4.302545894334772,117.17778484716384,24,2,2
30.285177337377554,3.5700803986619842,0,22478.604061313017,4.302545894334772,117.17778484716384,24,1,2
30.285177337377554,3.5700803986619842,0,22478.604061313017,4.302545894334772,117.17778484716384,24,1,2
30.285177337377554,3.5700803986619842,0,22478.604061313017,4.302545894334772,117.17778484716384,24,1,2
30.285177337377554,3.5700803986619842,0,22478.604061313017,4.302545894334772,117.17778484716384,24,0,2
30.285177337377554,3.5700803986619842,0,22478.604061313017,4.302545894334772,117.17778484716384,24,0,2
30.285177337377554,3.5700803986619842,0,22478.604061313017,4.302545894334772,117.17778484716384,24,0,2
30.285177337377554,3.5700803986619842,0,22478.604061313017,4.302545894334772,117.17778484716384,24,0,2
22.80002534286083,4.97689324505063,0,8665.671110135952,2.0578264440411087,75.28583411273046,47,1,0
22.80002534286083,4.97689324505063,0,46020.41006366338,2.0578264440411087,75.28583411273046,47,1,0
22.80002534286083,4.97689324505063,0,57741.77891333073,2.0578264440411087,75.28583411273046,47,1,0
22.80002534286083,4.97689324505063,0,13516.53945379412,2.0578264440411087,75.28583411273046,47,1,0
22.80002534286083,4.97689324505063,0,80123.98662372415,2.0578264440411087,75.28583411273046,47,1,0
22.80002534286083,4.97689324505063,0,58503.31648491285,2.0578264440411087,75.28583411273046,47,1,0
22.80002534286083,4.97689324505063,0,60059.55225930075,2.0578264440411087,75.28583411273046,47,1,0
22.80002534286083,4.97689324505063,0,71712.00228669796,2.0578264440411087,75.28583411273046,47,1,0
22.80002534286083,4.97689324505063,0,112188.01239665019,2.0578264440411087,75.28583411273046,47,1,0
22.80002534286083,4.97689324505063,0,70680.2414003415,2.0578264440411087,75.28583411273046,47,1,0
22.80002534286083,4.97689324505063,0,11254.168311541396,2.0578264440411087,75.28583411273046,47,1,0
22.80002534286083,4.97689324505063,0,17610.448493081967,2.0578264440411087,75.28583411273046,47,1,0
22.80002534286083,4.97689324505063,0,83279.41951879891,2.0578264440411087,75.28583411273046,47,1,0
22.80002534286083,4.97689324505063,0,38741.16140856881,2.0578264440411087,75.28583411273046,47,1,0
22.80002534286083,4.97689324505063,0,90644.25557120141,2.0578264440411087,75.28583411273046,47,1,0
22.80002534286083,4.97689324505063,0,61296.23106103705,2.0578264440411087,75.28583411273046,47,1,0
22.80002534286083,4.97689324505063,0,45587.438394382305,2.0578264440411087,75.28583411273046,47,1,0
22.80002534286083,4.97689324505063,0,88744.26514368443,2.0578264440411087,75.28583411273046,47,1,0
22.80002534286083,4.97689324505063,0,21990.377493348024,2.0578264440411087,75.28583411273046,47,1,0
22.80002534286083,4.97689324505063,0,34206.11978503973,2.0578264440411087,75.28583411273046,47,1,0
22.80002534286083,4.97689324505063,0,35061.22104840772,2.0578264440411087,75.28583411273046,47,1,0
22.80002534286083,4.97689324505063,0,49861.552441432905,2.0578264440411087,75.28583411273046,47,1,0
22.80002534286083,4.97689324505063,0,108857.37736281847,2.0578264440411087,75.28583411273046,47,1,0
22.80002534286083,4.97689324505063,0,97512.2540121824,2.0578264440411087,75.28583411273046,47,1,0
22.80002534286083,4.97689324505063,0,98599.54227588841,2.0578264440411087,75.28583411273046,47,1,0
22.80002534286083,4.97689324505063,0,75752.73757215099,2.0578264440411087,75.28583411273046,47,1,0
22.80002534286083,4.97689324505063,0,1025.3298875598382,2.0578264440411087,75.28583411273046,47,1,0
22.80002534286083,4.97689324505063,0,34364.521142918275,2.0578264440411087,75.28583411273046,47,1,0
22.80002534286083,4.97689324505063,0,60235.85634660481,2.0578264440411087,75.28583411273046,47,1,0
22.80002534286083,4.97689324505063,0,107818.63183401927,2.0578264440411087,75.28583411273046,47,1,0
30.706817992606666,2.3262638581260924,1,8300.265548135605,4.369787578731138,81.27978659121933,66,2,2
30.706817992606666,2.3262638581260924,1,8300.265548135605,4.369787578731138,81.27978659121933,66,2,1
30.706817992606666,2.3262638581260924,1,8300.265548135605,4.369787578731138,81.27978659121933,66,2,1
30.706817992606666,2.3262638581260924,1,8300.265548135605,4.369787578731138,81.27978659121933,66,2,1
30.706817992606666,2.3262638581260924,1,8300.265548135605,4.369787578731138,81.27978659121933,66,2,2
30.706817992606666,2.3262638581260924,1,8300.265548135605,4.369787578731138,81.27978659121933,66,2,2
30.706817992606666,2.3262638581260924,1,8300.265548135605,4.369787578731138,81.27978659121933,66,2,0
30.706817992606666,2.3262638581260924,1,8300.265548135605,4.369787578731138,81.27978659121933,66,2,1
30.706817992606666,2.3262638581260924,1,8300.265548135605,4.369787578731138,81.27978659121933,66,2,0
30.706817992606666,2.3262638581260924,1,8300.265548135605,4.369787578731138,81.27978659121933,66,2,2
30.706817992606666,2.3262638581260924,1,8300.265548135605,4.369787578731138,81.27978659121933,66,2,2
30.706817992606666,2.3262638581260924,1,8300.265548135605,4.369787578731138,81.27978659121933,66,2,1
30.706817992606666,2.3262638581260924,1,8300.265548135605,4.369787578731138,81.27978659121933,66,2,2
30.706817992606666,2.3262638581260924,1,8300.265548135605,4.369787578731138,81.27978659121933,66,2,1
30.706817992606666,2.3262638581260924,1,8300.265548135605,4.369787578731138,81.27978659121933,66,2,1
30.706817992606666,2.3262638581260924,1,8300.265548135605,4.369787578731138,81.27978659121933,66,2,1
30.706817992606666,2.3262638581260924,1,8300.265548135605,4.369787578731138,81.27978659121933,66,2,1
30.706817992606666,2.3262638581260924,1,8300.265548135605,4.369787578731138,81.27978659121933,66,2,1
30.706817992606666,2.3262638581260924,1,8300.265548135605,4.369787578731138,81.27978659121933,66,2,1
30.706817992606666,2.3262638581260924,1,8300.265548135605,4.369787578731138,81.27978659121933,66,2,0
30.706817992606666,2.3262638581260924,1,8300.265548135605,4.369787578731138,81.27978659121933,66,2,1
30.706817992606666,2.3262638581260924,1,8300.265548135605,4.369787578731138,81.27978659121933,66,2,2
30.706817992606666,2.3262638581260924,1,8300.265548135605,4.369787578731138,81.27978659121933,66,2,1
30.706817992606666,2.3262638581260924,1,8300.265548135605,4.369787578731138,81.27978659121933,66,2,2
30.706817992606666,2.3262638581260924,1,8300.265548135605,4.369787578731138,81.27978659121933,66,2,1
30.706817992606666,2.3262638581260924,1,8300.265548135605,4.369787578731138,81.27978659121933,66,2,2
30.706817992606666,2.3262638581260924,1,8300.265548135605,4.369787578731138,81.27978659121933,66,2,2
30.706817992606666,2.3262638581260924,1,8300.265548135605,4.369787578731138,81.27978659121933,66,2,1
30.706817992606666,2.3262638581260924,1,8300.265548135605,4.369787578731138,81.27978659121933,66,2,0
30.706817992606666,2.3262638581260924,1,8300.265548135605,4.369787578731138,81.27978659121933,66,2,1
23.449579891810856,3.001451784792248,1,57513.22233847129,6.610839521433264,92.49157139845967,15,1,2
23.449579891810856,3.001451784792248,1,57513.22233847129,6.610839521433264,7.469685580911105,15,1,2
23.449579891810856,3.001451784792248,1,57513.22233847129,6.610839521433264,94.73344157932044,15,1,2
23.449579891810856,3.001451784792248,1,57513.22233847129,6.610839521433264,10.187334838278574,15,1,2
23.449579891810856,3.001451784792248,1,57513.22233847129,6.610839521433264,112.77890242704522,15,1,2
23.449579891810856,3.001451784792248,1,57513.22233847129,6.610839521433264,28.975378412799216,15,1,2
23.449579891810856,3.001451784792248,1,57513.22233847129,6.610839521433264,115.57705462746685,15,1,2
23.449579891810856,3.001451784792248,1,57513.22233847129,6.610839521433264,27.848953103153985,15,1,2
23.449579891810856,3.001451784792248,1,57513.22233847129,6.610839521433264,64.24618378039942,15,1,2
23.449579891810856,3.001451784792248,1,57513.22233847129,6.610839521433264,99.77678003941264,15,1,2
23.449579891810856,3.001451784792248,1,57513.22233847129,6.610839521433264,118.50505555500257,15,1,2
23.449579891810856,3.001451784792248,1,57513.22233847129,6.610839521433264,84.68365254991863,15,1,2
23.449579891810856,3.001451784792248,1,57513.22233847129,6.610839521433264,100.1670575607049,15,1,2
23.449579891810856,3.001451784792248,1,57513.22233847129,6.610839521433264,47.014335666342845,15,1,2
23.449579891810856,3.001451784792248,1,57513.22233847129,6.610839521433264,90.08601578973051,15,1,2
23.449579891810856,3.001451784792248,1,57513.22233847129,6.610839521433264,46.157367991499896,15,1,2
23.449579891810856,3.001451784792248,1,57513.22233847129,6.610839521433264,111.58157928677912,15,1,2
23.449579891810856,3.001451784792248,1,57513.22233847129,6.610839521433264,92.82036393890706,15,1,2
23.449579891810856,3.001451784792248,1,57513.22233847129,6.610839521433264,45.52888703339064,15,1,2
23.449579891810856,3.001451784792248,1,57513.22233847129,6.610839521433264,94.10639029250933,15,1,2
23.449579891810856,3.001451784792248,1,57513.22233847129,6.610839521433264,7.981391642456006,15,1,2
23.449579891810856,3.001451784792248,1,57513.22233847129,6.610839521433264,111.0091652071473,15,1,2
23.449579891810856,3.001451784792248,1,57513.22233847129,6.610839521433264,83.17511946919876,15,1,2
23.449579891810856,3.001451784792248,1,57513.22233847129,6.610839521433264,39.263915582702936,15,1,2
23.449579891810856,3.001451784792248,1,57513.22233847129,6.610839521433264,77.63365807000493,15,1,2
23.449579891810856,3.001451784792248,1,57513.22233847129,6.610839521433264,94.11312266604305,15,1,2
23.449579891810856,3.001451784792248,1,57513.22233847129,6.610839521433264,75.3978052721039,15,1,2
23.449579891810856,3.001451784792248,1,57513.22233847129,6.610839521433264,106.39247207174887,15,1,2
23.449579891810856,3.001451784792248,1,57513.22233847129,6.610839521433264,49.84284097929219,15,1,2
23.449579891810856,3.001451784792248,1,57513.22233847129,6.610839521433264,38.40128010438935,15,1,2
27.622386681330504,0.4144983668699753,0,74464.85362704561,3.709537278695041,2.227143467231829,61,2,1
27.622386681330504,0.4144983668699753,0,74464.85362704561,2.8173695657328777,2.227143467231829,61,2,1
27.622386681330504,0.4144983668699753,0,74464.85362704561,4.790713944538516,2.227143467231829,61,2,1
27.622386681330504,0.4144983668699753,0,74464.85362704561,7.574008847591331,2.227143467231829,61,2,1
27.622386681330504,0.4144983668699753,0,74464.85362704561,8.745654985044233,2.227143467231829,61,2,1
27.622386681330504,0.4144983668699753,0,74464.85362704561,6.32751217735076,2.227143467231829,61,2,1
27.622386681330504,0.4144983668699753,0,74464.85362704561,7.857538492437715,2.227143467231829,61,2,1
27.622386681330504,0.4144983668699753,0,74464.85362704561,9.700710402217616,2.227143467231829,61,2,1
27.622386681330504,0.4144983668699753,0,74464.85362704561,6.597066845311899,2.227143467231829,61,2,1
27.622386681330504,0.4144983668699753,0,74464.85362704561,0.8463262633371194,2.227143467231829,61,2,1
27.622386681330504,0.4144983668699753,0,74464.85362704561,6.255916000332556,2.227143467231829,61,2,1
27.622386681330504,0.4144983668699753,0,74464.85362704561,0.1982264379193266,2.227143467231829,61,2,1
27.622386681330504,0.4144983668699753,0,74464.85362704561,6.776674094399022,2.227143467231829,61,2,1
27.622386681330504,0.4144983668699753,0,74464.85362704561,9.984130482641575,2.227143467231829,61,2,1
27.622386681330504,0.4144983668699753,0,74464.85362704561,4.885916007618264,2.227143467231829,61,2,1
27.622386681330504,0.4144983668699753,0,74464.85362704561,9.330184803740698,2.227143467231829,61,2,1
27.622386681330504,0.4144983668699753,0,74464.85362704561,0.19582474932768434,2.227143467231829,61,2,1
27.622386681330504,0.4144983668699753,0,74464.85362704561,9.651408110865802,2.227143467231829,61,2,1
27.622386681330504,0.4144983668699753,0,74464.85362704561,1.6838120413943047,2.227143467231829,61,2,1
27.622386681330504,0.4144983668699753,0,74464.85362704561,8.395227983928136,2.227143467231829,61,2,1
27.622386681330504,0.4144983668699753,0,74464.85362704561,2.9829076083519137,2.227143467231829,61,2,1
27.622386681330504,0.4144983668699753,0,74464.85362704561,3.932512465772816,2.227143467231829,61,2,1
27.622386681330504,0.4144983668699753,0,74464.85362704561,1.3256662104741834,2.227143467231829,61,2,1
27.622386681330504,0.4144983668699753,0,74464.85362704561,0.3743241383620888,2.227143467231829,61,2,1
27.622386681330504,0.4144983668699753,0,74464.85362704561,7.521934893675289,2.227143467231829,61,2,1
27.622386681330504,0.4144983668699753,0,74464.85362704561,7.4610766228841,2.227143467231829,61,2,1
27.622386681330504,0.4144983668699753,0,74464.85362704561,1.235050977117912,2.227143467231829,61,2,1
27.622386681330504,0.4144983668699753,0,74464.85362704561,6.225696222361684,2.227143467231829,61,2,1
27.622386681330504,0.4144983668699753,0,74464.85362704561,2.575645688398586,2.227143467231829,61,2,1
27.622386681330504,0.4144983668699753,0,74464.85362704561,8.967005891471997,2.227143467231829,61,2,1
23.263711647193084,3.1773785983849856,1,6351.05416094371,8.784677314999302,50.7470857407997,29,0,0
23.263711647193084,3.1773785983849856,0,6351.05416094371,8.784677314999302,50.7470857407997,29,0,0
23.263711647193084,3.1773785983849856,0,6351.05416094371,8.784677314999302,50.7470857407997,29,0,0
23.263711647193084,3.1773785983849856,1,6351.05416094371,8.784677314999302,50.7470857407997,29,0,0
23.263711647193084,3.1773785983849856,0,6351.05416094371,8.784677314999302,50.7470857407997,29,0,0
23.263711647193084,3.1773785983849856,1,6351.05416094371,8.784677314999302,50.7470857407997,29,0,0
23.263711647193084,3.1773785983849856,0,6351.05416094371,8.784677314999302,50.7470857407997,29,0,0
23.263711647193084,3.1773785983849856,1,6351.05416094371,8.784677314999302,50.7470857407997,29,0,0
23.263711647193084,3.1773785983849856,1,6351.05416094371,8.784677314999302,50.7470857407997,29,0,0
23.263711647193084,3.1773785983849856,1,6351.05416094371,8.784677314999302,50.7470857407997,29,0,0
23.263711647193084,3.1773785983849856,0,6351.05416094371,8.784677314999302,50.7470857407997,29,0,0
23.263711647193084,3.1773785983849856,1,6351.05416094371,8.784677314999302,50.7470857407997,29,0,0
23.263711647193084,3.1773785983849856,1,6351.05416094371,8.784677314999302,50.7470857407997,29,0,0
23.263711647193084,3.1773785983849856,1,6351.05416094371,8.784677314999302,50.7470857407997,29,0,0
23.263711647193084,3.1773785983849856,1,6351.05416094371,8.784677314999302,50.7470857407997,29,0,0
23.263711647193084,3.1773785983849856,1,6351.05416094371,8.784677314999302,50.7470857407997,29,0,0
23.263711647193084,3.1773785983849856,0,6351.05416094371,8.784677314999302,50.7470857407997,29,0,0
23.263711647193084,3.1773785983849856,0,6351.05416094371,8.784677314999302,50.7470857407997,29,0,0
23.263711647193084,3.1773785983849856,0,6351.05416094371,8.784677314999302,50.7470857407997,29,0,0
23.263711647193084,3.1773785983849856,1,6351.05416094371,8.784677314999302,50.7470857407997,29,0,0
23.263711647193084,3.1773785983849856,1,6351.05416094371,8.784677314999302,50.7470857407997,29,0,0
23.263711647193084,3.1773785983849856,1,6351.05416094371,8.784677314999302,50.7470857407997,29,0,0
23.263711647193084,3.1773785983849856,1,6351.05416094371,8.784677314999302,50.7470857407997,29,0,0
23.263711647193084,3.1773785983849856,1,6351.05416094371,8.784677314999302,50.7470857407997,29,0,0
23.263711647193084,3.1773785983849856,0,6351.05416094371,8.784677314999302,50.7470857407997,29,0,0
23.263711647193084,3.1773785983849856,1,6351.05416094371,8.784677314999302,50.7470857407997,29,0,0
23.263711647193084,3.1773785983849856,0,6351.05416094371,8.784677314999302,50.7470857407997,29,0,0
23.263711647193084,3.1773785983849856,1,6351.05416094371,8.784677314999302,50.7470857407997,29,0,0
23.263711647193084,3.1773785983849856,0,6351.05416094371,8.784677314999302,50.7470857407997,29,0,0
23.263711647193084,3.1773785983849856,1,6351.05416094371,8.784677314999302,50.7470857407997,29,0,0
16.829192777850995,1.848628963262144,1,8665.671110135952,3.709537278695041,92.49157139845967,73,1,2
18.854066394231488,4.844664346581174,0,46020.41006366338,2.8173695657328777,7.469685580911105,95,1,1
48.500296453055135,4.645131938827097,0,57741.77891333073,4.790713944538516,94.73344157932044,89,0,1
45.36892206527125,0.8884629288099055,1,13516.53945379412,7.574008847591331,10.187334838278574,51,0,1
25.291673047791168,3.044258084222738,0,80123.98662372415,8.745654985044233,112.77890242704522,94,2,2
39.57892972540176,3.5243237278237127,1,58503.31648491285,6.32751217735076,28.975378412799216,98,2,2
11.67872148725082,4.7140183956458355,0,60059.55225930075,7.857538492437715,115.57705462746685,97,1,0
46.6022880496069,3.328287084828767,1,71712.00228669796,9.700710402217616,27.848953103153985,8,1,1
31.48683404856409,0.6669787772584657,1,112188.01239665019,6.597066845311899,64.24618378039942,45,2,0
42.810712140717754,2.4893379939268723,1,70680.2414003415,0.8463262633371194,99.77678003941264,61,2,2
21.037530302606942,2.468099169780574,0,11254.168311541396,6.255916000332556,118.50505555500257,28,1,2
25.04495252716271,2.5011309467437295,1,17610.448493081967,0.1982264379193266,84.68365254991863,38,0,1
23.92174875647322,4.792911430546236,1,83279.41951879891,6.776674094399022,100.1670575607049,63,0,2
48.897586708450234,1.749686999111274,1,38741.16140856881,9.984130482641575,47.014335666342845,80,1,1
27.17839531690935,1.1188557338910798,1,90644.25557120141,4.885916007618264,90.08601578973051,58,1,1
29.987709621279866,2.6104350110572385,1,61296.23106103705,9.330184803740698,46.157367991499896,17,1,1
48.23915720074905,3.205854619825141,0,45587.438394382305,0.19582474932768434,111.58157928677912,68,1,1
46.127823534029524,4.695535267120044,0,88744.26514368443,9.651408110865802,92.82036393890706,88,1,1
25.800420410405394,2.910079003235229,0,21990.377493348024,1.6838120413943047,45.52888703339064,22,2,1
22.294316789161424,1.3391669514579423,1,34206.11978503973,8.395227983928136,94.10639029250933,54,1,0
42.281917445401525,4.648873476540334,1,35061.22104840772,2.9829076083519137,7.981391642456006,34,1,1
14.29886359477126,2.4586264230623827,1,49861.552441432905,3.932512465772816,111.0091652071473,91,1,2
25.6875565478648,3.3790043246676293,1,108857.37736281847,1.3256662104741834,83.17511946919876,6,2,1
45.057352687331004,2.3801945523770094,1,97512.2540121824,0.3743241383620888,39.263915582702936,48,1,2
46.70569659330613,1.0849001321099756,0,98599.54227588841,7.521934893675289,77.63365807000493,90,1,1
19.33905074646607,3.462760223552803,1,75752.73757215099,7.4610766228841,94.11312266604305,43,1,2
13.148806020426193,3.8531524154587187,0,1025.3298875598382,1.235050977117912,75.3978052721039,14,0,2
41.509099938328205,0.9539425262926882,1,34364.521142918275,6.225696222361684,106.39247207174887,79,0,1
34.871122615840946,2.299580063742408,0,60235.85634660481,2.575645688398586,49.84284097929219,97,0,0
19.50019270495349,1.809075299509546,1,107818.63183401927,8.967005891471997,38.40128010438935,99,0,1
48.4133014673858,0.9539425262926882,1,34032.506931811215,6.225696222361684,105.99777359499392,89,0,1
13.094067479888105,1.809075299509546,1,109979.60218851262,8.967005891471997,76.2207759206868,98,0,2
39.694862287093095,3.0826436434160596,1,58503.31648491285,6.46204970151404,28.8068603515525,100,2,2
24.09091730403785,2.4671168299055837,1,108857.37736281847,1.3256662104741834,118.69592637892629,3,2,2
42.44574081878541,4.695535267120044,0,89436.1945604507,9.651408110865802,92.82036393890706,88,1,1
25.800420410405394,3.3129872589538687,1,17332.63991207579,9.639262583591485,45.52888703339064,10,1,1
38.92962548480189,2.3801945523770094,1,97512.2540121824,0.3743241383620888,39.566248916426,48,1,2
18.941416777039525,4.844664346581174,0,24917.037837240583,8.861455449801461,6.767993722004896,95,1,1
42.732314588726226,2.4893379939268723,1,70680.2414003415,0.8453361835014972,99.86795190729741,61,2,2
49.18343921698538,2.4548607550596313,1,49861.552441432905,4.293814050388564,111.0091652071473,91,1,2
24.147191305678774,1.848628963262144,1,8665.671110135952,2.585134648208069,93.31256201019978,73,1,2
45.36892206527125,0.7279512699527273,1,13516.53945379412,7.574008847591331,10.187334838278574,38,0,1
27.1326632428909,3.044258084222738,0,90537.76987288315,8.332218211358848,112.4133855858575,96,2,2
47.24671384491023,1.0849001321099756,0,98599.54227588841,7.521934893675289,77.63365807000493,90,1,1
31.395358342488343,0.6669787772584657,1,112188.01239665019,6.597066845311899,64.59006258260774,45,2,0
41.5957424194871,4.645131938827097,0,58073.79312467834,4.790713944538516,95.92790020219236,79,0,1
19.554933930982504,3.8531524154587187,0,1025.3298875598382,1.235050977117912,40.59216386654968,14,0,1
30.322253836201163,3.5431530161981715,0,60235.85634660481,2.575645688398586,50.01135904084482,95,0,0
18.12786747592851,3.379986664542184,0,11254.168311541396,6.255916000332556,82.70912998202903,28,1,1
45.96400015945814,4.648873476540334,1,34369.2869183901,2.9829076083519137,7.981391642456006,45,1,1
46.6022880496069,2.9253788291101275,0,71612.0196976712,0.8058980220576919,27.848953103153985,21,2,1
29.987709621279866,2.6104350110572385,1,61296.23106103705,9.330184803740698,45.855034657776834,17,1,1
22.206966406353395,1.3391669514579423,1,46244.25502530452,2.823195285256898,94.99132126769423,54,1,0
48.317491714152105,3.205854619825141,0,45587.438394382305,0.196820210384822,111.49040729297589,68,1,1
12.57623096100198,1.7534526671140296,1,38741.16140856881,9.52220822993551,47.014335666342845,80,1,1
16.60375024648067,4.792911430546236,1,83279.41951879891,6.735823327970541,99.34606694896476,63,0,2
25.04495252716271,2.661650002168124,1,17610.448493081967,0.1982264379193266,84.68365254991863,51,0,1
25.337405121809617,0.45115418727247225,1,80230.47232204239,5.21594420147692,90.08601578973051,56,1,1
11.67872148725082,4.7140183956458355,0,60059.55225930075,8.421419018648757,115.57705462746685,97,1,0
19.430526515751467,3.462760223552803,1,75752.73757215099,7.4610766228841,98.02696831189056,43,1,2
14.132047675571604,1.2645711338335301,0,49861.552441432905,7.5230333055741925,78.1786630758492,85,1,2
17.27514410439545,1.8630014534570067,1,66333.05489996044,3.6596865709747957,90.9467741808041,73,1,1
25.800420410405394,2.837273994780226,1,21990.377493348024,1.6838120413943047,45.52888703339064,21,1,1
19.554933930982504,3.8729369428573834,0,2040.8851475555985,1.235050977117912,37.742782435222594,28,0,1
25.482378715257372,3.3790043246676293,1,63323.98287266221,1.3256662104741834,99.18282480546483,6,2,1
13.148806020426193,3.812883200737294,0,1025.3298875598382,1.235050977117912,27.674760792024234,14,0,2
48.92084017237413,0.9587916760481078,1,80230.47232204239,4.623200402232035,90.08601578973051,89,1,1
24.09091730403785,2.460802043126828,1,108857.37736281847,0.27073806767096203,119.63716078526012,3,0,2
48.934113072173986,1.749686999111274,1,18195.12215361782,9.614119505927865,53.34428943667469,80,1,1
12.965759591776534,1.7694186020117382,1,109979.60218851262,8.961591763603995,76.2207759206868,98,2,2
25.04495252716271,0.7003899406932246,1,17610.448493081967,7.655283005188932,75.7262669624205,38,0,1
20.52271268218493,0.4699488265134538,1,13941.269203723386,7.853831143701937,10.187334838278574,51,0,1
20.762249657261215,2.4547525094010796,1,34249.28460247092,8.184562907054474,89.91637631500781,54,1,0
29.987709621279866,2.6104350110572385,1,60827.155732266205,9.330184803740698,40.95084965916509,17,1,1
47.24671384491023,2.278955425463842,1,98599.54227588841,4.093948932309608,110.5918940434529,79,1,1
46.14043781348562,3.2178247753157905,0,13961.70097151411,0.8557861894526961,29.39374592763044,21,2,2
42.281917445401525,4.727009238878852,0,35061.22104840772,2.9829076083519137,7.981391642456006,35,2,1
18.12786747592851,3.360202137143493,0,10246.379720208228,6.255916000332556,85.5585108975297,14,1,1
30.19288745388729,2.6104350110572385,1,106828.17238149527,9.330184803740698,45.855034657776834,21,1,1
46.6022880496069,3.688373040489682,1,71712.00228669796,9.700710402217616,84.82494325102424,5,1,1
25.362418684899062,0.8544301351470474,1,34032.506931811215,5.195983898703563,105.99777359499392,56,0,1
27.275073067816553,2.6679647889468803,1,17610.448493081967,1.2532785375523456,84.68365254991863,51,2,1
25.649745848761857,3.3129872589538687,1,37878.679231158254,9.99602599777399,45.52888703339064,10,1,1
27.262057326738827,3.0839147817376467,0,90537.76987288315,8.337632339226005,112.4133855858575,91,0,2
45.36892206527125,2.528696697387963,1,13516.53945379412,0.3510042327308738,18.857597791597666,38,0,1
44.273985603222876,3.4783503919675747,1,73406.68784582053,7.4610766228841,98.02696831189056,43,1,2
22.27507408099892,1.3525136118989243,0,11211.010910654466,8.802395516479613,117.07579698567389,37,1,2
45.96400015945814,4.648873476540334,1,34369.2869183901,2.9829076083519137,7.981391642456006,50,1,1
24.784399354582902,1.0722211431992192,0,46244.25502530452,2.823195285256898,77.2908020341917,54,1,1
44.51106311974116,1.3518459403686987,1,98599.54227588841,7.521934893675289,94.71138770767826,90,1,0
29.971920269431916,2.6104350110572385,1,60827.155732266205,9.330184803740698,40.95084965916509,17,1,1
25.800420410405394,2.8559132097382505,0,17624.411287309245,1.6838120413943047,46.24387462066768,22,2,1
13.148806020426193,3.3267405939411017,1,790.568066976557,9.77267027111199,27.674760792024234,10,1,2
19.554933930982504,3.8531524154587187,1,1025.3298875598382,1.235050977117912,40.59216386654968,14,0,1
20.52271268218493,0.40733243416727705,1,13334.231690398923,0.37360176595339656,7.238138726453113,3,0,1
22.294316789161424,1.3583405951779648,1,34206.11978503973,9.308250749401047,97.5898991333917,54,1,0
18.12786747592851,3.379986664542184,0,11380.509353393321,6.325685303205546,82.88050532058281,28,1,1
20.991844685842267,2.677813792502096,0,11254.168311541396,1.219843976330384,37.443450153311105,28,1,1
42.60557152132077,3.8618965762951927,0,1055.9776617614016,0.8557861894526961,31.37790131456717,21,2,2
46.82464229231882,2.6104350110572385,1,71662.49019444043,9.694334662234047,45.855034657776834,7,1,1
45.36892206527125,0.7276346579993471,1,13516.53945379412,7.6717853215688345,10.187334838278574,51,0,1
45.02025601258258,4.688767016812095,0,35082.55445981227,6.255916000332556,85.36323020130558,13,1,1
25.04038198976252,3.320617234797268,1,37878.679231158254,9.99602599777399,86.70919973561016,11,0,1
25.362418684899062,0.8544301351470474,1,110397.5260862349,5.195983898703563,105.99777359499392,56,0,1
25.498168067105322,3.3790043246676293,1,63323.98287266221,0.05598728645760609,99.18282480546483,6,2,1
25.04495252716271,2.481650862830595,1,21976.414699120745,0.2953785795574393,83.96866492489609,38,0,1
25.800420410405394,3.7519125174121117,0,17677.568490079175,0.9902458881723417,45.52888703339064,12,0,1
46.6022880496069,3.688373040489682,0,69714.41026230922,9.551387625697272,84.82494325102424,8,1,1
24.09091730403785,2.3367727292982527,1,108857.37736281847,7.8603723349357555,119.63716078526012,52,0,2
29.987709621279866,2.6104350110572385,1,61296.23106103705,8.417162029021563,42.673744140629964,18,1,1
25.828685444965522,0.7003899406932246,1,17484.107451233092,7.58551370231475,75.5548916238667,38,0,1
19.60061954774718,3.8729369428573834,0,2040.8851475555985,6.271280680153306,117.94833733535556,28,0,2
14.378519296517858,3.209080614478805,0,13952.458134396758,1.235050977117912,75.11909096216547,14,0,2
29.763079050947823,3.328287084828767,1,61345.74315329459,9.336560542558564,27.848953103153985,18,1,1
44.73865347022789,0.8887795407632857,1,13516.53945379412,7.802831274790625,11.81259745605414,41,0,1
19.064942736180228,3.3202226143677818,1,21315.464569207157,2.9829076083519137,8.23776278241749,51,1,1
34.22397116616329,2.6540200263247207,1,17610.448493081967,0.1982264379193266,43.50333947315652,50,1,1
25.6875565478648,3.3790043246676293,1,40944.287789333604,1.6135016229070698,83.17511946919876,6,2,1
20.944272147251816,3.3129872589538687,1,19760.17731469397,9.639262583591485,45.52888703339064,10,1,2
25.89367856576072,2.468099169780574,0,11254.168311541396,6.255916000332556,118.50505555500257,26,1,1
12.935375994691354,2.9835160522680404,0,1025.3298875598382,1.083693245315137,41.402523819217016,14,0,1
25.515413781309732,3.2851883243462714,1,37878.679231158254,9.99602599777399,45.28657454877779,12,0,1
25.13592687883333,2.6176505976260276,1,61802.74443292068,9.246663194909349,48.29324948040056,38,0,1
25.04495252716271,2.481650862830595,1,22438.337441343305,0.30730525321933855,83.96866492489609,38,2,2
25.800420410405394,2.975229998193049,1,21990.377493348024,1.6838120413943047,48.601905723046315,21,1,1
25.800420410405394,0.6710879597288428,0,17677.568490079175,6.963864490750209,45.48882017422507,12,0,1
25.262343089384697,0.7003899406932246,1,17610.448493081967,7.687586399678685,75.7262669624205,38,0,1
30.13423810344858,0.8876466557743211,1,19255.212954946684,7.802831274790625,11.81259745605414,16,1,1
29.989184994452927,2.6104350110572385,1,61296.23106103705,9.433572446810873,45.855034657776834,19,1,1
13.148806020426193,3.3267405939411017,1,790.568066976557,9.77267027111199,18.546810844703536,10,1,2
13.378104020453588,0.7641261751694897,0,1025.3298875598382,1.2205364732177362,27.674760792024234,16,0,2
26.951919675484817,3.1654998681493343,1,17968.276443340113,0.1982264379193266,86.20018199310472,51,0,1
20.448770172962895,2.797095084639931,1,13488.525975297876,1.7086453506506585,47.89011924583838,3,2,1
20.944272147251816,3.3129872589538687,1,20578.953300597685,9.989181175791199,45.52888703339064,9,1,1
20.991844685842267,2.6696601868818686,0,11271.41729652638,1.6490825091521795,34.53942248380392,6,2,1
19.7202277223538,3.8531524154587187,1,5324.050973505617,1.235050977117912,74.58744532090863,14,0,2
34.109615252206915,2.6458639215082274,1,106828.17238149527,9.215461296220466,84.20809513516511,20,1,1
29.89673526960925,2.4347793488234544,1,17104.03943632475,0.42048411653972306,82.5477710317028,17,1,1
41.25322395883749,3.8618965762951927,0,320.62758048015735,0.8438595992164033,31.37790131456717,21,0,1
19.554933930982504,3.8531524154587187,0,9757.39404602075,1.235050977117912,40.59216386654968,14,0,1
25.828685444965522,3.781406279239322,1,17484.107451233092,1.6131390420043568,75.59495848299724,38,0,1
29.77031905905788,2.6104350110572385,1,60827.155732266205,9.29787933412416,40.95084965916509,17,1,1
40.103987458970835,2.611568227192473,1,47444.278762193586,8.417162029021563,42.673744140629964,41,0,1
29.761603677774758,3.328287084828767,1,61345.74315329459,9.831379646547113,27.848953103153985,17,1,1
25.498168067105322,3.2446704405149482,1,63323.98287266221,0.05598728645760609,107.02845140643434,6,2,1
45.15982988023959,3.7768002019637112,1,10192.891871190452,7.589105222895761,10.187334838278574,38,0,1
25.362240141249575,0.8889721114665895,1,33674.67898430307,5.195983898703563,104.48124372881571,56,0,1
25.601668985808672,0.437763213534192,0,37300.425863233366,0.11549294966233681,5.618349852198037,22,0,1
25.649745848761857,3.3129872589538687,1,37059.90324764766,9.641401602005551,58.600727483472745,10,1,2
25.6875565478648,3.3569146267093926,1,40843.40519729867,1.1842630900852784,84.31581263256528,24,1,1
16.829192777850995,1.848628963262144,1,8665.671110135952,3.709537278695041,92.49157139845967,73,1,2
18.854066394231488,4.844664346581174,0,46020.41006366338,2.8173695657328777,7.469685580911105,95,1,1
48.500296453055135,4.645131938827097,0,57741.77891333073,4.790713944538516,94.73344157932044,89,0,1
45.36892206527125,0.8884629288099055,1,13516.53945379412,7.574008847591331,10.187334838278574,51,0,1
25.291673047791168,3.044258084222738,0,80123.98662372415,8.745654985044233,112.77890242704522,94,2,2
39.57892972540176,3.5243237278237127,1,58503.31648491285,6.32751217735076,28.975378412799216,98,2,2
11.67872148725082,4.7140183956458355,0,60059.55225930075,7.857538492437715,115.57705462746685,97,1,0
46.6022880496069,3.328287084828767,1,71712.00228669796,9.700710402217616,27.848953103153985,8,1,1
31.48683404856409,0.6669787772584657,1,112188.01239665019,6.597066845311899,64.24618378039942,45,2,0
42.810712140717754,2.4893379939268723,1,70680.2414003415,0.8463262633371194,99.77678003941264,61,2,2
21.037530302606942,2.468099169780574,0,11254.168311541396,6.255916000332556,118.50505555500257,28,1,2
25.04495252716271,2.5011309467437295,1,17610.448493081967,0.1982264379193266,84.68365254991863,38,0,1
23.92174875647322,4.792911430546236,1,83279.41951879891,6.776674094399022,100.1670575607049,63,0,2
48.897586708450234,1.749686999111274,1,38741.16140856881,9.984130482641575,47.014335666342845,80,1,1
27.17839531690935,1.1188557338910798,1,90644.25557120141,4.885916007618264,90.08601578973051,58,1,1
29.987709621279866,2.6104350110572385,1,61296.23106103705,9.330184803740698,46.157367991499896,17,1,1
48.23915720074905,3.205854619825141,0,45587.438394382305,0.19582474932768434,111.58157928677912,68,1,1
46.127823534029524,4.695535267120044,0,88744.26514368443,9.651408110865802,92.82036393890706,88,1,1
25.800420410405394,2.910079003235229,0,21990.377493348024,1.6838120413943047,45.52888703339064,22,2,1
22.294316789161424,1.3391669514579423,1,34206.11978503973,8.395227983928136,94.10639029250933,54,1,0
42.281917445401525,4.648873476540334,1,35061.22104840772,2.9829076083519137,7.981391642456006,34,1,1
14.29886359477126,2.4586264230623827,1,49861.552441432905,3.932512465772816,111.0091652071473,91,1,2
25.6875565478648,3.3790043246676293,1,108857.37736281847,1.3256662104741834,83.17511946919876,6,2,1
45.057352687331004,2.3801945523770094,1,97512.2540121824,0.3743241383620888,39.263915582702936,48,1,2
46.70569659330613,1.0849001321099756,0,98599.54227588841,7.521934893675289,77.63365807000493,90,1,1
19.33905074646607,3.462760223552803,1,75752.73757215099,7.4610766228841,94.11312266604305,43,1,2
13.148806020426193,3.8531524154587187,0,1025.3298875598382,1.235050977117912,75.3978052721039,14,0,2
41.509099938328205,0.9539425262926882,1,34364.521142918275,6.225696222361684,106.39247207174887,79,0,1
34.871122615840946,2.299580063742408,0,60235.85634660481,2.575645688398586,49.84284097929219,97,0,0
19.50019270495349,1.809075299509546,1,107818.63183401927,8.967005891471997,38.40128010438935,99,0,1
25.390645229914405,3.044258084222738,0,80123.98662372415,8.346477377057525,5.4981374246838755,95,2,2
22.267996917907958,1.3412203180988138,0,93736.15664314645,7.521934893675289,77.4163884994622,93,1,0
10.450155943884432,2.430957610097769,1,49861.552441432905,3.932512465772816,28.385152411623583,91,1,2
41.21563588201561,3.8531524154587187,0,34992.7800894157,1.235050977117912,75.3978052721039,14,0,1
46.127823534029524,3.4656512515585,0,88174.48216587708,8.007632131172853,92.82036393890706,86,1,1
25.800420410405394,2.910079003235229,0,21990.377493348024,1.6838120413943047,30.164055355903297,28,2,2
29.937752910694336,2.299580063742408,0,60236.963608204765,2.5974172367960953,49.89606654517314,97,0,0
24.06920886840226,1.749686999111274,1,38741.16140856881,9.923836504451057,82.98304450553054,80,1,1
31.48683404856409,0.6669787772584657,1,112188.01239665019,6.597066845311899,64.24618378039942,45,0,0
16.923657541585413,4.792911430546236,1,83279.41951879891,3.783881304004572,91.72758167690371,63,0,2
12.346176304326928,4.690619383004272,0,60059.55225930075,7.857538492437715,115.57705462746685,97,2,0
45.884858465427754,3.328287084828767,1,15599.082590764545,9.700710402217616,27.848953103153985,40,0,1
45.40691368892879,3.4098578844464082,1,97121.21083196724,0.3722689509747612,113.79834169016148,46,1,1
27.501379484670608,3.5243237278237127,1,58503.31648491285,6.32751217735076,28.752843269042327,98,1,2
41.509099938328205,0.3695721108936816,1,35864.10616143595,6.225696222361684,106.39247207174887,52,0,1
18.755094212260108,4.479979398574716,0,46020.41006366338,2.8173695657328777,114.71192516024203,94,1,1
46.72313446110198,0.6143840193760406,1,34206.11978503973,8.395227983928136,90.72474145997576,55,1,1
19.50019270495349,1.8367441124741601,1,107818.63183401927,8.967005891471997,95.36103241523838,99,0,1
14.23323121962892,4.648873476540334,1,1332.6631756854185,2.9829076083519137,7.981391642456006,34,1,2
19.33905074646607,4.692613089720629,1,76322.52054995821,9.595402586857267,94.11312266604305,43,1,2
22.3576436315864,2.468099169780574,0,11254.168311541396,6.255916000332556,118.6648780087317,22,1,1
34.92107932642647,2.6104350110572385,1,61295.12379943709,9.272194849919648,46.104142425618946,17,1,1
48.77259112548636,3.3790043246676293,1,108857.37736281847,1.133154135162905,47.20641062002395,6,2,1
48.500296453055135,4.645131938827097,0,57741.77891333073,4.790713944538516,101.49155424580165,89,2,1
23.827283996481086,1.848628963262144,1,8665.671110135952,6.702330068599415,100.93104728225968,73,1,2
42.810712140717754,2.511856111072844,1,70680.2414003415,0.8463262633371194,99.77678003941264,61,1,2
25.75844741951394,2.5011309467437295,1,78016.57239762665,0.1982264379193266,84.68365254991863,6,1,1
46.97066581634021,2.3801945523770094,0,45978.44471513595,0.19787993673822404,39.263915582702936,70,1,2
38.92294759213719,1.1188557338910798,1,90644.25557120141,4.885916007618264,90.30855709188779,58,2,1
45.36892206527125,1.042441274680621,1,12016.964768131991,7.574008847591331,10.187334838278574,78,0,1
42.80930126008058,0.3695721108936816,1,35175.87721033991,6.225696222361684,106.39247207174887,61,0,2
25.75844741951394,4.544044470139006,0,78016.57239762665,0.08265733642738526,112.78066983078307,6,1,1
23.890266916666008,3.052057809258155,0,80123.98662372415,6.582461204083875,5.4981374246838755,72,2,2
45.884858465427754,3.392149624946126,1,39038.69572794973,8.383195320235284,27.848953103153985,40,1,0
19.572713027752346,3.4432088949066815,1,33560.2386861194,7.135659987486039,94.11312266604305,43,1,2
13.649879115425037,3.868062581664744,1,1025.3298875598382,1.2410207676186336,75.3978052721039,19,0,1
14.23323121962892,4.621047282950212,1,1332.6631756854185,3.6859524992168837,7.929617897480135,34,0,1
42.087060576807914,2.910079003235229,0,34861.092839950215,1.8937607722005378,30.164055355903297,28,2,2
27.889925089953024,3.3765338731862,1,75964.61469063586,1.3256662104741834,83.17511946919876,9,1,1
45.35877236563533,1.4650934828458673,0,20937.912399975736,7.572180702702436,7.947826404752071,90,0,1
11.67872148725082,4.739312057831092,0,71732.82199122512,7.857538492437715,115.57705462746685,97,1,0
22.659290522788687,2.5997560553083074,1,59092.022241371,9.288171773276948,116.56804350437375,17,1,1
25.80181173818815,3.0441194800219744,0,22773.200083908898,8.585238779003594,112.77890242704522,94,2,2
49.58638083557086,3.3790043246676293,1,108857.37736281847,1.133154135162905,46.69558694459629,14,0,1
32.487589350667704,2.6104350110572385,1,10792.249708606167,9.272194849919648,46.104142425618946,17,1,1
41.51051081896538,2.511856111072844,1,71368.47037703908,0.8463262633371194,99.77678003941264,52,1,1
18.755094212260108,2.436895084830338,1,46020.41006366338,2.8173695657328777,86.61162850840216,94,1,1
28.005387812801644,1.840829238228944,1,8665.671110135952,7.371775637734106,100.93104728225968,96,1,2
21.915141162467467,1.2753045636508507,1,34206.11978503973,9.712659979902945,94.10639029250933,48,0,1
46.47589150286601,0.6143840193760406,1,75974.5574188733,8.286741956029415,90.72474145997576,55,1,1
24.544069486699794,2.486220775465721,0,21939.008199668162,0.2053416759948149,86.91994074203616,38,0,2
45.36892206527125,1.0670342640523114,1,12016.964768131991,7.484614756722078,10.239108583254446,78,1,2
25.995270863082176,4.648873476540334,1,22190.505701817194,2.9829076083519137,7.981391642456006,34,1,1
19.696557410161166,4.695033801939712,1,109215.05764828653,9.595402586857267,94.11312266604305,43,2,2
46.71584629294203,0.8938673720179742,1,101027.72847295928,7.523763038564184,79.9507586471313,51,1,1
46.6022880496069,3.302765113629017,1,60038.732554773575,9.700710402217616,27.848953103153985,8,1,1
29.68606273008765,2.458382251069681,0,13460.28333532872,6.2977856168640995,47.544666325717685,22,1,1
25.29028172000841,2.9102176074359924,0,79341.2721200164,1.6838120413943047,45.52888703339064,22,2,1
41.40390820848252,3.8531524154587187,0,34992.7800894157,1.235050977117912,75.9086289474607,6,2,1
24.256058520177675,2.468099169780574,0,61760.62550553214,6.255916000332556,118.50505555500257,28,1,2
13.705883666443713,3.9185859060846324,1,14198.040440462406,1.2392682209310033,75.5643963182515,6,0,1
30.28204763200356,4.479979398574716,0,13972.125862762092,6.169778472627921,49.06600455047615,94,1,1
34.92107932642647,3.8756826560448756,1,60312.19544916628,9.302350980565596,48.94836731195689,17,1,1
14.489050176203397,4.6167913492299375,1,75752.73757215099,3.721069024522718,4.15145229065312,54,1,2
27.42072245939736,4.638165834699237,1,19554.21876144424,2.9829076083519137,7.024369990036661,34,1,1
25.04495252716271,2.249935665834263,1,17689.345441736623,0.1982264379193266,84.68365254991863,22,0,1
24.451976823640504,2.4661090597839914,0,12407.087766655197,6.255916000332556,118.50505555500257,28,1,2
29.987709621279866,2.733435844672978,1,61296.23106103705,9.330184803740698,77.71546439412788,17,1,1
46.046220854688265,3.2572320523275122,1,15163.60044604598,2.920690348220403,8.592180677686347,34,0,1
21.860323064483214,2.52077240782672,1,70068.86760988741,9.10338935054375,116.56804350437375,17,1,2
11.67872148725082,4.7140183956458355,0,60059.55225930075,7.857538492437715,93.98288676977927,97,1,0
32.466535645835336,2.72603415360818,1,10792.249708606167,9.58167970020516,54.01851076914111,48,1,1
45.55132288631941,3.382896143199498,0,74297.81238296331,1.2372731364887108,75.3978052721039,8,1,1
47.074022227605056,3.328287084828767,1,24397.307334354256,9.700710402217616,29.932656262272566,8,1,1
42.1213340898743,3.8531524154587187,0,21901.50596457417,1.235050977117912,75.9086289474607,22,2,1
25.631646765024442,3.3284810002473835,1,106325.46293823273,0.6688789871736804,83.00852842305115,21,2,1
18.159109717188166,2.458382251069681,0,45508.60026679638,2.945376719651132,113.09178743974483,22,1,1
13.148806020426193,2.5879047677120637,0,2647.9134858388097,1.1955080611491846,75.3978052721039,14,0,2
19.08323180144286,3.467010449026425,1,1332.6631756854185,7.425960030117491,93.39733950391101,34,0,1
46.6022880496069,3.553522068338677,1,62675.061475537965,9.700710402217616,3.4355177243682036,8,1,1
22.3576436315864,2.468099169780574,0,11175.271362893123,6.255916000332556,118.6648780087317,38,1,1
20.735930776303483,2.503121056740312,1,78016.57239762665,0.1982264379193266,84.68365254991863,6,1,1
24.256058520177675,2.457611412966648,0,61760.62550553214,6.255916000332556,118.50505555500257,28,1,2
13.91893589627599,3.755549195563885,1,1782.9598828974513,9.721594712431493,27.23818733339123,40,1,2
42.810712140717754,2.832481562542061,1,59703.3960318251,1.027333352511488,99.77678003941264,61,1,1
22.294316789161424,1.3391669514579423,1,34206.11978503973,8.395227983928136,109.11284689680983,54,1,0
22.72692963778925,1.4823472957309556,1,34206.11978503973,9.712659979902945,92.84848834493519,17,0,1
27.889925089953024,4.0813297610338815,1,36659.582461891856,1.3234440511033843,83.17511946919876,9,0,1
24.057854670850595,2.486220775465721,0,60793.73800655177,0.2053416759948149,84.83625323816639,38,0,2
25.800420410405394,2.910079003235229,0,35081.651618206444,1.6838120413943047,45.52888703339064,3,2,1
19.533782386294384,3.755891418850684,1,1782.9598828974513,9.791978663419314,95.97205776527755,40,1,2
27.889925089953024,4.0805237770010745,1,26540.282804427836,1.3234440511033843,75.74109438061211,9,0,1
42.29862066102626,3.7979883584670358,1,68259.81449976533,9.302350980565596,48.94836731195689,17,1,1
32.491821829221365,2.6104350110572385,1,105717.89304526093,9.749960088727796,84.88040188577165,17,1,1
25.736247679340146,3.9185859060846324,1,35574.37138240266,1.0673434895030853,76.95697136064008,6,0,1
43.532257727935416,3.2627439843641404,1,19295.498191254985,9.849224328799078,79.95823382091463,2,1,1
14.24641552191552,3.328287084828767,1,15599.082590764545,9.700710402217616,7.648916194059153,40,0,1
25.04495252716271,2.201473963159121,1,17689.345441736623,0.1982264379193266,84.68365254991863,20,0,1
24.30774281936027,2.3101023308708113,0,15648.413813200907,6.255916000332556,118.50505555500257,28,1,2
12.92508062247271,3.467010449026425,1,2683.337524327908,7.608458625491839,90.84205604113488,34,0,2
46.716255562496386,3.5621721826464063,0,62675.061475537965,9.700710402217616,3.4355177243682036,8,1,1
22.875004088871208,1.5726830349824983,1,35046.3448823812,9.712659979902945,93.0131105345119,18,0,1
22.27627593224107,2.468099169780574,0,268.2523842729763,3.2187115071603594,8.640875567552392,22,1,1
20.735930776303483,2.5098702421836636,1,78016.57239762665,0.28378847711549504,84.0140367668871,22,1,1
13.724204536661528,2.944757147127583,1,75752.73757215099,7.385738691799998,28.590605048492137,43,1,2
41.40390820848252,3.8531524154587187,0,34992.7800894157,1.235050977117912,83.34265403604735,6,2,1
19.049159465212853,2.598466702414549,1,69747.25873567438,9.10338935054375,116.56804350437375,17,1,2
25.68332406931123,3.3790043246676293,1,13937.798376405663,1.302584082532029,44.39885990531711,6,2,1
13.700848377105562,1.2753045636508507,1,12829.792700386732,9.738228746560733,92.7138152499866,48,0,1
24.04602261716031,2.5011309467437295,1,23819.74459074002,0.1982264379193266,32.36087071845767,39,0,1
45.65910818104831,4.621047282950212,1,1332.6631756854185,4.436097169784493,28.129712613771307,34,0,1
27.889925089953024,3.3765338731862,1,75964.61469063586,1.0422609462164523,83.17511946919876,9,1,1
20.985846003424342,2.8398188965153848,0,57368.204149510915,6.255916000332556,119.47602771793171,28,1,2
19.30696227172103,2.5879047677120637,0,1297.2391393922521,1.1955080611491846,75.29559426086199,14,0,1
13.042403182120559,3.8445023011509893,1,1025.3298875598382,1.235050977117912,75.3978052721039,14,0,2
18.159109717188166,2.458382251069681,0,45508.60026679638,2.5453115284207954,113.09178743974483,17,1,1
41.06755521424785,3.7628160764387997,0,39554.132653295615,1.235050977117912,75.23318308245658,13,0,1
14.314600279129465,4.648873476540334,1,11014.102878988782,6.020112103983893,116.7953128367206,34,1,2
29.987709621279866,2.603685825613887,1,61296.23106103705,9.310783813152668,46.826983742706574,6,1,1
14.23323121962892,4.648647330408741,1,1332.6631756854185,3.733875388026892,7.9813471501861954,33,0,2
16.829192777850995,1.848628963262144,1,8665.671110135952,3.709537278695041,92.49157139845967,73,1,2
18.854066394231488,4.844664346581174,0,46020.41006366338,2.8173695657328777,7.469685580911105,95,1,1
48.500296453055135,4.645131938827097,0,57741.77891333073,4.790713944538516,94.73344157932044,89,0,1
45.36892206527125,0.8884629288099055,1,13516.53945379412,7.574008847591331,10.187334838278574,51,0,1
25.291673047791168,3.044258084222738,0,80123.98662372415,8.745654985044233,112.77890242704522,94,2,2
39.57892972540176,3.5243237278237127,1,58503.31648491285,6.32751217735076,28.975378412799216,98,2,2
11.67872148725082,4.7140183956458355,0,60059.55225930075,7.857538492437715,115.57705462746685,97,1,0
46.6022880496069,3.328287084828767,1,71712.00228669796,9.700710402217616,27.848953103153985,8,1,1
31.48683404856409,0.6669787772584657,1,112188.01239665019,6.597066845311899,64.24618378039942,45,2,0
42.810712140717754,2.4893379939268723,1,70680.2414003415,0.8463262633371194,99.77678003941264,61,2,2
21.037530302606942,2.468099169780574,0,11254.168311541396,6.255916000332556,118.50505555500257,28,1,2
25.04495252716271,2.5011309467437295,1,17610.448493081967,0.1982264379193266,84.68365254991863,38,0,1
23.92174875647322,4.792911430546236,1,83279.41951879891,6.776674094399022,100.1670575607049,63,0,2
48.897586708450234,1.749686999111274,1,38741.16140856881,9.984130482641575,47.014335666342845,80,1,1
27.17839531690935,1.1188557338910798,1,90644.25557120141,4.885916007618264,90.08601578973051,58,1,1
29.987709621279866,2.6104350110572385,1,61296.23106103705,9.330184803740698,46.157367991499896,17,1,1
48.23915720074905,3.205854619825141,0,45587.438394382305,0.19582474932768434,111.58157928677912,68,1,1
46.127823534029524,4.695535267120044,0,88744.26514368443,9.651408110865802,92.82036393890706,88,1,1
25.800420410405394,2.910079003235229,0,21990.377493348024,1.6838120413943047,45.52888703339064,22,2,1
22.294316789161424,1.3391669514579423,1,34206.11978503973,8.395227983928136,94.10639029250933,54,1,0
42.281917445401525,4.648873476540334,1,35061.22104840772,2.9829076083519137,7.981391642456006,34,1,1
14.29886359477126,2.4586264230623827,1,49861.552441432905,3.932512465772816,111.0091652071473,91,1,2
25.6875565478648,3.3790043246676293,1,108857.37736281847,1.3256662104741834,83.17511946919876,6,2,1
45.057352687331004,2.3801945523770094,1,97512.2540121824,0.3743241383620888,39.263915582702936,48,1,2
46.70569659330613,1.0849001321099756,0,98599.54227588841,7.521934893675289,77.63365807000493,90,1,1
19.33905074646607,3.462760223552803,1,75752.73757215099,7.4610766228841,94.11312266604305,43,1,2
13.148806020426193,3.8531524154587187,0,1025.3298875598382,1.235050977117912,75.3978052721039,14,0,2
41.509099938328205,0.9539425262926882,1,34364.521142918275,6.225696222361684,106.39247207174887,79,0,1
34.871122615840946,2.299580063742408,0,60235.85634660481,2.575645688398586,49.84284097929219,97,0,0
19.50019270495349,1.809075299509546,1,107818.63183401927,8.967005891471997,38.40128010438935,99,0,1
35.635680135100294,4.7140183956458355,0,60226.82218499569,7.968141381295744,115.57705462746685,97,1,0
48.48761671493013,3.208000478550165,0,45587.438394382305,0.23421479170511306,112.65637010472396,5,2,1
47.000382179665664,3.044258084222738,0,80123.98662372415,9.665329677889703,92.37639544732744,94,2,2
16.608271121106785,2.650522356060474,1,10279.707441429508,3.709537278695041,45.14963346034812,73,1,2
45.393587775643624,1.809075299509546,1,107818.63183401927,7.555635704301978,38.40128010438935,99,0,1
29.987709621279866,2.605276663090375,1,61296.23106103705,9.330184803740698,95.67755133766063,83,2,1
48.897586708450234,1.7771780067209764,1,33837.4351313682,9.984130482641575,47.014335666342845,85,1,1
13.194350201719867,0.6669787772584657,1,112188.01239665019,1.4703966145943639,45.86301790570577,45,2,0
23.490064807972253,0.8036362608482853,1,98756.26523551099,6.777452308603641,100.1670575607049,63,0,2
26.971431418471123,0.9539425262926882,1,90209.58157241461,6.21857972225613,106.3676531925761,71,0,1
14.29886359477126,2.4586264230623827,1,33847.1241332524,8.128778682611626,111.0091652071473,92,1,2
20.225021705032418,3.574739376754228,1,17725.674988157145,9.700710402217616,29.05703680419552,28,1,1
48.500296453055135,4.645131938827097,0,57741.77891333073,5.314954699231047,94.73344157932044,96,0,1
45.057352687331004,4.764013856989986,1,92552.66647505254,0.3995735539819314,39.263915582702936,48,1,2
19.33905074646607,3.502017646170561,1,77266.75631828888,7.487140852618721,94.11312266604305,42,1,1
11.092527911816672,2.299580063742408,0,60068.586420909865,2.4650290681488216,49.84284097929219,97,0,0
25.367269361676783,3.3768584659426057,1,108857.37736281847,1.3546113937201312,83.17511946919876,69,1,1
25.112091065280264,4.695535267120044,0,91750.17432893878,8.731729877756429,113.22270918436242,88,1,1
26.021342248696033,2.910079003235229,0,9429.313711521454,1.6838120413943047,92.87082017638335,22,2,1
19.47235990092576,0.8884629288099055,1,13516.53945379412,8.98537901301612,10.187334838278574,51,0,1
42.810712140717754,2.494496341893736,1,70680.2414003415,0.8463262633371194,45.46625150182565,16,1,2
25.04495252716271,2.108955503510163,1,17652.93916855156,0.1982264379193266,84.68365254991863,38,0,1
31.443828830171825,3.8531524154587187,0,1025.3298875598382,6.361899167028117,75.3978052721039,9,0,2
47.12090904463476,4.688194484507471,0,83122.69655894213,7.5211566794706695,77.63365807000493,90,1,1
41.71606199951998,1.1188557338910798,1,23370.431064524222,4.893032507723817,90.11083463059035,58,1,1
22.294316789161424,1.3391669514579423,1,50220.54809322192,4.198951227910521,94.10639029250933,54,1,0
47.37332902764439,2.468099169780574,0,65245.26983763461,6.255916000332556,116.33454876988881,8,1,2
38.37929025773424,3.5243237278237127,1,58503.31648491285,4.637746688894304,28.975378412799216,85,2,2
18.854066394231488,1.7517118591237106,0,46020.41006366338,2.7926411676609657,7.469685580911105,96,1,1
42.281917445401525,4.73526176974522,1,33547.202668975864,3.694169144120303,7.981391642456006,35,1,2
42.360498452273276,2.646670578341808,1,73675.13600696585,3.7112639752477055,44.485504633705446,61,2,2
25.004126644984936,2.1388046370725298,0,9429.313711521454,0.10558241500957755,85.49028706571458,22,2,1
42.475439311533165,1.1188557338910798,1,22049.215564870177,4.893032507723817,93.47089237795247,80,1,1
47.39198032656076,4.481225808311089,0,65245.26983763461,6.287482578891876,116.33454876988881,41,1,2
31.054636967546053,3.8531524154587187,0,1279.1498749420407,3.567720781797692,75.3978052721039,35,1,2
29.987709621279866,3.8934925506202402,1,61296.23106103705,1.1848691150660935,42.470974536833154,20,0,1
14.29886359477126,2.4586264230623827,1,49861.552441432905,3.932512465772816,119.77727063141032,91,1,2
45.451055785426625,0.7713759993183356,1,70680.2414003415,7.51661077542405,9.473637866549408,51,0,1
22.294316789161424,1.3391669514579423,1,50220.54809322192,4.198951227910521,88.89955833295296,68,1,0
16.829192777850995,1.8551264847530669,1,13312.29535815542,4.323188636672417,91.93354756438296,70,1,1
21.06481662825697,3.574739376754228,1,17725.674988157145,9.700710402217616,29.05703680419552,61,0,1
26.828887548194718,4.775178664979404,1,83279.41951879891,7.5868204663250935,108.92279876649117,63,0,2
25.6875565478648,3.3790043246676293,1,114115.02341041047,1.3256662104741834,87.73553261049685,6,2,1
13.85667656685704,1.1188557338910798,1,90644.25557120141,8.014932243110593,90.94300952366389,62,1,1
45.09857696833806,4.801659935733353,1,86452.84648383457,0.668647192763808,114.6418289518583,48,1,2
17.05869844923558,2.4931897716455382,1,7361.708935602612,0.8446271244061303,100.44067012792634,73,1,2
26.062168130873808,2.8802298696728617,1,17652.93916855156,1.7843178699525124,92.0641856605874,38,0,1
25.041020322391947,2.910079003235229,0,23311.59299300207,1.6838120413943047,45.52888703339064,22,2,1
42.26326496109509,2.555206511594548,1,35061.22104840772,2.9513410348166937,12.782043019380517,8,1,1
42.281917445401525,4.318845014135825,1,33511.95063268751,6.414633598638848,7.981391642456006,7,0,2
15.826531533921315,2.5700948708965132,0,1025.3298875598382,9.367361087840598,73.52041256202693,17,1,2
20.667548902561556,2.5011309467437295,1,16517.624928060766,0.1982264379193266,84.68365254991863,38,0,1
42.72857842055802,2.6115864593642524,1,13516.53945379412,0.9065751533047441,45.791418148047406,16,1,2
25.367269361676783,3.3768584659426057,1,108857.37736281847,1.3209814228810948,83.17511946919876,54,1,1
19.47235990092576,1.0688797221821211,1,11107.25780735033,8.98537901301612,10.782104489479948,51,0,2
23.490064807972253,0.8036362608482853,1,98756.26523551099,6.777452308603641,100.1670575607049,27,1,2
46.24981976427898,3.345602423525423,1,71712.00228669796,9.703630223253176,27.848953103153985,8,1,1
27.620870503157743,2.4586264230623827,1,33847.1241332524,4.999762227837602,111.0091652071473,92,1,2
20.99462596578012,2.7720242605478456,0,17375.708012740542,5.997960815228609,42.39665208192637,28,1,2
20.24474725274299,3.5755509705002946,1,17705.925238064414,9.700710402217616,27.454249126934748,28,1,1
25.818961310304715,2.5011309467437295,0,17610.448493081967,0.295581024636549,49.83225464525173,25,2,1
29.894804897146834,3.89999684007858,1,61296.23106103705,1.1881719206770418,42.470974536833154,20,0,1
42.281917445401525,4.73526176974522,0,33547.202668975864,6.1786275876439785,6.862886523035165,28,1,2
16.213429382997163,1.8551264847530669,1,113762.88730930361,1.339916975063938,91.99030509840445,70,1,1
42.299508645545345,2.494496341893736,1,72304.93460662683,1.476787769302623,75.45684576643886,12,1,2
42.89457570300483,4.2714329979005825,0,9489.958206347723,1.6838120413943047,92.87082017638335,22,2,1
29.987709621279866,2.6104350110572385,1,61296.23106103705,9.330184803740698,46.157367991499896,16,1,1
26.18207169721029,2.8802298696728617,1,17778.597153487004,1.3943888499498795,92.0641856605874,41,0,1
42.68099719355808,3.1215380140357514,1,17652.93916855156,0.8728707558811497,109.94720426750453,15,0,1
31.461625707798532,3.8531524154587187,0,1291.7237316957612,6.361899167028117,75.3978052721039,9,0,2
19.46556972015662,0.8795360459868424,1,13516.53945379412,8.98537901301612,10.516146235027229,27,0,1
48.48761671493013,3.208000478550165,0,44286.68215865895,0.23421479170511306,112.65637010472396,5,2,1
43.358565356251184,3.6765647720605474,1,31408.827924798374,3.2767416707860435,29.3495598303546,8,1,1
20.225021705032418,3.574739376754228,1,17725.674988157145,9.700710402217616,27.8614400809646,30,1,1
20.325362619808228,1.1188557338910798,1,23370.431064524222,0.17810427009682295,82.15850214079668,38,1,1
22.18251577735661,2.979703236310972,1,21990.377493348024,1.6380343126405803,82.73148364957862,37,0,1
25.004126644984936,2.0483052940444213,0,9429.313711521454,0.10343066925225808,85.49028706571458,22,2,1
21.037530302606942,2.468099169780574,1,2869.9845255960518,3.7714575568109505,118.18493465273082,35,1,2
25.6875565478648,3.3790043246676293,1,13421.885569528735,4.308939705537037,87.67877507647536,6,2,1
13.679989126820866,3.8531524154587187,0,1586.8081741887113,0.5133056768207946,45.407211007463175,19,0,2
25.408650109101632,2.957490610732196,1,33451.34308387761,6.414633598638848,7.981391642456006,7,0,2
20.99462596578012,2.7720242605478456,0,17375.708012740542,5.997960815228609,42.39665208192637,29,1,2
15.706629590817998,2.5700948708965132,0,4670.205733901856,8.327533314633424,73.52041256202693,22,1,2
25.09251521909526,2.2612641660627757,1,13516.53945379412,0.23193900352630142,47.88301010466252,39,1,2
31.036840089919345,3.8531524154587187,0,4904.662669532886,3.567720781797692,75.3978052721039,35,1,2
20.25153743351213,3.5844927298984386,1,17705.925238064414,9.700710402217616,31.25522734782708,52,1,1
28.559218741748225,3.9891408712889325,1,113230.48873171999,1.3256662104741834,83.17511946919876,6,2,1
46.64167886911326,2.5612997840947616,1,75364.39630415954,9.588767994001996,11.281437576325652,8,1,1
46.24981976427898,3.345602423525423,1,71712.00228669796,9.703630223253176,22.769529245392377,7,1,1
42.058185846309996,2.5011309467437295,1,16517.624928060766,4.947274520729696,84.689281667493,58,0,1
48.48761671493013,3.208000478550165,0,45587.438394382305,0.51142916794479,111.58728018345631,5,2,1
27.613766545211096,3.5774091967195005,1,17878.259399361807,9.642186948557084,27.8614400809646,31,1,1
15.75763456508001,3.204671940795059,0,4806.620913697356,8.689234365358226,113.09052404178314,13,1,2
21.037530302606942,2.468099169780574,1,10744.226212612437,6.255916000332556,118.48235838409371,28,1,2
25.6875565478648,3.513900293110414,1,115504.59418113496,1.2511767638630062,87.73553261049685,27,2,1
42.68099719355808,3.3923956341883756,1,76478.15681576291,0.8728707558811497,117.35583070100866,15,0,1
20.382420845860914,3.8531524154587187,0,1025.3298875598382,1.317642848054719,75.3978052721039,14,0,1
24.454590832141974,2.948603343549578,1,17652.93916855156,0.1982264379193266,84.68365254991863,36,0,1
20.208638444894753,4.547781802169668,1,17705.925238064414,1.7787069756140856,91.80426023681422,28,1,1
21.731110341121905,0.8884629288099055,1,17786.375882335975,1.23929180944884,100.14668382098674,41,0,1
48.364247147758945,3.345602423525423,0,75104.2560961432,9.703630223253176,27.848953103153985,8,2,1
46.3720283908891,3.207116613459748,1,72180.45053023909,9.32940241089515,27.848953103153985,16,1,1
20.299334962447105,1.1188557338910798,1,13921.496409324327,8.904857863596288,10.614145191630207,38,1,1
42.72857842055802,2.610654734707478,1,13516.53945379412,0.9065751533047441,43.90250948010255,16,1,1
14.020647564194569,3.8531524154587187,0,1586.8081741887113,0.561545549148691,45.407211007463175,19,0,2
19.859525060190133,3.3763345047023563,1,13269.30115832408,4.308939705537037,87.67877507647536,6,2,1
48.30876437559674,2.573423408651619,0,44171.79897411092,0.1056291682833983,73.07918925326268,5,2,1
21.037530302606942,2.468099169780574,0,3379.9565762507923,3.7714575568109505,107.48532494283268,36,1,2
42.281917445401525,4.318845014135825,1,33511.95063268751,6.4893400028617485,7.981391642456006,7,0,2
46.24981976427898,2.662648537330508,1,12895.152857921807,9.671163962891791,22.769529245392377,7,1,1
12.991420009043699,3.574739376754228,1,17725.674988157145,9.572953288055603,29.05703680419552,28,1,2
25.05083370127754,2.117842770692778,1,33451.34308387761,6.414633598638848,7.981391642456006,7,0,2
45.195313928568126,3.6765647720605474,1,31408.827924798374,3.2767416707860435,29.3495598303546,8,1,1
22.218624585204843,2.979703236310972,1,21990.377493348024,9.518677131009817,25.121242080372514,37,0,1
26.18207169721029,2.8802298696728617,1,13508.760724945147,9.558856800766824,1.9541365172039882,51,0,1
25.004126644984936,2.1388046370725298,1,9429.313711521454,0.10558241500957755,73.89968521670855,22,1,1
30.216922185843046,2.6377812617952463,1,52804.78839837134,9.696739989448584,46.157367991499896,8,1,1
18.53546507248887,1.0874982110874765,1,22965.474109092418,0.3362174332317709,82.07873230653169,27,0,1
20.667548902561556,2.4001955420667556,1,15247.494227760675,0.1982264379193266,82.78364377103063,38,0,2
30.255435940866093,2.6104350110572385,1,61296.23106103705,9.330184803740698,46.157367991499896,17,1,1
16.829192777850995,1.848628963262144,1,8665.671110135952,3.709537278695041,92.49157139845967,73,1,2
18.854066394231488,4.844664346581174,0,46020.41006366338,2.8173695657328777,7.469685580911105,95,1,1
48.500296453055135,4.645131938827097,0,57741.77891333073,4.790713944538516,94.73344157932044,89,0,1
45.36892206527125,0.8884629288099055,1,13516.53945379412,7.574008847591331,10.187334838278574,51,0,1
25.291673047791168,3.044258084222738,0,80123.98662372415,8.745654985044233,112.77890242704522,94,2,2
39.57892972540176,3.5243237278237127,1,58503.31648491285,6.32751217735076,28.975378412799216,98,2,2
11.67872148725082,4.7140183956458355,0,60059.55225930075,7.857538492437715,115.57705462746685,97,1,0
46.6022880496069,3.328287084828767,1,71712.00228669796,9.700710402217616,27.848953103153985,8,1,1
31.48683404856409,0.6669787772584657,1,112188.01239665019,6.597066845311899,64.24618378039942,45,2,0
42.810712140717754,2.4893379939268723,1,70680.2414003415,0.8463262633371194,99.77678003941264,61,2,2
21.037530302606942,2.468099169780574,0,11254.168311541396,6.255916000332556,118.50505555500257,28,1,2
25.04495252716271,2.5011309467437295,1,17610.448493081967,0.1982264379193266,84.68365254991863,38,0,1
23.92174875647322,4.792911430546236,1,83279.41951879891,6.776674094399022,100.1670575607049,63,0,2
48.897586708450234,1.749686999111274,1,38741.16140856881,9.984130482641575,47.014335666342845,80,1,1
27.17839531690935,1.1188557338910798,1,90644.25557120141,4.885916007618264,90.08601578973051,58,1,1
29.987709621279866,2.6104350110572385,1,61296.23106103705,9.330184803740698,46.157367991499896,17,1,1
48.23915720074905,3.205854619825141,0,45587.438394382305,0.19582474932768434,111.58157928677912,68,1,1
46.127823534029524,4.695535267120044,0,88744.26514368443,9.651408110865802,92.82036393890706,88,1,1
25.800420410405394,2.910079003235229,0,21990.377493348024,1.6838120413943047,45.52888703339064,22,2,1
22.294316789161424,1.3391669514579423,1,34206.11978503973,8.395227983928136,94.10639029250933,54,1,0
42.281917445401525,4.648873476540334,1,35061.22104840772,2.9829076083519137,7.981391642456006,34,1,1
14.29886359477126,2.4586264230623827,1,49861.552441432905,3.932512465772816,111.0091652071473,91,1,2
25.6875565478648,3.3790043246676293,1,108857.37736281847,1.3256662104741834,83.17511946919876,6,2,1
45.057352687331004,2.3801945523770094,1,97512.2540121824,0.3743241383620888,39.263915582702936,48,1,2
46.70569659330613,1.0849001321099756,0,98599.54227588841,7.521934893675289,77.63365807000493,90,1,1
19.33905074646607,3.462760223552803,1,75752.73757215099,7.4610766228841,94.11312266604305,43,1,2
13.148806020426193,3.8531524154587187,0,1025.3298875598382,1.235050977117912,75.3978052721039,14,0,2
41.509099938328205,0.9539425262926882,1,34364.521142918275,6.225696222361684,106.39247207174887,79,0,1
34.871122615840946,2.299580063742408,0,60235.85634660481,2.575645688398586,49.84284097929219,97,0,0
19.50019270495349,1.809075299509546,1,107818.63183401927,8.967005891471997,38.40128010438935,99,0,1
45.23795425623196,2.3801945523770094,1,95513.35821894623,6.452191905413704,39.263915582702936,47,1,2
41.911352784791404,0.9898862149716938,1,34364.521142918275,1.4041184310004162,107.67736511471242,79,0,2
47.06819617184421,2.4586264230623827,1,49861.552441432905,9.709255921772105,92.4157624362719,91,1,2
24.720148654954507,4.98008699094624,0,59355.81485251146,4.790713944538516,94.58771298044587,89,0,2
25.80721471260403,1.809075299509546,1,107818.63183401927,1.5882915137285591,38.40128010438935,99,0,1
22.294316789161424,3.2435568864914814,1,34206.11978503973,8.395227983928136,90.17006430155516,73,1,0
25.6875565478648,2.638552537208868,1,103896.77131344922,1.3256662104741834,83.17511946919876,11,2,1
21.088596051999808,2.4893379939268723,1,70680.2414003415,1.0845727725106409,81.39359843182532,61,2,2
34.64689333963995,0.7416239103174306,0,98991.99133258371,2.58081153665138,77.63365807000493,90,0,1
19.22583500757071,1.1188557338910798,1,90529.24408450144,7.447398161275703,94.10699330703578,50,1,1
11.67872148725082,4.7140183956458355,1,7512.314832269956,7.609888541861931,115.57705462746685,98,1,0
24.398939660943576,1.1349983656442424,1,13954.434958460124,7.574008847591331,11.203330481364375,37,0,1
23.92174875647322,4.792911430546236,0,83279.41951879891,6.266104225282449,100.1670575607049,66,0,2
18.854066394231488,4.706822510932347,0,41061.12766127967,2.855627521266611,7.469685580911105,95,2,1
48.897586708450234,1.845643052921352,1,38878.081810931886,9.721451672598375,47.014335666342845,30,1,1
39.398328128104424,3.5243237278237127,1,60502.209711002535,0.28710069858279175,28.975378412799216,98,2,2
12.784392563191803,3.8172183290771784,0,1025.3298875598382,6.123937902586368,75.3978052721039,14,0,1
14.042335228115313,4.695535267120044,0,91750.17432893878,3.844589994884415,111.41375175600231,88,1,1
48.91093926406078,3.044258084222738,0,66829.61082377259,8.745654985044233,112.92459375273339,94,2,1
19.49339840277793,2.910079003235229,0,21990.377493348024,9.058741520526691,45.52888703339064,22,2,1
46.6022880496069,1.4238971794603534,1,71712.00228669796,9.700710402217616,26.995063819590726,10,1,1
29.987709621279866,2.9862018505754904,1,61391.86923556014,9.330184803740698,46.157367991499896,17,1,1
42.75954953044395,2.468099169780574,0,11254.168311541396,6.018661909095401,118.50505555500257,23,1,2
46.929502379931606,2.268738483962694,0,59843.40058740837,7.5167687347609995,49.84284097929219,97,1,0
27.29161105672881,3.462760223552803,1,64410.750645755325,4.899594468151843,90.09214514873777,43,1,2
16.829192777850995,1.848628963262144,0,61238.068375083734,3.9571865633363617,92.49157139845967,73,1,2
46.011323731069794,2.5011309467437295,1,17172.55298841596,0.1982264379193266,83.69142020304592,52,0,1
47.039517733080636,3.205854619825141,1,45587.438394382305,0.02280423665922582,111.58157928677912,59,1,1
31.48683404856409,0.1838322495014889,1,112188.01239665019,6.558808912102275,64.24618378039942,46,1,0
42.281917445401525,4.685885500717314,1,34924.300646044656,3.7733424189569633,7.981391642456006,84,1,1
42.538020845916584,0.9539425262926882,1,34364.521142918275,6.1064508926903445,106.35618410734723,79,0,2
48.897586708450234,2.8735712916822735,1,38878.081810931886,1.5139271431135406,46.98923266775326,22,2,1
25.23329910494352,3.006468443981888,0,72852.11049018495,8.745654985044233,112.77890242704522,93,1,2
48.61915980391053,1.7493222202378904,1,35090.877449444284,2.459510775888696,84.69758997154634,6,2,1
19.46891200000758,3.462760223552803,1,64920.86343539675,5.14981143767077,94.05945053496481,43,1,2
21.37361079364396,2.468099169780574,0,17458.55423949077,6.151915205399726,118.50505555500257,28,1,2
46.011323731069794,4.752215281910518,1,17172.55298841596,2.9845869464627537,84.61181444728759,34,0,1
41.911352784791404,0.9898862149716938,0,93514.17440523623,1.4041184310004162,107.67736511471242,79,0,2
13.148806020426193,2.8706461792682147,0,19924.811989416063,1.235050977117912,43.50813483537088,14,0,1
29.194960362103775,2.2784097040914477,1,61831.86427579865,9.330184803740698,45.465186003511974,8,1,1
15.294533466897873,2.3801945523770094,0,100148.00122664869,0.33971330170084757,75.53018247069583,50,1,2
24.396658358069416,1.3391669514579423,1,33768.758501697586,8.395227983928136,96.79490948593536,54,1,0
20.98364799663235,1.4238971794603534,1,73845.82433704706,9.700710402217616,26.995063819590726,10,1,1
24.252660397794156,2.5680469165007027,1,16277.169572169716,1.2253235879441413,7.945945570939465,11,0,1
29.987709621279866,2.6104350110572385,1,61296.23106103705,9.330184803740698,48.111496611164796,17,1,1
42.75954953044395,2.3952942130608914,0,11254.168311541396,6.018089454294617,118.53470548845308,23,1,1
25.800420410405394,2.550947278574565,0,25339.18620547243,9.667925920041474,26.093016833051188,30,1,1
19.396033695098435,1.886418603504397,1,22293.541708819208,3.709537278695041,92.49157139845967,73,2,2
25.8775129698005,3.379369103185275,1,116909.32949050024,8.70125925940789,45.491865095139,80,1,1
27.161749803668034,3.462760223552803,1,75242.62478250958,6.5456494147795725,90.14581727981601,43,1,2
24.708872036125697,2.5011309467437295,1,11406.062565135615,0.33857300961337256,84.68365254991863,38,0,1
42.281917445401525,2.394637421111022,1,35061.22104840772,0.2019074844152826,7.168337500038575,51,1,1
46.70569659330613,1.0849001321099756,1,36757.867910957735,7.8019063473384,77.63365807000493,90,1,1
19.49339840277793,3.892585239157428,0,3157.1469460750122,9.058741520526691,77.41855746971781,22,2,2
47.38615835538823,3.328287084828767,1,71272.00724645944,9.700710402217616,27.848953103153985,17,1,1
42.57531902834012,3.5853854736706117,1,1025.3298875598382,6.179389956003247,39.131538389209496,12,0,1
22.140260128862803,2.1119745717617846,1,13554.11006085879,7.574008847591331,8.643055509443535,41,0,1
44.83376397084596,1.1188557338910798,1,90651.998966718,7.447398161275703,94.10699330703578,50,1,1
46.7916692331036,0.9589688890019282,1,103896.77131344922,7.644532944876621,80.31155251413617,51,2,1
29.633000656064425,1.1188557338910798,1,90644.25557120141,4.885916007618264,90.08601578973051,58,1,1
20.98364799663235,1.1409023005145138,1,73845.82433704706,9.629329515171293,22.46141115616924,38,1,1
25.07101455289843,4.737095287248518,1,17616.41313607184,0.35614154421678124,84.68365254991863,38,0,1
46.6022880496069,3.3348570276255036,1,73616.84038475316,9.60996746059184,27.848953103153985,12,1,1
13.148806020426193,2.86825178820363,0,104062.73219517816,1.235050977117912,84.34184131819347,14,0,1
20.349460998749244,3.9013593826611377,1,36897.111612108245,2.6220698244452527,74.02202801850233,6,2,1
12.784392563191803,3.8172183290771784,1,292.5963234703763,6.123937902586368,75.3978052721039,17,0,1
29.987709621279866,2.6104350110572385,1,32227.897508120932,8.403324741425866,46.157367991499896,57,1,0
29.194960362103775,1.335833397131248,1,34101.111679894966,9.330184803740698,97.19845917590267,59,1,0
12.939442293682355,3.848207157206106,0,75461.23945452532,7.385959989271852,95.04757846620728,43,0,2
19.66727164688024,3.462760223552803,1,64920.86343539675,5.1887930507944375,85.05567901993922,43,1,2
22.140260128862803,2.1119745717617846,1,13554.11006085879,7.574008847591331,8.643055509443535,72,2,1
42.75954953044395,2.468099169780574,0,11254.168311541396,6.018661909095401,115.84486578693036,23,1,2
42.960903940849605,0.8884629288099055,1,13516.53945379412,7.574008847591331,10.187334838278574,58,0,1
29.987709621279866,2.978945623966612,1,61391.86923556014,9.338121508560699,46.157367991499896,17,1,1
21.775210963102907,2.468099169780574,1,21193.902846272293,6.354096738306346,118.50505555500257,28,1,2
24.398939660943576,1.6490763839544096,1,13954.434958460124,7.644800533362604,10.913184259591173,14,0,1
45.86279458076815,2.416155573985904,1,17166.588345426084,2.8314177116851464,84.61181444728759,34,0,1
40.65881268151249,3.5853854736706117,1,880.7805399117569,6.179389956003247,39.131538389209496,8,0,1
25.6875565478648,2.640946928273453,1,19753.58177748861,1.3256662104741834,42.341412875584666,11,2,1
47.656713375307596,1.740547579399948,0,3157.1469460750122,7.891270624384627,80.7782031090263,22,2,2
27.069276876426578,2.6104350110572385,0,61296.23106103705,9.330184803740698,48.111496611164796,14,1,1
22.294316789161424,1.3391669514579423,1,63274.45335237266,9.322088036709584,94.10639029250933,23,1,1
23.797917596573264,2.2817432584259527,1,61499.51109891824,8.395227983928136,45.061593680070146,4,1,1
19.54842092302841,3.4677054818054156,1,19077.697123493475,1.3482449468015343,74.46334947033696,14,1,2
24.510512389254824,2.5011309467437295,1,11406.062565135615,0.31362329759072294,93.68742406494421,37,0,1
19.396033695098435,1.886418603504397,1,22293.541708819208,3.709537278695041,92.49157139845967,42,0,2
46.6022880496069,1.431153407523738,1,71712.00228669796,9.692773696242085,26.995063819590726,10,1,1
48.897586708450234,2.8735712916822735,0,38878.081810931886,1.4158271708581434,46.98923266775326,22,2,1
49.90648614118137,2.8735712916822735,1,38878.081810931886,6.299958296697433,46.98923266775326,22,1,2
21.037530302606942,2.8270566422487198,0,11254.168311541396,1.4699319153873267,118.50505555500257,28,2,1
45.65311071107308,2.3952942130608914,0,8215.468017995934,6.018089454294617,118.53470548845308,23,1,1
22.5231882886777,1.4245710821577249,1,27562.472441091915,9.700710402217616,26.995063819590726,10,1,1
25.371846181351835,2.3877032186721605,1,6153.690109681027,0.48490744710382183,84.69758997154634,8,2,1
13.148806020426193,2.6391695197353537,0,19924.811989416063,1.235050977117912,43.50813483537088,14,0,1
25.77326709727988,2.111559385839573,1,22293.541708819208,1.252537066815713,92.49157139845967,40,0,2
29.93471323238954,2.6108392994795198,1,1422.5463135696446,9.330184803740698,48.111496611164796,17,1,1
48.00342550574729,4.7239641229760805,1,14322.945337322682,5.235474077302579,91.0378041847293,41,1,1
20.349460998749244,3.9013593826611377,1,36767.43487789184,2.6220698244452527,84.82907677380075,6,0,1
29.987709621279866,2.9862018505754904,1,61391.86923556014,9.598320343955763,46.157367991499896,17,1,1
21.037530302606942,3.8650493189706507,0,1088.27481283618,6.255916000332556,118.50505555500257,14,1,2
42.57258829180523,3.454850673751179,1,11501.344371143578,6.179389956003247,39.131538389209496,12,0,1
49.01031336247635,2.3526973409591045,1,13954.434958460124,7.644800533362604,15.713617001203016,22,0,1
48.897586708450234,2.9002965214865792,0,60123.63248909734,1.4158271708581434,46.98923266775326,22,2,1
24.773199131874676,2.1119745717617846,1,13554.11006085879,9.210581279335548,7.540951284227049,41,0,1
42.75954953044395,2.468099169780574,0,16720.02611843898,5.973124494812016,118.54581491035307,23,1,2
25.07101455289843,4.807482533567608,1,17616.41313607184,0.35614154421678124,74.6966475645277,38,0,1
26.39986964772567,3.4670315928824658,1,71657.36736953566,1.3482449468015343,74.46334947033696,14,1,2
45.8481516329452,1.8627499483094667,1,30641.5309165058,2.2886943432470064,93.68742406494421,35,0,1
25.6875565478648,2.582683277142853,1,19753.58177748861,1.3256662104741834,42.341412875584666,10,2,1
13.148806020426193,3.8531524154587187,0,1025.3298875598382,3.692051778931849,75.3978052721039,16,0,2
12.840403633322829,3.8168140401129795,1,61244.05671017208,6.123937902586368,75.3978052721039,17,0,1
17.542012417386303,3.490905312160983,1,67772.09441487365,2.9379059200354334,85.051317895782,34,0,2
25.04495252716271,2.5011309467437295,1,17740.125245672592,0.1982264379193266,73.87660379462022,29,2,1
19.46891200000758,3.462760223552803,1,64920.86343539675,4.87010385311164,94.05945053496481,43,1,2
12.784392563191803,2.4202681695775086,0,11200.795093816712,6.123937902586368,77.10404016341899,28,0,1
40.66154341804737,3.5853854736706117,1,880.7805399117569,6.179389956003247,39.131538389209496,14,0,1
24.12274197080052,1.2932031690942807,1,38878.081810931886,1.6922429223331417,46.98923266775326,14,2,1
23.797917596573264,2.255018028621647,1,40253.96042076663,8.395227983928136,45.061593680070146,4,1,1
20.466848912889567,1.3391669514579423,1,56421.123146340266,7.685513163966824,95.3594719122201,23,1,1
24.018355025778114,2.5680469165007027,1,10811.311765275907,1.2709602639692994,6.067859282595478,11,0,1
16.829192777850995,1.848628963262144,1,8665.671110135952,3.709537278695041,92.49157139845967,73,1,2
18.854066394231488,4.844664346581174,0,46020.41006366338,2.8173695657328777,7.469685580911105,95,1,1
48.500296453055135,4.645131938827097,0,57741.77891333073,4.790713944538516,94.73344157932044,89,0,1
45.36892206527125,0.8884629288099055,1,13516.53945379412,7.574008847591331,10.187334838278574,51,0,1
25.291673047791168,3.044258084222738,0,80123.98662372415,8.745654985044233,112.77890242704522,94,2,2
39.57892972540176,3.5243237278237127,1,58503.31648491285,6.32751217735076,28.975378412799216,98,2,2
11.67872148725082,4.7140183956458355,0,60059.55225930075,7.857538492437715,115.57705462746685,97,1,0
46.6022880496069,3.328287084828767,1,71712.00228669796,9.700710402217616,27.848953103153985,8,1,1
31.48683404856409,0.6669787772584657,1,112188.01239665019,6.597066845311899,64.24618378039942,45,2,0
42.810712140717754,2.4893379939268723,1,70680.2414003415,0.8463262633371194,99.77678003941264,61,2,2
21.037530302606942,2.468099169780574,0,11254.168311541396,6.255916000332556,118.50505555500257,28,1,2
25.04495252716271,2.5011309467437295,1,17610.448493081967,0.1982264379193266,84.68365254991863,38,0,1
23.92174875647322,4.792911430546236,1,83279.41951879891,6.776674094399022,100.1670575607049,63,0,2
48.897586708450234,1.749686999111274,1,38741.16140856881,9.984130482641575,47.014335666342845,80,1,1
27.17839531690935,1.1188557338910798,1,90644.25557120141,4.885916007618264,90.08601578973051,58,1,1
29.987709621279866,2.6104350110572385,1,61296.23106103705,9.330184803740698,46.157367991499896,17,1,1
48.23915720074905,3.205854619825141,0,45587.438394382305,0.19582474932768434,111.58157928677912,68,1,1
46.127823534029524,4.695535267120044,0,88744.26514368443,9.651408110865802,92.82036393890706,88,1,1
25.800420410405394,2.910079003235229,0,21990.377493348024,1.6838120413943047,45.52888703339064,22,2,1
22.294316789161424,1.3391669514579423,1,34206.11978503973,8.395227983928136,94.10639029250933,54,1,0
42.281917445401525,4.648873476540334,1,35061.22104840772,2.9829076083519137,7.981391642456006,34,1,1
14.29886359477126,2.4586264230623827,1,49861.552441432905,3.932512465772816,111.0091652071473,91,1,2
25.6875565478648,3.3790043246676293,1,108857.37736281847,1.3256662104741834,83.17511946919876,6,2,1
45.057352687331004,2.3801945523770094,1,97512.2540121824,0.3743241383620888,39.263915582702936,48,1,2
46.70569659330613,1.0849001321099756,0,98599.54227588841,7.521934893675289,77.63365807000493,90,1,1
19.33905074646607,3.462760223552803,1,75752.73757215099,7.4610766228841,94.11312266604305,43,1,2
13.148806020426193,3.8531524154587187,0,1025.3298875598382,1.235050977117912,75.3978052721039,14,0,2
41.509099938328205,0.9539425262926882,1,34364.521142918275,6.225696222361684,106.39247207174887,79,0,1
34.871122615840946,2.299580063742408,0,60235.85634660481,2.575645688398586,49.84284097929219,97,0,0
19.50019270495349,1.809075299509546,1,107818.63183401927,8.967005891471997,38.40128010438935,99,0,1
46.70569659330613,4.285576648694718,0,99946.42612660083,7.521934893675289,93.8572156785026,91,1,1
19.657842827936093,3.485432911233938,1,97821.29232954397,0.49188006508595894,39.263915582702936,43,1,2
48.23915720074905,1.856361106828075,0,110474.64785285464,0.1579936066594838,111.58157928677912,68,1,1
48.12634778118775,4.697708690953567,1,34347.36449165917,2.956720027839102,9.595966165257162,33,1,1
34.871122615840946,2.299580063742408,0,71724.37841137758,2.575645688398586,49.84284097929219,97,0,0
25.597536432862764,2.4622696105243356,0,21990.377493348024,5.9156695849653,45.52888703339064,28,2,2
27.28117195269542,1.1188557338910798,1,90644.25557120141,4.885916007618264,85.13267398331557,79,1,1
31.48683404856409,0.6669787772584657,1,2900.6510033581944,5.065135046574535,64.24618378039942,45,2,0
23.010793501445026,3.3853777493328607,1,57549.25979215052,1.3256662104741834,83.72957445220365,6,2,1
48.897586708450234,1.339595623585438,1,34140.624756991616,9.959596013513918,93.742679702518,80,1,1
14.29886359477126,2.450286197887662,1,49861.552441432905,3.932512465772816,8.13292091742435,91,0,2
18.80147627252569,2.4621744377350865,1,8381.35424829452,0.255069873884481,85.51880851742098,71,1,2
24.83987782480847,4.288243894970256,0,80123.98662372415,8.745654985044233,107.81766114282061,94,2,2
24.546926986644124,2.5126546630138584,1,83279.41951879891,6.776674094399022,100.18157870779389,61,0,2
48.500296453055135,1.1830274769641473,0,56394.862589336175,4.790713944538516,78.50988397075592,90,0,1
44.73646738887033,2.3575218646734504,1,75443.6992426302,7.4610766228841,94.11312266604305,48,1,2
19.50019270495349,3.1921635958434904,1,45051.08209218897,9.147875518286106,41.41513449215636,99,0,1
41.509099938328205,0.8973074329539943,1,35078.37769966682,6.251883807076011,93.09366333061031,75,0,1
46.6022880496069,3.328287084828767,1,60223.48022192519,9.700710402217616,27.848953103153985,8,1,1
21.240414280149636,2.915908562491467,0,11254.168311541396,1.6249023059247056,118.50505555500257,25,1,1
26.967457111200627,2.6104350110572385,1,61296.23106103705,9.330184803740698,46.245701776731664,17,1,1
13.148806020426193,3.8531524154587187,0,111710.2301679618,1.235050977117912,75.3978052721039,14,0,2
39.22621787911019,3.5179503031584813,1,109805.34829054834,6.32751217735076,28.420935277586235,98,2,2
22.294316789161424,1.7492583269837785,1,38806.65643661692,8.397646333910213,35.91820465763454,54,1,0
45.36892206527125,0.8968032875091089,1,13516.53945379412,7.574008847591331,112.97207511231531,51,1,1
25.04495252716271,1.8875854722707879,1,17894.765377060838,3.6627706212528683,91.65641543095731,40,0,1
18.854066394231488,4.844664346581174,0,42422.885033460814,2.8173695657328777,7.469685580911105,95,1,1
10.151934376212148,2.878056271302606,0,60059.55225930075,7.857538492437715,115.57705462746685,97,1,0
43.48608525427218,4.767049390062449,1,70680.2414003415,0.8463262633371194,99.76225889232366,63,2,2
10.814300102082933,4.825790268481597,0,60059.55225930075,7.946771946502173,115.57705462746685,97,1,0
13.894835564131984,3.8531524154587187,0,1393.4241908904814,1.235050977117912,74.60386925323388,11,0,1
41.247059946668,2.468099169780574,1,33275.06191653241,6.126520945355612,118.50505555500257,28,1,1
25.78047937611219,3.3853777493328607,1,57549.25979215052,1.3256662104741834,83.72957445220365,16,2,1
16.21964810264677,3.8531524154587187,0,111710.2301679618,1.235050977117912,74.90830399507837,14,0,2
25.239282221427764,2.5397835051265676,1,24233.51218473548,6.944701336615253,44.901504630512285,52,2,2
19.657842827936093,3.484360681402988,1,97821.29232954397,0.7505109872682296,39.05110433053952,43,0,2
25.796872637499998,3.3787959544253843,1,12388.334976496066,1.3331349619633908,84.87694604699942,22,2,1
48.70316141151438,0.7321894717437557,0,98599.54227588841,7.636829582152108,77.63365807000493,90,1,2
18.59507196829831,2.3801945523770094,1,97512.2540121824,7.509396264730673,39.16722022059356,49,1,2
16.829192777850995,1.8487205543693572,1,8665.671110135952,3.709537278695041,90.69884253510867,71,1,2
24.99178149145652,3.1921635958434904,1,45051.08209218897,9.147875518286106,45.44389676169233,99,0,1
46.6022880496069,3.328287084828767,1,59880.23286727578,9.700710402217616,27.848953103153985,8,1,1
26.967457111200627,2.6104350110572385,1,61296.23106103705,9.330184803740698,43.229564290648135,17,1,2
41.553488833862964,4.713776637017089,1,35102.41669370388,6.13011088285483,107.6189303136111,76,0,1
22.267804923742855,2.6104350110572385,1,61296.23106103705,9.96424796076432,46.157367991499896,55,1,1
21.240414280149636,2.915908562491467,0,10895.06750820546,1.0234904560056188,118.79632793014481,25,1,2
20.999576627117793,4.665821470557275,0,13040.335163426596,3.1123026659755064,7.981391642456006,34,1,2
41.509099938328205,0.9539425262926882,1,34475.25292640285,6.225696222361684,99.45748982994984,67,0,1
45.72544320602468,0.8192904660169333,0,12968.53941142973,7.574008847591331,113.51376254107448,27,1,1
25.04495252716271,1.8886577011750947,1,17894.765377060838,3.4803300290532544,91.86921868616939,40,1,1
25.691104320770197,2.910287373477474,0,116953.3994997383,1.6763432899050976,43.82706033681662,6,2,1
42.810712140717754,2.496787120762396,1,70680.2414003415,0.7383489734784141,99.77678003941264,66,2,1
45.52993186053038,3.462760223552803,1,75752.73757215099,0.35698463643755707,88.04744879368288,43,1,2
14.29886359477126,2.45853483195517,1,49861.552441432905,3.932512465772816,115.3434258792651,92,1,2
19.553363740663585,2.5011309467437295,1,24967.974054517792,0.1982264379193266,80.65489019723458,38,0,1
46.6022880496069,3.4053164405027667,1,72055.24964134739,9.700710402217616,27.848953103153985,8,1,1
18.80147627252569,2.4621744377350865,1,8381.35424829452,0.255069873884481,85.51880851742098,71,1,1
47.9570376061885,0.8735181173932773,1,34323.32549762211,4.591196906816181,9.595966165257162,32,1,1
35.39684668351003,1.7492583269837785,1,38806.65643661692,8.397646333910213,35.91820465763454,16,1,0
13.148806020426193,3.7798793904063057,0,111710.2301679618,1.1848044829259958,75.6749941695923,48,0,2
25.04495252716271,2.4483804458820266,1,17860.59587115438,6.050017966188264,119.74663805860179,27,0,1
29.987709621279866,2.6104350110572385,1,18647.04726048127,9.324065898928641,119.22039597323865,28,1,2
21.207309749808836,2.7932413507603453,0,10895.06750820546,0.20072541173473718,79.3894231302388,25,0,2
44.73646738887033,2.3575218646734504,1,75443.6992426302,7.4610766228841,94.11312266604305,44,1,2
25.78047937611219,3.3452693386143495,1,57549.25979215052,1.4613438334882203,84.33178860899814,16,2,1
25.796872637499998,3.3787959544253843,1,19282.518742601507,1.3331349619633908,89.99608899410708,22,0,1
49.42874919005072,3.3853777493328607,1,56576.735188416154,1.461981014990526,83.72957445220365,12,2,1
27.58660078613869,3.328287084828767,1,60227.98899735243,9.350547107428612,27.848953103153985,5,1,2
16.21964810264677,3.7082827547307122,0,112711.5792516987,1.235050977117912,80.29199577718283,14,0,2
16.829192777850995,1.848628963262144,0,8665.671110135952,3.709537278695041,92.49157139845967,75,0,2
47.361865957618804,0.8192904660169333,0,12968.53941142973,8.667661992873366,113.57119809112719,27,1,1
25.800420410405394,2.910079003235229,1,21990.377493348024,1.542219449531116,47.204310544671756,22,2,1
47.9570376061885,0.8735181173932773,1,34323.32549762211,5.117741016854584,9.595966165257162,32,1,1
27.98479380678029,2.6104350110572385,1,61296.23106103705,9.330184803740698,46.245701776731664,17,1,1
41.57105832995733,1.7615400155796976,1,38806.65643661692,8.397646333910213,107.81967976279023,16,1,0
41.247059946668,1.9073041961693349,1,33309.23142369886,3.865342876326265,89.14214846776203,42,1,1
16.219388297444105,2.468099169780574,0,52066.79369039489,6.2618880482024935,43.175140180426816,17,1,1
19.586468271004385,3.050797253526597,1,24967.974054517792,1.2132281837060588,119.28675253092113,38,1,1
19.33905074646607,3.462760223552803,1,75752.73757215099,7.4610766228841,94.11312266604305,47,1,2
16.829192777850995,1.8310723621088152,1,12339.589125231993,3.4342188983090347,88.68705427181685,68,1,2
25.04495252716271,2.5011309467437295,1,17610.448493081967,0.1982264379193266,84.68365254991863,39,2,1
16.058654792710378,3.328287084828767,1,59880.23286727578,9.520330019054288,27.848953103153985,8,1,1
45.980665574414765,2.941290322316748,1,61291.7222856098,9.680348097455141,43.229564290648135,17,1,1
13.148806020426193,3.8531524154587187,1,1025.3298875598382,1.235050977117912,75.3978052721039,8,1,2
12.295272520331299,3.8531524154587187,0,1393.4241908904814,1.235050977117912,59.00773986327141,11,0,1
25.04495252716271,2.0820533681383395,0,24038.7865815739,3.6219226505312077,90.19379317979538,40,1,1
21.240414280149636,2.915908562491467,0,11254.168311541396,1.6245475265856113,118.50505555500257,25,1,1
46.57901668062266,3.4053164405027667,1,72055.24964134739,9.700710402217616,27.848953103153985,8,1,1
35.33488829178164,0.9416608377877751,1,34364.521142918275,6.225696222361684,34.47381223675145,79,0,1
46.18110163290962,3.3787959544253843,1,12388.334976496066,1.3331349619633908,84.31642154946462,8,2,1
18.829209388341148,0.8060929783523594,1,12995.85259302245,3.709537278695041,92.49157139845967,73,1,2
16.829192777850995,1.8310723621088152,1,12339.589125231993,3.4342188983090347,88.68705427181685,66,1,2
24.498641150176073,2.5021758438812434,1,111710.2301679618,1.235050977117912,74.90830399507837,14,0,2
13.187323687195953,3.8219923539554657,1,18806.04770418706,0.3762934253599891,80.65489019723458,38,0,1
27.193296702815108,2.6206652946954057,1,10902.048590384133,1.542219449531116,118.3432221352167,23,2,1
48.71259402272961,3.912252270916576,1,2831.154065094932,1.4653320818580635,87.23257345637052,25,1,1
41.70085717581411,2.6104350110572385,1,61296.23106103705,9.50476813602017,54.06903293774024,23,1,1
25.78047937611219,3.385395541361054,1,57900.61254543962,1.3256662104741834,83.72957445220365,16,2,1
27.98479380678029,2.6104350110572385,1,335.9700025326747,9.330184803740698,46.245701776731664,14,1,1
16.829192777850995,4.016206855874916,0,2079.4032071941137,3.6345988711294357,85.37894198169255,73,1,2
25.04495252716271,1.8841340193320784,1,17894.765377060838,3.6627706212528683,91.6973351149083,16,0,0
13.891569525585549,2.425874091141722,0,38806.65643661692,8.397646333910213,35.91820465763454,17,1,0
25.386519827177942,3.3787959544253843,1,19282.518742601507,1.3331349619633908,88.11336552140425,16,0,1
46.55339190546263,3.8531524154587187,0,108291.28258249888,1.235050977117912,76.61511045563165,14,0,2
29.987709621279866,3.4175571616399956,1,59328.30095084637,9.71761487623571,47.02397242563795,17,1,1
43.72004607254215,1.4846429450480139,0,8638.357928543863,6.993768435287522,113.51376254107448,28,1,1
47.89873824836392,3.328287084828767,1,59880.23286727578,9.700710402217616,27.848953103153985,10,1,1
17.838038620540512,3.799357013656911,0,17860.59587115438,6.050017966188264,119.74663805860179,23,0,1
19.514847799077863,2.53229100566793,1,24126.327726641335,1.2208010270258067,75.3978052721039,8,1,2
21.240414280149636,2.915908562491467,0,21983.3964162452,1.0234904560056188,46.82244775283896,25,1,2
21.696934102622713,2.9251732687484084,0,59889.39884827808,1.621551239057168,118.62092017988992,12,2,1
29.290159104140816,2.468099169780574,1,33275.06191653241,6.271485652573291,119.40204241592578,17,1,1
25.796872637499998,3.378778162397191,1,12038.022534139192,1.3047216149407885,76.25566686573254,22,2,1
13.148806020426193,3.8531524154587187,0,65224.26384687962,1.235050977117912,75.3978052721039,17,0,2
14.367126554593511,1.6508702972102265,1,8566.043189992875,3.5679209500964504,74.60386925323388,5,0,1
41.57105832995733,1.7649914685184072,1,38727.18076880143,8.397646333910213,107.77875997574624,28,1,1
33.456401203646465,3.8531524154587187,1,1393.4241908904814,1.235050977117912,60.40033399382416,11,0,1
46.386754118799395,3.0894618329073733,1,61291.7222856098,9.680348097455141,43.229564290648135,17,1,1
12.801583903177384,3.3787959544253843,1,3764.724605174235,2.1304335782936494,84.31642154946462,8,2,1
46.57901668062266,2.598194289919829,1,76983.78070418104,9.313280320386012,46.979729076846,8,1,1
16.829192777850995,1.848628963262144,1,8665.671110135952,3.709537278695041,92.49157139845967,73,1,2
18.854066394231488,4.844664346581174,0,46020.41006366338,2.8173695657328777,7.469685580911105,95,1,1
48.500296453055135,4.645131938827097,0,57741.77891333073,4.790713944538516,94.73344157932044,89,0,1
45.36892206527125,0.8884629288099055,1,13516.53945379412,7.574008847591331,10.187334838278574,51,0,1
25.291673047791168,3.044258084222738,0,80123.98662372415,8.745654985044233,112.77890242704522,94,2,2
39.57892972540176,3.5243237278237127,1,58503.31648491285,6.32751217735076,28.975378412799216,98,2,2
11.67872148725082,4.7140183956458355,0,60059.55225930075,7.857538492437715,115.57705462746685,97,1,0
46.6022880496069,3.328287084828767,1,71712.00228669796,9.700710402217616,27.848953103153985,8,1,1
31.48683404856409,0.6669787772584657,1,112188.01239665019,6.597066845311899,64.24618378039942,45,2,0
42.810712140717754,2.4893379939268723,1,70680.2414003415,0.8463262633371194,99.77678003941264,61,2,2
21.037530302606942,2.468099169780574,0,11254.168311541396,6.255916000332556,118.50505555500257,28,1,2
25.04495252716271,2.5011309467437295,1,17610.448493081967,0.1982264379193266,84.68365254991863,38,0,1
23.92174875647322,4.792911430546236,1,83279.41951879891,6.776674094399022,100.1670575607049,63,0,2
48.897586708450234,1.749686999111274,1,38741.16140856881,9.984130482641575,47.014335666342845,80,1,1
27.17839531690935,1.1188557338910798,1,90644.25557120141,4.885916007618264,90.08601578973051,58,1,1
29.987709621279866,2.6104350110572385,1,61296.23106103705,9.330184803740698,46.157367991499896,17,1,1
48.23915720074905,3.205854619825141,0,45587.438394382305,0.19582474932768434,111.58157928677912,68,1,1
46.127823534029524,4.695535267120044,0,88744.26514368443,9.651408110865802,92.82036393890706,88,1,1
25.800420410405394,2.910079003235229,0,21990.377493348024,1.6838120413943047,45.52888703339064,22,2,1
22.294316789161424,1.3391669514579423,1,34206.11978503973,8.395227983928136,94.10639029250933,54,1,0
42.281917445401525,4.648873476540334,1,35061.22104840772,2.9829076083519137,7.981391642456006,34,1,1
14.29886359477126,2.4586264230623827,1,49861.552441432905,3.932512465772816,111.0091652071473,91,1,2
25.6875565478648,3.3790043246676293,1,108857.37736281847,1.3256662104741834,83.17511946919876,6,2,1
45.057352687331004,2.3801945523770094,1,97512.2540121824,0.3743241383620888,39.263915582702936,48,1,2
46.70569659330613,1.0849001321099756,0,98599.54227588841,7.521934893675289,77.63365807000493,90,1,1
19.33905074646607,3.462760223552803,1,75752.73757215099,7.4610766228841,94.11312266604305,43,1,2
13.148806020426193,3.8531524154587187,0,1025.3298875598382,1.235050977117912,75.3978052721039,14,0,2
41.509099938328205,0.9539425262926882,1,34364.521142918275,6.225696222361684,106.39247207174887,79,0,1
34.871122615840946,2.299580063742408,0,60235.85634660481,2.575645688398586,49.84284097929219,97,0,0
19.50019270495349,1.809075299509546,1,107818.63183401927,8.967005891471997,38.40128010438935,99,0,1
48.17185428478915,3.205854619825141,0,45231.05924666969,0.19582474932768434,111.1819459153828,68,1,1
12.933543269826364,0.9539425262926882,1,36841.49539411335,6.225696222361684,107.08187051800655,79,0,2
31.782012250262497,1.4513136840318892,1,112188.01239665019,6.731589860869212,38.1925660333288,66,2,0
10.89148908410408,4.713933315685945,0,60059.55225930075,7.857538492437715,115.77995326418396,92,1,2
35.31829550027481,2.299580063742408,0,60838.03562865898,2.575645688398586,49.84284097929219,97,0,0
25.6875565478648,3.3771488728661403,1,66923.31034527939,9.634149713457143,83.17511946919876,7,1,1
16.189418450583172,1.3391669514579423,1,34206.11978503973,8.395227983928136,48.2603183080063,54,1,0
42.39424031660796,1.0849001321099756,0,24792.781245462487,8.008133090934276,7.339842622753892,90,1,1
45.041892957531516,2.3801945523770094,1,97512.2540121824,9.588242536141193,39.67754791334869,48,1,2
25.90963852504819,2.907731342404878,0,11254.168311541396,1.9567908449765485,118.50505555500257,28,1,2
19.499257115421923,2.4586264230623827,1,49861.552441432905,2.8141080455286174,95.92036874903913,91,1,2
16.829192777850995,1.7836813106786935,1,8665.671110135952,3.709537278695041,92.49157139845967,38,1,1
48.66704253560464,3.5243237278237127,1,58303.28482278671,5.914075404141861,28.610998463731196,99,2,2
19.521521211307583,4.844664346581174,0,46020.41006366338,2.8173695657328777,7.469685580911105,95,0,1
27.164187848157518,3.044258084222738,0,80123.98662372415,8.745654985044233,90.34729474789027,97,2,1
42.8779873128353,2.4893379939268723,1,71036.62054806633,0.8463262633371194,100.96330306680161,61,2,2
41.753128345756465,3.8531524154587187,0,1025.3298875598382,1.235050977117912,77.72201022366073,14,0,1
14.845760519186957,1.8266339654991843,1,107818.63183401927,8.967005891471997,64.45489785162798,97,0,1
21.005134421893978,4.792996510506126,1,83279.41951879891,6.776674094399022,99.96380509477908,63,0,0
44.92174313789325,0.8884629288099055,1,12915.386905575659,7.574008847591331,10.187334838278574,62,0,1
46.6022880496069,3.330142536630256,1,108782.37013326022,0.520927938209359,27.848953103153985,8,2,1
29.987709621279866,2.6104350110572385,1,61296.23106103705,9.330184803740698,92.00343443357643,17,1,1
46.59337369192991,4.648873476540334,1,99802.68660329151,2.9876474435604097,78.34618635890536,34,1,1
46.14328326382902,4.695535267120044,0,88744.26514368443,0.433313815404353,92.40672089212893,88,1,1
19.73070525626456,2.470446830610925,0,21990.377493348024,5.982946383310901,45.52888703339064,22,2,1
14.138657270060236,3.462760223552803,1,75752.73757215099,7.414080136732419,109.20191721490554,43,1,2
25.04495252716271,2.5660785993272084,1,17610.448493081967,0.1982264379193266,84.68365254991863,73,0,2
39.80480372809771,1.0619833044076277,1,38941.193070697555,9.9920937990252,47.014335666342845,79,1,1
48.500296453055135,4.645131938827097,0,57741.77891333073,5.361459854199659,94.73344157932044,89,1,1
25.305880516543,1.1188557338910798,1,90644.25557120141,4.885916007618264,115.36766483937627,55,1,2
25.90963852504819,3.022794282543292,0,10810.660106939364,7.499026019487882,15.158181790086957,28,1,2
19.33905074646607,3.5441392312567865,1,75752.73757215099,7.4610766228841,94.11312266604305,43,0,2
41.71721070469135,4.71481039449105,0,60059.55225930075,2.7790856109862134,111.09656288169208,30,1,0
42.438414271265,2.470446830610925,1,12301.42737035282,5.982946383310901,45.52888703339064,22,0,1
13.278441402943773,1.2192174383809575,1,34206.11978503973,3.122821541808917,48.2603183080063,54,0,2
41.753128345756465,3.8531524154587187,0,83580.69947471269,1.1820197386818876,77.72201022366073,14,0,0
25.6875565478648,3.3790023134533715,1,111651.1605087171,9.717689101580575,83.17511946919876,6,2,1
19.499257115421923,1.6474037449195387,1,49861.552441432905,3.441224782264576,96.03167174134961,91,1,2
24.904322978422012,2.6151355970766588,1,17610.448493081967,0.7021958428474205,82.39395879436267,73,0,2
45.057352687331004,2.372802467301743,1,97512.2540121824,0.491495757905712,38.77781478437542,48,1,1
46.59337369192991,4.648873476540334,1,100176.56562258484,2.962173785023409,81.92956247765659,56,1,2
21.536849140798033,2.5011309467437295,1,17610.448493081967,0.1982264379193266,84.68365254991863,38,0,1
47.089117131150644,1.1338997441080227,1,71712.00228669796,9.59545261377466,27.848953103153985,8,1,1
14.29886359477126,2.4586264230623827,0,48977.22152609838,3.468868300965465,111.0091652071473,90,1,2
25.915622451341402,3.587389682734308,1,61296.23106103705,1.2089681453475518,45.68815430806664,17,1,1
45.36892206527125,0.8884629288099055,1,13479.596087134916,2.0447827944391506,112.44443750955169,51,0,1
26.376354191695217,4.792911430546236,1,83279.41951879891,6.776674094399022,100.1670575607049,63,1,2
12.595207380342003,4.648081477695119,1,35061.22104840772,8.061340638554984,12.164941793039795,99,1,1
22.21266654460797,0.8884629288099055,0,22604.337029606657,7.574008847591331,10.187334838278574,63,2,1
16.059783068759373,3.9730946950023522,0,1025.3298875598382,7.845625072830121,75.3978052721039,14,1,0
23.565009637255823,4.792996510506126,1,1825.8040147326465,7.600671833867805,99.96380509477908,63,0,1
28.952557295652994,3.3771508840803985,1,66923.31034527939,1.1657573417834266,83.17511946919876,7,1,1
16.829192777850995,1.848628963262144,1,15353.80262677242,3.709537278695041,92.38026840614918,73,1,2
46.73672954429432,3.281085538880784,1,108782.37013326022,0.5444549434954631,30.138659498679253,13,2,1
29.987709621279866,2.6178270961325047,1,61296.23106103705,9.238629063843927,92.48952265837414,17,1,2
14.138657270060236,3.462760223552803,1,75378.85842869042,7.414080136732419,105.61846496164002,43,1,1
16.953971574086275,1.861759932663815,1,8665.671110135952,3.709537278695041,90.56657692597209,38,1,1
24.806052050178536,3.31324353035137,1,90644.25557120141,4.97966496162665,115.36766483937627,53,1,2
48.23915720074905,3.205854619825141,1,45587.438394382305,0.19582474932768434,111.58157928677912,68,1,1
29.872507580343854,3.110102552905938,0,21990.377493348024,9.374502882617323,45.52888703339064,21,2,1
38.90641553600687,2.5128394981252233,0,81784.89706114789,0.1905995084445033,84.60120536955131,14,0,0
48.90262177924374,0.8884629288099055,1,12915.386905575659,7.574008847591331,10.187334838278574,62,0,2
29.987709621279866,2.6104350110572385,1,61296.23106103705,9.330184803740698,92.45323750108298,17,1,1
29.987709621279866,2.610065924247737,1,61296.23106103705,9.330184803740698,46.716312051888096,17,1,1
28.797505703183138,3.343988988908422,1,17610.448493081967,1.1681839384425778,84.69587498655594,3,0,1
16.170822599584078,4.014172242388966,0,23262.8319687528,7.888680383699245,75.3978052721039,17,1,0
25.90963852504819,2.907731342404878,0,25539.17950379542,1.9567908449765485,118.50505555500257,28,1,1
19.108640450156734,3.518282190236796,1,74162.07447879501,7.464238452474229,99.96380509477908,63,0,1
46.6022880496069,3.0563707040597587,1,71712.00228669796,9.888834585370782,27.848953103153985,8,1,1
47.089117131150644,1.1338997441080227,1,83090.76876565776,9.59545261377466,100.5426806473351,59,0,1
13.821126942182648,2.436197947057298,1,49710.38802769035,3.077183478895935,111.0091652071473,73,1,2
25.6875565478648,3.3771488728661403,1,73373.99569437165,6.627656169683183,45.841240413946636,6,1,1
26.551916965035165,1.4322124142730246,1,30475.18223446102,3.0409679956401736,83.17511946919876,6,0,1
26.21374061545834,1.8182044930166834,1,8665.671110135952,3.709537278695041,90.56657692597209,37,1,1
25.915622451341402,3.587389682734308,1,61296.23106103705,1.2089681453475518,45.68815430806664,38,1,1
21.4650996706824,3.8414438614203767,1,27118.707862307325,1.189755052662752,77.96357334285021,38,0,1
13.148806020426193,3.86874703376263,0,1025.3298875598382,1.235050977117912,75.3978052721039,14,0,1
29.987709621279866,3.167239337255145,1,61296.23106103705,9.238629063843927,91.93057604572627,17,1,2
26.14807908221897,2.534292841915487,1,66923.31034527939,0.19587257794313417,76.43638447187574,37,1,1
19.619665725443774,2.4293691890572724,0,369.037900845462,5.939891071990971,45.52888703339064,20,2,1
41.753128345756465,3.8531524154587187,0,1025.3298875598382,1.235050977117912,77.72201022366073,14,0,2
23.795419933566414,4.818269289042906,1,3582.345014347731,7.952238807194869,94.11312266604305,43,0,2
29.872507580343854,3.3202624181491496,0,16113.676529604272,9.368588798874994,45.52888703339064,21,2,1
23.92174875647322,4.792911430546236,1,71900.65303983909,6.776674094399022,27.472075607852524,12,1,2
16.829192777850995,1.848628963262144,1,8819.208489495206,3.709537278695041,92.49157139845967,91,1,2
42.438414271265,2.470446830610925,1,15040.205407183417,9.195104509523578,82.86276607331553,22,0,1
12.417830470992474,3.4099040663244464,1,114968.66940298154,9.831204571859113,48.2603183080063,54,2,2
16.427787923298727,3.3790043246676293,1,108857.37736281847,1.3256662104741834,83.17511946919876,7,2,1
16.829192777850995,1.7836813106786935,1,40213.253076989546,3.62915603408967,92.49157139845967,17,1,1
29.987709621279866,2.6178270961325047,1,61296.23106103705,6.759442293523133,92.48952265837414,8,1,2
29.987709621279866,2.6104350110572385,1,324.97255366858735,0.505332160150483,48.48495843404308,14,1,1
13.3693679674994,3.8531524154587187,0,1025.3298875598382,1.235050977117912,77.72201022366073,14,0,1
19.619665725443774,2.4293691890572724,0,151.05335452575238,5.939891071990971,44.906213691177705,17,2,1
21.539281557088557,3.343988988908422,1,17610.448493081967,0.19911895958366677,84.69583733422479,3,0,1
25.6875565478648,3.3771488728661403,1,66800.48741784682,9.312033916871885,92.71614491976491,7,1,1
45.44549791794639,0.9176168153991786,0,83580.69947471269,2.03898187933099,77.72201022366073,13,0,0
15.256765288281361,3.546391666198179,1,75752.73757215099,7.4610766228841,94.11312266604305,43,0,2
17.030461603056885,1.7836813106786935,1,51165.56702323729,3.4805191095747388,92.49157139845967,38,1,1
29.987709621279866,3.167239337255145,1,69159.64485137229,9.412172919640367,92.49077206350931,17,1,2
16.1705005978297,3.9730946950023522,0,13804.241705529468,7.845625072830121,75.3978052721039,14,1,0
26.551916965035165,2.109365988425444,1,40652.99598623506,3.593381312238433,83.17511946919876,5,0,1
25.6875565478648,3.3771488728661403,1,73373.99569437165,6.627656169683183,42.93046284308484,6,1,1
25.521106591894593,2.454049999481908,0,21990.377493348024,6.403847319102965,45.52888703339064,22,2,1
29.792635997376664,3.853036712040349,1,10680.6049188639,9.414570493098019,77.43908803623638,21,2,1
23.46079227490401,4.573426933675655,1,3690.269691878875,7.9644403696769075,102.80095918094561,43,0,2
13.148806020426193,3.8531524154587187,0,65311.5958086497,9.47750860954373,69.74737394056697,17,0,2
41.550698835781304,3.86874703376263,0,259.37829803176885,1.235050977117912,75.3978052721039,6,0,1
29.987709621279866,2.6104350110572385,1,61296.23106103705,9.330184803740698,92.45323750108298,20,1,1
28.79507328690577,2.5011309467437295,1,17610.448493081967,1.167354367041558,84.68369020224978,38,0,1
29.987709621279866,2.6104350110572385,1,61419.05398846962,9.652300600146068,84.60122195096683,17,1,1
39.85864986618126,3.824018573848349,1,13479.596087134916,1.187820653799121,112.44443750955169,51,0,1
25.6875565478648,3.3767518897262363,1,108857.37736281847,1.3256662104741834,83.17511946919876,6,2,1
13.619858118193074,2.436197947057298,1,7222.916847780027,3.7062377098059103,111.0091652071473,73,1,2
16.829192777850995,1.5630120169332198,1,8665.671110135952,3.709537278695041,91.93137538067664,76,1,2
16.06010507051375,4.014172242388966,0,829.3890556051214,7.888680383699245,75.3978052721039,17,1,0
16.480470910075287,1.7836813106786935,1,30035.439325215524,3.07674271749141,92.49157139845967,17,1,1
42.438414271265,2.470446830610925,1,15040.205407183417,9.136581055863045,84.91847986420852,22,0,1
20.125221115722404,3.6037865137959186,1,61296.23106103705,0.7912631219248629,37.12851820448841,17,1,1
21.544971253742343,3.3086695675291344,0,27003.444919178284,1.127378463938121,46.05337233961758,38,0,1
42.08773386306352,3.8075198745518577,0,917.4344990553061,1.2235765483936998,78.00693525322131,14,0,2
