bandwidth,cruise_speed,firm_obstacle,illuminance,obstacle_distance,obstacle_size,power,quality,smoke_intensity
43.31931954573512,1.5517809770222535,1,68496.74205364392,0.4315641833660644,51.91731730324783,13,0,2
43.31931954573512,1.5517809770222535,1,68496.74205364392,0.4315641833660644,51.91731730324783,12,0,2
43.31931954573512,1.5517809770222535,1,68496.74205364392,0.4315641833660644,51.91731730324783,80,0,2
43.31931954573512,1.5517809770222535,1,68496.74205364392,0.4315641833660644,51.91731730324783,50,0,2
43.31931954573512,1.5517809770222535,1,68496.74205364392,0.4315641833660644,51.91731730324783,59,0,2
43.31931954573512,1.5517809770222535,1,68496.74205364392,0.4315641833660644,51.91731730324783,60,0,2
43.31931954573512,1.5517809770222535,1,68496.74205364392,0.4315641833660644,51.91731730324783,71,0,2
43.31931954573512,1.5517809770222535,1,68496.74205364392,0.4315641833660644,51.91731730324783,2,0,2
43.31931954573512,1.5517809770222535,1,68496.74205364392,0.4315641833660644,51.91731730324783,49,0,2
43.31931954573512,1.5517809770222535,1,68496.74205364392,0.4315641833660644,51.91731730324783,14,0,2
43.31931954573512,1.5517809770222535,1,68496.74205364392,0.4315641833660644,51.91731730324783,40,0,2
43.31931954573512,1.5517809770222535,1,68496.74205364392,0.4315641833660644,51.91731730324783,93,0,2
43.31931954573512,1.5517809770222535,1,68496.74205364392,0.4315641833660644,51.91731730324783,55,0,2
43.31931954573512,1.5517809770222535,1,68496.74205364392,0.4315641833660644,51.91731730324783,7,0,2
43.31931954573512,1.5517809770222535,1,68496.74205364392,0.4315641833660644,51.91731730324783,54,0,2
43.31931954573512,1.5517809770222535,1,68496.74205364392,0.4315641833660644,51.91731730324783,13,0,2
43.31931954573512,1.5517809770222535,1,68496.74205364392,0.4315641833660644,51.91731730324783,76,0,2
43.31931954573512,1.5517809770222535,1,68496.74205364392,0.4315641833660644,51.91731730324783,95,0,2
43.31931954573512,1.5517809770222535,1,68496.74205364392,0.4315641833660644,51.91731730324783,98,0,2
43.31931954573512,1.5517809770222535,1,68496.74205364392,0.4315641833660644,51.91731730324783,62,0,2
43.31931954573512,1.5517809770222535,1,68496.74205364392,0.4315641833660644,51.91731730324783,87,0,2
43.31931954573512,1.5517809770222535,1,68496.74205364392,0.4315641833660644,51.91731730324783,37,0,2
43.31931954573512,1.5517809770222535,1,68496.74205364392,0.4315641833660644,51.91731730324783,14,0,2
43.31931954573512,1.5517809770222535,1,68496.74205364392,0.4315641833660644,51.91731730324783,51,0,2
43.31931954573512,1.5517809770222535,1,68496.74205364392,0.4315641833660644,51.91731730324783,44,0,2
43.31931954573512,1.5517809770222535,1,68496.74205364392,0.4315641833660644,51.91731730324783,66,0,2
43.31931954573512,1.5517809770222535,1,68496.74205364392,0.4315641833660644,51.91731730324783,100,0,2
43.31931954573512,1.5517809770222535,1,68496.74205364392,0.4315641833660644,51.91731730324783,27,0,2
43.31931954573512,1.5517809770222535,1,68496.74205364392,0.4315641833660644,51.91731730324783,86,0,2
43.31931954573512,1.5517809770222535,1,68496.74205364392,0.4315641833660644,51.91731730324783,13,0,2
13.930316621774868,3.940197972519959,1,9307.839017160857,1.1215076956920977,106.13748135750272,34,1,0
13.930316621774868,3.351802920512419,1,9307.839017160857,1.1215076956920977,106.13748135750272,34,1,0
13.930316621774868,2.561911567415802,1,9307.839017160857,1.1215076956920977,106.13748135750272,34,1,0
13.930316621774868,4.0836821798482905,1,9307.839017160857,1.1215076956920977,106.13748135750272,34,1,0
13.930316621774868,2.745376344350132,1,9307.839017160857,1.1215076956920977,106.13748135750272,34,1,0
13.930316621774868,4.904568196486528,1,9307.839017160857,1.1215076956920977,106.13748135750272,34,1,0
13.930316621774868,1.0225473066502244,1,9307.839017160857,1.1215076956920977,106.13748135750272,34,1,0
13.930316621774868,2.768651814326139,1,9307.839017160857,1.1215076956920977,106.13748135750272,34,1,0
13.930316621774868,2.4181234846169386,1,9307.839017160857,1.1215076956920977,106.13748135750272,34,1,0
13.930316621774868,1.7663742753022404,1,9307.839017160857,1.1215076956920977,106.13748135750272,34,1,0
13.930316621774868,2.9579765197452175,1,9307.839017160857,1.1215076956920977,106.13748135750272,34,1,0
13.930316621774868,1.1765061583379026,1,9307.839017160857,1.1215076956920977,106.13748135750272,34,1,0
13.930316621774868,4.011013418892418,1,9307.839017160857,1.1215076956920977,106.13748135750272,34,1,0
13.930316621774868,4.336667759212073,1,9307.839017160857,1.1215076956920977,106.13748135750272,34,1,0
13.930316621774868,0.6437983561392552,1,9307.839017160857,1.1215076956920977,106.13748135750272,34,1,0
13.930316621774868,2.3353660336913555,1,9307.839017160857,1.1215076956920977,106.13748135750272,34,1,0
13.930316621774868,1.3857244626685217,1,9307.839017160857,1.1215076956920977,106.13748135750272,34,1,0
13.930316621774868,0.41558498867621196,1,9307.839017160857,1.1215076956920977,106.13748135750272,34,1,0
13.930316621774868,4.479721541251838,1,9307.839017160857,1.1215076956920977,106.13748135750272,34,1,0
13.930316621774868,2.149743460239177,1,9307.839017160857,1.1215076956920977,106.13748135750272,34,1,0
13.930316621774868,0.7384564998104703,1,9307.839017160857,1.1215076956920977,106.13748135750272,34,1,0
13.930316621774868,3.3668117863795537,1,9307.839017160857,1.1215076956920977,106.13748135750272,34,1,0
13.930316621774868,1.0110801389401907,1,9307.839017160857,1.1215076956920977,106.13748135750272,34,1,0
13.930316621774868,4.507155393440884,1,9307.839017160857,1.1215076956920977,106.13748135750272,34,1,0
13.930316621774868,1.0857412870926408,1,9307.839017160857,1.1215076956920977,106.13748135750272,34,1,0
13.930316621774868,0.16537343688714345,1,9307.839017160857,1.1215076956920977,106.13748135750272,34,1,0
13.930316621774868,1.0038447708060967,1,9307.839017160857,1.1215076956920977,106.13748135750272,34,1,0
13.930316621774868,1.7287393687781978,1,9307.839017160857,1.1215076956920977,106.13748135750272,34,1,0
13.930316621774868,2.3445408171124233,1,9307.839017160857,1.1215076956920977,106.13748135750272,34,1,0
13.930316621774868,4.530671694477803,1,9307.839017160857,1.1215076956920977,106.13748135750272,34,1,0
37.89444354945191,1.8636245499606319,0,35456.37416523704,6.306283403601505,44.13351125794668,96,1,1
23.572826429697813,1.8636245499606319,0,35456.37416523704,6.306283403601505,44.13351125794668,96,1,1
10.675088603899914,1.8636245499606319,0,35456.37416523704,6.306283403601505,44.13351125794668,96,1,1
16.39294776419924,1.8636245499606319,0,35456.37416523704,6.306283403601505,44.13351125794668,96,1,1
49.857435021586824,1.8636245499606319,0,35456.37416523704,6.306283403601505,44.13351125794668,96,1,1
28.388639195727382,1.8636245499606319,0,35456.37416523704,6.306283403601505,44.13351125794668,96,1,1
37.64159665275037,1.8636245499606319,0,35456.37416523704,6.306283403601505,44.13351125794668,96,1,1
12.18672245607352,1.8636245499606319,0,35456.37416523704,6.306283403601505,44.13351125794668,96,1,1
11.362011157881504,1.8636245499606319,0,35456.37416523704,6.306283403601505,44.13351125794668,96,1,1
43.8356042578023,1.8636245499606319,0,35456.37416523704,6.306283403601505,44.13351125794668,96,1,1
33.51527762667442,1.8636245499606319,0,35456.37416523704,6.306283403601505,44.13351125794668,96,1,1
22.348389728182482,1.8636245499606319,0,35456.37416523704,6.306283403601505,44.13351125794668,96,1,1
22.695065531253498,1.8636245499606319,0,35456.37416523704,6.306283403601505,44.13351125794668,96,1,1
13.569490176709952,1.8636245499606319,0,35456.37416523704,6.306283403601505,44.13351125794668,96,1,1
16.906784044343016,1.8636245499606319,0,35456.37416523704,6.306283403601505,44.13351125794668,96,1,1
10.983444298607452,1.8636245499606319,0,35456.37416523704,6.306283403601505,44.13351125794668,96,1,1
43.564993934911264,1.8636245499606319,0,35456.37416523704,6.306283403601505,44.13351125794668,96,1,1
28.652127888126607,1.8636245499606319,0,35456.37416523704,6.306283403601505,44.13351125794668,96,1,1
15.088116642341216,1.8636245499606319,0,35456.37416523704,6.306283403601505,44.13351125794668,96,1,1
39.56987496134768,1.8636245499606319,0,35456.37416523704,6.306283403601505,44.13351125794668,96,1,1
17.826113197812838,1.8636245499606319,0,35456.37416523704,6.306283403601505,44.13351125794668,96,1,1
12.476809405938102,1.8636245499606319,0,35456.37416523704,6.306283403601505,44.13351125794668,96,1,1
33.935684292961525,1.8636245499606319,0,35456.37416523704,6.306283403601505,44.13351125794668,96,1,1
45.83031006965126,1.8636245499606319,0,35456.37416523704,6.306283403601505,44.13351125794668,96,1,1
11.077736455388113,1.8636245499606319,0,35456.37416523704,6.306283403601505,44.13351125794668,96,1,1
42.20543959566677,1.8636245499606319,0,35456.37416523704,6.306283403601505,44.13351125794668,96,1,1
17.60680066913363,1.8636245499606319,0,35456.37416523704,6.306283403601505,44.13351125794668,96,1,1
13.716056865461885,1.8636245499606319,0,35456.37416523704,6.306283403601505,44.13351125794668,96,1,1
10.718481426102247,1.8636245499606319,0,35456.37416523704,6.306283403601505,44.13351125794668,96,1,1
21.719002680483438,1.8636245499606319,0,35456.37416523704,6.306283403601505,44.13351125794668,96,1,1
23.488969846600046,1.389991868182151,0,108971.30765384472,8.378341406893433,49.791308663122955,53,2,0
23.488969846600046,1.389991868182151,0,108971.30765384472,8.378341406893433,49.791308663122955,53,2,0
23.488969846600046,1.389991868182151,0,108971.30765384472,8.378341406893433,49.791308663122955,53,1,0
23.488969846600046,1.389991868182151,0,108971.30765384472,8.378341406893433,49.791308663122955,53,1,0
23.488969846600046,1.389991868182151,0,108971.30765384472,8.378341406893433,49.791308663122955,53,0,0
23.488969846600046,1.389991868182151,0,108971.30765384472,8.378341406893433,49.791308663122955,53,2,0
23.488969846600046,1.389991868182151,0,108971.30765384472,8.378341406893433,49.791308663122955,53,2,0
23.488969846600046,1.389991868182151,0,108971.30765384472,8.378341406893433,49.791308663122955,53,0,0
23.488969846600046,1.389991868182151,0,108971.30765384472,8.378341406893433,49.791308663122955,53,0,0
23.488969846600046,1.389991868182151,0,108971.30765384472,8.378341406893433,49.791308663122955,53,0,0
23.488969846600046,1.389991868182151,0,108971.30765384472,8.378341406893433,49.791308663122955,53,1,0
23.488969846600046,1.389991868182151,0,108971.30765384472,8.378341406893433,49.791308663122955,53,0,0
23.488969846600046,1.389991868182151,0,108971.30765384472,8.378341406893433,49.791308663122955,53,1,0
23.488969846600046,1.389991868182151,0,108971.30765384472,8.378341406893433,49.791308663122955,53,2,0
23.488969846600046,1.389991868182151,0,108971.30765384472,8.378341406893433,49.791308663122955,53,1,0
23.488969846600046,1.389991868182151,0,108971.30765384472,8.378341406893433,49.791308663122955,53,2,0
23.488969846600046,1.389991868182151,0,108971.30765384472,8.378341406893433,49.791308663122955,53,1,0
23.488969846600046,1.389991868182151,0,108971.30765384472,8.378341406893433,49.791308663122955,53,1,0
23.488969846600046,1.389991868182151,0,108971.30765384472,8.378341406893433,49.791308663122955,53,2,0
23.488969846600046,1.389991868182151,0,108971.30765384472,8.378341406893433,49.791308663122955,53,1,0
23.488969846600046,1.389991868182151,0,108971.30765384472,8.378341406893433,49.791308663122955,53,2,0
23.488969846600046,1.389991868182151,0,108971.30765384472,8.378341406893433,49.791308663122955,53,0,0
23.488969846600046,1.389991868182151,0,108971.30765384472,8.378341406893433,49.791308663122955,53,2,0
23.488969846600046,1.389991868182151,0,108971.30765384472,8.378341406893433,49.791308663122955,53,2,0
23.488969846600046,1.389991868182151,0,108971.30765384472,8.378341406893433,49.791308663122955,53,2,0
23.488969846600046,1.389991868182151,0,108971.30765384472,8.378341406893433,49.791308663122955,53,0,0
23.488969846600046,1.389991868182151,0,108971.30765384472,8.378341406893433,49.791308663122955,53,0,0
23.488969846600046,1.389991868182151,0,108971.30765384472,8.378341406893433,49.791308663122955,53,0,0
23.488969846600046,1.389991868182151,0,108971.30765384472,8.378341406893433,49.791308663122955,53,1,0
23.488969846600046,1.389991868182151,0,108971.30765384472,8.378341406893433,49.791308663122955,53,1,0
47.04216604279251,3.7916732481191096,1,29441.48237164312,5.957866648207752,38.70254664838554,86,0,2
47.04216604279251,3.7916732481191096,1,101433.18880487917,5.957866648207752,38.70254664838554,86,0,2
47.04216604279251,3.7916732481191096,1,89027.1792931758,5.957866648207752,38.70254664838554,86,0,2
47.04216604279251,3.7916732481191096,1,65513.44614345389,5.957866648207752,38.70254664838554,86,0,2
47.04216604279251,3.7916732481191096,1,79390.60269704754,5.957866648207752,38.70254664838554,86,0,2
47.04216604279251,3.7916732481191096,1,83085.80163792346,5.957866648207752,38.70254664838554,86,0,2
47.04216604279251,3.7916732481191096,1,93735.33661486511,5.957866648207752,38.70254664838554,86,0,2
47.04216604279251,3.7916732481191096,1,111303.2115499973,5.957866648207752,38.70254664838554,86,0,2
47.04216604279251,3.7916732481191096,1,18002.231447576443,5.957866648207752,38.70254664838554,86,0,2
47.04216604279251,3.7916732481191096,1,75150.57372313597,5.957866648207752,38.70254664838554,86,0,2
47.04216604279251,3.7916732481191096,1,17268.82831587808,5.957866648207752,38.70254664838554,86,0,2
47.04216604279251,3.7916732481191096,1,53197.98771651224,5.957866648207752,38.70254664838554,86,0,2
47.04216604279251,3.7916732481191096,1,94362.72324330288,5.957866648207752,38.70254664838554,86,0,2
47.04216604279251,3.7916732481191096,1,107367.94733059,5.957866648207752,38.70254664838554,86,0,2
47.04216604279251,3.7916732481191096,1,91117.00936877858,5.957866648207752,38.70254664838554,86,0,2
47.04216604279251,3.7916732481191096,1,4287.5681616279835,5.957866648207752,38.70254664838554,86,0,2
47.04216604279251,3.7916732481191096,1,43155.07268899585,5.957866648207752,38.70254664838554,86,0,2
47.04216604279251,3.7916732481191096,1,19600.297617286607,5.957866648207752,38.70254664838554,86,0,2
47.04216604279251,3.7916732481191096,1,119856.34641638292,5.957866648207752,38.70254664838554,86,0,2
47.04216604279251,3.7916732481191096,1,17316.082301299284,5.957866648207752,38.70254664838554,86,0,2
47.04216604279251,3.7916732481191096,1,29347.960563864097,5.957866648207752,38.70254664838554,86,0,2
47.04216604279251,3.7916732481191096,1,42892.07674503206,5.957866648207752,38.70254664838554,86,0,2
47.04216604279251,3.7916732481191096,1,7343.968880986188,5.957866648207752,38.70254664838554,86,0,2
47.04216604279251,3.7916732481191096,1,104451.37464851832,5.957866648207752,38.70254664838554,86,0,2
47.04216604279251,3.7916732481191096,1,76377.9161667004,5.957866648207752,38.70254664838554,86,0,2
47.04216604279251,3.7916732481191096,1,19203.39886541205,5.957866648207752,38.70254664838554,86,0,2
47.04216604279251,3.7916732481191096,1,59812.29618319752,5.957866648207752,38.70254664838554,86,0,2
47.04216604279251,3.7916732481191096,1,9477.224245849517,5.957866648207752,38.70254664838554,86,0,2
47.04216604279251,3.7916732481191096,1,73333.13529169308,5.957866648207752,38.70254664838554,86,0,2
47.04216604279251,3.7916732481191096,1,27830.320842571018,5.957866648207752,38.70254664838554,86,0,2
35.75296958712151,4.178075505052496,1,60111.321277722476,5.57992847971887,66.55602726545142,80,1,0
35.75296958712151,4.178075505052496,1,60111.321277722476,5.57992847971887,66.55602726545142,80,1,0
35.75296958712151,4.178075505052496,1,60111.321277722476,5.57992847971887,66.55602726545142,80,1,1
35.75296958712151,4.178075505052496,1,60111.321277722476,5.57992847971887,66.55602726545142,80,1,0
35.75296958712151,4.178075505052496,1,60111.321277722476,5.57992847971887,66.55602726545142,80,1,2
35.75296958712151,4.178075505052496,1,60111.321277722476,5.57992847971887,66.55602726545142,80,1,1
35.75296958712151,4.178075505052496,1,60111.321277722476,5.57992847971887,66.55602726545142,80,1,0
35.75296958712151,4.178075505052496,1,60111.321277722476,5.57992847971887,66.55602726545142,80,1,1
35.75296958712151,4.178075505052496,1,60111.321277722476,5.57992847971887,66.55602726545142,80,1,0
35.75296958712151,4.178075505052496,1,60111.321277722476,5.57992847971887,66.55602726545142,80,1,0
35.75296958712151,4.178075505052496,1,60111.321277722476,5.57992847971887,66.55602726545142,80,1,1
35.75296958712151,4.178075505052496,1,60111.321277722476,5.57992847971887,66.55602726545142,80,1,1
35.75296958712151,4.178075505052496,1,60111.321277722476,5.57992847971887,66.55602726545142,80,1,0
35.75296958712151,4.178075505052496,1,60111.321277722476,5.57992847971887,66.55602726545142,80,1,1
35.75296958712151,4.178075505052496,1,60111.321277722476,5.57992847971887,66.55602726545142,80,1,0
35.75296958712151,4.178075505052496,1,60111.321277722476,5.57992847971887,66.55602726545142,80,1,0
35.75296958712151,4.178075505052496,1,60111.321277722476,5.57992847971887,66.55602726545142,80,1,0
35.75296958712151,4.178075505052496,1,60111.321277722476,5.57992847971887,66.55602726545142,80,1,0
35.75296958712151,4.178075505052496,1,60111.321277722476,5.57992847971887,66.55602726545142,80,1,2
35.75296958712151,4.178075505052496,1,60111.321277722476,5.57992847971887,66.55602726545142,80,1,1
35.75296958712151,4.178075505052496,1,60111.321277722476,5.57992847971887,66.55602726545142,80,1,0
35.75296958712151,4.178075505052496,1,60111.321277722476,5.57992847971887,66.55602726545142,80,1,2
35.75296958712151,4.178075505052496,1,60111.321277722476,5.57992847971887,66.55602726545142,80,1,1
35.75296958712151,4.178075505052496,1,60111.321277722476,5.57992847971887,66.55602726545142,80,1,0
35.75296958712151,4.178075505052496,1,60111.321277722476,5.57992847971887,66.55602726545142,80,1,0
35.75296958712151,4.178075505052496,1,60111.321277722476,5.57992847971887,66.55602726545142,80,1,0
35.75296958712151,4.178075505052496,1,60111.321277722476,5.57992847971887,66.55602726545142,80,1,2
35.75296958712151,4.178075505052496,1,60111.321277722476,5.57992847971887,66.55602726545142,80,1,1
35.75296958712151,4.178075505052496,1,60111.321277722476,5.57992847971887,66.55602726545142,80,1,2
35.75296958712151,4.178075505052496,1,60111.321277722476,5.57992847971887,66.55602726545142,80,1,2
45.737402885252465,1.3960838912367668,0,23475.89195284772,8.287994040472004,108.87061515081514,78,2,0
45.737402885252465,1.3960838912367668,0,23475.89195284772,8.287994040472004,84.02928693414898,78,2,0
45.737402885252465,1.3960838912367668,0,23475.89195284772,8.287994040472004,8.010089597478633,78,2,0
45.737402885252465,1.3960838912367668,0,23475.89195284772,8.287994040472004,96.76817091370671,78,2,0
45.737402885252465,1.3960838912367668,0,23475.89195284772,8.287994040472004,82.00496848585891,78,2,0
45.737402885252465,1.3960838912367668,0,23475.89195284772,8.287994040472004,17.271628710111408,78,2,0
45.737402885252465,1.3960838912367668,0,23475.89195284772,8.287994040472004,55.79324712328456,78,2,0
45.737402885252465,1.3960838912367668,0,23475.89195284772,8.287994040472004,5.918718645544088,78,2,0
45.737402885252465,1.3960838912367668,0,23475.89195284772,8.287994040472004,96.22511583415795,78,2,0
45.737402885252465,1.3960838912367668,0,23475.89195284772,8.287994040472004,86.23610606259395,78,2,0
45.737402885252465,1.3960838912367668,0,23475.89195284772,8.287994040472004,96.55537199016634,78,2,0
45.737402885252465,1.3960838912367668,0,23475.89195284772,8.287994040472004,91.24987687442126,78,2,0
45.737402885252465,1.3960838912367668,0,23475.89195284772,8.287994040472004,32.070909235523686,78,2,0
45.737402885252465,1.3960838912367668,0,23475.89195284772,8.287994040472004,94.76886173922134,78,2,0
45.737402885252465,1.3960838912367668,0,23475.89195284772,8.287994040472004,29.900477510448766,78,2,0
45.737402885252465,1.3960838912367668,0,23475.89195284772,8.287994040472004,16.54745735236716,78,2,0
45.737402885252465,1.3960838912367668,0,23475.89195284772,8.287994040472004,46.84680403309774,78,2,0
45.737402885252465,1.3960838912367668,0,23475.89195284772,8.287994040472004,59.74084234692337,78,2,0
45.737402885252465,1.3960838912367668,0,23475.89195284772,8.287994040472004,34.29865771643648,78,2,0
45.737402885252465,1.3960838912367668,0,23475.89195284772,8.287994040472004,72.69394854647011,78,2,0
45.737402885252465,1.3960838912367668,0,23475.89195284772,8.287994040472004,72.30044750512734,78,2,0
45.737402885252465,1.3960838912367668,0,23475.89195284772,8.287994040472004,28.778118985717974,78,2,0
45.737402885252465,1.3960838912367668,0,23475.89195284772,8.287994040472004,74.70809853991786,78,2,0
45.737402885252465,1.3960838912367668,0,23475.89195284772,8.287994040472004,42.87035010650117,78,2,0
45.737402885252465,1.3960838912367668,0,23475.89195284772,8.287994040472004,88.16275183845003,78,2,0
45.737402885252465,1.3960838912367668,0,23475.89195284772,8.287994040472004,34.85015419427084,78,2,0
45.737402885252465,1.3960838912367668,0,23475.89195284772,8.287994040472004,95.85521146084447,78,2,0
45.737402885252465,1.3960838912367668,0,23475.89195284772,8.287994040472004,49.81325770624914,78,2,0
45.737402885252465,1.3960838912367668,0,23475.89195284772,8.287994040472004,66.38882813116471,78,2,0
45.737402885252465,1.3960838912367668,0,23475.89195284772,8.287994040472004,80.8015586025642,78,2,0
29.42387643818836,3.2986829761141316,1,22468.651336988944,5.183773755014462,18.689575846342542,85,0,1
29.42387643818836,3.2986829761141316,1,22468.651336988944,2.5761816543803873,18.689575846342542,85,0,1
29.42387643818836,3.2986829761141316,1,22468.651336988944,9.79381586495416,18.689575846342542,85,0,1
29.42387643818836,3.2986829761141316,1,22468.651336988944,0.9605540688734415,18.689575846342542,85,0,1
29.42387643818836,3.2986829761141316,1,22468.651336988944,3.2492367611655326,18.689575846342542,85,0,1
29.42387643818836,3.2986829761141316,1,22468.651336988944,5.4911229808243744,18.689575846342542,85,0,1
29.42387643818836,3.2986829761141316,1,22468.651336988944,0.2870047226297001,18.689575846342542,85,0,1
29.42387643818836,3.2986829761141316,1,22468.651336988944,1.549130860920257,18.689575846342542,85,0,1
29.42387643818836,3.2986829761141316,1,22468.651336988944,7.992644185605979,18.689575846342542,85,0,1
29.42387643818836,3.2986829761141316,1,22468.651336988944,7.8381438199506555,18.689575846342542,85,0,1
29.42387643818836,3.2986829761141316,1,22468.651336988944,6.369663971231066,18.689575846342542,85,0,1
29.42387643818836,3.2986829761141316,1,22468.651336988944,9.017996600943878,18.689575846342542,85,0,1
29.42387643818836,3.2986829761141316,1,22468.651336988944,7.5552340333705565,18.689575846342542,85,0,1
29.42387643818836,3.2986829761141316,1,22468.651336988944,2.9878446694892125,18.689575846342542,85,0,1
29.42387643818836,3.2986829761141316,1,22468.651336988944,6.448665262126427,18.689575846342542,85,0,1
29.42387643818836,3.2986829761141316,1,22468.651336988944,3.4008236435920547,18.689575846342542,85,0,1
29.42387643818836,3.2986829761141316,1,22468.651336988944,7.498444329241765,18.689575846342542,85,0,1
29.42387643818836,3.2986829761141316,1,22468.651336988944,3.8479370884446573,18.689575846342542,85,0,1
29.42387643818836,3.2986829761141316,1,22468.651336988944,1.5324335875809325,18.689575846342542,85,0,1
29.42387643818836,3.2986829761141316,1,22468.651336988944,8.764566082257105,18.689575846342542,85,0,1
29.42387643818836,3.2986829761141316,1,22468.651336988944,6.904054473036009,18.689575846342542,85,0,1
29.42387643818836,3.2986829761141316,1,22468.651336988944,7.446787391543124,18.689575846342542,85,0,1
29.42387643818836,3.2986829761141316,1,22468.651336988944,5.595979145034931,18.689575846342542,85,0,1
29.42387643818836,3.2986829761141316,1,22468.651336988944,7.8294161779698594,18.689575846342542,85,0,1
29.42387643818836,3.2986829761141316,1,22468.651336988944,4.47873396378697,18.689575846342542,85,0,1
29.42387643818836,3.2986829761141316,1,22468.651336988944,5.657930406632432,18.689575846342542,85,0,1
29.42387643818836,3.2986829761141316,1,22468.651336988944,0.6256378239250149,18.689575846342542,85,0,1
29.42387643818836,3.2986829761141316,1,22468.651336988944,5.550687141384284,18.689575846342542,85,0,1
29.42387643818836,3.2986829761141316,1,22468.651336988944,8.146035999178059,18.689575846342542,85,0,1
29.42387643818836,3.2986829761141316,1,22468.651336988944,7.055455237189695,18.689575846342542,85,0,1
13.062543526249527,2.5548723035578584,1,97598.49018144826,3.2402928454854174,10.129057128153537,18,0,0
13.062543526249527,2.5548723035578584,1,97598.49018144826,3.2402928454854174,10.129057128153537,18,0,0
13.062543526249527,2.5548723035578584,0,97598.49018144826,3.2402928454854174,10.129057128153537,18,0,0
13.062543526249527,2.5548723035578584,0,97598.49018144826,3.2402928454854174,10.129057128153537,18,0,0
13.062543526249527,2.5548723035578584,0,97598.49018144826,3.2402928454854174,10.129057128153537,18,0,0
13.062543526249527,2.5548723035578584,1,97598.49018144826,3.2402928454854174,10.129057128153537,18,0,0
13.062543526249527,2.5548723035578584,1,97598.49018144826,3.2402928454854174,10.129057128153537,18,0,0
13.062543526249527,2.5548723035578584,0,97598.49018144826,3.2402928454854174,10.129057128153537,18,0,0
13.062543526249527,2.5548723035578584,1,97598.49018144826,3.2402928454854174,10.129057128153537,18,0,0
13.062543526249527,2.5548723035578584,1,97598.49018144826,3.2402928454854174,10.129057128153537,18,0,0
13.062543526249527,2.5548723035578584,1,97598.49018144826,3.2402928454854174,10.129057128153537,18,0,0
13.062543526249527,2.5548723035578584,0,97598.49018144826,3.2402928454854174,10.129057128153537,18,0,0
13.062543526249527,2.5548723035578584,1,97598.49018144826,3.2402928454854174,10.129057128153537,18,0,0
13.062543526249527,2.5548723035578584,0,97598.49018144826,3.2402928454854174,10.129057128153537,18,0,0
13.062543526249527,2.5548723035578584,1,97598.49018144826,3.2402928454854174,10.129057128153537,18,0,0
13.062543526249527,2.5548723035578584,1,97598.49018144826,3.2402928454854174,10.129057128153537,18,0,0
13.062543526249527,2.5548723035578584,0,97598.49018144826,3.2402928454854174,10.129057128153537,18,0,0
13.062543526249527,2.5548723035578584,0,97598.49018144826,3.2402928454854174,10.129057128153537,18,0,0
13.062543526249527,2.5548723035578584,0,97598.49018144826,3.2402928454854174,10.129057128153537,18,0,0
13.062543526249527,2.5548723035578584,0,97598.49018144826,3.2402928454854174,10.129057128153537,18,0,0
13.062543526249527,2.5548723035578584,0,97598.49018144826,3.2402928454854174,10.129057128153537,18,0,0
13.062543526249527,2.5548723035578584,1,97598.49018144826,3.2402928454854174,10.129057128153537,18,0,0
13.062543526249527,2.5548723035578584,1,97598.49018144826,3.2402928454854174,10.129057128153537,18,0,0
13.062543526249527,2.5548723035578584,0,97598.49018144826,3.2402928454854174,10.129057128153537,18,0,0
13.062543526249527,2.5548723035578584,1,97598.49018144826,3.2402928454854174,10.129057128153537,18,0,0
13.062543526249527,2.5548723035578584,1,97598.49018144826,3.2402928454854174,10.129057128153537,18,0,0
13.062543526249527,2.5548723035578584,0,97598.49018144826,3.2402928454854174,10.129057128153537,18,0,0
13.062543526249527,2.5548723035578584,0,97598.49018144826,3.2402928454854174,10.129057128153537,18,0,0
13.062543526249527,2.5548723035578584,0,97598.49018144826,3.2402928454854174,10.129057128153537,18,0,0
13.062543526249527,2.5548723035578584,1,97598.49018144826,3.2402928454854174,10.129057128153537,18,0,0
37.89444354945191,3.940197972519959,1,29441.48237164312,5.183773755014462,108.87061515081514,13,2,0
23.572826429697813,3.351802920512419,1,101433.18880487917,2.5761816543803873,84.02928693414898,12,2,0
10.675088603899914,2.561911567415802,0,89027.1792931758,9.79381586495416,8.010089597478633,80,1,1
16.39294776419924,4.0836821798482905,0,65513.44614345389,0.9605540688734415,96.76817091370671,50,1,0
49.857435021586824,2.745376344350132,0,79390.60269704754,3.2492367611655326,82.00496848585891,59,0,2
28.388639195727382,4.904568196486528,1,83085.80163792346,5.4911229808243744,17.271628710111408,60,2,1
37.64159665275037,1.0225473066502244,1,93735.33661486511,0.2870047226297001,55.79324712328456,71,2,0
12.18672245607352,2.768651814326139,0,111303.2115499973,1.549130860920257,5.918718645544088,2,0,1
11.362011157881504,2.4181234846169386,1,18002.231447576443,7.992644185605979,96.22511583415795,49,0,0
43.8356042578023,1.7663742753022404,1,75150.57372313597,7.8381438199506555,86.23610606259395,14,0,0
33.51527762667442,2.9579765197452175,1,17268.82831587808,6.369663971231066,96.55537199016634,40,1,1
22.348389728182482,1.1765061583379026,0,53197.98771651224,9.017996600943878,91.24987687442126,93,0,1
22.695065531253498,4.011013418892418,1,94362.72324330288,7.5552340333705565,32.070909235523686,55,1,0
13.569490176709952,4.336667759212073,0,107367.94733059,2.9878446694892125,94.76886173922134,7,2,1
16.906784044343016,0.6437983561392552,1,91117.00936877858,6.448665262126427,29.900477510448766,54,1,0
10.983444298607452,2.3353660336913555,1,4287.5681616279835,3.4008236435920547,16.54745735236716,13,2,0
43.564993934911264,1.3857244626685217,0,43155.07268899585,7.498444329241765,46.84680403309774,76,1,0
28.652127888126607,0.41558498867621196,0,19600.297617286607,3.8479370884446573,59.74084234692337,95,1,0
15.088116642341216,4.479721541251838,0,119856.34641638292,1.5324335875809325,34.29865771643648,98,2,2
39.56987496134768,2.149743460239177,0,17316.082301299284,8.764566082257105,72.69394854647011,62,1,1
17.826113197812838,0.7384564998104703,0,29347.960563864097,6.904054473036009,72.30044750512734,87,2,0
12.476809405938102,3.3668117863795537,1,42892.07674503206,7.446787391543124,28.778118985717974,37,0,2
33.935684292961525,1.0110801389401907,1,7343.968880986188,5.595979145034931,74.70809853991786,14,2,1
45.83031006965126,4.507155393440884,0,104451.37464851832,7.8294161779698594,42.87035010650117,51,2,0
11.077736455388113,1.0857412870926408,1,76377.9161667004,4.47873396378697,88.16275183845003,44,2,0
42.20543959566677,0.16537343688714345,1,19203.39886541205,5.657930406632432,34.85015419427084,66,0,0
17.60680066913363,1.0038447708060967,0,59812.29618319752,0.6256378239250149,95.85521146084447,100,0,2
13.716056865461885,1.7287393687781978,0,9477.224245849517,5.550687141384284,49.81325770624914,27,0,1
10.718481426102247,2.3445408171124233,0,73333.13529169308,8.146035999178059,66.38882813116471,86,1,2
21.719002680483438,4.530671694477803,1,27830.320842571018,7.055455237189695,80.8015586025642,13,1,2
29.55926300810983,4.904568196486528,1,83085.80163792346,5.638920658275561,17.271628710111408,60,2,1
46.98840158266008,0.20570443733595606,1,19717.901217134735,9.017996600943878,91.24987687442126,93,0,0
37.89444354945191,3.940197972519959,1,29441.48237164312,5.828839941327703,106.36469512018891,13,2,0
47.04318555897941,1.1928430148978069,0,89435.82906332464,7.379936889714444,46.84680403309774,76,1,0
11.362011157881504,2.4181234846169386,1,42420.34678986567,6.929312032971559,96.22511583415795,50,0,0
15.581288164573252,2.7909314268771928,0,95313.57965224319,0.9605540688734415,111.33502505672708,4,1,0
34.11141284877627,2.9805134062741048,0,73333.13529169308,8.265676053568972,66.38882813116471,79,1,2
24.454091856026853,3.299615821387316,1,32311.24886197409,2.7712917591564885,72.27275623591939,12,2,0
12.462663451162019,3.069956333211889,1,43083.11016771658,0.02104994383454195,28.778118985717974,98,0,2
13.596650989057306,0.9531464733663908,0,106691.34021107212,3.0336158790722525,93.8770974393452,14,2,1
10.983444298607452,2.3353660336913555,1,3398.6628082910192,7.022347023352232,10.26035178333943,13,2,2
10.487904508623394,4.651522021913821,1,76377.9161667004,4.54061466405527,87.0183914932893,44,2,0
28.652127888126607,0.2873709142361164,0,19600.297617286607,3.7849000242133464,59.74084234692337,95,1,0
19.06149462643429,4.472639157260858,1,119856.34641638292,1.5324335875809325,39.55790900062147,55,1,2
13.716056865461885,1.6921365973775826,0,9477.224245849517,5.8965187822326,49.81325770624914,27,0,1
22.205336340329154,1.1363326597108179,0,52683.48829008417,5.657930406632432,34.85015419427084,66,0,1
49.857435021586824,2.745376344350132,0,88359.07076880569,3.2492367611655326,82.00496848585891,59,0,2
17.180528083819354,0.6437983561392552,1,44836.25080275349,6.56717270165374,27.02411315275291,54,1,0
37.64159665275037,1.3408813888463789,1,93735.33661486511,0.17486874070907765,55.79324712328456,71,2,0
12.210326118230348,4.061402550199547,0,107481.42646262092,1.549130860920257,5.5559524374631835,49,0,1
10.497247528142717,2.322003930583535,1,5940.319757877771,5.722409492712629,96.55537199016634,47,1,1
17.732071614101752,0.7906737516778346,0,98468.63561514666,6.708944545775346,84.05697820335692,87,2,0
17.8247737246928,0.9976174798730955,0,59621.262760513084,7.37128443855579,95.85521146084447,38,0,2
33.91112021226022,4.394054193142775,1,836.2397206972555,5.550207935657227,75.59986283926918,7,2,1
21.719002680483438,4.550494224556925,1,28734.921104722678,3.433931848222701,87.1420247243411,13,1,0
47.266813016968555,0.9349022028144904,0,104451.37464851832,7.767535392976391,44.014709946206935,51,2,0
43.8356042578023,1.7663742753022404,1,75150.57372313597,7.901179721931161,86.23610606259395,11,0,0
22.695065531253498,4.018095802830238,0,94362.72324330288,7.054434196086025,32.070909235523686,98,2,0
11.362011157881504,2.4181234846169386,1,17430.77415404936,5.697541488902208,96.22511583415795,49,0,1
33.935684292961525,1.0110801389401907,1,7915.426323995126,7.891081836756059,74.70809853991786,14,2,0
37.38741888886068,3.940197972519959,1,9517.890314989014,5.183773755014462,108.87061515081514,13,2,1
33.644721836050344,0.16537343688714345,1,24307.343269206525,6.3756320335066565,31.08287156688815,66,0,0
43.8356042578023,1.7663742753022404,1,75150.57372313597,7.901179721931161,86.23610606259395,14,0,0
36.15304129825622,2.3330009643916187,1,17430.77415404936,5.697541488902208,96.22511583415795,48,0,1
16.906784044343016,0.6437983561392552,1,85092.09704831066,6.574064629705821,50.285350821035436,54,1,0
11.596235499174611,0.20570443733595606,1,26625.54881016269,9.131837590689546,91.64785063540383,46,0,0
10.497247528142717,2.322003930583535,1,5940.319757877771,2.9728943912018506,94.64304631488498,47,2,1
33.935684292961525,0.8990258650032019,1,692.2997565010481,5.659520144170746,74.72282769868289,7,2,1
15.581288164573252,2.7909314268771928,0,111034.36458632885,1.9044885791314916,111.33502505672708,2,1,0
11.030903645943463,3.3668117863795537,1,43726.33608901577,4.573028518579683,28.778118985717974,37,2,0
21.719002680483438,2.3348205466472924,1,29573.793517276245,6.929612658712778,80.8015586025642,12,0,2
21.664639938713066,1.1111756268530995,1,29282.65376630135,7.364406965190259,96.30507529191499,13,1,0
45.791888104026626,1.7663742753022404,1,64496.79427397043,3.0879936726824,16.682818398109347,14,0,0
15.106827092612754,4.605929471363719,1,2331.6791192376477,1.2593774315136153,2.8912441578333903,94,2,2
19.06255994282423,0.6437983561392552,1,44836.25080275349,6.56717270165374,27.02411315275291,54,1,0
14.22806004336515,1.7287393687781978,0,32059.174360434532,5.550687141384284,49.81325770624914,27,0,0
42.07599537673246,2.9579765197452175,1,17268.82831587808,5.651962344356841,97.78059399743067,40,1,1
33.935684292961525,1.0110801389401907,1,13706.923251273964,7.891081836756059,74.70809853991786,3,2,0
11.419344991122,4.025320265544916,1,26183.2342675012,5.828839941327703,102.60880152693645,14,2,0
10.178037695184763,2.4181234846169386,1,24028.652120468323,7.8672448180012235,96.22511583415795,49,0,0
46.262301911373704,4.651522021913821,1,74493.47891888185,4.42602327259069,86.62041773230673,88,2,0
13.569490176709952,4.336667759212073,0,107367.94733059,5.737359771522585,100.36092922507208,7,1,1
33.91112021226022,4.504341112121011,1,7455.837419593836,5.549680806493459,73.07259917246401,14,2,1
12.18672245607352,2.768651814326139,0,95582.42476336114,0.8777244257271513,5.918718645544088,4,0,1
12.523642251297826,1.0857412870926408,1,75543.65682285576,7.35249283193483,88.16275183845003,44,0,2
11.362011157881504,4.613407289967334,1,42420.34678986567,6.134745308414918,96.22511583415795,51,1,0
17.87913646646354,4.435561632419074,0,65575.11155050185,3.4408092491498654,79.41866738901454,38,0,2
10.30344533053773,2.203729482145704,1,4287.5681616279835,8.1509512202066,89.38303704816293,13,2,0
10.96489547736398,2.208428075512349,0,119124.35655197469,7.022347023352232,33.889167802767325,16,2,2
11.017363919714098,2.9579765197452175,1,3651.249715813846,6.369663971231066,21.25028577551783,40,2,1
21.300510202479607,2.335037484572888,1,27046.915912244018,8.10072745825523,80.70481584861984,12,0,2
11.691553331733045,4.35810891391661,1,4099.816597477759,5.550207935657227,75.30512074716111,4,0,1
16.14992822517236,1.7663742753022404,1,75150.57372313597,7.8381438199506555,86.23610606259395,13,0,0
35.991018677854356,4.486451883208149,1,7455.837419593836,7.954068496266883,68.23077985227853,14,2,0
15.505345696938539,4.00836360441755,1,102261.96920018307,1.0349735655287722,108.87061515081514,11,2,0
33.935684292961525,1.0110801389401907,1,13706.923251273964,7.014738531866444,74.70809853991786,3,2,0
38.6450645689995,3.977912720156965,1,76377.9161667004,5.4970689667281905,87.0183914932893,44,2,0
11.077736455388113,1.0857412870926408,1,63464.372491740825,4.411923609776591,88.32380325132516,28,2,0
34.07888218819645,2.9579765197452175,1,28001.004550813002,7.087517606901006,96.55537199016634,40,1,1
11.790036334518156,2.411523544266724,1,32489.303122356032,7.995590243582437,96.22511583415795,50,0,0
13.184414507102309,2.9579765197452175,1,117194.64025483416,2.918749833399829,94.72118561765903,27,2,1
15.197383674104703,4.5966817683903365,1,29128.015895471366,3.733516706495327,87.1420247243411,37,1,2
10.30344533053773,1.0773891051356055,1,4287.5681616279835,8.1509512202066,74.74155704998891,13,2,0
22.598703644874817,1.1397952777171012,1,29282.65376630135,7.364406965190259,96.30507529191499,13,2,0
24.872584334030684,2.5775718712127054,1,32311.24886197409,1.6003836201294872,72.36949898986374,9,2,0
33.87728788888606,2.454054638784598,1,24028.652120468323,7.8672448180012235,96.51985792277357,50,2,0
43.26773309682502,2.7909314268771928,0,111034.36458632885,1.9044885791314916,111.33502505672708,2,1,0
43.95830075490142,1.783962137545289,1,75150.57372313597,5.496792023240325,86.23610606259395,11,0,1
37.97103851314384,2.502652602788868,0,23636.815937497428,5.109512337942592,113.53659883583481,4,1,0
10.983444298607452,1.90942842250358,1,4287.5681616279835,3.4008236435920547,16.54745735236716,12,2,0
10.373690385280842,4.542402982505658,1,23917.254069052688,4.498350622740562,106.36469512018891,6,2,0
12.361236540872987,1.6943074875720672,0,9477.224245849517,5.617497495394663,38.24276757668031,44,0,1
21.719002680483438,4.502744829661336,1,15755.680448847781,7.055455237189695,84.35292273211749,13,1,2
10.403291930010965,1.735339309128416,0,17572.10268714538,5.547741076177725,49.81325770624914,27,0,0
42.48746225108505,4.336667759212073,0,6131.423298647613,5.7210571814548,97.82827011899299,37,1,1
22.0171920090212,3.3668117863795537,1,42498.98195428453,7.147202434097142,28.778118985717974,13,0,0
33.935684292961525,2.137420518082628,1,7343.968880986188,5.595979145034931,89.34957853809101,14,2,1
34.534009454934534,0.8990258650032019,1,692.2997565010481,5.659520144170746,74.72282769868289,7,2,1
10.57841048768407,3.480603404163791,1,26183.2342675012,5.828839941327703,102.60880152693645,14,1,0
10.30344533053773,2.203729482145704,1,4287.5681616279835,8.1509512202066,91.69141832254604,13,2,0
10.30344533053773,1.0773891051356055,1,24077.715984033668,8.123134604232748,74.87997955706953,49,0,0
37.11062804950711,3.480603404163791,1,26292.40864736893,5.828839941327703,102.60880152693645,14,1,0
10.30344533053773,2.205111294302086,1,4176.635940625843,7.996130171851657,91.51050598821573,13,2,0
10.403291930010965,1.6435075307924902,0,17572.10268714538,5.547741076177725,49.81325770624914,15,0,0
33.56022265214034,1.0110801389401907,1,5033.567684976527,7.891081836756059,64.49708534184022,3,2,0
10.983444298607452,2.418092365817085,1,4287.5681616279835,2.714967335753707,16.54745735236716,13,2,0
10.373690385280842,4.464289820870363,1,16050.090630619507,5.109782940302064,76.58977265002528,6,2,0
21.664639938713066,1.1111756268530995,1,75706.06435536013,7.501052512569995,86.42006433138374,11,1,1
16.14992822517236,1.7428643247890592,1,77535.92077228516,7.8381438199506555,83.92847377122386,13,0,0
33.91112021226022,4.394054193142775,1,836.2397206972555,5.550207935657227,75.3944344168073,7,2,1
21.300510202479607,4.543285244707354,1,26448.98090443053,8.372037443092147,80.70481584861984,12,2,0
15.848713054205778,4.5966817683903365,0,29441.030146537505,5.098188790771037,87.1420247243411,3,1,2
21.719002680483438,4.550494224556925,1,28734.921104722678,3.433931848222701,86.23253450739848,14,1,0
14.061425546678988,3.3548054932098488,1,31789.234947994133,5.560695811068695,48.52608386981571,27,0,0
21.945246066294473,3.9253139534188035,1,29449.0352272849,7.055455237189695,80.8015586025642,13,1,2
10.178037695184763,2.4181234846169386,1,4239.680043716811,9.359347573192101,96.08669332451255,13,2,0
11.371579165782375,3.3288575934676388,1,21932.716437874667,5.828839941327703,106.36469512018891,13,2,0
11.362011157881504,2.416741672460556,1,18113.318038243477,8.147465233960922,96.40602816848826,49,0,0
43.8356042578023,1.7663742753022404,1,75150.57372313597,7.8381438199506555,86.23610606259395,26,0,0
10.983444298607452,1.90942842250358,1,12960.927954799427,3.754903391536495,16.54745735236716,12,2,0
24.454091856026853,3.2168894892611917,1,32311.24886197409,3.4571480669948365,72.27275623591939,12,2,0
33.935684292961525,1.0879015063885888,1,13706.923251273964,6.972100681599079,104.48300003527686,2,2,0
43.95830075490142,1.783962137545289,1,29315.3081724803,5.360146475590296,93.26768112130443,14,0,0
21.27114803925924,2.3348205466472924,1,29573.793517276245,6.929612658712778,80.22451865772197,12,0,2
15.581288164573252,2.7909314268771928,0,111034.36458632885,1.9044885791314916,115.47338153932878,2,1,0
32.87602952143113,2.2779590204177937,1,4259.9979132786975,8.091998737851467,68.23077985227853,14,0,2
37.97103851314384,2.502652602788868,1,23323.801686431285,3.744840253666885,113.53659883583481,39,1,0
43.8356042578023,1.515573240003657,1,75150.57372313597,7.867280644340469,87.14559627953658,13,0,0
23.026779348004915,1.7296798758141982,0,42768.92136672494,7.098714654604173,28.778118985717974,13,0,0
44.19742359715317,4.545555705541697,1,27822.767986929237,5.183773755014462,116.0469927443206,13,2,0
37.89444354945191,3.940197972519959,1,29441.48237164312,5.183773755014462,108.87061515081514,13,2,0
23.572826429697813,3.351802920512419,1,101433.18880487917,2.5761816543803873,84.02928693414898,12,2,0
10.675088603899914,2.561911567415802,0,89027.1792931758,9.79381586495416,8.010089597478633,80,1,1
16.39294776419924,4.0836821798482905,0,65513.44614345389,0.9605540688734415,96.76817091370671,50,1,0
49.857435021586824,2.745376344350132,0,79390.60269704754,3.2492367611655326,82.00496848585891,59,0,2
28.388639195727382,4.904568196486528,1,83085.80163792346,5.4911229808243744,17.271628710111408,60,2,1
37.64159665275037,1.0225473066502244,1,93735.33661486511,0.2870047226297001,55.79324712328456,71,2,0
12.18672245607352,2.768651814326139,0,111303.2115499973,1.549130860920257,5.918718645544088,2,0,1
11.362011157881504,2.4181234846169386,1,18002.231447576443,7.992644185605979,96.22511583415795,49,0,0
43.8356042578023,1.7663742753022404,1,75150.57372313597,7.8381438199506555,86.23610606259395,14,0,0
33.51527762667442,2.9579765197452175,1,17268.82831587808,6.369663971231066,96.55537199016634,40,1,1
22.348389728182482,1.1765061583379026,0,53197.98771651224,9.017996600943878,91.24987687442126,93,0,1
22.695065531253498,4.011013418892418,1,94362.72324330288,7.5552340333705565,32.070909235523686,55,1,0
13.569490176709952,4.336667759212073,0,107367.94733059,2.9878446694892125,94.76886173922134,7,2,1
16.906784044343016,0.6437983561392552,1,91117.00936877858,6.448665262126427,29.900477510448766,54,1,0
10.983444298607452,2.3353660336913555,1,4287.5681616279835,3.4008236435920547,16.54745735236716,13,2,0
43.564993934911264,1.3857244626685217,0,43155.07268899585,7.498444329241765,46.84680403309774,76,1,0
28.652127888126607,0.41558498867621196,0,19600.297617286607,3.8479370884446573,59.74084234692337,95,1,0
15.088116642341216,4.479721541251838,0,119856.34641638292,1.5324335875809325,34.29865771643648,98,2,2
39.56987496134768,2.149743460239177,0,17316.082301299284,8.764566082257105,72.69394854647011,62,1,1
17.826113197812838,0.7384564998104703,0,29347.960563864097,6.904054473036009,72.30044750512734,87,2,0
12.476809405938102,3.3668117863795537,1,42892.07674503206,7.446787391543124,28.778118985717974,37,0,2
33.935684292961525,1.0110801389401907,1,7343.968880986188,5.595979145034931,74.70809853991786,14,2,1
45.83031006965126,4.507155393440884,0,104451.37464851832,7.8294161779698594,42.87035010650117,51,2,0
11.077736455388113,1.0857412870926408,1,76377.9161667004,4.47873396378697,88.16275183845003,44,2,0
42.20543959566677,0.16537343688714345,1,19203.39886541205,5.657930406632432,34.85015419427084,66,0,0
17.60680066913363,1.0038447708060967,0,59812.29618319752,0.6256378239250149,95.85521146084447,100,0,2
13.716056865461885,1.7287393687781978,0,9477.224245849517,5.550687141384284,49.81325770624914,27,0,1
10.718481426102247,2.3445408171124233,0,73333.13529169308,8.146035999178059,66.38882813116471,86,1,2
21.719002680483438,4.530671694477803,1,27830.320842571018,7.055455237189695,80.8015586025642,13,1,2
17.755979705126176,0.7384564998104703,1,28469.53519351846,6.508581813661244,59.540461862491576,87,2,0
28.87417788780418,0.2822016738375255,0,19600.297617286607,3.8479370884446573,59.74084234692337,95,1,0
31.805043440146424,1.075170879071227,0,67965.31097360968,9.017996600943878,93.60233507806957,93,0,1
12.446284147779119,2.543861359558409,1,42892.07674503206,6.840617334829798,8.126662082227622,37,0,2
21.060521726655068,4.8286712192253765,1,83085.80163792346,6.587533243637613,13.967636361606512,41,2,1
37.88939434328382,4.349170457173768,1,28389.425966322844,0.5007174006700472,108.87061515081514,13,2,0
39.56987496134768,2.146905451217661,1,17316.082301299284,2.5598739485780873,82.63967092845957,10,1,1
10.750733545642943,2.3390467794643923,0,77858.20327005528,8.139800769087156,65.89386660011428,92,2,2
20.824710158913895,3.9919288635326087,1,94362.72324330288,0.40059196428038746,33.19029984761521,55,1,0
45.49827517268222,4.811266512836704,1,75139.01125442261,4.47873396378697,90.19641181521584,44,2,0
15.775724356796056,4.479721541251838,1,21070.953850872385,5.595592351443093,34.85886670567905,66,2,0
21.719002680483438,4.789670007320252,1,5546.385724069235,7.055455237189695,74.58832687228781,13,1,2
11.362011157881504,2.4181234846169386,1,18002.231447576443,7.992644185605979,103.71270678870631,49,1,0
16.906784044343016,0.5095193165577888,1,88744.69141836803,6.448665262126427,29.900477510448766,54,1,0
29.171308750644492,2.9579765197452175,1,14610.589900682658,6.329298863836048,96.55537199016634,40,0,1
11.055423599323245,2.3353660336913555,0,5169.411576313121,3.7962963007363477,16.54745735236716,21,2,0
16.170903227272376,4.229509669948296,0,65513.44614345389,0.5357497890958218,96.76817091370671,47,1,0
10.705617397105632,3.410332719196245,0,72864.5679465796,9.79381586495416,28.661580644698414,80,1,1
12.261131931061604,2.836082611109657,0,111303.2115499973,0.97721551485677,5.5016372637108155,2,0,1
37.64664585891847,0.8261897433965328,1,94787.29518576598,5.304872886321581,55.79324712328456,71,2,0
21.060506978811087,3.3546409295197748,0,101433.18880487917,8.780352585000104,73.20497016639777,64,2,0
13.537301589456563,4.342151271800594,0,106991.21369410379,2.9940664098648,90.32915522682293,7,1,1
22.46887608349411,1.0229280324467442,0,59812.29618319752,7.530323319135061,94.73571836547765,100,0,2
11.616976405136832,0.7489679498936592,0,106641.47250910937,7.8294161779698594,40.836686116460854,51,2,0
41.52001114444657,0.16537343688714345,0,116069.30610289075,1.594780263560005,34.289945205028275,98,0,2
33.935684292961525,0.7253782452810422,1,27630.95350410514,5.595979145034931,80.92133027019426,14,2,1
43.564993934911264,1.3857244626685217,0,43155.07268899585,7.498444329241765,46.84680403309774,76,0,0
45.53708272050919,1.7663742753022404,1,75150.57372313597,7.8381438199506555,86.23610606259395,14,0,0
49.857435021586824,2.745376344350132,0,82054.66837407032,3.289601869064208,82.00496848585891,59,1,2
21.719002680483438,4.015695521648534,1,111306.14599051785,7.055455237189695,33.136339578423545,6,1,2
37.89444354945191,3.940197972519959,1,29441.48237164312,5.174715540973886,108.87061515081514,13,0,0
12.354293769713117,4.229509669948296,0,62243.28658847428,0.660553884502376,27.60950939262917,38,1,2
32.68371977026354,1.0110801389401907,1,7343.968880986188,5.595979145034931,74.70809853991786,14,2,1
21.060521726655068,4.8286712192253765,0,83085.80163792346,6.587533243637613,13.967636361606512,40,2,0
17.522158992444552,4.002545789916173,1,111306.14599051785,0.7202481698333743,36.8716580934008,6,1,0
11.393705787319275,2.3353660336913555,1,4287.5681616279835,3.247541738396965,92.62323998250736,13,2,1
29.161529851383055,3.351802920512419,1,106650.18468554527,2.5761816543803873,84.02928693414898,41,0,0
39.524381305401874,4.479721541251838,1,17051.364427370878,5.609430157087315,32.030423896922706,66,2,0
12.059858086991776,2.4359106398308343,1,18002.231447576443,7.992644185605979,87.00095652082767,49,1,0
19.43296827687954,4.01329938739998,1,76415.61191822676,0.31252447211432344,32.714687995537375,54,1,0
21.719002680483438,4.88107143369591,1,1135.6401194048049,1.3141926350817217,79.22165889420688,13,1,2
45.53630707825941,0.05646107945461831,1,75647.60446948707,7.832771246139386,34.85015419427084,11,0,0
13.537301589456563,4.342151271800594,0,6211.515752684027,5.260513184416138,89.69260268850846,7,0,1
13.569490176709952,4.336667759212073,0,109839.87689056092,1.5061634569603402,33.551647930046414,6,2,1
21.366066299364142,4.370442248126117,1,27830.320842571018,7.055455237189695,80.8015586025642,13,1,1
11.90363164307324,2.5471243387688443,1,43622.30216618988,6.849675548869939,8.126662082227622,37,2,2
16.29341921071639,3.3668117863795537,1,42892.07674503206,7.3326237084058015,97.9362836628932,36,0,0
11.055423599323245,2.3353660336913555,1,5169.411576313121,3.7962963007363477,16.54745735236716,22,2,1
37.850856795266125,4.36232018890584,1,8275.996846071208,6.846023998377792,108.87061515081514,13,2,2
33.200737065184136,2.9579765197452175,1,17268.82831587808,6.522945877640526,3.1318155421838902,40,1,0
23.609040084866145,2.9579765197452175,1,9501.418844158208,6.329298863836048,96.55537199016634,11,2,1
15.821861491423796,2.146905451217661,1,21335.67172480079,2.546036151445901,91.06947449672688,10,1,1
49.80734586930237,1.7485871200883492,1,80358.80994536466,7.861812688014861,102.94785631830575,14,0,0
11.71030396112929,1.0643647569266004,1,96240.637147686,4.578734709405943,88.63836174256723,44,2,0
12.18672245607352,2.6640102370993826,0,111303.2115499973,7.290862651103292,7.869961623194584,2,0,1
42.98762079017214,1.7663742753022404,1,18706.715429676486,5.663302979582023,86.23610606259395,69,0,0
13.716056865461885,1.7287393687781978,0,110552.4506131725,3.2842403669591653,50.44980991528127,27,1,1
15.088116642341216,4.479721541251838,0,119940.2084281674,3.0141148009041547,114.94621548577072,99,2,2
33.6066549232901,0.8843065495015174,1,27630.95350410514,5.419035797891642,80.92133027019426,14,2,2
37.89444354945191,3.940197972519959,1,29441.48237164312,5.01240084448127,108.87061515081514,13,2,0
10.0486899205678,2.3794065227673715,1,42360.41264842985,6.251062682036677,6.2752740431554646,37,0,1
42.450020367646324,4.780013595853864,1,32350.873754358985,5.177396567379596,111.5960166899011,13,0,0
21.366066299364142,4.370442248126117,1,27807.296779791257,7.055455237189695,80.8015586025642,13,1,1
16.40221754087301,3.3668117863795537,1,49229.656537566465,6.9291387633386154,97.9362836628932,35,0,0
45.82603606659915,1.001742371934256,1,79172.3213365852,5.595979145034931,75.85121576483996,14,2,1
12.496023187860223,4.422148246309882,1,42892.07674503206,7.446787391543124,28.778118985717974,37,0,2
37.850856795266125,3.9241485364610247,1,8275.996846071208,6.846023998377792,108.87061515081514,13,2,2
21.719002680483438,4.4082351351144515,1,27830.320842571018,7.203399538970235,67.88370895078886,13,1,2
39.56987496134768,4.358392568638076,1,19006.360324789734,2.5598739485780873,81.00480598645707,10,1,1
33.94100171876987,1.2432976916515615,1,28914.601008838406,5.419035797891642,80.86184680102266,14,2,2
10.983444298607452,2.3527766273102273,1,75236.06293254385,8.423282261879063,15.5443282024682,14,2,0
34.37145131490552,0.6687286440518214,1,14707.983194431437,5.595979145034931,80.63833469164013,1,2,1
11.254059661000362,1.7455832735825605,0,5169.411576313121,3.8938369901836674,16.54745735236716,21,2,0
11.393705787319275,2.3353660336913555,1,4287.5681616279835,3.247541738396965,92.62323998250736,12,2,0
23.83799729174251,2.8597802884636514,1,5179.288449890626,6.329298863836048,96.55537199016634,9,2,1
31.244074285962842,2.9579765197452175,1,15142.259095076522,6.918853516629168,96.55537199016634,40,0,2
17.163585514858045,3.949833588461383,1,5981.740657050157,7.052774210779918,74.58832687228781,13,1,2
37.89444354945191,3.940197972519959,1,29464.50643442288,5.183773755014462,108.87061515081514,12,2,0
21.61020435070048,4.88107143369591,1,1722.3879957271129,1.3141926350817217,79.22165889420688,13,1,2
30.63372256971008,1.7757120423293342,1,3834.2373556983075,8.081523032103966,86.2756803115449,14,0,0
11.160603657837438,3.281330827300689,0,107367.94733059,2.9878446694892125,94.76886173922134,1,2,1
49.236112961898634,1.7485871200883492,1,80358.80994536466,7.861812688014861,97.39651564220279,13,0,0
15.557200322864448,2.0816121475913514,1,16460.926574913166,1.4568925069316985,91.06947449672688,10,1,1
37.66597942475508,2.1376568778395004,1,28389.425966322844,0.7967648741928031,109.09931119353051,14,2,0
33.601337497481765,1.0110801389401907,1,438.78375855098056,5.595979145034931,74.76758200908947,14,2,1
43.8356042578023,1.74896368168337,1,4393.930589242344,2.8155502925812526,87.24400071522606,11,0,0
13.537301589456563,4.398475477719583,0,28186.474221677025,5.260513184416138,89.97559826706258,7,0,1
13.5174238933248,2.3185221288869933,0,9477.224245849517,5.453146451937015,49.81325770624914,27,0,1
33.200737065184136,2.9579765197452175,1,19063.248916392913,6.522945877640526,3.1318155421838902,34,1,1
10.120168534409462,2.3353660336913555,1,9491.541970826327,3.7962963007363477,16.54745735236716,23,2,1
31.339777284158618,2.9579765197452175,1,14524.644607870776,6.329298863836048,96.55537199016634,46,0,1
38.83407017419442,3.940197972519959,1,29441.48237164312,5.649265135758052,108.87061515081514,10,0,0
10.40953817290244,2.555351223443059,1,4287.5681616279835,2.756322303022491,16.54745735236716,13,2,0
37.390237691681136,2.3678935876135796,1,28315.839599333285,5.453146451937015,106.87561103508743,13,0,0
32.68371977026354,1.0110801389401907,1,7373.239353849871,7.0523418612882045,74.59419378297132,13,2,1
30.675286697149915,3.63303083737464,1,29459.85789517371,5.183773755014462,80.7627521419734,14,2,0
11.596174616618049,3.3668117863795537,1,50618.93580468984,6.9291387633386154,102.36650960785892,35,0,0
41.39513641660358,1.5631772377671125,0,28186.474221677025,2.672278465418273,89.97559826706258,7,0,0
13.537301589456563,4.342151271800594,0,6211.515752684027,5.2378954556821755,89.69260268850846,7,0,1
11.055423599323245,2.3353660336913555,0,5169.411576313121,3.7962963007363477,16.54745735236716,21,2,1
43.8356042578023,4.751012530586155,1,33800.81946762291,7.9662329140636,111.77492325442365,14,0,0
15.821861491423796,2.146905451217661,1,27249.22423993707,6.517916215755958,79.23249236550801,10,1,1
23.609040084866145,4.955382557189285,1,10089.8546668214,6.329298863836048,96.55537199016634,13,1,2
11.910333508979832,4.472586180146332,1,16460.926574913166,1.4555585763795038,91.06947449672688,13,1,1
30.63372256971008,1.8410490151606194,1,3834.2373556983075,7.291025661701103,86.44630746846387,12,0,0
11.393705787319275,2.3353660336913555,1,4239.73907553409,3.158851860812607,92.62323998250736,12,2,1
12.666158473446378,4.336667759212073,0,107367.94733059,2.9878446694892125,94.76886173922134,7,2,1
10.983444298607452,2.351655713831028,1,75236.06293254385,8.48069936253318,15.5443282024682,15,2,0
14.022916023194208,4.52789872617992,0,9550.815158845164,0.5007174006700472,51.80309820925068,34,2,1
18.155389165239146,3.949833588461383,1,5952.470184186475,5.596411494526517,93.34955746271888,14,1,2
37.94580208587422,1.2432976916515615,1,28896.225485307816,5.419035797891642,108.96966268106503,19,2,2
16.199809311285485,2.3353660336913555,1,3082.8353390522643,3.247541738396965,92.62323998250736,12,2,0
15.99002539289389,4.582469059940224,1,4393.930589242344,5.403785013865296,87.24400071522606,11,0,1
45.53708272050919,1.7029736561221698,1,75030.99263152298,7.860761539034744,90.03881316536052,14,0,0
33.200737065184136,2.9579765197452175,1,19063.248916392913,6.522945877640526,2.9262973661995586,34,1,0
42.450020367646324,1.7899939205675597,1,73700.62825252512,4.540704298524863,86.05702262632083,13,0,0
22.39161050214562,4.370442248126117,1,21893.74426465498,2.500241603937536,91.10697054104092,18,1,1
21.719002680483438,2.841973330614942,1,1135.6401194048049,1.3141926350817217,79.22165889420688,20,2,1
21.61020435070048,2.3569088243269247,1,1722.3879957271129,1.1652539397730017,88.99724200349702,10,1,2
16.29341921071639,3.301474813308436,1,42892.07674503206,8.123121078808632,97.76565650597189,36,0,0
37.89444354945191,3.940197972519959,1,29441.48237164312,5.183773755014462,108.87061515081514,13,2,0
23.572826429697813,3.351802920512419,1,101433.18880487917,2.5761816543803873,84.02928693414898,12,2,0
10.675088603899914,2.561911567415802,0,89027.1792931758,9.79381586495416,8.010089597478633,80,1,1
16.39294776419924,4.0836821798482905,0,65513.44614345389,0.9605540688734415,96.76817091370671,50,1,0
49.857435021586824,2.745376344350132,0,79390.60269704754,3.2492367611655326,82.00496848585891,59,0,2
28.388639195727382,4.904568196486528,1,83085.80163792346,5.4911229808243744,17.271628710111408,60,2,1
37.64159665275037,1.0225473066502244,1,93735.33661486511,0.2870047226297001,55.79324712328456,71,2,0
12.18672245607352,2.768651814326139,0,111303.2115499973,1.549130860920257,5.918718645544088,2,0,1
11.362011157881504,2.4181234846169386,1,18002.231447576443,7.992644185605979,96.22511583415795,49,0,0
43.8356042578023,1.7663742753022404,1,75150.57372313597,7.8381438199506555,86.23610606259395,14,0,0
33.51527762667442,2.9579765197452175,1,17268.82831587808,6.369663971231066,96.55537199016634,40,1,1
22.348389728182482,1.1765061583379026,0,53197.98771651224,9.017996600943878,91.24987687442126,93,0,1
22.695065531253498,4.011013418892418,1,94362.72324330288,7.5552340333705565,32.070909235523686,55,1,0
13.569490176709952,4.336667759212073,0,107367.94733059,2.9878446694892125,94.76886173922134,7,2,1
16.906784044343016,0.6437983561392552,1,91117.00936877858,6.448665262126427,29.900477510448766,54,1,0
10.983444298607452,2.3353660336913555,1,4287.5681616279835,3.4008236435920547,16.54745735236716,13,2,0
43.564993934911264,1.3857244626685217,0,43155.07268899585,7.498444329241765,46.84680403309774,76,1,0
28.652127888126607,0.41558498867621196,0,19600.297617286607,3.8479370884446573,59.74084234692337,95,1,0
15.088116642341216,4.479721541251838,0,119856.34641638292,1.5324335875809325,34.29865771643648,98,2,2
39.56987496134768,2.149743460239177,0,17316.082301299284,8.764566082257105,72.69394854647011,62,1,1
17.826113197812838,0.7384564998104703,0,29347.960563864097,6.904054473036009,72.30044750512734,87,2,0
12.476809405938102,3.3668117863795537,1,42892.07674503206,7.446787391543124,28.778118985717974,37,0,2
33.935684292961525,1.0110801389401907,1,7343.968880986188,5.595979145034931,74.70809853991786,14,2,1
45.83031006965126,4.507155393440884,0,104451.37464851832,7.8294161779698594,42.87035010650117,51,2,0
11.077736455388113,1.0857412870926408,1,76377.9161667004,4.47873396378697,88.16275183845003,44,2,0
42.20543959566677,0.16537343688714345,1,19203.39886541205,5.657930406632432,34.85015419427084,66,0,0
17.60680066913363,1.0038447708060967,0,59812.29618319752,0.6256378239250149,95.85521146084447,100,0,2
13.716056865461885,1.7287393687781978,0,9477.224245849517,5.550687141384284,49.81325770624914,27,0,1
10.718481426102247,2.3445408171124233,0,73333.13529169308,8.146035999178059,66.38882813116471,86,1,2
21.719002680483438,4.530671694477803,1,27830.320842571018,7.055455237189695,80.8015586025642,13,1,2
45.1383482695272,2.561911567415802,0,74899.22736624531,9.79381586495416,87.99017191143835,85,1,0
20.943979515280077,4.60148316812965,1,79173.8805228131,5.4911229808243744,29.19176266239063,60,2,1
10.718481426102247,2.3445408171124233,0,10574.443969060943,8.574805158114703,66.29581547971563,86,0,1
21.426355213862458,4.5299292857727576,1,104994.77969042989,7.802191189927955,86.34297484671272,14,2,2
45.714739392592676,1.2735057985806622,0,43818.51364302374,4.60286540946309,46.170692843846155,76,1,0
49.728016199267756,3.940197972519959,1,31693.29974784318,5.183773755014462,114.75029704330738,58,2,0
12.462663451162019,0.9976174798730955,0,39605.26927455841,7.565716010390741,29.52050850334843,49,0,2
11.221419190519144,2.41779978711634,0,17346.583798505613,8.764566082257105,73.10690654187803,62,0,1
44.60539713656588,0.7604764860024313,1,19295.300932089747,5.601978462815635,73.95315987711642,66,0,0
12.000603521787003,4.315834701550324,0,6577.227185774791,6.43613624206583,96.55537199016634,40,1,1
33.935684292961525,2.357899346652169,1,7343.968880986188,5.595979145034931,68.37672553051989,13,2,1
16.39294776419924,4.10877842752247,0,49350.84103157706,0.9605540688734415,96.76817091370671,47,1,0
28.8346891851323,0.41558498867621196,0,19600.297617286607,2.5926327814064143,59.74084234692337,95,1,0
12.317654917847987,4.479721541251838,0,111875.68753099917,1.5322706668880344,34.20910174304112,96,2,2
10.365065247087628,1.7663742753022404,1,89278.52565006557,7.337343982666009,6.444916479501401,18,0,1
13.716056865461885,1.8899349503417202,0,64714.24335384759,5.550687141384284,49.90627035769822,27,1,2
44.18542075174875,4.50789780214593,0,27279.332522869423,7.5383704352078835,41.47680335723283,51,1,0
10.284876534287434,1.0778967296279056,1,75714.47521275333,7.459906277927549,88.83886251918366,44,2,0
39.651488871926375,2.745376344350132,0,77138.787966559,3.2492367611655326,82.00496848585891,14,0,2
17.620948545596928,3.373041361533743,1,59621.262760513084,0.5242488180362512,99.03746702650434,98,0,2
39.39092974166799,2.1500671577397754,1,17971.729950370114,8.297565053220094,95.81215783136776,49,1,0
15.426011781657765,0.14338986433153833,0,31808.541817196005,6.96000641685275,33.19744202829999,87,2,0
35.13977538242202,2.9788091450483285,1,106464.55706301471,2.921372409636332,94.76886173922134,7,2,1
10.983444298607452,0.9885468446801575,1,4287.5681616279835,3.4008236435920547,16.54745735236716,14,2,0
22.520777101444263,1.1765061583379026,0,53197.98771651224,9.017996600943878,91.24987687442126,93,0,1
23.572826429697813,3.351802920512419,1,101433.18880487917,3.8314859614187373,84.02928693414898,10,2,0
14.957184197466493,2.6794624524488224,0,119203.9173754582,1.549293781613155,6.0099419835029035,5,0,1
48.8734748746144,2.33327887674903,0,79390.60269704754,3.927106364285973,82.00496848585891,59,2,2
17.32480798228513,4.507155393440884,0,106212.31792566969,7.769594555198204,96.0716522972592,98,2,0
11.581661613025414,2.747463501292457,1,4287.5681616279835,3.249182368903528,16.54745735236716,20,0,0
14.178440445077593,3.3668117863795537,1,42892.07674503206,5.154499306250949,28.778118985717974,46,0,2
47.3720887024958,2.758240009359266,1,4287.5681616279835,3.2518587142398796,10.862352508962076,20,0,0
10.240078781468949,4.608384277714302,0,105429.10658582798,7.670934976031478,93.60662323849641,18,0,0
15.088116642341216,4.350753383155334,0,116409.84164679253,1.5324335875809325,34.29865771643648,98,2,2
23.572826429697813,2.4034820886497426,1,10313.10327893326,2.5761816543803873,102.63599550393798,49,0,0
11.015882833431784,2.728601300876468,0,17346.583798505613,3.7598737967832916,73.03291959395742,62,0,1
13.56892387833597,4.336082640645348,0,107367.94733059,2.9878446694892125,98.8958930734538,7,1,1
22.695065531253498,4.011013418892418,1,94362.72324330288,7.5552340333705565,32.070909235523686,55,2,0
20.97308911211626,2.7809080812430276,1,44888.9371240428,7.03608964105701,82.98148015572069,12,1,2
16.39294776419924,4.0836821798482905,0,65513.44614345389,0.9605540688734415,96.57701181012297,50,1,1
42.20543959566677,0.14559809466546403,1,17191.94074615615,5.627357498986777,34.85015419427084,40,0,0
33.935684292961525,2.152496483343638,1,7343.968880986188,4.508655075881387,68.37672553051989,13,2,1
10.983444298607452,2.3247194498965618,1,4287.5681616279835,3.4008236435920547,16.54745735236716,14,2,0
45.76164043800162,4.659770325955266,1,114096.0166079812,1.5322706668880344,80.7135711879779,96,0,2
17.620948545596928,3.373041361533743,0,59621.262760513084,0.5242488180362512,99.03746702650434,96,0,2
36.21303724289174,4.265982333538144,1,29441.48237164312,6.316931028816059,110.22790501347343,12,2,0
16.01030740083899,3.929421462991029,1,31693.29974784318,5.100644716324969,114.75029704330738,58,2,0
17.52581205060487,1.663348762071459,1,90061.7369436375,7.769594555198204,9.067080600118217,99,2,1
43.8356042578023,1.7663742753022404,1,75150.57372313597,7.8381438199506555,81.01846091858404,13,0,0
11.362011157881504,3.3664443164785345,1,109144.07103316259,7.992644185605979,95.55302081213816,12,2,0
40.09920639568519,2.4345748305900035,0,77138.787966559,8.528480169256378,82.07895543377953,9,0,2
12.001169820199424,4.104720656393776,0,6577.227185774791,6.43613624206583,96.60828876441344,44,2,1
12.140960356589925,1.0778967296279056,1,75714.47521275333,6.5824944901461855,88.83886251918366,44,1,0
12.932934833108806,4.5183861544948565,0,111303.2115499973,2.3947141128784133,4.16410814780572,3,0,1
27.97440158789953,1.0110801389401907,1,7343.968880986188,5.595979145034931,74.89925763899252,13,2,0
33.51527762667442,2.9908436468801094,1,19280.28643513398,6.40023687887672,96.55537199016634,66,1,1
37.943439177540554,2.49403779853772,1,17971.729950370114,8.318328247556142,95.81215783136776,42,1,0
10.983444298607452,0.9991934394083898,1,4287.5681616279835,3.4008236435920547,16.54745735236716,13,2,0
11.419129492798902,0.7604764860024313,0,16686.169438129626,5.601978462815635,33.71776841790627,66,2,0
13.716056865461885,1.7358865769325251,1,5241.8884576704495,5.550687141384284,49.81325770624914,28,0,1
11.758122968584377,0.8698931515747712,1,75903.66293492721,6.3438893368275995,88.83886251918366,98,1,0
43.942520747902805,1.7663742753022404,1,78423.68962216757,7.106334466967051,86.25936522859205,14,2,0
20.97308911211626,2.7809080812430276,1,44888.9371240428,6.896857050385088,87.69987993398294,14,0,0
14.178440445077593,3.828193161528026,1,42892.07674503206,5.154499306250949,49.43074590688637,28,0,1
33.51527762667442,2.9579765197452175,1,17269.87379450868,6.369663971231066,104.38399094328722,49,1,1
28.203335342599274,0.8486572411224024,1,17903.460747118974,6.465445258062721,74.64070963702095,13,1,0
48.61503201749349,3.351802920512419,1,4413.262414174824,2.5761816543803873,84.02928693414898,10,0,0
10.681389625704574,2.3353660336913555,1,4287.5681616279835,3.4008236435920547,16.54745735236716,13,2,0
45.844774150347234,3.3668117863795537,1,42892.07674503206,7.718098936168845,28.778118985717974,40,0,0
10.945104815760805,1.0507295574294253,1,4287.5681616279835,5.139962046732398,16.54745735236716,13,2,0
32.32174452471377,2.357899346652169,1,11772.525685130255,7.385041394660186,69.55946892747512,13,2,1
13.786082016126443,2.747463501292457,1,4287.5681616279835,3.105739211526796,49.95295989464346,20,0,0
37.89444354945191,3.940197972519959,0,19011.56680802579,5.183773755014462,104.38219490207842,13,2,1
21.542306683412967,4.530671694477803,1,30532.440085237904,7.055455237189695,80.8015586025642,13,1,2
10.983444298607452,0.9367281678047803,1,4287.5681616279835,3.4008236435920547,16.54745735236716,12,2,0
13.84692110545016,3.5810734500436987,1,61122.35230373751,0.7697622492269138,99.03746702650434,44,0,2
33.935684292961525,1.0110801389401907,1,15330.191568251821,5.595979145034931,74.68483937391976,14,0,1
43.8356042578023,1.7663742753022404,1,75150.57372313597,7.8381438199506555,81.01846091858404,1,1,2
13.716056865461885,1.2673568764170495,0,9477.224245849517,5.550687141384284,29.16063078530042,45,0,2
11.362011157881504,2.4181234846169386,1,18001.185968945847,7.992644185605979,96.560091466353,40,0,0
39.16199597837546,2.1500671577397754,1,7412.238244735234,5.535216373426316,96.07070583023244,48,2,0
22.161260998116298,2.812711921227636,1,110154.13186463583,3.2518587142398796,10.862352508962076,20,2,0
10.983444298607452,2.3247194498965618,1,3153.210278555661,3.4580629453112257,16.54745735236716,14,2,0
10.64805440084579,0.14559809466546403,1,22580.883985518067,5.627357498986777,29.57382307416565,37,0,2
16.04927625436888,3.999768178986833,1,21520.04602229676,3.218728447211181,114.75029704330738,58,2,0
10.365065247087628,1.535109404633697,1,84934.1674882924,5.548281733021155,5.89021792541077,18,0,1
11.51163653992599,1.7358865769325251,1,5241.8884576704495,5.69413029899063,16.407765884347892,24,0,1
11.015882833431784,2.728601300876468,1,17346.583798505613,3.7598737967832916,73.03291959395742,54,0,0
34.11238030485062,2.152496483343638,1,4647.981210627679,4.508655075881387,68.37672553051989,13,2,1
36.21303724289174,4.317540456014741,1,29441.48237164312,6.316931028816059,105.22224080691429,14,2,0
10.074107322470173,0.9367281678047803,1,47132.35910354951,3.4008236435920547,85.23162639071924,1,2,0
47.141328817849526,0.14559809466546403,1,18026.99362396198,5.309342590659047,34.85015419427084,40,0,2
21.558186601779873,4.530671694477803,1,27695.17789765844,6.93061845764335,95.31725518350422,13,0,2
11.581661613025414,2.747463501292457,1,12189.266814631093,6.546907481763118,16.54745735236716,13,0,0
24.473823035480173,0.8977128842495719,1,101433.18880487917,2.5777764109772114,13.435749293680953,12,2,0
49.31993731433158,3.3256364813844996,1,29441.48237164312,6.316931028816059,84.26026485497182,14,0,0
10.3913910854906,2.758240009359266,1,8154.861082278756,3.2518587142398796,10.862352508962076,20,0,0
33.960261617626855,2.3093138278840306,1,17268.82831587808,6.369663971231066,96.55537199016634,40,1,1
11.10679155784763,1.7663742753022404,1,89278.52565006557,7.337343982666009,6.444916479501401,18,0,1
10.032856429072119,1.7647014131472596,1,74974.14201837697,7.906743194906419,86.23610606259395,14,0,0
10.50544315197552,2.338071699081821,1,75592.88819954815,3.4008236435920547,22.15243984761017,11,2,0
10.69453115599246,2.747463501292457,1,4287.5681616279835,3.105739211526796,49.95295989464346,20,0,0
22.832831966805557,4.612076811761192,1,16406.694372849153,5.246514216898151,80.8015586025642,13,2,0
33.935684292961525,1.0110801389401907,1,7343.968880986188,5.298717129869472,74.86435000861533,13,2,1
11.55187681253017,1.4703959043684778,1,5247.888657710605,5.825337290132111,16.407765884347892,28,0,1
20.97308911211626,2.7809080812430276,1,2336.27130707389,6.896857050385088,19.017973504871627,14,0,0
21.287730502563548,2.7809080812430276,1,44053.88526905871,7.04900321767399,82.98148015572069,12,1,0
15.553577783111892,2.226307500235774,1,18137.37439249209,7.992644185605979,81.70941925318229,49,1,0
28.203335342599274,0.8486572411224024,1,17903.460747118974,3.1677201474494368,72.94127844228692,20,1,0
10.945104815760805,3.5048365937524917,1,4287.5681616279835,5.138367291017827,81.39800879712546,25,2,0
35.67118963368926,4.343706851255702,1,4413.262414174824,2.5761816543803873,104.99126260892757,10,2,0
45.05110550893479,0.9885468446801575,1,4287.5681616279835,3.4008236435920547,16.54745735236716,14,2,0
10.983444298607452,2.9733821417577477,1,4287.5681616279835,3.4008236435920547,16.54745735236716,14,2,0
34.11238030485062,2.152496483343638,1,4647.981210627679,4.791576988416396,49.57166783917576,13,2,1
47.54097004581534,1.536782266788678,1,76856.65910203708,5.548281733021155,5.89021792541077,18,0,1
42.80608898542132,0.9903054145608432,1,4093.628484957917,7.8381438199506555,77.5279455605821,13,0,0
14.024748527051852,2.3353660336913555,1,4287.5681616279835,3.4008236435920547,16.54745735236716,13,2,0
37.89444354945191,3.858792574948557,1,29441.48237164312,6.962329439200801,108.87061515081514,13,1,2
33.935684292961525,2.357899346652169,1,7343.968880986188,5.595979145034931,68.22047406182242,13,2,1
10.987338832591469,0.9951933303591121,1,4281.567961587828,3.4008236435920547,16.54745735236716,13,2,0
37.89444354945191,3.940197972519959,1,29441.48237164312,5.183773755014462,108.87061515081514,13,2,0
23.572826429697813,3.351802920512419,1,101433.18880487917,2.5761816543803873,84.02928693414898,12,2,0
10.675088603899914,2.561911567415802,0,89027.1792931758,9.79381586495416,8.010089597478633,80,1,1
16.39294776419924,4.0836821798482905,0,65513.44614345389,0.9605540688734415,96.76817091370671,50,1,0
49.857435021586824,2.745376344350132,0,79390.60269704754,3.2492367611655326,82.00496848585891,59,0,2
28.388639195727382,4.904568196486528,1,83085.80163792346,5.4911229808243744,17.271628710111408,60,2,1
37.64159665275037,1.0225473066502244,1,93735.33661486511,0.2870047226297001,55.79324712328456,71,2,0
12.18672245607352,2.768651814326139,0,111303.2115499973,1.549130860920257,5.918718645544088,2,0,1
11.362011157881504,2.4181234846169386,1,18002.231447576443,7.992644185605979,96.22511583415795,49,0,0
43.8356042578023,1.7663742753022404,1,75150.57372313597,7.8381438199506555,86.23610606259395,14,0,0
33.51527762667442,2.9579765197452175,1,17268.82831587808,6.369663971231066,96.55537199016634,40,1,1
22.348389728182482,1.1765061583379026,0,53197.98771651224,9.017996600943878,91.24987687442126,93,0,1
22.695065531253498,4.011013418892418,1,94362.72324330288,7.5552340333705565,32.070909235523686,55,1,0
13.569490176709952,4.336667759212073,0,107367.94733059,2.9878446694892125,94.76886173922134,7,2,1
16.906784044343016,0.6437983561392552,1,91117.00936877858,6.448665262126427,29.900477510448766,54,1,0
10.983444298607452,2.3353660336913555,1,4287.5681616279835,3.4008236435920547,16.54745735236716,13,2,0
43.564993934911264,1.3857244626685217,0,43155.07268899585,7.498444329241765,46.84680403309774,76,1,0
28.652127888126607,0.41558498867621196,0,19600.297617286607,3.8479370884446573,59.74084234692337,95,1,0
15.088116642341216,4.479721541251838,0,119856.34641638292,1.5324335875809325,34.29865771643648,98,2,2
39.56987496134768,2.149743460239177,0,17316.082301299284,8.764566082257105,72.69394854647011,62,1,1
17.826113197812838,0.7384564998104703,0,29347.960563864097,6.904054473036009,72.30044750512734,87,2,0
12.476809405938102,3.3668117863795537,1,42892.07674503206,7.446787391543124,28.778118985717974,37,0,2
33.935684292961525,1.0110801389401907,1,7343.968880986188,5.595979145034931,74.70809853991786,14,2,1
45.83031006965126,4.507155393440884,0,104451.37464851832,7.8294161779698594,42.87035010650117,51,2,0
11.077736455388113,1.0857412870926408,1,76377.9161667004,4.47873396378697,88.16275183845003,44,2,0
42.20543959566677,0.16537343688714345,1,19203.39886541205,5.657930406632432,34.85015419427084,66,0,0
17.60680066913363,1.0038447708060967,0,59812.29618319752,0.6256378239250149,95.85521146084447,100,0,2
13.716056865461885,1.7287393687781978,0,9477.224245849517,5.550687141384284,49.81325770624914,27,0,1
10.718481426102247,2.3445408171124233,0,73333.13529169308,8.146035999178059,66.38882813116471,86,1,2
21.719002680483438,4.530671694477803,1,27830.320842571018,7.055455237189695,80.8015586025642,13,1,2
47.072763274265434,4.507155393440884,0,41777.058038777475,7.8294161779698594,43.18637399978827,56,2,0
10.010620447602898,2.258826710258621,0,85115.25817796875,9.79381586495416,19.930223549757855,80,1,1
28.388639195727382,4.904568196486528,1,76491.5630399997,5.929391493799475,87.76491271947933,60,2,0
21.426355213862458,4.398488924186355,1,27889.53562286516,7.802191189927955,85.72348726211021,14,1,2
39.252930454009075,1.6269992831773517,1,11210.070658933342,0.5184754501675646,49.71539869473864,71,2,0
43.57838185203235,3.940197972519959,1,30059.72074259648,5.183773755014462,114.75029704330738,75,2,0
16.39153066778701,0.6351210634137969,1,62324.25655700401,6.544380208406903,30.64053599613944,61,1,0
10.501645021788658,2.3445297512573213,0,7516.321759940132,8.146035999178059,17.422361270968526,14,1,2
49.96378833255099,2.8224896799581582,0,29801.312248907867,3.085132625661404,82.43323701294906,59,0,2
15.088116642341216,4.479721541251838,0,119856.34641638292,1.5324335875809325,34.29865771643648,98,2,1
10.274245421600288,2.384083449727723,1,6474.715209526756,8.038534778149359,96.22511583415795,66,0,0
12.18672245607352,2.7985576772671097,0,111303.2115499973,1.549130860920257,2.604089705916155,14,0,1
23.572826429697813,3.377275027928488,1,85270.57745823899,2.5761816543803873,84.02928693414898,9,0,2
22.530951046245498,1.1765061583379026,0,53197.98771651224,7.853406116027483,91.24987687442126,93,0,1
14.471717236970393,4.336667759212073,1,23306.177244334656,2.9548471733529067,96.54973446345761,9,2,1
11.454039819600467,3.3668117863795537,1,105562.75905816992,6.945987554258778,28.46209509243437,41,0,2
11.077736455388113,1.2469368687031652,1,75435.12801484729,4.47873396378697,17.67134107440662,44,2,1
27.00724341908474,0.548711274908174,0,19541.082836992595,3.556906088829802,58.96709707837559,95,1,0
12.179915103659713,1.0040803903056186,0,92052.20785487682,5.420061862501847,55.89110613479505,27,0,1
39.666328395316704,1.3857244626685217,0,42536.83431804302,7.498444329241765,46.84680403309774,14,1,0
16.908201140755246,4.092682512580142,0,90827.93886498554,0.8666229186887033,99.9431925488585,54,1,0
10.98176400708906,2.335377099546457,1,70263.84058429244,3.7096212317383315,65.51414169931357,85,2,0
14.700455928025942,0.6613706664872832,0,81489.25586285624,7.068158586878137,71.8721789780372,87,2,0
39.56987496134768,2.149743460239177,0,17316.082301299284,8.764566082257105,72.69394854647011,62,1,2
44.70043464962145,0.20333023715222942,1,19191.709446446934,5.612039802628905,34.85015419427084,49,0,0
33.935684292961525,0.9811746037269053,1,7343.968880986188,5.595979145034931,74.70809853991786,2,2,1
17.779188042398843,1.0038447708060967,0,59812.29618319752,0.6256378239250149,95.85521146084447,100,2,0
43.8356042578023,1.7663742753022404,1,75150.57372313597,9.002734302086703,86.23610606259395,12,0,0
32.615175577542516,2.8687871538935217,0,101313.98759658118,6.40266147423242,94.77449926593007,40,1,1
43.93106600593308,1.3857244626685217,0,43155.07268899585,7.461560290106428,48.019762210367645,76,2,0
11.513683420274432,2.4228521681574713,1,5570.876357832623,5.183773755014462,96.25525271413278,13,2,0
12.179915103659713,1.0040803903056186,0,75966.05384944721,4.495427297656887,55.35756503019517,43,0,1
13.338737814620854,1.0857412870926408,0,111241.36147352186,4.47873396378697,91.31165671267726,44,2,0
11.46455550773289,4.092682512580142,0,90827.93886498554,0.8666229186887033,23.502680218518677,41,1,2
21.770135096197734,4.658714446110381,0,7516.321759940132,7.074033161246356,15.696121581606903,14,1,2
14.359913823493269,4.479721541251838,0,119856.34641638292,6.405259806779828,93.83064164832645,39,1,1
33.958246967832864,0.2533867695275378,1,7241.464180382637,5.595979145034931,75.68546129726366,2,2,1
21.669844850898983,4.570027948231007,1,7903.547352596617,7.801677559300225,86.19442984529678,13,1,2
12.486456352075756,3.3910797040885865,1,60504.445020276034,6.544380208406903,30.121697783551173,36,0,0
14.471717236970393,3.463664132400389,1,23306.177244334656,2.9548471733529067,96.54973446345761,9,0,1
38.24423512960153,1.7287393687781978,1,9477.224245849517,5.646036004432531,49.81325770624914,27,0,0
11.261466893516845,2.390318094412699,1,18081.50928055234,7.487686096894312,96.22511583415795,40,0,0
14.036910334096586,2.74759402683227,0,111203.03932857992,1.549130860920257,6.960900142695586,2,0,1
12.720252605805062,3.5583037584300516,1,4573.256641843666,3.4008236435920547,16.54745735236716,66,2,0
43.8356042578023,3.4271052493186973,1,75488.654877357,9.002734302086703,86.28109374617779,12,0,0
37.01693744408327,3.9014292294990343,1,30347.11813244102,8.038534778149359,108.84047825351826,66,0,0
11.077736455388113,1.2469368687031652,1,93885.61907139255,5.4033685286319315,18.204898544219724,28,2,1
11.02047925883106,2.7985576772671097,1,79899.46599897358,1.549130860920257,0.8039596943776814,14,0,1
16.897776544304108,3.3668117863795537,1,105562.75905816992,6.945987554258778,118.85791360804487,54,0,0
10.360288342343935,2.2151181905055397,1,27830.320842571018,8.127458075120565,82.53125651514283,13,1,2
33.51527762667442,2.9579765197452175,1,17268.82831587808,1.4968832129012868,36.37672956050944,98,2,2
44.67786908285649,0.9311307393936409,1,19294.214951352544,5.612039802628905,33.87279162764575,49,0,0
33.935684292961525,0.8359742633712668,1,36124.14099123,5.596492774829006,74.23715595673124,14,2,1
16.381883848155457,0.6110120521421483,1,42142.33557542631,7.446787391543124,28.778118985717974,62,1,2
17.528969706324485,3.377275027928488,1,85270.57745823899,2.5761816543803873,84.02928693414898,9,2,2
13.207867340054989,1.7663742753022404,0,75150.57372313597,7.742794955520253,86.23610606259395,14,0,1
39.924012738972074,1.413529852885987,0,51075.122348622564,8.00340241795343,56.54563232182466,15,1,0
15.107574813996788,4.500752618495536,0,119835.16670254346,1.0468158371106062,33.258031120377304,98,2,1
42.20543959566677,0.16537343688714345,1,23213.786561084406,5.657930406632432,34.85015419427084,7,0,0
23.572826429697813,1.7714989188944377,1,98000.90329845573,2.2896262365354856,83.98429925056516,12,2,0
10.983444298607452,2.336458640881154,1,4308.423256763818,3.4008236435920547,16.54745735236716,13,2,0
20.761229975982513,4.570027948231007,1,3632.245207262407,7.801677559300225,74.34851627193855,13,2,2
12.179915103659713,1.2745549340326763,0,92102.68276309139,5.420061862501847,55.69831391295377,26,0,1
21.719002680483438,4.530671694477803,1,23194.788525104403,7.055455237189695,35.23691341686826,4,0,2
10.360288342343935,2.2151181905055397,1,27830.320842571018,8.127458075120565,70.82907167804962,13,0,2
25.48169671354811,1.7714989188944377,1,97851.57968573207,5.066949587093667,44.777554084836154,12,2,0
37.89444354945191,1.397399126798467,1,22721.495758059875,5.183773755014462,108.87061515081514,13,2,0
11.02047925883106,2.9768483775380887,1,79899.46599897358,1.6224227275957694,74.48825368903924,2,0,1
21.34947087506316,4.518978880708314,0,7516.321759940132,8.146035999178059,15.681534169034563,14,1,2
14.659212812765526,0.4336175873249871,1,19281.46729509602,3.032864310907426,28.23063113774146,49,0,0
14.446125003685047,3.3924217572571416,1,29315.05118040554,2.8703473066328273,18.162444094500813,8,0,0
11.077736455388113,1.0857412870926408,1,76373.9431786985,4.47873396378697,88.16275183845003,44,2,0
39.977883150836604,0.20333023715222942,0,14006.262806125253,5.978597839118003,34.85015419427084,46,0,0
11.266487052509293,2.413461421784663,1,17968.176556231676,7.487686096894312,96.96685567951536,36,0,0
33.748440359635495,0.2615439201448152,1,75150.57372313597,9.002734302086703,86.23610606259395,12,0,0
11.513683420274432,2.084092857698166,1,5550.021262696789,5.183773755014462,96.25525271413278,16,2,0
33.78197997879636,1.8613269748870347,1,7904.712761424223,5.595979145034931,84.8622255122788,14,1,1
23.572826429697813,3.1068020266615037,1,84221.4440826609,2.5761816543803873,85.09081371011646,10,0,2
42.20543959566677,0.32006811726869255,1,27760.900939693314,5.657930406632432,80.41479956692861,7,1,0
43.8356042578023,3.4271052493186973,1,75488.654877357,9.002734302086703,86.28109374617779,12,1,0
40.241649870553815,1.7287393687781978,1,10111.29377761518,2.2585973810184363,84.0159222980435,27,0,0
11.077736455388113,3.7897333007732126,1,93885.61907139255,5.4033685286319315,18.204898544219724,23,2,1
33.935684292961525,0.7805478549333642,1,36124.14099123,5.523207748192238,1.571356413877183,14,2,1
10.763608962673889,2.0574677851492202,1,27889.53562286516,7.802191189927955,87.4695261445364,14,1,2
46.154644342728815,4.336667759212073,1,23318.92490059118,5.534022665358341,96.54973446345761,9,2,1
12.512048585419372,3.4623220792318334,1,59109.395472244796,6.628880100874338,96.54973446345761,37,0,1
43.8356042578023,1.7663742753022404,1,75154.54671113785,7.8381438199506555,86.23610606259395,27,0,0
44.64656423720818,1.413529852885987,1,51262.03117054888,8.00340241795343,56.54563232182466,15,1,0
11.73218389827894,3.3436684590066954,1,43005.40976569869,7.596066853302329,28.21736317147265,37,0,2
44.04540977368294,1.7584476130365985,1,7241.464180382637,5.595979145034931,75.68546129726366,2,2,1
13.806278007006526,4.336667759212073,1,7225.665992515507,2.9548471733529067,96.54973446345761,9,2,1
43.87080465653118,3.4271052493186973,1,75488.654877357,9.002734302086703,86.28109374617779,12,1,0
21.82823749825944,2.2151181905055397,1,27855.133332828285,7.549095943599735,38.724118439975406,15,1,2
38.538983454415366,1.397399126798467,1,22721.495758059875,5.183773755014462,97.89734449318745,13,2,0
15.24257129223583,3.8576866461047166,0,92052.20785487682,5.415262109119509,55.89110613479505,27,0,1
22.497560498505692,1.7856262714271307,1,85270.57745823899,2.5761816543803873,97.10373384634785,12,0,2
20.664444570099576,4.639353950379764,1,3618.21099376939,7.792427611938104,74.68264937032492,13,2,2
11.272157788889045,2.3911753680922367,1,4287.5681616279835,3.6124321093252885,16.54745735236716,13,2,0
33.940881026350034,1.9048451689020167,1,7904.712761424223,5.602882027357686,74.23639891593706,14,1,1
34.27971225026647,0.32006811726869255,1,27760.900939693314,5.658659027367211,70.71963823046737,7,1,0
11.266487052509293,2.4649842946930596,1,17968.176556231676,7.487686096894312,96.23664585009051,36,0,2
12.543206746126714,3.3910797040885865,1,61361.785449867726,6.287305194330857,36.759772163865044,36,0,0
14.44268656880191,0.6834635138128158,1,36010.10823964661,2.9548471733529067,1.5131187024595736,9,0,1
11.02047925883106,3.391583463436699,1,79899.46599897358,2.839652388934522,24.71710787647562,8,0,1
10.360288342343935,2.2151181905055397,1,27245.79897130325,8.127458075120565,70.82907167804962,13,0,0
21.948216574203716,4.570027948231007,1,23984.081287533983,7.801677559300225,81.81745135633156,13,1,2
39.88881234022995,1.413529852885987,0,51075.122348622564,8.00340241795343,56.54563232182466,23,1,0
10.35065412358351,4.530671694477803,1,23169.97603484714,7.23161793815093,84.71595651165208,4,0,2
10.76756057493958,1.0857412870926408,1,76377.9161667004,4.47873396378697,88.16275183845003,44,2,0
36.88436420539594,1.086594823587195,1,31337.585618093453,5.188573508396801,108.74369415827536,13,2,0
38.797933670900996,3.35802303148618,1,75150.57372313597,9.002734302086703,86.23962775322043,9,0,0
11.611995995721188,2.352796096108017,1,5584.910571326447,5.193023696623056,96.16057838284947,13,2,0
38.54600330292442,1.6729300343773361,1,26071.357516549517,5.434427538704917,46.152106788047455,27,0,0
33.935684292961525,0.7924560903924881,1,36124.14099123,5.596538453115972,84.86298255307298,14,2,1
41.86141163322058,0.9492785916831757,1,7343.968880986188,5.595250524300152,80.90078348610818,14,2,1
21.426355213862458,4.415873329511173,1,27889.53562286516,7.802191189927955,85.72348726211021,14,1,0
44.63630433722211,1.413529852885987,1,50404.69074095718,8.00340241795343,56.54563232182466,9,1,0
33.965506325202675,3.5608972287751914,1,23420.209995922458,5.523207748192238,95.80468903811831,14,2,1
14.446125003685047,2.799395971087552,1,29315.05118040554,1.5798257786986891,1.4071374132551338,9,0,0
44.70290037379843,2.0957215013568864,1,75739.07445185813,7.337285552012195,86.23610606259395,27,0,2
37.89444354945191,3.940197972519959,1,29441.48237164312,5.183773755014462,108.87061515081514,13,2,0
23.572826429697813,3.351802920512419,1,101433.18880487917,2.5761816543803873,84.02928693414898,12,2,0
10.675088603899914,2.561911567415802,0,89027.1792931758,9.79381586495416,8.010089597478633,80,1,1
16.39294776419924,4.0836821798482905,0,65513.44614345389,0.9605540688734415,96.76817091370671,50,1,0
49.857435021586824,2.745376344350132,0,79390.60269704754,3.2492367611655326,82.00496848585891,59,0,2
28.388639195727382,4.904568196486528,1,83085.80163792346,5.4911229808243744,17.271628710111408,60,2,1
37.64159665275037,1.0225473066502244,1,93735.33661486511,0.2870047226297001,55.79324712328456,71,2,0
12.18672245607352,2.768651814326139,0,111303.2115499973,1.549130860920257,5.918718645544088,2,0,1
11.362011157881504,2.4181234846169386,1,18002.231447576443,7.992644185605979,96.22511583415795,49,0,0
43.8356042578023,1.7663742753022404,1,75150.57372313597,7.8381438199506555,86.23610606259395,14,0,0
33.51527762667442,2.9579765197452175,1,17268.82831587808,6.369663971231066,96.55537199016634,40,1,1
22.348389728182482,1.1765061583379026,0,53197.98771651224,9.017996600943878,91.24987687442126,93,0,1
22.695065531253498,4.011013418892418,1,94362.72324330288,7.5552340333705565,32.070909235523686,55,1,0
13.569490176709952,4.336667759212073,0,107367.94733059,2.9878446694892125,94.76886173922134,7,2,1
16.906784044343016,0.6437983561392552,1,91117.00936877858,6.448665262126427,29.900477510448766,54,1,0
10.983444298607452,2.3353660336913555,1,4287.5681616279835,3.4008236435920547,16.54745735236716,13,2,0
43.564993934911264,1.3857244626685217,0,43155.07268899585,7.498444329241765,46.84680403309774,76,1,0
28.652127888126607,0.41558498867621196,0,19600.297617286607,3.8479370884446573,59.74084234692337,95,1,0
15.088116642341216,4.479721541251838,0,119856.34641638292,1.5324335875809325,34.29865771643648,98,2,2
39.56987496134768,2.149743460239177,0,17316.082301299284,8.764566082257105,72.69394854647011,62,1,1
17.826113197812838,0.7384564998104703,0,29347.960563864097,6.904054473036009,72.30044750512734,87,2,0
12.476809405938102,3.3668117863795537,1,42892.07674503206,7.446787391543124,28.778118985717974,37,0,2
33.935684292961525,1.0110801389401907,1,7343.968880986188,5.595979145034931,74.70809853991786,14,2,1
45.83031006965126,4.507155393440884,0,104451.37464851832,7.8294161779698594,42.87035010650117,51,2,0
11.077736455388113,1.0857412870926408,1,76377.9161667004,4.47873396378697,88.16275183845003,44,2,0
42.20543959566677,0.16537343688714345,1,19203.39886541205,5.657930406632432,34.85015419427084,66,0,0
17.60680066913363,1.0038447708060967,0,59812.29618319752,0.6256378239250149,95.85521146084447,100,0,2
13.716056865461885,1.7287393687781978,0,9477.224245849517,5.550687141384284,49.81325770624914,27,0,1
10.718481426102247,2.3445408171124233,0,73333.13529169308,8.146035999178059,66.38882813116471,86,1,2
21.719002680483438,4.530671694477803,1,27830.320842571018,7.055455237189695,80.8015586025642,13,1,2
45.83031006965126,4.571500021583438,0,104451.37464851832,7.8294161779698594,57.57458345348883,44,2,0
10.66446816110581,2.3445408171124233,0,21354.18564954213,8.163960830351945,66.38882813116471,86,1,2
37.73865845096001,3.8368564116184074,1,94362.72324330288,7.5552340333705565,32.070909235523686,55,2,0
13.569490176709952,4.336667759212073,0,113714.48525756598,3.9954814045708273,90.13195432769533,7,2,1
10.675088603899914,3.579654453483523,0,89027.1792931758,9.79381586495416,8.010089597478633,80,1,1
24.786557886531696,0.3796301928817116,0,18002.231447576443,7.969385194031083,57.91612228452289,49,0,0
48.09954948248826,2.665485171625185,0,119714.98243001336,7.654435204605063,46.84680403309774,76,1,0
17.60680066913363,3.08958883136802,0,59812.29618319752,6.463661125859385,96.54139018967986,99,1,2
17.779362138265466,0.466257792076503,0,32250.712102645906,0.005434861892221088,72.34396631591477,71,2,0
11.311296543454295,1.12890018930096,1,76377.9161667004,4.479955022601642,12.393991412546473,60,2,1
21.30815799187106,4.5232895518402,1,28094.645703673646,7.446787391543124,26.779216923474117,13,0,2
11.80346599709245,1.0110801389401907,0,9457.898563517903,5.548653495046865,75.80672842969244,26,2,1
23.572826429697813,3.283382240515425,1,91307.529497612,3.56952615040219,29.045366984476168,12,1,0
49.857435021586824,2.745376344350132,0,79390.60269704754,8.211847206882414,86.17217173036747,59,0,2
12.18672245607352,2.987785837438905,0,110424.9100290177,1.8949646536517362,5.918718645544088,6,1,1
10.983444298607452,2.3353660336913555,1,4287.5681616279835,3.4008236435920547,25.52261747837715,13,2,0
42.70559722588191,0.16537343688714345,1,71182.49677371718,5.640005548154699,34.85015419427084,66,0,0
22.850850608790356,4.009941645184544,1,29441.48237164312,5.183773755014462,108.87061515081514,24,1,0
21.387117432117563,1.1765061583379026,0,53197.98771651224,9.017996600943878,91.24987687442126,93,0,1
39.56987496134768,2.149743460239177,0,24953.553601349475,8.47461440196086,72.69394854647011,62,1,1
11.050919148973586,2.454395377723035,1,19600.297617286607,3.8711948250191566,93.23387919572569,95,1,0
11.414502536017796,4.381605178227984,0,40337.19962930609,1.3768764801689959,34.29865771643648,98,2,2
31.404819983408082,0.8722384495888404,1,17268.82831587808,0.5406971931624662,96.47490089480783,40,0,1
37.688379279708265,1.0108691659396256,1,90832.54864462781,6.922300304512802,55.749728312497105,71,2,0
28.19706032438303,4.157677190970102,1,83085.80163792346,5.489901922009702,89.39902804042572,41,2,0
13.07035253269683,3.37419253340152,1,42627.75188393357,6.554655399911247,82.8004909644887,37,1,2
35.93095112105176,1.7287393687781978,1,7363.294563317801,5.5980127913723505,48.714627816431026,15,0,1
16.906784044343016,0.7122985760748237,1,101242.66867604188,6.448665262126427,84.88440826140908,54,2,0
43.8356042578023,1.7663742753022404,1,75150.57372313597,2.8754912377772546,82.06890281808538,14,0,0
16.39294776419924,4.0836821798482905,0,65513.44614345389,0.9605540688734415,100.57746919737203,54,0,0
23.828951913230583,3.299088937786747,1,27830.320842571018,7.480731312351822,80.01343392237257,39,1,2
23.70591825344814,1.0110801389401907,0,9457.898563517903,5.548653495046865,75.80672842969244,26,2,1
23.572826429697813,3.355355654620907,1,101377.88294628616,2.5761816543803873,29.71167554980987,12,2,0
12.18672245607352,2.3332174933143497,0,111303.2115499973,1.549130860920257,108.08618785273973,2,0,1
43.8356042578023,3.1445185903790263,1,59344.5292357767,7.8381438199506555,96.76505676667671,16,0,0
11.005596760825004,4.04287852545995,0,58143.656486465756,0.9088949767840404,95.87849207131458,54,0,0
36.17379778587538,1.793829130298077,1,17316.082301299284,8.721603654427451,72.69394854647011,15,1,1
13.656779735152849,4.267538269821896,0,12714.724046913456,2.9878446694892125,93.73301327128355,7,2,1
15.045239450891678,4.600416844569341,0,119856.34641638292,5.4658263403361715,50.08388117204363,99,2,1
31.404819983408082,0.8722384495888404,1,22830.59175915488,0.5185018888878306,96.47490089480783,40,2,1
33.488673146103785,2.9579765197452175,1,16922.08209545481,6.261690656194196,95.2987764254151,35,1,1
10.694370273525568,4.157677190970102,1,83085.80163792346,5.511515760684117,89.622643316152,41,2,2
35.53406569420149,4.368172100245569,1,9113.5667834262,5.5980127913723505,48.666025186028214,16,0,2
12.367331538614451,3.889539920604596,1,94362.72324330288,7.5552340333705565,32.070909235523686,55,2,0
12.288411721982822,4.598377754671195,1,42892.07674503206,7.021511316380997,29.56624859211661,11,0,2
12.88746796395316,0.3796301928817116,0,18002.231447576443,7.551606467489119,57.91612228452289,49,0,0
23.572826429697813,3.2798295064069363,1,91362.83535620193,3.56952615040219,88.33276301331023,12,1,0
22.850850608790356,4.007920701630624,1,29441.48237164312,5.183773755014462,6.923355737344416,24,1,0
17.60680066913363,1.7114445163680692,0,75618.34067055673,6.463661125859385,86.01243948559649,96,1,2
16.371383101144872,2.2933525702076545,1,4287.5681616279835,3.452493308602703,21.249516583324542,15,2,0
43.8356042578023,2.7117858444237957,0,75150.57372313597,2.918121596371799,82.06890281808538,57,0,0
11.274722156423525,2.487246779613331,1,112422.29180535828,7.992644185605979,99.15650787447638,49,0,0
13.758934056911425,1.6061767484279477,0,9477.224245849517,1.6173013085462404,34.02803425064311,25,0,2
10.983444298607452,2.3353660336913555,1,4334.260401050021,3.423439288071613,25.52261747837715,13,0,0
33.935684292961525,1.0110801389401907,1,7343.968880986188,6.83820390098835,74.70809853991786,18,2,1
37.92104803002253,3.9802665986421357,1,27616.475976686077,5.183773755014462,108.87061515081514,12,2,0
30.832635828286378,3.37419253340152,1,42627.75188393357,6.533041561236831,78.70889763248113,37,1,0
21.705043480205553,1.8835018339163814,1,26344.425539344702,6.539474181395671,27.24501947696104,13,0,1
36.56674407112229,1.033061962341214,1,76377.9161667004,4.47873396378697,84.13079585921012,48,2,0
39.56987496134768,2.149743460239177,0,17316.082301299284,8.764566082257105,72.69394854647011,61,0,2
21.719002680483438,0.918402571864996,1,27830.320842571018,4.524495399136587,88.2142740202562,14,1,2
35.53406569420149,4.368172100245569,1,9113.5667834262,6.664432188065132,76.07129680562016,18,0,2
34.51213652083196,2.9373323420838817,1,91183.54527458313,3.56952615040219,88.33276301331023,12,1,1
36.16074959588398,1.0110801389401907,1,7343.968880986188,5.4420252654052295,74.73354753450067,14,2,1
10.983444298607452,2.3286781680275004,1,7324.427476637572,3.4606012246105577,25.52261747837715,15,2,0
21.712219743978366,3.906975623994967,1,29163.289871731664,5.183773755014462,27.995307830648052,22,0,0
20.988200133788485,4.011358459409817,1,28097.534118118052,7.446787391543124,109.62230131190881,13,1,2
16.371383101144872,2.2933525702076545,1,4026.481043264028,3.452493308602703,20.03284844979534,15,2,1
11.586236083439886,2.4181234846169386,1,18002.231447576443,8.609376003827961,96.22511583415795,49,0,0
13.122853203573506,2.3353660336913555,1,4590.872449631385,3.456428116952544,17.682072575039378,7,2,0
11.005596760825004,4.037329573702667,0,58143.656486465756,0.9088949767840404,83.41153219314992,7,2,0
13.716056865461885,1.6389053273906264,0,9477.224245849517,5.539739963362088,47.5057062563466,27,0,1
23.48944122796607,1.7065631969905126,1,101433.18880487917,3.0091010436812304,85.85824233312088,14,2,0
31.77686744503164,3.1445185903790263,1,59383.78842446107,6.247116843907666,96.76505676667671,14,0,1
10.915988011681968,4.129493510408926,0,82989.31362713249,5.439769401378541,108.08618785273973,2,0,1
11.077736455388113,4.688815585188319,1,76377.9161667004,7.009693801630923,80.75003642075802,43,2,0
33.935684292961525,1.2737454000451054,1,10822.30323257506,6.83820390098835,47.302826920235844,18,2,1
26.265180265877945,3.3004736840682716,1,17450.55655838883,6.369663971231066,96.55537199016634,40,1,0
33.94873248295293,1.793829130298077,1,17316.082301299284,8.875527427639827,69.47884573973808,15,1,1
35.93095112105176,1.7354272344420538,1,4326.435248337317,5.5980127913723505,42.71575812557068,13,0,1
23.133252553405402,1.8835018339163814,1,26622.61803925616,6.539474181395671,6.1735062342751625,13,1,1
22.850850608790356,4.034281702292119,1,29438.593957198715,5.183773755014462,31.706840729249407,24,0,0
13.656779735152849,4.059030636066714,0,12975.819634762025,2.9878446694892125,94.950967055497,7,2,0
10.983444298607452,2.3353660336913555,1,4334.260401050021,2.813509163243906,25.52261747837715,13,0,0
43.8356042578023,1.484885666947604,1,74265.56919577104,7.782538102596881,85.10357227868079,14,0,0
13.569490176709952,4.336667759212073,0,107367.94733059,2.9878446694892125,94.76886173922134,54,0,1
12.288411721982822,4.684360424223626,1,42892.07674503206,5.988812764454268,34.82241738740183,11,0,2
43.918786352613246,3.4116139976541735,1,75150.57372313597,2.794686603188916,82.0854027730403,12,0,0
43.81840360184447,2.9579765197452175,1,16882.88302532159,7.85271763220873,95.2987764254151,35,1,0
10.652221538206502,2.4351424135612305,1,111399.44810958662,1.620882995005015,89.622643316152,41,2,2
25.675700332432108,3.3004736840682716,1,17504.550376754007,6.369663971231066,96.55537199016634,40,1,1
43.8356042578023,1.484885666947604,1,72981.88560972057,7.808925579909664,85.40186003085452,14,1,0
12.288411721982822,4.684360424223626,1,42107.89796169017,5.4104506381521915,37.24357274485186,11,0,0
35.26622701644418,2.3353660336913555,1,4590.872449631385,3.456428116952544,7.781790299950085,16,2,0
16.12904086297715,1.7298846252018678,1,7343.968880986188,5.564162373048021,74.70809853991786,12,2,1
35.036045251756136,2.3353660336913555,1,4334.226583092864,2.5573363235453552,38.69086328574852,13,0,0
13.440500657812514,4.288008487969061,0,12490.310759336346,2.9878446694892125,93.97111874369955,49,0,1
23.02136826384651,1.8834696383970133,1,26344.425539344702,3.5530686523147583,27.24501947696104,13,0,1
21.467062035110246,4.3549622638265415,1,8890.339218319099,6.664517318933154,26.779216923474117,14,0,2
15.875958943997823,3.9067152707237125,1,29163.289871731664,5.183773755014462,24.510882996838784,14,0,0
43.8356042578023,3.2134476358142487,1,2712.9557221727664,7.8381438199506555,96.14360425265521,13,0,0
23.133252553405402,1.8835018339163814,1,26622.61803925616,6.282399167321706,12.81158061459211,13,1,0
16.30969372350283,1.6389053273906264,0,9477.224245849517,5.565520706224574,42.17789138430422,27,2,1
33.935684292961525,2.985557371448913,1,7343.968880986188,5.595979145034931,81.04711390259125,12,2,1
36.072568603648236,1.7287393687781978,1,7309.300872925622,5.5980127913723505,44.33776511963592,12,0,0
36.17379778587538,1.793829130298077,1,18600.196525705353,8.69521617710449,72.39566079429633,15,0,1
10.983444298607452,2.3353660336913555,1,5095.992476282914,3.5771259776726048,19.79948045419713,13,2,2
13.397414136990314,4.368172100245569,1,9113.5667834262,5.5980127913723505,48.666025186028214,7,0,2
33.585311954255204,1.0099348825226224,0,11373.32749230018,6.824728669324604,49.686338360691124,27,0,1
10.072143523151485,1.7354272344420538,1,4326.469066294473,5.854185661771483,42.655008931200236,22,0,1
11.578290341412382,2.397648467003663,1,18226.644735153906,7.992644185605979,96.22511583415795,7,2,0
10.276901451278665,2.335398229210724,1,20928.393671750022,6.409844817194407,21.8947932938525,13,0,0
35.53406569420149,4.536499388259227,1,28317.885833303677,7.453649493616724,76.07129680562016,18,0,2
22.207643910889168,2.2311946845452972,1,4287.5681616279835,3.452493308602703,21.249516583324542,22,2,0
10.983444298607452,2.3353660336913555,1,61339.754657340374,3.4008236435920547,25.41367833224654,16,2,0
10.983444298607452,2.3286781680275004,1,7324.427476637572,3.4606012246105577,25.52261747837715,15,2,1
13.77774624312495,2.2933525702076545,1,4026.481043264028,3.4267125657446735,20.03284844979534,15,0,1
34.51213652083196,0.9628562051034122,1,91183.54527458313,3.56952615040219,89.08559161307649,14,1,1
44.78431524629539,3.7407302803244984,1,75150.57372313597,2.294727815421637,82.0854027730403,12,0,0
16.371383101144872,2.2933525702076545,1,4287.5681616279835,3.675647551588903,21.249516583324542,15,2,0
37.89444354945191,3.940197972519959,1,29441.48237164312,5.183773755014462,108.87061515081514,13,2,0
23.572826429697813,3.351802920512419,1,101433.18880487917,2.5761816543803873,84.02928693414898,12,2,0
10.675088603899914,2.561911567415802,0,89027.1792931758,9.79381586495416,8.010089597478633,80,1,1
16.39294776419924,4.0836821798482905,0,65513.44614345389,0.9605540688734415,96.76817091370671,50,1,0
49.857435021586824,2.745376344350132,0,79390.60269704754,3.2492367611655326,82.00496848585891,59,0,2
28.388639195727382,4.904568196486528,1,83085.80163792346,5.4911229808243744,17.271628710111408,60,2,1
37.64159665275037,1.0225473066502244,1,93735.33661486511,0.2870047226297001,55.79324712328456,71,2,0
12.18672245607352,2.768651814326139,0,111303.2115499973,1.549130860920257,5.918718645544088,2,0,1
11.362011157881504,2.4181234846169386,1,18002.231447576443,7.992644185605979,96.22511583415795,49,0,0
43.8356042578023,1.7663742753022404,1,75150.57372313597,7.8381438199506555,86.23610606259395,14,0,0
33.51527762667442,2.9579765197452175,1,17268.82831587808,6.369663971231066,96.55537199016634,40,1,1
22.348389728182482,1.1765061583379026,0,53197.98771651224,9.017996600943878,91.24987687442126,93,0,1
22.695065531253498,4.011013418892418,1,94362.72324330288,7.5552340333705565,32.070909235523686,55,1,0
13.569490176709952,4.336667759212073,0,107367.94733059,2.9878446694892125,94.76886173922134,7,2,1
16.906784044343016,0.6437983561392552,1,91117.00936877858,6.448665262126427,29.900477510448766,54,1,0
10.983444298607452,2.3353660336913555,1,4287.5681616279835,3.4008236435920547,16.54745735236716,13,2,0
43.564993934911264,1.3857244626685217,0,43155.07268899585,7.498444329241765,46.84680403309774,76,1,0
28.652127888126607,0.41558498867621196,0,19600.297617286607,3.8479370884446573,59.74084234692337,95,1,0
15.088116642341216,4.479721541251838,0,119856.34641638292,1.5324335875809325,34.29865771643648,98,2,2
39.56987496134768,2.149743460239177,0,17316.082301299284,8.764566082257105,72.69394854647011,62,1,1
17.826113197812838,0.7384564998104703,0,29347.960563864097,6.904054473036009,72.30044750512734,87,2,0
12.476809405938102,3.3668117863795537,1,42892.07674503206,7.446787391543124,28.778118985717974,37,0,2
33.935684292961525,1.0110801389401907,1,7343.968880986188,5.595979145034931,74.70809853991786,14,2,1
45.83031006965126,4.507155393440884,0,104451.37464851832,7.8294161779698594,42.87035010650117,51,2,0
11.077736455388113,1.0857412870926408,1,76377.9161667004,4.47873396378697,88.16275183845003,44,2,0
42.20543959566677,0.16537343688714345,1,19203.39886541205,5.657930406632432,34.85015419427084,66,0,0
17.60680066913363,1.0038447708060967,0,59812.29618319752,0.6256378239250149,95.85521146084447,100,0,2
13.716056865461885,1.7287393687781978,0,9477.224245849517,5.550687141384284,49.81325770624914,27,0,1
10.718481426102247,2.3445408171124233,0,73333.13529169308,8.146035999178059,66.38882813116471,86,1,2
21.719002680483438,4.530671694477803,1,27830.320842571018,7.055455237189695,80.8015586025642,13,1,2
12.546976731286437,2.3445408171124233,0,42340.6991679736,8.146035999178059,67.23226325654176,91,1,2
15.287766195294822,3.7079283905355407,1,90450.80212809339,7.5552340333705565,43.99104318776489,55,1,0
37.64159665275037,1.0225473066502244,0,10955.326403256935,0.725275662981143,55.759690831883574,71,0,0
33.22241283401309,4.458239287295514,1,105062.82102476602,7.117454363706809,102.5822072184228,41,2,1
29.47779336442406,4.0590530967777765,0,20517.192558075298,1.0792577561269256,59.13491188134607,95,1,0
49.244890193608256,2.4181234846169386,0,20770.301282495733,7.992644185605979,103.71270678870631,59,0,2
12.171180473572887,0.7331101484051727,0,26805.86430545007,6.997445958565209,6.728074816867526,86,2,0
10.470081135549623,2.5616383271729473,0,8330.399807687943,9.79381586495416,8.159915331531415,14,2,1
46.46248125822126,4.449333165561907,0,43736.79402784395,2.7853159516527035,96.88364658419937,7,2,1
21.719002680483438,4.530671694477803,1,27830.320842571018,7.055455237189695,80.8015586025642,16,1,2
10.617200103358927,1.0790633368581517,1,63493.78976379024,6.487385784502909,29.900477510448766,54,1,0
37.89444354945191,3.9900193733894223,1,29441.48237164312,5.183773755014462,102.53924212650041,13,2,0
15.088116642341216,4.5025442054203015,0,103693.73506974275,1.5324335875809325,34.29865771643648,95,2,2
22.530951046245498,1.1765061583379026,0,53197.98771651224,7.853406116027483,91.24987687442126,93,0,0
24.413668409645442,3.351802920512419,1,24709.62351861329,2.5461120482650355,83.8740964342979,67,2,0
10.64832633358076,3.3668117863795537,1,73884.51286914709,6.945987554258778,27.93468451966481,41,0,2
13.716056865461885,1.8899349503417202,1,84770.23888708666,5.550687141384284,49.846813997650116,27,2,1
44.18542075174875,3.006884036267691,0,16651.674724091252,7.5383704352078835,40.898028364629,51,1,0
15.567315581384914,0.3274776204271994,0,64596.58714151234,3.8149946991768093,97.37409823755878,50,1,0
13.284444559542802,2.745376344350132,1,76623.08066978847,3.2492367611655326,82.00496848585891,49,0,0
17.841665934542586,2.774004125956471,0,110319.72940180515,1.4558816896258997,75.53332933092796,15,0,1
10.981488826682023,2.3356392739342104,1,85260.0502265447,3.7096212317383315,16.397631624173748,79,1,0
11.108589646811563,1.2723451060748259,0,109065.11148196124,7.700970313442465,44.73196420393381,76,1,0
28.388639195727382,4.904568196486528,1,83085.80163792346,5.4911229808243744,17.271628710111408,57,2,1
17.381535028624484,0.6504763063759567,1,90973.57271452954,4.4400134414084835,88.16275183845003,44,2,0
33.935684292961525,0.9612656312934567,1,7343.968880986188,5.595979145034931,74.70809853991786,14,2,1
39.741946138821085,2.149743460239177,0,17316.082301299284,8.764566082257105,72.69394854647011,62,1,1
43.8356042578023,1.7663742753022404,1,75150.57372313597,9.002734302086703,86.23610606259395,12,0,1
41.36458196923038,0.12419124707403362,1,95926.54231888754,5.688000025255622,35.00534483925922,13,0,0
49.88519013658227,2.745376344350132,0,79390.60269704754,3.2123627082563253,75.0152961566439,59,2,2
43.8356042578023,1.7663742753022404,1,75150.57372313597,8.146815868242674,86.23610606259395,14,0,1
46.39832915944791,4.529304091647144,1,44269.250465238176,7.055455237189695,78.6896899372831,13,1,2
21.719002680483438,4.530671694477803,1,29840.966823193212,6.450111370041227,27.89334312978704,16,1,0
15.84996223109146,3.351802920512419,1,25266.43995868565,2.5461120482650355,97.1346917165521,49,1,0
11.475398531150967,3.270987685934056,1,42892.07674503206,7.446787391543124,74.62787237765954,15,2,2
43.768871731923156,3.0038483907574234,1,73884.51286914709,6.824235708749687,23.824787653747286,41,0,2
13.716056865461885,1.8899349503417202,1,84770.23888708666,5.5607007252293315,108.83655698733223,27,2,1
14.584279218459915,1.749679289272304,1,17326.16464772067,6.369663971231066,93.54813366361444,39,1,1
15.088116642341216,2.7776271071266914,0,103636.40760795734,1.5363971893858497,33.287536353740734,14,0,1
10.503826577873943,2.6999972537831565,1,76620.02403024203,2.986053869204859,82.00496848585891,46,0,0
17.36576858623169,2.4871792305643843,1,88927.04080314637,4.423686552449646,13.799700532308151,44,2,0
40.97072464652462,0.12419124707403362,1,95926.54231888754,5.166267071669552,35.083656394466445,13,0,0
11.032765124228018,1.0456092520811862,1,76377.9161667004,4.416588699802709,88.16275183845003,46,2,0
34.1073513487917,1.1045333328832598,1,5588.631104491091,5.595979145034931,34.5318160096943,9,2,1
11.362011157881504,2.4181234846169386,1,18002.231447576443,7.992644185605979,96.22511583415795,12,0,0
10.470081135549623,2.5616383271729473,0,578.8419850660894,9.79381586495416,8.159915331531415,14,2,0
21.77625204672677,4.450700768392566,0,27297.864405221215,2.7853159516527035,96.48298073880868,7,2,1
16.906784044343016,0.6437983561392552,1,89106.37314890075,7.060613451643335,82.80871099572894,54,1,2
24.131022041948782,0.3274776204271994,0,64039.77224197205,4.282406203373991,84.1135029552923,68,2,0
35.04360953199192,0.9612656312934567,1,7343.968880986188,5.595979145034931,28.85834674982103,36,0,1
11.034830451315976,2.8920781296261486,1,75150.57372313597,9.12447846191318,95.53503617747698,12,0,1
37.89444354945191,3.9900193733894223,1,29441.48237164312,5.173760171169414,49.60662457772367,13,2,0
32.64877938308559,2.948944083776259,0,9419.887914539322,5.748600837715914,54.75123130863009,27,0,1
18.995686339143724,4.498902573249577,0,110377.05686353569,3.231272495763493,76.54445101840966,96,2,2
13.398477665941918,1.1244424689272883,1,63496.846403336676,6.487385784502909,29.900477510448766,49,1,0
11.000580025230304,0.6355125308467775,1,4287.5681616279835,3.4171505325508926,88.80227020801924,13,2,0
38.28830087215764,3.940197972519959,1,29441.48237164312,5.705506708600533,108.87061515081514,13,2,0
13.614466265271108,4.376402888996518,0,107367.94733059,2.9961132760217106,94.76886173922134,3,2,1
14.916950011097041,4.558424025110522,0,118976.33598663822,1.5324335875809325,75.20540930983606,99,2,2
23.572826429697813,3.351802920512419,1,101433.18880487917,2.5761816543803873,84.02928693414898,49,2,0
35.1388286299387,3.6586527749439,1,29029.68921176264,5.183773755014462,47.620112639801285,13,2,1
16.832834679527256,1.0952861258155167,1,25100.817845628706,2.5461120482650355,34.63588973966,50,1,1
13.716056865461885,1.7287393687781978,0,9478.285556555842,5.550687141384284,7.78045175081963,14,2,1
10.442849280189316,3.3668117863795537,1,42892.07674503206,7.3659117286024545,28.778118985717974,21,2,2
32.05196026432761,0.9612656312934567,1,21328.191147036036,5.593333568772211,97.17244490266306,40,1,1
41.36458196923038,2.2236790498590397,1,95926.54231888754,5.688000025255622,29.787829350218512,13,0,0
37.89444354945191,4.121693270719244,1,29441.48237164312,5.143187279365595,49.91586975296751,16,1,0
13.257660510772496,2.7738706864431855,1,27830.320842571018,7.070717416589643,85.23398845193819,16,1,2
12.506575296633837,4.558424025110522,0,19315.715928570076,1.774898637754593,75.20540930983606,99,2,2
11.308955373298026,3.283710286895592,1,18647.12981852629,7.9867227758029635,86.23610606259395,12,0,1
10.983444298607452,2.3353660336913555,1,6146.368332126163,3.4008236435920547,16.54745735236716,13,2,0
32.70557400783761,4.487679447291981,1,48139.8748009068,7.055455237189695,78.6896899372831,13,0,2
10.979838742874989,0.11651166843978178,1,76209.93102668537,2.986053869204859,33.061252769237775,46,0,0
15.012572331818825,0.7044526096135986,1,119856.34641638292,1.5324335875809325,40.297942027544444,99,2,2
11.000580025230304,0.6355125308467775,1,4287.5681616279835,3.4171505325508926,89.22528054673396,2,1,0
15.191192653938717,1.8899349503417202,1,85182.04192428285,5.550687141384284,111.06555127626815,27,2,0
34.1073513487917,3.3787015486357825,1,5754.489236091671,5.595979145034931,103.19514787539288,8,2,0
10.470081135549623,2.4257466108564913,0,8329.338496981618,9.79381586495416,50.19832971900077,18,0,1
11.475398531150967,3.270987685934056,1,42892.07674503206,7.596066853302329,74.62787237765954,35,0,2
33.51527762667442,2.9991139543593475,1,7898.4292709081565,6.372309547493787,74.09102561248349,14,2,1
17.841665934542586,0.18226290018417446,0,110319.72940180515,1.4558816896258997,75.53332933092796,15,0,1
14.584279218459915,1.617991014301175,1,17326.16464772067,6.245065134971332,95.97523862721711,52,2,1
21.745802744828385,4.50214603908292,1,76623.08066978847,2.879612905406681,81.96963548326815,49,0,0
11.427746327640486,2.4181234846169386,1,116309.2915214219,7.750325496176794,96.22511583415795,49,0,0
43.72755564120298,1.7510316828842805,1,74506.03143868069,9.008655711290476,96.22511583415795,12,0,0
43.8356042578023,1.7663742753022404,1,73471.08732802975,7.8381438199506555,86.23610606259395,14,0,0
46.341282570789616,2.948944083776259,0,9261.431942350046,5.936745805761108,54.75123130863009,27,1,1
40.810831428199734,2.7214159430713276,1,102820.83886960446,5.138306281879088,84.02737334911048,13,0,0
34.01160664653924,4.764545780194091,0,7343.968880986188,4.997120223643292,74.70809853991786,9,2,1
23.4626512608714,4.530671694477803,1,27830.320842571018,7.083008512597694,80.8015586025642,13,2,2
34.14751214447164,2.4207175585548075,1,7898.4292709081565,6.372309547493787,50.07526478965185,14,0,1
10.545482728865476,2.389569780839176,1,4369.047748756828,3.4446734466014757,80.4025811360639,12,2,0
49.47774109495782,4.527678653155684,1,5754.489236091671,7.021548227723625,103.19514787539288,8,2,0
12.32568722430734,2.7428619661220903,0,76623.08066978847,5.761866011192026,54.06891551127284,29,0,0
11.298258081930829,0.6355125308467775,1,4287.5681616279835,7.848949521075557,97.05206992346524,2,1,0
14.584279218459915,1.8411719922675032,0,17326.16464772067,6.369663971231066,87.53783444835295,39,1,1
11.558020849528962,3.9900193733894223,1,4637.094245608931,3.7860434302765498,51.49252155388323,13,2,0
38.47207530501336,4.1427675127857615,1,23435.653272207637,5.143187279365595,38.77619062030692,18,1,0
33.935684292961525,1.0121768705432794,1,7343.968880986188,5.776861485313334,76.89057179664422,15,0,1
35.1388286299387,3.6586527749439,1,6396.142528585651,5.183773755014462,47.620112639801285,10,2,1
12.103737468641507,2.4181234846169386,1,18002.231447576443,7.992644185605979,97.0450381370717,49,2,0
43.8356042578023,1.6925459121737667,1,85004.26221261913,5.567233535558522,88.97488492081726,14,2,0
11.362011157881504,2.4181234846169386,1,9048.887049698722,8.361545439146791,95.74806995838118,13,0,0
12.476809405938102,0.9498309715923805,1,42892.07674503206,7.446787391543124,74.994787571167,37,0,2
16.977635846126784,4.530671694477803,1,38511.23549877081,7.055455237189695,74.33228300419411,16,1,2
10.514215942137689,3.0041430066610317,0,8329.338496981618,9.79381586495416,74.08717101487305,18,2,1
44.898613212473336,1.69682793573647,1,74613.61596446572,8.964125481899863,17.261014919769963,13,0,0
34.48809145217383,3.3803257300505054,1,45843.222703614054,5.629886154500873,74.0860997463059,13,1,2
32.64877938308559,2.9514584620043003,1,9419.887914539322,3.111134809771764,82.68728428238765,49,0,1
11.011277316597504,3.7868246231122797,1,18647.12981852629,3.5549210888612723,86.28040199539525,12,0,1
13.716056865461885,1.74987124149628,1,9477.224245849517,5.550687141384284,49.81325770624914,27,0,1
37.476840468301255,0.6355125308467775,1,29095.59886307928,3.4171505325508926,88.80227020801924,13,2,0
14.513950711569821,4.458647299183642,0,119794.51718879752,1.5324335875809325,49.30691929720102,96,2,2
17.841665934542586,2.772907529214391,0,110319.72940180515,1.2750923658725433,74.6857390991116,14,2,1
10.035268028323019,2.2645565496348605,1,28780.288306630093,3.683745576860421,16.54745735236716,13,2,0
34.1073513487917,1.1045333328832598,1,1813.1444613665485,5.595979145034931,16.081096089493805,16,0,1
13.716056865461885,1.882254596099507,1,74916.55039760348,7.8215974242903705,49.21845070999925,27,0,1
40.97072464652462,0.12419124707403362,1,105034.41197758888,5.11529781186071,35.083656394466445,12,0,0
32.90616902705378,3.3782505664419675,1,7343.968880986188,5.595979145034931,28.49143229672552,14,2,1
11.475398531150967,3.270987685934056,1,28645.776557289708,7.446787391543124,74.62787237765954,15,2,2
