bandwidth,cruise_speed,firm_obstacle,illuminance,obstacle_distance,obstacle_size,power,quality,smoke_intensity
38.87191466011332,0.21732481931610315,0,94619.50758580389,0.24010286624038923,28.506736266482704,90,1,0
38.87191466011332,0.21732481931610315,0,94619.50758580389,0.24010286624038923,28.506736266482704,87,1,0
38.87191466011332,0.21732481931610315,0,94619.50758580389,0.24010286624038923,28.506736266482704,82,1,0
38.87191466011332,0.21732481931610315,0,94619.50758580389,0.24010286624038923,28.506736266482704,86,1,0
38.87191466011332,0.21732481931610315,0,94619.50758580389,0.24010286624038923,28.506736266482704,7,1,0
38.87191466011332,0.21732481931610315,0,94619.50758580389,0.24010286624038923,28.506736266482704,81,1,0
38.87191466011332,0.21732481931610315,0,94619.50758580389,0.24010286624038923,28.506736266482704,95,1,0
38.87191466011332,0.21732481931610315,0,94619.50758580389,0.24010286624038923,28.506736266482704,26,1,0
38.87191466011332,0.21732481931610315,0,94619.50758580389,0.24010286624038923,28.506736266482704,17,1,0
38.87191466011332,0.21732481931610315,0,94619.50758580389,0.24010286624038923,28.506736266482704,7,1,0
38.87191466011332,0.21732481931610315,0,94619.50758580389,0.24010286624038923,28.506736266482704,80,1,0
38.87191466011332,0.21732481931610315,0,94619.50758580389,0.24010286624038923,28.506736266482704,95,1,0
38.87191466011332,0.21732481931610315,0,94619.50758580389,0.24010286624038923,28.506736266482704,60,1,0
38.87191466011332,0.21732481931610315,0,94619.50758580389,0.24010286624038923,28.506736266482704,61,1,0
38.87191466011332,0.21732481931610315,0,94619.50758580389,0.24010286624038923,28.506736266482704,79,1,0
38.87191466011332,0.21732481931610315,0,94619.50758580389,0.24010286624038923,28.506736266482704,0,1,0
38.87191466011332,0.21732481931610315,0,94619.50758580389,0.24010286624038923,28.506736266482704,84,1,0
38.87191466011332,0.21732481931610315,0,94619.50758580389,0.24010286624038923,28.506736266482704,91,1,0
38.87191466011332,0.21732481931610315,0,94619.50758580389,0.24010286624038923,28.506736266482704,13,1,0
38.87191466011332,0.21732481931610315,0,94619.50758580389,0.24010286624038923,28.506736266482704,99,1,0
38.87191466011332,0.21732481931610315,0,94619.50758580389,0.24010286624038923,28.506736266482704,85,1,0
38.87191466011332,0.21732481931610315,0,94619.50758580389,0.24010286624038923,28.506736266482704,28,1,0
38.87191466011332,0.21732481931610315,0,94619.50758580389,0.24010286624038923,28.506736266482704,48,1,0
38.87191466011332,0.21732481931610315,0,94619.50758580389,0.24010286624038923,28.506736266482704,82,1,0
38.87191466011332,0.21732481931610315,0,94619.50758580389,0.24010286624038923,28.506736266482704,90,1,0
38.87191466011332,0.21732481931610315,0,94619.50758580389,0.24010286624038923,28.506736266482704,8,1,0
38.87191466011332,0.21732481931610315,0,94619.50758580389,0.24010286624038923,28.506736266482704,66,1,0
38.87191466011332,0.21732481931610315,0,94619.50758580389,0.24010286624038923,28.506736266482704,44,1,0
38.87191466011332,0.21732481931610315,0,94619.50758580389,0.24010286624038923,28.506736266482704,34,1,0
38.87191466011332,0.21732481931610315,0,94619.50758580389,0.24010286624038923,28.506736266482704,82,1,0
36.748565906999474,2.0436666634488683,1,14708.917885757814,2.195988240091199,79.34902374756999,84,1,0
36.748565906999474,2.5887485359348856,1,14708.917885757814,2.195988240091199,79.34902374756999,84,1,0
36.748565906999474,0.5851994173753317,1,14708.917885757814,2.195988240091199,79.34902374756999,84,1,0
36.748565906999474,4.0700325962505595,1,14708.917885757814,2.195988240091199,79.34902374756999,84,1,0
36.748565906999474,2.489337041662561,1,14708.917885757814,2.195988240091199,79.34902374756999,84,1,0
36.748565906999474,1.2413959744333596,1,14708.917885757814,2.195988240091199,79.34902374756999,84,1,0
36.748565906999474,3.883430780004342,1,14708.917885757814,2.195988240091199,79.34902374756999,84,1,0
36.748565906999474,4.896141445947813,1,14708.917885757814,2.195988240091199,79.34902374756999,84,1,0
36.748565906999474,2.6917161703814503,1,14708.917885757814,2.195988240091199,79.34902374756999,84,1,0
36.748565906999474,3.685751113103918,1,14708.917885757814,2.195988240091199,79.34902374756999,84,1,0
36.748565906999474,4.9638034442418135,1,14708.917885757814,2.195988240091199,79.34902374756999,84,1,0
36.748565906999474,0.15063748187661985,1,14708.917885757814,2.195988240091199,79.34902374756999,84,1,0
36.748565906999474,2.9948882618338564,1,14708.917885757814,2.195988240091199,79.34902374756999,84,1,0
36.748565906999474,4.836476388957934,1,14708.917885757814,2.195988240091199,79.34902374756999,84,1,0
36.748565906999474,0.5866828692165843,1,14708.917885757814,2.195988240091199,79.34902374756999,84,1,0
36.748565906999474,1.1155074749696015,1,14708.917885757814,2.195988240091199,79.34902374756999,84,1,0
36.748565906999474,2.7511419449168644,1,14708.917885757814,2.195988240091199,79.34902374756999,84,1,0
36.748565906999474,3.61163655359898,1,14708.917885757814,2.195988240091199,79.34902374756999,84,1,0
36.748565906999474,2.763762076974147,1,14708.917885757814,2.195988240091199,79.34902374756999,84,1,0
36.748565906999474,2.7385089782118306,1,14708.917885757814,2.195988240091199,79.34902374756999,84,1,0
36.748565906999474,0.2576941473718075,1,14708.917885757814,2.195988240091199,79.34902374756999,84,1,0
36.748565906999474,3.6961485609737164,1,14708.917885757814,2.195988240091199,79.34902374756999,84,1,0
36.748565906999474,1.6035075496140938,1,14708.917885757814,2.195988240091199,79.34902374756999,84,1,0
36.748565906999474,0.3698093689570259,1,14708.917885757814,2.195988240091199,79.34902374756999,84,1,0
36.748565906999474,4.792341597063236,1,14708.917885757814,2.195988240091199,79.34902374756999,84,1,0
36.748565906999474,3.2983566042464574,1,14708.917885757814,2.195988240091199,79.34902374756999,84,1,0
36.748565906999474,2.2789148003963264,1,14708.917885757814,2.195988240091199,79.34902374756999,84,1,0
36.748565906999474,3.663257334235883,1,14708.917885757814,2.195988240091199,79.34902374756999,84,1,0
36.748565906999474,2.389450154509717,1,14708.917885757814,2.195988240091199,79.34902374756999,84,1,0
36.748565906999474,0.6236066665295564,1,14708.917885757814,2.195988240091199,79.34902374756999,84,1,0
34.18319552149377,4.739235781234926,1,43425.42452436055,5.615660939269599,66.89062507976175,57,2,2
39.87745698247666,4.739235781234926,1,43425.42452436055,5.615660939269599,66.89062507976175,57,2,2
39.76587315333077,4.739235781234926,1,43425.42452436055,5.615660939269599,66.89062507976175,57,2,2
32.0626960505538,4.739235781234926,1,43425.42452436055,5.615660939269599,66.89062507976175,57,2,2
47.139660793480836,4.739235781234926,1,43425.42452436055,5.615660939269599,66.89062507976175,57,2,2
47.828502476003216,4.739235781234926,1,43425.42452436055,5.615660939269599,66.89062507976175,57,2,2
44.99478649078705,4.739235781234926,1,43425.42452436055,5.615660939269599,66.89062507976175,57,2,2
24.865745406364912,4.739235781234926,1,43425.42452436055,5.615660939269599,66.89062507976175,57,2,2
20.710802970352454,4.739235781234926,1,43425.42452436055,5.615660939269599,66.89062507976175,57,2,2
31.19247930998689,4.739235781234926,1,43425.42452436055,5.615660939269599,66.89062507976175,57,2,2
36.172408503682945,4.739235781234926,1,43425.42452436055,5.615660939269599,66.89062507976175,57,2,2
16.423730732070474,4.739235781234926,1,43425.42452436055,5.615660939269599,66.89062507976175,57,2,2
32.37858142442197,4.739235781234926,1,43425.42452436055,5.615660939269599,66.89062507976175,57,2,2
27.55793012408667,4.739235781234926,1,43425.42452436055,5.615660939269599,66.89062507976175,57,2,2
10.066591794100631,4.739235781234926,1,43425.42452436055,5.615660939269599,66.89062507976175,57,2,2
26.753191404812696,4.739235781234926,1,43425.42452436055,5.615660939269599,66.89062507976175,57,2,2
25.995955728759768,4.739235781234926,1,43425.42452436055,5.615660939269599,66.89062507976175,57,2,2
48.535570251281214,4.739235781234926,1,43425.42452436055,5.615660939269599,66.89062507976175,57,2,2
12.180592456954802,4.739235781234926,1,43425.42452436055,5.615660939269599,66.89062507976175,57,2,2
47.141841340215336,4.739235781234926,1,43425.42452436055,5.615660939269599,66.89062507976175,57,2,2
46.33277969688907,4.739235781234926,1,43425.42452436055,5.615660939269599,66.89062507976175,57,2,2
33.99201000307916,4.739235781234926,1,43425.42452436055,5.615660939269599,66.89062507976175,57,2,2
17.489161898188755,4.739235781234926,1,43425.42452436055,5.615660939269599,66.89062507976175,57,2,2
41.65217335488367,4.739235781234926,1,43425.42452436055,5.615660939269599,66.89062507976175,57,2,2
16.46086762191899,4.739235781234926,1,43425.42452436055,5.615660939269599,66.89062507976175,57,2,2
22.825615385776274,4.739235781234926,1,43425.42452436055,5.615660939269599,66.89062507976175,57,2,2
36.656923483256655,4.739235781234926,1,43425.42452436055,5.615660939269599,66.89062507976175,57,2,2
27.00941203365289,4.739235781234926,1,43425.42452436055,5.615660939269599,66.89062507976175,57,2,2
28.43700863169666,4.739235781234926,1,43425.42452436055,5.615660939269599,66.89062507976175,57,2,2
22.12628901495126,4.739235781234926,1,43425.42452436055,5.615660939269599,66.89062507976175,57,2,2
14.35812694573495,4.860005171771475,1,56057.92784257347,6.830252115322606,74.86455393785376,47,2,0
14.35812694573495,4.860005171771475,1,56057.92784257347,6.830252115322606,74.86455393785376,47,0,0
14.35812694573495,4.860005171771475,1,56057.92784257347,6.830252115322606,74.86455393785376,47,0,0
14.35812694573495,4.860005171771475,1,56057.92784257347,6.830252115322606,74.86455393785376,47,1,0
14.35812694573495,4.860005171771475,1,56057.92784257347,6.830252115322606,74.86455393785376,47,2,0
14.35812694573495,4.860005171771475,1,56057.92784257347,6.830252115322606,74.86455393785376,47,2,0
14.35812694573495,4.860005171771475,1,56057.92784257347,6.830252115322606,74.86455393785376,47,1,0
14.35812694573495,4.860005171771475,1,56057.92784257347,6.830252115322606,74.86455393785376,47,2,0
14.35812694573495,4.860005171771475,1,56057.92784257347,6.830252115322606,74.86455393785376,47,2,0
14.35812694573495,4.860005171771475,1,56057.92784257347,6.830252115322606,74.86455393785376,47,0,0
14.35812694573495,4.860005171771475,1,56057.92784257347,6.830252115322606,74.86455393785376,47,1,0
14.35812694573495,4.860005171771475,1,56057.92784257347,6.830252115322606,74.86455393785376,47,1,0
14.35812694573495,4.860005171771475,1,56057.92784257347,6.830252115322606,74.86455393785376,47,2,0
14.35812694573495,4.860005171771475,1,56057.92784257347,6.830252115322606,74.86455393785376,47,1,0
14.35812694573495,4.860005171771475,1,56057.92784257347,6.830252115322606,74.86455393785376,47,0,0
14.35812694573495,4.860005171771475,1,56057.92784257347,6.830252115322606,74.86455393785376,47,1,0
14.35812694573495,4.860005171771475,1,56057.92784257347,6.830252115322606,74.86455393785376,47,0,0
14.35812694573495,4.860005171771475,1,56057.92784257347,6.830252115322606,74.86455393785376,47,2,0
14.35812694573495,4.860005171771475,1,56057.92784257347,6.830252115322606,74.86455393785376,47,0,0
14.35812694573495,4.860005171771475,1,56057.92784257347,6.830252115322606,74.86455393785376,47,2,0
14.35812694573495,4.860005171771475,1,56057.92784257347,6.830252115322606,74.86455393785376,47,1,0
14.35812694573495,4.860005171771475,1,56057.92784257347,6.830252115322606,74.86455393785376,47,1,0
14.35812694573495,4.860005171771475,1,56057.92784257347,6.830252115322606,74.86455393785376,47,0,0
14.35812694573495,4.860005171771475,1,56057.92784257347,6.830252115322606,74.86455393785376,47,1,0
14.35812694573495,4.860005171771475,1,56057.92784257347,6.830252115322606,74.86455393785376,47,2,0
14.35812694573495,4.860005171771475,1,56057.92784257347,6.830252115322606,74.86455393785376,47,2,0
14.35812694573495,4.860005171771475,1,56057.92784257347,6.830252115322606,74.86455393785376,47,1,0
14.35812694573495,4.860005171771475,1,56057.92784257347,6.830252115322606,74.86455393785376,47,1,0
14.35812694573495,4.860005171771475,1,56057.92784257347,6.830252115322606,74.86455393785376,47,2,0
14.35812694573495,4.860005171771475,1,56057.92784257347,6.830252115322606,74.86455393785376,47,2,0
16.088896553495058,0.8865666841477055,1,87558.78153681735,0.2081889283091265,4.028916935900777,98,0,0
16.088896553495058,0.8865666841477055,1,88491.647400196,0.2081889283091265,4.028916935900777,98,0,0
16.088896553495058,0.8865666841477055,1,54699.12542079104,0.2081889283091265,4.028916935900777,98,0,0
16.088896553495058,0.8865666841477055,1,82252.62048732056,0.2081889283091265,4.028916935900777,98,0,0
16.088896553495058,0.8865666841477055,1,100482.61409409247,0.2081889283091265,4.028916935900777,98,0,0
16.088896553495058,0.8865666841477055,1,35511.32913578505,0.2081889283091265,4.028916935900777,98,0,0
16.088896553495058,0.8865666841477055,1,91589.54707152485,0.2081889283091265,4.028916935900777,98,0,0
16.088896553495058,0.8865666841477055,1,57861.120049220866,0.2081889283091265,4.028916935900777,98,0,0
16.088896553495058,0.8865666841477055,1,64136.363754230704,0.2081889283091265,4.028916935900777,98,0,0
16.088896553495058,0.8865666841477055,1,55800.122631424616,0.2081889283091265,4.028916935900777,98,0,0
16.088896553495058,0.8865666841477055,1,45010.28699217002,0.2081889283091265,4.028916935900777,98,0,0
16.088896553495058,0.8865666841477055,1,90280.18131011455,0.2081889283091265,4.028916935900777,98,0,0
16.088896553495058,0.8865666841477055,1,47048.40420141656,0.2081889283091265,4.028916935900777,98,0,0
16.088896553495058,0.8865666841477055,1,21788.420325529994,0.2081889283091265,4.028916935900777,98,0,0
16.088896553495058,0.8865666841477055,1,94537.05820799829,0.2081889283091265,4.028916935900777,98,0,0
16.088896553495058,0.8865666841477055,1,47987.123181636176,0.2081889283091265,4.028916935900777,98,0,0
16.088896553495058,0.8865666841477055,1,69513.58213251494,0.2081889283091265,4.028916935900777,98,0,0
16.088896553495058,0.8865666841477055,1,117881.4839512452,0.2081889283091265,4.028916935900777,98,0,0
16.088896553495058,0.8865666841477055,1,77729.39275631201,0.2081889283091265,4.028916935900777,98,0,0
16.088896553495058,0.8865666841477055,1,62946.49310238646,0.2081889283091265,4.028916935900777,98,0,0
16.088896553495058,0.8865666841477055,1,34084.591592713776,0.2081889283091265,4.028916935900777,98,0,0
16.088896553495058,0.8865666841477055,1,85096.50545678231,0.2081889283091265,4.028916935900777,98,0,0
16.088896553495058,0.8865666841477055,1,115251.10912468129,0.2081889283091265,4.028916935900777,98,0,0
16.088896553495058,0.8865666841477055,1,85007.7739320508,0.2081889283091265,4.028916935900777,98,0,0
16.088896553495058,0.8865666841477055,1,92396.41721037443,0.2081889283091265,4.028916935900777,98,0,0
16.088896553495058,0.8865666841477055,1,38207.79344514671,0.2081889283091265,4.028916935900777,98,0,0
16.088896553495058,0.8865666841477055,1,37624.140130909036,0.2081889283091265,4.028916935900777,98,0,0
16.088896553495058,0.8865666841477055,1,42939.317456906545,0.2081889283091265,4.028916935900777,98,0,0
16.088896553495058,0.8865666841477055,1,57477.550883749595,0.2081889283091265,4.028916935900777,98,0,0
16.088896553495058,0.8865666841477055,1,107196.2840197752,0.2081889283091265,4.028916935900777,98,0,0
14.540010288660405,3.0597429240679483,1,103996.79415456297,8.908030346117139,52.65519341720988,9,1,1
14.540010288660405,3.0597429240679483,1,103996.79415456297,8.908030346117139,52.65519341720988,9,1,1
14.540010288660405,3.0597429240679483,1,103996.79415456297,8.908030346117139,52.65519341720988,9,1,2
14.540010288660405,3.0597429240679483,1,103996.79415456297,8.908030346117139,52.65519341720988,9,1,0
14.540010288660405,3.0597429240679483,1,103996.79415456297,8.908030346117139,52.65519341720988,9,1,2
14.540010288660405,3.0597429240679483,1,103996.79415456297,8.908030346117139,52.65519341720988,9,1,1
14.540010288660405,3.0597429240679483,1,103996.79415456297,8.908030346117139,52.65519341720988,9,1,2
14.540010288660405,3.0597429240679483,1,103996.79415456297,8.908030346117139,52.65519341720988,9,1,0
14.540010288660405,3.0597429240679483,1,103996.79415456297,8.908030346117139,52.65519341720988,9,1,2
14.540010288660405,3.0597429240679483,1,103996.79415456297,8.908030346117139,52.65519341720988,9,1,1
14.540010288660405,3.0597429240679483,1,103996.79415456297,8.908030346117139,52.65519341720988,9,1,0
14.540010288660405,3.0597429240679483,1,103996.79415456297,8.908030346117139,52.65519341720988,9,1,1
14.540010288660405,3.0597429240679483,1,103996.79415456297,8.908030346117139,52.65519341720988,9,1,2
14.540010288660405,3.0597429240679483,1,103996.79415456297,8.908030346117139,52.65519341720988,9,1,2
14.540010288660405,3.0597429240679483,1,103996.79415456297,8.908030346117139,52.65519341720988,9,1,1
14.540010288660405,3.0597429240679483,1,103996.79415456297,8.908030346117139,52.65519341720988,9,1,1
14.540010288660405,3.0597429240679483,1,103996.79415456297,8.908030346117139,52.65519341720988,9,1,1
14.540010288660405,3.0597429240679483,1,103996.79415456297,8.908030346117139,52.65519341720988,9,1,1
14.540010288660405,3.0597429240679483,1,103996.79415456297,8.908030346117139,52.65519341720988,9,1,0
14.540010288660405,3.0597429240679483,1,103996.79415456297,8.908030346117139,52.65519341720988,9,1,1
14.540010288660405,3.0597429240679483,1,103996.79415456297,8.908030346117139,52.65519341720988,9,1,0
14.540010288660405,3.0597429240679483,1,103996.79415456297,8.908030346117139,52.65519341720988,9,1,1
14.540010288660405,3.0597429240679483,1,103996.79415456297,8.908030346117139,52.65519341720988,9,1,1
14.540010288660405,3.0597429240679483,1,103996.79415456297,8.908030346117139,52.65519341720988,9,1,2
14.540010288660405,3.0597429240679483,1,103996.79415456297,8.908030346117139,52.65519341720988,9,1,2
14.540010288660405,3.0597429240679483,1,103996.79415456297,8.908030346117139,52.65519341720988,9,1,0
14.540010288660405,3.0597429240679483,1,103996.79415456297,8.908030346117139,52.65519341720988,9,1,1
14.540010288660405,3.0597429240679483,1,103996.79415456297,8.908030346117139,52.65519341720988,9,1,2
14.540010288660405,3.0597429240679483,1,103996.79415456297,8.908030346117139,52.65519341720988,9,1,2
14.540010288660405,3.0597429240679483,1,103996.79415456297,8.908030346117139,52.65519341720988,9,1,0
37.35165130426866,2.051237626346867,1,27951.08999730242,0.4134539160223172,7.300290020385796,12,0,2
37.35165130426866,2.051237626346867,1,27951.08999730242,0.4134539160223172,21.546025678722028,12,0,2
37.35165130426866,2.051237626346867,1,27951.08999730242,0.4134539160223172,90.10863229123923,12,0,2
37.35165130426866,2.051237626346867,1,27951.08999730242,0.4134539160223172,109.04454296626378,12,0,2
37.35165130426866,2.051237626346867,1,27951.08999730242,0.4134539160223172,93.04711877843994,12,0,2
37.35165130426866,2.051237626346867,1,27951.08999730242,0.4134539160223172,34.175972352222246,12,0,2
37.35165130426866,2.051237626346867,1,27951.08999730242,0.4134539160223172,59.58519057264046,12,0,2
37.35165130426866,2.051237626346867,1,27951.08999730242,0.4134539160223172,14.217510388055166,12,0,2
37.35165130426866,2.051237626346867,1,27951.08999730242,0.4134539160223172,50.35707155932771,12,0,2
37.35165130426866,2.051237626346867,1,27951.08999730242,0.4134539160223172,30.940822715527176,12,0,2
37.35165130426866,2.051237626346867,1,27951.08999730242,0.4134539160223172,3.7941617133347716,12,0,2
37.35165130426866,2.051237626346867,1,27951.08999730242,0.4134539160223172,34.944046641783075,12,0,2
37.35165130426866,2.051237626346867,1,27951.08999730242,0.4134539160223172,111.4064262287671,12,0,2
37.35165130426866,2.051237626346867,1,27951.08999730242,0.4134539160223172,63.685651277586075,12,0,2
37.35165130426866,2.051237626346867,1,27951.08999730242,0.4134539160223172,32.86241735048176,12,0,2
37.35165130426866,2.051237626346867,1,27951.08999730242,0.4134539160223172,13.676163890837847,12,0,2
37.35165130426866,2.051237626346867,1,27951.08999730242,0.4134539160223172,107.73791424762145,12,0,2
37.35165130426866,2.051237626346867,1,27951.08999730242,0.4134539160223172,10.97986539255352,12,0,2
37.35165130426866,2.051237626346867,1,27951.08999730242,0.4134539160223172,4.596998093071432,12,0,2
37.35165130426866,2.051237626346867,1,27951.08999730242,0.4134539160223172,13.454343225959931,12,0,2
37.35165130426866,2.051237626346867,1,27951.08999730242,0.4134539160223172,90.31527609303215,12,0,2
37.35165130426866,2.051237626346867,1,27951.08999730242,0.4134539160223172,112.0906267802629,12,0,2
37.35165130426866,2.051237626346867,1,27951.08999730242,0.4134539160223172,11.482538067652541,12,0,2
37.35165130426866,2.051237626346867,1,27951.08999730242,0.4134539160223172,76.53832717236052,12,0,2
37.35165130426866,2.051237626346867,1,27951.08999730242,0.4134539160223172,78.2413729094673,12,0,2
37.35165130426866,2.051237626346867,1,27951.08999730242,0.4134539160223172,63.16052352988483,12,0,2
37.35165130426866,2.051237626346867,1,27951.08999730242,0.4134539160223172,0.4626454557594162,12,0,2
37.35165130426866,2.051237626346867,1,27951.08999730242,0.4134539160223172,83.07795227219238,12,0,2
37.35165130426866,2.051237626346867,1,27951.08999730242,0.4134539160223172,51.61537699283811,12,0,2
37.35165130426866,2.051237626346867,1,27951.08999730242,0.4134539160223172,111.80036340192503,12,0,2
15.910499250120743,1.5477991038757999,0,33068.27674866856,9.9712065574137,23.717200616277225,36,2,2
15.910499250120743,1.5477991038757999,0,33068.27674866856,6.365731366207454,23.717200616277225,36,2,2
15.910499250120743,1.5477991038757999,0,33068.27674866856,1.1599595947452979,23.717200616277225,36,2,2
15.910499250120743,1.5477991038757999,0,33068.27674866856,3.173934565126827,23.717200616277225,36,2,2
15.910499250120743,1.5477991038757999,0,33068.27674866856,6.297575886283645,23.717200616277225,36,2,2
15.910499250120743,1.5477991038757999,0,33068.27674866856,8.712110779231333,23.717200616277225,36,2,2
15.910499250120743,1.5477991038757999,0,33068.27674866856,4.212060351689631,23.717200616277225,36,2,2
15.910499250120743,1.5477991038757999,0,33068.27674866856,3.6093353971665,23.717200616277225,36,2,2
15.910499250120743,1.5477991038757999,0,33068.27674866856,6.066372567914184,23.717200616277225,36,2,2
15.910499250120743,1.5477991038757999,0,33068.27674866856,8.551143041152546,23.717200616277225,36,2,2
15.910499250120743,1.5477991038757999,0,33068.27674866856,1.9511318878204176,23.717200616277225,36,2,2
15.910499250120743,1.5477991038757999,0,33068.27674866856,5.953474124807717,23.717200616277225,36,2,2
15.910499250120743,1.5477991038757999,0,33068.27674866856,6.160283262114215,23.717200616277225,36,2,2
15.910499250120743,1.5477991038757999,0,33068.27674866856,4.751537926442202,23.717200616277225,36,2,2
15.910499250120743,1.5477991038757999,0,33068.27674866856,3.6005894138796957,23.717200616277225,36,2,2
15.910499250120743,1.5477991038757999,0,33068.27674866856,9.48264017848894,23.717200616277225,36,2,2
15.910499250120743,1.5477991038757999,0,33068.27674866856,8.16405440865765,23.717200616277225,36,2,2
15.910499250120743,1.5477991038757999,0,33068.27674866856,1.5542066382270603,23.717200616277225,36,2,2
15.910499250120743,1.5477991038757999,0,33068.27674866856,0.008170796731188368,23.717200616277225,36,2,2
15.910499250120743,1.5477991038757999,0,33068.27674866856,2.581175444027134,23.717200616277225,36,2,2
15.910499250120743,1.5477991038757999,0,33068.27674866856,4.228336674460453,23.717200616277225,36,2,2
15.910499250120743,1.5477991038757999,0,33068.27674866856,1.621379983554475,23.717200616277225,36,2,2
15.910499250120743,1.5477991038757999,0,33068.27674866856,3.3781960280007173,23.717200616277225,36,2,2
15.910499250120743,1.5477991038757999,0,33068.27674866856,6.805715877174788,23.717200616277225,36,2,2
15.910499250120743,1.5477991038757999,0,33068.27674866856,7.39312479773845,23.717200616277225,36,2,2
15.910499250120743,1.5477991038757999,0,33068.27674866856,8.183804052060978,23.717200616277225,36,2,2
15.910499250120743,1.5477991038757999,0,33068.27674866856,8.14196468401186,23.717200616277225,36,2,2
15.910499250120743,1.5477991038757999,0,33068.27674866856,3.227782559936032,23.717200616277225,36,2,2
15.910499250120743,1.5477991038757999,0,33068.27674866856,5.328025513162492,23.717200616277225,36,2,2
15.910499250120743,1.5477991038757999,0,33068.27674866856,7.379230062898781,23.717200616277225,36,2,2
42.44840122518001,0.6845948704929988,1,109852.5241072514,1.0749483826638484,66.85747071404013,24,0,2
42.44840122518001,0.6845948704929988,1,109852.5241072514,1.0749483826638484,66.85747071404013,24,0,2
42.44840122518001,0.6845948704929988,1,109852.5241072514,1.0749483826638484,66.85747071404013,24,0,2
42.44840122518001,0.6845948704929988,1,109852.5241072514,1.0749483826638484,66.85747071404013,24,0,2
42.44840122518001,0.6845948704929988,0,109852.5241072514,1.0749483826638484,66.85747071404013,24,0,2
42.44840122518001,0.6845948704929988,1,109852.5241072514,1.0749483826638484,66.85747071404013,24,0,2
42.44840122518001,0.6845948704929988,1,109852.5241072514,1.0749483826638484,66.85747071404013,24,0,2
42.44840122518001,0.6845948704929988,1,109852.5241072514,1.0749483826638484,66.85747071404013,24,0,2
42.44840122518001,0.6845948704929988,0,109852.5241072514,1.0749483826638484,66.85747071404013,24,0,2
42.44840122518001,0.6845948704929988,1,109852.5241072514,1.0749483826638484,66.85747071404013,24,0,2
42.44840122518001,0.6845948704929988,0,109852.5241072514,1.0749483826638484,66.85747071404013,24,0,2
42.44840122518001,0.6845948704929988,0,109852.5241072514,1.0749483826638484,66.85747071404013,24,0,2
42.44840122518001,0.6845948704929988,1,109852.5241072514,1.0749483826638484,66.85747071404013,24,0,2
42.44840122518001,0.6845948704929988,0,109852.5241072514,1.0749483826638484,66.85747071404013,24,0,2
42.44840122518001,0.6845948704929988,1,109852.5241072514,1.0749483826638484,66.85747071404013,24,0,2
42.44840122518001,0.6845948704929988,0,109852.5241072514,1.0749483826638484,66.85747071404013,24,0,2
42.44840122518001,0.6845948704929988,1,109852.5241072514,1.0749483826638484,66.85747071404013,24,0,2
42.44840122518001,0.6845948704929988,1,109852.5241072514,1.0749483826638484,66.85747071404013,24,0,2
42.44840122518001,0.6845948704929988,1,109852.5241072514,1.0749483826638484,66.85747071404013,24,0,2
42.44840122518001,0.6845948704929988,0,109852.5241072514,1.0749483826638484,66.85747071404013,24,0,2
42.44840122518001,0.6845948704929988,0,109852.5241072514,1.0749483826638484,66.85747071404013,24,0,2
42.44840122518001,0.6845948704929988,1,109852.5241072514,1.0749483826638484,66.85747071404013,24,0,2
42.44840122518001,0.6845948704929988,1,109852.5241072514,1.0749483826638484,66.85747071404013,24,0,2
42.44840122518001,0.6845948704929988,1,109852.5241072514,1.0749483826638484,66.85747071404013,24,0,2
42.44840122518001,0.6845948704929988,0,109852.5241072514,1.0749483826638484,66.85747071404013,24,0,2
42.44840122518001,0.6845948704929988,1,109852.5241072514,1.0749483826638484,66.85747071404013,24,0,2
42.44840122518001,0.6845948704929988,0,109852.5241072514,1.0749483826638484,66.85747071404013,24,0,2
42.44840122518001,0.6845948704929988,0,109852.5241072514,1.0749483826638484,66.85747071404013,24,0,2
42.44840122518001,0.6845948704929988,0,109852.5241072514,1.0749483826638484,66.85747071404013,24,0,2
42.44840122518001,0.6845948704929988,1,109852.5241072514,1.0749483826638484,66.85747071404013,24,0,2
34.18319552149377,2.0436666634488683,1,87558.78153681735,9.9712065574137,7.300290020385796,90,2,1
39.87745698247666,2.5887485359348856,1,88491.647400196,6.365731366207454,21.546025678722028,87,0,1
39.76587315333077,0.5851994173753317,1,54699.12542079104,1.1599595947452979,90.10863229123923,82,0,2
32.0626960505538,4.0700325962505595,1,82252.62048732056,3.173934565126827,109.04454296626378,86,1,0
47.139660793480836,2.489337041662561,0,100482.61409409247,6.297575886283645,93.04711877843994,7,2,2
47.828502476003216,1.2413959744333596,1,35511.32913578505,8.712110779231333,34.175972352222246,81,2,1
44.99478649078705,3.883430780004342,1,91589.54707152485,4.212060351689631,59.58519057264046,95,1,2
24.865745406364912,4.896141445947813,1,57861.120049220866,3.6093353971665,14.217510388055166,26,2,0
20.710802970352454,2.6917161703814503,0,64136.363754230704,6.066372567914184,50.35707155932771,17,2,2
31.19247930998689,3.685751113103918,1,55800.122631424616,8.551143041152546,30.940822715527176,7,0,1
36.172408503682945,4.9638034442418135,0,45010.28699217002,1.9511318878204176,3.7941617133347716,80,1,0
16.423730732070474,0.15063748187661985,0,90280.18131011455,5.953474124807717,34.944046641783075,95,1,1
32.37858142442197,2.9948882618338564,1,47048.40420141656,6.160283262114215,111.4064262287671,60,2,2
27.55793012408667,4.836476388957934,0,21788.420325529994,4.751537926442202,63.685651277586075,61,1,2
10.066591794100631,0.5866828692165843,1,94537.05820799829,3.6005894138796957,32.86241735048176,79,0,1
26.753191404812696,1.1155074749696015,0,47987.123181636176,9.48264017848894,13.676163890837847,0,1,1
25.995955728759768,2.7511419449168644,1,69513.58213251494,8.16405440865765,107.73791424762145,84,0,1
48.535570251281214,3.61163655359898,1,117881.4839512452,1.5542066382270603,10.97986539255352,91,2,1
12.180592456954802,2.763762076974147,1,77729.39275631201,0.008170796731188368,4.596998093071432,13,0,0
47.141841340215336,2.7385089782118306,0,62946.49310238646,2.581175444027134,13.454343225959931,99,2,1
46.33277969688907,0.2576941473718075,0,34084.591592713776,4.228336674460453,90.31527609303215,85,1,0
33.99201000307916,3.6961485609737164,1,85096.50545678231,1.621379983554475,112.0906267802629,28,1,1
17.489161898188755,1.6035075496140938,1,115251.10912468129,3.3781960280007173,11.482538067652541,48,0,1
41.65217335488367,0.3698093689570259,1,85007.7739320508,6.805715877174788,76.53832717236052,82,1,2
16.46086762191899,4.792341597063236,0,92396.41721037443,7.39312479773845,78.2413729094673,90,2,2
22.825615385776274,3.2983566042464574,1,38207.79344514671,8.183804052060978,63.16052352988483,8,2,0
36.656923483256655,2.2789148003963264,0,37624.140130909036,8.14196468401186,0.4626454557594162,66,1,1
27.00941203365289,3.663257334235883,0,42939.317456906545,3.227782559936032,83.07795227219238,44,1,2
28.43700863169666,2.389450154509717,0,57477.550883749595,5.328025513162492,51.61537699283811,34,2,2
22.12628901495126,0.6236066665295564,1,107196.2840197752,7.379230062898781,111.80036340192503,82,2,0
27.55793012408667,4.814980942669537,0,26716.872793499948,1.5865172027408765,111.34955852557735,62,1,2
32.37858142442197,2.9948882618338564,1,45010.85060318667,6.182263708483377,3.483727763136514,60,2,0
24.789532561320947,3.2983566042464574,1,38206.69640973386,8.183804052060978,0.9867726430496511,8,1,0
12.197495960922376,1.4645762786340204,1,115251.10912468129,3.170530955330663,0.6242525950261744,48,0,1
10.688225173208775,0.5866828692165843,1,94537.05820799829,3.6005894138796957,32.86241735048176,76,1,2
47.99872890250503,0.5354272629268352,1,54788.78872262325,8.768779847081923,34.175972352222246,82,2,1
16.46086762191899,4.690067081681327,0,117857.27165376724,7.39312479773845,76.84852069057725,91,2,1
31.33587372670729,2.738690198668779,0,55872.76400414244,5.820915625538088,50.4729113214098,13,2,2
16.423730732070474,0.15063748187661985,1,82190.3945358832,6.035543630765076,34.944046641783075,95,1,1
46.33277969688907,2.116220465388943,0,18387.15554727112,5.253406033587896,90.31527609303215,85,1,0
47.141841340215336,0.6531928438023851,0,62946.49310238646,7.405891336582105,13.454343225959931,99,2,1
27.00941203365289,3.699638078232361,0,57907.827303664104,3.227782559936032,83.07795227219238,44,2,2
41.45633557383957,0.12814393082682174,1,85007.7739320508,6.484560710334028,75.7986637701958,80,1,2
34.665483630216,2.7511419449168644,1,86612.15335819648,9.915192234822738,109.43362077131815,90,2,1
39.87745698247666,2.490609186284874,1,100074.87044446268,6.365731366207454,21.546025678722028,85,0,1
33.99201000307916,3.717339199312354,1,85096.50545678231,4.7864017656636975,64.41874747490073,27,1,1
36.172408503682945,4.9638034442418135,0,47047.84059039991,1.9291539372839792,112.3673433739742,80,1,2
36.656923483256655,2.2789148003963264,0,33135.688817954055,8.14196468401186,63.76463301627806,67,2,1
17.472264005007908,2.2659766439575986,1,77729.39275631201,0.27210460694723193,4.596998093071432,13,0,0
45.0486281131802,3.883430780004342,1,91589.54707152485,4.218352479006397,59.58519057264046,95,0,1
39.59526356433263,1.291168145387612,1,31976.111010439105,1.1599595947452979,90.10863229123923,84,0,2
48.882856815825534,3.61163655359898,1,92385.76646098684,1.5542066382270603,10.97986539255352,90,2,2
20.5674085600741,3.6387770848020584,1,64063.72238151289,8.796593100492553,30.824982953493855,17,0,1
32.0626960505538,4.0700325962505595,0,90342.4072615519,2.8367486360479006,109.04454296626378,86,1,0
28.43700863169666,0.8921292856572167,0,57477.550883749595,5.328025513162492,52.53017479428699,34,2,2
22.118108002752347,2.708942106832559,1,107196.2840197752,2.531318432478253,111.80036340192503,82,2,0
24.865745406364912,4.858229772044031,1,42892.610202463315,3.6093353971665,15.078089017147844,32,1,0
26.753191404812696,1.1376506801874915,0,48274.91049919645,9.48264017848894,14.41879116716991,3,1,1
26.012470691960665,1.8181717383982545,1,70460.21031112944,8.559628011915413,5.918885512911636,84,0,1
47.139660793480836,2.587476391312573,0,87367.29420918821,5.947506228015388,93.04711877843994,9,2,2
30.368375423746976,1.2703228771819655,0,48952.72934925238,8.787661761809215,31.821811592196443,3,1,1
27.00941203365289,3.610391326132699,0,57907.827303664104,3.667660495091538,8.748359236751611,44,2,2
28.074321731986718,2.390671300151671,0,51437.82647639168,5.328025513162492,51.61537699283811,34,2,2
29.733151293634407,4.630882480276326,1,42892.610202463315,3.6093353971665,53.77225103238238,32,1,0
17.489161898188755,1.6035075496140938,1,105660.35810540366,3.3781960280007173,11.482538067652541,49,0,2
26.753191404812696,1.087611206321899,0,47953.88898954261,9.48264017848894,13.68086290940291,0,1,1
16.18014524675731,4.690067081681327,0,117857.27165376724,7.39312479773845,76.84852069057725,91,2,1
22.825615385776274,3.2983566042464574,1,35871.69606996256,0.2807861115195527,63.16052352988483,8,0,0
26.094648875344355,1.8181717383982545,1,70460.21031112944,8.559545446297383,5.337572677340206,7,0,1
12.197495960922376,1.4645762786340204,1,115251.10912468129,5.552298069773942,0.6242525950261744,48,2,1
17.240811570797458,4.807051936542393,1,40041.960436208385,7.386619426791449,75.37694937644304,90,2,2
12.178293471647882,0.5886329641349877,1,77729.39275631201,5.684576390052056,4.380186790921384,12,0,0
33.99201000307916,4.93778152883577,1,82170.96783294735,3.6218187753906372,112.5434124300528,28,2,1
47.828502476003216,1.2281043815247425,1,35511.32913578505,8.712110779231333,34.175972352222246,81,2,1
22.58393004913443,0.5998043982766608,0,21788.420325529994,4.751537926442202,66.92606789924196,61,0,2
21.113447730229552,3.506105737436066,1,63385.90353145696,9.491571508130605,13.421962824696507,17,0,1
48.535570251281214,3.700883305698641,1,117881.4839512452,1.3904456637872773,89.52785459614049,91,2,1
21.073489870127364,2.741963508737626,0,64136.363754230704,6.066372567914184,50.35707155932771,17,2,2
28.43700863169666,0.8136745936908056,0,52073.86654837217,5.3161578784695696,13.836237905920584,34,2,2
31.33587372670729,2.738690198668779,0,55872.76400414244,5.820915625538088,50.4729113214098,12,2,1
47.141841340215336,2.766405309304396,0,62979.72729448002,2.581175444027134,13.44964420739487,99,2,1
39.876552619273085,1.2693038750705403,1,31976.111010439105,1.1599595947452979,90.10863229123923,84,0,2
17.472264005007908,2.2659766439575986,1,80065.49030068581,8.017759867193385,4.596998093071432,13,2,0
31.19247930998689,3.685751113103918,1,55800.122631424616,8.551225606770574,30.940822715527176,84,0,1
32.37858142442197,3.3119199758622555,1,45010.85060318667,3.399495420105616,3.483727763136514,60,0,0
22.907378520030814,3.282816131805263,0,95015.87684347118,8.190309423007957,4.748120333123566,6,1,0
10.690524827048936,2.8646255630155077,1,94537.05820799829,0.006601941436700232,33.08699098956718,77,1,2
24.865745406364912,3.645689351988116,1,60786.65767256178,1.6088966139235918,14.217510388055166,26,1,0
16.423730732070474,0.1642664866626794,1,82190.3945358832,6.035543630765076,34.944046641783075,95,1,1
10.129934915411507,4.802927544312496,1,94537.05820799829,3.6005894138796957,29.622001009152726,79,1,1
26.753191404812696,1.087611206321899,0,47953.88898954261,9.48264017848894,13.68086290940291,17,1,2
30.411153800798367,2.777733575047972,0,46725.18271970126,8.787661761809215,50.78940803901392,3,1,1
22.903089713498282,3.282816131805263,0,41583.00731935463,8.429820405056226,4.748120333123566,6,2,0
30.969715992382664,3.685751113103918,1,78252.71341069175,8.551143041152546,30.940822715527176,7,0,1
26.753191404812696,1.1376506801874915,0,48274.91049919645,9.48264017848894,4.07003813123146,18,1,2
10.690524827048936,2.8646255630155077,1,94537.05820799829,0.006601941436700232,31.440594402660178,77,1,2
10.129934915411507,4.802927544312496,1,94277.2298350861,3.6005894138796957,29.622001009152726,80,0,0
24.865745406364912,3.620810959806777,1,61688.1058189927,3.6093353971665,15.078089017147844,26,1,0
17.472264005007908,2.2659766439575986,1,74849.13764323434,0.27210460694723193,4.596998093071432,13,0,0
10.688225173208775,0.5866828692165843,0,56940.27763592645,3.5086874216142347,41.01944302832308,77,2,2
22.78492903347478,4.930447507489006,1,31853.65527324222,0.2807861115195527,114.78914255419609,7,0,1
22.486748799479674,4.14973434364839,1,64063.72238151289,8.897168309574527,30.824982953493855,17,0,0
31.33587372670729,2.738690198668779,0,55872.76400414244,5.892139984165937,38.22585736733383,12,2,1
17.472264005007908,2.2659766439575986,1,80065.49030068581,8.017759867193385,4.596998093071432,8,1,0
26.094648875344355,1.5729704780597,1,70460.21031112944,8.559545446297383,5.337572677340206,7,0,1
21.073489870127364,2.741963508737626,0,64136.363754230704,6.066372567914184,50.35707155932771,1,2,1
31.2930953496559,1.2312795098674219,0,55872.76400414244,5.820915625538088,30.995605851927614,13,2,2
22.82990419230881,3.2983566042464574,1,91640.63168296163,8.19062288079113,63.16052352988483,8,1,0
12.411842649822862,0.5886329641349877,1,55276.801977033065,5.684576390052056,4.380186790921384,12,0,0
20.710802970352454,2.6917161703814503,0,63202.958323465704,6.066372567914184,42.263019739062,2,2,1
33.13023698696095,4.435503780641266,1,42892.610202463315,3.6093353971665,53.77225103238238,32,1,0
12.180592456954802,2.763762076974147,1,77989.2211291716,0.4897851521639385,10.657436663174344,12,1,1
24.742279048409927,4.8812377352562475,1,41991.16205603398,1.6088966139235918,14.217510388055166,33,1,0
10.066591794100631,0.5100865909860464,1,96213.96052425519,3.6005894138796957,32.86241735048176,79,0,1
28.43700863169666,2.389450154509717,1,106016.46486903296,5.419927505428966,51.61537699283811,34,1,2
32.77971654050981,3.059593743640953,1,82170.96783294735,3.3018032208708092,61.705650941761505,29,2,0
24.865745406364912,4.8427543086632445,1,34578.15882919121,3.6093353971665,14.217510388055166,26,2,1
27.89586497479568,3.292376872688715,0,57907.827303664104,3.227782559936032,83.07795227219238,44,2,2
24.789532561320947,3.2983566042464574,1,38206.69640973386,8.183804052060978,0.9867726430496511,13,2,0
27.00941203365289,3.699638078232361,0,61646.54906363413,3.227782559936032,83.07795227219238,44,2,2
23.770195329977803,4.136990980726196,1,63399.0496252081,8.897168309574527,30.824982953493855,17,0,0
12.688396506800693,0.5886329641349877,1,55276.801977033065,5.684576390052056,4.311864738963486,22,0,0
33.13023698696095,4.435503780641266,1,82276.8546511291,3.6093353971665,53.77225103238238,32,1,0
22.825615385776274,3.2983566042464574,1,38306.25838417805,8.168366285780573,61.67991596031516,7,2,1
17.472264005007908,2.2659766439575986,1,80065.49030068581,8.017759867193385,4.572888591852391,8,1,0
12.437089293220442,4.958447842923627,1,80950.81507101338,0.36263534704779765,14.217510388055166,26,2,0
20.044339525346206,3.5842812612970567,1,64063.72238151289,8.796593100492553,30.824982953493855,18,0,1
35.99812539078085,2.389450154509717,0,57477.550883749595,5.328025513162492,51.61537699283811,34,2,2
31.10113485464823,2.810556259758612,0,48468.29852092439,9.48264017848894,14.41879116716991,3,1,1
31.19247930998689,1.1092318436104616,1,55800.122631424616,8.786056947512655,30.940822715527176,8,0,1
25.125897844955492,1.5729704780597,1,41172.51327161112,8.534038041234407,5.337572677340206,7,0,1
22.722560919561573,4.841113928954782,1,42644.852804693,4.688683634622621,65.56214646172981,32,1,0
31.19268707230175,3.685751113103918,1,81367.10875603672,8.551143041152546,30.940822715527176,26,0,1
21.178593041695283,2.741963508737626,1,82665.43447617667,0.03838206166223346,50.35707155932771,1,2,1
22.483067160493487,3.518849100348184,1,64050.576287761745,9.491571508130605,13.421962824696507,17,0,1
32.51357942352507,3.1760637362700574,1,82170.96783294735,3.3018032208708092,61.88217295215625,12,2,0
14.73338181628898,2.2659766439575986,1,60794.563939516425,8.017759867193385,4.596998093071432,13,2,0
22.78492903347478,4.930447507489006,1,31755.190334210878,0.2807861115195527,116.35906564916868,8,0,0
24.789532561320947,3.2983566042464574,1,38206.69640973386,8.183804052060978,1.0109340622260448,8,1,0
12.178293471647882,0.5886329641349877,1,77729.39275631201,5.684576390052056,4.380186790921384,16,0,0
24.610934515945782,2.8274372620976687,1,58754.08699876725,3.740604296703067,10.657436663174344,12,1,1
12.484176044856147,2.818257900477353,1,77729.39275631201,0.008170796731188368,5.324590963672651,3,0,0
27.133712625121607,0.8148973262652447,0,55679.375982414495,6.002401440414664,50.4729113214098,12,2,1
30.368375423746976,3.846843615398651,0,46078.17311179088,8.007262686079914,31.821811592196443,3,1,1
24.742279048409927,4.8812377352562475,1,71748.00351100306,1.6342287900004644,14.217510388055166,33,1,0
24.96879987257961,3.313794315096125,1,36119.45346773288,0.2807861115195527,12.67926090062484,8,0,0
24.865745406364912,4.8427543086632445,1,31463.766201339644,3.6093353971665,14.217510388055166,7,2,1
17.367160833440956,2.2659766439575986,0,64635.64042799258,6.6302941186772255,4.596998093071432,13,0,0
24.111230239597795,4.8812377352562475,1,62325.78067219413,1.6088966139235918,31.601701315498573,28,0,0
21.370362648770925,4.2119330408718785,1,43729.103765356296,8.897168309574527,13.440792269789203,17,1,0
34.18319552149377,2.0436666634488683,1,87558.78153681735,9.9712065574137,7.300290020385796,90,2,1
39.87745698247666,2.5887485359348856,1,88491.647400196,6.365731366207454,21.546025678722028,87,0,1
39.76587315333077,0.5851994173753317,1,54699.12542079104,1.1599595947452979,90.10863229123923,82,0,2
32.0626960505538,4.0700325962505595,1,82252.62048732056,3.173934565126827,109.04454296626378,86,1,0
47.139660793480836,2.489337041662561,0,100482.61409409247,6.297575886283645,93.04711877843994,7,2,2
47.828502476003216,1.2413959744333596,1,35511.32913578505,8.712110779231333,34.175972352222246,81,2,1
44.99478649078705,3.883430780004342,1,91589.54707152485,4.212060351689631,59.58519057264046,95,1,2
24.865745406364912,4.896141445947813,1,57861.120049220866,3.6093353971665,14.217510388055166,26,2,0
20.710802970352454,2.6917161703814503,0,64136.363754230704,6.066372567914184,50.35707155932771,17,2,2
31.19247930998689,3.685751113103918,1,55800.122631424616,8.551143041152546,30.940822715527176,7,0,1
36.172408503682945,4.9638034442418135,0,45010.28699217002,1.9511318878204176,3.7941617133347716,80,1,0
16.423730732070474,0.15063748187661985,0,90280.18131011455,5.953474124807717,34.944046641783075,95,1,1
32.37858142442197,2.9948882618338564,1,47048.40420141656,6.160283262114215,111.4064262287671,60,2,2
27.55793012408667,4.836476388957934,0,21788.420325529994,4.751537926442202,63.685651277586075,61,1,2
10.066591794100631,0.5866828692165843,1,94537.05820799829,3.6005894138796957,32.86241735048176,79,0,1
26.753191404812696,1.1155074749696015,0,47987.123181636176,9.48264017848894,13.676163890837847,0,1,1
25.995955728759768,2.7511419449168644,1,69513.58213251494,8.16405440865765,107.73791424762145,84,0,1
48.535570251281214,3.61163655359898,1,117881.4839512452,1.5542066382270603,10.97986539255352,91,2,1
12.180592456954802,2.763762076974147,1,77729.39275631201,0.008170796731188368,4.596998093071432,13,0,0
47.141841340215336,2.7385089782118306,0,62946.49310238646,2.581175444027134,13.454343225959931,99,2,1
46.33277969688907,0.2576941473718075,0,34084.591592713776,4.228336674460453,90.31527609303215,85,1,0
33.99201000307916,3.6961485609737164,1,85096.50545678231,1.621379983554475,112.0906267802629,28,1,1
17.489161898188755,1.6035075496140938,1,115251.10912468129,3.3781960280007173,11.482538067652541,48,0,1
41.65217335488367,0.3698093689570259,1,85007.7739320508,6.805715877174788,76.53832717236052,82,1,2
16.46086762191899,4.792341597063236,0,92396.41721037443,7.39312479773845,78.2413729094673,90,2,2
22.825615385776274,3.2983566042464574,1,38207.79344514671,8.183804052060978,63.16052352988483,8,2,0
36.656923483256655,2.2789148003963264,0,37624.140130909036,8.14196468401186,0.4626454557594162,66,1,1
27.00941203365289,3.663257334235883,0,42939.317456906545,3.227782559936032,83.07795227219238,44,1,2
28.43700863169666,2.389450154509717,0,57477.550883749595,5.328025513162492,51.61537699283811,34,2,2
22.12628901495126,0.6236066665295564,1,107196.2840197752,7.379230062898781,111.80036340192503,82,2,0
25.995955728759768,4.752804566075015,1,74441.9538261063,7.384538149236728,107.29115949641479,90,2,1
22.12628901495126,0.6236066665295564,1,88496.8198894,7.384522616517678,20.502022945957627,82,2,1
24.789532561320947,3.2983566042464574,1,44997.50101780009,8.183804052060978,3.4442019330538756,8,1,0
12.207924205822557,2.552729333460172,0,64136.363754230704,5.693058635459842,29.36432248098184,17,2,2
27.519080835764406,3.61163655359898,1,117881.4839512452,1.5542066382270603,10.97986539255352,88,2,2
47.55076654156855,2.668367291592747,0,63020.389235473005,3.2879762484540764,83.07795227219238,47,2,1
10.066591794100631,0.4934567810949775,1,115258.97326758737,3.6005894138796957,31.471458057877776,47,0,1
31.253210921919,1.2369683376714589,0,48055.20506611088,8.459125512118797,31.043825823221642,13,1,1
34.18319552149377,2.0436666634488683,1,84987.99969690831,9.971294749697394,7.300290020385796,90,1,1
39.76587315333077,3.2974124027700693,1,38920.47281050113,2.1850290062832203,90.10863229123923,82,0,2
47.828502476003216,1.2588425077094962,1,35511.32913578505,8.725527501336225,34.175972352222246,81,2,2
16.423730732070474,0.31933149155623175,0,90381.65730811385,5.953474124807717,34.944046641783075,95,2,1
31.866858279487708,3.692742155652044,1,82252.62048732056,2.852928829984828,111.37863532212143,87,1,0
46.75512538900482,3.883430780004342,1,88572.89684378216,4.228006134809086,90.87156658970325,94,1,2
36.656923483256655,2.2803292943372946,0,56802.45083849778,8.14196468401186,0.4626454557594162,65,1,1
16.46086762191899,2.789073426174298,0,92396.41721037443,8.172641057159357,78.68809976018296,84,0,2
39.87745698247666,2.5887485359348856,1,107191.11123383867,6.360438812588551,112.66737942832088,87,0,0
36.172408503682945,4.9638034442418135,0,33730.6749660091,1.9511318878204176,63.73253308287744,81,2,0
20.6836501587219,2.2659766439575986,1,77729.39275631201,0.48750503110328225,4.596998093071432,13,0,0
48.53038056883139,4.836476388957934,0,21788.420325529994,4.7578300528060975,63.685651277586075,61,1,1
26.583399087130182,3.7333990207455052,0,39417.109221853294,2.581175444027134,13.454343225959931,98,1,2
18.18464222300959,1.6035075496140938,1,94528.40136721544,3.3781960280007173,11.482538067652541,80,0,1
26.69245979288059,3.5642914412697397,1,55732.040746949904,9.574653802598373,13.573160880940092,0,0,1
41.65217335488367,0.3698093689570259,1,87578.55577195983,6.456992628252332,76.53832717236052,82,2,2
33.99201000307916,1.3445768056438734,1,85096.50545678231,1.621379983554475,112.77384125109593,28,1,1
47.131475615009656,2.4718905088519985,0,100482.61409409247,6.260914292603738,93.04711877843994,7,2,1
24.865745406364912,4.715968650285038,1,57759.64401551119,3.6093353971665,15.078089017147844,32,1,0
32.37858142442197,3.017030976939038,1,47336.191519410364,6.160283262114215,109.07233387290947,57,2,2
44.997485435623126,0.13113569048555485,0,37101.23131984574,4.579693578741207,59.028900033719836,86,1,0
28.43700863169666,2.388035660568749,0,36767.69210180572,4.977955913129857,51.61537699283811,35,2,2
19.381416100849272,2.4040350862688444,1,77759.1556707502,1.6439413595626264,10.119302331156021,11,0,0
31.253210921919,1.2369683376714589,0,48055.20506611088,8.459125512118797,22.977734220358002,13,1,1
23.020766029953577,0.5866828692165843,1,94537.05820799829,4.825927754037188,32.86241735048176,79,2,1
32.37858142442197,2.5951403915711198,0,48003.25798832385,6.160283262114215,111.49474950182781,2,2,2
24.291464322710233,2.738241363176453,1,69513.58213251494,2.251205001107221,107.73791424762145,84,2,1
33.99201000307916,3.666455122218644,1,38086.08476922336,1.621379983554475,112.0906267802629,28,1,1
41.65217335488367,0.3698093689570259,0,65918.53680075008,6.456992628252332,76.78484179422749,82,2,2
22.825615385776274,3.2603190843977323,1,33387.21207717352,8.454386959464435,62.91481119172759,8,2,0
24.813691744022158,4.677757428261116,1,55709.33853579811,3.570071950004948,33.13270481606307,32,0,1
17.24125536265536,4.884467322831472,0,92481.13703849756,9.162685249301834,39.59490647476314,90,2,1
10.066591794100631,3.315969796984156,1,114256.91760119528,3.6005894138796957,31.996018923705165,45,0,1
12.180592456954802,2.763762076974147,0,63902.54682868423,6.290703634774069,28.849377708067948,13,0,0
27.519080835764406,3.61163655359898,1,117881.4839512452,1.5542066382270603,10.97986539255352,85,2,1
28.43700863169666,2.4827401027933202,0,57477.550883749595,5.328025513162492,51.61537699283811,35,1,2
35.29424590391068,1.3445768056438734,1,85066.74254234413,0.46494611172773637,107.48300710450282,28,1,1
47.131475615009656,2.4718905088519985,0,101684.58598079579,5.810456266600356,95.10320818835643,7,2,1
10.179413011207927,4.896141445947813,1,57861.120049220866,3.600848531399361,14.217510388055166,26,0,0
26.705721399996055,1.1155074749696015,1,47032.26939472889,9.48264017848894,0.9351668889977027,58,1,1
47.38487288485304,2.7514095599522417,0,62946.49310238646,8.49372672433645,13.454343225959931,99,0,1
48.21069460078996,3.61163655359898,1,117355.88015138562,2.188297985720813,10.97986539255352,91,2,1
36.656923483256655,2.308608237968879,0,84634.56062546073,8.14196468401186,0.4626454557594162,66,1,1
20.710802970352454,2.6917161703814503,1,85796.38272525082,6.066372567914184,50.35707155932771,17,2,2
26.583399087130182,3.7333990207455052,0,39429.68855738281,1.8531438330725494,13.700813392277006,98,1,2
31.244532972329765,3.7239490980014063,1,57850.4281111377,8.590329831560163,15.102525499202969,7,1,0
16.463676522392692,0.15496272623096385,0,90296.93747999072,5.953474124807717,73.59051317005667,95,2,2
24.789532561320947,0.47635617675409336,1,45853.68420384867,8.183804052060978,3.53492038197453,8,1,0
10.5418015458898,2.552729333460172,1,64136.363754230704,0.0045379907316047685,5.114320903384279,17,2,2
26.69245979288059,3.5642914412697397,1,55732.040746949904,9.574653802598373,13.573160880940092,5,0,2
16.423730732070474,0.5499033309234571,0,90280.18131011455,5.953474124807717,34.944046641783075,94,2,1
25.184808541052384,2.7511419449168644,1,37711.4564422928,8.142228853387715,110.08849094045894,67,1,1
12.457160637725767,2.612372365167362,1,77729.39275631201,0.008170796731188368,4.596998093071432,1,0,1
31.244532972329765,3.7239490980014063,1,54413.28834965318,8.599470103165887,19.746148353275835,7,1,0
33.99201000307916,3.6736809179054073,1,55745.13092641622,1.7238284474780587,34.82122915818957,30,1,1
20.6836501587219,2.2659766439575986,1,77729.39275631201,0.48750503110328225,4.596998093071432,8,2,0
16.655118872128153,3.5642914412697397,0,54869.97348495328,6.0366586448115305,13.573160880940092,5,2,2
33.99201000307916,3.6961485609737164,1,85096.50545678231,1.621379983554475,112.0906267802629,29,1,1
10.072209997134507,2.552729333460172,1,64136.363754230704,0.0017937516009005616,5.114320903384279,17,2,2
26.69245979288059,3.6838784967810403,1,50441.573113425366,8.49252387982957,17.26192450038996,8,0,1
26.753191404812696,1.1155074749696015,0,47987.123181636176,9.48264017848894,13.676163890837847,15,1,1
24.51604824705913,3.212217878375902,1,44997.50101780009,5.589294268669077,0.698829812361975,8,1,0
33.8134485580392,1.3445768056438734,1,82459.42137249581,1.5826138175117588,107.48300710450282,28,1,1
27.519080835764406,3.61163655359898,1,117881.4839512452,0.37682726207566963,10.97986539255352,89,0,1
24.789532561320947,0.47635617675409336,1,45793.37523457552,8.183804052060978,3.004998814947758,8,0,0
26.128663898579987,2.6917161703814503,1,85796.38272525082,6.222849029862746,12.508002785436947,17,2,2
19.381416100849272,2.4147455357758876,1,77927.04402257412,1.6439413595626264,15.11303252334761,2,0,0
10.066591794100631,3.315969796984156,1,114256.91760119528,3.6005894138796957,31.996018923705165,45,0,0
25.184808541052384,2.7511419449168644,1,38721.365461565496,8.133088581781992,105.3957796371891,67,1,1
24.813691744022158,4.670525791255661,1,38050.29237860602,3.4676234903137497,110.33777171801589,32,0,1
21.70845181286657,3.2983566042464574,1,38207.79344514671,8.183804052060978,63.16052352988483,13,0,0
26.461072005126226,0.5499033309234571,1,91142.24836079383,9.4896092551964,34.944046641783075,94,0,1
31.19247930998689,3.761494482108838,1,59698.998869644136,8.551143041152546,30.940822715527176,7,0,1
33.19766704003227,1.2436410333682066,0,48055.20506611088,8.459125512118797,22.977734220358002,19,1,1
22.825615385776274,3.2603190843977323,1,33387.21207717352,9.699689940746094,62.91481119172759,0,2,0
12.207924205822557,2.552729333460172,0,64136.363754230704,8.287568272041705,29.076759791894148,17,2,2
35.47280734895064,1.3445768056438734,1,85068.17115663912,0.42801767260800794,112.95900616208131,30,1,1
16.513253275717943,4.896141445947813,1,57861.120049220866,3.600848531399361,3.5012506803853096,25,2,0
12.180592456954802,2.763762076974147,0,63902.54682868423,6.290703634774069,28.849377708067948,13,1,0
20.699104835186596,4.959379806828045,1,57861.120049220866,3.6002676296461864,52.06700836491366,26,2,0
32.37858142442197,2.313235802791317,0,46220.752686250155,6.85617391144447,114.34223144643157,11,2,2
30.04149523250048,4.215361123075868,1,55732.040746949904,3.6687912054989162,14.253690265648245,0,0,1
30.04149523250048,3.666378361076653,1,55732.040746949904,3.6687912054989162,14.253690265648245,0,0,1
24.789532561320947,0.4924324194287952,1,45798.35594223921,8.187818563659247,3.004998814947758,8,0,0
24.51604824705913,1.3448081767827977,1,43296.55096807078,5.380226536860673,101.13156490464527,18,1,1
24.77972365598668,0.47635617675409336,1,34232.105378700995,8.183320812722151,3.53492038197453,66,1,1
16.47986592910003,4.896141445947813,1,58632.19609054627,3.4695076500897972,3.1921766297942646,25,2,0
26.69245979288059,2.703291434171764,1,55732.040746949904,9.574653802598373,64.23048067735537,5,0,2
12.180592456954802,3.7351400063698446,0,78853.70087580869,6.290703634774069,28.849377708067948,13,1,0
10.154096813726575,4.676239013367964,1,55709.33853579811,3.3306671680091116,34.05099066117042,32,0,1
17.249931614685526,2.2659766439575986,1,77729.39275631201,0.9264491151380303,60.44812941099933,13,0,0
35.99472977196573,3.660357457466917,1,85096.50545678231,1.6438085484676677,10.235419611446261,30,1,0
20.699104835186596,4.959379806828045,1,57764.810750455144,3.3798869005427976,52.06700836491366,26,2,0
10.681372629868719,2.5535816694546614,1,64109.9691435782,0.008084946870282245,4.621341983778584,17,2,0
22.997248122979105,1.3379657737666322,1,82459.42137249581,1.6765692289501835,107.48300710450282,28,1,0
10.179413011207927,4.896141445947813,1,58459.36031436594,3.600848531399361,14.217510388055166,26,0,0
26.69245979288059,3.6852058911015004,1,55732.040746949904,9.557006194902332,17.83821987413663,0,0,1
31.19247930998689,4.234733875090687,1,55800.122631424616,8.551143041152546,38.84397450750109,7,0,1
31.346550412141685,1.2275648189454273,0,48050.22435844719,8.455111000520526,21.911146860675334,16,1,1
35.29424590391068,3.2119865246594905,1,86767.6922013701,0.6792008865376151,8.507994449561046,38,1,0
25.19461744638665,2.7511419449168644,1,46192.89955023981,8.14271209272654,110.08849094045894,9,1,0
24.84707913679086,4.670525791255661,1,37279.21633730151,3.5878431211225243,110.33777171801589,32,0,1
20.323802065332018,3.1435515738515836,1,33387.21207717352,8.454386959464435,12.260112925341453,8,2,0
31.115214980739704,2.7525711685774437,1,57850.4281111377,8.590329831560163,15.630164150410929,7,1,0
25.020591075999572,2.6134714822325718,1,77729.39275631201,0.008170796731188368,3.7024678262898565,9,0,1
22.779900329579043,3.2603190843977323,1,33387.21207717352,9.699689940746094,7.145707431698515,0,2,0
17.378746671506008,2.439826189373729,1,77759.1556707502,1.7096495072204148,111.90127126001812,10,0,1
26.753191404812696,1.1155074749696015,0,48083.4324804019,9.667143658189332,13.676163890837847,15,1,1
12.180592456954802,2.7629097409796572,1,77755.7873669645,0.0018796782432993027,5.089977012677125,13,0,2
33.64181582150021,3.304967668911187,1,38207.79344514671,7.333035994270342,63.16052352988483,8,2,1
20.6836501587219,2.2659766439575986,1,77131.15249116608,0.48750503110328225,4.596998093071432,8,2,0
26.69245979288059,3.3038355710392073,1,50881.56976588821,8.510169963092112,16.793342062061672,8,0,1
34.18319552149377,2.0436666634488683,1,87558.78153681735,9.9712065574137,7.300290020385796,90,2,1
39.87745698247666,2.5887485359348856,1,88491.647400196,6.365731366207454,21.546025678722028,87,0,1
39.76587315333077,0.5851994173753317,1,54699.12542079104,1.1599595947452979,90.10863229123923,82,0,2
32.0626960505538,4.0700325962505595,1,82252.62048732056,3.173934565126827,109.04454296626378,86,1,0
47.139660793480836,2.489337041662561,0,100482.61409409247,6.297575886283645,93.04711877843994,7,2,2
47.828502476003216,1.2413959744333596,1,35511.32913578505,8.712110779231333,34.175972352222246,81,2,1
44.99478649078705,3.883430780004342,1,91589.54707152485,4.212060351689631,59.58519057264046,95,1,2
24.865745406364912,4.896141445947813,1,57861.120049220866,3.6093353971665,14.217510388055166,26,2,0
20.710802970352454,2.6917161703814503,0,64136.363754230704,6.066372567914184,50.35707155932771,17,2,2
31.19247930998689,3.685751113103918,1,55800.122631424616,8.551143041152546,30.940822715527176,7,0,1
36.172408503682945,4.9638034442418135,0,45010.28699217002,1.9511318878204176,3.7941617133347716,80,1,0
16.423730732070474,0.15063748187661985,0,90280.18131011455,5.953474124807717,34.944046641783075,95,1,1
32.37858142442197,2.9948882618338564,1,47048.40420141656,6.160283262114215,111.4064262287671,60,2,2
27.55793012408667,4.836476388957934,0,21788.420325529994,4.751537926442202,63.685651277586075,61,1,2
10.066591794100631,0.5866828692165843,1,94537.05820799829,3.6005894138796957,32.86241735048176,79,0,1
26.753191404812696,1.1155074749696015,0,47987.123181636176,9.48264017848894,13.676163890837847,0,1,1
25.995955728759768,2.7511419449168644,1,69513.58213251494,8.16405440865765,107.73791424762145,84,0,1
48.535570251281214,3.61163655359898,1,117881.4839512452,1.5542066382270603,10.97986539255352,91,2,1
12.180592456954802,2.763762076974147,1,77729.39275631201,0.008170796731188368,4.596998093071432,13,0,0
47.141841340215336,2.7385089782118306,0,62946.49310238646,2.581175444027134,13.454343225959931,99,2,1
46.33277969688907,0.2576941473718075,0,34084.591592713776,4.228336674460453,90.31527609303215,85,1,0
33.99201000307916,3.6961485609737164,1,85096.50545678231,1.621379983554475,112.0906267802629,28,1,1
17.489161898188755,1.6035075496140938,1,115251.10912468129,3.3781960280007173,11.482538067652541,48,0,1
41.65217335488367,0.3698093689570259,1,85007.7739320508,6.805715877174788,76.53832717236052,82,1,2
16.46086762191899,4.792341597063236,0,92396.41721037443,7.39312479773845,78.2413729094673,90,2,2
22.825615385776274,3.2983566042464574,1,38207.79344514671,8.183804052060978,63.16052352988483,8,2,0
36.656923483256655,2.2789148003963264,0,37624.140130909036,8.14196468401186,0.4626454557594162,66,1,1
27.00941203365289,3.663257334235883,0,42939.317456906545,3.227782559936032,83.07795227219238,44,1,2
28.43700863169666,2.389450154509717,0,57477.550883749595,5.328025513162492,51.61537699283811,34,2,2
22.12628901495126,0.6236066665295564,1,107196.2840197752,7.379230062898781,111.80036340192503,82,2,0
38.78358856238907,0.6179088851875885,1,54699.12542079104,1.1940198702685878,86.3025062823819,83,2,2
43.10318567639548,2.7385089782118306,0,92065.3692648203,2.581175444027134,13.454343225959931,98,2,1
40.15053654407406,0.40076705318067085,1,85096.50545678231,6.872335992572867,112.0906267802629,28,1,1
12.148575792773705,2.7233055541699014,1,94537.05820799829,3.6406019331775377,32.86241735048176,79,0,1
47.139660793480836,1.9813458857435338,0,100482.61409409247,6.668575612815005,1.2873847279558106,7,2,2
25.962625257952148,2.7511419449168644,1,70351.30767818847,8.16405440865765,111.39953088960318,59,2,1
27.00941203365289,3.663257334235883,0,92872.9402838081,3.48445605623827,78.25676839451026,43,2,2
17.912896212964327,3.2983566042464574,1,38207.79344514671,7.724277734794848,65.853980650092,8,2,0
39.87745698247666,2.5887485359348856,0,34886.337679316806,6.3246032119407625,20.09217460076912,87,1,1
46.958389351177864,3.612475763386886,1,117881.4839512452,1.5292535860519776,10.97986539255352,88,2,1
32.02344186202321,4.0700325962505595,1,21427.915723440812,3.173934565126827,109.04454296626378,86,1,2
38.135865247496575,4.9638034442418135,0,48281.18861620765,1.9511318878204176,2.388287836873353,80,1,0
28.3924668394577,2.0436666634488683,1,56589.363582558435,9.31998976323536,7.300290020385796,29,2,1
22.12628901495126,0.6236066665295564,1,107196.2840197752,5.6295954793972385,111.80036340192503,82,2,0
44.99478649078705,3.885806617718832,1,91589.54707152485,6.011654320361756,51.02811657313356,96,1,2
24.865745406364912,4.7272353099325475,1,57861.120049220866,3.6093353971665,18.030107397150203,25,0,0
20.440243783373703,0.15063748187661985,0,61161.30508752049,5.953474124807717,34.944046641783075,95,1,1
33.847315425686894,3.6672617451210305,1,85007.7739320508,1.554829425951743,76.53832717236052,82,1,2
10.111872408262121,0.6271724814272497,1,77729.39275631201,0.048719818994412245,4.596998093071432,13,0,0
36.19263941022065,2.4892788525197638,0,37624.140130909036,6.826616987524926,94.12168249778549,73,1,1
32.41191189522962,2.9948882618338564,1,47048.40420141656,6.160283262114215,107.74480958678531,85,0,2
16.46086762191899,4.792341597063236,0,42462.7861785695,7.13645118863457,95.34375829934523,94,1,2
28.17415675380458,3.685751113103918,1,55800.122631424616,8.183123762092237,30.940822715527176,6,0,1
46.33277969688907,0.24154049891116525,1,92618.31433099878,4.269464828725763,91.77031768833882,85,0,0
18.957095904498587,1.602668317485655,1,115251.10912468129,3.40314908762519,11.482538067652541,48,0,1
27.59718431261725,4.836476388957934,0,82613.35427236476,4.8762422681488555,59.83178996125537,61,1,0
26.753191404812696,1.1155074749696015,0,40224.53312664206,9.48264017848894,13.676163890837847,0,1,1
34.22773731373272,1.8916666829224307,0,88446.96881752858,5.923147520237173,51.6908825200925,94,2,2
47.828502476003216,1.2413959744333596,1,31607.205550059232,8.874594175107624,34.175972352222246,84,2,1
19.69169404593788,2.7083766430459715,0,64136.363754230704,4.987628033966168,59.63646981204336,23,2,2
34.96160555930313,3.8962008252989877,0,68310.99955426269,1.621379983554475,59.854206156823736,28,1,1
26.790527407901152,2.6357952903570165,1,75947.80517293776,8.233998174306343,10.433743478758736,84,1,1
27.514881277033435,3.3944328838208144,1,54699.12542079104,3.3513525461820306,86.3025062823819,83,2,2
11.931533307915203,2.1284868862554918,1,55376.12786417578,3.6406019331775377,45.34608718443157,79,0,1
47.95461254046408,2.489337041662561,0,94442.877569438,6.297575886283645,93.04711877843994,7,2,2
41.65217335488367,0.3698093689570259,1,82810.86864142674,6.805715877174788,70.32998720286629,82,1,2
31.54009789642021,3.7055300102457807,0,64136.363754230704,6.139988940236201,50.65133602023397,17,2,2
47.141841340215336,2.7385089782118306,0,62565.77621586519,2.581175444027134,13.454343225959931,96,2,1
28.43700863169666,2.389450154509717,0,57477.550883749595,5.328025513162492,13.591992346914317,34,1,2
10.111872408262121,3.417432607901393,1,68138.64174470295,0.02306078527962785,4.596998093071432,13,0,0
27.033815399981968,3.6721848726868846,0,91599.59534271827,8.231985483735247,69.84759900968868,6,0,1
16.90177857975407,1.6147896563254798,1,114372.24707132344,3.3565290588798797,51.02811657313356,98,1,2
25.960935519313598,2.845268675469451,1,57861.120049220866,3.814418779801935,17.300790743573245,59,0,0
19.001004073553247,3.4266123411654923,1,115251.10912468129,3.40314908762519,11.482538067652541,9,2,1
19.69169404593788,2.7083766430459715,1,85288.17265104466,4.987628033966168,111.86086810131172,23,2,2
25.958619725671312,1.1556954383418092,0,48067.08929277956,9.412694674584316,110.92211193260027,0,0,1
38.278119312541406,0.886900248766874,0,42939.317456906545,1.1206388490109953,83.07795227219238,44,1,2
24.01187285714686,2.7321534675421537,1,95750.29054523804,9.31998976323536,7.300290020385796,29,2,1
10.066591794100631,0.5866828692165843,1,94537.05820799829,3.6005894138796957,37.012066670036035,79,0,1
22.825615385776274,3.349816028105543,1,40404.69856828313,8.183804052060978,63.16052352988483,8,2,0
20.363184398666675,2.671937273193965,1,55800.122631424616,8.465658877365989,25.259243716014666,7,0,1
33.17925637392871,0.40076705318067085,1,85477.22234319171,6.872335992572867,112.0906267802629,31,1,1
26.753191404812696,1.1155074749696015,0,40224.53312664206,9.48264017848894,51.699663904823055,0,2,1
12.180592456954802,0.5819731894021194,1,77729.39275631201,0.008170796731188368,4.596998093071432,13,0,0
33.52243977709035,3.6672617451210305,1,85007.7739320508,1.554829425951743,76.53832717236052,82,1,2
28.149753387475506,3.6870807066529325,1,55635.26825802977,3.435580451092289,34.537978889734305,41,2,2
46.29929709051068,3.874523887595191,1,92466.86080123526,6.033321289566592,11.482538067652541,45,0,1
24.867435145003466,4.8140181123671395,1,70351.30767818847,8.16405440865765,116.7444799841131,25,2,1
17.868988043909667,1.4744125914605992,1,38207.79344514671,7.724277734794848,65.853980650092,44,0,0
10.066591794100631,0.5866828692165843,1,94537.05820799829,2.5786997007435586,32.86241735048176,79,0,1
34.205648271234445,3.6672617451210305,1,84249.25234493378,1.554829425951743,3.5033471702141625,20,1,2
12.148575792773705,2.7445569085721058,1,94537.05820799829,2.571968619617569,50.76264858349578,0,0,1
23.450198927919008,3.2287441665407823,0,40140.60610689273,8.183804052060978,59.77751534684895,28,2,0
20.213495691098746,3.2983566042464574,1,37768.19999609871,7.7028414363855955,25.827525044977744,8,2,0
12.169217219353765,0.5819731894021194,1,77301.8156485162,0.034989220194083126,56.876405398033285,13,2,0
24.867435145003466,4.853027442788415,1,70351.30767818847,8.16405440865765,52.080727307797105,34,2,1
31.19247930998689,3.685751113103918,1,55800.122631424616,8.551143041152546,30.940822715527176,56,0,0
16.490886631662416,0.4142843737872871,1,38207.79344514671,7.724277734794848,65.853980650092,45,0,0
19.001004073553247,3.4266123411654923,1,115251.10912468129,2.871190626690159,7.41451824231286,8,0,1
26.96304398681095,3.685751113103918,1,56629.55051386575,8.183123762092237,30.940822715527176,0,0,1
28.283959738865526,3.6868544397621315,1,85096.50545678231,1.4250978771639866,110.98198264658143,28,1,1
10.111872408262121,3.154701981529561,1,63130.18837210111,0.2722307002388211,0.6767580256800443,13,0,0
27.71089731924966,1.1155074749696015,1,47987.123181636176,9.48264017848894,9.025940623676627,0,1,1
22.650301920620908,3.6721848726868846,0,30886.8252663812,8.231985483735247,69.84759900968868,6,2,1
10.925234853884431,0.2508868986590481,1,77729.39275631201,0.048719818994412245,75.44533099692468,75,0,0
26.4429509318799,1.1155074749696015,0,23722.433964921205,9.48264017848894,33.79943267181878,83,2,1
34.33702201896961,3.3453033690312037,1,68575.09201591143,1.621379983554475,63.23721433985961,8,1,1
18.062584920532256,2.671937273193965,1,56239.71608047484,8.487095175775037,65.28570080707235,7,0,1
19.703154560623428,2.7083766430459715,0,64563.940862026495,4.7450443627247285,7.423735564240843,23,0,2
28.43700863169666,2.3374805082601053,0,57477.550883749595,5.328025513162492,116.04873859091524,25,2,2
25.960935519313598,2.845268675469451,1,57861.120049220866,3.714384625920707,17.300790743573245,10,0,1
42.76877935912133,1.4608974521236657,1,85096.50545678231,7.028747702095931,112.0906267802629,37,1,1
10.066591794100631,0.5866828692165843,1,94537.05820799829,2.5786997007435586,32.86241735048176,85,2,1
12.180592456954802,2.763762076974147,1,77729.39275631201,0.008170796731188368,4.76496116056492,13,0,0
36.53807250960619,3.6963748278645174,1,52283.559068455674,3.435580451092289,35.5854425531478,53,2,2
19.69169404593788,2.7083766430459715,1,85094.9854949445,4.818620704445383,118.26092069080596,23,2,2
24.865745406364912,4.7272353099325475,0,59681.878867519445,3.6093353971665,18.030107397150203,25,0,0
27.209128865137345,3.4608269163977705,1,99076.98328860739,8.183804052060978,63.16052352988483,8,0,0
28.3924668394577,2.0436666634488683,1,56589.363582558435,9.528472247664546,7.300290020385796,29,2,1
10.066591794100631,2.609329138825749,1,78158.3640805674,2.803496334407867,32.44025987895296,79,0,1
23.319271766084874,3.2983566042464574,1,38207.79344514671,8.560258680741962,32.25535080482954,8,2,0
17.485399676079105,3.685751113103918,1,63496.158205827895,8.183123762092237,30.800389310217966,8,2,1
26.939474767687045,3.711116459510577,0,91599.59534271827,8.231985483735247,65.48317441135336,7,0,1
34.20168236567387,1.0410498438308582,1,84249.25234493378,1.554829425951743,2.894142315302709,0,1,2
18.062584920532256,2.671937273193965,1,56642.09547886674,8.48060764269871,65.28570080707235,7,0,1
21.89183136640845,3.349816028105543,1,40404.69856828313,7.538530492832722,63.16052352988483,46,2,0
17.741012220286002,1.5123848382341984,1,60555.063272555846,7.768044679003803,65.853980650092,9,0,0
12.180592456954802,2.7078124766600817,1,77773.8887052297,0.1529478201703225,4.596998093071432,14,0,0
10.111872408262121,1.3974393360142376,1,63218.907697860166,0.2722307002388211,112.07938932554745,13,1,0
11.51709237309135,3.4608269163977705,1,99076.98328860739,0.1580135558484641,5.473785454661996,8,0,0
40.15053654407406,3.1329323723608318,1,85096.50545678231,6.872335992572867,110.15586232453295,14,0,1
26.93932243398381,1.1155074749696015,0,47987.123181636176,0.04257023026631668,6.120309969816846,12,1,1
34.33702201896961,3.3453033690312037,1,77934.20304090186,1.621379983554475,1.1956343033640824,8,1,1
20.418424808411306,3.2999271943623762,1,39646.28962483299,7.7028414363855955,29.65335370154091,8,2,0
30.698822929698803,3.685751113103918,1,55800.122631424616,8.174688412471562,61.84599545706391,2,0,1
28.60165364417402,3.2983566042464574,1,38412.27365920937,7.724277734794848,65.99441411277024,6,0,0
20.45752503097705,2.633005686276675,1,55800.122631424616,8.510660936155151,24.070332721719364,6,0,1
27.266296338110607,3.615246020459076,0,40224.53312664206,9.48264017848894,52.5066691751514,20,2,1
25.869041344290284,3.685751113103918,1,56227.17111547385,8.189611295168566,30.188023081137874,0,0,1
16.490886631662416,0.4142843737872871,1,38207.79344514671,7.7437144235724915,65.853980650092,7,0,0
25.960935519313598,2.807296428907316,1,35513.85022216758,3.714384625920707,17.300790743573245,45,0,1
19.69169404593788,0.5825681013242678,1,85243.67670212695,5.049449074966241,111.86086810131172,22,2,2
42.76877935912133,3.2181601127188815,1,85007.78613098375,7.028747702095931,2.2991527169942927,44,0,1
26.404575626040387,0.6271724814272497,1,77729.39275631201,8.210903684265425,62.37212222624977,13,0,0
12.148575792773705,2.7445569085721058,1,94537.05820799829,2.958140586550047,50.76264858349578,0,0,1
12.180592456954802,0.08324825768716337,1,77729.39275631201,0.008170796731188368,6.958275922088333,27,1,0
10.244083450520879,3.725341116069504,1,69989.30910531394,9.743342990372234,5.358603629194625,4,0,0
12.180592456954802,2.763762076974147,1,68133.2641595093,0.005952665560048365,65.12646863641474,13,0,0
16.216158710533094,0.5805489834127533,1,75423.72603542724,0.0006376157728931187,56.84705337173389,13,2,0
19.670303220428845,2.657718253762313,1,91329.0168468633,8.349759531338936,111.86086810131172,23,2,2
34.18319552149377,2.0436666634488683,1,87558.78153681735,9.9712065574137,7.300290020385796,90,2,1
39.87745698247666,2.5887485359348856,1,88491.647400196,6.365731366207454,21.546025678722028,87,0,1
39.76587315333077,0.5851994173753317,1,54699.12542079104,1.1599595947452979,90.10863229123923,82,0,2
32.0626960505538,4.0700325962505595,1,82252.62048732056,3.173934565126827,109.04454296626378,86,1,0
47.139660793480836,2.489337041662561,0,100482.61409409247,6.297575886283645,93.04711877843994,7,2,2
47.828502476003216,1.2413959744333596,1,35511.32913578505,8.712110779231333,34.175972352222246,81,2,1
44.99478649078705,3.883430780004342,1,91589.54707152485,4.212060351689631,59.58519057264046,95,1,2
24.865745406364912,4.896141445947813,1,57861.120049220866,3.6093353971665,14.217510388055166,26,2,0
20.710802970352454,2.6917161703814503,0,64136.363754230704,6.066372567914184,50.35707155932771,17,2,2
31.19247930998689,3.685751113103918,1,55800.122631424616,8.551143041152546,30.940822715527176,7,0,1
36.172408503682945,4.9638034442418135,0,45010.28699217002,1.9511318878204176,3.7941617133347716,80,1,0
16.423730732070474,0.15063748187661985,0,90280.18131011455,5.953474124807717,34.944046641783075,95,1,1
32.37858142442197,2.9948882618338564,1,47048.40420141656,6.160283262114215,111.4064262287671,60,2,2
27.55793012408667,4.836476388957934,0,21788.420325529994,4.751537926442202,63.685651277586075,61,1,2
10.066591794100631,0.5866828692165843,1,94537.05820799829,3.6005894138796957,32.86241735048176,79,0,1
26.753191404812696,1.1155074749696015,0,47987.123181636176,9.48264017848894,13.676163890837847,0,1,1
25.995955728759768,2.7511419449168644,1,69513.58213251494,8.16405440865765,107.73791424762145,84,0,1
48.535570251281214,3.61163655359898,1,117881.4839512452,1.5542066382270603,10.97986539255352,91,2,1
12.180592456954802,2.763762076974147,1,77729.39275631201,0.008170796731188368,4.596998093071432,13,0,0
47.141841340215336,2.7385089782118306,0,62946.49310238646,2.581175444027134,13.454343225959931,99,2,1
46.33277969688907,0.2576941473718075,0,34084.591592713776,4.228336674460453,90.31527609303215,85,1,0
33.99201000307916,3.6961485609737164,1,85096.50545678231,1.621379983554475,112.0906267802629,28,1,1
17.489161898188755,1.6035075496140938,1,115251.10912468129,3.3781960280007173,11.482538067652541,48,0,1
41.65217335488367,0.3698093689570259,1,85007.7739320508,6.805715877174788,76.53832717236052,82,1,2
16.46086762191899,4.792341597063236,0,92396.41721037443,7.39312479773845,78.2413729094673,90,2,2
22.825615385776274,3.2983566042464574,1,38207.79344514671,8.183804052060978,63.16052352988483,8,2,0
36.656923483256655,2.2789148003963264,0,37624.140130909036,8.14196468401186,0.4626454557594162,66,1,1
27.00941203365289,3.663257334235883,0,42939.317456906545,3.227782559936032,83.07795227219238,44,1,2
28.43700863169666,2.389450154509717,0,57477.550883749595,5.328025513162492,51.61537699283811,34,2,2
22.12628901495126,0.6236066665295564,1,107196.2840197752,7.379230062898781,111.80036340192503,82,2,0
24.865745406364912,4.902079946863344,1,56052.03221391709,3.6093353971665,9.803437286447485,62,2,2
27.036316961467,2.4682237762413566,1,94537.05820799829,3.6402131198274335,32.86241735048176,79,0,1
12.180592456954802,2.5065592125817346,1,77729.39275631201,7.2422336084359875,112.84329438069557,13,2,0
27.00941203365289,3.6854104435020414,0,42939.317456906545,3.600288329434399,83.65865681631004,45,1,2
26.753191404812696,1.1155074749696015,0,44975.67866701948,9.48264017848894,14.514178158434605,0,1,0
27.458542584908884,1.2322391559661487,1,47026.71910240494,6.160283262114215,111.4064262287671,81,2,2
41.67034832492831,0.5851994173753317,1,54795.60194063869,1.1599595947452979,77.374545955684,82,1,2
17.489161898188755,1.7157351288395324,1,105323.87215114932,3.3781960280007173,98.08962411436995,51,2,1
35.225534272520136,2.0436666634488683,1,32953.0537990985,9.875509253285827,88.7176636184915,92,1,1
47.141841340215336,3.2719004938104224,0,62946.49310238646,2.581175444027134,12.775973160272422,99,2,0
36.63770937875437,2.586048668268842,1,88491.647400196,6.365731366207454,21.546025678722028,87,0,1
35.72748392548313,0.09430034441890556,0,69291.56484631852,5.953474124807717,34.944046641783075,95,1,1
16.00026986542717,4.064433589802709,1,92396.41721037443,7.39312479773845,105.0963980768879,77,2,2
44.99478649078705,3.883430780004342,1,91589.54707152485,6.100640884810186,60.044221933700975,16,2,2
48.535570251281214,3.61163655359898,1,54688.129268207755,1.4301915683612487,50.4162779609872,92,2,2
27.55793012408667,4.836476388957934,0,23597.509775186678,4.751537926442202,63.685651277586075,25,1,0
10.04319345245342,0.8696254627551577,1,69513.58213251494,8.124425183636472,107.73791424762145,84,0,1
22.12628901495126,0.5832393678482317,1,107196.2840197752,0.2883182698569602,4.03004055064568,83,0,0
31.19247930998689,3.66359800383776,1,55800.122631424616,8.549591515843087,30.36012264829896,7,0,1
36.172408503682945,4.306129595998345,0,48021.73150678671,1.9511318878204176,16.09499465178984,80,1,1
47.828502476003216,3.004045108089243,1,35533.01423479668,8.712110779231333,34.175972352222246,78,2,1
39.74769818328613,0.3698093689570259,1,75859.34515923428,6.805715877174788,89.2724135079154,82,0,2
47.139660793480836,2.464857332444245,0,100482.61409409247,5.9764207198188295,11.35843980341334,4,0,2
47.2522495983394,0.2576941473718075,0,88690.31669724999,4.225936654715024,8.992712288338154,85,2,0
22.825615385776274,2.764965088647866,1,38207.79344514671,8.183804052060978,63.84052817874917,8,2,1
39.896671086978934,2.28161466806237,0,39120.0936920697,8.14196468401186,0.21200495769232663,66,1,1
11.507864796205917,3.6961485609737164,1,85096.50545678231,1.6276721109536385,112.0906267802629,28,1,1
32.52336023972897,4.797928149992797,0,78344.97068875244,3.173934565126827,82.18945165228345,86,1,0
21.40628329517249,2.6917161703814503,0,64136.363754230704,4.2379841070421564,47.29401891581441,96,1,2
28.43700863169666,2.7498747308973344,0,117815.65766261221,5.339838075013866,13.094356865373122,33,2,1
31.770230418037112,3.7288276536913005,1,28072.95765452683,9.49478692278255,13.551389937325311,12,0,1
47.139660793480836,2.3944518525958074,0,106714.71822627282,6.081370603790008,94.10226261743023,3,2,2
27.775709391149817,1.1255931749907186,1,117881.4839512452,1.5542066382270603,10.97986539255352,1,1,1
33.99201000307916,3.7896168234200935,1,85096.50545678231,1.621379983554475,118.51933260666623,28,1,1
18.593629526416223,1.6035075496140938,1,109211.37260002682,3.3781960280007173,11.482538067652541,47,0,1
44.99478649078705,3.886767635688782,1,90148.18219781369,4.212060351689631,77.2734085089123,98,1,2
47.16308727814785,2.5065592125817346,1,77729.39275631201,7.2422336084359875,112.84329438069557,13,2,0
24.865745406364912,4.902079946863344,1,56013.70874514289,3.6093353971665,9.803437286447485,69,2,0
22.825615385776274,3.2983566042464574,0,38207.79344514671,5.293299273627641,63.16052352988483,8,2,0
31.19247930998689,4.28929996703808,1,46209.42128527709,5.657106760646254,30.940822715527176,85,2,2
21.46614378692085,4.788142445716485,0,25007.894215785225,4.748999278192905,47.12351271112674,61,1,2
26.64420477197557,4.889132572928878,1,91483.82103401807,3.4663417519707904,27.68689566174338,90,0,1
28.296702953950994,4.830114371029479,0,23167.48289842022,0.008432592529374894,63.685651277586075,25,1,0
47.141841340215336,4.284921632028033,0,62946.49310238646,2.786258826791669,12.775973160272422,99,2,0
22.85912567821288,1.8284400411089625,1,105323.87215114932,3.3781960280007173,97.67227589693844,7,2,1
27.14506178640351,1.250671263537198,0,77075.38338322291,8.537444574501299,31.32291105651173,0,1,0
44.99478649078705,3.903157288958084,1,91589.54707152485,6.316846167303824,58.98907764421537,16,2,2
47.470747607393314,3.601552020862366,0,47987.123181636176,9.515816904268622,13.676163890837847,91,2,1
10.166402444717715,3.6961485609737164,1,85096.50545678231,1.6276721109536385,112.0906267802629,28,1,1
39.76587315333077,0.5851994173753317,1,54699.12542079104,1.1599595947452979,94.24357868576367,83,0,2
27.00941203365289,3.7113074704753317,0,44380.679389098426,3.227782559936032,59.18139436038869,44,1,2
12.194839428380966,2.464857332444245,0,100482.61409409247,5.9645530838083225,6.962646146725355,4,0,2
17.899442858855814,4.896141445947813,1,57899.44351799506,3.6093353971665,14.217510388055166,19,2,2
28.43700863169666,2.389450154509717,1,57477.550883749595,8.21853011584863,51.61537699283811,34,2,2
27.458542584908884,1.2322391559661487,1,47026.71910240494,8.692463911704547,111.4064262287671,4,0,1
27.173195981796948,2.7366525143432234,0,60916.89676449572,4.240522755291455,63.85615748227377,96,1,2
16.85298024510601,2.355874931113351,0,94011.4544081387,7.566995768243901,78.61473149552286,79,2,2
12.180592456954802,2.76695508438305,1,78159.4795252748,5.110309104871229,4.596998093071432,13,0,0
32.0626960505538,3.238339366024223,1,82252.62048732056,3.173934565126827,114.85338967465023,86,1,0
17.45565160581474,2.6522601763794507,1,38207.79344514671,8.183804052060978,64.25787541352204,52,2,1
30.232074299185967,3.533640667285458,1,63954.427443334986,1.636478349260312,10.018075877381301,7,0,1
26.846919177818844,1.1155074749696015,0,47987.123181636176,8.242107983693485,59.4057682149809,0,2,1
27.458542584908884,1.2870308102666832,1,46906.620498143166,7.543811557378145,111.4064262287671,4,0,1
12.345816396600334,3.3006172883532643,1,49282.343201326956,8.183804052060978,64.36210512324499,8,2,0
12.180592456954802,2.76695508438305,1,83914.37613942778,5.110309104871229,4.596998093071432,13,0,0
22.825615385776274,3.2983566042464574,0,38207.79344514671,5.293299273627641,63.16052352988483,8,2,1
28.43700863169666,2.389450154509717,1,57477.550883749595,8.21853011584863,51.61537699283811,30,2,1
27.580013254497533,1.250671263537198,0,77075.38338322291,0.17507601926435434,31.32291105651173,0,1,0
47.21024118527802,3.7896168234200935,1,77512.34975626216,1.621379983554475,118.28542810800693,28,1,0
18.18434384936198,2.488866553589369,1,52059.78715101202,3.7741154709831948,14.217510388055166,13,2,0
44.99478649078705,3.8445259142567996,1,91440.97900191035,4.239148644192777,51.49095480126164,95,1,0
26.753191404812696,1.1155074749696015,1,40288.5296896328,9.48264017848894,24.70544548378589,1,0,0
27.381031066408486,4.788175546585728,0,89762.9791424325,7.896597336959548,78.23586353136629,24,2,2
31.181007735192455,3.6970479884489857,1,86644.56051981471,9.402139048302848,14.857727150479562,28,1,1
24.865745406364912,4.896141445947813,1,93117.94143290436,3.505693167892798,14.217510388055166,26,2,0
27.775709391149817,1.2777046417432667,1,117881.4839512452,8.4687516891812,31.902630655990663,1,1,1
22.731887612770127,2.764965088647866,1,38207.79344514671,9.424334679712796,14.088918531968282,8,1,1
16.85298024510601,2.355874931113351,0,94131.54727794627,8.715648122337681,78.61473149552286,79,2,2
22.537624165571437,2.7615013928673395,1,75720.30100227398,0.14904464777932058,3.6375177108943006,13,0,0
17.489161898188755,2.0704027549517265,1,115251.10912468129,3.3781960280007173,11.482538067652541,48,0,1
18.593629526416223,1.6035075496140938,1,103514.17354940558,3.3781960280007173,8.327921182181237,42,0,0
48.535570251281214,3.451610892157626,1,117881.4839512452,0.12545732238381402,10.97986539255352,95,2,2
25.03863631032186,4.830114371029479,0,23167.48289842022,8.542959425159104,63.685651277586075,25,1,0
34.830448880711955,2.5065592125817346,1,85313.54845683217,7.306257719421756,113.07710041753408,13,2,1
12.180592456954802,4.942182777417706,1,77685.42160239532,7.2422336084359875,112.99089611481254,19,2,2
35.74881330802935,4.0700325962505595,1,82401.18855693506,3.0126727166149774,109.04454296626378,86,1,2
31.19247930998689,3.5624697100696725,0,55800.122631424616,8.549591515843087,30.36012264829896,6,1,1
16.63776740314031,4.840642439435441,0,26231.10334259515,4.751537926442202,63.69116065568708,91,1,0
12.130329047539995,3.7279282262160316,1,26524.953050221888,1.7027274019432834,110.67355861516376,12,0,1
10.166402444717715,3.6961485609737164,1,55604.60573300545,1.7313143451252757,113.99022525406805,28,1,1
22.537624165571437,4.980778818393383,1,75720.30100227398,0.14904464777932058,4.486774916063148,13,0,0
31.19247930998689,3.243214570132322,1,55546.172018157034,8.549670199842318,30.36012264829896,25,0,0
26.753191404812696,2.374008673237504,1,40288.5296896328,3.8719074181398367,19.087448643970237,1,0,0
22.825615385776274,2.764965088647866,1,38207.79344514671,7.213585377685622,62.395810641714604,8,0,1
10.842944216023513,3.6814760786205567,1,38207.79344514671,9.424334679712796,14.088918531968282,14,1,1
26.753191404812696,1.024381608707817,0,78568.93486416327,9.48264017848894,17.63714511844138,2,1,1
12.283438157114222,1.2322391559661487,1,47026.71910240494,8.692463911704547,111.4064262287671,13,0,1
12.18112899187892,3.7279282262160316,1,26217.33127785601,1.7027274019432834,110.67355861516376,13,0,1
12.180592456954802,2.5065592125817346,1,78218.09616067712,7.2422336084359875,112.84329438069557,29,2,0
15.074750514716646,3.441735218452563,1,77729.39275631201,7.309510594290765,5.741846249745564,15,0,1
17.996977374378083,3.366137890652394,1,57899.44351799506,8.095077636530927,14.349219505938631,22,2,0
30.232074299185967,1.3163863350019722,1,63954.427443334986,1.5765441350688771,10.018075877381301,5,0,1
12.345816396600334,3.686937053874818,1,49282.343201326956,8.161951551764496,64.36210512324499,7,2,0
26.05168403207621,1.0939514828305024,0,44975.67866701948,7.257195301460316,13.73117519443111,12,2,0
28.43700863169666,2.389450154509717,0,57477.550883749595,8.21853011584863,64.36746977968416,6,2,1
27.55793012408667,2.6929539153006226,0,23597.509775186678,4.751537926442202,62.989286626287054,25,1,0
25.03863631032186,4.830114371029479,0,23167.48289842022,8.542880741159873,59.30580520345654,6,1,1
18.18434384936198,1.2760837146018869,1,52059.78715101202,9.37875482066693,14.217510388055166,13,2,0
31.782294974767833,3.7288276536913005,1,28072.95765452683,9.49478692278255,10.766837342711844,16,2,1
23.448707543834836,2.779637570993585,1,85096.50545678231,1.4795987630138085,112.0906267802629,6,1,1
27.580013254497533,1.1137909380229305,0,46493.571699799206,0.17507601926435434,31.32291105651173,0,1,0
27.359954491577,2.76695508438305,1,77922.70225603897,5.110309104871229,4.596998093071432,4,0,0
12.129792512615877,2.76695508438305,1,84222.03074617084,6.784147370482035,0.9090744114992555,9,0,0
10.166402444717715,3.6961485609737164,1,55115.902328628006,1.7313143451252757,113.99022525406805,11,1,1
34.830448880711955,2.5136816846611167,1,85313.54845683217,0.15223096648754453,112.16591200004848,13,2,0
22.728080870261678,4.825015141267616,1,38207.79344514671,3.6980558658068086,63.02931376528775,8,2,2
27.458542584908884,3.504285258123568,1,46653.8751501656,7.543811557378145,111.4064262287671,4,0,1
31.19247930998689,3.299431347582365,1,55800.122631424616,8.572995541449028,29.994772566317163,8,0,1
47.83311152437054,2.6106620666187417,1,77729.39275631201,9.467599030300295,112.84329438069557,3,1,0
31.19247930998689,3.5624697100696725,1,60627.00625464561,8.549591515843087,29.821223614330233,28,1,1
34.18319552149377,2.0436666634488683,1,87558.78153681735,9.9712065574137,7.300290020385796,90,2,1
39.87745698247666,2.5887485359348856,1,88491.647400196,6.365731366207454,21.546025678722028,87,0,1
39.76587315333077,0.5851994173753317,1,54699.12542079104,1.1599595947452979,90.10863229123923,82,0,2
32.0626960505538,4.0700325962505595,1,82252.62048732056,3.173934565126827,109.04454296626378,86,1,0
47.139660793480836,2.489337041662561,0,100482.61409409247,6.297575886283645,93.04711877843994,7,2,2
47.828502476003216,1.2413959744333596,1,35511.32913578505,8.712110779231333,34.175972352222246,81,2,1
44.99478649078705,3.883430780004342,1,91589.54707152485,4.212060351689631,59.58519057264046,95,1,2
24.865745406364912,4.896141445947813,1,57861.120049220866,3.6093353971665,14.217510388055166,26,2,0
20.710802970352454,2.6917161703814503,0,64136.363754230704,6.066372567914184,50.35707155932771,17,2,2
31.19247930998689,3.685751113103918,1,55800.122631424616,8.551143041152546,30.940822715527176,7,0,1
36.172408503682945,4.9638034442418135,0,45010.28699217002,1.9511318878204176,3.7941617133347716,80,1,0
16.423730732070474,0.15063748187661985,0,90280.18131011455,5.953474124807717,34.944046641783075,95,1,1
32.37858142442197,2.9948882618338564,1,47048.40420141656,6.160283262114215,111.4064262287671,60,2,2
27.55793012408667,4.836476388957934,0,21788.420325529994,4.751537926442202,63.685651277586075,61,1,2
10.066591794100631,0.5866828692165843,1,94537.05820799829,3.6005894138796957,32.86241735048176,79,0,1
26.753191404812696,1.1155074749696015,0,47987.123181636176,9.48264017848894,13.676163890837847,0,1,1
25.995955728759768,2.7511419449168644,1,69513.58213251494,8.16405440865765,107.73791424762145,84,0,1
48.535570251281214,3.61163655359898,1,117881.4839512452,1.5542066382270603,10.97986539255352,91,2,1
12.180592456954802,2.763762076974147,1,77729.39275631201,0.008170796731188368,4.596998093071432,13,0,0
47.141841340215336,2.7385089782118306,0,62946.49310238646,2.581175444027134,13.454343225959931,99,2,1
46.33277969688907,0.2576941473718075,0,34084.591592713776,4.228336674460453,90.31527609303215,85,1,0
33.99201000307916,3.6961485609737164,1,85096.50545678231,1.621379983554475,112.0906267802629,28,1,1
17.489161898188755,1.6035075496140938,1,115251.10912468129,3.3781960280007173,11.482538067652541,48,0,1
41.65217335488367,0.3698093689570259,1,85007.7739320508,6.805715877174788,76.53832717236052,82,1,2
16.46086762191899,4.792341597063236,0,92396.41721037443,7.39312479773845,78.2413729094673,90,2,2
22.825615385776274,3.2983566042464574,1,38207.79344514671,8.183804052060978,63.16052352988483,8,2,0
36.656923483256655,2.2789148003963264,0,37624.140130909036,8.14196468401186,0.4626454557594162,66,1,1
27.00941203365289,3.663257334235883,0,42939.317456906545,3.227782559936032,83.07795227219238,44,1,2
28.43700863169666,2.389450154509717,0,57477.550883749595,5.328025513162492,51.61537699283811,34,2,2
22.12628901495126,0.6236066665295564,1,107196.2840197752,7.379230062898781,111.80036340192503,82,2,0
32.35810403954624,4.0700325962505595,1,95291.74029773504,3.173934565126827,109.04454296626378,95,1,1
22.346356360457328,2.2481543163099578,0,107196.2840197752,7.370734690560205,111.80036340192503,83,2,1
38.29097254196124,3.2988171588126067,1,38207.79344514671,8.216265122416061,63.16052352988483,31,2,0
28.43700863169666,2.2511670779187654,0,57477.550883749595,5.328025513162492,0.10770284423045151,34,2,2
34.17745119120243,2.9948882618338564,1,47048.40420141656,6.160283262114215,13.895317830270649,61,2,2
46.33277969688907,0.2576941473718075,0,34436.97815555785,4.288874777853642,92.64613691896585,96,1,2
16.46086762191899,4.690067081681327,0,92396.41721037443,7.372044037685455,76.84852069057725,2,2,2
26.753191404812696,1.1155074749696015,0,47983.85796361845,8.538399708467445,30.124965508555295,11,0,1
17.345243330660722,1.5927571972619714,1,85007.7739320508,3.039610069710877,76.53832717236052,82,0,2
34.046135884120986,3.663257334235883,0,70562.33961828807,4.2528519712933015,83.07795227219238,44,1,2
47.828502476003216,1.2413959744333596,1,37970.651682612486,8.712110779231333,34.175972352222246,81,2,1
46.82161003997617,2.7385089782118306,0,57832.86141256153,3.578995786421858,13.454343225959931,98,2,1
39.68161920143262,2.2114583014358105,1,88491.647400196,6.044576199615456,21.546025678722028,89,0,1
48.790865299759005,3.61433001776744,1,117881.4839512452,8.15063372869723,106.55940929021475,91,2,1
27.87456660033594,4.593943855377482,0,23266.403833441153,4.736809519314507,63.685651277586075,79,1,2
16.128367980212943,0.15063748187661985,0,82149.46348687568,5.953474124807717,34.944046641783075,86,1,0
36.43685615840529,0.6543702689121546,1,37624.140130909036,8.150460056350425,0.4626454557594162,61,1,0
22.67044725288969,4.948300290758372,0,40518.56851731497,1.9186405470058925,3.7941617133347716,80,1,0
12.180592456954802,2.2652730873798497,1,77729.39275631201,0.008170796731188368,52.06841072868363,13,0,0
32.38432575471331,2.0436666634488683,1,87558.78153681735,9.971574079113143,104.8649798298206,84,2,1
44.99478649078705,3.883430780004342,1,87788.37604734015,4.211715935913189,57.254329410014236,84,1,0
47.66704257775716,2.489337041662561,0,100482.61409409247,6.3186566463366285,93.04711877843994,95,2,2
31.19247930998689,3.685751113103918,1,55803.38784944233,9.49538331088374,14.492021159523926,0,1,1
41.79621166006015,0.3805700404184825,1,115251.10912468129,6.8890437508413,11.482538067652541,48,1,1
26.95528615261096,4.055099617772445,1,41694.57192614983,1.621379983554475,112.77384125109593,28,1,1
39.7576879748596,0.5851994173753317,1,52239.80287396757,1.1384985266289038,90.10863229123923,82,0,2
25.177171314746694,4.896141445947813,1,62974.75173904581,2.611515054771781,15.078089017147844,26,2,0
20.710802970352454,2.7138593234897352,0,64424.150506456375,6.066372567914184,50.35707155932771,16,2,2
25.995955728759768,2.5229475796531116,1,69513.58213251494,1.9350582776593677,12.17482814846236,84,0,1
10.188452635444618,0.810829342870282,1,91527.35756941559,3.265289551059146,32.86241735048176,61,0,1
12.180592456954802,3.8365257865349287,1,77729.39275631201,0.008008043503408224,3.7705897228507563,14,0,0
26.06911813975135,1.1201524941435472,0,77729.39275631201,0.008170796731188368,46.02672903511889,14,0,0
18.646674824173008,2.4848695899285222,0,64424.150506456375,7.2830593217796284,94.46290199303613,24,2,2
40.11129262460904,0.03371218236814022,1,90280.18131011455,5.810820682613677,34.944046641783075,95,1,1
26.989596636800037,3.718608237920692,0,57416.19177260142,5.328025513162492,50.33427793102713,34,2,2
25.017707620004526,4.896141445947813,1,62974.75173904581,2.611515054771781,15.078089017147844,31,2,0
26.95528615261096,4.055099617772445,1,48359.072048263835,1.7865558002320872,112.77384125109593,28,1,1
46.82161003997617,2.7385089782118306,0,57832.86141256153,3.616110344668834,13.700877777236148,90,2,1
32.35810403954624,4.0319950763957575,1,90481.33016771483,2.6262394605620822,109.04454296626378,92,1,1
48.246697977538844,4.701263546516179,0,118865.88351146385,1.5064963491515297,15.648001726647053,2,2,2
25.69765242764898,4.976511066389245,1,57861.120049220866,8.163635816944954,13.485044608380136,60,2,0
48.790865299759005,0.53080037122245,1,108776.18286132664,8.150634819273797,107.10959105996854,62,2,1
10.188452635444618,0.8040890351924928,1,77700.51162304035,3.265289551059146,32.86241735048176,63,0,1
28.320340493649358,3.295453967327147,0,57477.550883749595,5.328025513162492,0.05118445776432523,4,2,2
31.091831467646465,3.8690135107708494,0,64244.285852185865,6.066372567914184,50.35707155932771,17,2,2
31.19247930998689,2.7507158703751005,1,55800.122631424616,9.34034889032734,31.783068056769284,6,0,1
12.867805379391747,2.260628068776559,1,49218.69288423762,8.087941681672131,30.124965508555295,11,0,1
47.66704257775716,2.718326775223774,0,100482.61409409247,6.3186566463366285,48.941281445324286,87,2,2
16.024882887172616,0.5851994173753317,0,52239.80287396757,1.2812962789122646,69.19479178081491,80,0,2
33.99201000307916,2.3669904763412135,1,85157.8645670674,1.621379983554475,113.30396812771696,28,1,1
38.12556055721382,3.2988171588126067,1,37682.36627379136,8.829522562480665,63.16052352988483,26,2,0
26.753191404812696,1.1155074749696015,0,41322.62305952218,9.301107202703527,13.676163890837847,0,1,1
16.46086762191899,4.792341597063236,0,92396.41721037443,7.356010181943039,78.2413729094673,98,2,2
47.141841340215336,2.7385089782118306,0,62946.49310238646,2.668866010808107,13.454343225959931,99,2,1
16.6216297090469,3.6004186899778126,1,91164.4581907639,7.419905746731937,74.4062681560169,91,2,1
32.36700793322642,2.647903772235015,1,47048.40420141656,3.4163908969373953,112.00456811309141,26,2,2
36.43685615840529,3.7387870463384436,1,46245.151383381264,8.150458965773858,0.4626454557594162,90,1,0
42.89861004154641,0.26443467927979714,0,34436.97815555785,4.288874777853642,92.64613691896585,96,1,2
22.942283523823672,2.254069714836681,1,38207.79344514671,8.183804052060978,69.78920188141173,38,2,0
20.81145081564915,2.996115953000765,1,55695.46575148717,9.49538331088374,14.492021159523926,0,1,1
12.294229606819346,1.1155074749696015,0,49288.49771667064,9.29114278025966,13.676163890837847,0,1,1
30.90847622948411,4.896141445947813,1,55794.85447458665,3.6093353971665,10.589995387107471,27,2,1
10.188452635444618,0.865620997170827,1,91527.35756941559,3.265289551059146,32.86241735048176,62,0,1
26.95528615261096,4.055099617772445,1,59433.62163029739,1.7865558002320872,112.77384125109593,7,0,1
28.320340493649358,3.295453967327147,0,63233.65037323971,5.328025513162492,0.05118445776432523,13,2,1
22.825615385776274,4.095359393630881,1,38205.0276880242,8.183804052060978,63.16052352988483,8,2,0
16.46086762191899,4.690067081681327,0,92396.41721037443,7.372044037685455,76.84852069057725,7,2,2
12.615543934180184,3.8365257865349287,1,77729.39275631201,0.008007450488780555,3.7705897228507563,13,0,0
25.42080661009564,4.923019469715656,1,62974.75173904581,2.611515054771781,50.6182799945981,26,2,0
20.99570396085833,2.7138593234897352,0,58540.51403844271,6.2311472371743495,50.35707155932771,16,2,2
25.017707620004526,2.9874440679351255,1,63164.69348849209,9.725966488498372,7.948997664457511,1,2,0
36.43685615840529,0.6526603029600847,1,32939.29700352455,8.171696433834702,25.11470536030088,61,1,0
33.99139493561331,2.6371514896141632,1,85157.8645670674,2.178614836253563,113.26820470904988,26,1,1
26.703864476621856,2.2849791903549126,0,38300.472132868075,8.538399708467445,30.124965508555295,7,0,1
33.99201000307916,3.7290683814152095,1,88417.72944368035,1.621379983554475,111.85088626461268,30,1,1
26.590515254561147,2.260628068776559,1,49407.12489334058,8.097906016114866,30.124965508555295,9,0,1
25.14974848686776,2.7507158703751005,1,57866.38820605884,9.34034889032734,31.783068056769284,5,0,0
31.069005599829197,3.685751113103918,1,53791.03563080148,8.685965055437453,30.940822715527176,28,1,1
31.19247930998689,4.150218109332354,1,55803.38784944233,9.49538331088374,14.492021159523926,0,1,2
26.95528615261096,3.258096828150732,1,36001.38360645951,1.621379983554475,109.01490178120015,28,1,1
16.46086762191899,4.632315935621416,0,92396.41721037443,5.452195727969869,78.2413729094673,92,2,2
10.58061257500636,2.763762076974147,1,77729.39275631201,0.008171389745816037,4.596998093071432,14,0,0
31.734647854341596,3.8387532259686927,0,64244.285852185865,6.130472846546664,14.816924210107416,18,2,2
12.180592456954802,2.4148062080070933,1,77729.39275631201,0.008170796731188368,52.27293715082822,13,0,0
24.497610931266898,4.860183666700761,1,55505.5240020409,2.1726683510689857,14.498311484567763,30,1,1
26.753191404812696,1.0167057688938494,0,47987.123181636176,9.46140175714604,0.06307983079584822,9,1,1
32.36762300069227,2.3777427589620648,1,47048.40420141656,3.3641925935297694,112.04033153175848,28,2,2
22.991610452014516,1.0845980014336623,1,47891.179275897084,8.183804052060978,69.78920188141173,39,2,0
38.29097254196124,3.2658973383711127,1,40660.102535995524,8.216265122416061,66.03934791180723,28,2,0
26.791042983108202,3.740280504514584,1,55803.38784944233,9.49538331088374,14.492021159523926,0,1,1
11.657762097974043,1.2709864200889913,1,49288.49771667064,9.29114278025966,13.676163890837847,1,0,1
25.543161395026864,1.1155074749696015,0,41322.62305952218,0.3847874124625683,13.676163890837847,14,0,1
26.95528615261096,4.055099617772445,1,87991.19582742901,1.621379983554475,112.76920554045381,28,1,1
10.58061257500636,2.7024439128142097,1,77650.22397495194,3.7912434279095457,10.706323100797228,15,0,0
38.12556055721382,3.2988171588126067,1,37682.36627379136,9.45959264724831,63.16052352988483,26,2,0
24.865745406364912,4.896141445947813,1,57861.120049220866,3.6093353971665,14.217510388055166,26,0,0
12.615543934180184,3.6813506958673305,1,77729.39275631201,0.008007450488780555,29.218725011916128,13,0,1
26.703864476621856,2.2849791903549126,0,34463.06420701025,8.538399708467445,30.124965508555295,22,0,1
12.42711399148788,2.2784200393586835,1,50494.51877413782,8.082122333041934,27.242412766549922,15,0,1
24.52152978708787,4.896356850914307,1,62974.75173904581,3.0312330412951747,15.078089017147844,21,2,1
12.180592456954802,2.26622565782888,1,77729.39275631201,8.300237443654282,52.27293715082822,9,0,1
31.091831467646465,3.862570385482687,0,60589.98549207635,9.045006312518495,50.523497778891056,15,2,2
30.87490175227096,3.6916146070435008,1,63164.69348849209,9.634375872870791,5.4475458225641455,4,2,0
25.0677274354277,2.7507158703751005,1,57866.38820605884,9.34034889032734,31.66343256015249,5,0,0
20.69396512316549,2.979392325536021,1,47048.40420141656,9.049331458184158,17.179820710236186,26,1,2
27.61337883186749,3.8996109799194136,0,59433.62163029739,1.7865558002320872,112.77384125109593,6,1,1
13.393512007879593,2.763762076974147,1,77360.26114263624,9.049554045602132,4.596998093071432,0,1,0
33.99201000307916,3.6961485609737164,1,38799.87962214698,1.621379983554475,112.09526249090501,27,1,1
30.90847622948411,4.973182635691425,1,55874.023255943226,0.013323036301525537,4.65630945938006,26,2,1
26.753191404812696,1.1155074749696015,0,43860.053060006714,8.85257009132468,13.676163890837847,0,1,1
10.989679209535236,2.2652730873798497,1,77729.39275631201,0.0017100909898104533,52.06841072868363,13,2,0
28.379273986705115,3.840926203771516,1,55800.122631424616,8.520252399489568,5.0445587752596115,7,0,0
12.180592456954802,3.8365257865349287,1,81566.80119888694,0.008008043503408224,3.7705897228507563,14,0,0
22.825615385776274,4.077566943634286,1,36929.20179812406,8.189623400691175,64.17595407700819,8,2,0
26.318186110578264,4.859968261734268,1,55505.5240020409,2.1726683510689857,14.498311484567763,30,1,0
26.590515254561147,2.409208618954773,1,49407.12489334058,0.06532995379966433,30.124965508555295,13,0,0
31.19247930998689,2.7571589953076074,1,64451.7549288423,6.361528832204289,31.61664183722881,6,0,1
25.335285177720497,2.9815805739952888,1,55803.38784944233,9.49538331088374,14.492021159523926,0,1,1
26.873064034548264,3.740280504514584,1,55803.38784944233,9.49538331088374,16.026918981534653,0,1,1
30.05091593076019,2.664627399699759,1,55695.46575148717,3.8553393505501625,105.30931828564698,0,2,1
34.18319552149377,2.0436666634488683,1,87558.78153681735,9.9712065574137,7.300290020385796,90,2,1
39.87745698247666,2.5887485359348856,1,88491.647400196,6.365731366207454,21.546025678722028,87,0,1
39.76587315333077,0.5851994173753317,1,54699.12542079104,1.1599595947452979,90.10863229123923,82,0,2
32.0626960505538,4.0700325962505595,1,82252.62048732056,3.173934565126827,109.04454296626378,86,1,0
47.139660793480836,2.489337041662561,0,100482.61409409247,6.297575886283645,93.04711877843994,7,2,2
47.828502476003216,1.2413959744333596,1,35511.32913578505,8.712110779231333,34.175972352222246,81,2,1
44.99478649078705,3.883430780004342,1,91589.54707152485,4.212060351689631,59.58519057264046,95,1,2
24.865745406364912,4.896141445947813,1,57861.120049220866,3.6093353971665,14.217510388055166,26,2,0
20.710802970352454,2.6917161703814503,0,64136.363754230704,6.066372567914184,50.35707155932771,17,2,2
31.19247930998689,3.685751113103918,1,55800.122631424616,8.551143041152546,30.940822715527176,7,0,1
36.172408503682945,4.9638034442418135,0,45010.28699217002,1.9511318878204176,3.7941617133347716,80,1,0
16.423730732070474,0.15063748187661985,0,90280.18131011455,5.953474124807717,34.944046641783075,95,1,1
32.37858142442197,2.9948882618338564,1,47048.40420141656,6.160283262114215,111.4064262287671,60,2,2
27.55793012408667,4.836476388957934,0,21788.420325529994,4.751537926442202,63.685651277586075,61,1,2
10.066591794100631,0.5866828692165843,1,94537.05820799829,3.6005894138796957,32.86241735048176,79,0,1
26.753191404812696,1.1155074749696015,0,47987.123181636176,9.48264017848894,13.676163890837847,0,1,1
25.995955728759768,2.7511419449168644,1,69513.58213251494,8.16405440865765,107.73791424762145,84,0,1
48.535570251281214,3.61163655359898,1,117881.4839512452,1.5542066382270603,10.97986539255352,91,2,1
12.180592456954802,2.763762076974147,1,77729.39275631201,0.008170796731188368,4.596998093071432,13,0,0
47.141841340215336,2.7385089782118306,0,62946.49310238646,2.581175444027134,13.454343225959931,99,2,1
46.33277969688907,0.2576941473718075,0,34084.591592713776,4.228336674460453,90.31527609303215,85,1,0
33.99201000307916,3.6961485609737164,1,85096.50545678231,1.621379983554475,112.0906267802629,28,1,1
17.489161898188755,1.6035075496140938,1,115251.10912468129,3.3781960280007173,11.482538067652541,48,0,1
41.65217335488367,0.3698093689570259,1,85007.7739320508,6.805715877174788,76.53832717236052,82,1,2
16.46086762191899,4.792341597063236,0,92396.41721037443,7.39312479773845,78.2413729094673,90,2,2
22.825615385776274,3.2983566042464574,1,38207.79344514671,8.183804052060978,63.16052352988483,8,2,0
36.656923483256655,2.2789148003963264,0,37624.140130909036,8.14196468401186,0.4626454557594162,66,1,1
27.00941203365289,3.663257334235883,0,42939.317456906545,3.227782559936032,83.07795227219238,44,1,2
28.43700863169666,2.389450154509717,0,57477.550883749595,5.328025513162492,51.61537699283811,34,2,2
22.12628901495126,0.6236066665295564,1,107196.2840197752,7.379230062898781,111.80036340192503,82,2,0
44.01250189984488,2.7003631740215073,1,91589.54707152485,4.2461206267542035,59.122389673972094,96,2,2
45.707863895873395,2.7385089782118306,0,64117.923022011855,2.581175444027134,13.454343225959931,98,2,1
21.420931550897897,0.6103600139358563,1,38207.79344514671,8.242687045790532,63.16052352988483,8,2,0
31.125246033971134,3.637987948988127,0,47987.123181636176,9.49301505850705,13.676163890837847,0,1,1
33.99201000307916,0.1053684047687099,1,85096.50545678231,1.9924134050771314,90.06211858993632,28,1,0
39.83224377316196,3.61163655359898,1,118130.6066914362,1.5542066382270603,21.5261655122002,90,0,1
25.995955728759768,2.7511419449168644,1,69820.84481129915,8.143325879836524,2.6769382654559735,67,1,1
10.240905958951569,2.763762076974147,1,77729.39275631201,2.7886399322588593,7.290459994626879,27,2,0
47.828502476003216,1.2413959744333596,1,36685.51246397924,8.675427533902432,33.279562475009214,81,2,1
17.438813976214938,1.6041147347998752,0,90280.18131011455,3.3429649745297145,34.944046641783075,92,1,1
34.125463461444376,2.0436666634488683,1,21396.463942439703,9.9712065574137,7.300290020385796,90,1,2
48.495192905183465,2.489337041662561,0,105003.7679598514,6.297575886283645,89.71143429180435,7,0,2
26.967792707291608,2.9948882618338564,1,42817.99134800643,5.784421178262814,111.4064262287671,43,2,2
32.0626960505538,4.0700325962505595,1,82252.62048732056,1.4314516638256993,109.04454296626378,86,1,0
16.46086762191899,4.768122172244895,0,92396.41721037443,7.332186508606708,52.18974467241897,91,2,2
20.710802970352454,3.772509260134925,0,64136.363754230704,6.066372567914184,50.81987245799607,16,1,2
37.606231799369496,4.9638034442418135,0,43838.857072546,1.9511318878204176,3.7941617133347716,80,1,0
10.138300978457803,3.2748115704237772,1,94537.05820799829,3.5416935224042096,32.86241735048176,79,0,1
26.820424680828456,1.1632719053725469,1,55800.122631424616,8.540767984356984,30.940822715527176,7,0,1
45.86849562380228,3.695191279214545,0,34084.591592713776,2.913062589321802,112.34367872410864,92,1,1
48.579031141110285,2.5887485359348856,1,88491.647400196,6.365731366207454,10.999725561605286,88,2,1
36.656923483256655,2.2789148003963264,0,37316.87745536355,8.162693212832984,116.47600727731437,86,0,1
21.84784916958424,4.896141445947813,1,57861.120049220866,0.07116052882764956,14.217510388055166,11,0,0
41.65217335488367,0.3504005725777054,1,88762.04161164974,6.84239908965055,77.43473743414643,82,1,2
16.47407865404429,0.1511655811444097,1,115251.10912468129,5.988705178364638,11.482538067652541,48,0,1
27.61566218413601,4.836476388957934,0,87951.15063855992,4.8762422681488555,59.83178996125537,61,2,1
39.76587315333077,0.5851994173753317,1,45684.433147911055,1.1599595947452979,90.10863229123923,82,2,2
32.42020075078325,3.1654718221067997,0,47169.73031031668,3.603644644027943,83.15342414134216,61,1,2
22.12628901495126,0.6236066665295564,1,103288.63422104885,7.552747835755836,111.80036340192503,85,2,0
27.415979586496285,2.4230431875595255,0,57477.550883749595,6.10980939266142,78.38932947745776,41,2,2
33.80407750924407,2.1367498031536956,1,53899.81672102021,9.9712065574137,29.86916148550926,90,1,1
17.55709310573984,3.6754624140123324,1,114265.42849109726,3.5543629441749838,11.482538067652541,48,0,1
33.99201000307916,3.7310606712927132,1,83616.87371195866,2.4105299092554846,110.69508606618018,28,1,1
28.43700863169666,1.8291360655510012,0,57477.550883749595,5.328025513162492,49.89851735732708,34,1,2
21.13747804638943,0.6629627236335304,1,54966.68000761283,8.213112736166435,62.404941156347675,7,2,2
34.855742986707114,0.1500403333516869,1,115251.10912468129,2.0072597271641737,14.302439765567438,48,0,1
47.306418753513526,2.489337041662561,0,105003.7679598514,6.342517627080757,89.71143429180435,7,0,0
47.57023886228023,3.5752557782337977,0,42939.317456906545,1.4525213630243918,83.07795227219238,44,1,2
28.57257984367891,2.9948882618338564,1,42363.49550075201,5.784421178262814,111.4064262287671,28,2,2
40.3750759560738,0.5554532139770485,1,45684.433147911055,6.0465507895305075,46.46734280533295,82,2,2
27.415979586496285,2.4230431875595255,1,89988.24686590327,6.10980939266142,78.38932947745776,41,2,2
16.46086762191899,4.768122172244895,0,92396.41721037443,7.332186508606708,56.04559392412909,13,0,0
26.820424680828456,2.0796783725507915,1,53996.91873117987,8.540767984356984,30.940822715527176,7,0,1
26.753191404812696,1.0582908167461953,0,47987.123181636176,9.48264017848894,20.19264790109034,0,1,1
20.529498860023438,4.8457586781548345,1,92473.14173516814,0.3884555021379601,12.869625636952058,11,2,0
31.19247930998689,3.592667968252371,1,22606.28054919404,8.551143041152546,4.248863586202096,7,0,2
31.057316318537964,1.5660330015465875,0,42639.31806987177,9.308956231968407,13.676163890837847,0,1,1
17.438813976214938,1.5692024611951554,0,90224.39392838182,3.354815409628716,34.944046641783075,92,1,1
20.710802970352454,4.373040273601887,0,64136.363754230704,6.066372567914184,50.81987245799607,16,2,2
40.04932412385898,0.6108089719541585,1,37940.23885832552,1.1905421117271762,90.86421465206811,83,0,0
15.610689157062879,0.10649365256143344,1,75505.75443764214,5.6120055849388315,90.06211858993632,28,1,0
22.825615385776274,3.2983566042464574,1,38207.79344514671,8.183804052060978,63.16052352988483,8,2,2
28.01571529476961,3.61163655359898,1,117881.4839512452,3.329467852265312,10.197023141745444,91,2,1
10.240905958951569,2.763762076974147,1,78183.88860316138,2.7886399322588593,7.290459994626879,42,2,0
18.503098838878604,2.7215235228713084,0,66351.93839060955,1.5512947020344663,93.99835053732279,17,2,2
44.99478649078705,3.883430780004342,0,59078.851015115986,4.212060351689631,59.58519057264046,91,1,2
12.180592456954802,2.763762076974147,1,77729.39275631201,0.008170796731188368,3.7701762412462294,91,2,2
25.995955728759768,1.110611201412858,1,69513.58213251494,8.365558703027334,107.73791424762145,84,0,1
24.865745406364912,4.906880666332918,1,57861.120049220866,3.6093353971665,14.217510388055166,26,2,0
21.94044121015563,4.99799840581692,0,57784.39538064367,7.482118147490521,79.59764088384225,90,0,2
16.47407865404429,0.1511655811444097,1,115251.10912468129,5.988705178364638,11.482538067652541,9,0,1
39.42282307314101,3.1858154916098114,1,53305.73934838396,1.174610824288823,110.69508606618018,27,1,1
30.742781775803152,3.592667968252371,0,42772.31206772216,8.551143041152546,2.8934330633062117,42,1,2
26.753191404812696,1.2794963273256104,0,47873.60770271531,9.491652665026358,12.88312835350018,6,2,1
21.474184656240997,0.9502360838470693,1,38207.79344514671,8.242687045790532,63.16052352988483,8,2,0
24.865745406364912,4.728527455254087,1,64265.116554009146,3.6093353971665,14.217510388055166,26,2,0
12.180592456954802,2.7210487178732095,1,118211.6793600986,0.008170796731188368,4.596998093071432,13,0,0
33.99201000307916,0.1053684047687099,1,85096.50545678231,2.101996713678221,90.06211858993632,28,1,0
31.057316318537964,2.027626439214509,0,42639.31806987177,9.634368290743394,13.676163890837847,17,2,0
26.820424680828456,1.204079493911115,1,43556.77466985337,8.540767984356984,31.79552568704529,7,0,2
24.858594133588113,2.085639771587965,0,91785.4085663635,8.527796158215665,56.70066423884917,7,0,0
21.84784916958424,2.910556817929188,1,57861.120049220866,0.010943780344411902,111.62879607391446,11,0,0
22.34392101802449,3.2898345951025596,1,69637.84528128132,2.9371320974062094,63.139376550180806,6,2,0
26.753191404812696,1.0582908167461953,0,47987.123181636176,9.48264017848894,20.19264790109034,0,2,1
21.13747804638943,0.4822377917190871,1,54966.68000761283,8.213112736166435,62.404941156347675,46,2,2
34.33506008326653,0.5851994173753317,1,85010.25977741959,2.395878680690811,90.10863229123923,83,0,2
26.909587210849875,3.663257334235883,1,22773.285940721868,3.227782559936032,83.07795227219238,8,0,2
16.46086762191899,4.596205894085241,0,92509.9307115552,8.168957385557702,52.983109622958445,91,1,2
24.81249230102182,4.964583232098794,1,63638.56367234509,3.6093353971665,13.87407294099786,26,2,0
20.710802970352454,3.772509260134925,0,57732.367249442425,6.066372567914184,50.81987245799607,16,1,2
48.82166203651175,3.5706098428848714,1,77147.28451990077,1.5542066382270603,22.185350322160787,91,2,1
31.19247930998689,3.685751113103918,1,50102.94281694095,8.237898085327897,30.940822715527176,7,0,1
15.610689157062879,0.10649365256143344,1,75505.75443764214,5.291954275937721,90.06211858993632,28,1,0
22.825615385776274,3.2983566042464574,1,15058.550422508171,8.183804052060978,53.38625857725783,10,1,1
29.45903268988421,3.008449696839902,1,42363.49550075201,5.848522651706814,111.4064262287671,28,2,1
16.46086762191899,4.758821168977793,1,58195.525605722825,7.34515833469397,30.49027883136253,13,0,1
26.967792707291608,4.948721087589524,1,42817.99134800643,6.323715887894613,13.888469650945687,41,2,2
10.837778840556476,2.772284086118044,1,38207.79344514671,8.035291720194433,7.333077725929602,28,2,2
20.529498860023438,4.8457586781548345,1,92473.14173516814,0.3884555021379601,12.869625636952058,11,1,0
40.203340112721236,0.1511655811444097,1,116277.79277861606,5.988705178364638,11.482538067652541,48,0,1
15.610689157062879,0.10649365256143344,1,75505.75443764214,5.291954275937721,90.06211858993632,28,2,0
26.753191404812696,1.0582908167461953,0,47987.123181636176,8.26015897175639,20.19264790109034,0,2,1
24.620898878525423,4.9545880228395465,1,57861.120049220866,0.07116052882764956,14.217510388055166,11,0,0
22.34392101802449,0.18897118279076786,1,69637.84528128132,2.9371320974062094,88.86771287854765,29,2,0
22.473542512073493,3.685751113103918,1,54704.474605083284,8.431551426146981,61.1510448913777,8,2,1
40.270876687017314,4.8457586781548345,1,89220.89151024212,0.3884555021379601,15.394323779580631,8,2,0
21.474184656240997,0.9502360838470693,1,38207.79344514671,8.242687045790532,1.0881855260979814,8,2,0
26.820424680828456,1.204079493911115,1,43520.48104574781,8.53969211467836,51.01362657891295,7,0,0
33.99201000307916,0.1053684047687099,1,84806.56580097313,2.101996713678221,90.06211858993632,28,1,1
24.770403571326874,1.0582908167461953,0,47987.123181636176,9.268907519528303,24.432209108700903,27,1,0
21.91369817246457,2.910556817929188,1,94941.29354937596,0.3708612918320118,114.0243688512056,11,0,0
26.61937705775536,1.3619218139422524,0,22773.285940721868,3.286754501561286,83.80520239212248,8,0,1
31.19247930998689,3.685751113103918,1,50102.94281694095,7.674557170752208,55.98634380522776,10,0,1
11.91996698000963,2.7210487178732095,1,118229.41443890047,0.3359196919109566,4.8393523102751015,13,0,0
33.99201000307916,0.1053684047687099,1,87271.71622069529,1.9924134050771314,90.06211858993632,28,0,0
22.825615385776274,3.2983566042464574,1,38207.79344514671,7.638318882691787,60.2849474867736,12,1,2
21.13747804638943,0.6629627236335304,1,54966.68000761283,9.435592619061387,62.404941156347675,7,2,2
31.19247930998689,3.523610360757484,1,22606.28054919404,8.551143041152546,4.248863586202096,7,0,2
15.610689157062879,3.2258893598590115,1,75505.75443764214,5.6120055849388315,64.33378225875595,5,1,0
31.544552183848168,3.2983566042464574,1,39772.59451117174,8.53171460390579,32.9503013697416,7,0,0
19.681445766886142,3.1858154916098114,1,56557.989167901746,1.174610824288823,102.7146421176726,25,1,1
10.837778840556476,2.772284086118044,1,38207.79344514671,8.035291720194433,66.88393570312033,28,2,2
21.420931550897897,0.6103600139358563,1,37425.776673745626,8.243762915469155,64.06244751212066,8,2,2
26.878971029502814,1.1632719053725469,1,56090.06228571331,8.68687146013631,30.940822715527176,7,0,0
26.696192368634406,4.896141445947813,1,57861.120049220866,3.672572579912165,14.217510388055166,0,2,1
20.463649857143103,4.8457586781548345,1,55392.96585064012,0.03094719182422051,10.142197446774773,11,1,0
31.057316318537964,3.867366562551533,1,42639.31806987177,9.246436093597804,13.676163890837847,0,1,2
22.201313667738958,3.2983566042464574,1,15058.550422508171,8.239560800810601,28.34073750266453,7,1,1
16.734715783279253,0.1511655811444097,1,115233.37383774988,5.771575886753562,11.24018397829523,13,0,1
26.820424680828456,2.0796783725507915,1,53996.91873117987,8.540767984356984,30.940822715527176,7,1,1
