bandwidth,cruise_speed,firm_obstacle,illuminance,obstacle_distance,obstacle_size,power,quality,smoke_intensity
24.55959920083722,0.5542940380702005,1,28922.89434116364,3.4997229998294577,40.11520721762438,38,2,0
24.55959920083722,0.5542940380702005,1,28922.89434116364,3.4997229998294577,40.11520721762438,33,2,0
24.55959920083722,0.5542940380702005,1,28922.89434116364,3.4997229998294577,40.11520721762438,75,2,0
24.55959920083722,0.5542940380702005,1,28922.89434116364,3.4997229998294577,40.11520721762438,40,2,0
24.55959920083722,0.5542940380702005,1,28922.89434116364,3.4997229998294577,40.11520721762438,79,2,0
24.55959920083722,0.5542940380702005,1,28922.89434116364,3.4997229998294577,40.11520721762438,58,2,0
24.55959920083722,0.5542940380702005,1,28922.89434116364,3.4997229998294577,40.11520721762438,12,2,0
24.55959920083722,0.5542940380702005,1,28922.89434116364,3.4997229998294577,40.11520721762438,51,2,0
24.55959920083722,0.5542940380702005,1,28922.89434116364,3.4997229998294577,40.11520721762438,41,2,0
24.55959920083722,0.5542940380702005,1,28922.89434116364,3.4997229998294577,40.11520721762438,56,2,0
24.55959920083722,0.5542940380702005,1,28922.89434116364,3.4997229998294577,40.11520721762438,58,2,0
24.55959920083722,0.5542940380702005,1,28922.89434116364,3.4997229998294577,40.11520721762438,57,2,0
24.55959920083722,0.5542940380702005,1,28922.89434116364,3.4997229998294577,40.11520721762438,57,2,0
24.55959920083722,0.5542940380702005,1,28922.89434116364,3.4997229998294577,40.11520721762438,88,2,0
24.55959920083722,0.5542940380702005,1,28922.89434116364,3.4997229998294577,40.11520721762438,33,2,0
24.55959920083722,0.5542940380702005,1,28922.89434116364,3.4997229998294577,40.11520721762438,8,2,0
24.55959920083722,0.5542940380702005,1,28922.89434116364,3.4997229998294577,40.11520721762438,69,2,0
24.55959920083722,0.5542940380702005,1,28922.89434116364,3.4997229998294577,40.11520721762438,74,2,0
24.55959920083722,0.5542940380702005,1,28922.89434116364,3.4997229998294577,40.11520721762438,46,2,0
24.55959920083722,0.5542940380702005,1,28922.89434116364,3.4997229998294577,40.11520721762438,82,2,0
24.55959920083722,0.5542940380702005,1,28922.89434116364,3.4997229998294577,40.11520721762438,28,2,0
24.55959920083722,0.5542940380702005,1,28922.89434116364,3.4997229998294577,40.11520721762438,71,2,0
24.55959920083722,0.5542940380702005,1,28922.89434116364,3.4997229998294577,40.11520721762438,66,2,0
24.55959920083722,0.5542940380702005,1,28922.89434116364,3.4997229998294577,40.11520721762438,41,2,0
24.55959920083722,0.5542940380702005,1,28922.89434116364,3.4997229998294577,40.11520721762438,79,2,0
24.55959920083722,0.5542940380702005,1,28922.89434116364,3.4997229998294577,40.11520721762438,95,2,0
24.55959920083722,0.5542940380702005,1,28922.89434116364,3.4997229998294577,40.11520721762438,26,2,0
24.55959920083722,0.5542940380702005,1,28922.89434116364,3.4997229998294577,40.11520721762438,3,2,0
24.55959920083722,0.5542940380702005,1,28922.89434116364,3.4997229998294577,40.11520721762438,62,2,0
24.55959920083722,0.5542940380702005,1,28922.89434116364,3.4997229998294577,40.11520721762438,81,2,0
40.90654117494656,3.0102431263099505,0,76584.69286917435,7.536133414810436,22.149651993597065,19,1,1
40.90654117494656,0.20563115798467202,0,76584.69286917435,7.536133414810436,22.149651993597065,19,1,1
40.90654117494656,1.6619970598564926,0,76584.69286917435,7.536133414810436,22.149651993597065,19,1,1
40.90654117494656,1.8913632236945555,0,76584.69286917435,7.536133414810436,22.149651993597065,19,1,1
40.90654117494656,0.8802266390444019,0,76584.69286917435,7.536133414810436,22.149651993597065,19,1,1
40.90654117494656,3.2130042350653825,0,76584.69286917435,7.536133414810436,22.149651993597065,19,1,1
40.90654117494656,2.196204463321441,0,76584.69286917435,7.536133414810436,22.149651993597065,19,1,1
40.90654117494656,3.5790241729095476,0,76584.69286917435,7.536133414810436,22.149651993597065,19,1,1
40.90654117494656,1.8571854160198038,0,76584.69286917435,7.536133414810436,22.149651993597065,19,1,1
40.90654117494656,0.2709033293463742,0,76584.69286917435,7.536133414810436,22.149651993597065,19,1,1
40.90654117494656,3.5784995211340513,0,76584.69286917435,7.536133414810436,22.149651993597065,19,1,1
40.90654117494656,3.6652264940069514,0,76584.69286917435,7.536133414810436,22.149651993597065,19,1,1
40.90654117494656,0.410724011862465,0,76584.69286917435,7.536133414810436,22.149651993597065,19,1,1
40.90654117494656,2.3273121209383794,0,76584.69286917435,7.536133414810436,22.149651993597065,19,1,1
40.90654117494656,2.27603021049493,0,76584.69286917435,7.536133414810436,22.149651993597065,19,1,1
40.90654117494656,4.574379903104149,0,76584.69286917435,7.536133414810436,22.149651993597065,19,1,1
40.90654117494656,2.9887031863081823,0,76584.69286917435,7.536133414810436,22.149651993597065,19,1,1
40.90654117494656,1.5372115623968723,0,76584.69286917435,7.536133414810436,22.149651993597065,19,1,1
40.90654117494656,4.403163601271683,0,76584.69286917435,7.536133414810436,22.149651993597065,19,1,1
40.90654117494656,1.6182735066079372,0,76584.69286917435,7.536133414810436,22.149651993597065,19,1,1
40.90654117494656,3.631857189358154,0,76584.69286917435,7.536133414810436,22.149651993597065,19,1,1
40.90654117494656,0.9431242171067816,0,76584.69286917435,7.536133414810436,22.149651993597065,19,1,1
40.90654117494656,1.0755920247680983,0,76584.69286917435,7.536133414810436,22.149651993597065,19,1,1
40.90654117494656,0.7286703016610035,0,76584.69286917435,7.536133414810436,22.149651993597065,19,1,1
40.90654117494656,4.104141839166696,0,76584.69286917435,7.536133414810436,22.149651993597065,19,1,1
40.90654117494656,0.9585420702777697,0,76584.69286917435,7.536133414810436,22.149651993597065,19,1,1
40.90654117494656,1.3244338516460092,0,76584.69286917435,7.536133414810436,22.149651993597065,19,1,1
40.90654117494656,1.0130244906126746,0,76584.69286917435,7.536133414810436,22.149651993597065,19,1,1
40.90654117494656,4.014304838832513,0,76584.69286917435,7.536133414810436,22.149651993597065,19,1,1
40.90654117494656,2.509893561666217,0,76584.69286917435,7.536133414810436,22.149651993597065,19,1,1
18.333750030098955,2.8202104994743777,1,100076.74880711023,0.9709680534073795,14.043060871409864,45,1,1
46.22513523219774,2.8202104994743777,1,100076.74880711023,0.9709680534073795,14.043060871409864,45,1,1
42.608302403057706,2.8202104994743777,1,100076.74880711023,0.9709680534073795,14.043060871409864,45,1,1
22.424650392672078,2.8202104994743777,1,100076.74880711023,0.9709680534073795,14.043060871409864,45,1,1
23.30814645891372,2.8202104994743777,1,100076.74880711023,0.9709680534073795,14.043060871409864,45,1,1
14.09473159694695,2.8202104994743777,1,100076.74880711023,0.9709680534073795,14.043060871409864,45,1,1
13.843586422834054,2.8202104994743777,1,100076.74880711023,0.9709680534073795,14.043060871409864,45,1,1
38.72942488419717,2.8202104994743777,1,100076.74880711023,0.9709680534073795,14.043060871409864,45,1,1
43.092545380496226,2.8202104994743777,1,100076.74880711023,0.9709680534073795,14.043060871409864,45,1,1
37.496246907642174,2.8202104994743777,1,100076.74880711023,0.9709680534073795,14.043060871409864,45,1,1
20.053291220805928,2.8202104994743777,1,100076.74880711023,0.9709680534073795,14.043060871409864,45,1,1
43.98537795174748,2.8202104994743777,1,100076.74880711023,0.9709680534073795,14.043060871409864,45,1,1
19.72996894266152,2.8202104994743777,1,100076.74880711023,0.9709680534073795,14.043060871409864,45,1,1
20.238045670889132,2.8202104994743777,1,100076.74880711023,0.9709680534073795,14.043060871409864,45,1,1
36.48322842941879,2.8202104994743777,1,100076.74880711023,0.9709680534073795,14.043060871409864,45,1,1
19.854390587868753,2.8202104994743777,1,100076.74880711023,0.9709680534073795,14.043060871409864,45,1,1
41.580256330078484,2.8202104994743777,1,100076.74880711023,0.9709680534073795,14.043060871409864,45,1,1
23.003234019450737,2.8202104994743777,1,100076.74880711023,0.9709680534073795,14.043060871409864,45,1,1
44.00213808007795,2.8202104994743777,1,100076.74880711023,0.9709680534073795,14.043060871409864,45,1,1
44.130342002639786,2.8202104994743777,1,100076.74880711023,0.9709680534073795,14.043060871409864,45,1,1
33.60101771184368,2.8202104994743777,1,100076.74880711023,0.9709680534073795,14.043060871409864,45,1,1
45.057066523476934,2.8202104994743777,1,100076.74880711023,0.9709680534073795,14.043060871409864,45,1,1
35.74429883744549,2.8202104994743777,1,100076.74880711023,0.9709680534073795,14.043060871409864,45,1,1
23.703716665244094,2.8202104994743777,1,100076.74880711023,0.9709680534073795,14.043060871409864,45,1,1
21.30322026463967,2.8202104994743777,1,100076.74880711023,0.9709680534073795,14.043060871409864,45,1,1
41.22871106300204,2.8202104994743777,1,100076.74880711023,0.9709680534073795,14.043060871409864,45,1,1
15.668432627399245,2.8202104994743777,1,100076.74880711023,0.9709680534073795,14.043060871409864,45,1,1
39.222500929800084,2.8202104994743777,1,100076.74880711023,0.9709680534073795,14.043060871409864,45,1,1
31.918414227108602,2.8202104994743777,1,100076.74880711023,0.9709680534073795,14.043060871409864,45,1,1
11.462493121233033,2.8202104994743777,1,100076.74880711023,0.9709680534073795,14.043060871409864,45,1,1
20.613982300982965,1.162630065337697,1,78282.68736141092,1.3105923036807354,4.736956161455863,46,1,0
20.613982300982965,1.162630065337697,1,78282.68736141092,1.3105923036807354,4.736956161455863,46,0,0
20.613982300982965,1.162630065337697,1,78282.68736141092,1.3105923036807354,4.736956161455863,46,2,0
20.613982300982965,1.162630065337697,1,78282.68736141092,1.3105923036807354,4.736956161455863,46,1,0
20.613982300982965,1.162630065337697,1,78282.68736141092,1.3105923036807354,4.736956161455863,46,1,0
20.613982300982965,1.162630065337697,1,78282.68736141092,1.3105923036807354,4.736956161455863,46,0,0
20.613982300982965,1.162630065337697,1,78282.68736141092,1.3105923036807354,4.736956161455863,46,2,0
20.613982300982965,1.162630065337697,1,78282.68736141092,1.3105923036807354,4.736956161455863,46,2,0
20.613982300982965,1.162630065337697,1,78282.68736141092,1.3105923036807354,4.736956161455863,46,1,0
20.613982300982965,1.162630065337697,1,78282.68736141092,1.3105923036807354,4.736956161455863,46,2,0
20.613982300982965,1.162630065337697,1,78282.68736141092,1.3105923036807354,4.736956161455863,46,2,0
20.613982300982965,1.162630065337697,1,78282.68736141092,1.3105923036807354,4.736956161455863,46,2,0
20.613982300982965,1.162630065337697,1,78282.68736141092,1.3105923036807354,4.736956161455863,46,2,0
20.613982300982965,1.162630065337697,1,78282.68736141092,1.3105923036807354,4.736956161455863,46,2,0
20.613982300982965,1.162630065337697,1,78282.68736141092,1.3105923036807354,4.736956161455863,46,0,0
20.613982300982965,1.162630065337697,1,78282.68736141092,1.3105923036807354,4.736956161455863,46,1,0
20.613982300982965,1.162630065337697,1,78282.68736141092,1.3105923036807354,4.736956161455863,46,1,0
20.613982300982965,1.162630065337697,1,78282.68736141092,1.3105923036807354,4.736956161455863,46,1,0
20.613982300982965,1.162630065337697,1,78282.68736141092,1.3105923036807354,4.736956161455863,46,0,0
20.613982300982965,1.162630065337697,1,78282.68736141092,1.3105923036807354,4.736956161455863,46,2,0
20.613982300982965,1.162630065337697,1,78282.68736141092,1.3105923036807354,4.736956161455863,46,1,0
20.613982300982965,1.162630065337697,1,78282.68736141092,1.3105923036807354,4.736956161455863,46,0,0
20.613982300982965,1.162630065337697,1,78282.68736141092,1.3105923036807354,4.736956161455863,46,2,0
20.613982300982965,1.162630065337697,1,78282.68736141092,1.3105923036807354,4.736956161455863,46,0,0
20.613982300982965,1.162630065337697,1,78282.68736141092,1.3105923036807354,4.736956161455863,46,0,0
20.613982300982965,1.162630065337697,1,78282.68736141092,1.3105923036807354,4.736956161455863,46,2,0
20.613982300982965,1.162630065337697,1,78282.68736141092,1.3105923036807354,4.736956161455863,46,0,0
20.613982300982965,1.162630065337697,1,78282.68736141092,1.3105923036807354,4.736956161455863,46,2,0
20.613982300982965,1.162630065337697,1,78282.68736141092,1.3105923036807354,4.736956161455863,46,0,0
20.613982300982965,1.162630065337697,1,78282.68736141092,1.3105923036807354,4.736956161455863,46,1,0
14.25178594522,1.5688423854989975,1,27159.518641002374,5.6830647367397,74.56211807426182,74,2,0
14.25178594522,1.5688423854989975,1,10757.597339751093,5.6830647367397,74.56211807426182,74,2,0
14.25178594522,1.5688423854989975,1,91696.27876040759,5.6830647367397,74.56211807426182,74,2,0
14.25178594522,1.5688423854989975,1,37436.038220064846,5.6830647367397,74.56211807426182,74,2,0
14.25178594522,1.5688423854989975,1,73649.46777846516,5.6830647367397,74.56211807426182,74,2,0
14.25178594522,1.5688423854989975,1,48327.96082019558,5.6830647367397,74.56211807426182,74,2,0
14.25178594522,1.5688423854989975,1,52782.55788125706,5.6830647367397,74.56211807426182,74,2,0
14.25178594522,1.5688423854989975,1,51493.12745085847,5.6830647367397,74.56211807426182,74,2,0
14.25178594522,1.5688423854989975,1,35411.89424457796,5.6830647367397,74.56211807426182,74,2,0
14.25178594522,1.5688423854989975,1,73756.41439851958,5.6830647367397,74.56211807426182,74,2,0
14.25178594522,1.5688423854989975,1,62985.86515532462,5.6830647367397,74.56211807426182,74,2,0
14.25178594522,1.5688423854989975,1,17286.628752258683,5.6830647367397,74.56211807426182,74,2,0
14.25178594522,1.5688423854989975,1,90287.45289308424,5.6830647367397,74.56211807426182,74,2,0
14.25178594522,1.5688423854989975,1,98311.19264252842,5.6830647367397,74.56211807426182,74,2,0
14.25178594522,1.5688423854989975,1,64258.3438132668,5.6830647367397,74.56211807426182,74,2,0
14.25178594522,1.5688423854989975,1,84657.72886826786,5.6830647367397,74.56211807426182,74,2,0
14.25178594522,1.5688423854989975,1,82673.3571004246,5.6830647367397,74.56211807426182,74,2,0
14.25178594522,1.5688423854989975,1,72112.28266636473,5.6830647367397,74.56211807426182,74,2,0
14.25178594522,1.5688423854989975,1,34079.17707110972,5.6830647367397,74.56211807426182,74,2,0
14.25178594522,1.5688423854989975,1,47590.996433272834,5.6830647367397,74.56211807426182,74,2,0
14.25178594522,1.5688423854989975,1,42209.91263419582,5.6830647367397,74.56211807426182,74,2,0
14.25178594522,1.5688423854989975,1,44461.998659987476,5.6830647367397,74.56211807426182,74,2,0
14.25178594522,1.5688423854989975,1,51821.07193992092,5.6830647367397,74.56211807426182,74,2,0
14.25178594522,1.5688423854989975,1,39919.20667701213,5.6830647367397,74.56211807426182,74,2,0
14.25178594522,1.5688423854989975,1,8994.777055929142,5.6830647367397,74.56211807426182,74,2,0
14.25178594522,1.5688423854989975,1,33370.83309584829,5.6830647367397,74.56211807426182,74,2,0
14.25178594522,1.5688423854989975,1,78964.43653207568,5.6830647367397,74.56211807426182,74,2,0
14.25178594522,1.5688423854989975,1,44430.88582676844,5.6830647367397,74.56211807426182,74,2,0
14.25178594522,1.5688423854989975,1,90637.50524837378,5.6830647367397,74.56211807426182,74,2,0
14.25178594522,1.5688423854989975,1,106498.39584826624,5.6830647367397,74.56211807426182,74,2,0
17.218608159102395,2.9671474396046293,1,57919.00275177192,9.839228419718388,75.89492512432997,82,1,2
17.218608159102395,2.9671474396046293,1,57919.00275177192,9.839228419718388,75.89492512432997,82,1,1
17.218608159102395,2.9671474396046293,1,57919.00275177192,9.839228419718388,75.89492512432997,82,1,0
17.218608159102395,2.9671474396046293,1,57919.00275177192,9.839228419718388,75.89492512432997,82,1,1
17.218608159102395,2.9671474396046293,1,57919.00275177192,9.839228419718388,75.89492512432997,82,1,1
17.218608159102395,2.9671474396046293,1,57919.00275177192,9.839228419718388,75.89492512432997,82,1,0
17.218608159102395,2.9671474396046293,1,57919.00275177192,9.839228419718388,75.89492512432997,82,1,2
17.218608159102395,2.9671474396046293,1,57919.00275177192,9.839228419718388,75.89492512432997,82,1,0
17.218608159102395,2.9671474396046293,1,57919.00275177192,9.839228419718388,75.89492512432997,82,1,0
17.218608159102395,2.9671474396046293,1,57919.00275177192,9.839228419718388,75.89492512432997,82,1,1
17.218608159102395,2.9671474396046293,1,57919.00275177192,9.839228419718388,75.89492512432997,82,1,2
17.218608159102395,2.9671474396046293,1,57919.00275177192,9.839228419718388,75.89492512432997,82,1,2
17.218608159102395,2.9671474396046293,1,57919.00275177192,9.839228419718388,75.89492512432997,82,1,1
17.218608159102395,2.9671474396046293,1,57919.00275177192,9.839228419718388,75.89492512432997,82,1,2
17.218608159102395,2.9671474396046293,1,57919.00275177192,9.839228419718388,75.89492512432997,82,1,0
17.218608159102395,2.9671474396046293,1,57919.00275177192,9.839228419718388,75.89492512432997,82,1,1
17.218608159102395,2.9671474396046293,1,57919.00275177192,9.839228419718388,75.89492512432997,82,1,2
17.218608159102395,2.9671474396046293,1,57919.00275177192,9.839228419718388,75.89492512432997,82,1,1
17.218608159102395,2.9671474396046293,1,57919.00275177192,9.839228419718388,75.89492512432997,82,1,1
17.218608159102395,2.9671474396046293,1,57919.00275177192,9.839228419718388,75.89492512432997,82,1,1
17.218608159102395,2.9671474396046293,1,57919.00275177192,9.839228419718388,75.89492512432997,82,1,2
17.218608159102395,2.9671474396046293,1,57919.00275177192,9.839228419718388,75.89492512432997,82,1,1
17.218608159102395,2.9671474396046293,1,57919.00275177192,9.839228419718388,75.89492512432997,82,1,1
17.218608159102395,2.9671474396046293,1,57919.00275177192,9.839228419718388,75.89492512432997,82,1,0
17.218608159102395,2.9671474396046293,1,57919.00275177192,9.839228419718388,75.89492512432997,82,1,1
17.218608159102395,2.9671474396046293,1,57919.00275177192,9.839228419718388,75.89492512432997,82,1,1
17.218608159102395,2.9671474396046293,1,57919.00275177192,9.839228419718388,75.89492512432997,82,1,1
17.218608159102395,2.9671474396046293,1,57919.00275177192,9.839228419718388,75.89492512432997,82,1,0
17.218608159102395,2.9671474396046293,1,57919.00275177192,9.839228419718388,75.89492512432997,82,1,0
17.218608159102395,2.9671474396046293,1,57919.00275177192,9.839228419718388,75.89492512432997,82,1,0
12.552054409518556,1.0789156971759755,0,21744.875773090473,9.877988737641152,10.037812206802448,0,0,0
12.552054409518556,1.0789156971759755,0,21744.875773090473,9.877988737641152,117.91201119195566,0,0,0
12.552054409518556,1.0789156971759755,0,21744.875773090473,9.877988737641152,103.0884656565385,0,0,0
12.552054409518556,1.0789156971759755,0,21744.875773090473,9.877988737641152,75.74461166868124,0,0,0
12.552054409518556,1.0789156971759755,0,21744.875773090473,9.877988737641152,3.010195653098804,0,0,0
12.552054409518556,1.0789156971759755,0,21744.875773090473,9.877988737641152,45.15176223371135,0,0,0
12.552054409518556,1.0789156971759755,0,21744.875773090473,9.877988737641152,76.95650759531193,0,0,0
12.552054409518556,1.0789156971759755,0,21744.875773090473,9.877988737641152,13.856952275395823,0,0,0
12.552054409518556,1.0789156971759755,0,21744.875773090473,9.877988737641152,71.95059715523846,0,0,0
12.552054409518556,1.0789156971759755,0,21744.875773090473,9.877988737641152,26.379238909316655,0,0,0
12.552054409518556,1.0789156971759755,0,21744.875773090473,9.877988737641152,112.43319421835085,0,0,0
12.552054409518556,1.0789156971759755,0,21744.875773090473,9.877988737641152,40.09958845164131,0,0,0
12.552054409518556,1.0789156971759755,0,21744.875773090473,9.877988737641152,14.543431795460311,0,0,0
12.552054409518556,1.0789156971759755,0,21744.875773090473,9.877988737641152,3.7731960671856912,0,0,0
12.552054409518556,1.0789156971759755,0,21744.875773090473,9.877988737641152,21.477963527604487,0,0,0
12.552054409518556,1.0789156971759755,0,21744.875773090473,9.877988737641152,84.9336804390884,0,0,0
12.552054409518556,1.0789156971759755,0,21744.875773090473,9.877988737641152,18.60441909576616,0,0,0
12.552054409518556,1.0789156971759755,0,21744.875773090473,9.877988737641152,51.371827006868614,0,0,0
12.552054409518556,1.0789156971759755,0,21744.875773090473,9.877988737641152,40.71072986595469,0,0,0
12.552054409518556,1.0789156971759755,0,21744.875773090473,9.877988737641152,111.15341395694509,0,0,0
12.552054409518556,1.0789156971759755,0,21744.875773090473,9.877988737641152,107.86184607725079,0,0,0
12.552054409518556,1.0789156971759755,0,21744.875773090473,9.877988737641152,45.550442240506605,0,0,0
12.552054409518556,1.0789156971759755,0,21744.875773090473,9.877988737641152,42.65764643569136,0,0,0
12.552054409518556,1.0789156971759755,0,21744.875773090473,9.877988737641152,63.644973439011366,0,0,0
12.552054409518556,1.0789156971759755,0,21744.875773090473,9.877988737641152,110.53433432138709,0,0,0
12.552054409518556,1.0789156971759755,0,21744.875773090473,9.877988737641152,106.15788660132397,0,0,0
12.552054409518556,1.0789156971759755,0,21744.875773090473,9.877988737641152,18.103661790119716,0,0,0
12.552054409518556,1.0789156971759755,0,21744.875773090473,9.877988737641152,100.95590244207439,0,0,0
12.552054409518556,1.0789156971759755,0,21744.875773090473,9.877988737641152,92.00376644992951,0,0,0
12.552054409518556,1.0789156971759755,0,21744.875773090473,9.877988737641152,75.47126545719757,0,0,0
19.280248069462587,4.2203761508378665,0,74455.014773663,7.124679753426677,6.320150817287056,57,2,1
19.280248069462587,4.2203761508378665,0,74455.014773663,5.068694891805689,6.320150817287056,57,2,1
19.280248069462587,4.2203761508378665,0,74455.014773663,6.778162675117894,6.320150817287056,57,2,1
19.280248069462587,4.2203761508378665,0,74455.014773663,5.86739446563484,6.320150817287056,57,2,1
19.280248069462587,4.2203761508378665,0,74455.014773663,6.027522096816521,6.320150817287056,57,2,1
19.280248069462587,4.2203761508378665,0,74455.014773663,7.427569028509607,6.320150817287056,57,2,1
19.280248069462587,4.2203761508378665,0,74455.014773663,6.518837926829837,6.320150817287056,57,2,1
19.280248069462587,4.2203761508378665,0,74455.014773663,2.061185064559429,6.320150817287056,57,2,1
19.280248069462587,4.2203761508378665,0,74455.014773663,4.171792180039169,6.320150817287056,57,2,1
19.280248069462587,4.2203761508378665,0,74455.014773663,7.767636120702544,6.320150817287056,57,2,1
19.280248069462587,4.2203761508378665,0,74455.014773663,3.2693888678905756,6.320150817287056,57,2,1
19.280248069462587,4.2203761508378665,0,74455.014773663,3.800001439355958,6.320150817287056,57,2,1
19.280248069462587,4.2203761508378665,0,74455.014773663,3.9000508285485482,6.320150817287056,57,2,1
19.280248069462587,4.2203761508378665,0,74455.014773663,0.5999003328786889,6.320150817287056,57,2,1
19.280248069462587,4.2203761508378665,0,74455.014773663,4.692101813495091,6.320150817287056,57,2,1
19.280248069462587,4.2203761508378665,0,74455.014773663,8.638293439750772,6.320150817287056,57,2,1
19.280248069462587,4.2203761508378665,0,74455.014773663,2.7795298298116644,6.320150817287056,57,2,1
19.280248069462587,4.2203761508378665,0,74455.014773663,9.3162554944941,6.320150817287056,57,2,1
19.280248069462587,4.2203761508378665,0,74455.014773663,3.582247804311166,6.320150817287056,57,2,1
19.280248069462587,4.2203761508378665,0,74455.014773663,3.3140856733449175,6.320150817287056,57,2,1
19.280248069462587,4.2203761508378665,0,74455.014773663,1.0375510579587865,6.320150817287056,57,2,1
19.280248069462587,4.2203761508378665,0,74455.014773663,1.5551228474749246,6.320150817287056,57,2,1
19.280248069462587,4.2203761508378665,0,74455.014773663,1.3827820112238276,6.320150817287056,57,2,1
19.280248069462587,4.2203761508378665,0,74455.014773663,3.585675383583463,6.320150817287056,57,2,1
19.280248069462587,4.2203761508378665,0,74455.014773663,6.993734074186813,6.320150817287056,57,2,1
19.280248069462587,4.2203761508378665,0,74455.014773663,2.5766070323939925,6.320150817287056,57,2,1
19.280248069462587,4.2203761508378665,0,74455.014773663,2.8793267385284493,6.320150817287056,57,2,1
19.280248069462587,4.2203761508378665,0,74455.014773663,0.22381365973809242,6.320150817287056,57,2,1
19.280248069462587,4.2203761508378665,0,74455.014773663,4.512621913343474,6.320150817287056,57,2,1
19.280248069462587,4.2203761508378665,0,74455.014773663,0.15550469842214976,6.320150817287056,57,2,1
44.5209636538487,4.311072208424271,1,111120.87530427716,2.4037186592941575,17.965443902314252,0,1,2
44.5209636538487,4.311072208424271,0,111120.87530427716,2.4037186592941575,17.965443902314252,0,1,2
44.5209636538487,4.311072208424271,1,111120.87530427716,2.4037186592941575,17.965443902314252,0,1,2
44.5209636538487,4.311072208424271,1,111120.87530427716,2.4037186592941575,17.965443902314252,0,1,2
44.5209636538487,4.311072208424271,1,111120.87530427716,2.4037186592941575,17.965443902314252,0,1,2
44.5209636538487,4.311072208424271,1,111120.87530427716,2.4037186592941575,17.965443902314252,0,1,2
44.5209636538487,4.311072208424271,1,111120.87530427716,2.4037186592941575,17.965443902314252,0,1,2
44.5209636538487,4.311072208424271,0,111120.87530427716,2.4037186592941575,17.965443902314252,0,1,2
44.5209636538487,4.311072208424271,0,111120.87530427716,2.4037186592941575,17.965443902314252,0,1,2
44.5209636538487,4.311072208424271,1,111120.87530427716,2.4037186592941575,17.965443902314252,0,1,2
44.5209636538487,4.311072208424271,1,111120.87530427716,2.4037186592941575,17.965443902314252,0,1,2
44.5209636538487,4.311072208424271,0,111120.87530427716,2.4037186592941575,17.965443902314252,0,1,2
44.5209636538487,4.311072208424271,1,111120.87530427716,2.4037186592941575,17.965443902314252,0,1,2
44.5209636538487,4.311072208424271,1,111120.87530427716,2.4037186592941575,17.965443902314252,0,1,2
44.5209636538487,4.311072208424271,1,111120.87530427716,2.4037186592941575,17.965443902314252,0,1,2
44.5209636538487,4.311072208424271,1,111120.87530427716,2.4037186592941575,17.965443902314252,0,1,2
44.5209636538487,4.311072208424271,1,111120.87530427716,2.4037186592941575,17.965443902314252,0,1,2
44.5209636538487,4.311072208424271,1,111120.87530427716,2.4037186592941575,17.965443902314252,0,1,2
44.5209636538487,4.311072208424271,1,111120.87530427716,2.4037186592941575,17.965443902314252,0,1,2
44.5209636538487,4.311072208424271,0,111120.87530427716,2.4037186592941575,17.965443902314252,0,1,2
44.5209636538487,4.311072208424271,1,111120.87530427716,2.4037186592941575,17.965443902314252,0,1,2
44.5209636538487,4.311072208424271,1,111120.87530427716,2.4037186592941575,17.965443902314252,0,1,2
44.5209636538487,4.311072208424271,0,111120.87530427716,2.4037186592941575,17.965443902314252,0,1,2
44.5209636538487,4.311072208424271,1,111120.87530427716,2.4037186592941575,17.965443902314252,0,1,2
44.5209636538487,4.311072208424271,0,111120.87530427716,2.4037186592941575,17.965443902314252,0,1,2
44.5209636538487,4.311072208424271,1,111120.87530427716,2.4037186592941575,17.965443902314252,0,1,2
44.5209636538487,4.311072208424271,1,111120.87530427716,2.4037186592941575,17.965443902314252,0,1,2
44.5209636538487,4.311072208424271,0,111120.87530427716,2.4037186592941575,17.965443902314252,0,1,2
44.5209636538487,4.311072208424271,0,111120.87530427716,2.4037186592941575,17.965443902314252,0,1,2
44.5209636538487,4.311072208424271,1,111120.87530427716,2.4037186592941575,17.965443902314252,0,1,2
18.333750030098955,3.0102431263099505,1,27159.518641002374,7.124679753426677,10.037812206802448,38,1,2
46.22513523219774,0.20563115798467202,0,10757.597339751093,5.068694891805689,117.91201119195566,33,0,1
42.608302403057706,1.6619970598564926,1,91696.27876040759,6.778162675117894,103.0884656565385,75,2,0
22.424650392672078,1.8913632236945555,1,37436.038220064846,5.86739446563484,75.74461166868124,40,1,1
23.30814645891372,0.8802266390444019,1,73649.46777846516,6.027522096816521,3.010195653098804,79,1,1
14.09473159694695,3.2130042350653825,1,48327.96082019558,7.427569028509607,45.15176223371135,58,0,0
13.843586422834054,2.196204463321441,1,52782.55788125706,6.518837926829837,76.95650759531193,12,2,2
38.72942488419717,3.5790241729095476,0,51493.12745085847,2.061185064559429,13.856952275395823,51,2,0
43.092545380496226,1.8571854160198038,0,35411.89424457796,4.171792180039169,71.95059715523846,41,1,0
37.496246907642174,0.2709033293463742,1,73756.41439851958,7.767636120702544,26.379238909316655,56,2,1
20.053291220805928,3.5784995211340513,1,62985.86515532462,3.2693888678905756,112.43319421835085,58,2,2
43.98537795174748,3.6652264940069514,0,17286.628752258683,3.800001439355958,40.09958845164131,57,2,2
19.72996894266152,0.410724011862465,1,90287.45289308424,3.9000508285485482,14.543431795460311,57,2,1
20.238045670889132,2.3273121209383794,1,98311.19264252842,0.5999003328786889,3.7731960671856912,88,2,2
36.48322842941879,2.27603021049493,1,64258.3438132668,4.692101813495091,21.477963527604487,33,0,0
19.854390587868753,4.574379903104149,1,84657.72886826786,8.638293439750772,84.9336804390884,8,1,1
41.580256330078484,2.9887031863081823,1,82673.3571004246,2.7795298298116644,18.60441909576616,69,1,2
23.003234019450737,1.5372115623968723,1,72112.28266636473,9.3162554944941,51.371827006868614,74,1,1
44.00213808007795,4.403163601271683,1,34079.17707110972,3.582247804311166,40.71072986595469,46,0,1
44.130342002639786,1.6182735066079372,0,47590.996433272834,3.3140856733449175,111.15341395694509,82,2,1
33.60101771184368,3.631857189358154,1,42209.91263419582,1.0375510579587865,107.86184607725079,28,1,2
45.057066523476934,0.9431242171067816,1,44461.998659987476,1.5551228474749246,45.550442240506605,71,0,1
35.74429883744549,1.0755920247680983,0,51821.07193992092,1.3827820112238276,42.65764643569136,66,2,1
23.703716665244094,0.7286703016610035,1,39919.20667701213,3.585675383583463,63.644973439011366,41,0,0
21.30322026463967,4.104141839166696,0,8994.777055929142,6.993734074186813,110.53433432138709,79,0,1
41.22871106300204,0.9585420702777697,1,33370.83309584829,2.5766070323939925,106.15788660132397,95,2,1
15.668432627399245,1.3244338516460092,1,78964.43653207568,2.8793267385284493,18.103661790119716,26,0,1
39.222500929800084,1.0130244906126746,0,44430.88582676844,0.22381365973809242,100.95590244207439,3,2,0
31.918414227108602,4.014304838832513,0,90637.50524837378,4.512621913343474,92.00376644992951,62,0,0
11.462493121233033,2.509893561666217,1,106498.39584826624,0.15550469842214976,75.47126545719757,81,1,0
11.206464702802494,2.9887031863081823,1,82673.3571004246,2.7795298298116644,24.709915410676636,69,1,2
39.222500929800084,1.0130244906126746,0,8844.285730264499,1.5573331541600568,111.74275157861422,6,2,0
22.658903391060647,1.5372115623968723,1,72112.28266636473,9.543232365720584,113.87171821252277,73,1,1
37.156952565096155,2.429236678502619,1,98617.59486275198,0.9348678243935407,26.379238909316655,58,2,2
41.22871106300204,0.5988813459480063,1,33370.83309584829,2.5766070323939925,2.3070212322808814,80,2,1
43.092545380496226,3.2157252093885758,0,34405.36299957785,4.171792180039169,71.95059715523846,57,1,0
44.22836574020749,4.403163601271683,0,34079.17707110972,4.992510689499341,119.20186201734509,46,0,1
35.03818092540502,1.6254164457094027,0,43119.06772327868,1.7690494985962046,53.464253524597055,66,1,2
13.704219757762575,2.196204463321441,1,52793.67229165422,6.518837926829837,74.9921700831903,12,2,1
31.918414227108602,0.6333943779946578,0,91337.0101905398,4.512621913343474,92.00376644992951,71,0,0
20.053291220805928,3.5784995211340513,1,37374.09427097124,5.713763320920371,112.43319421835085,57,1,2
15.668432627399245,1.364980899749856,1,84790.65443455975,8.700063230206949,18.103661790119716,26,0,1
23.703716665244094,0.7286703016610035,1,39919.20667701213,3.585675383583463,63.644973439011366,39,0,0
42.45843753256431,1.766748288837737,1,91696.27876040759,6.778162675117894,103.0884656565385,75,2,0
44.130342002639786,1.6182735066079372,0,47590.996433272834,4.961497571966695,116.13004851875786,35,2,1
42.05931864839135,2.509893561666217,1,106498.39584826624,0.15550469842214976,75.47126545719757,80,1,0
21.30322026463967,4.104141839166696,0,47618.29623309841,6.633419431563723,110.1847014183748,75,0,1
33.94534834203162,3.631857189358154,1,42209.91263419582,0.7775674350592139,51.3768856113243,29,1,2
20.57734080833406,0.15105380439304483,1,73450.01211261924,7.441354554934078,14.214850423746004,89,2,1
23.30814645891372,0.8802266390444019,1,76453.83913241918,6.065513060341136,108.309985472721,91,1,1
14.09473159694695,1.8544644416872726,1,44113.10501834596,7.427569028509607,45.15176223371135,42,0,0
45.99890757206678,0.20563115798467202,1,10757.597339751093,3.6584320066175238,36.686408724021,33,0,1
19.03987328300142,3.0102431263099505,1,26876.4298514175,7.124679753426677,11.188525984270887,38,2,1
19.869336089042974,0.410724011862465,1,90276.33833516302,3.9000508285485482,16.509776425121036,52,2,2
45.057066523476934,3.9777703320268825,1,43762.490490741766,1.1734022651214082,45.550442240506605,67,0,1
22.424650392672078,1.8913632236945555,1,63047.8091045629,3.330951601573643,75.74461166868124,41,2,1
19.854390587868753,4.75574419867368,1,85267.17224004096,2.817219975455978,84.9336804390884,8,1,1
43.98537795174748,3.6652264940069514,0,17286.628752258683,3.800001439355958,43.37007076093902,57,2,2
38.879289754689886,3.943460892893534,0,51493.12745085847,2.061185064559429,13.856952275395823,51,2,0
36.48322842941879,2.27603021049493,1,56671.989690638424,3.3305841823799733,28.51145244632051,76,0,0
18.426510488590573,3.974967095504836,1,43946.92422731532,8.638293439750772,84.9336804390884,8,1,1
21.72289121736828,3.4421557798100677,0,38092.21875805812,5.068694891805689,117.91201119195566,37,0,1
42.182332528469054,1.0130244906126746,0,44412.17266375574,0.10615472970554651,105.81033263534614,3,0,0
23.703716665244094,0.7640979202060012,1,39340.04240745917,6.758283003821039,63.644973439011366,37,0,0
33.94534834203162,3.6809867751849383,1,12962.695457674366,0.8400772207314373,51.237193270084,36,1,1
42.38645351087208,1.1085204691538781,1,80395.6683708549,2.6757747926461715,20.523813538530497,26,0,1
44.130342002639786,1.6182735066079372,0,52517.174931486414,4.960236955094362,115.75097157017035,35,2,1
16.626540480279427,4.75574419867368,1,81738.62071947228,1.5868654615783977,84.9336804390884,8,1,1
22.436971017116107,1.7036760452756405,1,37436.038220064846,3.6783577513206307,76.48155847525568,43,1,0
45.44922736834077,2.509893561666217,1,106498.39584826624,4.836246807856317,94.0553694866966,97,1,0
36.48322842941879,2.27603021049493,1,64258.3438132668,3.7805653207054446,21.477963527604487,33,0,0
45.57297166910095,4.201401510188966,1,44022.852407688304,7.566798518215148,40.74810830170509,42,0,1
19.03987328300142,2.9632758121708687,1,23416.63408026107,7.183008392996084,18.32834403332179,27,2,1
18.333750030098955,2.990968710077137,1,27159.518641002374,7.3344908189908615,70.92605075334657,38,1,1
49.30263202510403,4.006805735287932,1,84473.29507171208,1.1734022651214082,45.550442240506605,67,0,1
44.86166873427005,0.29257074771089475,1,10039.598040339353,5.713763320920371,112.43319421835085,57,1,2
14.09473159694695,3.2130042350653825,1,48346.67398320829,7.427569028509607,40.29111315097141,58,2,0
13.704219757762575,2.1607771968336644,1,53372.83656120721,3.346230305435883,74.9921700831903,14,2,1
45.99890757206678,0.17414787451539437,1,44095.45640048706,3.5959653422694466,36.82610106526137,29,0,2
13.509921313032947,2.509893561666217,1,105647.64067152177,0.4322057774673511,73.0514403193359,80,1,0
13.843586422834054,2.196204463321441,1,59918.4338641365,6.52009854370213,77.3015456767984,12,2,2
39.222500929800084,1.0130244906126746,0,12412.419872858853,2.7876876680796774,107.81989658653276,10,2,0
23.691396040800065,0.9163575079091748,1,39919.20667701213,5.774712097901265,61.89153340873237,41,0,1
10.789297456900972,4.403163601271683,0,37172.68020137516,0.3404198428351144,119.20186201734509,46,0,1
20.053291220805928,3.5784995211340513,1,67952.71724645236,3.2693888678905756,112.43319421835085,58,2,2
12.596014125374545,2.0561547269459215,1,34169.42968176738,3.443017916676242,45.114383797960954,46,0,0
15.668432627399245,1.3689854902800844,1,88250.73037608902,8.645107003517577,10.963843741116754,38,0,1
43.092545380496226,1.8571854160198038,0,20494.186197395582,4.171792180039169,71.95059715523846,41,1,0
22.424650392672078,1.9106376399277982,1,63047.8091045629,3.1211403454122317,14.868713744715016,41,2,2
24.139388398423712,0.8632331501098112,1,36742.300611458464,3.585675383583463,57.01664996281781,29,0,0
20.55331531231531,2.9378725017958462,1,85267.17224004096,2.817219975455978,84.9336804390884,8,1,1
15.792419322240146,1.169320274276782,1,28077.221006119402,7.3344908189908615,70.92605075334657,38,0,1
21.788987210449292,0.9172304127569665,0,35995.798661867964,5.774712097901265,70.55587169738561,32,0,1
20.53344941511856,3.711964464098819,0,44095.45640048706,5.415931473786366,36.82610106526137,29,0,2
22.436971017116107,1.7036760452756405,0,44290.52701212506,3.6783577513206307,71.3211212605331,45,1,0
22.424650392672078,1.7927196780912449,1,63033.188933212194,3.1211403454122317,18.841716538900332,41,1,2
24.139388398423712,0.8632331501098112,1,35285.738677856265,3.585675383583463,74.85092767175877,13,0,0
16.231820363509947,1.1085204691538781,1,80395.6683708549,2.6757747926461715,86.24611811037323,26,0,1
11.024118872348668,2.196204463321441,1,53000.107130893695,1.1717356669545502,109.4015278178373,12,2,2
39.59219979115454,2.196204463321441,0,44328.032673013586,6.52009854370213,77.3015456767984,12,2,2
45.92415594317388,2.266042083227044,1,64258.3438132668,3.7805653207054446,30.51899915274524,36,0,0
20.570583167380796,4.574379903104149,1,84657.72886826786,8.638293439750772,84.9336804390884,8,1,1
13.704219757762575,2.196204463321441,1,52793.67229165422,6.311649126189465,63.53849755647656,41,2,1
23.703716665244094,0.7640979202060012,1,37672.84001276801,6.758283003821039,38.18069860336021,37,0,0
12.596014125374545,2.0561547269459215,1,34169.42968176738,3.443017916676242,45.114383797960954,47,0,1
19.89142976376009,4.779866677238877,1,23416.63408026107,7.183008392996084,18.32834403332179,27,2,1
18.01421641118679,2.9954773048534946,1,78046.74218613101,2.2798263359332505,18.103661790119716,26,1,1
39.222500929800084,1.1248019932330777,1,4075.825795070108,2.235984005060966,108.27319301333182,10,2,0
47.15456814069606,0.03721952760940739,1,38092.21875805812,3.351726449314598,117.91201119195566,37,0,1
46.97997794169183,1.0130244906126746,1,37573.09249099435,0.04985958164416382,105.81033263534614,2,0,0
18.426510488590573,3.9553795834317023,1,40169.6305453341,7.985243520978023,86.56601978563567,8,2,1
13.704219757762575,2.1607771968336644,1,42416.90217811839,3.346230305435883,57.15789237424926,30,2,1
42.78183725938737,4.75574419867368,1,81738.62071947228,1.5868654615783977,19.212448952598997,8,1,1
36.69206784395732,3.702396781332968,1,41992.36338455918,6.385132524563995,77.2692470190961,28,1,2
13.543767081923228,1.0130244906126746,1,60021.28701789138,0.22381365973809242,100.95590244207439,3,2,0
36.132028102870684,4.211387016097232,1,44022.852407688304,7.566798518215148,40.209111801252696,33,0,1
14.139766374985054,1.8544644416872726,1,44113.10501834596,7.427569028509607,45.15176223371135,38,0,0
23.703716665244094,0.7286703016610035,1,39919.20667701213,3.792864184184103,75.0986459657251,12,0,0
45.99890757206678,0.20563115798467202,1,12424.850747316621,3.6584320066175238,62.15068355994724,38,0,1
46.22513523219774,0.20563115798467202,0,10757.597339751093,5.068694891805689,117.91201119195566,33,0,0
46.97997794169183,0.998750578097263,1,37573.09249099435,0.05678048201052888,105.81033263534614,2,0,0
20.55331531231531,2.9378725017958462,1,56001.678110951514,3.2989853041444617,84.9336804390884,6,1,1
19.354417771485778,2.950422662631625,1,23316.676417694,7.183008392996084,19.055344338431325,27,2,1
39.222500929800084,1.0130244906126746,0,44430.88582676844,6.194256234910732,100.55510546124975,12,2,1
25.017352402662716,1.3244338516460092,1,33678.04253741143,3.644377375768558,18.20349437704047,14,0,1
46.202099322097766,0.20563115798467202,0,10757.597339751093,5.116230115113043,112.97977243905981,33,0,0
13.302645089805921,2.0561547269459215,1,29718.027800137905,3.443017916676242,45.114383797960954,46,0,0
19.736995964271077,4.574379903104149,1,84258.2953139228,3.6312421019073313,46.40722762748737,8,1,1
39.21571843195352,1.1233113433773894,1,82375.63568681906,2.6757747926461715,20.26063564525157,26,0,1
13.843586422834054,2.196204463321441,1,59918.4338641365,6.269035498277689,74.0801873009491,12,2,2
11.024118872348668,3.942794869569985,1,55163.951603159454,1.1717356669545502,109.4015278178373,10,2,2
42.182332528469054,0.9914523183072882,0,44412.17266375574,3.265860824440443,97.98829991809188,3,0,0
21.42775741898462,1.4680232745303572,1,60021.28701789138,5.2368652669465465,101.07915294833995,1,0,1
23.704087213148586,0.7712539055163139,1,37672.84001276801,6.758283003821039,38.80529167773476,37,0,0
44.3514462514103,4.201401510188966,1,44022.852407688304,7.566798518215148,39.71719103666713,42,0,1
16.231820363509947,1.1227943816692896,1,82317.48329468258,2.70164772488035,86.24611811037323,26,0,1
45.99890757206678,0.17414787451539437,1,85346.65489543256,3.5959653422694466,36.82610106526137,37,0,2
21.407707834342098,0.6718637508004055,1,40019.16433975044,3.792864184184103,74.37194404219505,12,0,0
13.704219757762575,2.196204463321441,1,52793.67229165422,0.4192288566648483,75.39296685512079,6,2,0
15.155184589872206,0.8632331501098112,1,80572.13330775307,2.8206247463433542,74.75142377018099,25,0,0
45.94719185327385,2.266042083227044,1,64258.3438132668,3.7330300973980943,30.51899915274524,36,0,0
18.42915682381964,3.974967095504836,1,43946.92422731532,8.638293439750772,84.9336804390884,8,1,1
12.713428287572976,2.0561547269459215,1,34568.863480868196,8.449980607872433,83.64083656210022,48,0,1
42.39323600871861,1.1245020608820937,1,2840.9771945190223,2.235984005060966,108.50269590894636,10,2,0
42.78183725938737,4.75574419867368,1,82348.58335788644,1.5868654615783977,19.212448952598997,8,1,1
18.426510488590573,2.208789078767336,1,40863.596276967044,8.062208288453961,86.56601978563567,23,2,1
25.63872791841768,0.7502424739663909,1,39919.20667701213,0.4449621499175753,63.644973439011366,41,0,0
13.838906342990995,3.29664276579527,0,38092.21875805812,0.16151753605102392,100.75610306011012,35,2,0
23.691025492895573,0.7373617240246956,1,28837.181292432233,7.434965500618491,61.26694033439229,41,0,1
19.03987328300142,2.74836688112313,1,35602.93741394832,7.2304145107623885,20.302704683812255,27,2,1
18.333750030098955,3.0102431263099505,1,27159.518641002374,7.124679753426677,10.037812206802448,38,1,2
46.22513523219774,0.20563115798467202,0,10757.597339751093,5.068694891805689,117.91201119195566,33,0,1
42.608302403057706,1.6619970598564926,1,91696.27876040759,6.778162675117894,103.0884656565385,75,2,0
22.424650392672078,1.8913632236945555,1,37436.038220064846,5.86739446563484,75.74461166868124,40,1,1
23.30814645891372,0.8802266390444019,1,73649.46777846516,6.027522096816521,3.010195653098804,79,1,1
14.09473159694695,3.2130042350653825,1,48327.96082019558,7.427569028509607,45.15176223371135,58,0,0
13.843586422834054,2.196204463321441,1,52782.55788125706,6.518837926829837,76.95650759531193,12,2,2
38.72942488419717,3.5790241729095476,0,51493.12745085847,2.061185064559429,13.856952275395823,51,2,0
43.092545380496226,1.8571854160198038,0,35411.89424457796,4.171792180039169,71.95059715523846,41,1,0
37.496246907642174,0.2709033293463742,1,73756.41439851958,7.767636120702544,26.379238909316655,56,2,1
20.053291220805928,3.5784995211340513,1,62985.86515532462,3.2693888678905756,112.43319421835085,58,2,2
43.98537795174748,3.6652264940069514,0,17286.628752258683,3.800001439355958,40.09958845164131,57,2,2
19.72996894266152,0.410724011862465,1,90287.45289308424,3.9000508285485482,14.543431795460311,57,2,1
20.238045670889132,2.3273121209383794,1,98311.19264252842,0.5999003328786889,3.7731960671856912,88,2,2
36.48322842941879,2.27603021049493,1,64258.3438132668,4.692101813495091,21.477963527604487,33,0,0
19.854390587868753,4.574379903104149,1,84657.72886826786,8.638293439750772,84.9336804390884,8,1,1
41.580256330078484,2.9887031863081823,1,82673.3571004246,2.7795298298116644,18.60441909576616,69,1,2
23.003234019450737,1.5372115623968723,1,72112.28266636473,9.3162554944941,51.371827006868614,74,1,1
44.00213808007795,4.403163601271683,1,34079.17707110972,3.582247804311166,40.71072986595469,46,0,1
44.130342002639786,1.6182735066079372,0,47590.996433272834,3.3140856733449175,111.15341395694509,82,2,1
33.60101771184368,3.631857189358154,1,42209.91263419582,1.0375510579587865,107.86184607725079,28,1,2
45.057066523476934,0.9431242171067816,1,44461.998659987476,1.5551228474749246,45.550442240506605,71,0,1
35.74429883744549,1.0755920247680983,0,51821.07193992092,1.3827820112238276,42.65764643569136,66,2,1
23.703716665244094,0.7286703016610035,1,39919.20667701213,3.585675383583463,63.644973439011366,41,0,0
21.30322026463967,4.104141839166696,0,8994.777055929142,6.993734074186813,110.53433432138709,79,0,1
41.22871106300204,0.9585420702777697,1,33370.83309584829,2.5766070323939925,106.15788660132397,95,2,1
15.668432627399245,1.3244338516460092,1,78964.43653207568,2.8793267385284493,18.103661790119716,26,0,1
39.222500929800084,1.0130244906126746,0,44430.88582676844,0.22381365973809242,100.95590244207439,3,2,0
31.918414227108602,4.014304838832513,0,90637.50524837378,4.512621913343474,92.00376644992951,62,0,0
11.462493121233033,2.509893561666217,1,106498.39584826624,0.15550469842214976,75.47126545719757,81,1,0
25.288920472746796,4.104141839166696,1,78277.09424122795,7.041623739440403,113.56539753870284,71,1,1
36.98441819885698,2.509893561666217,1,106498.39584826624,0.5674604655575513,25.76666620678577,57,1,0
23.679552585846753,1.0831988103971146,0,38991.71074078654,3.36149362398536,45.51182171190807,66,2,1
43.98537795174748,3.6652264940069514,0,17286.628752258683,3.800001439355958,94.70942237829385,57,2,0
42.608302403057706,3.4802738718370314,1,90531.87340943205,6.778162675117894,103.0884656565385,59,2,0
45.18855364270802,0.9431242171067816,1,44461.998659987476,1.02529692681654,41.862421959465195,69,0,1
47.95320145404126,2.366143604148003,0,15874.596749291793,4.692101813495091,119.76708442647846,33,0,0
41.22871106300204,0.9585420702777697,1,33370.83309584829,2.5766070323939925,106.15788660132397,95,2,0
22.424650392672078,1.872892066206457,1,91521.3986832359,5.86739446563484,75.74461166868124,40,1,1
41.580256330078484,2.9887031863081823,0,86043.78924755481,1.9572286761213074,18.60441909576616,51,1,2
42.689366845187386,1.0301121325625653,1,44299.00701807863,6.858050787889653,100.95590244207439,6,2,0
15.685388576497193,1.3244338516460092,1,78650.96998479468,2.8793267385284493,20.909094435086107,26,2,1
19.61676134735178,1.4818139861117008,1,84657.72886826786,8.638293439750772,84.9336804390884,8,1,1
44.130342002639786,1.6182735066079372,0,47590.996433272834,0.4863608337233578,114.47094440452226,82,2,1
43.092545380496226,1.8571854160198038,0,34025.30560469713,4.171792180039169,40.92753400470229,42,0,0
23.30814645891372,0.8802266390444019,0,9020.858243082446,5.979632431562928,1.79093736591161,79,0,1
12.048668746141049,0.2709033293463742,1,73756.41439851958,7.421104867550845,67.76777745980304,80,2,1
34.17178811349997,0.7210635160320461,1,52748.56787614653,1.6069638319627855,63.644973439011366,49,0,0
31.918414227108602,4.292552423852584,0,97042.49081259203,4.512621913343474,37.393870420000084,68,0,2
20.053291220805928,1.8964927952503365,1,64150.27049515513,4.029068924869104,112.43319421835085,74,2,2
33.46951427317282,3.631857189358154,1,42209.91263419582,1.567376978617343,105.65945086073644,28,1,2
36.48611540050244,0.20563115798467202,1,62574.506311853,5.068694891805689,11.901529445813154,33,0,1
14.09473159694695,3.2130042350653825,1,48327.96082019558,7.427569028509607,37.56365730670177,69,0,1
19.72996894266152,0.42921451676184963,1,36202.07863445782,3.9000508285485482,14.543431795460311,53,2,1
38.72942488419717,3.5790241729095476,1,51156.854886121844,2.787534134764963,0.457347386732442,69,2,0
18.333750030098955,3.265201609105885,0,27291.39744972781,0.5303823777501449,10.037812206802448,36,1,2
10.943971635533952,2.196204463321441,1,53096.0244284857,6.518837926829837,65.1908503377094,12,0,2
23.240863259967732,4.6274042642033155,1,72112.28266636473,9.3162554944941,51.371827006868614,74,1,1
17.525812416400868,2.2501007334013785,1,98311.19264252842,3.428449484884389,2.000326322420648,94,2,2
44.00213808007795,4.403163601271683,1,34635.79303974891,3.8123244778375893,71.73379301699602,46,1,1
22.424650392672078,2.1492989950410286,1,37467.950577631906,6.5142644835250305,75.56433730146108,10,1,1
42.608302403057706,3.4802738718370314,1,89092.46613707776,6.853354491252275,85.01555683539559,63,2,0
14.09473159694695,3.2130042350653825,1,51967.34912670464,3.7848890468332486,37.56365730670177,61,0,0
33.46951427317282,4.599807663817545,1,52669.632095459405,9.23705746019596,105.65945086073644,28,1,2
39.363351286491095,1.0469568408365648,1,44463.39828633814,0.11990718133698708,45.550442240506605,71,0,1
41.71802695647968,2.4827400090404397,1,106498.39584826624,0.24337659788413823,75.140726111987,81,1,0
21.72261918327976,1.893586891229179,1,91521.3986832359,5.833704491140907,75.74461166868124,33,0,1
42.709976580824055,1.0843611846704864,0,34025.30560469713,6.834390391067597,40.92753400470229,42,0,0
44.010556650261535,4.403163601271683,1,50766.03415075103,3.8123244778375893,72.58065064726327,46,1,1
34.304537777631616,2.1005872958892926,1,52748.56787614653,1.6069638319627855,119.82883810686671,49,0,0
18.535807699117363,0.8802266390444019,1,75415.3857201305,5.621010417704036,3.010195653098804,33,1,1
46.22513523219774,0.20563115798467202,0,11971.742963415574,7.240900487774551,116.6269001368386,33,0,1
23.834642421624594,1.3266869350712245,1,98939.795263901,2.8793267385284493,2.5688477949342454,26,0,1
36.48322842941879,1.8229601842966234,1,52753.146202594005,4.692101813495091,21.477963527604487,33,0,0
10.943971635533952,2.196204463321441,1,53064.1120709188,5.871967908939647,65.1908503377094,40,0,2
18.437273128574034,1.4818139861117008,1,84077.33325507487,8.563101609154494,103.0065892464389,8,1,1
23.36007091761474,0.7286703016610035,1,39919.20667701213,7.228355300875227,63.644973439011366,50,0,1
19.854390587868753,3.6064275228574996,1,84861.55670592215,0.9605037040099145,84.9336804390884,8,1,1
44.916216155538805,1.0130244906126746,0,44429.48620041777,1.6638026194522058,100.95590244207439,4,2,0
13.861103950782825,4.430291003845701,1,34079.17707110972,3.507944689365079,41.0817768638711,46,0,1
35.755191947765695,0.18645109352063172,1,62574.506311853,5.102384866299623,11.901529445813154,40,1,1
43.07193564485956,1.7659346032304497,1,44299.00701807863,4.195452576695032,104.89282184545628,6,2,0
33.59259833981234,3.631857189358154,1,34985.49727722327,0.6183955406294828,107.01484414932698,28,1,2
47.81714796986259,0.9866205598814163,0,15874.596749291793,4.7438220562881135,60.226771268734744,33,0,0
23.106088789899644,3.0102431263099505,1,25393.618667530667,7.124679753426677,12.666843507382026,80,1,2
14.09473159694695,3.2130042350653825,1,47114.21603664465,5.255363432258641,57.99687810376723,58,0,0
15.557462699535062,2.24784764998205,1,78335.83390103214,3.428449484884389,17.541907458404907,94,2,2
13.843586422834054,2.1935078572061197,1,64287.75549192986,6.518837926829837,73.0336526057191,12,2,2
13.466678738513213,1.0130244906126746,0,44579.6906325134,0.23219231371940596,34.15217220915878,6,0,0
42.62417318875103,3.2130042350653825,1,48179.15601445063,8.239779063748676,104.36196779000342,69,2,1
33.13960801353831,4.599807663817545,1,52669.632095459405,9.23705746019596,38.90454639486129,45,1,2
19.557688084359384,2.1492989950410286,1,87007.52425847758,6.45667553381393,80.01421454179356,7,1,1
47.847047268999894,0.7286703016610035,1,39502.95453247327,7.228355300875227,63.644973439011366,50,0,1
46.22513523219774,0.20563115798467202,0,10757.597339751093,5.068694891805689,119.15293637620654,36,0,1
48.18444456703622,1.0301121325625653,1,44299.00701807863,6.858050787889653,100.95590244207439,8,0,0
43.22409990360038,4.403163601271683,1,50766.03415075103,3.851472950842518,72.67047943173345,46,1,1
13.843586422834054,2.196204463321441,1,64523.978111314755,6.518837926829837,24.417863919757767,12,0,0
13.47711961301352,3.2130042350653825,1,51967.34912670464,4.190547466364128,104.10141990980051,70,0,0
18.437273128574034,1.4818139861117008,1,84077.33325507487,1.7417431606855902,102.45771564154855,7,1,1
22.04231792044219,3.6440444452055574,1,84861.55670592215,3.2961647575966273,84.9336804390884,8,1,1
44.734423996220706,1.0243935026408115,1,43370.699443060235,1.1245970493621396,41.28538847337565,3,2,0
19.854390587868753,4.574379903104149,1,84657.72886826786,8.280812007435102,84.9336804390884,25,2,1
42.608302403057706,3.637168481569457,1,90531.87340943205,6.778162675117894,103.0884656565385,26,2,0
15.668432627399245,0.9670303128187399,1,76457.16420910631,4.90376805173496,11.913380103183467,26,0,1
36.48611540050244,0.2907350119484622,1,67892.93117237909,5.068694891805689,11.901529445813154,40,0,1
44.33204043267372,4.403163601271683,1,34079.17707110972,3.582247804311166,107.45411520939959,27,0,1
22.483723655664477,1.8198708304831923,1,35118.15396197928,8.695882153288766,75.91867338794623,5,1,1
21.406907505521726,2.366143604148003,0,16290.849419138112,4.692101813495091,119.76708442647846,33,0,0
13.466678738513213,1.0130244906126746,0,44579.6906325134,0.23219231371940596,34.66323609055296,6,0,0
42.64021088563033,0.20563115798467202,0,11971.742963415574,7.240900487774551,116.6269001368386,33,2,1
10.943971635533952,2.196204463321441,1,53096.0244284857,6.479689453786772,65.10102155323922,23,0,2
36.48322842941879,2.27603021049493,1,52516.923583209114,4.692101813495091,74.01668730630945,33,2,2
43.71295365578994,1.7659346032304497,1,44299.00701807863,3.7897941571641525,38.35233616233463,6,2,0
34.304537777631616,2.1005872958892926,1,52023.76693955321,8.42814860330312,119.85229601182589,39,0,0
35.0569468082056,1.7853432393751816,1,52753.146202594005,0.9165829175933535,21.477963527604487,33,0,0
14.051549001602645,4.187741009507607,0,44453.56309260893,1.5567493403748025,100.95590244207439,39,0,1
15.147679993341615,1.3244338516460092,1,78650.96998479468,3.0884866816104686,22.337911737970746,9,1,1
33.46951427317282,3.4749625796257284,1,42209.91263419582,1.567376978617343,105.65945086073644,61,1,2
48.80785785202482,0.7561615482806833,0,17361.92466209745,2.878459289889618,60.14265878336902,22,0,0
22.424650392672078,1.8069854332196358,1,37436.038220064846,5.86739446563484,75.74461166868124,33,1,1
22.856594345212493,4.085288466212843,1,34079.17707110972,3.507944689365079,41.0817768638711,54,0,1
32.92878413645845,3.631857189358154,1,84705.93075489579,1.0914631850021859,105.65945086073644,29,1,2
47.18019238502921,1.0301121325625653,1,44299.00701807863,6.858050787889653,100.95590244207439,9,0,0
22.483723655664477,1.8198708304831923,1,35442.9350738951,1.592087682881795,78.08306506505092,25,1,1
16.30638633749839,1.4818139861117008,0,92281.49167669791,4.771681945979523,84.9336804390884,34,1,1
46.94648750514711,1.613023266373712,1,50543.999813780036,4.736589988945115,25.028918935547452,33,0,0
33.42866715278117,1.9743885694924033,1,76457.16420910631,4.90376805173496,11.913380103183467,27,0,1
10.943971635533952,2.196204463321441,1,53096.0244284857,6.63991515862331,62.42581462616227,23,0,2
19.854390587868753,4.574379903104149,1,84657.72886826786,8.638293439750772,83.59598839653876,8,1,1
19.557688084359384,2.1492989950410286,1,87007.52425847758,6.45667553381393,73.12420671715843,7,1,0
15.423572918146435,1.4057941055640173,1,37629.764532563604,6.578539325223999,18.27168587138184,10,0,1
19.855353871096074,1.4818139861117008,1,84077.33325507487,1.7994577655691393,102.45771564154855,7,1,1
43.07193564485956,1.7659346032304497,1,44299.00701807863,4.195452576695032,104.89282184545628,9,2,1
22.424650392672078,1.8069854332196358,1,38130.00395175639,0.9058859087355122,84.88256461673281,33,1,1
10.943971635533952,2.196204463321441,1,53096.0244284857,6.596537874950727,77.07077991534689,12,0,2
15.48012455129085,2.085683958910838,1,37436.038220064846,5.86739446563484,75.74461166868124,37,1,1
18.978004547788636,1.4818139861117008,1,41581.31499652995,8.786844961280543,103.0065892464389,7,1,1
44.33204043267372,4.403163601271683,1,34079.17707110972,3.582247804311166,107.45411520939959,26,0,1
30.60692247104153,1.924981884638711,1,52423.78676423257,8.71023536682196,119.99616730313558,49,0,0
48.63232983190255,0.9866205598814163,1,15668.537024611447,8.610421142256884,60.226771268734744,7,0,0
36.24228536613377,1.829404927335896,0,18083.768122426158,0.8722988566826997,114.47959021323511,31,0,0
16.54443484794023,0.9405402421991067,1,52023.76693955321,8.42814860330312,119.85229601182589,39,0,0
21.406907505521726,2.366143604148003,0,16365.124307308313,4.692101813495091,119.59830238332223,33,0,0
13.466678738513213,1.0130244906126746,0,39946.81869254279,0.021495895962659883,35.48986444610115,8,0,0
44.734423996220706,1.0243935026408115,1,43370.699443060235,1.1245970493621396,41.28538847337565,3,2,1
22.669510184886875,2.1492989950410286,1,78802.62260438842,2.7963730972328347,78.08451033322022,26,1,1
35.068040711047125,0.20563115798467202,1,62574.506311853,5.010980814716044,11.901529445813154,33,0,1
15.147679993341615,1.3244338516460092,1,78650.96998479468,3.0884866816104686,22.337911737970746,6,1,0
19.854390587868753,3.6064275228574996,1,84861.55670592215,5.922747746613126,75.79572749103686,8,1,1
13.843586422834054,2.196204463321441,1,52782.55788125706,6.518837926829837,65.07657801767445,12,2,2
18.333750030098955,3.0102431263099505,1,27159.518641002374,7.124679753426677,10.037812206802448,38,1,2
46.22513523219774,0.20563115798467202,0,10757.597339751093,5.068694891805689,117.91201119195566,33,0,1
42.608302403057706,1.6619970598564926,1,91696.27876040759,6.778162675117894,103.0884656565385,75,2,0
22.424650392672078,1.8913632236945555,1,37436.038220064846,5.86739446563484,75.74461166868124,40,1,1
23.30814645891372,0.8802266390444019,1,73649.46777846516,6.027522096816521,3.010195653098804,79,1,1
14.09473159694695,3.2130042350653825,1,48327.96082019558,7.427569028509607,45.15176223371135,58,0,0
13.843586422834054,2.196204463321441,1,52782.55788125706,6.518837926829837,76.95650759531193,12,2,2
38.72942488419717,3.5790241729095476,0,51493.12745085847,2.061185064559429,13.856952275395823,51,2,0
43.092545380496226,1.8571854160198038,0,35411.89424457796,4.171792180039169,71.95059715523846,41,1,0
37.496246907642174,0.2709033293463742,1,73756.41439851958,7.767636120702544,26.379238909316655,56,2,1
20.053291220805928,3.5784995211340513,1,62985.86515532462,3.2693888678905756,112.43319421835085,58,2,2
43.98537795174748,3.6652264940069514,0,17286.628752258683,3.800001439355958,40.09958845164131,57,2,2
19.72996894266152,0.410724011862465,1,90287.45289308424,3.9000508285485482,14.543431795460311,57,2,1
20.238045670889132,2.3273121209383794,1,98311.19264252842,0.5999003328786889,3.7731960671856912,88,2,2
36.48322842941879,2.27603021049493,1,64258.3438132668,4.692101813495091,21.477963527604487,33,0,0
19.854390587868753,4.574379903104149,1,84657.72886826786,8.638293439750772,84.9336804390884,8,1,1
41.580256330078484,2.9887031863081823,1,82673.3571004246,2.7795298298116644,18.60441909576616,69,1,2
23.003234019450737,1.5372115623968723,1,72112.28266636473,9.3162554944941,51.371827006868614,74,1,1
44.00213808007795,4.403163601271683,1,34079.17707110972,3.582247804311166,40.71072986595469,46,0,1
44.130342002639786,1.6182735066079372,0,47590.996433272834,3.3140856733449175,111.15341395694509,82,2,1
33.60101771184368,3.631857189358154,1,42209.91263419582,1.0375510579587865,107.86184607725079,28,1,2
45.057066523476934,0.9431242171067816,1,44461.998659987476,1.5551228474749246,45.550442240506605,71,0,1
35.74429883744549,1.0755920247680983,0,51821.07193992092,1.3827820112238276,42.65764643569136,66,2,1
23.703716665244094,0.7286703016610035,1,39919.20667701213,3.585675383583463,63.644973439011366,41,0,0
21.30322026463967,4.104141839166696,0,8994.777055929142,6.993734074186813,110.53433432138709,79,0,1
41.22871106300204,0.9585420702777697,1,33370.83309584829,2.5766070323939925,106.15788660132397,95,2,1
15.668432627399245,1.3244338516460092,1,78964.43653207568,2.8793267385284493,18.103661790119716,26,0,1
39.222500929800084,1.0130244906126746,0,44430.88582676844,0.22381365973809242,100.95590244207439,3,2,0
31.918414227108602,4.014304838832513,0,90637.50524837378,4.512621913343474,92.00376644992951,62,0,0
11.462493121233033,2.509893561666217,1,106498.39584826624,0.15550469842214976,75.47126545719757,81,1,0
18.400760162045522,4.104141839166696,0,9637.647903953874,6.993734074186813,110.53433432138709,79,1,1
46.22513523219774,0.20563115798467202,0,10757.597339751093,0.5828009227316091,117.92010446564511,34,0,1
43.23059532693591,0.4548064400691565,0,55966.86289179836,3.2950471878379606,111.15341395694509,82,2,1
48.668582486179965,0.8802322713752059,1,75096.1256112843,1.5551228474749246,44.714106041925426,71,0,1
41.22871106300204,3.014036176906701,1,33370.83309584829,2.7702938524493326,115.18512910215755,94,2,1
19.632986827538847,1.0130244906126746,0,44430.88582676844,0.22381365973809242,100.93286882129814,63,2,0
13.843586422834054,2.196204463321441,1,54779.325971308324,6.580492607182852,76.95650759531193,12,1,2
35.74429883744549,0.9023011757233699,1,50911.75460238843,3.6074953673923886,50.01741466617288,66,0,1
18.49332696447756,2.8434172761318077,1,95459.6115577885,0.2241568724399099,76.18911595823648,58,0,0
32.29819969265696,4.014304838832513,0,90637.50524837378,4.512621913343474,97.25500276433749,53,0,0
36.48322842941879,2.27603021049493,1,64258.3438132668,4.692101813495091,20.656055869539692,40,0,0
19.94560480083839,4.580879578231691,1,51872.32159750216,3.9719428706950786,84.66810118344782,37,0,1
33.23274406562326,1.6160052716794935,1,92229.97216672698,1.0375510579587865,107.91503445474532,28,1,2
37.496246907642174,0.2709033293463742,1,73756.41439851958,3.0681924386570683,26.379238909316655,56,2,1
43.092545380496226,1.8571854160198038,0,34769.12284324843,4.171792180039169,71.95059715523846,41,0,0
20.238045670889132,2.3273121209383794,1,98311.19264252842,5.087803830509467,3.2145369709175142,87,2,2
19.72996894266152,1.8462210210632404,1,88015.04696390759,3.9190893140555048,14.543431795460311,57,2,1
22.579699959319857,0.9431185847759777,1,43015.34082748659,6.027522096816521,7.356332884190324,79,1,1
42.58332274191357,0.9332106113755136,1,82673.3571004246,2.5858430097563248,18.60441909576616,70,1,2
39.64280956288617,3.530095356363827,1,73423.99945965777,3.2693888678905756,112.45622754680059,1,2,2
18.333750030098955,3.127132627586815,1,25162.7506635535,7.1009903746234375,10.037812206802448,38,2,2
44.00213808007795,4.5729557494468205,0,34988.494408644976,1.3575345931866145,40.78969076429587,46,2,1
11.462493121233033,2.509893561666217,1,50379.617884691506,7.4253922304224735,44.43391173259974,81,1,0
43.60558972198047,3.6652264940069514,0,17286.628752258683,3.800001439355958,29.631091052740537,62,2,2
22.424650392672078,1.8913632236945555,1,37436.038220064846,5.86739446563484,76.56669143826285,33,1,1
23.612502452274477,0.7197560086168593,1,84657.72886826786,8.638293439750772,55.594481123722915,8,1,0
42.608302403057706,3.6778489011229,1,41676.21220969375,6.778162675117894,103.03527727904394,75,2,0
25.2717405274755,1.5372115623968723,1,72112.28266636473,9.3162554944941,57.81136616295165,74,1,1
15.668432627399245,1.3244338516460092,1,78964.43653207568,7.578768510851603,18.103661790119716,22,0,1
37.496246907642174,3.146282559682702,1,73756.41439851958,7.765359570324212,26.379238909316655,56,2,1
15.794785826251639,1.3244338516460092,1,78461.93886069086,9.627599952942838,18.103661790119716,91,0,1
43.092545380496226,1.8571854160198038,0,74167.76436554981,4.171792180039169,4.046163805610968,41,1,0
23.612502452274477,0.7197560086168593,1,84657.72886826786,8.09888028784034,55.594481123722915,8,1,0
18.148969310672992,2.2177909642829237,1,36800.86776335314,0.5999003328786889,10.396041897568207,37,2,2
33.03643009567835,1.5899575700223536,1,37631.017342149935,5.350750735229669,75.377508029119,40,1,1
46.314184707142715,3.530095356363827,0,73423.99945965777,3.2693888678905756,112.56097491709023,29,2,2
13.843586422834054,2.196204463321441,1,54779.325971308324,6.580492607182852,76.95650759531193,8,1,2
18.959579595478726,0.8101772486671498,1,62985.86515532462,3.2693888678905756,112.43319421835085,59,2,2
22.424650392672078,1.6888564491311557,1,37436.038220064846,4.2627873980398,76.56669143826285,33,1,1
15.039927657029436,2.2737134495639717,1,48327.96082019558,4.733000920383834,21.055760232541314,58,0,0
18.56013373043872,4.601983834991909,1,33564.31614919616,3.764584185252299,40.71072986595469,46,0,2
14.035063613034874,4.481164504616572,1,57902.79158357238,3.9610487626766977,76.95650759531193,12,2,2
34.27998553595481,1.0130244906126746,1,52433.6476504912,0.5813861079425331,100.9431473369172,3,2,0
36.48322842941879,2.27603021049493,1,64769.619304210195,4.692101813495091,20.656055869539692,63,0,0
19.858432009000065,0.410724011862465,1,90287.45289308424,3.9000508285485482,12.177136515831197,57,0,1
22.876880856183284,1.5372115623968723,1,72614.78033774954,2.52337315200704,66.23788511337132,26,1,1
23.30814645891372,0.8802266390444019,1,40294.252905247806,6.027522096816521,72.24924114675017,79,0,1
23.703716665244094,0.7286703016610035,1,40741.5379051743,3.585675383583463,63.644973439011366,41,0,0
20.422826390315098,3.1108617374516845,1,96860.44520954587,7.1009903746234375,3.414969988165128,89,2,2
22.620964363417944,1.897098222690507,1,92034.98229578277,1.3453757933092954,108.28201534682213,28,1,2
39.55375901723815,0.20563115798467202,1,8993.448963903396,5.068694891805689,117.8072546149119,1,0,1
19.854390587868753,4.574379903104149,1,84657.72886826786,8.638293439750772,84.9336804390884,10,1,1
15.972566111058711,3.5536716667371637,1,78964.43653207568,7.688241335165653,18.103661790119716,21,0,1
38.943288829687155,1.891802009105237,0,35411.89424457796,5.776399247634209,60.05515300377939,44,1,0
35.54022005346358,3.2153209959961444,1,64258.3438132668,7.386669919780017,69.11263151531033,33,0,0
43.7750321826176,2.811268460293002,1,34706.847521164535,6.942343363641432,10.037812206802448,38,1,1
19.754127803879207,2.2956433942342405,1,52776.962336918674,6.529732034819407,84.66810118344782,38,0,1
38.673314039609885,3.5577778575493655,0,42216.733353252304,1.0375510579587865,107.8746011824039,28,1,2
18.49332696447756,2.8434172761318077,1,95459.6115577885,0.2241568724399099,76.18911595823648,38,0,0
46.089278389489124,0.2965302267891329,0,10757.597339751093,0.5828009227316091,117.92010446564511,40,2,1
23.703716665244094,0.7286703016610035,1,40741.5379051743,3.585675383583463,67.09805540893889,41,0,0
46.12466561687354,0.39199465508871567,1,34706.847521164535,7.237675877850275,118.43789520875308,38,0,1
23.34408845740102,2.258214891238463,1,84657.72886826786,8.638293439750772,54.8533521417977,32,1,0
23.00327916558357,1.9919553224061444,1,37368.381677630045,5.5611851744028185,75.74461166868124,40,1,2
42.48681840580373,0.17175851288041577,1,8993.448963903396,5.068694891805689,117.8072546149119,1,0,1
15.802950363212283,1.3155715173809388,1,77647.4730618458,2.8950085620297497,18.103661790119716,26,0,2
19.396350648646127,3.0102431263099505,1,63923.34065658266,7.124679753426677,14.68925582241829,40,1,2
18.551322382320286,2.1879938368009797,1,54877.44041821184,6.529732034819407,84.90295377551793,38,0,2
22.424650392672078,1.8913632236945555,1,38160.18558548321,5.86739446563484,76.01197555660227,35,1,1
14.11017204482519,3.2130042350653825,1,48327.96082019558,7.427569028509607,45.547416739341436,59,0,0
18.48381551201259,2.196204463321441,1,55014.09512662576,6.538561436858043,85.0562914492292,6,1,2
43.69801579251924,1.0130244906126746,0,44629.69220285639,0.22381365973809242,100.95590244207439,3,2,0
33.92269998736224,1.5541928041319917,1,64258.3438132668,8.105789526082027,69.11263151531033,33,0,0
18.06804204362283,0.7286703016610035,1,39919.20667701213,3.8880610686321746,63.644973439011366,35,0,2
13.843586422834054,2.196204463321441,1,52782.55788125706,8.64928832325681,76.90353101160414,9,2,2
43.87550179793587,2.6283376116052724,0,10757.597339751093,0.44254465811299637,7.511696413742968,34,0,1
36.75164242368925,0.7375719963012227,1,64258.3438132668,4.262066534796478,21.477963527604487,15,0,0
33.0223889400373,3.5312650843207605,1,38978.87965073931,1.0375510579587865,110.50297698553813,28,1,1
15.668432627399245,1.3753100325578091,1,78964.43653207568,7.578768510851603,18.103661790119716,22,0,1
18.42561599462603,4.608994210991485,1,29622.568534308342,3.6996021608474043,40.71072986595469,46,0,1
36.48322842941879,1.9758042131326465,1,30197.230685863782,4.692101813495091,20.656055869539692,38,0,0
14.013314860529,1.844390419958579,1,46047.70378407846,6.580492607182852,76.72165500324182,12,1,1
15.972566111058711,3.4539655654992787,1,78240.28919376637,7.688241335165653,18.65877821239745,21,0,1
33.021931746751434,1.5899575700223536,1,37631.017342149935,5.350750735229669,90.14466368684509,40,1,1
13.317143965276347,4.574379903104149,1,84422.95971126521,8.681443133025585,76.83389658517115,8,1,1
38.61703051743705,1.8571854160198038,0,34570.31646716047,4.171792180039169,71.95059715523846,40,0,0
21.665915463623204,3.198339755453609,1,72614.78033774954,2.52337315200704,66.23788511337132,26,1,1
23.784643932353045,2.2177909642829237,1,36800.86776335314,0.5999003328786889,10.396041897568207,37,2,0
19.854390587868753,4.574379903104149,1,84657.72886826786,6.507842960960036,84.98665702279621,12,1,1
23.612502452274477,1.1770760862850063,1,84657.72886826786,8.638293439750772,55.594481123722915,58,1,0
46.275538879879626,0.20563115798467202,0,16560.69608971205,0.5828009227316091,117.9160324153201,35,0,1
19.16328983884297,1.3712389208540492,1,39919.20667701213,2.491423970564467,66.11602193133756,41,0,0
20.291416301291687,2.2316321225644282,1,77257.04778221565,2.686866681959579,17.09217889816786,24,0,2
43.69801579251924,3.2044254940638397,0,44629.69220285639,0.23000529763157362,102.185178244681,61,0,0
19.754127803879207,2.2956433942342405,1,46745.47095570355,6.529732034819407,84.66810118344782,7,1,1
33.0223889400373,3.5312650843207605,1,8309.987316596378,1.0375510579587865,96.51531627134867,28,1,1
18.119238613169582,2.196204463321441,1,52821.26932734533,8.64928832325681,85.01094027549772,9,2,2
18.1074230210027,1.856976555365793,1,45638.59617458628,6.580492607182852,76.71447093830163,12,1,1
36.75164242368925,0.7397889683787482,1,64258.3438132668,4.262066534796478,22.140707967712814,15,0,0
36.48322842941879,1.9758042131326465,1,26498.619829103947,4.692101813495091,20.656055869539692,38,0,0
15.668432627399245,1.3244338516460092,1,78956.93891947674,8.635123075414622,17.525665987629417,21,0,1
24.122832630193894,0.7286703016610035,1,95115.5829489248,0.18458118993974915,63.644973439011366,41,0,0
15.770188286677051,1.3244338516460092,1,78964.43653207568,2.842140876772926,18.103661790119716,26,0,1
16.142090896276166,1.3743375586194897,1,35730.38117678395,7.578768510851603,20.209763723339815,21,0,1
22.940860990917542,1.7587785827344737,1,77073.40909082546,7.9034785031993415,78.21702367498413,35,0,1
41.41840353758441,0.17175851288041577,1,8993.448963903396,5.068694891805689,117.81132666523689,1,0,1
23.723038979995575,0.7191429969157572,1,72614.78033774954,3.617624565026086,63.76683662104514,26,1,1
15.365924651174078,4.487352312151518,1,85048.154147898,8.84545329166171,85.94748694085382,26,1,1
14.09473159694695,1.0216042171354562,1,60800.43753025173,7.427569028509607,45.15176223371135,1,2,0
19.854390587868753,4.574379903104149,1,85757.26719684774,8.00484409934204,84.9336804390884,48,0,1
40.10752305623489,0.20563115798467202,1,39663.1835436932,5.068694891805689,117.8072546149119,1,0,1
14.208163331603703,2.196204463321441,1,54975.38368053749,6.538561436858043,76.94888218533563,25,1,2
13.973933886029362,1.4544828977146547,1,38793.27250756188,4.196101694445764,63.65215750395156,35,0,2
33.60101771184368,3.629701191304114,1,42209.91263419582,1.0375510579587865,107.17580164019284,28,1,2
23.612502452274477,0.7197560086168593,1,84665.2264808668,7.581938875164157,56.17250427003821,11,1,0
18.49332696447756,2.8434172761318077,1,41085.53688225568,3.6412438629532735,76.18911595823648,58,0,0
13.741830763557301,2.133320568066695,1,56898.87315659335,6.617678494542522,76.95650759531193,8,1,2
21.950992136766082,1.8923356976328762,1,80670.09375994532,5.86739446563484,81.07386863801712,33,1,1
15.972566111058711,3.5536716667371637,1,40051.21304162107,5.652157294196591,18.5965503039118,21,1,1
12.999769080581412,2.007596751287739,1,44560.79275447504,6.580492607182852,77.85349341912676,8,1,2
18.333750030098955,3.0102431263099505,1,27159.518641002374,7.124679753426677,10.037812206802448,38,1,2
46.22513523219774,0.20563115798467202,0,10757.597339751093,5.068694891805689,117.91201119195566,33,0,1
42.608302403057706,1.6619970598564926,1,91696.27876040759,6.778162675117894,103.0884656565385,75,2,0
22.424650392672078,1.8913632236945555,1,37436.038220064846,5.86739446563484,75.74461166868124,40,1,1
23.30814645891372,0.8802266390444019,1,73649.46777846516,6.027522096816521,3.010195653098804,79,1,1
14.09473159694695,3.2130042350653825,1,48327.96082019558,7.427569028509607,45.15176223371135,58,0,0
13.843586422834054,2.196204463321441,1,52782.55788125706,6.518837926829837,76.95650759531193,12,2,2
38.72942488419717,3.5790241729095476,0,51493.12745085847,2.061185064559429,13.856952275395823,51,2,0
43.092545380496226,1.8571854160198038,0,35411.89424457796,4.171792180039169,71.95059715523846,41,1,0
37.496246907642174,0.2709033293463742,1,73756.41439851958,7.767636120702544,26.379238909316655,56,2,1
20.053291220805928,3.5784995211340513,1,62985.86515532462,3.2693888678905756,112.43319421835085,58,2,2
43.98537795174748,3.6652264940069514,0,17286.628752258683,3.800001439355958,40.09958845164131,57,2,2
19.72996894266152,0.410724011862465,1,90287.45289308424,3.9000508285485482,14.543431795460311,57,2,1
20.238045670889132,2.3273121209383794,1,98311.19264252842,0.5999003328786889,3.7731960671856912,88,2,2
36.48322842941879,2.27603021049493,1,64258.3438132668,4.692101813495091,21.477963527604487,33,0,0
19.854390587868753,4.574379903104149,1,84657.72886826786,8.638293439750772,84.9336804390884,8,1,1
41.580256330078484,2.9887031863081823,1,82673.3571004246,2.7795298298116644,18.60441909576616,69,1,2
23.003234019450737,1.5372115623968723,1,72112.28266636473,9.3162554944941,51.371827006868614,74,1,1
44.00213808007795,4.403163601271683,1,34079.17707110972,3.582247804311166,40.71072986595469,46,0,1
44.130342002639786,1.6182735066079372,0,47590.996433272834,3.3140856733449175,111.15341395694509,82,2,1
33.60101771184368,3.631857189358154,1,42209.91263419582,1.0375510579587865,107.86184607725079,28,1,2
45.057066523476934,0.9431242171067816,1,44461.998659987476,1.5551228474749246,45.550442240506605,71,0,1
35.74429883744549,1.0755920247680983,0,51821.07193992092,1.3827820112238276,42.65764643569136,66,2,1
23.703716665244094,0.7286703016610035,1,39919.20667701213,3.585675383583463,63.644973439011366,41,0,0
21.30322026463967,4.104141839166696,0,8994.777055929142,6.993734074186813,110.53433432138709,79,0,1
41.22871106300204,0.9585420702777697,1,33370.83309584829,2.5766070323939925,106.15788660132397,95,2,1
15.668432627399245,1.3244338516460092,1,78964.43653207568,2.8793267385284493,18.103661790119716,26,0,1
39.222500929800084,1.0130244906126746,0,44430.88582676844,0.22381365973809242,100.95590244207439,3,2,0
31.918414227108602,4.014304838832513,0,90637.50524837378,4.512621913343474,92.00376644992951,62,0,0
11.462493121233033,2.509893561666217,1,106498.39584826624,0.15550469842214976,75.47126545719757,81,1,0
19.49289525638001,3.516734076715357,0,51493.12745085847,2.061185064559429,13.888197208876461,51,2,1
33.5932004293452,3.7055393614355383,1,39751.53729359043,8.118173255511486,99.55392000380192,55,1,2
40.13320210356466,0.9585420702777697,1,33370.83309584829,2.5766070323939925,106.15788660132397,10,2,1
45.057066523476934,3.889731469075895,1,91167.54893870461,1.659433547661431,45.550442240506605,71,0,0
20.238045670889132,2.3273121209383794,1,98311.19264252842,0.5999003328786889,3.7731960671856912,83,2,2
14.804520277212806,4.485190848620202,1,59308.995918101464,3.7908362668282822,84.05339715683,12,2,2
15.668432627399245,3.0143302648034678,1,78964.43653207568,7.071718376470244,10.228941798799456,26,0,2
35.74429883744549,4.174759674909979,0,52282.94499791648,1.3205323397098692,42.65764643569136,55,0,1
46.22513523219774,0.20563115798467202,1,10757.597339751093,0.19357682562513534,117.91201119195566,33,0,0
46.25942272223575,0.8802266390444019,1,72172.11537851697,6.044765008536672,5.815628298065194,41,1,0
39.03669970097883,1.0130244906126746,0,44430.88582676844,0.06392909504006705,62.96440538654724,42,2,0
20.053291220805928,3.597477914800167,1,63957.39083658012,3.2693888678905756,74.19871645004511,58,2,2
23.14885054291799,1.451192478586883,1,72112.28266636473,8.99980056061987,51.371827006868614,74,1,1
42.608302403057706,2.2503960767974522,1,91306.98261529958,6.778162675117894,103.0884656565385,75,0,0
38.96650390745336,0.47420881950956595,1,90287.45289308424,3.9000508285485482,14.512186861979673,57,2,0
37.50406419014065,0.11226784526397116,1,76214.78974575206,0.7001239701550812,41.47733989711666,29,2,1
20.949887635059014,4.574379903104149,1,91087.38006044355,8.894273069965154,84.9336804390884,93,1,1
31.918414227108602,1.067702538346635,0,53045.0742173598,4.408311649002779,92.00376644992951,62,0,1
41.60071354844972,1.6182735066079372,0,47590.996433272834,3.3140856733449175,111.15341395694509,87,2,1
43.05087073501273,2.1968584867646164,1,34079.17707110972,6.563324042624453,37.04347334566005,46,0,1
18.333750030098955,1.3203467214535252,1,27159.518641002374,2.9322881145616733,17.912532198371732,38,1,1
21.30322026463967,1.0049113143669126,0,8537.526651017193,7.056253828657154,110.53433432138709,79,2,1
11.462493121233033,2.509893561666217,0,106498.39584826624,5.026660040360307,75.47126545719757,81,1,1
23.459214362606204,2.1292416583640366,0,24392.021762089247,4.154549268318955,71.95059715523846,79,1,1
23.889517703933826,0.7286703016610035,1,39919.20667701213,3.8393801693175487,89.87079331401458,2,0,0
22.424650392672078,1.8913632236945555,1,36464.512539538206,5.86739446563484,113.963597964635,40,1,1
41.580256330078484,2.9887031863081823,1,74503.0853748969,2.7795298298116644,17.799462128651697,75,1,2
43.83953280667304,3.751245229733977,0,17286.628752258683,4.344309771199397,40.09958845164131,57,2,2
36.48322842941879,1.6876311935539716,1,64647.63995143978,4.692101813495091,21.477963527604487,33,2,0
41.580256330078484,2.9894993536732626,0,80744.3491027431,4.351193063601489,93.53974397543448,69,1,2
19.854390587868753,4.574379903104149,1,84657.72886826786,7.198845518012945,110.70657549584817,2,1,1
46.22513523219774,0.2095612025070412,1,9931.49567497215,0.19370846671388722,102.45926520231362,33,2,0
22.432522697046807,2.999119261734096,1,36464.512539538206,7.1361979868772245,106.96366811527258,40,1,1
22.8802682573286,1.3672371207668501,1,72112.28266636473,8.99980056061987,9.469190162802878,74,1,1
23.224324881122755,0.8077106899126836,1,39907.818323715896,4.173158100160361,85.80062286498443,2,1,0
46.87560044293812,1.709642024826743,0,63045.84095441053,5.068694891805689,117.91201119195566,33,2,1
35.74429883744549,4.124018791066709,0,58462.458610250775,7.133663102444532,42.65764643569136,24,0,1
19.49289525638001,3.3120750193269037,0,50646.199509360355,2.0689955928616968,13.888197208876461,51,2,1
33.899387620206916,3.631857189358154,1,42209.91263419582,1.0375510579587865,63.510116044765766,28,1,2
19.402561999250153,1.3203467214535252,1,26986.80291431512,6.62076752102481,17.912532198371732,38,1,1
46.70808950084328,2.3273121209383794,1,98311.19264252842,6.3161885878754624,3.7731960671856912,88,2,2
19.99577023380076,1.791595892929182,1,62985.86515532462,3.2693888678905756,77.81580187924172,65,2,1
12.588160564723992,1.3141536717555087,1,64339.29875362862,2.811802571242213,18.103661790119716,26,0,1
14.77726164846563,2.3764712815247035,1,61091.88763094012,3.7892395021125056,87.08027361770965,13,2,1
14.862538015250637,4.403163601271683,1,33805.51465649859,7.320553277327668,40.71072986595469,58,0,0
21.30322026463967,4.104141839166696,0,8994.777055929142,8.43318199278002,84.76135404373989,97,0,1
39.222500929800084,1.009111668028097,0,46870.61731188095,0.22368201864934054,116.40216896219323,2,0,0
21.708662592491514,1.9024870882708456,1,27159.518641002374,5.855876232184254,16.868753282861427,47,1,2
13.830347865541857,3.0982856349049204,1,78964.43653207568,6.497146809872431,52.134272997238114,26,0,2
43.690916539098346,1.785851663286239,0,35423.28259787419,3.838014249196357,71.95059715523846,41,0,0
36.48322842941879,0.1846482703125517,1,12363.131232717591,4.692101813495091,21.477963527604487,33,0,0
42.608302403057706,1.712726311428428,1,91696.27876040759,0.9673124137387159,103.0884656565385,75,2,0
40.13320210356466,0.7175691943606614,1,33370.83309584829,2.5687965040917247,106.15788660132397,10,2,1
22.190542021586587,0.7219910027035176,1,39919.20667701213,3.585675383583463,107.99594185159977,41,0,0
13.8579628586172,2.196204463321441,1,52955.27361550467,2.8303585552156374,76.95650759531193,12,2,2
19.771101540266958,0.8802266390444019,1,72172.11537851697,0.1290217964919924,5.815628298065194,38,1,0
22.48217137967725,4.051476010946736,1,37436.038220064846,5.967387020173556,110.35997647302173,40,1,2
36.48322842941879,2.2863103904010633,1,82378.47182405092,4.759625980800178,21.477963527604487,33,0,0
43.0817133712475,4.305499018015482,1,32296.28536399047,6.564920807274029,34.016595918655156,45,0,2
43.24159383375762,3.2130042350653825,1,48601.6232348071,3.6892634870705425,45.15176223371135,46,0,1
13.655314873514293,4.574379903104149,1,84657.72886826786,7.198845518012945,76.01793450995412,10,1,1
19.196084871859092,3.631857189358154,1,51066.28142018039,1.009585429524763,99.70820064846818,24,2,2
42.97723294141978,2.1968584867646164,1,33959.386287659,6.563324042624453,37.04347334566005,46,0,1
13.830347865541857,3.0982856349049204,1,78964.43653207568,6.497146809872431,57.77364543672073,29,0,0
22.375038408330113,1.3244338516460092,1,78964.43653207568,2.8793267385284493,18.103661790119716,28,1,1
38.43604418313999,1.009111668028097,0,46870.61731188095,0.2730343828479378,116.45041493674313,2,0,0
12.588160564723992,1.3141536717555087,1,65579.57434281532,2.811802571242213,23.402397445116314,26,0,0
13.365407380036123,2.196204463321441,1,52955.27361550467,4.669859077778278,76.30664925753052,21,2,0
40.13320210356466,0.9585420702777697,1,33370.83309584829,2.601030470112312,89.33938067828666,2,2,1
38.670450610033356,0.7401448306199281,1,12363.131232717591,3.265164421911182,21.477963527604487,33,0,0
39.98506851455464,0.6688389725909125,1,42651.6390850333,2.0296399594040917,106.34572862482356,55,0,1
22.190542021586587,0.7219910027035176,1,39919.20667701213,3.6337017155964464,107.99594185159977,15,2,1
15.668432627399245,4.451821023985559,1,78964.43653207568,7.071718376470244,10.228941798799456,24,0,2
23.224324881122755,0.6063428770042834,1,38707.444993543075,6.725084810602369,27.4737949153779,1,1,2
14.804520277212806,1.4787628326271267,1,64627.427500960985,3.7908362668282822,84.05339715683,38,1,2
20.04266294581525,2.196204463321441,1,52782.55788125706,6.518837926829837,111.64328098710283,2,2,2
33.89782887723957,3.65000155566662,0,41789.83072337579,2.09696122265041,17.46377677097587,47,1,1
16.405460245788916,3.0102431263099505,1,27279.309424453095,7.124679753426677,10.037812206802448,38,1,2
46.22513523219774,0.2095612025070412,1,9931.49567497215,0.19370846671388722,102.95104387039272,33,2,2
15.610237418522532,4.574379903104149,1,84657.72886826786,8.638293439750772,84.9336804390884,8,0,1
20.053291220805928,3.5784995211340513,1,62985.86515532462,3.2253341182821815,112.38494823579414,69,2,2
46.22513523219774,0.20563115798467202,1,9529.838782693438,0.19357682562513534,111.793189777117,33,0,1
36.98586417419732,2.27603021049493,1,64258.3438132668,2.852601290938075,22.12790936519889,33,0,2
23.889517703933826,0.7286703016610035,1,39194.560590260786,3.8149567315993256,106.68929908393314,2,0,0
22.2777489663633,0.17318013378832364,1,39919.20667701213,3.572608930076667,63.644973439011366,41,0,0
14.247892641271072,3.0362195947572985,1,48362.75409517987,5.451165412032828,45.15176223371135,6,2,0
14.258259290262284,2.3764712815247035,1,61091.88763094012,3.593068584888494,88.50716969495032,39,0,0
14.862538015250637,2.965667260170955,1,33805.51465649859,7.320553277327668,40.71072986595469,60,0,0
44.702570137657126,3.9136583105372456,1,32475.55642759348,4.172045342571711,85.69721807933227,36,0,0
18.333750030098955,4.326285059684579,1,27159.518641002374,2.9322881145616733,17.912532198371732,12,2,1
12.369510462370435,0.6991150835936127,1,62420.64317269661,3.199492022320308,19.66909891745979,27,0,1
13.8579628586172,1.3292832300606605,1,52955.27361550467,2.8303585552156374,76.95650759531193,12,2,2
39.328288872480776,2.3951849050824343,1,33370.83309584829,2.5588484030671146,106.15788660132397,42,2,1
15.541899500477417,4.577209770640993,1,24418.838767846617,6.518837926829837,81.30193510081875,2,2,2
24.02036447265844,3.9136583105372456,1,32475.55642759348,4.172045342571711,85.69721807933227,36,0,0
38.670450610033356,1.0214910000938837,1,13620.060011839874,3.265164421911182,21.477963527604487,33,0,0
37.746367278827044,0.15159659906820222,1,79633.57998832289,4.692101813495091,21.477963527604487,33,0,0
15.668432627399245,0.8010246085395301,1,76226.29363122905,4.054108225664658,11.777573593574262,24,0,2
46.22513523219774,0.31803807228331815,1,10757.597339751093,0.19357682562513534,117.91201119195566,33,0,0
19.81617663282926,0.9290591785499664,1,65579.57434281532,2.811802571242213,23.402397445116314,26,1,1
38.60616188078204,0.9476058331981451,1,33346.32221766304,3.6111401664094567,105.80766756693212,8,2,0
38.43604418313999,1.5289714938919152,0,42789.70000319201,0.3547821142042651,116.45041493674313,2,0,0
23.224324881122755,0.32960698642800823,1,38707.444993543075,6.906222047309415,27.4737949153779,0,1,1
22.40968001167206,1.3401254099881867,1,41837.86225797047,2.811802571242213,106.40566133811114,40,0,0
16.22330814164521,2.1913550849094805,1,78964.43653207568,2.8793267385284493,18.103661790119716,26,0,1
20.165448728062607,0.698857867367291,1,61091.88763094012,3.603016685913113,86.97129155498006,7,0,0
20.11100086413505,2.19307259783488,1,84657.72886826786,8.51252489046031,111.56318495151476,8,0,1
45.23870972188565,0.7286703016610035,1,39194.560590260786,3.8149567315993256,112.34235024010822,2,0,0
12.602992860196654,3.146450120643876,1,11705.999045504926,6.497146809872431,52.134272997238114,26,0,2
23.224324881122755,4.457737012979161,1,42645.96122718068,7.190768244878921,85.80062286498443,2,1,0
14.247892641271072,3.0362195947572985,1,48362.75409517987,5.999918049975066,45.15176223371135,1,2,0
14.653776146773314,4.892829503805481,1,84657.72886826786,8.638293439750772,84.9336804390884,8,0,0
25.416557336506287,0.7396065387406282,1,35445.598053692556,2.4817715723644396,90.221012317832,2,0,1
14.804520277212806,1.4787628326271267,1,68409.64760197751,3.714439587232616,84.05339715683,38,1,2
18.333750030098955,1.3203467214535252,1,24620.686019868368,2.7511509832531384,17.912532198371732,40,1,2
39.354040310324955,0.7401448306199281,1,12363.131232717591,4.1981312177935886,20.87413745803657,36,0,0
36.48322842941879,0.1846482703125517,1,12363.131232717591,4.692101813495091,21.477963527604487,10,0,0
14.247892641271072,4.539959907509655,1,27874.03286091061,5.451165412032828,45.15176223371135,13,2,0
22.54073444326557,0.7794354836520963,1,39907.818323715896,2.9070617402309535,85.80062286498443,3,1,0
40.13320210356466,0.7175691943606614,1,33370.83309584829,2.5687965040917247,106.15788660132397,40,2,1
18.333750030098955,3.0102431263099505,1,27159.518641002374,7.124679753426677,10.037812206802448,38,1,2
46.22513523219774,0.20563115798467202,0,10757.597339751093,5.068694891805689,117.91201119195566,33,0,1
42.608302403057706,1.6619970598564926,1,91696.27876040759,6.778162675117894,103.0884656565385,75,2,0
22.424650392672078,1.8913632236945555,1,37436.038220064846,5.86739446563484,75.74461166868124,40,1,1
23.30814645891372,0.8802266390444019,1,73649.46777846516,6.027522096816521,3.010195653098804,79,1,1
14.09473159694695,3.2130042350653825,1,48327.96082019558,7.427569028509607,45.15176223371135,58,0,0
13.843586422834054,2.196204463321441,1,52782.55788125706,6.518837926829837,76.95650759531193,12,2,2
38.72942488419717,3.5790241729095476,0,51493.12745085847,2.061185064559429,13.856952275395823,51,2,0
43.092545380496226,1.8571854160198038,0,35411.89424457796,4.171792180039169,71.95059715523846,41,1,0
37.496246907642174,0.2709033293463742,1,73756.41439851958,7.767636120702544,26.379238909316655,56,2,1
20.053291220805928,3.5784995211340513,1,62985.86515532462,3.2693888678905756,112.43319421835085,58,2,2
43.98537795174748,3.6652264940069514,0,17286.628752258683,3.800001439355958,40.09958845164131,57,2,2
19.72996894266152,0.410724011862465,1,90287.45289308424,3.9000508285485482,14.543431795460311,57,2,1
20.238045670889132,2.3273121209383794,1,98311.19264252842,0.5999003328786889,3.7731960671856912,88,2,2
36.48322842941879,2.27603021049493,1,64258.3438132668,4.692101813495091,21.477963527604487,33,0,0
19.854390587868753,4.574379903104149,1,84657.72886826786,8.638293439750772,84.9336804390884,8,1,1
41.580256330078484,2.9887031863081823,1,82673.3571004246,2.7795298298116644,18.60441909576616,69,1,2
23.003234019450737,1.5372115623968723,1,72112.28266636473,9.3162554944941,51.371827006868614,74,1,1
44.00213808007795,4.403163601271683,1,34079.17707110972,3.582247804311166,40.71072986595469,46,0,1
44.130342002639786,1.6182735066079372,0,47590.996433272834,3.3140856733449175,111.15341395694509,82,2,1
33.60101771184368,3.631857189358154,1,42209.91263419582,1.0375510579587865,107.86184607725079,28,1,2
45.057066523476934,0.9431242171067816,1,44461.998659987476,1.5551228474749246,45.550442240506605,71,0,1
35.74429883744549,1.0755920247680983,0,51821.07193992092,1.3827820112238276,42.65764643569136,66,2,1
23.703716665244094,0.7286703016610035,1,39919.20667701213,3.585675383583463,63.644973439011366,41,0,0
21.30322026463967,4.104141839166696,0,8994.777055929142,6.993734074186813,110.53433432138709,79,0,1
41.22871106300204,0.9585420702777697,1,33370.83309584829,2.5766070323939925,106.15788660132397,95,2,1
15.668432627399245,1.3244338516460092,1,78964.43653207568,2.8793267385284493,18.103661790119716,26,0,1
39.222500929800084,1.0130244906126746,0,44430.88582676844,0.22381365973809242,100.95590244207439,3,2,0
31.918414227108602,4.014304838832513,0,90637.50524837378,4.512621913343474,92.00376644992951,62,0,0
11.462493121233033,2.509893561666217,1,106498.39584826624,0.15550469842214976,75.47126545719757,81,1,0
35.90406930229611,4.014304838832513,0,95251.71951630262,4.542983598855489,94.59720240799042,54,2,1
22.260885177874737,1.8913632236945555,1,37436.038220064846,5.938405397513225,44.7700149868317,58,1,1
23.28170557096992,2.306635323524278,1,63526.506481730445,5.891620435540325,5.8643709306699465,35,1,1
20.053291220805928,3.5784995211340513,1,62985.86515532462,3.2693888678905756,116.2439212355506,58,2,2
42.608302403057706,1.5906999601589016,1,90968.69349650042,6.778162675117894,103.0884656565385,58,2,0
39.46227448744513,3.0102431263099505,0,27159.518641002374,0.16284038233565745,8.21859813503885,36,1,2
40.89440413071496,3.669040521328427,1,54963.29798502026,2.061185064559429,83.34071580143262,51,2,0
41.22871106300204,0.9585420702777697,0,33370.83309584829,2.5766070323939925,106.15788660132397,95,0,1
19.854390587868753,4.536713411559336,1,85523.15359798798,8.638293439750772,84.9336804390884,8,1,1
43.092545380496226,1.8571854160198038,0,55033.924203360366,1.259935719153379,71.95059715523846,40,1,0
14.943044573419805,0.2279464963371194,1,105739.57083846477,4.8788681662660505,75.47126545719757,82,1,0
44.19042218760438,0.7286703016610035,1,39849.2860291978,3.585675383583463,66.45040017620232,41,0,0
32.81735612603716,3.6312485182988636,1,42209.91263419582,1.0375510579587865,107.86184607725079,28,1,2
45.057066523476934,0.9431242171067816,1,44461.998659987476,0.5596516911570587,47.139011417501415,71,0,1
23.003234019450737,1.5372115623968723,1,71835.30298591996,9.3162554944941,18.334546197616554,27,0,1
19.72996894266152,0.410724011862465,1,90287.4842394528,3.8696891430365334,11.98524958998862,57,0,0
14.258498996450179,3.2130042350653825,1,48327.96082019558,7.356558096629586,67.81028519015453,40,0,0
34.912994513709805,0.8496216709243263,1,74381.30511000151,4.828003474771285,21.477963527604487,84,0,0
41.580256330078484,3.27225554071336,1,89106.04533074249,2.7795298298116644,13.78031254165748,75,1,2
37.496246907642174,0.47857170348917233,1,74483.99966239416,8.518109544054308,26.379238909316655,73,2,1
18.09402158683374,1.0130244906126746,1,44430.88582676844,7.288043872566229,97.74434925745392,3,2,0
13.85621414237996,2.196204463321441,0,52741.97543255904,6.518837926829837,7.599040133266797,12,2,2
21.30322026463967,4.104141839166696,1,8994.777055929142,6.993734074186813,102.9454489588169,89,2,1
44.130342002639786,1.6551516272907683,0,46725.57163288744,3.3140856733449175,111.15341395694509,78,2,1
35.74429883744549,1.0755920247680983,0,35234.92453229893,4.202869302040595,17.93606348725188,67,2,1
46.22513523219774,2.7622354419984942,0,11547.314590024085,0.37451889258068594,117.91201119195566,32,0,1
19.34369507454921,4.403163601271683,1,34149.09771892405,3.582247804311166,28.951693194517894,46,0,1
44.76902442232754,3.665835165066242,0,17286.628752258683,3.800001439355958,40.09958845164131,57,2,2
17.525812416400868,2.2501007334013785,1,98311.19264252842,1.5953717155271332,2.4295733463897484,94,2,2
15.668432627399245,1.3244338516460092,1,78410.87098380376,3.109403412180791,51.14094651620431,74,1,1
13.014434080473574,2.2716277336772412,1,48399.805368927126,7.356558096629586,67.81028519015453,40,0,0
16.077214905960993,2.2126826253317704,1,98833.17640085547,1.5953717155271332,2.4295733463897484,97,2,2
22.69956739523903,0.410724011862465,1,51306.84298519339,3.4935588610846637,14.603225560890419,57,2,0
18.09402158683374,1.0256787207946256,1,43198.08442609286,9.481618514974318,97.74434925745392,26,2,0
45.057066523476934,4.4517531937544605,1,34872.09351413282,0.6254843118283289,46.966067470008014,49,0,1
23.039850094203185,1.3209094438106592,1,63460.26185090308,9.047986918505215,54.10819930431696,74,1,1
19.854390587868753,4.574379903104149,1,83026.25500560668,6.517122295836649,84.25248295263323,8,1,1
10.336176106618527,2.509893561666217,1,103304.72965812587,0.3300689978691218,75.47126545719757,80,1,0
14.093708568256089,2.005210172024743,1,52782.55788125706,0.5122626331995357,102.41762075242646,15,2,2
23.849933094882513,0.7286703016610035,1,39919.20667701213,8.474989444804423,82.2382890277802,59,0,0
44.00213808007795,4.403163601271683,1,34079.17707110972,2.670957970604184,40.71072986595469,29,0,1
46.33343950229053,2.6013100957599,0,39594.71704857762,3.7019436959810057,66.88353246762591,32,0,1
33.60101771184368,3.5832780355492795,1,40047.071354819986,1.1132023644402995,109.69070915700532,29,1,2
40.89440413071496,3.657691729402913,1,54963.29798502026,2.1661726061135376,77.83167193201139,51,2,0
42.412369347009566,2.647029317116206,1,64186.49926453526,4.692101813495091,21.477963527604487,33,0,0
17.429501726620153,1.2858976240790896,1,78442.45276597315,2.8793267385284493,18.103661790119716,26,0,1
38.72942488419717,3.5790241729095476,0,90473.73707388029,2.061185064559429,13.797158509965715,51,2,1
23.003234019450737,1.5245573322150003,1,73068.1043867841,7.122473335967211,18.334546197616554,4,0,1
19.34369507454921,0.8936127393931848,1,47829.54130769473,3.5167079317588725,29.124637142042936,71,0,1
18.02630696292484,3.5784995211340513,1,72258.30924526598,3.599532848270272,113.33985481266534,58,2,2
13.85621414237996,2.196204463321441,0,66435.5014094897,8.64000900751883,8.348365228899567,12,2,2
22.424650392672078,1.8913632236945555,1,40624.72013706414,5.73350517788342,71.8217566810583,45,1,1
38.97801738799243,1.2040187833680371,0,44430.88582676844,6.2631363658439625,74.47829466587852,3,2,0
19.70817415823043,4.536713411559336,1,88613.3534978993,3.748904861680592,84.9336804390884,8,1,1
32.81735612603716,3.6312485182988636,1,47176.775013079314,1.0375510579587865,107.86184607725079,45,1,2
44.082117917506146,0.8896003508277999,1,11801.915390723016,0.26744329030129954,117.23517056130419,41,0,0
15.668432627399245,1.3300503202737641,1,80573.71225798834,3.037128197086856,49.29800701389886,74,1,1
14.943044573419805,0.2279464963371194,1,90771.88536120663,4.8788681662660505,75.47126545719757,82,1,0
39.46227448744513,3.0215919182354076,0,27159.518641002374,0.07912523815057493,13.77028935222615,36,1,2
44.42180359065419,4.525615958457805,1,30905.209744764084,3.582247804311166,34.084466359528705,48,0,1
20.093095177261496,4.443207367971166,1,48327.96082019558,7.356558096629586,67.81028519015453,40,1,1
10.826951170005374,1.3537426583808667,1,103304.72965812587,2.922278268499002,75.47126545719757,79,1,0
23.267898778180378,2.196204463321441,1,52782.55788125706,6.485853765143483,76.95650759531193,12,0,2
32.5242314608282,4.444648956655634,1,33853.06524264808,1.003187076682875,40.71072986595469,29,0,1
33.60101771184368,3.703344999562754,1,42209.91263419582,0.8908650047919004,104.02461070820593,12,1,2
43.902421468257835,0.8896003508277999,1,11801.915390723016,9.224191260110327,117.23517056130419,41,0,0
19.34369507454921,4.403163601271683,1,34149.09771892405,3.7469269940321066,28.951693194517894,46,2,1
39.46227448744513,3.0215919182354076,0,27159.518641002374,0.07912523815057493,13.77028935222615,36,1,1
44.336568371688465,4.572126388383118,1,83026.25500560668,6.5527979832317405,84.25248295263323,8,0,1
18.445880409093828,2.647029317116206,1,64643.78981867581,4.692101813495091,21.477963527604487,39,0,0
19.37075694025404,4.574379903104149,1,47011.37170516355,8.616698789110677,84.27994911739482,8,1,1
44.19042218760438,0.7286703016610035,1,34564.18496165863,3.585675383583463,68.84905716444365,41,0,0
47.74524877622953,2.6254749960968793,0,99039.4821821357,0.37451889258068594,117.91201119195566,32,0,0
14.093708568256089,2.005210172024743,1,51803.70853633195,1.0592444663430651,113.27773772667062,58,2,2
23.703716665244094,0.14388901264495713,1,34363.5643457142,3.585675383583463,14.489648211304715,42,2,0
14.652775642154651,3.6946203412126346,1,78625.96233654606,8.638293439750772,84.9336804390884,13,0,0
16.96267359052801,2.3679722914551777,1,78442.45276597315,0.28955867535350555,18.103661790119716,27,0,1
13.57895621364608,1.5245573322150003,1,73068.1043867841,7.155457497653565,17.04583504623875,4,2,1
44.35246457656603,3.589763123396761,1,42436.02446265746,3.3006654964088704,107.86184607725079,28,1,2
13.85621414237996,2.124716645393896,0,52741.97543255904,6.667451788481431,11.546069981150545,28,2,2
18.09402158683374,1.0256787207946256,1,43198.08442609286,0.3591653205137586,97.74434925745392,26,2,0
40.89440413071496,3.669040521328427,1,54963.29798502026,2.061185064559429,83.34071580143262,58,0,0
15.668432627399245,1.3244338516460092,1,78964.43653207568,2.8793267385284493,18.103661790119716,26,0,2
19.518735103395947,4.405417115992714,1,34079.17707110972,3.546572116827959,40.71072986595469,47,1,1
42.06045802167642,1.0130244906126746,1,43973.59527262929,7.288043872566229,97.74434925745392,4,2,0
19.827328722163926,0.8517846543173885,1,85475.89840811776,2.9620486923053084,29.778375774309175,67,0,1
14.943044573419805,0.18247444605843688,1,12560.473215500435,5.3222186441526596,75.47126545719757,82,1,1
20.730761717944922,3.5784995211340513,1,70878.58458449124,3.599532848270272,102.47973735212386,9,2,2
22.69956739523903,0.410724011862465,1,51306.84298519339,3.536147517856273,57.67867107914618,56,0,0
24.43894455894033,2.3648154832947377,1,52746.667727988955,7.122473335967211,18.4201883715587,12,0,1
19.460876195024944,1.3244338516460092,1,78964.43653207568,9.938862547227282,18.103661790119716,24,0,1
42.55582372638938,0.7286703016610035,1,39849.2860291978,3.585675383583463,66.45040017620232,41,0,0
20.730761717944922,4.602262109207682,1,70878.58458449124,0.8452054482724982,102.59546805513517,9,1,2
44.00213808007795,4.949297605277383,1,38873.60597310015,4.394586425818463,96.50565719886126,46,0,1
14.093708568256089,1.974558020159446,1,52187.26570062275,0.5122626331995357,102.41762075242646,37,2,2
22.91089301823437,0.9680823876110414,1,43167.75648721609,7.264677169643529,18.116045469019227,33,2,0
32.5242314608282,4.444648956655634,1,33853.06524264808,1.1858653568501882,85.76710356070626,13,0,1
20.778412167838404,4.390060285189914,1,46962.813456538825,7.1167748891075675,97.74434925745392,3,2,0
24.43894455894033,2.3637583430138407,1,11091.339651138023,7.122473335967211,18.4201883715587,4,0,1
13.85621414237996,2.196204463321441,0,79274.88481282908,6.518837926829837,7.599040133266797,12,2,2
39.346442029333176,3.1595855469388905,0,27449.960249058015,0.07912523815057493,13.77028935222615,36,1,0
19.303179907261615,4.534398979092969,1,81330.42132549125,6.517122295836649,84.32543943762862,8,1,1
23.267898778180378,2.2282971800349163,1,53783.62508205737,6.543169002823071,76.95650759531193,12,0,2
19.854390587868753,4.536713411559336,1,54082.04273980248,1.8591877778736676,84.9336804390884,7,1,1
43.150279197158056,4.30593088215271,1,39919.20667701213,2.6330219750128823,65.25285859188564,41,0,1
16.06194702028458,4.4297278064024415,1,79529.32439487868,2.8577723830962634,84.9336804390884,8,1,1
32.81735612603716,3.6312485182988636,1,42209.91263419582,3.7919401101703194,107.74611537423937,28,2,2
18.09402158683374,0.326826670063328,1,43198.08442609286,0.3591653205137586,41.949338904069265,15,2,0
18.445880409093828,2.677681468981504,1,65239.08199931012,4.692101813495091,21.43892253668387,17,0,0
18.186362588055566,2.0342883461043684,1,73098.4323257761,9.339319212239099,97.96505759322899,4,0,1
11.521981752780489,2.196204463321441,1,52782.55788125706,6.336722660562879,31.900136799494323,28,2,2
18.158475279920815,1.1957500604422568,1,44479.44407539316,8.616698789110677,84.27994911739482,8,1,1
44.082117917506146,0.8906575642505768,1,53458.382093540466,0.26744329030129954,117.23517056130419,41,0,0
16.831948809551854,1.3244338516460092,1,45379.71673617592,2.8793267385284493,18.103661790119716,31,0,2
42.517657274190356,0.8750383124071417,1,43683.153664598176,7.288043872566229,97.74434925745392,4,2,2
19.89490575515635,4.562300691444225,1,35844.93172157211,3.582247804311166,28.878744993053136,46,0,1
12.633306721019572,3.6946203412126346,1,78625.96233654606,8.638293439750772,84.9336804390884,13,0,0
40.89440413071496,3.669040521328427,1,86404.40883091693,8.838698034832797,83.34071580143262,59,0,0
24.55540342154231,0.8255575997745817,1,34079.17707110972,3.6236113791747693,40.92104179498294,29,0,0
25.185380334201266,4.584707574667883,1,85822.49762797804,9.090964580742924,83.5386052465379,8,1,1
18.333750030098955,3.0102431263099505,1,27159.518641002374,7.124679753426677,10.037812206802448,38,1,2
46.22513523219774,0.20563115798467202,0,10757.597339751093,5.068694891805689,117.91201119195566,33,0,1
42.608302403057706,1.6619970598564926,1,91696.27876040759,6.778162675117894,103.0884656565385,75,2,0
22.424650392672078,1.8913632236945555,1,37436.038220064846,5.86739446563484,75.74461166868124,40,1,1
23.30814645891372,0.8802266390444019,1,73649.46777846516,6.027522096816521,3.010195653098804,79,1,1
14.09473159694695,3.2130042350653825,1,48327.96082019558,7.427569028509607,45.15176223371135,58,0,0
13.843586422834054,2.196204463321441,1,52782.55788125706,6.518837926829837,76.95650759531193,12,2,2
38.72942488419717,3.5790241729095476,0,51493.12745085847,2.061185064559429,13.856952275395823,51,2,0
43.092545380496226,1.8571854160198038,0,35411.89424457796,4.171792180039169,71.95059715523846,41,1,0
37.496246907642174,0.2709033293463742,1,73756.41439851958,7.767636120702544,26.379238909316655,56,2,1
20.053291220805928,3.5784995211340513,1,62985.86515532462,3.2693888678905756,112.43319421835085,58,2,2
43.98537795174748,3.6652264940069514,0,17286.628752258683,3.800001439355958,40.09958845164131,57,2,2
19.72996894266152,0.410724011862465,1,90287.45289308424,3.9000508285485482,14.543431795460311,57,2,1
20.238045670889132,2.3273121209383794,1,98311.19264252842,0.5999003328786889,3.7731960671856912,88,2,2
36.48322842941879,2.27603021049493,1,64258.3438132668,4.692101813495091,21.477963527604487,33,0,0
19.854390587868753,4.574379903104149,1,84657.72886826786,8.638293439750772,84.9336804390884,8,1,1
41.580256330078484,2.9887031863081823,1,82673.3571004246,2.7795298298116644,18.60441909576616,69,1,2
23.003234019450737,1.5372115623968723,1,72112.28266636473,9.3162554944941,51.371827006868614,74,1,1
44.00213808007795,4.403163601271683,1,34079.17707110972,3.582247804311166,40.71072986595469,46,0,1
44.130342002639786,1.6182735066079372,0,47590.996433272834,3.3140856733449175,111.15341395694509,82,2,1
33.60101771184368,3.631857189358154,1,42209.91263419582,1.0375510579587865,107.86184607725079,28,1,2
45.057066523476934,0.9431242171067816,1,44461.998659987476,1.5551228474749246,45.550442240506605,71,0,1
35.74429883744549,1.0755920247680983,0,51821.07193992092,1.3827820112238276,42.65764643569136,66,2,1
23.703716665244094,0.7286703016610035,1,39919.20667701213,3.585675383583463,63.644973439011366,41,0,0
21.30322026463967,4.104141839166696,0,8994.777055929142,6.993734074186813,110.53433432138709,79,0,1
41.22871106300204,0.9585420702777697,1,33370.83309584829,2.5766070323939925,106.15788660132397,95,2,1
15.668432627399245,1.3244338516460092,1,78964.43653207568,2.8793267385284493,18.103661790119716,26,0,1
39.222500929800084,1.0130244906126746,0,44430.88582676844,0.22381365973809242,100.95590244207439,3,2,0
31.918414227108602,4.014304838832513,0,90637.50524837378,4.512621913343474,92.00376644992951,62,0,0
11.462493121233033,2.509893561666217,1,106498.39584826624,0.15550469842214976,75.47126545719757,81,1,0
16.84068280560779,0.410724011862465,1,90482.68352350555,3.9000508285485482,14.543431795460311,57,2,2
18.333750030098955,3.0102431263099505,1,27159.518641002374,6.993174139506379,111.90866412821953,77,1,2
22.40863297075672,0.8964411361159709,1,80035.39223299456,2.7770393191924487,3.010195653098804,27,1,1
45.04194785758409,0.9587829954690736,0,52391.34712792204,2.061185064559429,104.32234909097704,51,2,1
41.580256330078484,4.027102619352899,1,82673.3571004246,4.433740686324953,29.83687462040817,69,1,0
36.46101646087135,0.2709033293463742,1,73756.41439851958,7.767636120702544,21.468127224697582,58,2,1
43.092545380496226,1.8571854160198038,0,37333.16958122529,4.26306724157188,71.95059715523846,41,0,0
44.130342002639786,1.516088644805387,1,62196.83889057051,3.3145987458458785,116.89211310794089,82,2,1
26.823245759814476,1.5218172614742254,0,27750.360643371932,3.8006141021551643,76.58855022149652,40,1,1
36.03740105369937,0.9431242171067816,0,44461.998659987476,1.5551228474749246,45.84312804896759,67,0,1
14.09473159694695,3.2130042350653825,1,48327.96082019558,7.427569028509607,44.20177473746098,30,1,0
14.077248060986232,2.1997624076409363,1,51872.32159750216,3.9719428706950786,76.79044455858879,37,0,0
19.487181940885154,1.5940002413148184,1,91772.18811871963,8.638293439750772,103.29075907525235,8,1,1
11.462493121233033,2.509893561666217,1,106498.39584826624,0.1581438932900809,75.47126545719757,82,2,0
20.238045670889132,2.3273121209383794,1,98115.96201210709,0.5999003328786889,3.7731960671856912,88,2,1
21.30322026463967,4.104141839166696,0,8994.777055929142,7.125239688107112,8.63233734658052,40,0,1
15.668432627399245,1.5802449641104923,1,78681.56144715022,6.129809529654922,18.103661790119716,78,0,1
38.64571461132458,3.578789192734787,1,32472.61341883242,2.5766070323939925,19.12313866046329,95,2,0
32.93070822023334,2.9759054046449216,0,90637.50524837378,2.8584110568327357,92.00376644992951,62,0,2
37.51845887618961,2.227626200165273,1,74696.45748237043,4.692101813495091,26.38907521222356,31,0,0
46.22513523219774,0.3225241848582716,0,8836.708126894204,5.015411730030407,117.91201119195566,33,1,1
20.053291220805928,3.6806842570489016,0,48380.02269802695,3.268875795389614,111.20531787552625,58,2,2
43.98537795174748,3.6652264940069514,1,17997.2935004838,5.866781802836038,39.25564990688288,57,2,2
44.76396302607588,1.0755920247680983,1,51821.07193992092,1.3827820112238276,37.14260858839285,66,2,1
33.60101771184368,3.631857189358154,1,42209.91263419582,1.0375510579587865,108.79991910439718,56,0,2
23.470069527599495,0.7251127888706032,1,52782.55788125706,6.518837926829837,55.49496498701469,12,2,2
42.608302403057706,4.639930258718654,1,84581.8195099558,6.778162675117894,84.73138699411413,75,2,0
46.133061228300804,4.403163601271683,1,34079.17707110972,3.582247804311166,47.150269236561115,46,0,1
39.222500929800084,1.0130244906126746,0,44430.88582676844,0.22117446487016246,100.95590244207439,2,1,0
11.462493121233033,2.4958664087024585,1,106498.39584826624,5.829156649547297,75.47126545719757,81,1,0
43.98537795174748,3.6652264940069514,1,17272.82475367246,6.226667243681074,63.21225231007047,57,2,2
21.014600537976527,3.202835271480647,0,48860.0890757799,6.916320849710076,8.63233734658052,49,1,1
20.238045670889132,2.3273121209383794,1,98115.96201210709,0.5999003328786889,18.63925555488951,88,2,1
19.854390587868753,4.509006165740609,1,41664.95429464421,8.638293439750772,84.9336804390884,8,1,1
15.657133807450434,1.3782537406272974,1,78964.43653207568,1.0631417143405775,4.377033481651373,26,0,1
18.333750030098955,3.0653434844672565,1,27159.518641002374,7.4549218193999245,10.037812206802448,46,0,2
46.22513523219774,0.20563115798467202,0,10757.597339751093,5.8079667925687195,76.11629342315872,39,0,1
36.48322842941879,1.0780340400139639,1,63431.55563773393,0.2670697993010984,23.973082276454853,33,0,0
25.903931807876937,0.3207869344496179,1,8836.708126894204,3.5830346963132937,117.46752825784928,41,1,1
20.496449166490642,3.6689398218492997,0,48380.02269802695,3.268875795389614,104.2778724727759,58,2,2
15.528550798161666,0.5798865257295134,1,52810.96499813376,1.3909956837433297,119.8423996073096,58,2,2
45.35381291945333,2.192833947896295,1,52815.98503401544,4.171792180039169,71.95059715523846,43,1,0
16.84068280560779,1.7632928302507276,1,88705.3721947463,4.266392905072597,14.543431795460311,56,2,0
39.222500929800084,0.8901795008279726,0,36750.20524276415,3.4050929764828552,100.95590244207439,3,1,0
14.445691409210381,3.631857189358154,1,42209.91263419582,1.0375510579587865,78.81377230434047,56,0,2
28.007792390754204,0.7251127888706032,1,53507.04560653704,6.516517656269702,39.550614449995294,12,2,2
14.553834193695291,4.114310802166781,1,8465.864656782695,7.4217645088606865,44.20177473746098,30,0,0
30.49555037081207,3.6972304984806446,1,85202.68703177117,1.0375510579587865,107.86184607725079,28,1,2
20.249344491017737,2.2734922319717352,1,98311.19264252842,2.9199784941809157,17.500060089229358,88,2,2
46.133061228300804,4.382336412329071,1,34079.17707110972,3.0762217957369766,51.36431484383049,44,1,1
22.424650392672078,1.8265078848457084,1,36635.75324875692,5.12812256487181,117.38951006080379,34,1,1
39.222500929800084,2.2110206650508366,0,45106.35766571351,4.6646336657757645,98.45972538709003,3,2,0
44.02214035657519,0.7304075541088831,0,39919.20667701213,5.018052417300585,63.81163021243603,33,0,0
19.483371273703348,1.605744620698365,1,91772.18811871963,8.222417165787142,110.21820447731605,8,1,1
45.36600950609836,3.5663696220293573,1,61995.97209711179,3.2611752110067034,37.14260858839285,66,2,1
13.843586422834054,1.8605559314449491,0,35378.46709182119,6.518837926829837,76.95650759531193,12,2,2
43.092545380496226,0.5046313448011718,0,37333.16958122529,3.8967251650478323,71.95059715523846,44,0,2
22.40863297075672,1.0067637672911236,1,80035.39223299456,0.0019106400774078214,3.010195653098804,24,1,1
33.96282547201644,2.2268841900355145,1,51872.32159750216,3.9719428706950786,106.77650139532332,37,0,0
15.02085165886745,0.410724011862465,1,90482.68352350555,3.9000508285485482,48.62016747959997,57,0,1
15.668432627399245,1.3244338516460092,1,78964.43653207568,2.800530370744495,76.67082716117187,26,2,2
18.333750030098955,0.8098228630709616,1,26969.5010287319,3.8634794305785727,2.655831337970538,38,1,2
39.01176471515055,1.0636657473684474,1,45779.93565522807,8.769406481798573,84.9336804390884,3,1,0
37.51845887618961,2.227626200165273,1,75632.72156782087,3.649177321833468,26.38907521222356,31,0,0
18.333750030098955,2.7552171973046065,0,7288.719337841903,7.4549218193999245,10.037812206802448,46,0,2
20.614719335152337,1.6791466694498332,1,34880.5336998238,5.843589822991934,71.9253606025758,40,1,1
44.02214035657519,1.1458643935583446,0,39919.20667701213,5.018052417300585,63.81163021243603,35,0,0
15.657133807450434,1.3782537406272974,1,78964.43653207568,0.8782342531089795,1.6339623621817685,26,0,1
17.7240703218571,0.410724011862465,1,51821.602987123035,4.230875502126172,14.543431795460311,57,0,2
22.424650392672078,1.8265078848457084,1,38256.74530114039,7.3932539276183595,117.38951006080379,30,1,0
39.903447369540196,4.114310802166781,1,8756.885976372447,7.511644637748521,44.20177473746098,21,0,0
28.007792390754204,0.7251127888706032,0,35553.057699999204,6.516517656269702,72.43094579677879,12,2,0
22.392177101705784,0.7213556851991382,1,80035.39223299456,6.574112148578632,3.010195653098804,24,1,1
46.22513523219774,2.375646917674673,0,96118.10283880387,5.068694891805689,117.91201119195566,36,0,1
13.228801512938634,2.1997624076409363,1,42214.78121475489,1.0586403417883254,76.79044455858879,28,0,0
13.843586422834054,1.8974787544785143,1,52782.55788125706,7.0315453424762975,18.389766053508865,6,0,1
23.703716665244094,2.929102804232146,1,39919.20667701213,6.8468756981971755,63.644973439011366,41,0,0
19.650446522994717,4.385145272093382,0,41093.56826280841,0.4911214315017862,100.95590244207439,8,2,1
44.856065770101715,4.403163601271683,1,34079.17707110972,4.738980931659681,47.150269236561115,50,0,1
46.22513523219774,0.3225241848582716,1,8836.708126894204,5.309069314798885,118.85051573438048,45,1,1
43.092545380496226,1.858653149342942,0,37325.36315419673,4.286871884214784,75.7698482213439,41,0,0
17.654973907102747,4.40236971790818,1,84657.72886826786,8.638293439750772,84.9336804390884,8,1,1
46.22513523219774,0.20563115798467202,0,10757.597339751093,6.288550523695775,73.62535714878656,39,0,1
33.079457870490714,2.2268841900355145,1,101415.60064572314,3.8998386628729476,106.77650139532332,37,2,0
14.09473159694695,3.2130042350653825,1,46706.968767812104,5.162437665523746,21.568113959349226,32,1,1
14.195317430347036,1.0780340400139639,1,64585.4203947252,0.2388841271323141,23.973082276454853,33,0,0
43.092545380496226,1.8571854160198038,1,53365.88215111823,4.171792180039169,39.070265811102246,43,1,2
27.197294988902254,1.0105208709625906,1,52782.55788125706,0.09663175808988012,55.49496498701469,12,2,2
20.238045670889132,0.2016760797221817,1,12792.676582915927,0.3837581979658222,4.0890415738466945,88,2,1
34.45774055781477,3.631857189358154,1,61557.168201414475,3.950862269678653,107.86184607725079,37,1,2
42.79274400185066,4.114310802166781,1,8756.885976372447,9.468012492015069,44.20177473746098,21,0,0
14.123966547766301,1.3782537406272974,1,78964.43653207568,1.0631417143405775,4.377033481651373,26,0,1
39.222500929800084,2.0584849925927364,0,44430.88582676844,0.048128153930769635,85.27820395410993,3,2,0
22.424650392672078,2.2504260074278015,1,42230.46712190541,6.679703525828462,116.84939729993785,39,0,1
16.84068280560779,0.1958362851387096,1,6995.11747527861,3.9000508285485482,14.543431795460311,57,2,2
27.74136738294984,0.5552992833548188,1,52781.82228685138,6.516657516830957,39.44608640521737,19,2,2
22.424650392672078,1.8265078848457084,1,36635.75324875692,5.20385375825087,119.98915764575227,30,1,1
15.523125591326206,3.161027498284434,1,46622.43710581134,4.991168730844156,21.568113959349226,32,1,1
22.424650392672078,1.825920455590743,1,37530.53601963123,7.3932539276183595,117.38951006080379,21,1,0
14.09473159694695,3.2130042350653825,0,48427.51224132506,7.427569028509607,44.20177473746098,33,1,0
26.670581209656703,1.067316934280041,1,45900.89697260048,0.09663175808988012,55.49496498701469,3,1,2
15.293714894011526,1.5768196333215125,1,97451.48399357099,0.5999003328786889,3.7760183491581483,25,2,1
15.668432627399245,1.3565265694345858,1,79965.33815805854,2.8578524453124183,76.67082716117187,26,2,0
37.51845887618961,2.227626200165273,1,51214.141476433346,3.949804403682197,26.38907521222356,31,0,0
19.602187710518685,4.503506702353019,1,84657.72886826786,6.964908818595097,86.1403608059835,8,1,1
40.20324874818567,1.7140124214533823,0,32200.26811778511,4.274801404308112,75.7698482213439,39,0,0
19.854390587868753,4.509006165740609,1,41664.95429464421,9.241475946999586,100.61137892621625,8,1,1
46.22513523219774,0.006860809306165505,0,10757.597339751093,5.068694891805689,76.66036798952986,23,1,1
46.22513523219774,0.42051888531182846,0,94482.33818961657,5.8079667925687195,76.07661956401836,39,0,1
14.110218383823433,2.8181788242659014,1,53507.78120094272,6.518698066268582,77.06103564547774,12,2,2
12.010725675806876,4.114310802166781,1,8465.864656782695,7.346033315263666,26.417373773780916,34,0,0
13.27251643923093,2.251739144421461,1,42299.312876755655,1.0586403417883254,76.79044455858879,28,0,0
22.40863297075672,1.0073511965769293,1,80761.60155112528,0.0019106400774078214,3.010195653098804,24,1,1
45.13332527843453,0.7304075541088831,1,32770.68731304687,5.018052417300585,63.81163021243603,35,0,0
39.883096898785254,1.006869684050997,1,52661.59656388465,8.769406481798573,84.9336804390884,12,2,0
20.601464588103745,2.2603565978327613,1,79628.91454910007,0.8782342531089795,1.6311400933231333,89,0,1
12.262671648281973,1.0780340400139639,1,64585.4203947252,0.2388841271323141,23.973082276454853,33,0,2
14.077248060986232,2.1997624076409363,1,75354.63760343047,4.714240280507973,76.79044455858879,37,0,0
14.095789462778743,1.9678726912547273,1,52782.55788125706,8.704929942012205,19.000882406614302,6,0,1
22.154056112278923,1.357986704782378,1,90482.68352350555,4.390438246755869,14.543431795460311,56,0,2
