bandwidth,cruise_speed,firm_obstacle,illuminance,obstacle_distance,obstacle_size,power,quality,smoke_intensity
12.616797568779301,2.0098146862096207,1,101546.52010086013,7.509038710033264,31.731780732137157,15,0,0
12.616797568779301,2.0098146862096207,1,101546.52010086013,7.509038710033264,31.731780732137157,83,0,0
12.616797568779301,2.0098146862096207,1,101546.52010086013,7.509038710033264,31.731780732137157,65,0,0
12.616797568779301,2.0098146862096207,1,101546.52010086013,7.509038710033264,31.731780732137157,36,0,0
12.616797568779301,2.0098146862096207,1,101546.52010086013,7.509038710033264,31.731780732137157,8,0,0
12.616797568779301,2.0098146862096207,1,101546.52010086013,7.509038710033264,31.731780732137157,70,0,0
12.616797568779301,2.0098146862096207,1,101546.52010086013,7.509038710033264,31.731780732137157,35,0,0
12.616797568779301,2.0098146862096207,1,101546.52010086013,7.509038710033264,31.731780732137157,86,0,0
12.616797568779301,2.0098146862096207,1,101546.52010086013,7.509038710033264,31.731780732137157,34,0,0
12.616797568779301,2.0098146862096207,1,101546.52010086013,7.509038710033264,31.731780732137157,64,0,0
12.616797568779301,2.0098146862096207,1,101546.52010086013,7.509038710033264,31.731780732137157,18,0,0
12.616797568779301,2.0098146862096207,1,101546.52010086013,7.509038710033264,31.731780732137157,55,0,0
12.616797568779301,2.0098146862096207,1,101546.52010086013,7.509038710033264,31.731780732137157,7,0,0
12.616797568779301,2.0098146862096207,1,101546.52010086013,7.509038710033264,31.731780732137157,76,0,0
12.616797568779301,2.0098146862096207,1,101546.52010086013,7.509038710033264,31.731780732137157,9,0,0
12.616797568779301,2.0098146862096207,1,101546.52010086013,7.509038710033264,31.731780732137157,72,0,0
12.616797568779301,2.0098146862096207,1,101546.52010086013,7.509038710033264,31.731780732137157,76,0,0
12.616797568779301,2.0098146862096207,1,101546.52010086013,7.509038710033264,31.731780732137157,47,0,0
12.616797568779301,2.0098146862096207,1,101546.52010086013,7.509038710033264,31.731780732137157,80,0,0
12.616797568779301,2.0098146862096207,1,101546.52010086013,7.509038710033264,31.731780732137157,57,0,0
12.616797568779301,2.0098146862096207,1,101546.52010086013,7.509038710033264,31.731780732137157,87,0,0
12.616797568779301,2.0098146862096207,1,101546.52010086013,7.509038710033264,31.731780732137157,75,0,0
12.616797568779301,2.0098146862096207,1,101546.52010086013,7.509038710033264,31.731780732137157,91,0,0
12.616797568779301,2.0098146862096207,1,101546.52010086013,7.509038710033264,31.731780732137157,6,0,0
12.616797568779301,2.0098146862096207,1,101546.52010086013,7.509038710033264,31.731780732137157,0,0,0
12.616797568779301,2.0098146862096207,1,101546.52010086013,7.509038710033264,31.731780732137157,65,0,0
12.616797568779301,2.0098146862096207,1,101546.52010086013,7.509038710033264,31.731780732137157,73,0,0
12.616797568779301,2.0098146862096207,1,101546.52010086013,7.509038710033264,31.731780732137157,74,0,0
12.616797568779301,2.0098146862096207,1,101546.52010086013,7.509038710033264,31.731780732137157,82,0,0
12.616797568779301,2.0098146862096207,1,101546.52010086013,7.509038710033264,31.731780732137157,40,0,0
32.01860280737078,2.535912651610617,1,16281.223956265536,2.9790199163007136,68.66163533941932,24,1,2
32.01860280737078,1.14360313881812,1,16281.223956265536,2.9790199163007136,68.66163533941932,24,1,2
32.01860280737078,3.2509709042359436,1,16281.223956265536,2.9790199163007136,68.66163533941932,24,1,2
32.01860280737078,4.856421321003366,1,16281.223956265536,2.9790199163007136,68.66163533941932,24,1,2
32.01860280737078,1.4935654236234064,1,16281.223956265536,2.9790199163007136,68.66163533941932,24,1,2
32.01860280737078,2.314153946422168,1,16281.223956265536,2.9790199163007136,68.66163533941932,24,1,2
32.01860280737078,4.458069500119054,1,16281.223956265536,2.9790199163007136,68.66163533941932,24,1,2
32.01860280737078,2.7570043864875196,1,16281.223956265536,2.9790199163007136,68.66163533941932,24,1,2
32.01860280737078,2.107323700563149,1,16281.223956265536,2.9790199163007136,68.66163533941932,24,1,2
32.01860280737078,3.3414537290036614,1,16281.223956265536,2.9790199163007136,68.66163533941932,24,1,2
32.01860280737078,0.15410115701566363,1,16281.223956265536,2.9790199163007136,68.66163533941932,24,1,2
32.01860280737078,0.7689820894295646,1,16281.223956265536,2.9790199163007136,68.66163533941932,24,1,2
32.01860280737078,4.356616921753748,1,16281.223956265536,2.9790199163007136,68.66163533941932,24,1,2
32.01860280737078,0.7911992204920976,1,16281.223956265536,2.9790199163007136,68.66163533941932,24,1,2
32.01860280737078,0.14733419410462745,1,16281.223956265536,2.9790199163007136,68.66163533941932,24,1,2
32.01860280737078,4.631977686511695,1,16281.223956265536,2.9790199163007136,68.66163533941932,24,1,2
32.01860280737078,3.763925285448626,1,16281.223956265536,2.9790199163007136,68.66163533941932,24,1,2
32.01860280737078,4.8871536422569335,1,16281.223956265536,2.9790199163007136,68.66163533941932,24,1,2
32.01860280737078,3.798594759942018,1,16281.223956265536,2.9790199163007136,68.66163533941932,24,1,2
32.01860280737078,4.6140418794437945,1,16281.223956265536,2.9790199163007136,68.66163533941932,24,1,2
32.01860280737078,1.7220672234579004,1,16281.223956265536,2.9790199163007136,68.66163533941932,24,1,2
32.01860280737078,3.773163106064291,1,16281.223956265536,2.9790199163007136,68.66163533941932,24,1,2
32.01860280737078,0.8220419049604638,1,16281.223956265536,2.9790199163007136,68.66163533941932,24,1,2
32.01860280737078,4.11945055833563,1,16281.223956265536,2.9790199163007136,68.66163533941932,24,1,2
32.01860280737078,3.6615601408432017,1,16281.223956265536,2.9790199163007136,68.66163533941932,24,1,2
32.01860280737078,0.9566598400598919,1,16281.223956265536,2.9790199163007136,68.66163533941932,24,1,2
32.01860280737078,0.9198360259213906,1,16281.223956265536,2.9790199163007136,68.66163533941932,24,1,2
32.01860280737078,0.8435190805115333,1,16281.223956265536,2.9790199163007136,68.66163533941932,24,1,2
32.01860280737078,4.094366912186003,1,16281.223956265536,2.9790199163007136,68.66163533941932,24,1,2
32.01860280737078,3.321626848898747,1,16281.223956265536,2.9790199163007136,68.66163533941932,24,1,2
21.232704061744446,0.11561019821277385,1,64558.59218017319,6.130173859965263,90.9031289859908,90,0,2
36.1769067787522,0.11561019821277385,1,64558.59218017319,6.130173859965263,90.9031289859908,90,0,2
37.44086478600969,0.11561019821277385,1,64558.59218017319,6.130173859965263,90.9031289859908,90,0,2
37.555296856996776,0.11561019821277385,1,64558.59218017319,6.130173859965263,90.9031289859908,90,0,2
49.838674919306605,0.11561019821277385,1,64558.59218017319,6.130173859965263,90.9031289859908,90,0,2
43.79854783976529,0.11561019821277385,1,64558.59218017319,6.130173859965263,90.9031289859908,90,0,2
27.199418582873452,0.11561019821277385,1,64558.59218017319,6.130173859965263,90.9031289859908,90,0,2
11.882712167854272,0.11561019821277385,1,64558.59218017319,6.130173859965263,90.9031289859908,90,0,2
19.143810064590628,0.11561019821277385,1,64558.59218017319,6.130173859965263,90.9031289859908,90,0,2
12.992266308205656,0.11561019821277385,1,64558.59218017319,6.130173859965263,90.9031289859908,90,0,2
41.37802848474698,0.11561019821277385,1,64558.59218017319,6.130173859965263,90.9031289859908,90,0,2
41.73327968401692,0.11561019821277385,1,64558.59218017319,6.130173859965263,90.9031289859908,90,0,2
18.570689913845598,0.11561019821277385,1,64558.59218017319,6.130173859965263,90.9031289859908,90,0,2
47.93884422055842,0.11561019821277385,1,64558.59218017319,6.130173859965263,90.9031289859908,90,0,2
22.92364470654812,0.11561019821277385,1,64558.59218017319,6.130173859965263,90.9031289859908,90,0,2
28.636642711726928,0.11561019821277385,1,64558.59218017319,6.130173859965263,90.9031289859908,90,0,2
33.23800071839062,0.11561019821277385,1,64558.59218017319,6.130173859965263,90.9031289859908,90,0,2
49.91896631115962,0.11561019821277385,1,64558.59218017319,6.130173859965263,90.9031289859908,90,0,2
45.875109354554546,0.11561019821277385,1,64558.59218017319,6.130173859965263,90.9031289859908,90,0,2
15.772623773809906,0.11561019821277385,1,64558.59218017319,6.130173859965263,90.9031289859908,90,0,2
45.739566572424664,0.11561019821277385,1,64558.59218017319,6.130173859965263,90.9031289859908,90,0,2
18.127636507237995,0.11561019821277385,1,64558.59218017319,6.130173859965263,90.9031289859908,90,0,2
42.11997429363387,0.11561019821277385,1,64558.59218017319,6.130173859965263,90.9031289859908,90,0,2
36.858863584711,0.11561019821277385,1,64558.59218017319,6.130173859965263,90.9031289859908,90,0,2
16.063705386497723,0.11561019821277385,1,64558.59218017319,6.130173859965263,90.9031289859908,90,0,2
12.142520652822974,0.11561019821277385,1,64558.59218017319,6.130173859965263,90.9031289859908,90,0,2
47.17718335644228,0.11561019821277385,1,64558.59218017319,6.130173859965263,90.9031289859908,90,0,2
10.195719053541005,0.11561019821277385,1,64558.59218017319,6.130173859965263,90.9031289859908,90,0,2
15.906344921465209,0.11561019821277385,1,64558.59218017319,6.130173859965263,90.9031289859908,90,0,2
48.97961717077277,0.11561019821277385,1,64558.59218017319,6.130173859965263,90.9031289859908,90,0,2
38.38871079014902,0.5331740709163835,0,31308.579971337298,7.981437032200756,71.208226463317,75,0,2
38.38871079014902,0.5331740709163835,0,31308.579971337298,7.981437032200756,71.208226463317,75,2,2
38.38871079014902,0.5331740709163835,0,31308.579971337298,7.981437032200756,71.208226463317,75,2,2
38.38871079014902,0.5331740709163835,0,31308.579971337298,7.981437032200756,71.208226463317,75,1,2
38.38871079014902,0.5331740709163835,0,31308.579971337298,7.981437032200756,71.208226463317,75,2,2
38.38871079014902,0.5331740709163835,0,31308.579971337298,7.981437032200756,71.208226463317,75,1,2
38.38871079014902,0.5331740709163835,0,31308.579971337298,7.981437032200756,71.208226463317,75,1,2
38.38871079014902,0.5331740709163835,0,31308.579971337298,7.981437032200756,71.208226463317,75,1,2
38.38871079014902,0.5331740709163835,0,31308.579971337298,7.981437032200756,71.208226463317,75,0,2
38.38871079014902,0.5331740709163835,0,31308.579971337298,7.981437032200756,71.208226463317,75,1,2
38.38871079014902,0.5331740709163835,0,31308.579971337298,7.981437032200756,71.208226463317,75,1,2
38.38871079014902,0.5331740709163835,0,31308.579971337298,7.981437032200756,71.208226463317,75,0,2
38.38871079014902,0.5331740709163835,0,31308.579971337298,7.981437032200756,71.208226463317,75,1,2
38.38871079014902,0.5331740709163835,0,31308.579971337298,7.981437032200756,71.208226463317,75,0,2
38.38871079014902,0.5331740709163835,0,31308.579971337298,7.981437032200756,71.208226463317,75,2,2
38.38871079014902,0.5331740709163835,0,31308.579971337298,7.981437032200756,71.208226463317,75,0,2
38.38871079014902,0.5331740709163835,0,31308.579971337298,7.981437032200756,71.208226463317,75,0,2
38.38871079014902,0.5331740709163835,0,31308.579971337298,7.981437032200756,71.208226463317,75,1,2
38.38871079014902,0.5331740709163835,0,31308.579971337298,7.981437032200756,71.208226463317,75,0,2
38.38871079014902,0.5331740709163835,0,31308.579971337298,7.981437032200756,71.208226463317,75,1,2
38.38871079014902,0.5331740709163835,0,31308.579971337298,7.981437032200756,71.208226463317,75,0,2
38.38871079014902,0.5331740709163835,0,31308.579971337298,7.981437032200756,71.208226463317,75,2,2
38.38871079014902,0.5331740709163835,0,31308.579971337298,7.981437032200756,71.208226463317,75,0,2
38.38871079014902,0.5331740709163835,0,31308.579971337298,7.981437032200756,71.208226463317,75,2,2
38.38871079014902,0.5331740709163835,0,31308.579971337298,7.981437032200756,71.208226463317,75,2,2
38.38871079014902,0.5331740709163835,0,31308.579971337298,7.981437032200756,71.208226463317,75,2,2
38.38871079014902,0.5331740709163835,0,31308.579971337298,7.981437032200756,71.208226463317,75,2,2
38.38871079014902,0.5331740709163835,0,31308.579971337298,7.981437032200756,71.208226463317,75,1,2
38.38871079014902,0.5331740709163835,0,31308.579971337298,7.981437032200756,71.208226463317,75,0,2
38.38871079014902,0.5331740709163835,0,31308.579971337298,7.981437032200756,71.208226463317,75,1,2
45.21558274580369,4.783423485121166,0,2823.103754912529,6.715016224477051,51.820354216611754,84,1,0
45.21558274580369,4.783423485121166,0,42443.578290181504,6.715016224477051,51.820354216611754,84,1,0
45.21558274580369,4.783423485121166,0,94455.40135095896,6.715016224477051,51.820354216611754,84,1,0
45.21558274580369,4.783423485121166,0,41956.7767925836,6.715016224477051,51.820354216611754,84,1,0
45.21558274580369,4.783423485121166,0,34329.49902485967,6.715016224477051,51.820354216611754,84,1,0
45.21558274580369,4.783423485121166,0,19589.537096667413,6.715016224477051,51.820354216611754,84,1,0
45.21558274580369,4.783423485121166,0,75991.1619534524,6.715016224477051,51.820354216611754,84,1,0
45.21558274580369,4.783423485121166,0,60108.7544318372,6.715016224477051,51.820354216611754,84,1,0
45.21558274580369,4.783423485121166,0,5567.197779277503,6.715016224477051,51.820354216611754,84,1,0
45.21558274580369,4.783423485121166,0,29048.75524301462,6.715016224477051,51.820354216611754,84,1,0
45.21558274580369,4.783423485121166,0,9240.576804722321,6.715016224477051,51.820354216611754,84,1,0
45.21558274580369,4.783423485121166,0,18455.76143047767,6.715016224477051,51.820354216611754,84,1,0
45.21558274580369,4.783423485121166,0,30941.284345835833,6.715016224477051,51.820354216611754,84,1,0
45.21558274580369,4.783423485121166,0,9060.438497032996,6.715016224477051,51.820354216611754,84,1,0
45.21558274580369,4.783423485121166,0,118699.60513500762,6.715016224477051,51.820354216611754,84,1,0
45.21558274580369,4.783423485121166,0,76065.03103805403,6.715016224477051,51.820354216611754,84,1,0
45.21558274580369,4.783423485121166,0,14178.24278803495,6.715016224477051,51.820354216611754,84,1,0
45.21558274580369,4.783423485121166,0,63098.538049040435,6.715016224477051,51.820354216611754,84,1,0
45.21558274580369,4.783423485121166,0,47640.0456128587,6.715016224477051,51.820354216611754,84,1,0
45.21558274580369,4.783423485121166,0,23276.3835920153,6.715016224477051,51.820354216611754,84,1,0
45.21558274580369,4.783423485121166,0,49579.55708472441,6.715016224477051,51.820354216611754,84,1,0
45.21558274580369,4.783423485121166,0,68015.7213136395,6.715016224477051,51.820354216611754,84,1,0
45.21558274580369,4.783423485121166,0,11945.746197324155,6.715016224477051,51.820354216611754,84,1,0
45.21558274580369,4.783423485121166,0,114566.49055318514,6.715016224477051,51.820354216611754,84,1,0
45.21558274580369,4.783423485121166,0,59569.644889754316,6.715016224477051,51.820354216611754,84,1,0
45.21558274580369,4.783423485121166,0,9300.963797010536,6.715016224477051,51.820354216611754,84,1,0
45.21558274580369,4.783423485121166,0,82273.92448645913,6.715016224477051,51.820354216611754,84,1,0
45.21558274580369,4.783423485121166,0,113763.81924704001,6.715016224477051,51.820354216611754,84,1,0
45.21558274580369,4.783423485121166,0,1993.8058718657849,6.715016224477051,51.820354216611754,84,1,0
45.21558274580369,4.783423485121166,0,81827.64778617158,6.715016224477051,51.820354216611754,84,1,0
49.433758424652005,0.43956780326316114,1,89471.76036053116,6.068218453798526,4.6097048320314515,90,2,0
49.433758424652005,0.43956780326316114,1,89471.76036053116,6.068218453798526,4.6097048320314515,90,2,2
49.433758424652005,0.43956780326316114,1,89471.76036053116,6.068218453798526,4.6097048320314515,90,2,1
49.433758424652005,0.43956780326316114,1,89471.76036053116,6.068218453798526,4.6097048320314515,90,2,1
49.433758424652005,0.43956780326316114,1,89471.76036053116,6.068218453798526,4.6097048320314515,90,2,1
49.433758424652005,0.43956780326316114,1,89471.76036053116,6.068218453798526,4.6097048320314515,90,2,0
49.433758424652005,0.43956780326316114,1,89471.76036053116,6.068218453798526,4.6097048320314515,90,2,0
49.433758424652005,0.43956780326316114,1,89471.76036053116,6.068218453798526,4.6097048320314515,90,2,2
49.433758424652005,0.43956780326316114,1,89471.76036053116,6.068218453798526,4.6097048320314515,90,2,1
49.433758424652005,0.43956780326316114,1,89471.76036053116,6.068218453798526,4.6097048320314515,90,2,0
49.433758424652005,0.43956780326316114,1,89471.76036053116,6.068218453798526,4.6097048320314515,90,2,1
49.433758424652005,0.43956780326316114,1,89471.76036053116,6.068218453798526,4.6097048320314515,90,2,0
49.433758424652005,0.43956780326316114,1,89471.76036053116,6.068218453798526,4.6097048320314515,90,2,1
49.433758424652005,0.43956780326316114,1,89471.76036053116,6.068218453798526,4.6097048320314515,90,2,2
49.433758424652005,0.43956780326316114,1,89471.76036053116,6.068218453798526,4.6097048320314515,90,2,2
49.433758424652005,0.43956780326316114,1,89471.76036053116,6.068218453798526,4.6097048320314515,90,2,0
49.433758424652005,0.43956780326316114,1,89471.76036053116,6.068218453798526,4.6097048320314515,90,2,1
49.433758424652005,0.43956780326316114,1,89471.76036053116,6.068218453798526,4.6097048320314515,90,2,0
49.433758424652005,0.43956780326316114,1,89471.76036053116,6.068218453798526,4.6097048320314515,90,2,2
49.433758424652005,0.43956780326316114,1,89471.76036053116,6.068218453798526,4.6097048320314515,90,2,2
49.433758424652005,0.43956780326316114,1,89471.76036053116,6.068218453798526,4.6097048320314515,90,2,2
49.433758424652005,0.43956780326316114,1,89471.76036053116,6.068218453798526,4.6097048320314515,90,2,0
49.433758424652005,0.43956780326316114,1,89471.76036053116,6.068218453798526,4.6097048320314515,90,2,1
49.433758424652005,0.43956780326316114,1,89471.76036053116,6.068218453798526,4.6097048320314515,90,2,0
49.433758424652005,0.43956780326316114,1,89471.76036053116,6.068218453798526,4.6097048320314515,90,2,0
49.433758424652005,0.43956780326316114,1,89471.76036053116,6.068218453798526,4.6097048320314515,90,2,0
49.433758424652005,0.43956780326316114,1,89471.76036053116,6.068218453798526,4.6097048320314515,90,2,1
49.433758424652005,0.43956780326316114,1,89471.76036053116,6.068218453798526,4.6097048320314515,90,2,1
49.433758424652005,0.43956780326316114,1,89471.76036053116,6.068218453798526,4.6097048320314515,90,2,2
49.433758424652005,0.43956780326316114,1,89471.76036053116,6.068218453798526,4.6097048320314515,90,2,1
11.154475746594787,4.218081749622973,1,53115.662700386005,9.312141421628809,61.56688215266336,6,2,2
11.154475746594787,4.218081749622973,1,53115.662700386005,9.312141421628809,109.78891999476738,6,2,2
11.154475746594787,4.218081749622973,1,53115.662700386005,9.312141421628809,28.926863770670508,6,2,2
11.154475746594787,4.218081749622973,1,53115.662700386005,9.312141421628809,92.23317365609937,6,2,2
11.154475746594787,4.218081749622973,1,53115.662700386005,9.312141421628809,69.6868119170654,6,2,2
11.154475746594787,4.218081749622973,1,53115.662700386005,9.312141421628809,75.19645488977898,6,2,2
11.154475746594787,4.218081749622973,1,53115.662700386005,9.312141421628809,3.323889714009054,6,2,2
11.154475746594787,4.218081749622973,1,53115.662700386005,9.312141421628809,5.722885136146814,6,2,2
11.154475746594787,4.218081749622973,1,53115.662700386005,9.312141421628809,18.189310911270866,6,2,2
11.154475746594787,4.218081749622973,1,53115.662700386005,9.312141421628809,53.0326550277554,6,2,2
11.154475746594787,4.218081749622973,1,53115.662700386005,9.312141421628809,43.89369634222244,6,2,2
11.154475746594787,4.218081749622973,1,53115.662700386005,9.312141421628809,35.84177472089396,6,2,2
11.154475746594787,4.218081749622973,1,53115.662700386005,9.312141421628809,103.88362507891833,6,2,2
11.154475746594787,4.218081749622973,1,53115.662700386005,9.312141421628809,68.00575457611383,6,2,2
11.154475746594787,4.218081749622973,1,53115.662700386005,9.312141421628809,40.43274952426978,6,2,2
11.154475746594787,4.218081749622973,1,53115.662700386005,9.312141421628809,73.04488730254302,6,2,2
11.154475746594787,4.218081749622973,1,53115.662700386005,9.312141421628809,104.41651034846939,6,2,2
11.154475746594787,4.218081749622973,1,53115.662700386005,9.312141421628809,23.28019692130067,6,2,2
11.154475746594787,4.218081749622973,1,53115.662700386005,9.312141421628809,47.96733738031297,6,2,2
11.154475746594787,4.218081749622973,1,53115.662700386005,9.312141421628809,25.434451842731054,6,2,2
11.154475746594787,4.218081749622973,1,53115.662700386005,9.312141421628809,61.46499853986335,6,2,2
11.154475746594787,4.218081749622973,1,53115.662700386005,9.312141421628809,15.786278006058287,6,2,2
11.154475746594787,4.218081749622973,1,53115.662700386005,9.312141421628809,40.80015138733917,6,2,2
11.154475746594787,4.218081749622973,1,53115.662700386005,9.312141421628809,119.46959313583034,6,2,2
11.154475746594787,4.218081749622973,1,53115.662700386005,9.312141421628809,110.33617292793348,6,2,2
11.154475746594787,4.218081749622973,1,53115.662700386005,9.312141421628809,1.5788705963395122,6,2,2
11.154475746594787,4.218081749622973,1,53115.662700386005,9.312141421628809,41.73888386801424,6,2,2
11.154475746594787,4.218081749622973,1,53115.662700386005,9.312141421628809,97.57060214205407,6,2,2
11.154475746594787,4.218081749622973,1,53115.662700386005,9.312141421628809,100.56362987642376,6,2,2
11.154475746594787,4.218081749622973,1,53115.662700386005,9.312141421628809,37.69776644658293,6,2,2
22.144665773355822,1.3965313931453123,0,22167.850265079727,6.588790246878786,91.61014457992538,56,0,2
22.144665773355822,1.3965313931453123,0,22167.850265079727,7.630937414018586,91.61014457992538,56,0,2
22.144665773355822,1.3965313931453123,0,22167.850265079727,4.035698887042792,91.61014457992538,56,0,2
22.144665773355822,1.3965313931453123,0,22167.850265079727,1.1451317007132666,91.61014457992538,56,0,2
22.144665773355822,1.3965313931453123,0,22167.850265079727,7.8542304852778555,91.61014457992538,56,0,2
22.144665773355822,1.3965313931453123,0,22167.850265079727,7.347669732018981,91.61014457992538,56,0,2
22.144665773355822,1.3965313931453123,0,22167.850265079727,5.617265776031122,91.61014457992538,56,0,2
22.144665773355822,1.3965313931453123,0,22167.850265079727,7.800697510128774,91.61014457992538,56,0,2
22.144665773355822,1.3965313931453123,0,22167.850265079727,9.901078240868564,91.61014457992538,56,0,2
22.144665773355822,1.3965313931453123,0,22167.850265079727,2.207473067119107,91.61014457992538,56,0,2
22.144665773355822,1.3965313931453123,0,22167.850265079727,0.0638468238544132,91.61014457992538,56,0,2
22.144665773355822,1.3965313931453123,0,22167.850265079727,6.247891255123191,91.61014457992538,56,0,2
22.144665773355822,1.3965313931453123,0,22167.850265079727,1.9004028457790378,91.61014457992538,56,0,2
22.144665773355822,1.3965313931453123,0,22167.850265079727,8.674963776595025,91.61014457992538,56,0,2
22.144665773355822,1.3965313931453123,0,22167.850265079727,7.601857170851666,91.61014457992538,56,0,2
22.144665773355822,1.3965313931453123,0,22167.850265079727,4.708674570614205,91.61014457992538,56,0,2
22.144665773355822,1.3965313931453123,0,22167.850265079727,7.846177136934214,91.61014457992538,56,0,2
22.144665773355822,1.3965313931453123,0,22167.850265079727,9.448256831495117,91.61014457992538,56,0,2
22.144665773355822,1.3965313931453123,0,22167.850265079727,7.234985477815776,91.61014457992538,56,0,2
22.144665773355822,1.3965313931453123,0,22167.850265079727,2.6889209892326136,91.61014457992538,56,0,2
22.144665773355822,1.3965313931453123,0,22167.850265079727,4.592340564697492,91.61014457992538,56,0,2
22.144665773355822,1.3965313931453123,0,22167.850265079727,0.8106658947568068,91.61014457992538,56,0,2
22.144665773355822,1.3965313931453123,0,22167.850265079727,6.285243474799116,91.61014457992538,56,0,2
22.144665773355822,1.3965313931453123,0,22167.850265079727,3.300553272230504,91.61014457992538,56,0,2
22.144665773355822,1.3965313931453123,0,22167.850265079727,1.3816568625254844,91.61014457992538,56,0,2
22.144665773355822,1.3965313931453123,0,22167.850265079727,2.352330422692247,91.61014457992538,56,0,2
22.144665773355822,1.3965313931453123,0,22167.850265079727,3.139019343766601,91.61014457992538,56,0,2
22.144665773355822,1.3965313931453123,0,22167.850265079727,8.1055826904314,91.61014457992538,56,0,2
22.144665773355822,1.3965313931453123,0,22167.850265079727,0.19406007207342424,91.61014457992538,56,0,2
22.144665773355822,1.3965313931453123,0,22167.850265079727,1.6697347082274716,91.61014457992538,56,0,2
37.16447879576549,2.3849422544869068,1,17431.074470705225,2.472839420426501,62.63387659484535,15,0,0
37.16447879576549,2.3849422544869068,0,17431.074470705225,2.472839420426501,62.63387659484535,15,0,0
37.16447879576549,2.3849422544869068,0,17431.074470705225,2.472839420426501,62.63387659484535,15,0,0
37.16447879576549,2.3849422544869068,1,17431.074470705225,2.472839420426501,62.63387659484535,15,0,0
37.16447879576549,2.3849422544869068,0,17431.074470705225,2.472839420426501,62.63387659484535,15,0,0
37.16447879576549,2.3849422544869068,0,17431.074470705225,2.472839420426501,62.63387659484535,15,0,0
37.16447879576549,2.3849422544869068,0,17431.074470705225,2.472839420426501,62.63387659484535,15,0,0
37.16447879576549,2.3849422544869068,1,17431.074470705225,2.472839420426501,62.63387659484535,15,0,0
37.16447879576549,2.3849422544869068,1,17431.074470705225,2.472839420426501,62.63387659484535,15,0,0
37.16447879576549,2.3849422544869068,1,17431.074470705225,2.472839420426501,62.63387659484535,15,0,0
37.16447879576549,2.3849422544869068,0,17431.074470705225,2.472839420426501,62.63387659484535,15,0,0
37.16447879576549,2.3849422544869068,0,17431.074470705225,2.472839420426501,62.63387659484535,15,0,0
37.16447879576549,2.3849422544869068,1,17431.074470705225,2.472839420426501,62.63387659484535,15,0,0
37.16447879576549,2.3849422544869068,1,17431.074470705225,2.472839420426501,62.63387659484535,15,0,0
37.16447879576549,2.3849422544869068,0,17431.074470705225,2.472839420426501,62.63387659484535,15,0,0
37.16447879576549,2.3849422544869068,1,17431.074470705225,2.472839420426501,62.63387659484535,15,0,0
37.16447879576549,2.3849422544869068,1,17431.074470705225,2.472839420426501,62.63387659484535,15,0,0
37.16447879576549,2.3849422544869068,1,17431.074470705225,2.472839420426501,62.63387659484535,15,0,0
37.16447879576549,2.3849422544869068,0,17431.074470705225,2.472839420426501,62.63387659484535,15,0,0
37.16447879576549,2.3849422544869068,0,17431.074470705225,2.472839420426501,62.63387659484535,15,0,0
37.16447879576549,2.3849422544869068,0,17431.074470705225,2.472839420426501,62.63387659484535,15,0,0
37.16447879576549,2.3849422544869068,1,17431.074470705225,2.472839420426501,62.63387659484535,15,0,0
37.16447879576549,2.3849422544869068,1,17431.074470705225,2.472839420426501,62.63387659484535,15,0,0
37.16447879576549,2.3849422544869068,1,17431.074470705225,2.472839420426501,62.63387659484535,15,0,0
37.16447879576549,2.3849422544869068,1,17431.074470705225,2.472839420426501,62.63387659484535,15,0,0
37.16447879576549,2.3849422544869068,0,17431.074470705225,2.472839420426501,62.63387659484535,15,0,0
37.16447879576549,2.3849422544869068,1,17431.074470705225,2.472839420426501,62.63387659484535,15,0,0
37.16447879576549,2.3849422544869068,0,17431.074470705225,2.472839420426501,62.63387659484535,15,0,0
37.16447879576549,2.3849422544869068,0,17431.074470705225,2.472839420426501,62.63387659484535,15,0,0
37.16447879576549,2.3849422544869068,1,17431.074470705225,2.472839420426501,62.63387659484535,15,0,0
21.232704061744446,2.535912651610617,1,2823.103754912529,6.588790246878786,61.56688215266336,15,0,0
36.1769067787522,1.14360313881812,0,42443.578290181504,7.630937414018586,109.78891999476738,83,2,2
37.44086478600969,3.2509709042359436,0,94455.40135095896,4.035698887042792,28.926863770670508,65,2,1
37.555296856996776,4.856421321003366,1,41956.7767925836,1.1451317007132666,92.23317365609937,36,1,1
49.838674919306605,1.4935654236234064,0,34329.49902485967,7.8542304852778555,69.6868119170654,8,2,1
43.79854783976529,2.314153946422168,0,19589.537096667413,7.347669732018981,75.19645488977898,70,1,0
27.199418582873452,4.458069500119054,0,75991.1619534524,5.617265776031122,3.323889714009054,35,1,0
11.882712167854272,2.7570043864875196,1,60108.7544318372,7.800697510128774,5.722885136146814,86,1,2
19.143810064590628,2.107323700563149,1,5567.197779277503,9.901078240868564,18.189310911270866,34,0,1
12.992266308205656,3.3414537290036614,1,29048.75524301462,2.207473067119107,53.0326550277554,64,1,0
41.37802848474698,0.15410115701566363,0,9240.576804722321,0.0638468238544132,43.89369634222244,18,1,1
41.73327968401692,0.7689820894295646,0,18455.76143047767,6.247891255123191,35.84177472089396,55,0,0
18.570689913845598,4.356616921753748,1,30941.284345835833,1.9004028457790378,103.88362507891833,7,1,1
47.93884422055842,0.7911992204920976,1,9060.438497032996,8.674963776595025,68.00575457611383,76,0,2
22.92364470654812,0.14733419410462745,0,118699.60513500762,7.601857170851666,40.43274952426978,9,2,2
28.636642711726928,4.631977686511695,1,76065.03103805403,4.708674570614205,73.04488730254302,72,0,0
33.23800071839062,3.763925285448626,1,14178.24278803495,7.846177136934214,104.41651034846939,76,0,1
49.91896631115962,4.8871536422569335,1,63098.538049040435,9.448256831495117,23.28019692130067,47,1,0
45.875109354554546,3.798594759942018,0,47640.0456128587,7.234985477815776,47.96733738031297,80,0,2
15.772623773809906,4.6140418794437945,0,23276.3835920153,2.6889209892326136,25.434451842731054,57,1,2
45.739566572424664,1.7220672234579004,0,49579.55708472441,4.592340564697492,61.46499853986335,87,0,2
18.127636507237995,3.773163106064291,1,68015.7213136395,0.8106658947568068,15.786278006058287,75,2,0
42.11997429363387,0.8220419049604638,1,11945.746197324155,6.285243474799116,40.80015138733917,91,0,1
36.858863584711,4.11945055833563,1,114566.49055318514,3.300553272230504,119.46959313583034,6,2,0
16.063705386497723,3.6615601408432017,1,59569.644889754316,1.3816568625254844,110.33617292793348,0,2,0
12.142520652822974,0.9566598400598919,0,9300.963797010536,2.352330422692247,1.5788705963395122,65,2,0
47.17718335644228,0.9198360259213906,1,82273.92448645913,3.139019343766601,41.73888386801424,73,2,1
10.195719053541005,0.8435190805115333,0,113763.81924704001,8.1055826904314,97.57060214205407,74,1,1
15.906344921465209,4.094366912186003,0,1993.8058718657849,0.19406007207342424,100.56362987642376,82,0,2
48.97961717077277,3.321626848898747,1,81827.64778617158,1.6697347082274716,37.69776644658293,40,1,1
48.95343595229,3.2834373026042636,1,82632.31785699067,9.136681479798506,23.131567267296063,47,1,0
45.739566572424664,1.7220672234579004,1,49579.55708472441,4.592340564697492,61.46499853986335,87,2,2
19.143810064590628,2.107323700563149,0,116634.01030830407,8.015872838403041,18.189310911270866,34,0,1
37.555296856996776,4.856421321003366,1,43218.760724482665,1.1451317007132666,92.23317365609937,36,1,1
34.383146454505436,3.763925285448626,1,13421.06723821884,7.395853055120899,67.60053805766468,76,2,1
45.875109354554546,3.8006643346097917,0,47640.0456128587,7.234985477815776,48.0861888000687,80,2,2
35.94916583615449,1.14360313881812,0,42178.55066250592,4.7614335218133546,74.50483262138637,72,0,2
35.81711964736472,4.11945055833563,1,114566.49055318514,3.607726758882437,53.79112974739508,6,2,0
12.349841196886473,0.9895476968010624,0,7499.294510676949,0.6326433443386721,8.661988384274743,65,2,0
37.44086478600969,4.101140516789661,0,88831.9222119076,2.246016023405957,25.288337829481325,65,2,1
41.71920791991403,2.59101048987761,1,2823.103754912529,6.588790246878786,61.56688215266336,15,0,1
41.73327968401692,2.735582877682389,0,28123.804893695837,6.247891255123191,27.398072353299405,47,0,0
15.906344921465209,4.094366912186003,0,60908.65767360177,0.09038883482391757,100.56362987642376,82,0,0
27.199418582873452,0.3788992184837252,0,75991.1619534524,5.617265776031122,2.371652853312649,35,1,0
43.79854783976529,2.314153946422168,0,19589.537096667413,1.1033430117129366,68.23115576485273,70,1,0
49.94773286565432,4.916446500121779,1,62293.86797821075,1.6697347082274716,37.84639610062641,40,1,1
18.127636507237995,3.5034074372725756,0,68015.7213136395,0.8106658947568068,15.786278006058287,75,0,0
10.163070309651658,0.8435190805115333,1,2941.1547393592045,9.956236501394313,97.57060214205407,74,1,1
49.91273789563241,1.4935654236234064,0,35086.6760448049,7.8542304852778555,106.50254116303861,8,0,1
47.14426729477776,0.9177809643989545,1,86040.84309012236,3.850225144562199,41.62003244825851,94,0,1
28.864383654322484,4.631977686511695,1,76330.0586662295,7.578178453971289,109.08322961219962,78,2,0
14.043559349726975,3.3414537290036614,1,29048.75524301462,2.207473067119107,117.7299051007738,64,1,0
45.26201830721741,0.12166243175493757,0,9240.576804722321,2.4688443215763103,43.89369634222244,20,1,1
12.232128037337864,3.2628789947657397,0,28900.001454935606,2.683623798736477,29.072977783920233,57,1,2
21.633434163052364,0.8220419049604638,1,11945.746197324155,6.285243474799116,40.80015138733917,88,0,0
11.882712167854272,0.29382415882257185,1,60108.7544318372,8.158593560548033,7.8104094524305765,86,1,2
14.13203236752781,3.6615601408432017,1,996.1682506381267,1.3776613651264755,110.33617292793348,5,2,2
22.92364470654812,4.438299910088556,0,118699.60513500762,7.601857170851666,40.43274952426978,12,2,2
18.570689913845598,4.356616921753748,1,30941.284345835833,8.147279373286015,103.88362507891833,7,1,1
19.537775290886543,4.424055896990186,1,30941.284345835833,1.9004028457790378,104.03687113681752,5,1,1
42.86473088154774,0.8035417673579431,1,11945.746197324155,6.285243474799116,40.80015138733917,85,1,1
16.19714809985663,3.772785317221828,1,82632.31785699067,1.6573441895766732,22.273093401219334,48,2,0
49.91273789563241,1.4935654236234064,0,2738.769990590097,7.893308713842995,106.50254116303861,8,0,1
12.036449671687922,4.394049896785861,1,30817.299045176238,7.801107921270099,103.88362507891833,83,1,1
19.859894291132548,2.107323700563149,0,115978.23022787756,8.015872838403041,43.044776839081926,27,0,1
49.91896631115962,4.886792985222836,1,60034.75548557724,1.6424950945610783,23.28019692130067,47,1,0
12.992266308205656,3.3413513415702782,1,27803.107382762544,1.683885137681032,35.80750136221062,64,1,0
21.633434163052364,2.0635871478617895,1,11945.746197324155,9.935515774330486,18.20726958052717,88,0,0
19.537775290886543,4.424055896990186,1,24601.86603952399,8.111024389427762,46.178798787889335,3,1,1
18.570689913845598,4.3619517615833825,0,28127.355884089266,2.967681308801553,103.88362507891833,49,1,1
27.199418582873452,0.3163770862359867,0,77149.45960956489,3.2295993639859946,2.371652853312649,35,2,0
37.555296856996776,4.845694849693231,1,44217.3882471609,1.2953065920103999,97.92880546984249,36,1,1
46.96793748110274,1.2863370118233022,0,3770.289814563001,1.267916816813837,100.56362987642376,82,0,2
37.67295731650169,4.856421321003366,1,43218.760724482665,1.0484046916912608,92.23317365609937,1,1,1
12.204651280250589,2.535912651610617,1,2823.103754912529,8.171563541598609,61.56688215266336,15,0,0
41.37802848474698,0.15410115701566363,0,9240.576804722321,0.0638468238544132,43.89369634222244,24,0,1
48.61446755705947,3.705798755735258,1,59569.644889754316,8.857296041725661,111.1011380450604,1,1,0
14.13203236752781,3.6615601408432017,1,33569.710382182115,1.339041671147025,110.33617292793348,5,2,2
19.16602134237008,2.719564869350674,1,60232.73973989053,8.14686896214469,5.722885136146814,10,1,2
45.14134184358598,0.12166243175493757,0,9333.549748555539,2.4688443215763103,19.038230694117157,20,1,1
49.94773286565432,4.981197181891913,1,68822.40516702623,9.45849486836164,37.84639610062641,40,1,1
49.75765751063336,3.3217292363321302,1,82474.26321841765,2.1933226376655464,54.88950980562667,40,1,1
19.143810064590628,0.8239738894713671,1,5567.197779277503,6.039791361221777,40.78219279466414,34,0,1
23.438187503794417,0.14733419410462745,0,118699.60513500762,2.856164916081432,98.28960896069721,9,2,2
41.73327968401692,2.735582877682389,1,30937.733355442404,6.247891255123191,27.398072353299405,1,0,0
36.858863584711,4.189645598572261,1,114566.49055318514,5.688219684342562,119.46959313583034,6,1,0
27.199418582873452,4.468794975746644,0,73730.55049933573,5.406630665634755,1.8359245432538795,35,1,0
15.808719455537439,4.387072918439102,0,34329.49902485967,7.648611115623951,69.6868119170654,5,2,1
41.60154746040868,2.59101048987761,1,2823.103754912529,6.910782276421488,61.56688215266336,36,0,1
24.911699775543912,0.9895476968010624,0,16828.752049473456,0.6311045011849612,8.661988384274743,65,2,0
16.19714809985663,3.772785317221828,1,84015.99241661197,1.6573441895766732,54.64521128253796,48,2,0
48.37643563403464,0.15410115701566363,1,61919.610568322794,8.638067278786606,51.01551141778607,24,0,1
41.73327968401692,2.735582877682389,1,30937.733355442404,6.247891255123191,27.398072353299405,4,0,0
19.16602134237008,2.719564869350674,1,60232.73973989053,7.464571163013642,5.722885136146814,10,0,2
49.94773286565432,4.147483938207883,1,62293.86797821075,1.6697347082274716,37.84639610062641,40,1,1
19.537775290886543,4.424055896990186,1,30784.398850618192,1.0776920017922473,104.03687113681752,1,1,1
18.63574759253001,0.362104154310177,0,7589.9783855075875,5.636387434024278,2.729716988062023,35,1,0
12.164459923210961,2.535912651610617,1,61063.116623266054,8.171563541598609,108.11297753404796,0,0,0
19.516951644019233,4.425836621160342,1,24598.578420998336,1.5552415989272954,101.95288201027941,7,1,1
49.94741777707805,0.12166243175493757,0,9240.576804722321,2.355768678896007,43.89369634222244,20,2,1
49.792126717519814,2.268679599456453,1,3518.6193193090385,6.588790246878786,106.695425307783,15,0,0
37.555296856996776,4.915462562654277,1,27878.358377650045,1.3390562024151635,109.60293885787482,35,1,2
14.051615554112358,3.6615601408432017,1,996.1682506381267,0.9281906938687221,110.33617292793348,5,2,2
49.003269565168274,3.335663181759366,1,44217.3882471609,1.671210932131756,98.59190118862993,36,1,1
12.992266308205656,3.212369737245509,1,24331.76663784224,2.207473067119107,20.660539971105358,63,1,0
41.6154693603293,3.705798755735258,0,3369.879861747565,0.3104129064099159,101.12026006029745,1,1,0
18.570689913845598,4.356616921753748,1,30941.284345835833,8.147279373286015,103.88362507891833,1,1,1
19.143810064590628,2.107323700563149,1,2362.338431708523,9.901078240868564,18.189310911270866,34,1,1
37.555296856996776,4.859699329892064,1,41956.7767925836,1.1451317007132666,92.23317365609937,36,1,1
37.67295731650169,4.856421321003366,1,43375.64621970044,1.871115535707293,92.23317365609937,5,1,1
27.70748106519399,0.8407689586356144,1,74071.68498891502,6.020669703228621,40.51952037871297,31,0,1
16.103897299485016,3.720003710383333,1,1946.6775966296118,1.3816568625254844,63.786756292417394,15,2,0
18.591513560712908,4.354836197583592,1,33538.014879646464,8.578388604408168,48.108848011994986,3,1,1
46.13550884022929,1.4935654236234064,0,34329.49902485967,8.06805849677188,61.76939366954189,7,1,1
20.389480599613975,1.4924582190571074,0,34429.76538326287,7.8542304852778555,61.3735050556531,8,0,1
14.13203236752781,3.6615601408432017,1,43302.44241094693,1.145117169445128,109.60839337344395,6,2,1
37.380558923149096,4.189645598572261,1,114566.49055318514,5.688219684342562,119.46959313583034,6,1,0
37.51605021941732,4.830420222121993,1,81827.64778617158,1.2938303681061152,37.69776644658293,40,1,1
19.28834971967935,4.856421321003366,1,6275.623757903275,5.851576787190648,93.86528537137275,1,0,1
37.528422113568524,0.8239738894713671,1,49274.338769968606,1.2368830801191248,39.15005155497735,35,1,1
37.41461261785837,4.856421321003366,1,43245.23600697947,0.25483005491672817,92.52525452214728,36,1,1
46.31907325032794,0.33045587280307553,0,31192.355097461208,2.4688443215763103,107.11886466169817,1,1,1
40.65629674177855,0.7639245970827104,1,49274.338769968606,1.2368830801191248,39.0805947359923,4,1,1
14.193966134525947,4.668595197175414,1,16609.103471152164,5.851576787190648,93.86528537137275,9,0,1
19.143810064590628,2.107323700563149,1,2829.7453958303404,6.475268217887299,16.649252890114916,34,0,0
48.00788358294357,1.4935654236234064,0,34329.49902485967,8.06805849677188,61.76939366954189,7,1,1
13.847398636441165,3.660524636400064,1,1946.6775966296118,1.414536461195749,63.786756292417394,5,2,2
42.47037650133876,2.735582877682389,1,31984.7819684724,5.966696522101012,27.398072353299405,4,0,0
19.51809587928494,4.807666539174839,1,24950.6704897024,7.634805421773439,104.63622036510296,7,1,1
49.91273789563241,1.4935654236234064,0,2738.769990590097,8.794790135148144,106.50254116303861,8,1,1
41.73327968401692,2.735582877682389,1,30937.733355442404,6.384541771273913,28.06974992028716,1,0,0
37.67295731650169,4.612930197928209,1,43611.01841569437,1.871115535707293,92.23317365609937,5,1,1
22.97686550747523,3.6615601408432017,1,996.1682506381267,1.3776613651264755,40.018116220587835,34,2,2
48.71360114387933,3.636848077239734,1,33569.710382182115,1.6676851314378824,30.264849186820708,5,2,2
12.492474087037102,4.3566623091085,1,30941.284345835833,1.8122006284917802,103.87002930192415,5,1,1
49.11760085238499,3.788475942898605,1,44190.912964664094,1.671210932131756,97.01526631853872,36,1,1
18.463355185633283,4.338809273500906,1,8832.66756930105,1.0776920017922473,40.80196460121284,20,1,1
14.309675456304983,4.482814138577677,1,24601.86603952399,8.111024389427762,46.24825560687439,36,1,1
19.22641597041476,3.6615601408432017,1,43950.73164563324,1.145117169445128,109.60839337344395,1,2,1
21.232704061744446,2.535912651610617,1,5560.556139212059,9.94257671021521,61.56688215266336,15,0,1
12.204651280250589,2.535912651610617,1,2823.103754912529,7.39013373830713,61.56688215266336,15,0,0
16.308114217166764,3.6090060776877015,1,996.1682506381267,0.9281906938687221,110.33617292793348,15,2,0
13.616955490006763,3.6615601408432017,1,58522.59628095443,1.3691043867701147,110.33617292793348,0,2,0
18.56954567857989,4.355383584302173,1,30589.192277131766,1.7256928247056051,104.74924973455644,1,1,1
18.570689913845598,4.356616921753748,1,30941.284345835833,1.9152909008822183,103.88362507891833,6,0,1
41.71920791991403,2.59101048987761,1,2823.103754912529,6.182966330739395,60.89520470062689,15,0,1
19.16602134237008,2.719564869350674,1,59997.36754389665,8.14686896214469,5.722885136146814,4,1,2
19.143810064590628,0.8239738894713671,1,5567.197779277503,6.039791361221777,111.06040607722295,5,0,1
14.17372601863795,3.3242517620580845,1,80812.71835160787,1.341091247936614,106.04876418323072,40,1,1
22.034638474750487,2.5777011855679923,1,61063.116623266054,8.698651385988112,108.27981936894132,0,0,0
21.232704061744446,2.535912651610617,1,2823.103754912529,6.588790246878786,61.56688215266336,15,0,0
36.1769067787522,1.14360313881812,0,42443.578290181504,7.630937414018586,109.78891999476738,83,2,2
37.44086478600969,3.2509709042359436,0,94455.40135095896,4.035698887042792,28.926863770670508,65,2,1
37.555296856996776,4.856421321003366,1,41956.7767925836,1.1451317007132666,92.23317365609937,36,1,1
49.838674919306605,1.4935654236234064,0,34329.49902485967,7.8542304852778555,69.6868119170654,8,2,1
43.79854783976529,2.314153946422168,0,19589.537096667413,7.347669732018981,75.19645488977898,70,1,0
27.199418582873452,4.458069500119054,0,75991.1619534524,5.617265776031122,3.323889714009054,35,1,0
11.882712167854272,2.7570043864875196,1,60108.7544318372,7.800697510128774,5.722885136146814,86,1,2
19.143810064590628,2.107323700563149,1,5567.197779277503,9.901078240868564,18.189310911270866,34,0,1
12.992266308205656,3.3414537290036614,1,29048.75524301462,2.207473067119107,53.0326550277554,64,1,0
41.37802848474698,0.15410115701566363,0,9240.576804722321,0.0638468238544132,43.89369634222244,18,1,1
41.73327968401692,0.7689820894295646,0,18455.76143047767,6.247891255123191,35.84177472089396,55,0,0
18.570689913845598,4.356616921753748,1,30941.284345835833,1.9004028457790378,103.88362507891833,7,1,1
47.93884422055842,0.7911992204920976,1,9060.438497032996,8.674963776595025,68.00575457611383,76,0,2
22.92364470654812,0.14733419410462745,0,118699.60513500762,7.601857170851666,40.43274952426978,9,2,2
28.636642711726928,4.631977686511695,1,76065.03103805403,4.708674570614205,73.04488730254302,72,0,0
33.23800071839062,3.763925285448626,1,14178.24278803495,7.846177136934214,104.41651034846939,76,0,1
49.91896631115962,4.8871536422569335,1,63098.538049040435,9.448256831495117,23.28019692130067,47,1,0
45.875109354554546,3.798594759942018,0,47640.0456128587,7.234985477815776,47.96733738031297,80,0,2
15.772623773809906,4.6140418794437945,0,23276.3835920153,2.6889209892326136,25.434451842731054,57,1,2
45.739566572424664,1.7220672234579004,0,49579.55708472441,4.592340564697492,61.46499853986335,87,0,2
18.127636507237995,3.773163106064291,1,68015.7213136395,0.8106658947568068,15.786278006058287,75,2,0
42.11997429363387,0.8220419049604638,1,11945.746197324155,6.285243474799116,40.80015138733917,91,0,1
36.858863584711,4.11945055833563,1,114566.49055318514,3.300553272230504,119.46959313583034,6,2,0
16.063705386497723,3.6615601408432017,1,59569.644889754316,1.3816568625254844,110.33617292793348,0,2,0
12.142520652822974,0.9566598400598919,0,9300.963797010536,2.352330422692247,1.5788705963395122,65,2,0
47.17718335644228,0.9198360259213906,1,82273.92448645913,3.139019343766601,41.73888386801424,73,2,1
10.195719053541005,0.8435190805115333,0,113763.81924704001,8.1055826904314,97.57060214205407,74,1,1
15.906344921465209,4.094366912186003,0,1993.8058718657849,0.19406007207342424,100.56362987642376,82,0,2
48.97961717077277,3.321626848898747,1,81827.64778617158,1.6697347082274716,37.69776644658293,40,1,1
48.93336460340056,0.11199192588812734,1,63098.538049040435,9.448256831495117,41.3511197647257,48,1,0
37.25428851287643,2.303563005279606,0,19589.537096667413,7.022506770803266,75.19645488977898,70,2,1
18.576797934089267,4.357322177295402,1,30930.61741228718,0.7948839858884179,10.801362355492984,1,1,1
19.143810064590628,2.420035288283904,1,113313.0133498449,9.901078240868564,18.189310911270866,34,0,1
48.97961717077277,3.321626848898747,1,88177.36565006059,1.6697347082274716,36.917423926906594,40,2,1
45.739566572424664,1.641463730394218,0,50709.63623821749,2.669298778142461,61.46499853986335,87,1,2
47.93884422055842,0.7561693118544404,1,9060.438497032996,7.163038632792362,47.15646195779658,80,0,2
12.151898401572712,3.3414537290036614,1,29048.75524301462,2.2007340848480585,53.0326550277554,64,1,0
42.11997429363387,0.8220419049604638,1,12063.830297999384,6.764146885278728,44.00993530630869,91,0,1
47.17718335644228,0.9196749346499262,1,45117.879211209736,3.581863685345743,36.33612004192161,73,2,1
36.982039766793235,2.4400459331970468,1,8095.131964084067,7.178868434843757,61.56688215266336,15,0,0
33.608807047850334,4.012467082247453,1,18455.76143047767,7.911672904551364,36.62466643894213,55,0,0
28.636642711726928,4.631977686511695,1,64045.58312929941,4.708674570614205,51.49953759326877,63,0,1
27.1007597852269,4.458069500119054,0,75991.1619534524,5.299014899138127,3.323889714009054,34,1,0
11.882712167854272,3.1599699108758283,1,60108.7544318372,7.800697510128774,1.699287978943671,86,1,2
23.421252385544562,4.845090301802871,0,118699.60513500762,7.601857170851666,17.433471420298794,8,2,2
45.419020834364666,3.26156184537808,0,94455.40135095896,4.035698887042792,28.926863770670508,65,1,0
18.121528486994325,3.672464250711239,1,68026.38833699105,1.9161847722075953,108.87831423946497,75,2,0
10.05773729152231,0.8435190805115333,0,6085.379069326569,8.1055826904314,97.57060214205407,74,1,1
49.838674919306605,1.4935654236234064,0,34329.49902485967,7.8542304852778555,70.46715444313918,8,1,1
16.009103483388426,4.6906598027767075,0,22146.304683687405,4.611962775813227,25.434451842731054,57,0,2
43.71706400422022,3.8337221901066982,0,46555.09510703815,9.020012914403333,68.81662999863106,76,0,2
12.982888559455922,0.9566598400598919,0,9300.963797010536,2.359069404963295,1.5550429436500446,57,2,0
41.37802848474698,0.15410115701566363,0,9122.492704047094,0.026567501305291064,40.68391242325292,16,1,1
37.43335983096964,1.1437642300895845,0,83033.96752879128,7.495265961497028,109.78891999476738,83,2,2
23.954351278967952,4.11945055833563,1,109741.65686055706,3.300553272230504,119.46959313583034,6,2,0
41.362473350797536,0.8231127278692885,0,14178.24278803495,6.182395487370667,103.63101881051081,76,0,1
37.555296856996776,4.872217067233644,1,41956.7767925836,0.35694791297001816,104.41790251696439,42,1,0
12.113469262666563,4.094366912186003,0,4395.974442106539,0.6481696398711945,100.56362987642376,82,0,2
16.063705386497723,3.6615601408432017,1,59569.644889754316,1.3816568625254844,110.33617292793348,2,2,0
19.143810064590628,2.420035288283904,0,16231.576422805112,0.25050589624134734,18.189310911270866,34,1,1
33.714140125152404,4.455931229724336,1,16211.10911239203,7.738942460424096,36.62466643894213,55,0,0
15.92128427665943,0.855184902256912,0,56356.6810650291,1.3569895914204433,102.8473300844957,62,2,0
49.3417293105849,4.803207081459002,1,63098.538049040435,9.448256831495117,23.28019692130067,9,1,1
36.858863584711,3.8346978192021424,1,31234.467928155194,3.5777949140887397,119.46959313583034,1,1,0
37.555296856996776,0.08567767532064874,1,41956.7767925836,0.35694791297001816,104.81018030199158,42,1,0
18.983026469434133,4.356616921753748,1,41502.71212996401,1.9004028457790378,103.88362507891833,7,1,1
12.691046149323943,3.763925285448626,1,30749.685971410476,2.245419631090681,103.66348536384545,47,0,1
40.810137578262236,2.4400459331970468,1,8095.131964084067,7.10904723750599,69.70288541006417,22,0,0
21.232704061744446,2.744097626550975,1,2823.103754912529,6.588790246878786,58.72804575541903,15,0,0
13.01247406514824,3.672464250711239,1,70457.09322569413,1.9161847722075953,112.3692061322065,75,2,0
23.020040555500803,0.14055898549419277,1,88438.7800481021,7.601857170851666,40.43274952426978,34,2,1
16.063705386497723,3.6615601408432017,1,59569.644889754316,0.5542957071753252,111.15614319507407,6,2,0
29.198597063402016,4.521362399591556,0,76052.97381821742,7.339879154892267,53.740320746517,81,0,2
12.142520652822974,0.1382061216286486,0,9300.963797010536,2.352330422692247,44.86726106600317,50,2,0
41.37802848474698,0.15410115701566363,1,106216.98126379654,9.735247778495168,43.89369634222244,18,0,1
27.263798522454458,4.014605352623587,0,78237.81184812787,5.380536175281047,3.323889714009054,34,1,0
13.125309670723919,3.763077798160902,1,12518.463745941135,2.3837366760940633,10.047915607791317,0,2,0
49.838674919306605,1.6311687811776765,0,34329.49902485967,7.8542304852778555,70.46715444313918,46,1,0
13.780938356610358,4.357322177295402,1,114072.69087805072,0.7153041980418597,10.801362355492984,7,2,1
41.37802848474698,4.92788194656522,0,9122.492704047094,0.026567501305291064,40.289159689166645,16,1,1
37.555296856996776,4.3722251767679845,1,39813.35773486814,1.1451317007132666,101.5876684895185,36,1,1
32.71508434669905,3.3414537290036614,1,9583.837062704031,7.801490201719443,53.0326550277554,75,1,0
48.46486395656697,1.4935654236234064,0,34329.49902485967,7.924051682615616,61.5508086596646,11,2,1
17.01221692732879,4.6906598027767075,0,18696.842800140887,4.562059583722344,17.473794037674345,54,0,2
18.101321066966683,3.061389292897256,1,27112.72498133709,2.207473067119107,53.0326550277554,64,1,0
19.047414215638064,2.1185352597815523,0,17306.477221300975,9.901078240868564,18.189310911270866,9,0,2
23.954351278967952,4.11945055833563,1,98980.71131193999,3.300553272230504,119.46959313583034,6,2,0
43.875272360541985,3.7353017909311617,0,47578.23374804534,5.512372098936943,5.714755105303149,35,1,0
48.93336460340056,0.930734687926279,1,63098.538049040435,9.448256831495117,0.258570276266493,65,1,0
18.945618385291596,2.4400459331970468,1,30175.398710799658,7.178868434843757,58.66257378273045,7,0,0
13.125309670723919,2.718362449515791,1,13173.506097074636,7.190561012846049,10.047915607791317,0,2,0
16.063705386497723,3.6615601408432017,1,59569.644889754316,1.4048631192343346,111.15614319507407,0,2,0
49.4375873483378,4.6906598027767075,0,34788.71121216999,4.562059583722344,10.99938680488323,56,1,1
41.37802848474698,4.92788194656522,1,8628.600538733992,0.026567501305291064,9.278229099459548,16,1,1
48.46486395656697,1.4935654236234064,1,34329.49902485967,7.845500622454111,61.5508086596646,6,2,1
17.82612600406762,2.363676523545167,1,113313.0133498449,9.901078240868564,18.189310911270866,34,0,1
49.12876351591963,4.689830981921392,0,22146.304683687405,4.460012276137117,25.434451842731054,54,0,2
19.50232471532562,2.0755163611479985,0,100322.87873447777,9.74190958024884,18.189310911270866,9,0,2
34.131827082368005,4.460735073521553,1,62249.65621136155,9.448256831495117,23.497247684728137,47,1,0
48.93336460340056,0.23351364090443916,1,63098.538049040435,9.442288875562703,70.9176404300601,48,0,0
16.111109351066602,3.6615601408432017,1,59569.644889754316,6.951340128129507,106.81781493311297,15,2,0
36.858863584711,3.8346978192021424,1,31234.467928155194,3.540934639354643,119.46959313583034,1,1,0
12.691046149323943,1.496601018151864,1,30749.685971410476,2.245419631090681,103.66348536384545,47,0,1
19.127026752156127,2.107323700563149,1,5567.197779277503,2.432051149316751,18.863368663441815,34,0,1
36.607118471349914,4.356616921753748,1,8769.650792698874,1.9004028457790378,106.7866533630184,15,1,1
21.232704061744446,3.776662849917822,1,2169.774885247003,3.144898429504073,58.72804575541903,15,0,0
16.063705386497723,3.5954010553474065,1,59569.644889754316,0.5310895145296239,110.33617292793348,6,2,0
16.8150766094818,1.4935654236234064,0,18237.630616268543,7.8542304852778555,76.96194252262958,8,0,2
18.576797934089267,4.357322177295402,0,31424.576792581618,0.7948839858884179,41.81295942510464,0,1,1
23.954351278967952,4.11945055833563,0,109741.65686055706,3.3791019196903105,119.46959313583034,11,2,0
41.37802848474698,0.15410115701566363,1,106216.98126379654,9.735247778495168,43.89369634222244,13,0,1
15.887773368200929,4.8040359023142205,1,63098.538049040435,9.58783366724129,23.28019692130067,9,1,1
23.49944077928155,4.336058062212202,1,15971.267490866223,3.3855270321266455,119.46959313583034,6,2,0
49.2389016932232,4.760954924740677,1,23079.408931494218,7.738942460424096,36.40761567552208,55,0,0
40.810137578262236,2.3265140651990635,1,8095.131964084067,6.696063650374293,40.13636474564782,22,1,0
21.185300097496487,2.535912651610617,1,2823.103754912529,1.2831192187162879,80.7825835647161,2,0,0
18.983026469434133,4.508822825251307,1,41476.80699583064,1.9372631206627182,103.88362507891833,6,1,1
49.838674919306605,3.760889473420069,0,34329.49902485967,7.8542304852778555,69.6868119170654,8,2,1
13.009051435833438,3.3414537290036614,1,28593.728888725742,9.420905566328432,54.97936185928068,64,1,0
41.37802848474698,1.849895574036572,0,9887.304979606677,9.570135699248516,40.289159689166645,36,1,1
40.52777548070438,4.508822825251307,1,41476.80699583064,7.27825859882658,45.24762473799048,22,1,1
11.036407878392227,3.7689550875873588,1,30767.545400504045,0.7948839858884179,10.040873341176924,1,1,1
18.983026469434133,4.356616921753748,1,9278.626077375771,1.9004028457790378,103.88362507891833,7,1,1
41.37802848474698,0.15410115701566363,1,106216.98126379654,9.735247778495168,32.023208216492435,0,0,1
21.35940961883935,3.781447473372347,1,98980.71131193999,3.3013685138070326,119.94367275265213,14,2,0
15.982132953946428,2.4944596109253707,1,59829.68211767998,6.630264667770646,111.99909911153325,7,0,0
49.73400675267386,4.11945055833563,0,113030.28964523533,3.300553272230504,70.0416669002189,12,2,0
15.887773368200929,2.028971873489552,1,63098.538049040435,9.512353422956814,70.1926635449345,21,1,1
36.858863584711,3.8346978192021424,0,31234.467928155194,3.540934639354643,119.46959313583034,1,1,0
39.565132255133754,4.92788194656522,1,8628.600538733992,0.026567501305291064,9.278229099459548,22,1,1
19.543106727160307,2.4212922898525076,1,8095.131964084067,1.1722454447818098,61.56688215266336,15,0,0
18.570689913845598,4.356616921753748,1,30941.284345835833,1.9554936037222244,103.88362507891833,16,0,1
16.222297630830578,3.611597296961861,1,59569.644889754316,7.974041867614151,7.5575943178149565,6,2,0
21.19932788151635,3.64791673441335,1,56818.86070141074,1.4048631192343346,111.15614319507407,0,2,0
16.31425114057041,4.989727003781295,1,5644.425675400721,0.4037680441991949,14.52821591099812,16,0,1
19.265391968988524,2.3265140651990635,1,8095.131964084067,1.355501635244822,98.771167368675,6,1,0
18.430794693600657,4.351444887778268,1,12681.536072464907,2.3837366760940633,10.808404622107377,0,2,0
36.607118471349914,4.517452811503162,1,38915.00293607677,1.9004028457790378,106.7866533630184,15,1,1
12.291108575806028,3.6615601408432017,1,59569.644889754316,1.3816568625254844,113.08611674907627,16,2,0
23.827645721873047,4.114665934881104,1,2169.774885247003,1.9873113798107016,58.72804575541903,15,0,0
19.02719081784351,3.6615601408432017,1,29915.36149657461,1.3816568625254844,56.975837991925005,1,2,0
23.400291627964776,3.760889473420069,1,30851.467305848695,7.8542304852778555,118.44717774524463,6,2,1
40.61705848932392,4.992287259543986,1,7854.50949410231,7.184158522781402,22.79043856622215,10,0,0
49.838674919306605,1.4935654236234064,1,34329.49902485967,7.8542304852778555,83.40760278543952,8,1,1
23.49944077928155,4.336058062212202,1,13059.749105106679,3.393310995822433,119.46959313583034,6,2,0
38.62423995283426,2.535912651610617,1,2823.103754912529,7.2905091304045895,80.7825835647161,2,0,0
21.232704061744446,2.065320040549895,1,2823.103754912529,6.533704806322299,59.28813037849196,6,1,0
13.158806592989675,2.76832529339119,1,13173.506097074636,1.0430924187542456,112.61589395400057,0,2,0
18.88151582610736,2.5495560579808108,1,5763.197377276068,6.588790246878786,61.56688215266336,20,0,0
21.232704061744446,2.535912651610617,1,2823.103754912529,6.588790246878786,61.56688215266336,15,0,0
36.1769067787522,1.14360313881812,0,42443.578290181504,7.630937414018586,109.78891999476738,83,2,2
37.44086478600969,3.2509709042359436,0,94455.40135095896,4.035698887042792,28.926863770670508,65,2,1
37.555296856996776,4.856421321003366,1,41956.7767925836,1.1451317007132666,92.23317365609937,36,1,1
49.838674919306605,1.4935654236234064,0,34329.49902485967,7.8542304852778555,69.6868119170654,8,2,1
43.79854783976529,2.314153946422168,0,19589.537096667413,7.347669732018981,75.19645488977898,70,1,0
27.199418582873452,4.458069500119054,0,75991.1619534524,5.617265776031122,3.323889714009054,35,1,0
11.882712167854272,2.7570043864875196,1,60108.7544318372,7.800697510128774,5.722885136146814,86,1,2
19.143810064590628,2.107323700563149,1,5567.197779277503,9.901078240868564,18.189310911270866,34,0,1
12.992266308205656,3.3414537290036614,1,29048.75524301462,2.207473067119107,53.0326550277554,64,1,0
41.37802848474698,0.15410115701566363,0,9240.576804722321,0.0638468238544132,43.89369634222244,18,1,1
41.73327968401692,0.7689820894295646,0,18455.76143047767,6.247891255123191,35.84177472089396,55,0,0
18.570689913845598,4.356616921753748,1,30941.284345835833,1.9004028457790378,103.88362507891833,7,1,1
47.93884422055842,0.7911992204920976,1,9060.438497032996,8.674963776595025,68.00575457611383,76,0,2
22.92364470654812,0.14733419410462745,0,118699.60513500762,7.601857170851666,40.43274952426978,9,2,2
28.636642711726928,4.631977686511695,1,76065.03103805403,4.708674570614205,73.04488730254302,72,0,0
33.23800071839062,3.763925285448626,1,14178.24278803495,7.846177136934214,104.41651034846939,76,0,1
49.91896631115962,4.8871536422569335,1,63098.538049040435,9.448256831495117,23.28019692130067,47,1,0
45.875109354554546,3.798594759942018,0,47640.0456128587,7.234985477815776,47.96733738031297,80,0,2
15.772623773809906,4.6140418794437945,0,23276.3835920153,2.6889209892326136,25.434451842731054,57,1,2
45.739566572424664,1.7220672234579004,0,49579.55708472441,4.592340564697492,61.46499853986335,87,0,2
18.127636507237995,3.773163106064291,1,68015.7213136395,0.8106658947568068,15.786278006058287,75,2,0
42.11997429363387,0.8220419049604638,1,11945.746197324155,6.285243474799116,40.80015138733917,91,0,1
36.858863584711,4.11945055833563,1,114566.49055318514,3.300553272230504,119.46959313583034,6,2,0
16.063705386497723,3.6615601408432017,1,59569.644889754316,1.3816568625254844,110.33617292793348,0,2,0
12.142520652822974,0.9566598400598919,0,9300.963797010536,2.352330422692247,1.5788705963395122,65,2,0
47.17718335644228,0.9198360259213906,1,82273.92448645913,3.139019343766601,41.73888386801424,73,2,1
10.195719053541005,0.8435190805115333,0,113763.81924704001,8.1055826904314,97.57060214205407,74,1,1
15.906344921465209,4.094366912186003,0,1993.8058718657849,0.19406007207342424,100.56362987642376,82,0,2
48.97961717077277,3.321626848898747,1,81827.64778617158,1.6697347082274716,37.69776644658293,40,1,1
41.28970148457319,0.10882174354389118,1,114566.49055318514,3.300553272230504,119.67240084735396,18,2,0
17.254635026973748,0.7575849694036931,1,68015.7213136395,0.5580169197954055,15.786278006058287,75,2,2
44.17839490765739,3.6631888309563303,1,19578.04565389556,1.2957235885658158,73.16096473282889,0,2,0
18.570689913845598,4.63613413987126,1,117566.75230779362,1.9004028457790378,103.88362507891833,7,1,2
15.772623773809906,4.6140418794437945,0,29629.809953780943,2.6889209892326136,18.012572546787048,57,1,2
47.17718335644228,0.918809685147893,1,85409.01245037094,2.344220504999527,41.73888386801424,73,2,1
45.875109354554546,3.790890204786665,0,47640.0456128587,5.536438288023634,1.935362559985247,81,0,2
13.0244259286296,3.3414537290036614,1,29048.75524301462,0.11384781930536692,53.0326550277554,64,0,0
33.23800071839062,3.763925285448626,1,84780.5878253689,8.320258516719262,106.91041151469604,76,0,1
45.739566572424664,1.7209665567915318,0,52157.57972336786,4.3596847931075,56.061112084588196,87,0,2
41.89483977209465,2.4400459331970468,1,3445.9565186407335,7.178868434843757,61.56688215266336,15,0,0
11.229964082464177,4.788970674804512,1,113763.81924704001,8.244781598461582,73.32488408425421,74,1,1
36.1769067787522,1.14360313881812,0,30428.55419056412,7.630937414018586,88.24356946978264,74,2,1
48.86582975986367,4.8871536422569335,1,63098.538049040435,9.401050520480617,23.28019692130067,46,1,0
42.11997429363387,1.2250113724170397,1,11945.746197324155,6.285243474799116,32.02824660229969,91,0,1
36.94216437580126,4.117378724735058,0,9240.576804722321,0.0638468238544132,34.81648453175848,6,1,1
49.2478663725634,3.8068689604559305,1,9060.438497032996,8.674963776595025,68.00575457611383,76,0,0
15.684150341690081,2.2125319244284056,0,59581.1479302737,7.434063613257956,112.36585363218907,70,1,0
20.603121718970343,0.14733419410462745,0,31058.156758656798,7.601857170851666,40.43274952426978,9,2,1
19.143810064590628,2.107323700563149,1,5567.197779277503,9.901078240868564,25.611190207215,34,0,1
12.379000362401491,0.9576861808333895,0,6371.462582005108,3.147129261459322,1.5788705963395122,65,2,0
25.041402931763024,4.465774051762509,0,74906.18225845524,7.6122834853205035,49.7738809873597,34,1,0
15.874185301820182,4.094366912186003,0,1993.8058718657849,2.3011400709397094,100.46488169143022,74,1,2
48.97961717077277,3.321626848898747,1,11253.604927590655,1.299911934968696,35.19086449719959,38,1,1
38.696913018841705,3.252071570927589,0,95311.71266018525,4.575528142847253,28.926863770670508,65,2,1
23.915931180355237,0.7689820894295646,0,17834.63131159191,6.247891255123191,35.84177472089396,55,0,0
27.831723738305033,0.9120739304554564,0,76065.03103805403,4.569473500584269,97.29060533810176,72,0,0
49.838674919306605,1.5294764788643138,0,34329.49902485967,6.852781287108305,82.04772392901069,14,2,2
10.361608390321399,2.7570043864875196,1,62510.92154473811,7.930858718573248,5.722885136146814,86,1,2
37.555296856996776,4.856421321003366,1,41956.7767925836,1.1451317007132666,92.23317365609937,38,1,1
48.064439340149576,3.321626848898747,1,15906.581812772058,9.929512775104982,35.18999718846054,38,1,1
20.199991485581247,2.7570043864875196,1,32914.94944842874,7.742963624946291,10.263420867678004,86,1,1
41.88822675326349,0.781270249857545,1,18455.76143047767,6.247891255123191,43.60901236402587,8,2,0
49.91896631115962,4.8871536422569335,0,68093.30627504938,9.448256831495117,23.28019692130067,46,0,0
48.9779556891865,3.321626848898747,1,78427.86468427475,2.0237630067224344,37.69776644658293,38,1,1
41.37802848474698,0.007289817702424095,0,115198.54494640646,0.0638468238544132,43.89369634222244,3,1,1
10.77792887267898,3.3912464395403004,1,29048.75524301462,1.9425566477459018,109.87424140704967,64,1,0
37.60739706372857,4.788970674804512,1,113763.81924704001,8.244781598461582,72.3454808062987,74,1,1
16.009734326033225,3.9643908134297536,0,3445.9565186407335,7.178868434843757,61.56688215266336,16,0,0
13.479827222849757,0.9576861808333895,0,6371.462582005108,3.147129261459322,1.5788705963395122,65,2,0
44.17839490765739,3.0448463596343065,1,25348.082810036296,0.7835533189745095,73.05378851889571,2,2,0
15.324751301989991,2.107323700563149,1,7945.92186920005,9.019541583698837,18.189310911270866,65,0,1
21.72068973261023,4.356616921753748,1,30917.268073526757,1.1683130232322743,104.63904561657371,10,1,1
11.173626749238794,3.3414537290036614,1,29148.79971852751,0.11384781930536692,53.0326550277554,55,0,0
15.772623773809906,1.4268677559679637,0,29745.848178752047,8.06372355618177,69.33124100809707,8,1,2
19.891463797321855,2.107323700563149,1,6872.611493308046,0.988193471275018,25.61205751595407,34,0,1
12.28623909925739,0.14733419410462745,0,58251.96174660041,7.596838973982155,38.07805193592401,9,2,2
36.703916515446,4.107225348248461,0,114566.49055318514,3.551331633190183,119.46959313583034,53,0,0
23.915931180355237,0.7689820894295646,1,17834.63131159191,6.247891255123191,35.84177472089396,56,1,0
49.249527854149676,3.8068689604559305,1,12490.208785460032,8.674963776595025,64.48872788282094,78,0,0
41.090088235195466,0.026986751580785173,1,8239.795569681417,3.300553272230504,119.67240084735396,21,2,0
15.964715547289707,3.3735573547561932,1,59569.644889754316,2.1276552326522693,53.980980021829154,0,2,0
11.28584867853666,4.856421321003366,1,41956.7767925836,0.984588981219241,94.18797614139605,38,1,1
42.581354418976154,2.1214999876868053,1,17049.686017937223,0.19406007207342424,96.28373859342946,81,0,2
21.232704061744446,2.7272820301386,1,2823.103754912529,6.588790246878786,61.56688215266336,14,0,0
18.127636507237995,3.515455145503982,1,62245.72887495645,1.322836164353329,15.894256490621931,75,2,0
12.142520652822974,0.8620103141361113,0,5208.85026108752,3.160441859305259,1.5788705963395122,34,2,0
42.31331664434908,4.856421321003366,1,41980.79306489269,1.8772215232622975,91.47775311680667,36,1,1
39.05657228583813,4.117378724735058,0,9140.543805841678,0.0638468238544132,34.81648453175848,6,1,1
49.838674919306605,4.676533167855278,0,30063.18008744096,2.4794009856233377,18.36831151972867,65,2,1
21.232704061744446,4.697595919123815,1,43106.33572450878,6.85031521308379,95.99158838119409,10,0,1
10.77792887267898,3.3912464395403004,0,5858.753279969067,1.8803096304657703,109.87424140704967,65,1,0
44.950527883565854,3.6615878106542636,1,19578.04565389556,1.2957235885658158,62.54663835747053,0,2,0
42.0785411234176,4.1898543249697955,0,3445.9565186407335,7.178868434843757,61.56688215266336,16,0,0
36.858863584711,4.11945055833563,1,29425.30633711088,3.300553272230504,119.46959313583034,6,2,0
20.19918228515109,3.342416458630003,1,5344.909410296366,9.90060956133758,26.499218688933713,38,0,1
48.97961717077277,3.321626848898747,1,80818.57424981048,1.8117768213930234,61.30097875780879,15,0,1
49.2478663725634,4.190459144259524,0,8945.498146345106,0.09515519565716435,69.59349969732384,82,0,0
42.09545361945341,4.855156785253518,1,30941.284345835833,1.9004028457790378,92.3719531971093,7,1,1
24.1576591001797,3.2752946435143366,1,28900.173673521982,6.049136298863785,53.0326550277554,55,1,0
20.667455103456305,0.14733419410462745,1,30947.69412851752,7.958499289288954,40.43274952426978,9,2,1
15.772623773809906,4.6140418794437945,0,29989.508907380266,2.6889209892326136,15.659093450622713,57,1,2
36.94216437580126,4.117378724735058,0,9240.576804722321,1.0696328255068885,34.81648453175848,6,1,1
21.75318277221265,2.107323700563149,1,32883.754883458954,0.9914608959765062,28.119659881522203,35,0,1
13.0244259286296,3.3414537290036614,1,29048.75524301462,0.11384781930536692,53.0326550277554,7,0,0
37.555296856996776,2.714333539447108,1,1947.4654829879692,1.1451317007132666,57.808464845573624,37,1,0
12.379000362401491,1.2085722337549074,1,29562.40149089009,3.209376278756854,1.5788705963395122,59,2,0
15.290387138587414,3.6631611611452684,1,59569.644889754316,1.3816568625254844,110.33617292793348,0,2,0
15.820558705590498,0.5569999244015911,1,18455.76143047767,6.247891255123191,43.60901236402587,8,2,0
15.772623773809906,1.4268677559679637,0,114654.70340095121,8.06372355618177,69.33124100809707,8,1,2
48.064439340149576,2.069171763538444,1,16128.874543687112,9.929981454635966,34.301968706741846,34,1,1
40.21933399518255,2.4400459331970468,1,4790.7753296373485,7.036866914153412,37.9636698414829,40,1,0
15.906344921465209,4.694626672245397,1,2108.8395834482853,9.026617571732679,98.97588316207514,76,0,2
18.78849024986415,4.510006558865015,1,41954.88750692401,1.8772215232622975,102.98942499840555,36,1,1
10.966622055560409,0.7689820894295646,1,18083.257356619648,0.17199619598613092,35.84177472089396,56,0,0
44.113478555120764,3.0448463596343065,0,25458.545440175578,0.7835533189745095,75.67444940764788,2,2,0
11.28584867853666,4.7738618924749145,1,42861.14364920666,0.984588981219241,96.55099664121693,38,1,1
37.555296856996776,4.856421321003366,1,41956.7767925836,0.1418835358722385,92.23317365609937,38,1,1
19.858970757719437,4.356616921753748,1,7160.152653966508,2.1769092635316074,90.87371818055507,9,1,1
21.232704061744446,2.535912651610617,1,2823.103754912529,6.588790246878786,61.56688215266336,63,0,0
43.484801583939756,2.0310973998866473,1,10304.742150241935,6.588790246878786,61.56688215266336,15,0,0
37.12011371091928,4.617216637658666,1,27906.656987338574,3.7386625574071157,119.46959313583034,6,2,0
10.966622055560409,0.7689820894295646,1,17700.044403487907,0.11173645212012602,35.84177472089396,56,0,0
11.28584867853666,4.357141900720393,1,30599.734848918037,1.17082434154382,103.93401637378365,51,1,1
48.97961717077277,3.321626848898747,1,5855.9922030781745,1.8117768213930234,61.30097875780879,15,0,1
40.53146196473691,2.107323700563149,1,31854.521698227632,0.9914608959765062,28.119659881522203,35,1,1
13.013426205915325,3.9643908134297536,0,1396.4742309574349,7.178868434843757,61.56688215266336,20,0,0
41.88822675326349,0.6854759075649368,1,42744.554846715895,6.252537683305976,43.60901236402587,8,2,0
16.211052564287744,4.6807052018509205,1,59107.40014925828,6.277929615530857,111.9550910403791,0,2,0
15.906344921465209,4.094366912186003,0,1993.8058718657849,0.49367709794074455,100.56322059330125,82,0,2
41.30296111870961,3.055299533037651,0,25458.545440175578,1.161289786210891,75.67444940764788,1,2,0
47.46907299666589,2.050685792814592,1,8984.895093691775,9.929981454635966,34.301968706741846,34,1,1
37.555296856996776,4.867542163374169,1,925.3354232216079,7.100817046042622,62.18422969547234,37,1,0
15.3045863376057,3.6631611611452684,1,59569.644889754316,1.4248119607007048,110.33617292793348,0,2,0
23.265600874720068,2.5356547133620775,1,3455.353304371166,7.178868434843757,61.56688215266336,15,0,0
20.40620573230192,0.008558080344227115,1,116745.22804224995,7.520387549063447,40.43274952426978,9,2,1
11.173626749238794,3.3414537290036614,1,28583.90590457186,1.027952914411868,53.0326550277554,47,0,0
18.570689913845598,4.609271854075982,1,43202.69314612463,1.8954105871126674,96.50060534635126,4,1,1
19.858970757719437,4.356616921753748,1,92695.74623023655,1.9603026378951023,68.74566462487323,9,1,1
21.441049359184703,2.4400459331970468,1,5823.862444846416,7.036866914153412,37.9636698414829,40,0,0
16.020734049934063,3.3414537290036614,1,29048.75524301462,0.11384781930536692,53.0326550277554,7,0,0
18.607585475082253,4.601589459138486,1,17666.09460351088,1.8725786827330926,99.3593598103583,32,1,1
21.085356884262705,3.678440862922365,1,44333.39274010083,1.6035826979991366,94.37265381005483,2,0,1
13.0244259286296,3.3414537290036614,1,29048.75524301462,0.11384781930536692,53.03301208778445,64,0,0
21.72068973261023,3.926653116509664,1,30917.268073526757,0.7905765559959226,104.63904561657371,10,1,1
37.53622302530947,4.117378724735058,0,16384.556255278996,1.0696328255068885,34.81648453175848,6,1,1
42.0785411234176,4.178650095582111,0,36472.105519899254,1.2237148890048255,103.82070487204307,16,0,1
21.232704061744446,2.7272820301386,1,2823.103754912529,6.697598577124283,61.56688215266336,14,0,0
15.806359506572212,0.5569999244015911,1,18455.76143047767,6.2047921642329165,37.02669951053686,8,2,0
48.064439340149576,2.606189401839989,1,15938.345414048688,9.929981454635966,35.175685878991686,7,1,1
21.232704061744446,2.535912651610617,1,2823.103754912529,6.588790246878786,61.56688215266336,15,0,0
36.1769067787522,1.14360313881812,0,42443.578290181504,7.630937414018586,109.78891999476738,83,2,2
37.44086478600969,3.2509709042359436,0,94455.40135095896,4.035698887042792,28.926863770670508,65,2,1
37.555296856996776,4.856421321003366,1,41956.7767925836,1.1451317007132666,92.23317365609937,36,1,1
49.838674919306605,1.4935654236234064,0,34329.49902485967,7.8542304852778555,69.6868119170654,8,2,1
43.79854783976529,2.314153946422168,0,19589.537096667413,7.347669732018981,75.19645488977898,70,1,0
27.199418582873452,4.458069500119054,0,75991.1619534524,5.617265776031122,3.323889714009054,35,1,0
11.882712167854272,2.7570043864875196,1,60108.7544318372,7.800697510128774,5.722885136146814,86,1,2
19.143810064590628,2.107323700563149,1,5567.197779277503,9.901078240868564,18.189310911270866,34,0,1
12.992266308205656,3.3414537290036614,1,29048.75524301462,2.207473067119107,53.0326550277554,64,1,0
41.37802848474698,0.15410115701566363,0,9240.576804722321,0.0638468238544132,43.89369634222244,18,1,1
41.73327968401692,0.7689820894295646,0,18455.76143047767,6.247891255123191,35.84177472089396,55,0,0
18.570689913845598,4.356616921753748,1,30941.284345835833,1.9004028457790378,103.88362507891833,7,1,1
47.93884422055842,0.7911992204920976,1,9060.438497032996,8.674963776595025,68.00575457611383,76,0,2
22.92364470654812,0.14733419410462745,0,118699.60513500762,7.601857170851666,40.43274952426978,9,2,2
28.636642711726928,4.631977686511695,1,76065.03103805403,4.708674570614205,73.04488730254302,72,0,0
33.23800071839062,3.763925285448626,1,14178.24278803495,7.846177136934214,104.41651034846939,76,0,1
49.91896631115962,4.8871536422569335,1,63098.538049040435,9.448256831495117,23.28019692130067,47,1,0
45.875109354554546,3.798594759942018,0,47640.0456128587,7.234985477815776,47.96733738031297,80,0,2
15.772623773809906,4.6140418794437945,0,23276.3835920153,2.6889209892326136,25.434451842731054,57,1,2
45.739566572424664,1.7220672234579004,0,49579.55708472441,4.592340564697492,61.46499853986335,87,0,2
18.127636507237995,3.773163106064291,1,68015.7213136395,0.8106658947568068,15.786278006058287,75,2,0
42.11997429363387,0.8220419049604638,1,11945.746197324155,6.285243474799116,40.80015138733917,91,0,1
36.858863584711,4.11945055833563,1,114566.49055318514,3.300553272230504,119.46959313583034,6,2,0
16.063705386497723,3.6615601408432017,1,59569.644889754316,1.3816568625254844,110.33617292793348,0,2,0
12.142520652822974,0.9566598400598919,0,9300.963797010536,2.352330422692247,1.5788705963395122,65,2,0
47.17718335644228,0.9198360259213906,1,82273.92448645913,3.139019343766601,41.73888386801424,73,2,1
10.195719053541005,0.8435190805115333,0,113763.81924704001,8.1055826904314,97.57060214205407,74,1,1
15.906344921465209,4.094366912186003,0,1993.8058718657849,0.19406007207342424,100.56362987642376,82,0,2
48.97961717077277,3.321626848898747,1,81827.64778617158,1.6697347082274716,37.69776644658293,40,1,1
12.992266308205656,3.324326655816237,1,28669.948917837417,2.207473067119107,92.28055718471707,64,1,0
39.359357205155575,4.11945055833563,1,114577.55633558027,3.0222198061818077,97.56430138406213,6,2,1
45.83258086876399,3.790513300746791,1,37294.71070759656,1.770323244860002,103.88362507891833,7,1,2
19.143810064590628,2.107323700563149,1,5567.197779277503,9.589502889171953,18.189310911270866,34,0,2
18.127636507237995,0.10173111643456334,1,70540.9128589263,0.057776220662093425,15.786278006058287,80,1,0
36.46913618151656,0.9198360259213906,1,40831.80189403099,3.139019343766601,41.73888386801424,63,2,1
28.82538969015848,1.5766784547078319,0,49579.55708472441,4.592340564697492,60.9262846805384,87,0,2
42.104109436501304,3.763925285448626,1,14178.24278803495,7.906232218581746,104.41651034846939,76,0,1
49.38141922182002,4.9540456115094775,1,62741.148967043846,1.46341312366114,23.28019692130067,47,1,0
11.650400421968973,1.11024658340245,0,16381.720545683122,2.352330422692247,1.5788705963395122,65,2,2
23.66287247291227,2.535912651610617,1,542.0774742572016,6.588790246878786,61.72248359088701,15,0,0
15.906344921465209,4.094366912186003,0,1993.8058718657849,0.0037119928442186367,100.56362987642376,82,0,2
42.11997429363387,0.8771397829178179,1,11945.746197324155,6.285243474799116,67.40469521647842,93,0,1
49.60722184173659,0.7911992204920976,1,3323.4520697268126,8.674963776595025,68.00575457611383,76,0,1
15.772623773809906,4.408099365561613,0,58873.349677884966,2.6889209892326136,26.35000190381175,57,1,2
37.555296856996776,4.933910643983131,1,42335.58311776204,1.1451317007132666,50.585439002379246,42,1,1
10.195719053541005,0.8435190805115333,0,106789.77609211873,8.383836386831085,119.29431941425152,74,1,0
18.60714376252256,4.364698380853863,0,47640.0456128587,7.3651143004175115,48.676776505782655,80,0,1
11.882712167854272,2.7570043864875196,1,60108.7544318372,7.800697510128774,5.722885136146814,86,1,1
41.37802848474698,3.873975494059166,0,6796.34453673409,0.8183647971235788,37.42039832248306,18,2,1
47.305257640769526,1.14360313881812,0,83885.7007649957,7.926588914943682,108.70357851842675,84,2,2
45.517497851492394,4.766885451167001,1,76065.03103805403,4.708674570614205,73.58360116186796,72,0,0
32.867170936202356,0.9260686334824592,0,18455.76143047767,6.187836173356195,35.84177472089396,55,0,0
49.918454127854446,3.2275829103468396,1,82185.03686816402,9.199248570659027,46.23223605612126,40,1,1
22.92364470654812,0.14733419410462745,0,118699.60513500762,7.601857170851666,41.294614849949326,9,2,0
43.79854783976529,2.314153946422168,0,18857.70714373207,7.347669732018981,75.04085345155534,70,1,0
27.199418582873452,4.458069500119054,0,88345.3923484178,5.617265776031122,3.323889714009054,35,1,0
45.439042933521364,0.9938546992658676,0,34329.49902485967,8.211681585343975,45.48523764684032,4,2,1
37.001654882411835,3.2509709042359436,0,94455.40135095896,4.035698887042792,28.926863770670508,65,2,2
16.063705386497723,3.6578138087851584,1,23972.679822994138,1.3816568625254844,109.37213425974768,0,2,0
36.129796320136656,0.9198360259213906,0,48352.71250358906,7.7693552677140065,41.738843645519175,63,2,1
49.036468846711166,4.9540456115094775,1,17282.60948074364,8.005960554148784,30.96613341258794,47,0,0
41.63678222765113,3.7643248549501496,1,14178.24278803495,7.846177136934214,111.36117726705542,76,0,1
37.555296856996776,4.856421321003366,1,46951.55579058812,1.1451317007132666,92.23317365609937,35,2,0
15.751743324184416,2.107323700563149,1,56382.82148469855,9.765152510314758,18.189310911270866,32,0,2
49.91896631115962,3.723253930614374,1,63475.61029667166,9.448256831495117,23.28019692130067,29,1,0
38.21926776981905,0.8718330049824363,0,18455.76143047767,7.014123625930426,46.15000790584129,55,0,0
37.04917834352811,3.2509709042359436,0,94455.40135095896,4.035698887042792,23.35402716378517,64,2,2
21.34544276279938,2.454017987345054,1,2823.103754912529,6.588790246878786,61.56688215266336,15,2,0
48.60571699803168,0.7911992204920976,1,9060.438497032996,8.674963776595025,68.00575457611383,76,0,0
41.37802848474698,0.013056627163066659,1,6004.778007685826,0.03895246086559112,43.84568049133045,18,1,1
19.791291951891363,2.535912651610617,1,24092.35198833757,6.031381641081518,61.72248359088701,0,0,0
40.702079289234064,4.933910643983131,1,29019.786944238964,1.1777378423883094,53.19133362161954,45,1,1
38.453375249056066,4.11945055833563,1,114643.91192445325,3.0222198061818077,97.56430138406213,1,2,1
45.83258086876399,0.9341001336444787,0,34402.711932165774,8.472415635910302,103.48099045671869,4,1,1
23.262984570883173,0.14733419410462745,1,113569.79055109121,2.971518150062155,41.29465507244439,9,2,0
42.44052753418398,3.763925285448626,1,59637.21113915915,1.3017092193102058,98.90622313068444,76,1,1
32.97924696810818,3.873575924557642,0,6796.34453673409,1.0691431581086699,37.42039832248306,18,2,1
16.063705386497723,3.6615601408432017,1,59569.644889754316,1.3816568625254844,110.33617292793348,2,1,1
19.164690514219668,4.408099365561613,0,8095.185025167491,2.6889209892326136,22.859293630492036,59,1,2
18.3724032731514,4.413369028808386,1,30564.212132757777,1.9004028457790378,103.88362507891833,10,1,1
49.54763587710283,2.8865473716390606,1,82185.03686816402,8.913954064401075,36.418838613766255,40,1,1
12.956736662503838,3.324326655816237,1,28669.948917837417,2.031798567395609,98.82825702567762,65,1,0
49.4809098725741,1.1274120469285531,0,49385.3791706336,7.8542304852778555,65.40692070856493,8,0,1
32.867170936202356,1.1174381990216524,0,18455.76143047767,6.187836173356195,35.84177472089396,54,0,2
19.143810064590628,1.8496204382654202,0,8802.996576323805,9.953511895709493,18.23732706053166,34,0,1
16.063705386497723,3.5618108144374814,1,104.07031404178451,1.9391358011783315,109.37213425974768,15,2,0
17.759211838398805,3.3414537290036614,1,42364.551416538205,2.17486692560501,50.4267604085151,64,1,0
49.936363296968956,0.7911992204920976,1,3615.8358779950504,8.674963776595025,68.00575457611383,76,0,1
45.439042933521364,3.8502862919100354,1,33068.427733310855,1.5096219480361293,45.88707771994415,15,2,2
46.17956080795207,2.8359369276050095,1,35584.149284591345,6.031381641081518,60.90117798912633,0,0,1
18.424695847255563,3.6615601408432017,1,59569.644889754316,1.3904698363564643,110.6696122347244,0,2,0
19.143810064590628,1.842481058895985,1,8802.996576323805,9.563686263675253,18.23732706053166,34,0,1
12.00549310801378,3.3429810317650013,1,28669.948917837417,2.207473067119107,92.28055718471707,64,0,0
33.30297282344008,3.763925285448626,1,14178.24278803495,8.031703219909028,104.41651034846939,16,0,1
15.59755031340224,2.107323700563149,1,112449.33090948765,9.765152510314758,17.808472027054087,32,0,2
23.995246207113972,1.1274120469285531,0,1745.379776864458,7.831320096353008,65.31195262246554,8,0,1
21.66028394970305,4.933910643983131,1,4117.750577933766,1.1916286584169744,61.50904375733723,45,2,1
45.83258086876399,0.9487901747865999,0,32126.492392397162,8.472415635910302,103.48099045671869,16,1,1
41.53685514747265,0.8059609766117335,1,6004.778007685826,0.03895246086559112,71.13954099957934,72,1,0
16.00360039659724,3.6606400636777408,1,68723.43518721175,1.3816568625254844,110.33617292793348,2,1,1
23.546503579584552,0.14733419410462745,1,114258.97856208986,2.971518150062155,41.29465507244439,9,2,0
15.670977959061432,1.0663750789861202,1,24423.87974819005,1.3816568625254844,107.35736840586654,0,2,0
19.143810064590628,2.107323700563149,1,5567.197779277503,9.901078240868564,18.189310911270866,34,2,1
19.038077700661816,0.9938546992658676,0,22837.701728616477,8.211681585343975,45.48523764684032,4,2,0
16.01141281239358,4.413369028808386,1,28284.187041236488,1.8915898719480588,107.56981756839123,4,1,1
19.143810064590628,2.1144630799325843,0,5567.197779277503,9.976907767605237,18.189310911270866,34,0,2
49.60722184173659,0.7725707808860065,1,3323.4520697268126,8.674963776595025,68.00575457611383,79,1,1
15.99879916330638,3.5618108144374814,1,104.07031404178451,1.7536749147352255,109.37213425974768,75,2,0
23.077837793774055,0.14733419410462745,0,62160.0627827718,7.601857170851666,41.675453970547565,9,2,0
48.907702241364845,2.535912651610617,1,48841.26183074844,6.368926554467512,61.817451676986394,15,0,0
40.38723315906122,2.454017987345054,1,27742.25714408961,6.575158727500417,58.85374118835415,15,1,0
21.232704061744446,2.5212227149079727,1,5131.332015744178,6.588790246878786,56.54036700273927,3,0,0
48.44630614255355,0.6667194040842592,1,9060.438497032996,8.674963776595025,43.8779832729086,11,0,1
13.016841654235645,3.325246732981698,1,32626.616540867723,2.031798567395609,98.82825702567762,67,1,0
32.68708886189621,3.873575924557642,0,4444.851655527178,1.0691431581086699,36.96398848239182,18,2,1
18.570689913845598,4.458314828273235,1,30941.284345835833,1.9004028457790378,103.88362507891833,7,1,1
38.61281478818677,3.463286676255518,0,18004.561505281774,7.014123625930426,48.15579531435487,55,0,0
45.823934343491054,3.7677268633815872,1,35315.443925010506,1.5096219480361293,45.88707771994415,15,0,2
15.392611130883264,4.413369028808386,1,48870.26579142754,7.902194676136141,104.26289686232693,10,1,1
16.087752375221992,3.6004897376553533,0,24599.431467328974,2.20478074636403,43.293629743673456,4,2,0
15.491796936031108,2.5409921126574737,1,7086.47538531684,7.902194676136141,103.80528841946088,5,0,0
19.143810064590628,2.107323700563149,1,24667.158872838634,9.977438825574534,17.25573316985092,34,2,0
20.918287006918625,4.458314828273235,1,28245.467265065126,1.9004028457790378,108.40170052531646,7,1,1
16.063705386497723,2.1298849601749876,1,6242.56541332306,1.3816568625254844,112.65463733211993,1,2,0
45.83258086876399,0.31054148916078517,0,32126.492392397162,8.471364696060682,44.824818518409145,11,0,1
16.063705386497723,3.6615601408432017,1,60285.99901123931,8.12589112551024,111.18116373345653,2,1,1
18.25961302897536,1.842481058895985,1,33047.73081331319,1.6625876573778364,47.31274619906782,32,0,2
32.56106780232216,3.763925285448626,1,8705.667362660577,9.68181494509127,104.41651034846939,16,0,1
45.439042933521364,0.9938546992658676,1,34230.47676436843,8.211681585343975,40.789416997280895,15,2,1
19.143810064590628,2.158685498748322,1,5567.197779277503,9.589502889171953,18.189310911270866,40,0,2
42.622585624238475,2.535912651610617,1,49220.501113727965,6.466076956910058,61.802318029900064,13,0,0
16.063705386497723,3.5618108144374814,1,104.07031404178451,1.9391358011783315,109.37213425974768,8,2,0
12.956736662503838,3.324326655816237,1,1695.9920962798797,2.031798567395609,66.8514856763291,65,1,0
18.953925722037397,1.054009805146997,1,68373.3110748569,7.364315164773758,107.5646251998372,2,1,1
21.133518261334977,4.393586774935754,1,46937.191572705706,6.588790246878786,56.99775443038272,10,1,1
19.791291951891363,2.535912651610617,1,11541.283391207595,5.749594598146788,62.65618579882041,0,0,1
18.62456666259451,4.413369028808386,1,45201.84982566207,1.8915898719480588,114.82798237458204,4,1,1
19.143810064590628,3.6352525467388426,1,23225.894978441618,9.901078240868564,14.656445499144496,34,0,1
18.570689913845598,4.356616921753748,1,30941.284345835833,1.9004028457790378,103.96215383236138,7,1,1
44.62209787769407,0.9738580021109788,1,9060.438497032996,8.676014716444644,102.53337836997468,16,1,1
49.4809098725741,1.1274120469285531,0,48669.02504914861,1.112109292452916,64.55569819933632,8,0,1
45.580657231012246,3.8502862919100354,1,8823.756664299393,9.3869880258113,16.81166444480432,15,2,1
17.113584992928306,1.8496204382654202,0,19196.111267446337,9.015734750274543,18.23732706053166,30,0,1
40.38723315906122,2.454017987345054,0,27841.279404580855,6.575158727500417,58.85374118835415,4,1,0
18.3724032731514,3.9981345858053547,1,30564.212132757777,1.9004028457790378,103.88362507891833,10,1,1
23.945125801829963,2.535912651610617,1,2619.9873048234876,6.368926554467512,61.5820157997497,15,0,0
45.823934343491054,3.7677268633815872,1,38240.80590052648,1.5096219480361293,44.13649273608159,15,0,2
23.995246207113972,1.1274120469285531,0,27956.13364845619,5.892279721359197,97.28872296919624,8,0,1
18.570689913845598,3.6269329172973124,1,39394.92901352656,1.8227003214235522,107.06168353306043,7,1,1
21.232704061744446,2.535912651610617,1,2823.103754912529,6.588790246878786,61.56688215266336,15,0,0
36.1769067787522,1.14360313881812,0,42443.578290181504,7.630937414018586,109.78891999476738,83,2,2
37.44086478600969,3.2509709042359436,0,94455.40135095896,4.035698887042792,28.926863770670508,65,2,1
37.555296856996776,4.856421321003366,1,41956.7767925836,1.1451317007132666,92.23317365609937,36,1,1
49.838674919306605,1.4935654236234064,0,34329.49902485967,7.8542304852778555,69.6868119170654,8,2,1
43.79854783976529,2.314153946422168,0,19589.537096667413,7.347669732018981,75.19645488977898,70,1,0
27.199418582873452,4.458069500119054,0,75991.1619534524,5.617265776031122,3.323889714009054,35,1,0
11.882712167854272,2.7570043864875196,1,60108.7544318372,7.800697510128774,5.722885136146814,86,1,2
19.143810064590628,2.107323700563149,1,5567.197779277503,9.901078240868564,18.189310911270866,34,0,1
12.992266308205656,3.3414537290036614,1,29048.75524301462,2.207473067119107,53.0326550277554,64,1,0
41.37802848474698,0.15410115701566363,0,9240.576804722321,0.0638468238544132,43.89369634222244,18,1,1
41.73327968401692,0.7689820894295646,0,18455.76143047767,6.247891255123191,35.84177472089396,55,0,0
18.570689913845598,4.356616921753748,1,30941.284345835833,1.9004028457790378,103.88362507891833,7,1,1
47.93884422055842,0.7911992204920976,1,9060.438497032996,8.674963776595025,68.00575457611383,76,0,2
22.92364470654812,0.14733419410462745,0,118699.60513500762,7.601857170851666,40.43274952426978,9,2,2
28.636642711726928,4.631977686511695,1,76065.03103805403,4.708674570614205,73.04488730254302,72,0,0
33.23800071839062,3.763925285448626,1,14178.24278803495,7.846177136934214,104.41651034846939,76,0,1
49.91896631115962,4.8871536422569335,1,63098.538049040435,9.448256831495117,23.28019692130067,47,1,0
45.875109354554546,3.798594759942018,0,47640.0456128587,7.234985477815776,47.96733738031297,80,0,2
15.772623773809906,4.6140418794437945,0,23276.3835920153,2.6889209892326136,25.434451842731054,57,1,2
45.739566572424664,1.7220672234579004,0,49579.55708472441,4.592340564697492,61.46499853986335,87,0,2
18.127636507237995,3.773163106064291,1,68015.7213136395,0.8106658947568068,15.786278006058287,75,2,0
42.11997429363387,0.8220419049604638,1,11945.746197324155,6.285243474799116,40.80015138733917,91,0,1
36.858863584711,4.11945055833563,1,114566.49055318514,3.300553272230504,119.46959313583034,6,2,0
16.063705386497723,3.6615601408432017,1,59569.644889754316,1.3816568625254844,110.33617292793348,0,2,0
12.142520652822974,0.9566598400598919,0,9300.963797010536,2.352330422692247,1.5788705963395122,65,2,0
47.17718335644228,0.9198360259213906,1,82273.92448645913,3.139019343766601,41.73888386801424,73,2,1
10.195719053541005,0.8435190805115333,0,113763.81924704001,8.1055826904314,97.57060214205407,74,1,1
15.906344921465209,4.094366912186003,0,1993.8058718657849,0.19406007207342424,100.56362987642376,82,0,2
48.97961717077277,3.321626848898747,1,81827.64778617158,1.6697347082274716,37.69776644658293,40,1,1
26.454942583388842,4.760386372553985,0,75991.1619534524,5.617265776031122,3.41068787064736,55,1,0
10.153852327053697,4.9299905599855025,1,114687.3750922388,8.1055826904314,100.07667686276844,74,1,0
21.232704061744446,2.535912651610617,1,2823.103754912529,6.496510935487353,61.56688215266336,15,0,2
16.063705386497723,3.6615601408432017,1,58832.70019282834,1.3146110163028362,73.31502813943021,0,2,0
49.775647248063784,1.3652340610548364,1,11945.746197324155,6.263613115390666,40.80015138733917,91,2,1
45.875109354554546,3.798594759942018,0,47624.97238204082,7.234985477815776,47.96733738031297,82,0,2
45.87653151157796,0.9188645922764977,1,19859.911409903638,3.7709610074998,41.73888386801424,73,2,1
19.173375514934797,0.15410115701566363,0,5477.589170292936,0.0638468238544132,43.89369634222244,18,1,1
17.478454770082628,3.7734205794460665,1,68015.7213136395,0.8106658947568068,14.891646805141512,75,2,0
22.768808631158134,1.14360313881812,0,42443.578290181504,8.127288203110362,109.78891999476738,83,2,2
18.772524343617143,4.107600816149879,1,113544.13339155327,3.46687202194225,83.86619001301077,7,1,0
29.266166300957728,2.9001490453880137,1,60108.7544318372,4.25612569563405,2.556225595976393,86,1,2
12.142520652822974,1.11024658340245,0,8924.15760213546,2.352330422692247,51.478580360155355,65,2,0
48.93826428974479,0.7712791884202592,1,8512.91706853259,1.9756980225312462,75.08878028155821,72,0,2
37.44086478600969,3.2509709042359436,0,94455.40135095896,4.643240983367756,91.51039921470444,66,2,1
42.47774446174374,0.3152578975976994,0,18455.76143047767,6.247891255123191,14.464609364511627,35,0,0
49.8536551019391,0.8556674774730384,0,62110.967414570114,9.448256831495117,22.09585625853338,47,1,1
48.30117306133972,1.7220672234579004,0,49579.55708472441,4.592340564697492,61.46499853986335,87,0,0
43.79854783976529,1.9485191393731611,0,20326.49275474959,7.4151102054712705,112.21258251122464,70,1,0
40.4331448850621,0.8023349844250259,0,34329.49902485967,7.875860844649626,69.6868119170654,8,0,1
15.906344921465209,4.094366912186003,0,1993.8058718657849,0.19406007207342424,100.56362987642376,80,0,2
17.279300926879255,4.612289811641688,0,85691.37344763361,2.682402517861879,25.434451842731054,57,1,2
40.548502117029855,2.107323700563149,1,4429.265958471848,9.9116949286813,18.189310911270866,34,0,1
33.88719642369425,3.7636678120668505,1,14178.24278803495,7.846177136934214,98.83595088942384,76,0,1
36.331742860394286,0.14733419410462745,0,118699.60513500762,7.632114176346392,40.43274952426978,15,2,2
36.29525558107792,4.368466663939494,1,27052.403907456042,1.8392844906605375,119.46959313583034,6,2,1
12.497337112505312,4.631977686511695,1,76065.03103805403,7.802923439798915,77.08902662361774,75,0,0
12.992266308205656,3.3414537290036614,1,29425.58282080148,2.207473067119107,3.4543709475996707,64,1,0
47.98019710115723,3.337458842776813,1,80513.8868469474,9.042398192975867,41.46784350370689,40,1,1
37.84246196858646,4.856421321003366,1,54314.06703306,1.1451317007132666,29.649627397610306,38,1,1
49.78994758152011,1.4935654236234064,1,43087.51327199404,9.086993088073545,69.6842570746679,8,2,1
47.527315243740624,0.7712791884202592,1,3186.774230613178,6.642460113654625,64.66511866078466,13,0,2
48.38617479665619,0.8020425065403078,1,9060.438497032996,8.674963776595025,75.77288342317885,76,0,2
19.143810064590628,2.107323700563149,1,10561.976779313918,9.901078240868564,18.189310911270866,34,0,1
10.201477577805935,0.8435190805115333,0,111167.64739776053,8.45333740673426,97.57060214205407,0,1,1
43.79854783976529,0.2429265120683649,0,19602.831619350836,7.347669732018981,75.19645488977898,52,1,0
10.794610521775297,3.4148220719942177,0,29425.58282080148,2.7344585010828757,25.26050563026761,64,1,0
40.459341053153764,0.8023349844250259,0,34329.49902485967,7.875860844649626,1.394678767589995,7,0,1
19.24305299044559,3.8077567415924394,0,5477.589170292936,0.0638468238544132,43.89369634222244,6,1,1
37.395862027584194,4.368466663939494,1,27052.403907456042,1.8392844906605375,119.46959313583034,75,0,1
49.8536551019391,0.29096601377023035,1,11373.383834565648,9.422352695362129,22.08855882287203,47,0,1
17.37178853835496,2.535912651610617,1,8127.783400684859,5.807912321801718,61.56688215266336,15,0,2
21.72068973261023,4.356616921753748,1,29044.629100265585,1.909827664776394,107.1762821055066,10,1,1
15.65295488057005,4.107600816149879,1,113719.51807662455,3.46687202194225,83.86619001301077,1,0,0
42.47774446174374,0.2532836415927455,0,19470.910526058095,6.445285143314322,109.59726895050483,35,0,0
48.02675544107228,3.337458842776813,0,76648.8803474353,7.809635567343742,41.470398346223284,40,1,1
22.513516060935757,2.535912651610617,1,8149.248001894553,1.8592888588036969,74.17146235262807,74,0,0
32.77069292821927,3.7531290591490016,1,14178.24278803495,8.094952676736977,104.41651034846939,76,0,1
16.10005051325155,3.6615601408432017,1,61399.14883077443,1.3146110163028362,69.79800134454139,79,2,0
41.53366643463919,1.8042296075992428,0,18442.466907794245,6.247891255123191,35.84177472089396,58,0,0
17.141133489152416,4.300700542625259,1,85691.37344763361,2.636499034651027,4.127428518346511,57,1,2
27.173222271964864,4.458069500119054,0,75991.1619534524,5.44046347361614,76.54761461838991,36,1,0
37.58592748937397,0.15515647788500864,1,119486.37782998709,3.300553272230504,115.18970185283604,18,2,0
33.88719642369425,3.9542922826573323,1,14178.24278803495,7.846177136934214,98.83595088942384,7,2,1
40.548502117029855,1.8496204382654202,0,55239.80819600739,9.937150871820462,18.196608346932216,34,1,1
41.37802848474698,0.11244018597660332,0,2207.3639450015175,0.8231997133730364,43.89369634222244,18,1,1
17.759211838398805,3.3414537290036614,1,30945.410488584872,2.1980482481217503,49.73545530533354,64,1,0
19.025914384518437,4.094366912186003,0,2691.7780966202045,0.19406007207342424,100.56362987642376,84,1,2
16.063705386497723,3.7330750110716364,1,54398.952070529944,1.1846303145374533,15.146107274212227,8,2,0
40.40844386265224,0.9462330525550076,1,33931.86142991393,1.2681151535107893,73.24879598126367,8,0,1
19.784632117610563,2.107323700563149,1,5555.314533890723,9.03246347848874,91.20661045847558,34,0,1
44.44481975208302,4.356616921753748,1,30941.284345835833,1.9004028457790378,102.09410455275514,7,1,1
18.71857216528624,4.107600816149879,1,113719.51807662455,3.46687202194225,83.86619001301077,0,1,0
27.173222271964864,3.915485122901893,0,33595.91951540651,4.682256025588709,76.32109024124675,36,1,0
19.784605277088943,3.9260266060616775,1,14199.008451727079,6.500853129307284,100.41645661666443,6,2,1
10.201477577805935,0.8435190805115333,0,105431.22054459073,6.232073407047209,16.56152528269243,0,1,1
16.063705386497723,3.7330750110716364,1,29267.46406939318,1.1497787973472735,19.022465982291106,8,2,0
15.837005149244764,2.8487602278065136,1,2823.103754912529,6.588790246878786,61.56688215266336,15,0,0
49.8536551019391,0.29096601377023035,1,2994.8946538091213,9.422352695362129,19.897585040159274,47,0,1
40.40844386265224,0.9400075313998892,1,33931.86142991393,1.2681151535107893,18.86967029873254,7,0,1
49.62261323756453,1.4935654236234064,1,29019.03544501749,2.1233224308470486,52.78178369206932,3,2,1
42.47774446174374,0.2219059329388915,0,26951.678766164583,6.445285143314322,109.58893056001655,35,0,0
36.87216262103223,0.11244018597660332,0,2207.3639450015175,0.8231997133730364,43.89369634222244,15,1,1
40.548502117029855,2.107323700563149,1,4233.005268879704,5.593536247979593,56.67942897304433,32,0,1
49.838674919306605,3.1092417458852113,1,17738.02072218212,8.019449939564902,69.6868119170654,9,2,1
37.555296856996776,4.661490471147269,1,41977.087105959436,1.9208296871859778,19.217608810195735,36,1,1
16.828470450276214,0.8023349844250259,0,34329.49902485967,8.714709096075357,0.8634993372048969,7,0,1
15.70690705890203,4.107600816149879,1,109944.43884435238,3.46687202194225,83.86619001301077,7,0,0
40.4331448850621,0.8023349844250259,0,76724.74173064202,7.875860844649626,69.91333629420858,6,0,1
30.403418733298942,2.5641783174392105,1,11502.996649769317,7.997942203343496,61.56688215266336,16,0,2
43.613512367859514,0.3152578975976994,0,25909.939244914425,8.469155211940015,95.48283506803942,35,0,0
21.72068973261023,4.356616921753748,1,54176.11710348858,1.1869537473723202,107.1762821055066,10,1,1
21.4594043013722,3.6615601408432017,1,58832.70019282834,2.2204808223735775,73.31502813943021,0,2,0
47.527315243740624,0.7712791884202592,1,11565.30956537108,4.997861618289064,64.66511866078466,13,0,2
19.143810064590628,2.1135492265232534,1,10561.976779313918,9.901078240868564,72.56868715468914,34,0,1
12.078877553542839,3.3414537290036614,1,43117.23306999225,9.166323589005522,69.93512841035397,66,1,0
36.29525558107792,4.658259529852382,1,19571.635667349587,1.8392844906605375,119.44605442484917,11,2,1
17.37178853835496,2.535912651610617,1,8324.04409233141,9.965370515282997,17.639247618846603,17,0,2
16.063705386497723,1.582549183702373,0,59036.075171275705,1.0237398569004803,110.33617292793348,0,2,0
36.337274174718914,4.233790110922411,1,28953.076387975183,9.956837635864206,19.856057815048757,34,2,1
48.47865098251572,0.29096601377023035,1,18187.79219041254,9.94928909779396,19.001186443283288,47,0,1
49.981599377743095,0.9462330525550076,1,32955.434440145036,0.8789589884438893,73.24879598126367,8,0,1
15.772584240314139,4.293962383336252,1,29019.03544501749,2.1233224308470486,52.78178369206932,7,0,1
31.800072937216378,3.9542922826573323,1,14178.24278803495,7.55691729388956,98.60536343451413,13,2,1
44.09994209927229,2.107323700563149,1,4429.265958471848,9.996374007017424,18.189310911270866,34,0,1
21.4594043013722,3.6666808091978096,1,66114.00095936262,2.2204808223735775,73.31502813943021,0,1,0
47.15419662856828,4.356616921753748,1,30845.556864595717,1.9004028457790378,66.37678593614622,13,1,2
18.91235199882322,3.766739473497031,1,54398.952070529944,1.1846303145374533,15.353000429635907,8,2,0
16.907895730049827,0.660645034187402,0,59676.69404489985,1.3621031608921301,113.42491093902666,0,0,0
33.279422768603204,2.6099869881818156,0,76724.74173064202,7.875860844649626,69.91333629420858,6,0,2
44.44481975208302,4.356616921753748,1,12074.304022119246,1.8114935671122567,102.17312540711421,7,2,1
21.37429922029056,2.8487602278065136,1,2823.103754912529,7.935748161326632,61.56688215266336,15,0,1
36.29525558107792,4.368466663939494,1,27052.403907456042,1.8392844906605375,119.46959313583034,8,2,1
47.157361707113225,0.6300794943261102,1,3186.774230613178,6.642551534038137,65.01774994507585,13,0,2
36.29525558107792,4.871114413045275,1,19494.959146915036,1.8392844906605375,55.02370730297838,16,2,1
16.8776523100193,3.7330750110716364,1,11245.560329127582,0.26073547432600996,9.325713252247475,11,2,0
39.73616861556385,2.904897588700272,1,18714.447713927642,8.01745195543678,70.10447566016099,9,2,1
49.16668870004094,1.3070282186516247,1,96093.40624243734,3.46687202194225,83.86619001301077,3,2,0
49.900656730108295,0.7564577521143224,1,2994.8946538091213,9.434746539306625,20.128684847491627,47,0,1
16.232477912236206,2.107323700563149,1,5555.314533890723,9.03246347848874,91.20661045847558,34,0,1
21.72068973261023,4.356616921753748,1,27738.873172981293,1.909827664776394,107.1762821055066,10,2,1
18.90792651637576,0.8354987429026512,1,11661.03812005081,4.997861618289064,92.86364992344696,7,0,1
16.295163452265463,2.073659216049946,1,5873.510464275072,9.901078240868564,11.720671289043086,34,0,1
15.98428010672411,3.667185839150898,1,34904.1393643909,8.73396826879102,0.8461813577164818,7,2,1
17.37178853835496,0.8553972168283636,1,8127.783400684859,5.807912321801718,61.56688215266336,18,0,1
19.784605277088943,3.9260266060616775,1,32845.52220697973,6.589775358268001,100.33743576230538,6,1,1
15.808309034004047,4.356616921753748,1,54176.11710348858,1.1869537473723202,107.1762821055066,10,1,0
35.44807375495389,0.8023349844250259,0,34329.49902485967,7.875860844649626,62.849800557887654,6,0,1
40.91843717810053,2.107323700563149,1,4233.005268879704,5.59344482759608,56.326797688753146,32,0,1
21.232704061744446,2.8967316965768606,1,2902.4165784740926,6.588790246878786,119.94065023986099,15,0,0
21.232704061744446,2.535912651610617,1,2823.103754912529,6.588790246878786,61.56688215266336,15,0,0
36.1769067787522,1.14360313881812,0,42443.578290181504,7.630937414018586,109.78891999476738,83,2,2
37.44086478600969,3.2509709042359436,0,94455.40135095896,4.035698887042792,28.926863770670508,65,2,1
37.555296856996776,4.856421321003366,1,41956.7767925836,1.1451317007132666,92.23317365609937,36,1,1
49.838674919306605,1.4935654236234064,0,34329.49902485967,7.8542304852778555,69.6868119170654,8,2,1
43.79854783976529,2.314153946422168,0,19589.537096667413,7.347669732018981,75.19645488977898,70,1,0
27.199418582873452,4.458069500119054,0,75991.1619534524,5.617265776031122,3.323889714009054,35,1,0
11.882712167854272,2.7570043864875196,1,60108.7544318372,7.800697510128774,5.722885136146814,86,1,2
19.143810064590628,2.107323700563149,1,5567.197779277503,9.901078240868564,18.189310911270866,34,0,1
12.992266308205656,3.3414537290036614,1,29048.75524301462,2.207473067119107,53.0326550277554,64,1,0
41.37802848474698,0.15410115701566363,0,9240.576804722321,0.0638468238544132,43.89369634222244,18,1,1
41.73327968401692,0.7689820894295646,0,18455.76143047767,6.247891255123191,35.84177472089396,55,0,0
18.570689913845598,4.356616921753748,1,30941.284345835833,1.9004028457790378,103.88362507891833,7,1,1
47.93884422055842,0.7911992204920976,1,9060.438497032996,8.674963776595025,68.00575457611383,76,0,2
22.92364470654812,0.14733419410462745,0,118699.60513500762,7.601857170851666,40.43274952426978,9,2,2
28.636642711726928,4.631977686511695,1,76065.03103805403,4.708674570614205,73.04488730254302,72,0,0
33.23800071839062,3.763925285448626,1,14178.24278803495,7.846177136934214,104.41651034846939,76,0,1
49.91896631115962,4.8871536422569335,1,63098.538049040435,9.448256831495117,23.28019692130067,47,1,0
45.875109354554546,3.798594759942018,0,47640.0456128587,7.234985477815776,47.96733738031297,80,0,2
15.772623773809906,4.6140418794437945,0,23276.3835920153,2.6889209892326136,25.434451842731054,57,1,2
45.739566572424664,1.7220672234579004,0,49579.55708472441,4.592340564697492,61.46499853986335,87,0,2
18.127636507237995,3.773163106064291,1,68015.7213136395,0.8106658947568068,15.786278006058287,75,2,0
42.11997429363387,0.8220419049604638,1,11945.746197324155,6.285243474799116,40.80015138733917,91,0,1
36.858863584711,4.11945055833563,1,114566.49055318514,3.300553272230504,119.46959313583034,6,2,0
16.063705386497723,3.6615601408432017,1,59569.644889754316,1.3816568625254844,110.33617292793348,0,2,0
12.142520652822974,0.9566598400598919,0,9300.963797010536,2.352330422692247,1.5788705963395122,65,2,0
47.17718335644228,0.9198360259213906,1,82273.92448645913,3.139019343766601,41.73888386801424,73,2,1
10.195719053541005,0.8435190805115333,0,113763.81924704001,8.1055826904314,97.57060214205407,74,1,1
15.906344921465209,4.094366912186003,0,1993.8058718657849,0.19406007207342424,100.56362987642376,82,0,2
48.97961717077277,3.321626848898747,1,81827.64778617158,1.6697347082274716,37.69776644658293,40,1,1
41.37802848474698,0.14376674291559643,0,76185.28148835652,0.26145790230840227,41.70871090765144,18,1,1
22.92364470654812,0.14569851599705042,0,118697.15346548776,8.096297626663752,40.43274952426978,9,2,2
18.56569551412471,4.356616921753748,1,30941.284345835833,1.9004028457790378,103.88362507891833,7,1,1
19.145038374516762,3.822049744280062,1,2923.899098255768,9.901078240868564,15.78558660759218,34,0,1
10.680257889279844,2.7570043864875196,1,60108.7544318372,8.419187106696032,5.722885136146814,86,2,2
47.17718335644228,0.9198360259213906,1,83292.41912833514,3.143199655824766,48.094428742038836,91,2,1
32.933036836617795,1.7220672234579004,0,49579.55708472441,4.452544015978599,105.61320894243443,72,0,2
15.772623773809906,4.6140418794437945,0,23083.808806226814,2.6889209892326136,24.65428670471738,57,1,2
49.91896631115962,0.6276436661196207,1,63098.538049040435,9.448256831495117,21.045605654969435,47,1,0
29.611457293859846,3.798594759942018,0,47881.79309624365,7.7505981746058135,112.41643661006998,80,0,2
11.341170906716595,2.679057908965258,1,6507.956901187183,6.588790246878786,53.02651118704208,15,0,0
27.48521408401479,4.084108217362574,0,9074.56262053837,0.18558389101551898,100.56362987642376,82,0,2
48.97961717077277,4.087750744573496,1,82418.71953442978,3.889477204076138,41.26701904616254,40,1,1
42.94338194780036,0.3152578975976994,0,18455.76143047767,6.247891255123191,35.84177472089396,46,2,0
30.259081280353065,3.253151644302012,0,95767.6250521784,4.035698887042792,114.11613461076793,65,2,1
27.199418582873452,4.781295889723051,0,7997.847249246006,5.489411503079307,2.206765914548363,35,1,0
10.195719053541005,0.4966593890472394,0,113766.18265068062,7.6111422346193125,92.53810408551841,77,1,1
43.79854783976529,2.314153946422168,0,24108.06187872239,7.347669732018981,75.19645488977898,70,1,0
18.126408197311857,2.058437006450013,1,68876.64845398266,0.8106658947568068,15.883162973280225,75,2,0
49.87379833625611,1.4935654236234064,0,34329.49902485967,7.8542304852778555,69.6868119170654,8,1,1
42.11997429363387,0.8220419049604638,1,10950.076635196048,6.281063163723559,33.83704535202725,73,0,1
46.04436581756044,3.763925285448626,1,14178.24278803495,7.446461853769486,60.97730740473859,87,0,1
37.19351636489214,4.856421321003366,1,42149.35157947316,1.1451317007132666,93.01344781336982,36,1,1
47.93884422055842,4.968055056455476,1,9060.438497032996,8.674963776595025,70.2404151451947,76,0,2
45.76807266888518,1.14360313881812,0,42201.830806796555,7.220107710217957,45.17000504652478,83,2,2
21.727721601546527,3.3414537290036614,1,29048.75524301462,2.207473067119107,65.34309871094092,64,1,0
16.29084719878493,4.642236357943094,1,76065.03103805403,4.744261895488846,73.04488730254302,72,0,0
36.858863584711,3.353326662569393,1,118101.42254822841,1.6883528795421192,114.70197149133148,6,2,0
15.346193349103874,0.9925708953011686,0,9300.963797010536,1.2681617837303047,0.19398017604067785,67,0,0
16.063705386497723,3.659379400777133,1,59569.644889754316,1.3816568625254844,24.784257777341665,0,2,0
49.91896631115962,0.14271910815220773,1,63098.538049040435,8.143704541636975,25.29394523690899,47,2,0
15.772623773809906,4.6140418794437945,0,23276.3835920153,2.6889209892326136,26.338549774361915,57,1,2
12.726669441797176,3.3954609521544814,1,30631.47935596549,2.181127960599596,92.23317365609937,36,1,1
19.715942774380366,3.353326662569393,1,118101.42254822841,9.887392869469618,114.70197149133148,6,0,0
11.341170906716595,2.8558548586277697,1,6463.711631260558,6.588790246878786,54.24224698509665,17,0,1
11.585021285034426,3.8735914123760145,0,59425.90401839641,0.4782539888847075,24.65428670471738,48,1,2
49.87379833625611,1.4964312194911964,0,34329.49902485967,1.102212614676966,67.54236809813855,8,0,1
41.37802848474698,0.14376674291559643,0,72130.8537034166,0.26145790230840227,92.91760236596139,36,1,1
21.566621372624017,2.535912651610617,1,780.715036738984,6.588790246878786,99.3536802588574,15,0,0
30.2340649250107,3.0168886567276596,0,95767.6250521784,4.035698887042792,117.75693681519704,72,0,1
29.131321252980587,4.781295889723051,0,8360.648810192792,5.489411503079307,18.27003339347888,31,1,1
35.79810228762952,0.1158312305936855,1,9240.576804722321,3.2782814673920786,43.89369634222244,9,1,0
20.66458863906597,0.7911992204920976,1,9146.504059417475,8.591493421185692,68.22949225356183,76,1,2
47.93082635068649,3.659379400777133,0,59569.644889754316,7.941356711125135,27.631560314905258,0,2,0
47.93884422055842,4.34098128559878,1,19955.090107626158,8.674963776595025,70.2404151451947,7,0,2
22.92364470654812,0.6306287374159221,0,118697.15346548776,8.096297626663752,39.83402245643031,9,1,2
49.91896631115962,4.8871536422569335,1,63098.538049040435,8.888127959190964,23.38084632887463,47,1,0
37.84330988733875,4.801026032015261,1,29048.75524301462,1.1714768073957447,53.0326550277554,63,1,0
36.28796211349372,3.822049744280062,1,2923.899098255768,1.7538580412374376,16.280422350189667,34,2,1
45.3914392619308,3.863194794877136,1,82568.96351812064,3.889477204076138,40.051283248108,41,1,0
16.063705386497723,4.623220380308848,1,23227.550871672745,2.7704439823324507,118.65805974610743,8,2,0
15.346193349103874,0.9897050994334604,0,9300.963797010536,7.665414082234083,0.19398017604067785,68,1,0
35.13185268056007,4.926335302672115,1,43900.57987254647,1.1451317007132666,56.1053850043614,18,1,1
21.381778022009794,4.18341041798502,1,33639.921646644434,1.9004028457790378,66.09676660650568,7,1,1
41.758295909628636,0.701716200183346,0,18455.76143047767,6.247891255123191,30.76697817567517,55,2,0
19.391058567161586,2.1872008340359637,1,8212.733436709317,9.901078240868564,2.1328712232548312,34,0,0
41.400720723982985,4.2036868797890445,0,114566.49055318514,0.11710089232552479,119.46959313583034,18,2,1
48.77954147063774,3.3414537290036614,1,28962.700185475893,2.2905623344195516,65.11936103349291,64,0,0
17.44046300006383,1.4935654236234064,1,32937.424180654445,1.295191130715069,66.83951353208386,8,2,1
18.570689913845598,4.977705518961933,1,9199.683876482699,1.9004028457790378,103.88362507891833,76,1,1
38.0249668600595,2.535912651610617,1,47003.25667466271,6.588790246878786,99.3536802588574,20,0,1
19.54200861749591,2.021475881463993,1,8212.733436709317,2.3123721190903965,0.8354336106159863,34,0,0
18.570689913845598,3.3083250712353856,1,9199.683876482699,2.177021139698122,103.88362507891833,7,2,0
37.84330988733875,4.802335428659376,1,29048.75524301462,1.1714768073957447,53.0326550277554,63,1,0
16.081571217300848,3.659379400777133,1,59569.644889754316,1.2184642313385843,24.784257777341665,0,0,0
37.30594930826439,4.11945055833563,1,64668.272048191066,3.300553272230504,110.18562897797025,6,2,0
21.585331473821373,4.856421321003366,1,42054.55601455668,1.158805642124562,92.31965778522452,36,1,1
18.6139881657748,2.535912651610617,1,29570.04916421858,1.9122191312730337,59.75378604773446,7,0,1
18.56569551412471,4.330244595030197,1,32793.54486237344,1.9004028457790378,103.88362507891833,2,2,1
49.86162004208993,4.886410346464658,1,43900.57987254647,1.1451317007132666,56.06163126332552,46,1,1
29.269768036599842,4.712483117965359,1,2923.899098255768,1.7538580412374376,16.280422350189667,34,2,1
48.083258630447126,1.401220920651264,0,5648.755645812127,1.102212614676966,67.54236809813855,7,0,1
47.93884422055842,4.34098128559878,1,19955.090107626158,8.674963776595025,45.733311116828865,17,0,2
49.94671974965171,3.863409940447368,1,33333.124110538934,9.901078240868564,16.763879523371227,34,0,1
35.79810228762952,0.1158312305936855,1,9240.576804722321,3.2782814673920786,43.89369634222244,18,1,1
21.096951691843834,4.856421321003366,1,89.3636582088584,1.1451317007132666,92.23317365609937,36,1,0
12.57574274890913,3.3954609521544814,1,30631.47935596549,9.676550041762798,96.88297891753925,36,1,1
36.858863584711,4.9812035700096216,1,118101.42254822841,1.6733136512081852,114.70197149133148,75,1,1
16.063705386497723,4.621910983635266,1,23227.550871672745,2.7704439823324507,118.65805974610743,8,2,0
11.323375026270472,2.8558548586277697,1,6463.711631260558,6.752391518028085,54.24224698509665,16,2,1
15.617253081491173,3.6615601408432017,1,109428.24519156049,1.3816568625254844,119.56585450631252,0,2,0
36.98996301704198,4.18341041798502,1,39753.97539322626,1.8867289043700703,66.79055662563749,2,1,1
19.51660084039682,4.356616921753748,1,4216.669437895738,6.576979379294318,105.696183165912,15,1,0
22.67403157705293,1.519822433411047,1,31085.16366411684,1.295191130715069,70.79747448575486,7,1,1
35.45679583563072,4.927078598464366,1,63098.538049040435,8.888127959190964,23.424600417311527,19,1,0
36.14951532987326,3.823586976983723,0,8360.648810192792,5.4513619158090645,18.27003339347888,31,1,1
13.54965750208117,2.679057908965258,1,35193.042052004355,6.588790246878786,51.04509619112611,18,0,0
41.37802848474698,0.15410115701566363,0,9240.576804722321,0.0638468238544132,68.40080037060649,8,1,1
16.638727948133326,1.452204093891655,0,3951.73032016831,8.040118405489396,69.97350262142233,8,1,1
19.143810064590628,1.6385028121310605,1,5567.197779277503,9.901078240868564,18.189310911270866,34,0,0
11.341170906716595,2.9044920718615046,1,6344.576661685987,1.7287497304305113,57.33543773836888,18,0,1
16.638727948133326,1.452204093891655,0,3931.3830704410902,8.040118405489396,69.97350262142233,8,1,1
21.071245709682092,2.8558548586277697,1,2926.882731783936,6.752391518028085,54.24224698509665,16,2,1
11.546078983623158,2.535912651610617,1,29570.04916421858,1.9122191312730337,68.51639398818523,7,0,1
48.083258630447126,4.986904006944103,0,1351.8906427358138,1.102212937087031,75.03581289103967,7,0,1
19.150327525343286,2.1209879260569586,1,5426.014932267535,9.901078240868564,18.27853300466022,34,0,1
15.617253081491173,3.6615601408432017,1,109428.24519156049,1.3816568625254844,118.64280075370186,0,2,0
12.726669441797176,3.4940013113211967,1,30631.47935596549,2.181045285594958,92.23317365609937,7,2,1
19.34801780402186,2.1872008340359637,1,22023.66214002961,9.901078240868564,2.1328712232548312,34,0,0
47.93884422055842,4.2692770711239625,1,61834.058456862855,8.676851720435053,68.9865812613783,7,0,2
35.13185268056007,4.926335302672115,1,61237.63458006222,0.5082847458600586,51.123697968124034,18,0,1
16.063705386497723,3.6615601408432017,1,59569.644889754316,1.3816568625254844,106.12930405918378,0,2,0
38.0249668600595,2.5213635914421233,1,47003.25667466271,6.588790246878786,99.3536802588574,20,0,1
19.51778369265317,2.021475881463993,1,8212.733436709317,2.3123721190903965,0.8354336106159863,12,0,0
21.566621372624017,2.535912651610617,1,1339.8225978488845,6.588790246878786,99.3536802588574,11,0,0
36.98996301704198,4.28079106461412,1,39876.63733002482,6.044169283298841,67.11558390295285,2,1,1
18.56569551412471,4.330244595030197,1,32824.20644686901,1.9004028457790378,103.88362507891833,2,2,1
11.488244016228794,2.535912651610617,1,6359.932673555159,6.588790246878786,61.56688215266336,15,0,0
18.409787327848164,2.679057908965258,1,6507.956901187183,6.588790246878786,53.02651118704208,12,0,0
21.096951691843834,1.0115171000758725,1,389.3598585299055,1.1451313783032016,92.23317365609937,36,1,0
22.55921389058958,3.7687531508227297,1,1728.4299212959038,9.901078240868564,15.696364514202829,34,0,1
16.063705386497723,4.621910983635266,1,23227.550871672745,2.7704439823324507,119.58111273703345,21,2,0
18.570689913845598,3.300372289630744,1,9199.683876482699,3.0436718079345537,103.88362507891833,36,1,0
10.587723920492621,4.623220380308848,1,9416.623670369865,2.7704439823324507,118.65805974610743,8,2,0
35.45679583563072,4.874960521218688,1,20381.813101977492,8.886240015350936,24.678444796627897,25,1,0
13.54965750208117,2.679057908965258,1,35111.65500895955,6.823957293841767,55.48094916836576,18,1,0
49.87379833625611,1.508114483798253,0,34329.49902485967,7.8542304852778555,69.6868119170654,8,1,1
19.79584819790362,4.205364205585112,1,4216.669437895738,6.576979379294318,105.696183165912,37,1,0
37.30594930826439,4.11945055833563,1,54937.994380393946,3.300553272230504,110.18562897797025,6,2,0
11.341170906716595,3.2160712906151185,1,46142.98535448016,6.588790246878786,53.74200476021195,15,0,0
