bandwidth,cruise_speed,firm_obstacle,illuminance,obstacle_distance,obstacle_size,power,quality,smoke_intensity
44.28724504126017,2.544174780100241,1,81580.81393701091,1.5750939879727466,57.61131633906034,90,1,1
44.28724504126017,2.544174780100241,1,81580.81393701091,1.5750939879727466,57.61131633906034,28,1,1
44.28724504126017,2.544174780100241,1,81580.81393701091,1.5750939879727466,57.61131633906034,26,1,1
44.28724504126017,2.544174780100241,1,81580.81393701091,1.5750939879727466,57.61131633906034,46,1,1
44.28724504126017,2.544174780100241,1,81580.81393701091,1.5750939879727466,57.61131633906034,90,1,1
44.28724504126017,2.544174780100241,1,81580.81393701091,1.5750939879727466,57.61131633906034,12,1,1
44.28724504126017,2.544174780100241,1,81580.81393701091,1.5750939879727466,57.61131633906034,25,1,1
44.28724504126017,2.544174780100241,1,81580.81393701091,1.5750939879727466,57.61131633906034,52,1,1
44.28724504126017,2.544174780100241,1,81580.81393701091,1.5750939879727466,57.61131633906034,24,1,1
44.28724504126017,2.544174780100241,1,81580.81393701091,1.5750939879727466,57.61131633906034,41,1,1
44.28724504126017,2.544174780100241,1,81580.81393701091,1.5750939879727466,57.61131633906034,34,1,1
44.28724504126017,2.544174780100241,1,81580.81393701091,1.5750939879727466,57.61131633906034,7,1,1
44.28724504126017,2.544174780100241,1,81580.81393701091,1.5750939879727466,57.61131633906034,3,1,1
44.28724504126017,2.544174780100241,1,81580.81393701091,1.5750939879727466,57.61131633906034,9,1,1
44.28724504126017,2.544174780100241,1,81580.81393701091,1.5750939879727466,57.61131633906034,66,1,1
44.28724504126017,2.544174780100241,1,81580.81393701091,1.5750939879727466,57.61131633906034,99,1,1
44.28724504126017,2.544174780100241,1,81580.81393701091,1.5750939879727466,57.61131633906034,93,1,1
44.28724504126017,2.544174780100241,1,81580.81393701091,1.5750939879727466,57.61131633906034,70,1,1
44.28724504126017,2.544174780100241,1,81580.81393701091,1.5750939879727466,57.61131633906034,93,1,1
44.28724504126017,2.544174780100241,1,81580.81393701091,1.5750939879727466,57.61131633906034,45,1,1
44.28724504126017,2.544174780100241,1,81580.81393701091,1.5750939879727466,57.61131633906034,55,1,1
44.28724504126017,2.544174780100241,1,81580.81393701091,1.5750939879727466,57.61131633906034,64,1,1
44.28724504126017,2.544174780100241,1,81580.81393701091,1.5750939879727466,57.61131633906034,40,1,1
44.28724504126017,2.544174780100241,1,81580.81393701091,1.5750939879727466,57.61131633906034,27,1,1
44.28724504126017,2.544174780100241,1,81580.81393701091,1.5750939879727466,57.61131633906034,70,1,1
44.28724504126017,2.544174780100241,1,81580.81393701091,1.5750939879727466,57.61131633906034,30,1,1
44.28724504126017,2.544174780100241,1,81580.81393701091,1.5750939879727466,57.61131633906034,56,1,1
44.28724504126017,2.544174780100241,1,81580.81393701091,1.5750939879727466,57.61131633906034,7,1,1
44.28724504126017,2.544174780100241,1,81580.81393701091,1.5750939879727466,57.61131633906034,21,1,1
44.28724504126017,2.544174780100241,1,81580.81393701091,1.5750939879727466,57.61131633906034,5,1,1
47.19739372749202,4.0373756417723445,0,60598.30211896007,7.94414650840698,24.50637862858497,61,1,0
47.19739372749202,4.0665266789484145,0,60598.30211896007,7.94414650840698,24.50637862858497,61,1,0
47.19739372749202,0.024858062297089534,0,60598.30211896007,7.94414650840698,24.50637862858497,61,1,0
47.19739372749202,1.6502767204874873,0,60598.30211896007,7.94414650840698,24.50637862858497,61,1,0
47.19739372749202,0.4454342830548125,0,60598.30211896007,7.94414650840698,24.50637862858497,61,1,0
47.19739372749202,2.3397345389472184,0,60598.30211896007,7.94414650840698,24.50637862858497,61,1,0
47.19739372749202,3.088447299400248,0,60598.30211896007,7.94414650840698,24.50637862858497,61,1,0
47.19739372749202,2.755240314763778,0,60598.30211896007,7.94414650840698,24.50637862858497,61,1,0
47.19739372749202,0.6703093623911949,0,60598.30211896007,7.94414650840698,24.50637862858497,61,1,0
47.19739372749202,3.5122141829254776,0,60598.30211896007,7.94414650840698,24.50637862858497,61,1,0
47.19739372749202,3.064847029921241,0,60598.30211896007,7.94414650840698,24.50637862858497,61,1,0
47.19739372749202,2.337126788228141,0,60598.30211896007,7.94414650840698,24.50637862858497,61,1,0
47.19739372749202,1.4856357017196316,0,60598.30211896007,7.94414650840698,24.50637862858497,61,1,0
47.19739372749202,4.591969420087646,0,60598.30211896007,7.94414650840698,24.50637862858497,61,1,0
47.19739372749202,0.4171984900448994,0,60598.30211896007,7.94414650840698,24.50637862858497,61,1,0
47.19739372749202,0.7238163685670801,0,60598.30211896007,7.94414650840698,24.50637862858497,61,1,0
47.19739372749202,1.8928537638843896,0,60598.30211896007,7.94414650840698,24.50637862858497,61,1,0
47.19739372749202,1.2961192222245121,0,60598.30211896007,7.94414650840698,24.50637862858497,61,1,0
47.19739372749202,3.0810481546228456,0,60598.30211896007,7.94414650840698,24.50637862858497,61,1,0
47.19739372749202,3.472771942420591,0,60598.30211896007,7.94414650840698,24.50637862858497,61,1,0
47.19739372749202,3.5194715264989918,0,60598.30211896007,7.94414650840698,24.50637862858497,61,1,0
47.19739372749202,3.8694303164509725,0,60598.30211896007,7.94414650840698,24.50637862858497,61,1,0
47.19739372749202,0.8761814786280014,0,60598.30211896007,7.94414650840698,24.50637862858497,61,1,0
47.19739372749202,3.7315696757418717,0,60598.30211896007,7.94414650840698,24.50637862858497,61,1,0
47.19739372749202,1.2302444484009074,0,60598.30211896007,7.94414650840698,24.50637862858497,61,1,0
47.19739372749202,2.68001221779951,0,60598.30211896007,7.94414650840698,24.50637862858497,61,1,0
47.19739372749202,1.1058228701599482,0,60598.30211896007,7.94414650840698,24.50637862858497,61,1,0
47.19739372749202,4.060873153083006,0,60598.30211896007,7.94414650840698,24.50637862858497,61,1,0
47.19739372749202,0.5394723631156584,0,60598.30211896007,7.94414650840698,24.50637862858497,61,1,0
47.19739372749202,2.1541891979283676,0,60598.30211896007,7.94414650840698,24.50637862858497,61,1,0
35.348740671435756,3.910163024007886,0,109924.82690681613,7.2449900531064335,69.30233823599549,81,1,1
37.89692623976107,3.910163024007886,0,109924.82690681613,7.2449900531064335,69.30233823599549,81,1,1
13.814761926325772,3.910163024007886,0,109924.82690681613,7.2449900531064335,69.30233823599549,81,1,1
49.36478720369748,3.910163024007886,0,109924.82690681613,7.2449900531064335,69.30233823599549,81,1,1
21.59687584167529,3.910163024007886,0,109924.82690681613,7.2449900531064335,69.30233823599549,81,1,1
27.85553304731326,3.910163024007886,0,109924.82690681613,7.2449900531064335,69.30233823599549,81,1,1
22.156326312349073,3.910163024007886,0,109924.82690681613,7.2449900531064335,69.30233823599549,81,1,1
11.595958452847173,3.910163024007886,0,109924.82690681613,7.2449900531064335,69.30233823599549,81,1,1
19.781327901380514,3.910163024007886,0,109924.82690681613,7.2449900531064335,69.30233823599549,81,1,1
23.08005241655531,3.910163024007886,0,109924.82690681613,7.2449900531064335,69.30233823599549,81,1,1
33.00683005644271,3.910163024007886,0,109924.82690681613,7.2449900531064335,69.30233823599549,81,1,1
12.782590473467486,3.910163024007886,0,109924.82690681613,7.2449900531064335,69.30233823599549,81,1,1
47.231722388333026,3.910163024007886,0,109924.82690681613,7.2449900531064335,69.30233823599549,81,1,1
17.95292557469869,3.910163024007886,0,109924.82690681613,7.2449900531064335,69.30233823599549,81,1,1
31.176240244523154,3.910163024007886,0,109924.82690681613,7.2449900531064335,69.30233823599549,81,1,1
24.249901123694116,3.910163024007886,0,109924.82690681613,7.2449900531064335,69.30233823599549,81,1,1
24.375362248948647,3.910163024007886,0,109924.82690681613,7.2449900531064335,69.30233823599549,81,1,1
46.445711883782195,3.910163024007886,0,109924.82690681613,7.2449900531064335,69.30233823599549,81,1,1
45.56942971988879,3.910163024007886,0,109924.82690681613,7.2449900531064335,69.30233823599549,81,1,1
34.41611326289761,3.910163024007886,0,109924.82690681613,7.2449900531064335,69.30233823599549,81,1,1
21.190051851029605,3.910163024007886,0,109924.82690681613,7.2449900531064335,69.30233823599549,81,1,1
16.19190702898389,3.910163024007886,0,109924.82690681613,7.2449900531064335,69.30233823599549,81,1,1
28.61386955134015,3.910163024007886,0,109924.82690681613,7.2449900531064335,69.30233823599549,81,1,1
16.788372587836026,3.910163024007886,0,109924.82690681613,7.2449900531064335,69.30233823599549,81,1,1
29.88184714245272,3.910163024007886,0,109924.82690681613,7.2449900531064335,69.30233823599549,81,1,1
12.824879331003004,3.910163024007886,0,109924.82690681613,7.2449900531064335,69.30233823599549,81,1,1
10.671328338117334,3.910163024007886,0,109924.82690681613,7.2449900531064335,69.30233823599549,81,1,1
31.26037378095036,3.910163024007886,0,109924.82690681613,7.2449900531064335,69.30233823599549,81,1,1
25.69779785020009,3.910163024007886,0,109924.82690681613,7.2449900531064335,69.30233823599549,81,1,1
49.85525207949216,3.910163024007886,0,109924.82690681613,7.2449900531064335,69.30233823599549,81,1,1
15.118983809788894,0.7621388015849101,1,22230.083050732545,6.1476938118258575,32.42173316230439,68,2,1
15.118983809788894,0.7621388015849101,1,22230.083050732545,6.1476938118258575,32.42173316230439,68,1,1
15.118983809788894,0.7621388015849101,1,22230.083050732545,6.1476938118258575,32.42173316230439,68,2,1
15.118983809788894,0.7621388015849101,1,22230.083050732545,6.1476938118258575,32.42173316230439,68,1,1
15.118983809788894,0.7621388015849101,1,22230.083050732545,6.1476938118258575,32.42173316230439,68,2,1
15.118983809788894,0.7621388015849101,1,22230.083050732545,6.1476938118258575,32.42173316230439,68,1,1
15.118983809788894,0.7621388015849101,1,22230.083050732545,6.1476938118258575,32.42173316230439,68,2,1
15.118983809788894,0.7621388015849101,1,22230.083050732545,6.1476938118258575,32.42173316230439,68,2,1
15.118983809788894,0.7621388015849101,1,22230.083050732545,6.1476938118258575,32.42173316230439,68,1,1
15.118983809788894,0.7621388015849101,1,22230.083050732545,6.1476938118258575,32.42173316230439,68,1,1
15.118983809788894,0.7621388015849101,1,22230.083050732545,6.1476938118258575,32.42173316230439,68,0,1
15.118983809788894,0.7621388015849101,1,22230.083050732545,6.1476938118258575,32.42173316230439,68,0,1
15.118983809788894,0.7621388015849101,1,22230.083050732545,6.1476938118258575,32.42173316230439,68,2,1
15.118983809788894,0.7621388015849101,1,22230.083050732545,6.1476938118258575,32.42173316230439,68,1,1
15.118983809788894,0.7621388015849101,1,22230.083050732545,6.1476938118258575,32.42173316230439,68,2,1
15.118983809788894,0.7621388015849101,1,22230.083050732545,6.1476938118258575,32.42173316230439,68,2,1
15.118983809788894,0.7621388015849101,1,22230.083050732545,6.1476938118258575,32.42173316230439,68,0,1
15.118983809788894,0.7621388015849101,1,22230.083050732545,6.1476938118258575,32.42173316230439,68,1,1
15.118983809788894,0.7621388015849101,1,22230.083050732545,6.1476938118258575,32.42173316230439,68,1,1
15.118983809788894,0.7621388015849101,1,22230.083050732545,6.1476938118258575,32.42173316230439,68,2,1
15.118983809788894,0.7621388015849101,1,22230.083050732545,6.1476938118258575,32.42173316230439,68,0,1
15.118983809788894,0.7621388015849101,1,22230.083050732545,6.1476938118258575,32.42173316230439,68,1,1
15.118983809788894,0.7621388015849101,1,22230.083050732545,6.1476938118258575,32.42173316230439,68,0,1
15.118983809788894,0.7621388015849101,1,22230.083050732545,6.1476938118258575,32.42173316230439,68,0,1
15.118983809788894,0.7621388015849101,1,22230.083050732545,6.1476938118258575,32.42173316230439,68,0,1
15.118983809788894,0.7621388015849101,1,22230.083050732545,6.1476938118258575,32.42173316230439,68,1,1
15.118983809788894,0.7621388015849101,1,22230.083050732545,6.1476938118258575,32.42173316230439,68,1,1
15.118983809788894,0.7621388015849101,1,22230.083050732545,6.1476938118258575,32.42173316230439,68,1,1
15.118983809788894,0.7621388015849101,1,22230.083050732545,6.1476938118258575,32.42173316230439,68,2,1
15.118983809788894,0.7621388015849101,1,22230.083050732545,6.1476938118258575,32.42173316230439,68,2,1
44.29599515318106,0.9559398567128841,1,32310.88381395729,0.6519402088255632,101.2597153887638,67,0,2
44.29599515318106,0.9559398567128841,1,97583.67312388215,0.6519402088255632,101.2597153887638,67,0,2
44.29599515318106,0.9559398567128841,1,42947.053147604136,0.6519402088255632,101.2597153887638,67,0,2
44.29599515318106,0.9559398567128841,1,39796.31579872721,0.6519402088255632,101.2597153887638,67,0,2
44.29599515318106,0.9559398567128841,1,110359.41236453873,0.6519402088255632,101.2597153887638,67,0,2
44.29599515318106,0.9559398567128841,1,104413.99935935492,0.6519402088255632,101.2597153887638,67,0,2
44.29599515318106,0.9559398567128841,1,64864.48323818945,0.6519402088255632,101.2597153887638,67,0,2
44.29599515318106,0.9559398567128841,1,99052.11530512467,0.6519402088255632,101.2597153887638,67,0,2
44.29599515318106,0.9559398567128841,1,104040.86595318322,0.6519402088255632,101.2597153887638,67,0,2
44.29599515318106,0.9559398567128841,1,92342.13812160023,0.6519402088255632,101.2597153887638,67,0,2
44.29599515318106,0.9559398567128841,1,70318.97391840415,0.6519402088255632,101.2597153887638,67,0,2
44.29599515318106,0.9559398567128841,1,88566.18153836479,0.6519402088255632,101.2597153887638,67,0,2
44.29599515318106,0.9559398567128841,1,6654.0699612617655,0.6519402088255632,101.2597153887638,67,0,2
44.29599515318106,0.9559398567128841,1,39294.08446017599,0.6519402088255632,101.2597153887638,67,0,2
44.29599515318106,0.9559398567128841,1,62595.62208112535,0.6519402088255632,101.2597153887638,67,0,2
44.29599515318106,0.9559398567128841,1,14863.878090720893,0.6519402088255632,101.2597153887638,67,0,2
44.29599515318106,0.9559398567128841,1,24941.29242281197,0.6519402088255632,101.2597153887638,67,0,2
44.29599515318106,0.9559398567128841,1,21685.746509024593,0.6519402088255632,101.2597153887638,67,0,2
44.29599515318106,0.9559398567128841,1,28827.20992197299,0.6519402088255632,101.2597153887638,67,0,2
44.29599515318106,0.9559398567128841,1,44582.32031002464,0.6519402088255632,101.2597153887638,67,0,2
44.29599515318106,0.9559398567128841,1,34787.02485196177,0.6519402088255632,101.2597153887638,67,0,2
44.29599515318106,0.9559398567128841,1,111094.57071802569,0.6519402088255632,101.2597153887638,67,0,2
44.29599515318106,0.9559398567128841,1,3008.386663215623,0.6519402088255632,101.2597153887638,67,0,2
44.29599515318106,0.9559398567128841,1,67876.19907338815,0.6519402088255632,101.2597153887638,67,0,2
44.29599515318106,0.9559398567128841,1,75906.78860332702,0.6519402088255632,101.2597153887638,67,0,2
44.29599515318106,0.9559398567128841,1,82829.39884273986,0.6519402088255632,101.2597153887638,67,0,2
44.29599515318106,0.9559398567128841,1,38112.724316003834,0.6519402088255632,101.2597153887638,67,0,2
44.29599515318106,0.9559398567128841,1,118419.47254958977,0.6519402088255632,101.2597153887638,67,0,2
44.29599515318106,0.9559398567128841,1,72198.82647356714,0.6519402088255632,101.2597153887638,67,0,2
44.29599515318106,0.9559398567128841,1,84417.92055879648,0.6519402088255632,101.2597153887638,67,0,2
13.929989804632008,0.634234385994919,1,54210.42555107522,8.815387493197868,87.92030841550722,69,0,2
13.929989804632008,0.634234385994919,1,54210.42555107522,8.815387493197868,87.92030841550722,69,0,0
13.929989804632008,0.634234385994919,1,54210.42555107522,8.815387493197868,87.92030841550722,69,0,2
13.929989804632008,0.634234385994919,1,54210.42555107522,8.815387493197868,87.92030841550722,69,0,1
13.929989804632008,0.634234385994919,1,54210.42555107522,8.815387493197868,87.92030841550722,69,0,2
13.929989804632008,0.634234385994919,1,54210.42555107522,8.815387493197868,87.92030841550722,69,0,0
13.929989804632008,0.634234385994919,1,54210.42555107522,8.815387493197868,87.92030841550722,69,0,1
13.929989804632008,0.634234385994919,1,54210.42555107522,8.815387493197868,87.92030841550722,69,0,2
13.929989804632008,0.634234385994919,1,54210.42555107522,8.815387493197868,87.92030841550722,69,0,2
13.929989804632008,0.634234385994919,1,54210.42555107522,8.815387493197868,87.92030841550722,69,0,1
13.929989804632008,0.634234385994919,1,54210.42555107522,8.815387493197868,87.92030841550722,69,0,0
13.929989804632008,0.634234385994919,1,54210.42555107522,8.815387493197868,87.92030841550722,69,0,0
13.929989804632008,0.634234385994919,1,54210.42555107522,8.815387493197868,87.92030841550722,69,0,2
13.929989804632008,0.634234385994919,1,54210.42555107522,8.815387493197868,87.92030841550722,69,0,2
13.929989804632008,0.634234385994919,1,54210.42555107522,8.815387493197868,87.92030841550722,69,0,2
13.929989804632008,0.634234385994919,1,54210.42555107522,8.815387493197868,87.92030841550722,69,0,0
13.929989804632008,0.634234385994919,1,54210.42555107522,8.815387493197868,87.92030841550722,69,0,0
13.929989804632008,0.634234385994919,1,54210.42555107522,8.815387493197868,87.92030841550722,69,0,1
13.929989804632008,0.634234385994919,1,54210.42555107522,8.815387493197868,87.92030841550722,69,0,0
13.929989804632008,0.634234385994919,1,54210.42555107522,8.815387493197868,87.92030841550722,69,0,2
13.929989804632008,0.634234385994919,1,54210.42555107522,8.815387493197868,87.92030841550722,69,0,0
13.929989804632008,0.634234385994919,1,54210.42555107522,8.815387493197868,87.92030841550722,69,0,0
13.929989804632008,0.634234385994919,1,54210.42555107522,8.815387493197868,87.92030841550722,69,0,0
13.929989804632008,0.634234385994919,1,54210.42555107522,8.815387493197868,87.92030841550722,69,0,0
13.929989804632008,0.634234385994919,1,54210.42555107522,8.815387493197868,87.92030841550722,69,0,1
13.929989804632008,0.634234385994919,1,54210.42555107522,8.815387493197868,87.92030841550722,69,0,1
13.929989804632008,0.634234385994919,1,54210.42555107522,8.815387493197868,87.92030841550722,69,0,1
13.929989804632008,0.634234385994919,1,54210.42555107522,8.815387493197868,87.92030841550722,69,0,1
13.929989804632008,0.634234385994919,1,54210.42555107522,8.815387493197868,87.92030841550722,69,0,1
13.929989804632008,0.634234385994919,1,54210.42555107522,8.815387493197868,87.92030841550722,69,0,2
22.37798222197858,2.162462408013124,1,39958.80258863252,1.8615549875411996,107.26672310737057,71,2,1
22.37798222197858,2.162462408013124,1,39958.80258863252,1.8615549875411996,77.71352672568722,71,2,1
22.37798222197858,2.162462408013124,1,39958.80258863252,1.8615549875411996,3.732438367914237,71,2,1
22.37798222197858,2.162462408013124,1,39958.80258863252,1.8615549875411996,22.277521663452575,71,2,1
22.37798222197858,2.162462408013124,1,39958.80258863252,1.8615549875411996,66.74196018084578,71,2,1
22.37798222197858,2.162462408013124,1,39958.80258863252,1.8615549875411996,51.59100728559692,71,2,1
22.37798222197858,2.162462408013124,1,39958.80258863252,1.8615549875411996,115.79555046113154,71,2,1
22.37798222197858,2.162462408013124,1,39958.80258863252,1.8615549875411996,55.40934295535821,71,2,1
22.37798222197858,2.162462408013124,1,39958.80258863252,1.8615549875411996,114.114798186409,71,2,1
22.37798222197858,2.162462408013124,1,39958.80258863252,1.8615549875411996,22.42534312280521,71,2,1
22.37798222197858,2.162462408013124,1,39958.80258863252,1.8615549875411996,102.21125411311452,71,2,1
22.37798222197858,2.162462408013124,1,39958.80258863252,1.8615549875411996,77.25862308692388,71,2,1
22.37798222197858,2.162462408013124,1,39958.80258863252,1.8615549875411996,103.38278562466233,71,2,1
22.37798222197858,2.162462408013124,1,39958.80258863252,1.8615549875411996,84.76822086278636,71,2,1
22.37798222197858,2.162462408013124,1,39958.80258863252,1.8615549875411996,74.80790030395212,71,2,1
22.37798222197858,2.162462408013124,1,39958.80258863252,1.8615549875411996,21.909359501485667,71,2,1
22.37798222197858,2.162462408013124,1,39958.80258863252,1.8615549875411996,10.875784794226838,71,2,1
22.37798222197858,2.162462408013124,1,39958.80258863252,1.8615549875411996,7.476889048313664,71,2,1
22.37798222197858,2.162462408013124,1,39958.80258863252,1.8615549875411996,17.67830433537229,71,2,1
22.37798222197858,2.162462408013124,1,39958.80258863252,1.8615549875411996,27.49658968541649,71,2,1
22.37798222197858,2.162462408013124,1,39958.80258863252,1.8615549875411996,28.7517010797583,71,2,1
22.37798222197858,2.162462408013124,1,39958.80258863252,1.8615549875411996,25.857875350375153,71,2,1
22.37798222197858,2.162462408013124,1,39958.80258863252,1.8615549875411996,53.739400587441516,71,2,1
22.37798222197858,2.162462408013124,1,39958.80258863252,1.8615549875411996,77.97494599396666,71,2,1
22.37798222197858,2.162462408013124,1,39958.80258863252,1.8615549875411996,104.11946706288491,71,2,1
22.37798222197858,2.162462408013124,1,39958.80258863252,1.8615549875411996,108.3834274300476,71,2,1
22.37798222197858,2.162462408013124,1,39958.80258863252,1.8615549875411996,21.39141255634804,71,2,1
22.37798222197858,2.162462408013124,1,39958.80258863252,1.8615549875411996,115.57920629111548,71,2,1
22.37798222197858,2.162462408013124,1,39958.80258863252,1.8615549875411996,77.63310728311856,71,2,1
22.37798222197858,2.162462408013124,1,39958.80258863252,1.8615549875411996,36.85529067510481,71,2,1
31.951918126723825,4.383176362611692,1,107873.68037391675,7.67741956793369,73.0056321300053,28,0,1
31.951918126723825,4.383176362611692,1,107873.68037391675,2.582885523916122,73.0056321300053,28,0,1
31.951918126723825,4.383176362611692,1,107873.68037391675,6.7424372187270984,73.0056321300053,28,0,1
31.951918126723825,4.383176362611692,1,107873.68037391675,2.9511395318407194,73.0056321300053,28,0,1
31.951918126723825,4.383176362611692,1,107873.68037391675,5.50736458975634,73.0056321300053,28,0,1
31.951918126723825,4.383176362611692,1,107873.68037391675,0.8775435263823261,73.0056321300053,28,0,1
31.951918126723825,4.383176362611692,1,107873.68037391675,9.08836289838496,73.0056321300053,28,0,1
31.951918126723825,4.383176362611692,1,107873.68037391675,0.8292651394213979,73.0056321300053,28,0,1
31.951918126723825,4.383176362611692,1,107873.68037391675,7.550706722447459,73.0056321300053,28,0,1
31.951918126723825,4.383176362611692,1,107873.68037391675,2.5842269755554836,73.0056321300053,28,0,1
31.951918126723825,4.383176362611692,1,107873.68037391675,2.2686577960078367,73.0056321300053,28,0,1
31.951918126723825,4.383176362611692,1,107873.68037391675,9.738231124960116,73.0056321300053,28,0,1
31.951918126723825,4.383176362611692,1,107873.68037391675,1.6248119714228004,73.0056321300053,28,0,1
31.951918126723825,4.383176362611692,1,107873.68037391675,7.818647922346004,73.0056321300053,28,0,1
31.951918126723825,4.383176362611692,1,107873.68037391675,5.402442204665214,73.0056321300053,28,0,1
31.951918126723825,4.383176362611692,1,107873.68037391675,2.989622714939877,73.0056321300053,28,0,1
31.951918126723825,4.383176362611692,1,107873.68037391675,1.40384303468987,73.0056321300053,28,0,1
31.951918126723825,4.383176362611692,1,107873.68037391675,9.462407334812132,73.0056321300053,28,0,1
31.951918126723825,4.383176362611692,1,107873.68037391675,5.872544482182748,73.0056321300053,28,0,1
31.951918126723825,4.383176362611692,1,107873.68037391675,8.803969644099826,73.0056321300053,28,0,1
31.951918126723825,4.383176362611692,1,107873.68037391675,4.598481206522376,73.0056321300053,28,0,1
31.951918126723825,4.383176362611692,1,107873.68037391675,2.958112968254487,73.0056321300053,28,0,1
31.951918126723825,4.383176362611692,1,107873.68037391675,7.02233840948613,73.0056321300053,28,0,1
31.951918126723825,4.383176362611692,1,107873.68037391675,7.146957593520607,73.0056321300053,28,0,1
31.951918126723825,4.383176362611692,1,107873.68037391675,4.032530455530926,73.0056321300053,28,0,1
31.951918126723825,4.383176362611692,1,107873.68037391675,4.7559939212148645,73.0056321300053,28,0,1
31.951918126723825,4.383176362611692,1,107873.68037391675,4.841309310033286,73.0056321300053,28,0,1
31.951918126723825,4.383176362611692,1,107873.68037391675,9.465527938455343,73.0056321300053,28,0,1
31.951918126723825,4.383176362611692,1,107873.68037391675,1.0505525841544716,73.0056321300053,28,0,1
31.951918126723825,4.383176362611692,1,107873.68037391675,6.344533532803265,73.0056321300053,28,0,1
13.83181383437169,3.482368086062255,0,105.16098614759471,4.903455178648707,4.134963990873897,75,2,2
13.83181383437169,3.482368086062255,0,105.16098614759471,4.903455178648707,4.134963990873897,75,2,2
13.83181383437169,3.482368086062255,0,105.16098614759471,4.903455178648707,4.134963990873897,75,2,2
13.83181383437169,3.482368086062255,1,105.16098614759471,4.903455178648707,4.134963990873897,75,2,2
13.83181383437169,3.482368086062255,0,105.16098614759471,4.903455178648707,4.134963990873897,75,2,2
13.83181383437169,3.482368086062255,0,105.16098614759471,4.903455178648707,4.134963990873897,75,2,2
13.83181383437169,3.482368086062255,1,105.16098614759471,4.903455178648707,4.134963990873897,75,2,2
13.83181383437169,3.482368086062255,1,105.16098614759471,4.903455178648707,4.134963990873897,75,2,2
13.83181383437169,3.482368086062255,0,105.16098614759471,4.903455178648707,4.134963990873897,75,2,2
13.83181383437169,3.482368086062255,1,105.16098614759471,4.903455178648707,4.134963990873897,75,2,2
13.83181383437169,3.482368086062255,0,105.16098614759471,4.903455178648707,4.134963990873897,75,2,2
13.83181383437169,3.482368086062255,1,105.16098614759471,4.903455178648707,4.134963990873897,75,2,2
13.83181383437169,3.482368086062255,0,105.16098614759471,4.903455178648707,4.134963990873897,75,2,2
13.83181383437169,3.482368086062255,1,105.16098614759471,4.903455178648707,4.134963990873897,75,2,2
13.83181383437169,3.482368086062255,0,105.16098614759471,4.903455178648707,4.134963990873897,75,2,2
13.83181383437169,3.482368086062255,0,105.16098614759471,4.903455178648707,4.134963990873897,75,2,2
13.83181383437169,3.482368086062255,0,105.16098614759471,4.903455178648707,4.134963990873897,75,2,2
13.83181383437169,3.482368086062255,0,105.16098614759471,4.903455178648707,4.134963990873897,75,2,2
13.83181383437169,3.482368086062255,1,105.16098614759471,4.903455178648707,4.134963990873897,75,2,2
13.83181383437169,3.482368086062255,0,105.16098614759471,4.903455178648707,4.134963990873897,75,2,2
13.83181383437169,3.482368086062255,1,105.16098614759471,4.903455178648707,4.134963990873897,75,2,2
13.83181383437169,3.482368086062255,1,105.16098614759471,4.903455178648707,4.134963990873897,75,2,2
13.83181383437169,3.482368086062255,1,105.16098614759471,4.903455178648707,4.134963990873897,75,2,2
13.83181383437169,3.482368086062255,1,105.16098614759471,4.903455178648707,4.134963990873897,75,2,2
13.83181383437169,3.482368086062255,1,105.16098614759471,4.903455178648707,4.134963990873897,75,2,2
13.83181383437169,3.482368086062255,0,105.16098614759471,4.903455178648707,4.134963990873897,75,2,2
13.83181383437169,3.482368086062255,1,105.16098614759471,4.903455178648707,4.134963990873897,75,2,2
13.83181383437169,3.482368086062255,0,105.16098614759471,4.903455178648707,4.134963990873897,75,2,2
13.83181383437169,3.482368086062255,0,105.16098614759471,4.903455178648707,4.134963990873897,75,2,2
13.83181383437169,3.482368086062255,0,105.16098614759471,4.903455178648707,4.134963990873897,75,2,2
35.348740671435756,4.0373756417723445,0,32310.88381395729,7.67741956793369,107.26672310737057,90,2,2
37.89692623976107,4.0665266789484145,0,97583.67312388215,2.582885523916122,77.71352672568722,28,1,0
13.814761926325772,0.024858062297089534,0,42947.053147604136,6.7424372187270984,3.732438367914237,26,2,2
49.36478720369748,1.6502767204874873,1,39796.31579872721,2.9511395318407194,22.277521663452575,46,1,1
21.59687584167529,0.4454342830548125,0,110359.41236453873,5.50736458975634,66.74196018084578,90,2,2
27.85553304731326,2.3397345389472184,0,104413.99935935492,0.8775435263823261,51.59100728559692,12,1,0
22.156326312349073,3.088447299400248,1,64864.48323818945,9.08836289838496,115.79555046113154,25,2,1
11.595958452847173,2.755240314763778,1,99052.11530512467,0.8292651394213979,55.40934295535821,52,2,2
19.781327901380514,0.6703093623911949,0,104040.86595318322,7.550706722447459,114.114798186409,24,1,2
23.08005241655531,3.5122141829254776,1,92342.13812160023,2.5842269755554836,22.42534312280521,41,1,1
33.00683005644271,3.064847029921241,0,70318.97391840415,2.2686577960078367,102.21125411311452,34,0,0
12.782590473467486,2.337126788228141,1,88566.18153836479,9.738231124960116,77.25862308692388,7,0,0
47.231722388333026,1.4856357017196316,0,6654.0699612617655,1.6248119714228004,103.38278562466233,3,2,2
17.95292557469869,4.591969420087646,1,39294.08446017599,7.818647922346004,84.76822086278636,9,1,2
31.176240244523154,0.4171984900448994,0,62595.62208112535,5.402442204665214,74.80790030395212,66,2,2
24.249901123694116,0.7238163685670801,0,14863.878090720893,2.989622714939877,21.909359501485667,99,2,0
24.375362248948647,1.8928537638843896,0,24941.29242281197,1.40384303468987,10.875784794226838,93,0,0
46.445711883782195,1.2961192222245121,0,21685.746509024593,9.462407334812132,7.476889048313664,70,1,1
45.56942971988879,3.0810481546228456,1,28827.20992197299,5.872544482182748,17.67830433537229,93,1,0
34.41611326289761,3.472771942420591,0,44582.32031002464,8.803969644099826,27.49658968541649,45,2,2
21.190051851029605,3.5194715264989918,1,34787.02485196177,4.598481206522376,28.7517010797583,55,0,0
16.19190702898389,3.8694303164509725,1,111094.57071802569,2.958112968254487,25.857875350375153,64,1,0
28.61386955134015,0.8761814786280014,1,3008.386663215623,7.02233840948613,53.739400587441516,40,0,0
16.788372587836026,3.7315696757418717,1,67876.19907338815,7.146957593520607,77.97494599396666,27,0,0
29.88184714245272,1.2302444484009074,1,75906.78860332702,4.032530455530926,104.11946706288491,70,0,1
12.824879331003004,2.68001221779951,0,82829.39884273986,4.7559939212148645,108.3834274300476,30,1,1
10.671328338117334,1.1058228701599482,1,38112.724316003834,4.841309310033286,21.39141255634804,56,1,1
31.26037378095036,4.060873153083006,0,118419.47254958977,9.465527938455343,115.57920629111548,7,1,1
25.69779785020009,0.5394723631156584,0,72198.82647356714,1.0505525841544716,77.63310728311856,21,2,1
49.85525207949216,2.1541891979283676,0,84417.92055879648,6.344533532803265,36.85529067510481,5,2,2
47.231722388333026,1.4856357017196316,1,6654.0699612617655,1.6039804839455445,101.26163117776295,3,2,2
11.595958452847173,0.8172981550639119,1,99052.11530512467,0.4889780582932346,55.40934295535821,52,2,2
16.127573128112097,0.911170301747416,1,2544.0519350064133,7.02233840948613,53.739400587441516,53,0,0
49.36478720369748,1.634616588379802,1,40345.30645291552,2.8512501848432255,26.353823519406305,46,2,1
12.782590473467486,2.337126788228141,1,54524.68773182346,5.159584618831741,77.25862308692388,9,0,2
13.814761926325772,0.024858062297089534,0,44661.88141587846,6.7424372187270984,27.44105796809896,26,2,2
24.249901123694116,0.7942602942934831,0,6592.181264282792,2.989622714939877,21.881017657382937,99,2,0
21.59687584167529,3.813995307519586,0,110359.41236453873,5.50736458975634,66.74196018084578,6,2,2
33.00683005644271,3.064847029921241,0,70318.97391840415,2.2686577960078367,102.21125411311452,33,0,2
27.85553304731326,2.3397345389472184,0,105126.6995959,0.8775435263823261,50.699931400898116,12,2,0
29.88184714245272,0.7786650800548929,1,75906.78860332702,3.9917319780767935,104.11946706288491,62,0,1
24.375362248948647,1.8928537638843896,0,24941.29242281197,1.1442132418675666,10.875784794226838,8,0,2
37.28743643569678,4.606581033190792,0,98450.68497725824,2.599373357310468,88.59349601991403,23,1,0
48.10128084726175,1.1058228701599482,1,36823.40109395441,3.7797391016025332,19.19740095178513,56,1,1
12.824879331003004,2.68001221779951,0,79042.12635144344,4.7559939212148645,108.3834274300476,30,2,1
23.08005241655531,3.5122141829254776,0,92342.13812160023,2.6050584630351885,24.696443498142834,41,1,1
19.781327901380514,2.6082614467344825,0,104040.86595318322,7.921691842399547,114.114798186409,24,1,2
29.274678901019286,2.757388167482109,1,68834.5967071277,7.146957593520607,77.97494599396666,26,0,0
49.904944103576334,2.1698493300360533,0,83868.92979646803,6.444422899775447,43.46394973632312,5,1,2
30.229987553670345,0.4171984900448994,0,88144.9449832296,9.8939890108715,74.80790030395212,64,2,0
34.41611326289761,3.472771942420591,0,42867.49204175031,8.803969644099826,3.792656271086482,45,2,2
45.56942971988879,2.8826115880108043,1,28858.686517118836,5.872544482182748,17.70664617947502,93,1,0
31.26037378095036,0.6936994495465527,0,118419.47254958977,9.465527938455343,115.57920629111548,91,1,1
35.348740671435756,4.0373756417723445,0,32310.88381395729,9.13400120390591,118.16382414423649,91,2,0
25.90087649298358,0.5394723631156584,0,71486.09501099939,1.0505525841544716,77.63310728311856,21,1,1
19.86480394597244,3.5194715264989918,1,34787.02485196177,4.598481206522376,28.7517010797583,55,0,0
17.95292557469869,4.591969420087646,1,39294.08446017599,7.818647922346004,84.76822086278636,93,1,0
16.8016284657699,3.8694303164509725,1,110227.55860025062,2.9416251348601414,23.539586207488416,64,1,0
10.258258812658017,1.4795973319035967,0,22975.06973130651,9.988663688286621,7.476889048313664,70,1,1
22.156326312349073,3.088447299400248,1,64864.48323818945,9.08836289838496,115.79555046113154,25,1,1
47.231722388333026,3.420534719500334,0,7722.13355835087,1.6248119714228004,106.25460014062116,3,2,2
31.338315069757662,3.63100452532558,1,37959.75270495005,2.214167624533072,28.7517010797583,55,0,0
24.367420194597077,3.4675598084430033,0,34762.40663890998,1.1442132418675666,28.928455741865008,5,0,2
48.10128084726175,2.150195508748509,1,31927.995481028345,3.7797391016025332,19.19740095178513,54,1,1
21.496048552256966,2.328270510498675,1,64864.48323818945,9.08836289838496,119.98703423890905,24,0,0
12.824879331003004,2.68001221779951,0,82210.42961066023,4.7559939212148645,108.3834274300476,22,1,1
17.952424244887002,1.119044092548801,1,5072.658585450159,6.997727598420498,53.739400587441516,54,0,0
10.671328338117334,1.1058228701599482,1,42482.726603091185,5.496003978940738,21.39141255634804,92,1,1
37.85385979631589,0.7040268980310894,0,118419.47254958977,9.236412744977738,115.75180039042893,23,1,1
11.595958452847173,2.738613472661233,1,101733.46450078633,1.0665323136700975,55.40934295535821,25,2,2
13.7270267324315,0.8172981550639119,1,92565.68954241635,0.5199312272020735,55.40934295535821,52,2,2
14.063820955114972,2.337126788228141,1,2395.133417657951,5.168887955921051,77.25862308692388,19,0,2
46.96916386520805,1.4856357017196316,1,4070.6827740199587,0.9052070086815414,104.03878171581907,3,2,2
23.08005241655531,1.5773151653550266,0,92342.13812160023,2.6050584630351885,21.80298658059437,70,1,1
18.65131545218747,2.9533140310945294,0,61483.643017415896,4.652971381703061,102.21125411311452,34,0,0
21.19799390538118,1.944765480561401,1,20792.147648566035,4.598481206522376,5.593741471174584,46,0,0
45.72102497463251,1.1254766916934449,0,87778.85076413892,6.444422899775447,43.46394973632312,5,1,2
18.774732271045753,3.7315696757418717,1,67876.19907338815,7.146957593520607,77.97494599396666,27,0,0
13.4429409016704,3.0973035771297077,1,88566.18153836479,9.738231124960116,65.03442640448364,8,1,1
49.36478720369748,1.6502767204874873,1,40415.28499612071,2.9511395318407194,8.159336960614972,46,1,1
16.128074457923784,4.382086181906998,1,36831.91489161454,7.843258733411631,84.76822086278636,8,1,2
21.59687584167529,0.36216194261077916,0,105966.76329753031,4.8526699208488875,66.74196018084578,54,2,2
30.693950420320004,4.606581033190792,0,98450.68497725824,2.599373357310468,88.41418732081124,91,1,0
22.156326312349073,3.2603812243233374,1,63529.07720552785,8.852640590992735,115.79555046113154,52,2,1
22.284520224833848,0.024858062297089534,0,42947.053147604136,6.685583919920145,3.732438367914237,26,2,2
27.33431543947482,0.8761814786280014,1,55473.441059699646,7.0130350723937145,53.739400587441516,40,0,0
28.112785419702192,2.435472733334131,0,108538.58022349898,1.576317001676828,52.936183117102075,12,2,0
22.156326312349073,3.088447299400248,1,64864.48323818945,9.08836289838496,113.52042578380394,25,2,1
14.51933386500671,4.606581033190792,0,43802.111960711925,6.217526918316369,88.59349601991403,23,1,2
11.595958452847173,2.340182005976334,1,99052.11530512467,0.8292651394213979,55.40934295535821,47,2,2
27.85553304731326,2.3215844300094055,0,30032.320108604967,0.8775435263823261,50.699931400898116,17,2,0
14.852548203248743,3.7315696757418717,1,67876.19907338815,7.817485621156642,77.97494599396666,27,1,0
10.437629717281855,2.442761952408033,0,5592.163424081224,1.770970806265207,77.25862308692388,1,2,2
16.788372587836026,3.0844488912827748,1,67904.94061950216,9.002431368214335,77.97494599396666,23,0,0
34.67796437129513,2.6785586464842153,0,83207.53659683283,4.748120840806188,108.3834274300476,26,0,1
21.07016666592834,4.606581033190792,0,43802.111960711925,4.855602596981122,88.59349601991403,23,1,2
11.668569339140562,2.738613472661233,1,102406.29039401277,7.801395655261758,81.78506789489381,8,1,2
47.231722388333026,3.0578253048269897,1,3817.295339199553,2.10360091108352,116.37227027668595,3,2,2
21.496048552256966,2.328270510498675,1,36545.080684806155,9.08836289838496,119.51765344862186,24,0,0
28.61386955134015,4.528341071306638,1,3008.386663215623,6.990712212539319,53.739400587441516,40,0,0
13.7270267324315,0.8172981550639119,1,89747.69884291194,0.18773083174591432,55.40934295535821,51,1,2
12.777069834995324,1.0976519316433024,1,37957.092487980444,4.795701139318016,18.72989372555913,56,0,1
11.29427859042497,2.586766622357656,1,99052.11530512467,0.4889780582932346,77.53396644063089,52,2,2
10.368253753146801,2.755240314763778,1,97924.25692917421,0.8292651394213979,55.40934295535821,58,0,2
31.338315069757662,3.63100452532558,1,4950.457756497306,2.214167624533072,100.16488755525056,38,2,0
24.375362248948647,1.9110038728222032,0,100029.11986144615,1.1442132418675666,10.875784794226838,8,0,2
18.780794045984422,4.459969605337781,1,32156.118549518178,7.818647922346004,92.59437166134755,9,0,2
49.78070726816509,3.3148995553160154,1,56716.21804537994,5.0134272777857465,103.04891092215941,9,0,2
22.156326312349073,3.735568083859231,1,64835.74169207545,7.232888432027384,115.79555046113154,25,1,1
11.881177886783778,2.758841738797403,1,68456.45895303461,7.15483067377612,77.97494599396666,30,1,0
14.006114296110372,2.587606054445991,1,20792.147648566035,6.296620190166948,5.593741471174584,46,0,0
16.055477102022856,4.382086181906998,1,36157.64621272322,1.1096716011437202,61.53460518916849,25,2,2
22.909459523482035,1.5162576974565403,1,64864.48323818945,9.08836289838496,100.68395587552666,25,2,1
24.367420194597077,3.4675598084430033,0,63081.80919431158,1.1442132418675666,26.320277457532875,5,0,2
37.28743643569678,0.9518937845680853,0,98450.68497725824,2.599373357310468,88.59349601991403,23,1,0
13.4429409016704,3.0973035771297077,1,81315.79986996007,8.645801427516027,63.962178042123796,9,2,1
10.71282399678703,2.345297728796342,1,88721.81147204574,9.760004840088111,79.92095066026536,7,1,0
12.863456512968634,0.45883441688480997,1,2395.133417657951,5.168887955921051,55.13399960164539,19,0,2
16.127573128112097,0.911170301747416,1,2544.0519350064133,7.02233840948613,53.739400587441516,53,2,0
46.96916386520805,1.4856357017196316,1,37096.63932597717,0.9052070086815414,32.62202088991921,5,0,2
10.71282399678703,2.345297728796342,1,88779.75291779185,9.760004840088111,77.99357179704188,7,1,0
17.95292557469869,1.4530883640506185,1,39936.36176978102,7.818647922346004,84.76822086278636,9,1,2
24.022108456488176,2.6547884082272217,0,36086.25561819224,7.050448917645488,28.928455741865008,5,0,2
15.895027747244889,3.0973035771297077,1,81315.79986996007,1.8766040137511186,78.46435719679239,9,0,2
13.7270267324315,0.8769998739129209,1,106830.56145017092,0.5199312272020735,55.40934295535821,25,2,2
12.782590473467486,4.462953571993406,1,32310.580729155045,7.221363537902288,77.25862308692388,9,0,2
13.473033336016773,2.587606054445991,1,3816.909845922073,2.1582758231930503,5.593741471174584,3,0,2
16.250637446903504,3.7355470355228735,1,68196.81740919949,7.146957593520607,84.68568835593732,27,0,0
12.782590473467486,2.337126788228141,1,83604.39418275403,9.738231124960116,77.25862308692388,27,2,0
21.496048552256966,2.328270510498675,1,64864.48323818945,9.08836289838496,119.98703423890905,26,0,0
49.84188866721567,3.3148995553160154,1,66812.42663072316,7.01411242959638,103.28538737606941,41,0,2
16.127573128112097,0.911170301747416,1,250.77241216390894,1.0965024676999306,53.1020335904972,67,2,0
13.357218600939186,0.4107560311323203,1,64892.662224329244,9.002431368214335,55.161808138334266,23,0,0
44.12593133014887,2.7850653319370977,1,107930.31497418537,1.0665323136700975,55.34635849318659,25,2,2
13.931843128370268,3.050435865088825,1,1502.5102145617793,9.331067560682879,115.79555046113154,25,1,2
30.308627165785246,2.712434720261663,1,68776.65526133249,7.10802961498365,79.90232485719014,26,0,0
47.231722388333026,4.6224222836284135,1,12056.31630938074,1.6039804839455445,101.26163117776295,3,2,2
12.22922429029441,3.596491749250013,1,67132.6099818276,1.2491131357104561,77.97494599396666,17,1,0
46.96916386520805,1.4856357017196316,1,37096.63932597717,8.857196877146501,32.62202088991921,5,2,1
21.496048552256966,2.328270510498675,1,34012.17701581094,9.08836289838496,119.91932923679842,51,0,0
18.780794045984422,2.3340924030252364,1,54370.22555232188,5.153292317688674,92.59437166134755,9,0,2
48.28876208793865,3.0494198256660816,1,20793.26950342372,6.241946220291826,116.37227027668595,46,2,0
18.652169282066072,4.3781088217242665,1,36511.296558920556,7.843258733411631,78.0574785008157,8,1,2
22.156326312349073,3.088447299400248,1,64864.48323818945,9.020937641173566,115.79555046113154,5,0,1
16.127573128112097,0.911170301747416,1,2544.0519350064133,7.084004874215021,53.739400587441516,51,0,0
28.61386955134015,4.820940585037122,1,3008.386663215623,4.990027060716905,53.50268493020464,7,0,0
24.375362248948647,1.8928537638843896,0,24941.29242281197,7.112239337828834,11.514065920710628,8,0,2
16.498459490966745,3.197974919615543,1,2395.133417657951,5.168887955921051,77.94713745727127,19,0,2
14.525667762257326,1.4391838428398103,1,3896.8869271094372,0.9240579921132943,104.10150901279628,3,2,2
22.28830864689354,2.337126788228141,1,66084.0666560468,5.168887955921051,77.25862308692388,19,0,1
35.348740671435756,4.0373756417723445,0,32310.88381395729,7.67741956793369,107.26672310737057,90,2,2
37.89692623976107,4.0665266789484145,0,97583.67312388215,2.582885523916122,77.71352672568722,28,1,0
13.814761926325772,0.024858062297089534,0,42947.053147604136,6.7424372187270984,3.732438367914237,26,2,2
49.36478720369748,1.6502767204874873,1,39796.31579872721,2.9511395318407194,22.277521663452575,46,1,1
21.59687584167529,0.4454342830548125,0,110359.41236453873,5.50736458975634,66.74196018084578,90,2,2
27.85553304731326,2.3397345389472184,0,104413.99935935492,0.8775435263823261,51.59100728559692,12,1,0
22.156326312349073,3.088447299400248,1,64864.48323818945,9.08836289838496,115.79555046113154,25,2,1
11.595958452847173,2.755240314763778,1,99052.11530512467,0.8292651394213979,55.40934295535821,52,2,2
19.781327901380514,0.6703093623911949,0,104040.86595318322,7.550706722447459,114.114798186409,24,1,2
23.08005241655531,3.5122141829254776,1,92342.13812160023,2.5842269755554836,22.42534312280521,41,1,1
33.00683005644271,3.064847029921241,0,70318.97391840415,2.2686577960078367,102.21125411311452,34,0,0
12.782590473467486,2.337126788228141,1,88566.18153836479,9.738231124960116,77.25862308692388,7,0,0
47.231722388333026,1.4856357017196316,0,6654.0699612617655,1.6248119714228004,103.38278562466233,3,2,2
17.95292557469869,4.591969420087646,1,39294.08446017599,7.818647922346004,84.76822086278636,9,1,2
31.176240244523154,0.4171984900448994,0,62595.62208112535,5.402442204665214,74.80790030395212,66,2,2
24.249901123694116,0.7238163685670801,0,14863.878090720893,2.989622714939877,21.909359501485667,99,2,0
24.375362248948647,1.8928537638843896,0,24941.29242281197,1.40384303468987,10.875784794226838,93,0,0
46.445711883782195,1.2961192222245121,0,21685.746509024593,9.462407334812132,7.476889048313664,70,1,1
45.56942971988879,3.0810481546228456,1,28827.20992197299,5.872544482182748,17.67830433537229,93,1,0
34.41611326289761,3.472771942420591,0,44582.32031002464,8.803969644099826,27.49658968541649,45,2,2
21.190051851029605,3.5194715264989918,1,34787.02485196177,4.598481206522376,28.7517010797583,55,0,0
16.19190702898389,3.8694303164509725,1,111094.57071802569,2.958112968254487,25.857875350375153,64,1,0
28.61386955134015,0.8761814786280014,1,3008.386663215623,7.02233840948613,53.739400587441516,40,0,0
16.788372587836026,3.7315696757418717,1,67876.19907338815,7.146957593520607,77.97494599396666,27,0,0
29.88184714245272,1.2302444484009074,1,75906.78860332702,4.032530455530926,104.11946706288491,70,0,1
12.824879331003004,2.68001221779951,0,82829.39884273986,4.7559939212148645,108.3834274300476,30,1,1
10.671328338117334,1.1058228701599482,1,38112.724316003834,4.841309310033286,21.39141255634804,56,1,1
31.26037378095036,4.060873153083006,0,118419.47254958977,9.465527938455343,115.57920629111548,7,1,1
25.69779785020009,0.5394723631156584,0,72198.82647356714,1.0505525841544716,77.63310728311856,21,2,1
49.85525207949216,2.1541891979283676,0,84417.92055879648,6.344533532803265,36.85529067510481,5,2,2
47.231722388333026,1.4856357017196316,0,6654.0699612617655,1.6248119714228004,103.38278562466233,3,1,2
16.87534892195885,3.7315696757418717,1,87107.62474882482,7.178691375335466,77.21906725312402,27,0,0
23.08005241655531,3.5122141829254776,1,91294.25126931121,2.578702947155041,22.42534312280521,41,1,1
17.757233915931046,4.591969420087646,0,39294.08446017599,2.9813016909205103,84.76822086278636,94,1,2
13.343918968840669,1.2302444484009074,1,75906.78860332702,4.0764845254766,101.67753883552568,70,0,1
46.445711883782195,1.1742011912524044,0,20571.753296079063,8.805508271556928,7.476889048313664,45,2,1
21.59687584167529,3.9300033076531244,0,110494.55618140138,5.50736458975634,65.08216122939277,90,2,2
49.92441444755659,2.1541891979283676,0,84549.36542003542,5.91873569412088,24.142381169882576,23,2,2
39.08262443394538,4.0665266789484145,0,97583.67312388215,2.5752212493562023,77.71352672568722,28,1,0
25.69779785020009,0.5394723631156584,0,72198.82647356714,1.3902444054839502,77.63310728311856,21,2,1
28.344572532416713,3.3585892771465327,0,62776.515584394045,5.362172470389346,26.571184396719893,64,2,2
14.683176265798124,2.579185789904015,1,99052.11530512467,1.1208346750676434,55.40934295535821,44,2,2
22.778413038161908,1.1058228701599482,1,40212.42058496145,4.841309310033286,119.97419893322183,25,2,1
27.85553304731326,2.3397345389472184,0,104413.99935935492,0.8775435263823261,40.66544639376086,12,2,0
33.00683005644271,3.064847029921241,0,70318.97391840415,2.2280498285822645,102.21125411311452,34,0,0
12.695614310051184,2.337126788228141,1,69334.75586287267,9.70439218370346,78.01450182776651,7,0,0
20.75300984373348,3.732052375110328,1,112142.3837027552,2.96363699665493,25.857875350375153,59,1,0
24.445592783239704,0.7238163685670801,1,23426.616035913765,7.572742378170261,21.909359501485667,13,2,0
30.354804600795333,0.024858062297089534,0,39160.26886204771,6.698483148665962,3.732438367914237,26,2,2
34.41611326289761,3.594691003116053,0,45696.313652357065,9.460868705435209,27.49658968541649,70,1,2
35.400002800515594,0.554285571830369,0,32135.035690465615,7.67741956793369,107.26672310737057,90,2,2
19.781327901380514,0.6703093623911949,0,103909.42103299487,7.550706722447459,108.72995714917738,6,1,2
23.189663660945527,1.8928537638843896,0,24941.29242281197,0.7933398741465687,10.875784794226838,93,0,0
28.61386955134015,0.10682597504659996,1,5457.060512429209,7.02233840948613,53.739400587441516,40,0,0
21.190051851029605,0.5790458825266895,1,41212.58752498341,4.638750940798243,76.98843066509798,67,0,0
10.173082365660953,3.088447299400248,1,62764.78696938379,9.08836289838496,2.7667859911218784,56,1,1
18.79271049255859,1.6502767204874873,1,39796.31579872721,2.9511395318407194,22.277521663452575,46,1,1
28.550714566097028,1.2961192222245121,0,26224.198711672027,9.655827846461504,52.934938387198756,70,1,1
48.24214996416973,4.525615437638208,1,48087.16914628155,7.818647922346004,86.82300223972037,9,1,2
45.74901729932495,2.3397345389472184,0,99870.00327036637,0.6330911824938994,6.161113120073452,12,1,0
33.00683005644271,3.064847029921241,0,70318.97391840415,2.270830554678066,102.21125411311452,27,0,0
11.595958452847173,2.755240314763778,1,113052.70952552132,9.784096636385213,77.09327896464396,53,2,2
49.76389701572064,2.1735730910195064,1,40212.42058496145,6.388800025183238,119.97419893322183,5,2,2
49.18410511825448,4.3184351280292566,1,23518.354830309174,4.851649368660402,87.4579220873978,56,1,1
30.354804600795333,0.024858062297089534,0,5650.118983011762,6.672753210473736,16.248431996583864,27,0,2
19.832298834814537,3.088447299400248,1,64864.48323818945,9.08836289838496,115.79555046113154,10,2,1
21.59687584167529,0.4454342830548125,0,110359.41236453873,5.50736458975634,66.74196018084578,5,2,2
14.683176265798124,3.647249894167685,1,96445.23834884142,4.440989270051795,27.5512454074237,40,2,2
47.231722388333026,1.4856357017196316,0,90221.81776056795,1.6248119714228004,84.24999908948506,3,1,2
18.79271049255859,1.6502767204874873,1,39796.31579872721,2.9511395318407194,20.122558787654597,68,1,0
47.04368766995164,1.598636244380152,0,5223.528084077327,1.6248119714228004,95.91198622316394,3,2,2
16.764421370749574,1.051943272692272,1,77747.77043298337,7.146957593520607,65.0490934523666,24,0,0
15.212983088841044,3.9300033076531244,0,110494.55618140138,5.50736458975634,65.08216122939277,90,2,1
23.262330133842624,3.5122141829254776,1,92342.13812160023,7.056274781118095,53.52707838949348,40,1,1
12.695614310051184,2.303025152143523,1,39109.49177126019,7.619436465000481,77.95068459214845,7,0,0
33.00683005644271,3.064847029921241,0,70318.97391840415,2.2258770699120354,102.21125411311452,34,0,0
12.782590473467486,2.337126788228141,1,88852.85071248047,0.6880689485045108,55.57468707763532,5,0,0
22.081992549571773,1.0864389776411867,0,84417.92055879648,4.797042817653262,39.41805592843558,25,2,1
10.326140958231942,1.3120803706176623,1,48087.16914628155,7.818647922346004,20.75704040307493,9,1,2
28.61386955134015,0.07776087247376273,1,28413.37166083012,7.048068347678356,51.99410473078312,39,2,0
27.026355978393482,0.6703093623911949,0,103909.42103299487,7.550706722447459,109.35627685308289,25,1,2
24.445592783239704,0.7238163685670801,1,18025.182439628206,7.572742378170261,21.909359501485667,97,2,0
21.190051851029605,2.3335965589076464,1,35399.09775974377,1.4258574294523594,56.609798660075306,55,0,0
37.89692623976107,4.0665266789484145,0,14153.260852593463,2.582885523916122,103.59503309637105,28,1,0
21.034528491995076,0.5790458825266895,1,41212.58752498341,4.638750940798243,76.98843066509798,45,0,1
16.87534892195885,3.6185690005432893,1,95083.5257111775,7.178691375335466,77.45716489181764,27,0,0
29.05913986159709,3.7084444706912123,1,75750.70024367012,4.032530455530926,104.11946706288491,73,0,1
20.80193313757319,2.68001221779951,0,82829.39884273986,4.7559939212148645,108.3834274300476,30,1,2
28.4315918340529,1.1860376173138203,1,3008.386663215623,2.550290940439797,21.170254764588453,41,0,0
17.95292557469869,4.6254977938838255,1,69519.34855255588,9.802155009270255,86.58927293154508,6,1,2
20.889614628987864,0.6777089501352065,0,40089.447966590116,7.193644896549738,119.97419893322183,5,2,2
29.88184714245272,1.2324267855970397,1,48160.23632397206,4.032530455530926,103.83586572862558,9,0,1
18.03368021927675,1.5671396081917774,1,7567.967914497056,9.742614336755256,72.96056442937419,41,0,0
12.272693325447406,3.088447299400248,1,37352.51196542436,9.08836289838496,115.79555046113154,10,2,1
16.87534892195885,3.7469324181075128,1,87107.62474882482,7.178691375335466,63.54351808051044,24,0,0
28.61386955134015,0.7456987915102631,1,21109.508916838222,7.048068347678356,23.773220451915073,42,2,0
16.788372587836026,3.438800595296578,1,36621.817132431366,4.927653734620538,21.16032600143132,27,0,1
12.782590473467486,1.6858173189762695,1,39757.00290325185,0.7800000437962413,55.57468707763532,46,0,1
47.231722388333026,1.4856357017196316,1,37221.94282683408,7.864305028782065,103.38278562466233,3,2,2
17.21579904910968,2.211817966180351,1,68940.81632664696,7.146957593520607,65.58519288570989,24,0,0
11.588580947004505,2.49557047693717,1,88566.18153836479,9.738231124960116,77.25862308692388,6,0,0
33.62813202864689,1.5846438340341273,0,70318.97391840415,2.2686577960078367,87.32051677812889,34,2,0
21.034528491995076,0.8160915033527281,0,41212.58752498341,4.745721349352112,76.98843066509798,45,0,1
48.234249496796025,2.1661743673262093,1,104030.7749342267,6.469750579285643,108.72995714917738,6,1,2
10.326140958231942,1.9079815223722543,1,75833.72142560278,7.818647922346004,16.009067347495215,68,1,2
28.350837251231617,4.162628634728064,1,69519.34855255588,2.5558608428608545,23.10933418888564,6,1,2
12.677802631229415,2.303025152143523,1,65358.391115186496,7.619436465000481,77.95068459214845,7,0,0
22.778413038161908,1.1058228701599482,1,52679.478634039515,4.841309310033286,116.12611788644134,25,2,1
28.61386955134015,1.1520802208388081,1,3008.386663215623,7.02233840948613,53.30347872948055,40,0,0
24.386538452357968,0.057426860979727434,1,23429.0085046985,8.17391336034383,45.330535010359874,13,2,0
10.671328338117334,1.062017025395731,1,73190.80967575326,6.745059449882383,78.20617127403949,61,1,0
18.830992778443033,2.3015861897393646,1,88892.16214447642,2.8592246858379164,22.277521663452575,5,1,0
17.95292557469869,4.565482126093132,0,6572.11307727281,1.5793011955634637,84.76822086278636,9,1,2
10.631785971962561,1.1772520976961809,1,86198.42422423456,9.70439218370346,77.47840239442323,7,0,0
12.789967979332998,2.755240314763778,1,99052.11530512467,1.1654798293423208,55.40934295535821,50,2,2
46.42166356862066,3.0788394405884247,0,2847.304716980955,1.6248119714228004,102.32959107892555,3,0,2
12.824879331003004,2.68001221779951,1,82829.39884273986,4.7559939212148645,108.3834274300476,30,1,1
19.832298834814537,3.088447299400248,1,64864.48323818945,9.08836289838496,65.29525680935132,10,2,0
28.721995458187063,4.4292648153420195,1,2837.2693864676803,7.594802865891777,84.76822086278636,39,1,0
16.764421370749574,0.9519404687773838,1,73387.18732796963,7.146957593520607,115.48044369058658,24,0,1
17.95292557469869,4.891818032899495,1,41507.03748787363,8.704405193956037,80.69375569022621,55,0,2
16.764421370749574,1.051943272692272,1,72070.561790266,4.77043805100311,64.54586880869914,24,2,0
29.88184714245272,1.6827255435783819,1,48160.23632397206,7.731172017730439,103.83586572862558,9,0,1
47.231722388333026,1.5071866589940048,1,35758.192585568584,7.905975619105077,52.34595343512393,3,2,2
28.61386955134015,3.1945967966467004,1,7558.113136650558,7.02848348651013,117.02676519814375,10,2,0
10.151301737914364,1.1608062920573659,1,86342.3097261063,9.68066274720696,77.47840239442323,6,0,0
21.141983256284444,2.2939986068732994,1,36818.58235618885,6.394445491822932,78.22819279640945,45,0,1
20.84621743378175,0.6777089501352065,0,40089.447966590116,7.193644896549738,119.99448095970304,24,2,2
17.83711956452293,1.5671396081917774,1,7567.967914497056,0.6593040098530434,72.96056442937419,41,0,0
17.00151973277092,3.7315696757418717,1,63730.34861558811,7.146957593520607,77.41794952888894,27,0,0
24.39065060195183,3.3009344496738953,1,30951.741731120976,7.572742378170261,15.911444904967775,13,2,0
24.386538452357968,0.057426860979727434,0,23429.0085046985,8.172461237731838,45.330535010359874,6,1,2
10.326140958231942,3.1069806033054945,1,48153.77736680273,9.06756213173617,25.60140016431238,9,1,2
12.695614310051184,2.337126788228141,1,69334.75586287267,9.70439218370346,78.01450182776651,11,0,0
18.79271049255859,1.6502767204874873,1,39796.31579872721,3.1827985457402823,62.43796443909895,24,1,1
21.190051851029605,3.5208737323388233,1,34787.02485196177,4.581975959206868,28.7517010797583,9,1,0
22.778413038161908,1.1058228701599482,1,40212.42058496145,7.217828852196261,119.20674197319624,25,0,1
12.677802631229415,2.4390945062860725,1,65358.391115186496,3.9207945621666678,77.95068459214845,7,0,0
28.61386955134015,1.1520802208388081,1,3008.386663215623,6.980667819163083,107.8033779659377,40,0,0
19.832298834814537,0.059764111380746554,1,62823.654776579715,9.082216531345068,52.07789021726855,40,0,1
11.607605346440332,2.512016285727577,1,88422.29603649306,9.738231124960116,77.25862308692388,7,0,0
12.695614310051184,0.588079589975073,1,41232.865739921515,4.602714681237947,77.00468686043224,7,0,0
28.657266746629,0.07776087247376273,1,28413.37166083012,7.048068347678356,51.99410473078312,7,2,0
12.979151851034343,2.337126788228141,1,88852.85071248047,9.718399287032334,55.57468707763532,5,0,0
22.315737894326176,3.088447299400248,1,64864.48323818945,9.08836289838496,65.85225327442903,10,2,0
13.511629582289054,0.8617232198001548,1,36621.817132431366,4.927653734620538,21.194601866698115,27,0,1
19.781327901380514,0.6703093623911949,1,103909.42103299487,7.552158845059451,108.72995714917738,13,2,0
12.272693325447406,1.2935470912967506,1,37285.90374490318,7.839448676512223,113.7943704899797,10,2,1
28.61386955134015,0.8761814786280014,1,3008.386663215623,7.3474487005402525,53.739400587441516,40,0,0
16.87534892195885,3.7469324181075128,1,87107.62474882482,6.947032335780587,23.383080287239,46,0,0
35.348740671435756,4.0373756417723445,0,32310.88381395729,7.67741956793369,107.26672310737057,90,2,2
37.89692623976107,4.0665266789484145,0,97583.67312388215,2.582885523916122,77.71352672568722,28,1,0
13.814761926325772,0.024858062297089534,0,42947.053147604136,6.7424372187270984,3.732438367914237,26,2,2
49.36478720369748,1.6502767204874873,1,39796.31579872721,2.9511395318407194,22.277521663452575,46,1,1
21.59687584167529,0.4454342830548125,0,110359.41236453873,5.50736458975634,66.74196018084578,90,2,2
27.85553304731326,2.3397345389472184,0,104413.99935935492,0.8775435263823261,51.59100728559692,12,1,0
22.156326312349073,3.088447299400248,1,64864.48323818945,9.08836289838496,115.79555046113154,25,2,1
11.595958452847173,2.755240314763778,1,99052.11530512467,0.8292651394213979,55.40934295535821,52,2,2
19.781327901380514,0.6703093623911949,0,104040.86595318322,7.550706722447459,114.114798186409,24,1,2
23.08005241655531,3.5122141829254776,1,92342.13812160023,2.5842269755554836,22.42534312280521,41,1,1
33.00683005644271,3.064847029921241,0,70318.97391840415,2.2686577960078367,102.21125411311452,34,0,0
12.782590473467486,2.337126788228141,1,88566.18153836479,9.738231124960116,77.25862308692388,7,0,0
47.231722388333026,1.4856357017196316,0,6654.0699612617655,1.6248119714228004,103.38278562466233,3,2,2
17.95292557469869,4.591969420087646,1,39294.08446017599,7.818647922346004,84.76822086278636,9,1,2
31.176240244523154,0.4171984900448994,0,62595.62208112535,5.402442204665214,74.80790030395212,66,2,2
24.249901123694116,0.7238163685670801,0,14863.878090720893,2.989622714939877,21.909359501485667,99,2,0
24.375362248948647,1.8928537638843896,0,24941.29242281197,1.40384303468987,10.875784794226838,93,0,0
46.445711883782195,1.2961192222245121,0,21685.746509024593,9.462407334812132,7.476889048313664,70,1,1
45.56942971988879,3.0810481546228456,1,28827.20992197299,5.872544482182748,17.67830433537229,93,1,0
34.41611326289761,3.472771942420591,0,44582.32031002464,8.803969644099826,27.49658968541649,45,2,2
21.190051851029605,3.5194715264989918,1,34787.02485196177,4.598481206522376,28.7517010797583,55,0,0
16.19190702898389,3.8694303164509725,1,111094.57071802569,2.958112968254487,25.857875350375153,64,1,0
28.61386955134015,0.8761814786280014,1,3008.386663215623,7.02233840948613,53.739400587441516,40,0,0
16.788372587836026,3.7315696757418717,1,67876.19907338815,7.146957593520607,77.97494599396666,27,0,0
29.88184714245272,1.2302444484009074,1,75906.78860332702,4.032530455530926,104.11946706288491,70,0,1
12.824879331003004,2.68001221779951,0,82829.39884273986,4.7559939212148645,108.3834274300476,30,1,1
10.671328338117334,1.1058228701599482,1,38112.724316003834,4.841309310033286,21.39141255634804,56,1,1
31.26037378095036,4.060873153083006,0,118419.47254958977,9.465527938455343,115.57920629111548,7,1,1
25.69779785020009,0.5394723631156584,0,72198.82647356714,1.0505525841544716,77.63310728311856,21,2,1
49.85525207949216,2.1541891979283676,0,84417.92055879648,6.344533532803265,36.85529067510481,5,2,2
26.83907599903634,1.512356047806985,0,6654.0699612617655,1.6248119714228004,103.38278562466233,3,1,0
37.89692623976107,4.0665266789484145,0,98038.03950497524,9.275251509795035,79.1846173136051,29,1,1
17.95292557469869,4.591969420087646,1,39294.08446017599,4.825489423419682,85.98448469505446,9,1,2
22.125394512436387,3.088447299400248,1,64864.48323818945,9.02059401810425,19.006045086997005,99,2,1
12.932850292756632,2.68001221779951,0,82829.39884273986,4.7559939212148645,63.07425644585795,30,1,1
24.73333882277367,1.8928537638843896,0,21503.395836353244,1.0206780616283444,10.875784794226838,99,0,0
35.32007138154857,3.5122141829254776,0,90548.54352910332,2.572746981832094,20.790343976665554,90,1,1
15.065659815922807,0.024858062297089534,0,42947.053147604136,4.98562041398227,0.1691597077976814,71,2,2
49.85525207949216,2.052888240837658,0,84417.92055879648,6.344533532803265,118.56230140816122,5,2,2
12.867190156397916,0.5394723631156584,1,72198.82647356714,9.911573830095117,77.63310728311856,27,2,1
43.261955052299385,3.081406589803212,1,68167.24565591478,2.245214878384562,17.67830433537229,30,1,0
34.41611326289761,3.472771942420591,0,44582.32031002464,8.803969644099826,27.49658968541649,50,0,2
14.706746575926068,0.8924167999044481,1,97340.69883654482,5.132878749203261,53.226368162023334,56,1,1
48.19711414282978,2.313014192860342,0,104413.99935935492,0.8775435263823261,40.66544639376086,12,2,2
31.26037378095036,4.060873153083006,0,117931.79314912828,2.7220627203258827,114.08896044240876,7,1,0
21.190051851029605,3.5194715264989918,1,34787.02485196177,7.591639657115165,27.53546461869651,55,0,0
20.75300984373348,3.732052375110328,1,111094.57071802569,2.958112968254487,25.857875350375153,64,1,0
24.280832923606802,0.7238163685670801,0,23426.616035913765,2.8032628766210776,117.38873011320214,29,2,0
21.488951806552144,0.4454342830548125,0,106572.13987313259,5.50736458975634,109.60691995667567,90,2,2
46.08389597004959,1.2961192222245121,0,25123.64309548332,9.738825403922213,7.476889048313664,71,1,1
23.159987428261395,4.0373756417723445,1,34104.460316283075,7.68889792869402,107.26672310737057,41,2,2
31.176240244523154,0.4171984900448994,0,62595.62208112535,6.73346122378116,74.80790030395212,27,2,2
19.781327901380514,0.7716109936755587,0,104040.86595318322,6.875415407697037,30.081247852667758,24,1,2
25.6138435430047,1.3979422428950306,0,91009.72168718869,0.8094222106432998,77.25862308692388,7,0,0
32.48237791955232,3.064488594740874,0,37585.394878631814,5.89598758038829,102.21125411311452,97,0,0
29.88184714245272,1.2302444484009074,1,75906.78860332702,4.032530455530926,104.11946706288491,73,2,1
10.647758058487153,2.794256467335784,1,39823.935027859356,0.8292651394213979,23.574388366750437,52,2,2
15.866422882683285,3.7315696757418717,1,67876.19907338815,7.146957593520607,77.97494599396666,27,0,0
22.102034798908665,3.1393331602942136,1,98972.05738223801,0.41327765852203235,55.40934295535821,52,2,2
11.652645321269675,2.73624504974101,1,64864.48323818945,9.51978540319483,115.79555046113154,25,2,1
49.74228943741231,1.4135203136069436,1,34986.986653094216,0.7798561330989733,22.277521663452575,46,0,0
43.07822900216413,2.73624504974101,1,64864.48323818945,1.8733425427730268,115.79555046113154,25,1,1
21.176088096546508,0.7238163685670801,0,23304.48266783047,2.84219289409333,117.38873011320214,58,2,0
33.00683005644271,2.5969125142952754,0,70318.97391840415,2.2686577960078367,102.9000772792301,34,0,0
26.835442627468247,3.088447299400248,0,10728.787839122586,8.716984666928523,119.99893023907627,25,2,1
21.488951806552144,1.5308943662001437,0,82154.83451058897,1.592703869376618,116.76056693279769,88,2,2
15.973487732300121,1.1058228701599482,1,73414.96866047314,4.841309310033286,78.38611320286351,56,1,1
21.59687584167529,0.2322360609720988,0,110359.41236453873,5.50736458975634,66.37886503394883,90,2,2
31.58076010539697,4.066627229516691,0,94967.06315271734,2.6105109153837525,78.14582430128408,28,1,0
27.720679003373746,0.5437341455146849,1,72198.82647356714,9.911573830095117,77.63310728311856,27,2,0
12.126957418249926,3.5122141829254776,1,81299.04362124308,4.548503782322414,106.03357679107631,41,1,1
16.788372587836026,3.7315696757418717,1,67876.19907338815,7.146957593520607,77.97494599396666,11,0,0
38.19129028403962,2.6457657102549987,0,79670.40373390322,9.496191924757275,79.16948863911885,30,1,1
17.95292557469869,4.591969420087646,1,31973.575968970545,4.825489423419682,85.98448469505446,9,1,0
11.595958452847173,2.755240314763778,1,99052.11530512467,0.8292651394213979,55.40934295535821,41,2,2
25.6138435430047,1.6346986497755744,0,89642.10817057775,2.980714424753687,77.25862308692388,7,1,1
12.152504140495058,3.081406589803212,1,68167.24565591478,9.804699122011487,17.67830433537229,30,2,0
24.294796678089895,3.5194715264989918,1,33651.24608284746,4.559551189053971,28.7517010797583,29,0,0
49.85525207949216,2.1541891979283676,0,85599.90414141005,6.344533532803265,36.85529067510481,5,2,2
22.15995968391718,1.332557972193785,1,60533.750180779396,0.7799711613224898,103.13741300115638,3,1,0
47.87684785461366,0.40018147730604414,0,7500.809625058454,5.539478560885074,103.38278562466233,3,2,2
10.570168955006963,4.0646792685384,1,36498.04794970232,7.146957593520607,20.980411285806277,27,0,0
21.190051851029605,3.7477968294319854,1,34787.02485196177,7.591639657115165,27.898560246271526,55,0,0
37.57653991531249,4.060772602514729,0,119832.71153827211,9.465527938455343,115.01296301850782,7,1,1
13.761899697758922,0.8719196962295129,1,3008.386663215623,7.02233840948613,53.739400587441516,40,0,1
23.373681503134996,2.68001221779951,0,93872.49334309543,2.791717114542587,24.748946272321,30,1,1
17.95292557469869,4.591969420087646,1,37136.28273185734,7.818647922346004,84.76822086278636,9,1,2
12.664002065109617,4.100773096985414,0,101197.03454992987,5.20035898087235,59.758572766988635,29,1,1
12.623772781664956,2.337126788228141,1,88566.18153836479,9.738231124960116,77.25862308692388,5,0,2
23.159987428261395,4.465027945057737,1,36350.05551356667,7.68889792869402,107.26672310737057,52,2,2
48.64611084775922,1.5136463122542712,0,6654.0699612617655,1.6248119714228004,103.38278562466233,3,2,2
23.08005241655531,3.5122141829254776,1,92342.13812160023,4.9702221119823395,24.295172279027156,41,1,1
12.575761063353738,2.743040026202191,1,67876.19907338815,7.146957593520607,115.7326699214649,27,0,0
17.865494106329425,3.088447299400248,1,64816.75829476128,9.179624660734492,116.33865030087159,25,2,1
26.835442627468247,2.2090367318899364,1,14473.903780069028,8.713903014847904,69.63863884045989,27,0,1
12.932850292756632,2.68001221779951,0,31647.08175564125,4.827022847962505,63.07425644585795,10,1,1
43.0953633589818,2.7316239006364045,0,101018.20746332862,2.635546524529082,61.82968192816336,25,1,1
22.15995968391718,1.332557972193785,1,60533.750180779396,4.763670130400648,103.13741300115638,31,1,0
31.443657824390968,3.064847029921241,1,70318.97391840415,2.2686577960078367,106.53947532584944,34,0,0
24.717247002057608,4.454741051414598,1,3008.386663215623,7.024546872777336,53.739400587441516,40,2,0
11.121543477143339,1.1028789100311167,0,38112.724316003834,4.8464004391621875,116.59859307052778,56,1,1
21.252130775372354,3.5194715264989918,1,34787.02485196177,7.82854371340141,30.220686988515997,50,0,0
12.607470438050523,2.2654656983237302,1,88566.18153836479,9.738231124960116,77.26222592604735,4,0,2
10.608398175806174,1.7646075374045829,1,67876.19907338815,7.146957593520607,77.2466709682442,11,0,0
21.206385811603525,0.7163976005010193,1,22544.412390228063,6.920363204358133,113.8243067036493,58,0,0
25.418670680898778,1.4843454372723455,0,6654.0699612617655,1.6248119714228004,103.38278562466233,3,1,0
17.95292557469869,4.022154870261541,1,39294.08446017599,2.4394942895095832,84.1148294889307,9,1,2
13.58719246209149,3.8146660189200166,1,64864.48323818945,8.846628134049654,78.01385284543879,25,2,1
22.65920988527983,3.7315696757418717,1,67923.92401681632,7.146957593520607,79.96143517943476,27,0,0
12.623772781664956,3.2165373557375547,0,88566.18153836479,9.741287100940008,111.49102393984312,5,2,2
17.95292557469869,4.591969420087646,1,83155.89501363483,4.861430897239987,91.66478364583124,27,1,0
12.664002065109617,4.105394208146138,1,65043.3038290945,5.20035898087235,113.63561702729454,32,1,1
17.592088545053855,2.68001221779951,0,82829.39884273986,0.45537865614753303,108.3834274300476,5,1,1
12.286853760027915,4.0646792685384,0,25410.081009845948,7.197757038293922,20.980411285806277,24,0,0
23.159987428261395,0.8857037661041842,1,36350.05551356667,7.686689465402814,107.26672310737057,52,0,2
23.877502880615808,1.0026590709067948,1,22995.593780241827,2.7981717475164682,21.46896368088933,29,2,0
17.832381157922136,4.591969420087646,1,39294.08446017599,7.581743866059759,77.28321722957834,9,1,2
18.128049012433184,4.662473590511136,1,44390.06911837621,7.818647922346004,88.58600932812439,9,1,0
25.6138435430047,3.6016607078360563,0,89642.10817057775,2.980714424753687,77.98689811264633,7,1,1
13.73160400738482,0.7253459299118964,0,3773.3117602215843,2.838843072180382,57.14773963510326,40,2,1
17.92906154271737,2.337126788228141,1,97039.63532243691,9.651284479202934,77.25862308692388,5,0,2
18.194836008414008,1.2340302491541977,1,47632.33138259234,4.822684200820424,14.758064911160831,54,1,1
15.866422882683285,3.65060269932467,1,67876.19907338815,7.146957593520607,77.25615008758405,27,0,0
22.15995968391718,3.077363790044319,1,60533.750180779396,8.22915858732786,103.13741300115638,3,1,1
17.95292557469869,4.7971246725890335,1,23367.530634589737,4.75601832435479,85.98448469505446,9,1,2
26.83907599903634,1.512356047806985,0,6719.636028820472,1.2195200112943418,83.48895082848792,3,1,2
12.257197178142611,4.0646792685384,0,25410.081009845948,7.197757038293922,20.980411285806277,27,0,0
17.79342134070724,1.2552945497298729,1,1926.2125658777531,6.9343062006181215,62.78358254074702,40,0,1
20.60297422461887,3.5194715264989918,1,34698.33671368008,7.859945890425789,27.53546461869651,56,1,0
12.576637998064834,2.743040026202191,1,67876.19907338815,6.681714263261173,112.03452649757807,23,0,2
47.95660111131293,3.7315696757418717,1,4181.328334340753,7.10882440137563,103.41910284721187,3,0,2
12.664002065109617,2.204549267488632,1,65916.37432393974,5.246173075417532,69.6357311142908,33,1,1
26.434280651387855,3.0675823027465072,1,92342.13812160023,2.5842269755554836,22.42534312280521,53,1,0
48.64611084775922,1.5136463122542712,0,6654.0699612617655,1.6248119714228004,103.38278562466233,27,0,2
18.4561781645895,4.828960869139577,1,44390.06911837621,7.818647922346004,88.58600932812439,25,1,0
12.846667408774888,4.591969420087646,1,83444.2438488823,6.141724653916374,98.96925307871015,26,1,0
11.249362988082787,4.931581104806438,1,37120.77682253154,7.837272995127281,81.76100421085312,9,1,2
10.608398175806174,1.8455744664624145,1,67876.19907338815,7.146957593520607,77.96546687462683,11,0,0
22.039293895303842,1.343641491683866,1,64864.48323818945,2.4414146053509187,116.84624937444728,25,2,0
24.280832923606802,0.5407087700345261,0,39353.169861589886,2.87273397570345,112.42528827697453,26,2,0
18.60035393036619,4.022154870261541,1,39230.71699400661,2.4416974367229876,104.00866412975559,9,1,0
26.055956155718235,3.7315696757418717,1,67923.92401681632,7.1880170493509175,65.60422153837465,24,0,0
13.800859518296607,4.591969420087646,1,39294.08446017599,7.587605513389052,77.28321722957834,2,1,2
17.95292557469869,4.591969420087646,1,36159.31738199333,7.55034168903538,84.76822086278636,4,0,2
12.606593503339427,2.2909468169418044,1,85553.90304604467,9.615125462773136,84.54051557638975,8,0,0
15.946727332304103,1.4235369175031949,0,70644.29387560821,1.95699876965739,77.93862810007236,25,2,0
26.835442627468247,4.1098808414129575,1,13602.28525084892,8.668080772913443,113.62667908773871,27,0,1
33.00683005644271,3.5094789101002113,0,70318.97391840415,2.2686577960078367,101.13237132223844,34,0,1
10.570168955006963,4.0646792685384,1,36498.04794970232,7.10802961498365,24.08225697603291,3,2,0
11.652645321269675,2.73624504974101,1,64864.48323818945,9.51978540319483,115.79555046113154,9,2,1
35.348740671435756,4.0373756417723445,0,32310.88381395729,7.67741956793369,107.26672310737057,90,2,2
37.89692623976107,4.0665266789484145,0,97583.67312388215,2.582885523916122,77.71352672568722,28,1,0
13.814761926325772,0.024858062297089534,0,42947.053147604136,6.7424372187270984,3.732438367914237,26,2,2
49.36478720369748,1.6502767204874873,1,39796.31579872721,2.9511395318407194,22.277521663452575,46,1,1
21.59687584167529,0.4454342830548125,0,110359.41236453873,5.50736458975634,66.74196018084578,90,2,2
27.85553304731326,2.3397345389472184,0,104413.99935935492,0.8775435263823261,51.59100728559692,12,1,0
22.156326312349073,3.088447299400248,1,64864.48323818945,9.08836289838496,115.79555046113154,25,2,1
11.595958452847173,2.755240314763778,1,99052.11530512467,0.8292651394213979,55.40934295535821,52,2,2
19.781327901380514,0.6703093623911949,0,104040.86595318322,7.550706722447459,114.114798186409,24,1,2
23.08005241655531,3.5122141829254776,1,92342.13812160023,2.5842269755554836,22.42534312280521,41,1,1
33.00683005644271,3.064847029921241,0,70318.97391840415,2.2686577960078367,102.21125411311452,34,0,0
12.782590473467486,2.337126788228141,1,88566.18153836479,9.738231124960116,77.25862308692388,7,0,0
47.231722388333026,1.4856357017196316,0,6654.0699612617655,1.6248119714228004,103.38278562466233,3,2,2
17.95292557469869,4.591969420087646,1,39294.08446017599,7.818647922346004,84.76822086278636,9,1,2
31.176240244523154,0.4171984900448994,0,62595.62208112535,5.402442204665214,74.80790030395212,66,2,2
24.249901123694116,0.7238163685670801,0,14863.878090720893,2.989622714939877,21.909359501485667,99,2,0
24.375362248948647,1.8928537638843896,0,24941.29242281197,1.40384303468987,10.875784794226838,93,0,0
46.445711883782195,1.2961192222245121,0,21685.746509024593,9.462407334812132,7.476889048313664,70,1,1
45.56942971988879,3.0810481546228456,1,28827.20992197299,5.872544482182748,17.67830433537229,93,1,0
34.41611326289761,3.472771942420591,0,44582.32031002464,8.803969644099826,27.49658968541649,45,2,2
21.190051851029605,3.5194715264989918,1,34787.02485196177,4.598481206522376,28.7517010797583,55,0,0
16.19190702898389,3.8694303164509725,1,111094.57071802569,2.958112968254487,25.857875350375153,64,1,0
28.61386955134015,0.8761814786280014,1,3008.386663215623,7.02233840948613,53.739400587441516,40,0,0
16.788372587836026,3.7315696757418717,1,67876.19907338815,7.146957593520607,77.97494599396666,27,0,0
29.88184714245272,1.2302444484009074,1,75906.78860332702,4.032530455530926,104.11946706288491,70,0,1
12.824879331003004,2.68001221779951,0,82829.39884273986,4.7559939212148645,108.3834274300476,30,1,1
10.671328338117334,1.1058228701599482,1,38112.724316003834,4.841309310033286,21.39141255634804,56,1,1
31.26037378095036,4.060873153083006,0,118419.47254958977,9.465527938455343,115.57920629111548,7,1,1
25.69779785020009,0.5394723631156584,0,72198.82647356714,1.0505525841544716,77.63310728311856,21,2,1
49.85525207949216,2.1541891979283676,0,84417.92055879648,6.344533532803265,36.85529067510481,5,2,2
10.31762936043559,0.6839343331168255,0,38112.724316003834,4.841309310033286,21.39141255634804,56,1,1
47.231722388333026,1.4856357017196316,0,7449.273901280747,6.608659876327863,8.093149105152264,4,2,2
17.95292557469869,4.591969420087646,1,39294.08446017599,7.078474882703493,85.44194023339864,9,1,2
22.02306039277527,3.088447299400248,1,64864.48323818945,9.02059401810425,73.53412351740711,79,2,2
25.99501356564771,0.5394723631156584,0,72198.82647356714,1.0505525841544716,33.2148494672186,21,2,1
24.60991272611275,1.2961192222245121,0,14481.769428184069,2.674725247635422,7.476889048313664,100,2,1
21.576377569970447,0.4454342830548125,0,109536.80832153559,4.754300157102978,65.08216122939277,31,2,2
29.106430859787565,2.3397345389472184,0,104413.99935935492,0.5946204805657551,33.58861470283842,18,1,0
37.89692623976107,4.053071377729353,0,97583.67312388215,2.582885523916122,82.26071625163974,28,1,0
12.896655964794848,1.2302444484009074,1,75906.78860332702,9.912119237269337,104.11946706288491,76,0,1
32.61484007780029,4.058891953439065,0,68347.90607845699,2.2334813863348657,107.26672310737057,91,2,2
34.41611326289761,3.472771942420591,0,44582.32031002464,8.803969644099826,27.49658968541649,50,2,0
24.521838549594385,2.5611082814929156,1,97247.21113071512,1.1208346750676434,53.69868743982673,52,2,2
49.36478720369748,1.6502767204874873,1,39796.31579872721,2.9511395318407194,22.277521663452575,29,1,1
20.259230165161604,1.092197899435407,1,104040.86595318322,7.550706722447459,103.18898733109587,24,1,2
13.814761926325772,0.024858062297089534,0,42155.61188381759,1.7185504348745158,99.4969498992117,26,2,2
28.61386955134015,0.8761814786280014,1,3008.386663215623,7.76251144912864,53.06568120820103,40,0,0
48.94540383076428,2.9436702136218598,1,28827.20992197299,5.872544482182748,17.67830433537229,93,1,0
31.309506164358083,0.4171984900448994,0,71158.33717690693,5.215951845282513,116.93113126035391,26,2,1
49.17194119522315,2.1541891979283676,0,80630.64806743419,6.344533532803265,78.83346015712281,5,2,2
46.081752864513334,0.7238163685670801,0,22067.85517156406,9.713746982561926,21.909359501485667,70,1,0
12.896691208552193,2.68001221779951,0,83651.92005403331,5.509058353868227,108.3834274300476,89,1,1
31.26037378095036,4.060873153083006,0,118419.47254958977,9.386973843640787,115.57920629111548,7,1,1
16.19190702898389,3.882885617670034,1,111094.57071802569,2.2837601134015575,21.31106038683777,64,1,0
29.770694745234863,1.3979422428950306,1,91009.72168718869,3.862602289397054,77.25862308692388,7,0,0
32.9090620737476,3.0433307170219326,0,40888.40789579036,7.712597135988822,102.21125411311452,33,0,0
24.375362248948647,1.8928537638843896,0,24941.29242281197,1.40384303468987,10.875784794226838,95,0,2
11.356800249320155,3.537549037260617,1,36591.62842094975,4.598481206522376,30.462356599016566,55,0,0
15.866422882683285,3.7315696757418717,1,67876.19907338815,7.146957593520607,77.97494599396666,44,0,0
22.151358634745243,3.5759105463588785,1,34707.02818663264,4.332081429439726,28.7517010797583,55,0,0
13.814761926325772,0.024858062297089534,0,42947.053147604136,6.7424372187270984,3.732438367914237,20,2,0
28.61386955134015,1.3893574473754984,0,3008.386663215623,7.76251144912864,53.06568120820103,40,2,0
15.846698023675245,4.306674815086062,1,39791.664585738006,2.846267919290818,22.277521663452575,28,1,2
31.359306762639587,0.5394723631156584,0,72198.82647356714,0.2208482238401288,79.46499383321074,21,2,1
22.156326312349073,0.10484476324439829,1,42443.04178627904,9.08836289838496,115.79555046113154,25,2,1
29.011114103960836,4.3765888449997785,0,38341.05047232862,0.5946204805657551,85.80184939601996,18,1,0
32.9090620737476,3.0433307170219326,0,40888.40789579036,7.712597135988822,90.07294102347979,33,0,0
10.002719466400801,0.6867467493754722,0,38112.724316003834,5.541012818825363,66.69937307035354,56,1,2
47.301350238560474,1.4856357017196316,0,39666.40886024492,6.59014166835494,10.339105547004962,4,1,2
11.636198996887096,2.7287315903288496,0,72198.82647356714,1.0541362169187483,33.2148494672186,21,2,1
28.99393761816659,4.1078259896012845,1,3789.9000379815516,7.146957593520607,53.515502747997964,44,0,0
11.667969472552299,2.337126788228141,1,67819.31047156428,9.738231124960116,76.68608928200229,88,2,2
34.41611326289761,3.4728861824667594,1,44582.32031002464,8.846842812161608,20.68472592497786,25,0,0
32.92371212462692,3.5111602223324323,1,70318.97391840415,2.259229925533952,102.0364811380675,33,0,0
22.151358634745243,3.5759105463588785,1,34707.02818663264,4.152153401267936,28.7517010797583,55,0,2
47.231722388333026,1.4856357017196316,1,4547.646260837291,2.297484007435384,103.38278562466233,3,0,2
49.650926859481544,1.6289011422416688,1,39298.735673165196,8.004547882356214,95.3492656673997,2,1,1
25.598864868510876,4.060873153083006,0,116720.64048929239,9.937278525453246,113.72839403841498,7,1,1
13.814761926325772,3.0534713955843413,0,64577.05333573373,1.7185504348745158,99.4969498992117,23,2,2
17.95292557469869,2.9666842706549064,1,105362.68876151017,7.078474882703493,33.22870601041664,9,1,2
23.93969432600193,0.4426218667962795,0,110359.41236453873,5.5347401936503475,21.434016750897978,90,2,1
49.295141699856266,1.6502767204874873,1,7580.382398458038,2.9696577488246003,22.65800498603315,59,2,1
25.574853325310542,0.3850459199797821,1,99052.11530512467,0.8256815066571214,59.11379338373858,52,2,2
15.486379808091037,0.501950219493196,1,68135.91691218075,6.893661670842148,78.19884383338562,40,0,0
33.79960336521282,4.058891953439065,0,89094.77714508059,2.2334813863348657,101.84554404324658,8,0,0
15.35422686546081,3.7314554356957035,0,67876.19907338815,7.104084366765194,77.97494599396666,52,2,0
21.27316979029787,3.0731583340877995,0,34787.02485196177,4.598481206522376,28.924525064931288,56,0,0
22.156326312349073,3.088447299400248,1,38921.24077017442,6.977676086826106,83.63353731877883,25,1,1
15.526578080085685,1.0156873681607104,1,12587.249126142953,7.02233840948613,45.378597825082934,40,0,0
17.95292557469869,4.591969420087646,1,65237.32692834588,9.189152410266518,117.49250954220426,9,2,2
15.538918599643646,1.088245204672347,1,39791.664585738006,2.6561820724191207,21.940300869910963,28,0,2
33.00659996871361,3.064847029921241,0,68513.6749738018,8.08461047232161,102.21125411311452,34,0,0
34.41611326289761,4.136221071968444,1,42602.293937519265,8.846842812161608,27.93805026970103,18,0,0
22.25210589683053,3.088447299400248,1,38898.5849577161,7.205352920778197,75.5094103985085,25,1,1
47.231722388333026,1.4856357017196316,0,6654.0699612617655,1.6248119714228004,103.38278562466233,2,1,2
28.232613156392492,0.8761814786280014,1,3008.386663215623,7.02233840948613,53.739400587441516,34,0,2
35.79069517490228,3.484108152159643,1,70318.97391840415,2.259229925533952,102.0364811380675,9,1,0
25.99501356564771,0.5394723631156584,0,72198.82647356714,0.6351322106112818,29.343412542835733,21,0,1
31.564579748251816,4.122468329132567,0,104413.99935935492,0.5946204805657551,33.58861470283842,18,1,0
49.650926859481544,1.6289011422416688,1,39298.735673165196,8.03607293372821,95.3492656673997,3,1,1
22.156326312349073,3.7183187308909385,1,64656.31821962847,9.748022691463245,84.04605722118073,23,0,1
33.79960336521282,0.6869604901699653,0,98544.40630365271,2.270139593682372,62.62292108435389,55,1,0
25.028023032856396,4.683613577694694,1,3968.9578264483716,9.376934476795014,117.49250954220426,10,2,2
49.57885550238097,2.335570796733699,0,85364.05801001174,9.750153830364313,8.093149105152264,4,2,2
11.356800249320155,3.537549037260617,1,36591.62842094975,2.2673557627337604,103.50738729276657,4,0,0
15.834357504117284,4.233962117722353,1,12587.249126142953,7.0036054547000495,45.71581864613621,40,1,0
32.909292161476706,2.8709261192205613,0,40888.40789579036,1.8966494759470445,90.07294102347979,33,0,0
22.151358634745243,3.5759105463588785,1,34479.99141059751,4.332081429439726,29.069354484638005,55,0,0
49.36478720369748,1.4871920155861083,1,40562.97181967602,2.7234627750435303,22.277521663452575,29,1,1
29.011114103960836,4.507546828732893,0,38341.05047232862,0.5946204805657551,85.80184939601996,19,2,0
17.95292557469869,4.591969420087646,1,39294.08446017599,7.818647922346004,84.76822086278636,14,1,0
17.39412415059128,4.591969420087646,1,39294.08446017599,7.078474882703493,81.84798804015895,33,0,2
15.866422882683285,4.081394932732527,1,67876.19907338815,7.576570108073038,77.63857450957956,44,2,0
29.104628814272782,2.2781382768173986,0,118419.47254958977,9.386973843640787,117.91536713927601,6,1,1
28.99393761816659,4.1078259896012845,1,3789.9000379815516,7.115432542148542,53.515502747997964,50,0,0
16.788372587836026,3.101698244251106,1,68084.36409194914,7.146957593520607,115.07387921250472,27,2,0
10.002719466400801,4.058857376697322,0,38112.724316003834,5.55541603284565,103.95968800584559,6,0,2
28.77438751305761,0.7760347496704483,1,64510.7907122365,7.574716983969291,53.06568120820103,40,0,0
15.072548074831733,1.5027563370373531,1,8192.215079132835,6.591123297691253,77.25862308692388,7,0,0
47.231722388333026,1.6050947468028878,1,4547.646260837291,4.628609452987615,30.334700363030407,47,0,2
19.109830103851724,3.7708573757771506,1,77565.59178264088,2.4794348930557994,108.55081598014776,53,0,0
15.587252407315395,1.088245204672347,1,67089.50996809546,2.588606808887314,85.79304743671332,27,0,2
16.780520042238578,1.5027563370373531,1,36759.04464145025,6.591123297691253,93.38240426086378,11,0,0
21.789393071143696,2.8526397402037644,1,42134.617884244886,6.977676086826106,83.63353731877883,25,1,1
34.41611326289761,4.632344795551997,1,42602.293937519265,8.846842812161608,28.036213024224278,29,0,0
28.61386955134015,0.8761814786280014,1,65556.28671021282,7.76251144912864,57.004331401653964,39,0,0
18.02574405944639,4.554822687066755,1,2808.0689671509936,7.146957593520607,53.17972430061076,45,0,0
22.182947380486162,3.663126989343313,1,65997.07426081237,4.103939353538067,53.919984561918575,55,0,0
15.866422882683285,4.147039793422573,1,78486.31260752256,7.103311634778393,77.69125227884021,43,2,0
33.066444210152845,3.9347123764775978,1,44681.92875279996,8.811513412527963,102.0364811380675,33,0,0
32.60803488088601,3.064847029921241,1,70318.97391840415,2.2228252963220094,102.21125411311452,34,0,0
47.231722388333026,1.4856357017196316,1,38711.65519296662,8.073509362784296,103.38278562466233,19,0,2
17.85272218584764,3.1352493547598077,1,70318.97391840415,2.22951558657997,101.39008948787556,9,1,2
16.821465068652635,0.8645292587022474,1,3008.386663215623,7.02233840948613,53.739400587441516,34,0,2
17.95292557469869,4.591969420087646,0,39242.18938493345,7.818647922346004,83.85069100226598,14,1,0
11.003401635937188,3.5439589908402076,1,37381.35557153338,6.934880062953146,77.97494599396666,5,0,0
16.74003878016428,3.7315696757418717,1,40578.353691216216,7.214533138398425,24.19703665383675,28,0,0
11.356800249320155,3.549781904691741,1,8025.245071526704,4.598481206522376,30.13133891422087,55,0,0
15.834357504117284,4.233962117722353,1,11894.099133642452,7.0036054547000495,45.71581864613621,40,1,0
16.788372587836026,3.101698244251106,1,68084.36409194914,7.146957593520607,99.94155267717413,16,2,0
17.95292557469869,4.591969420087646,1,2975.6419978147533,9.189152410266518,117.49250954220426,8,2,2
31.935481440619295,4.591969420087646,1,40385.415808879145,7.078474882703493,82.18376648683545,32,0,2
28.742798767318696,0.6889860834653367,1,32993.70788360528,7.4633224187791445,28.21505113659129,40,0,0
49.650926859481544,1.5632375021664306,1,39298.735673165196,8.03607293372821,95.29658789798317,4,1,1
34.445787368754715,3.5116376847961277,1,68754.99128435217,2.29374577903032,20.68472592497786,20,0,0
15.526578080085685,1.0156873681607104,0,12587.249126142953,7.068173477414633,45.378597825082934,40,0,0
49.650926859481544,1.6289011422416688,1,5147.898967929945,1.8854125290304613,95.3492656673997,2,1,1
35.89091305405032,4.591969420087646,1,39294.08446017599,8.46774801385286,85.41461250918272,9,1,0
27.365304873026115,4.306674815086062,1,39791.664585738006,2.846267919290818,22.277521663452575,23,1,2
10.002719466400801,0.6867467493754722,1,38164.61939124637,5.541012818825363,67.61690293087163,56,1,2
35.348740671435756,4.0373756417723445,0,32310.88381395729,7.67741956793369,107.26672310737057,90,2,2
37.89692623976107,4.0665266789484145,0,97583.67312388215,2.582885523916122,77.71352672568722,28,1,0
13.814761926325772,0.024858062297089534,0,42947.053147604136,6.7424372187270984,3.732438367914237,26,2,2
49.36478720369748,1.6502767204874873,1,39796.31579872721,2.9511395318407194,22.277521663452575,46,1,1
21.59687584167529,0.4454342830548125,0,110359.41236453873,5.50736458975634,66.74196018084578,90,2,2
27.85553304731326,2.3397345389472184,0,104413.99935935492,0.8775435263823261,51.59100728559692,12,1,0
22.156326312349073,3.088447299400248,1,64864.48323818945,9.08836289838496,115.79555046113154,25,2,1
11.595958452847173,2.755240314763778,1,99052.11530512467,0.8292651394213979,55.40934295535821,52,2,2
19.781327901380514,0.6703093623911949,0,104040.86595318322,7.550706722447459,114.114798186409,24,1,2
23.08005241655531,3.5122141829254776,1,92342.13812160023,2.5842269755554836,22.42534312280521,41,1,1
33.00683005644271,3.064847029921241,0,70318.97391840415,2.2686577960078367,102.21125411311452,34,0,0
12.782590473467486,2.337126788228141,1,88566.18153836479,9.738231124960116,77.25862308692388,7,0,0
47.231722388333026,1.4856357017196316,0,6654.0699612617655,1.6248119714228004,103.38278562466233,3,2,2
17.95292557469869,4.591969420087646,1,39294.08446017599,7.818647922346004,84.76822086278636,9,1,2
31.176240244523154,0.4171984900448994,0,62595.62208112535,5.402442204665214,74.80790030395212,66,2,2
24.249901123694116,0.7238163685670801,0,14863.878090720893,2.989622714939877,21.909359501485667,99,2,0
24.375362248948647,1.8928537638843896,0,24941.29242281197,1.40384303468987,10.875784794226838,93,0,0
46.445711883782195,1.2961192222245121,0,21685.746509024593,9.462407334812132,7.476889048313664,70,1,1
45.56942971988879,3.0810481546228456,1,28827.20992197299,5.872544482182748,17.67830433537229,93,1,0
34.41611326289761,3.472771942420591,0,44582.32031002464,8.803969644099826,27.49658968541649,45,2,2
21.190051851029605,3.5194715264989918,1,34787.02485196177,4.598481206522376,28.7517010797583,55,0,0
16.19190702898389,3.8694303164509725,1,111094.57071802569,2.958112968254487,25.857875350375153,64,1,0
28.61386955134015,0.8761814786280014,1,3008.386663215623,7.02233840948613,53.739400587441516,40,0,0
16.788372587836026,3.7315696757418717,1,67876.19907338815,7.146957593520607,77.97494599396666,27,0,0
29.88184714245272,1.2302444484009074,1,75906.78860332702,4.032530455530926,104.11946706288491,70,0,1
12.824879331003004,2.68001221779951,0,82829.39884273986,4.7559939212148645,108.3834274300476,30,1,1
10.671328338117334,1.1058228701599482,1,38112.724316003834,4.841309310033286,21.39141255634804,56,1,1
31.26037378095036,4.060873153083006,0,118419.47254958977,9.465527938455343,115.57920629111548,7,1,1
25.69779785020009,0.5394723631156584,0,72198.82647356714,1.0505525841544716,77.63310728311856,21,2,1
49.85525207949216,2.1541891979283676,0,84417.92055879648,6.344533532803265,36.85529067510481,5,2,2
29.88184714245272,1.2302444484009074,1,75906.78860332702,4.032530455530926,104.11946706288491,70,1,1
13.88301434801397,1.0775659285192933,0,42947.053147604136,6.7424372187270984,3.732438367914237,26,2,2
16.135370347622995,1.077492471318855,1,4061.6110276494182,7.02233840948613,52.385117122678786,40,0,0
16.165888625913983,4.591969420087646,1,39294.08446017599,7.818647922346004,24.027287074802906,22,1,2
34.25771213560293,1.9072730859017732,0,70318.97391840415,2.2686577960078367,8.378504248242585,33,0,0
21.59687584167529,0.045315971696894164,0,110359.41236453873,5.466633577463092,35.18126905355961,95,2,2
45.518334902172185,3.0810481546228456,1,28827.20992197299,2.9831239400786567,21.782947190880538,99,1,0
12.977629541757498,2.467113332034887,0,82829.39884273986,4.7559939212148645,111.80433666257998,51,1,1
31.47539545635752,0.24971752180236506,0,75696.57862374005,1.0505525841544716,77.63310728311856,89,2,2
31.26037378095036,4.060873153083006,0,118419.47254958977,9.465527938455343,115.57920629111548,12,2,1
20.801419285155,0.6703093623911949,1,105676.0685141781,7.540704347635088,118.93289606978588,24,1,1
31.176240244523154,0.4171984900448994,0,62595.62208112535,5.402442204665214,74.80790030395212,52,2,0
23.08005241655531,3.5122141829254776,1,91451.35206512143,2.5842269755554836,11.916313513001752,41,1,1
47.068525150426154,1.3702496042660794,0,93586.0180911012,1.6248119714228004,76.32314727082293,3,2,2
48.89767009747277,3.3727618638616037,1,34760.28021267709,2.9436588581853504,22.277521663452575,55,0,1
27.85553304731326,2.9098720977768924,0,104413.99935935492,0.8775435263823261,51.59100728559692,12,0,0
13.45878260363104,0.061971516001038784,1,38112.724316003834,4.841309310033286,21.39141255634804,56,1,1
29.26688146518034,3.5302753461078558,1,64844.662956814966,7.146957593520607,75.5406941227744,27,0,0
17.978943977768598,3.8694303164509725,1,111094.57071802569,2.9709293983123333,86.59896863073021,64,1,0
21.67471214189876,3.05042770790426,0,24941.29242281197,0.10511661890770019,104.86875662071937,94,0,0
49.85525207949216,2.1264735827437273,0,84417.92055879648,6.385264545096511,68.41598181412206,5,2,2
24.29972070220327,0.7238163685670801,0,14863.878090720893,5.879043257840772,20.254206991973003,93,2,0
34.27148355853575,3.472771942420591,0,44582.32031002464,8.803969644099826,27.49658968541649,30,2,2
26.356644827711353,4.0373756417723445,0,28813.135444081985,7.67741956793369,107.26672310737057,22,2,1
13.798844806657073,2.755240314763778,1,96214.30299875542,0.6249516799831634,55.40934295535821,52,1,2
19.728783217015398,3.088447299400248,0,63228.98277026683,9.891909830919339,114.20196059697646,25,2,2
12.782590473467486,2.337126788228141,1,88566.18153836479,9.738231124960116,77.25862308692388,16,0,2
37.89692623976107,4.181864354474506,0,10801.18620457586,2.582885523916122,117.83750848611427,28,1,0
14.763870854883532,1.7969863789982656,1,39823.06043801188,4.6059618801786435,28.7517010797583,46,1,0
24.249901123694116,0.755708527203125,0,33266.10257782921,3.285763852624789,21.909359501485667,99,2,0
37.89692623976107,4.181864354474506,0,10801.18620457586,2.582885523916122,117.83750848611427,22,1,1
13.814761926325772,0.5380340310445864,0,42947.053147604136,6.7424372187270984,3.732438367914237,27,2,2
19.748028558494354,1.3567940617472838,1,109683.12690612843,2.846267919290818,22.277521663452575,46,1,1
30.16639377066566,1.0775659285192933,0,42947.053147604136,3.692213825843912,9.065846025855016,26,2,2
34.25771213560293,1.9207580874856633,0,63318.7219489481,2.2686577960078367,8.378504248242585,33,0,2
10.671328338117334,1.1058228701599482,1,38112.724316003834,4.841309310033286,21.39141255634804,40,1,1
16.695019962185086,4.008159006675924,1,28241.441432117008,7.146957593520607,107.47000438445794,27,0,0
33.00683005644271,3.064847029921241,0,70318.97391840415,2.2686577960078367,90.07294102347979,34,0,0
12.773806631631793,2.684055556812348,0,88566.18153836479,9.887189031326468,108.35413441179624,16,0,2
18.90906203275493,4.591969420087646,1,39163.00093269256,7.787269330014599,86.89336225770874,9,2,2
27.902979223564667,2.9004997739254264,0,104413.99935935492,6.474458855526674,51.59100728559692,5,2,0
25.82006778713009,0.5518697457209489,0,72504.99527015082,1.0505525841544716,66.64134332802197,91,2,2
15.752841796586056,3.5122141829254776,1,37930.46285843538,2.5842269755554836,11.685244523623581,41,1,1
22.156326312349073,1.0783804318641892,1,64864.48323818945,9.141814083828116,108.92817242807325,25,2,0
29.1648688669789,3.498587890973914,1,39823.06043801188,4.5964909945332035,75.43068624727462,49,1,0
13.45878260363104,0.061971516001038784,1,38112.724316003834,4.6613800409789015,21.39141255634804,56,1,0
21.190051851029605,3.5194715264989918,1,31460.723600923662,5.271153121453834,28.7517010797583,54,0,0
49.653361116544524,0.04758356059289992,0,40449.81363288176,5.653828202173385,45.78332564466467,82,2,2
13.599617827735011,1.2302444484009074,1,74207.95654449436,7.0827538377951775,99.25570182561225,70,0,1
19.728783217015398,3.074962297816405,0,70229.2347397229,9.891909830919339,114.20196059697646,22,2,0
28.61386955134015,0.8761814786280014,1,3008.386663215623,7.02233840948613,53.739400587441516,56,0,0
26.356644827711353,4.169772477367806,0,68447.89378099501,7.67741956793369,77.77163356318212,22,2,1
12.833663172838698,2.3330834492153034,1,82829.39884273986,5.231377314761508,77.28785129833527,30,1,1
46.24883307238733,1.4856357017196316,0,6787.342931991854,1.6562840590541041,103.88210487357071,16,1,2
49.068293169709044,1.9302414467457982,0,84417.92055879648,0.7908080535128836,72.12039396079066,12,0,2
21.474605904745303,0.43303690044952187,0,110698.75647291547,5.378687858517418,77.73372413594237,20,2,1
23.493099349881827,4.591969420087646,1,92814.95294850007,7.818647922346004,18.35544611851533,20,1,2
14.723069494199311,3.0875596104236793,1,4061.6110276494182,6.968882469703535,52.385117122678786,40,0,1
14.865952669477775,1.8286738311917032,1,64844.662956814966,7.146957593520607,28.86171088587726,24,0,0
12.782590473467486,2.337126788228141,1,65073.68674986795,9.093144195064676,77.28515291198576,7,0,1
19.65990151526592,0.5135617436648356,1,65849.4829636882,7.02233840948613,113.8674710724595,54,2,0
29.09334681740999,3.498587890973914,0,39823.06043801188,4.507137195119347,75.43068624727462,49,1,0
11.448710295684025,2.854292136931595,1,64844.662956814966,7.146957593520607,52.10785172416531,24,0,0
18.90906203275493,4.591969420087646,1,39163.00093269256,7.787269330014599,86.89336225770874,9,2,0
12.491353381646606,3.6123521751139904,1,34787.02485196177,4.237885461238602,20.908496054979118,55,1,0
16.575477418385343,2.64026495110724,0,81440.23069624232,4.7559939212148645,108.37569014776943,30,0,1
16.165888625913983,4.591969420087646,1,39294.08446017599,7.818647922346004,30.139461366161232,22,0,0
29.423009921830076,4.043895251378283,0,10801.18620457586,2.582885523916122,117.83750848611427,22,0,1
16.6851740485158,2.042307317358519,0,84417.92055879648,2.402377303233555,70.93985503977558,3,2,2
11.02686714174689,3.0875596104236793,1,4061.6110276494182,6.67665630438659,52.385117122678786,36,0,1
17.95292557469869,4.591969420087646,1,42969.38124200983,7.830175535067406,84.76822086278636,75,1,2
21.190051851029605,3.5328121781939714,1,42320.2409918724,5.2750217744648875,30.719226309048576,54,0,2
46.28577331422961,1.2943786874838166,0,10418.438774124099,1.6562840590541041,102.2598435936225,15,0,0
37.27944908318091,0.9367244405893209,0,11182.029661578312,9.12507070761345,106.32663908769847,20,1,0
12.746551083443949,1.077492471318855,1,18364.48868297266,7.02233840948613,67.66077817951908,40,0,1
28.695247134558645,3.451822664610776,1,2489.9234379464433,9.08836289838496,55.54409680937866,27,0,1
26.428166877280265,4.390070470782882,1,68447.89378099501,7.67741956793369,75.33426855103814,13,2,1
27.749861075797078,1.8842537920376654,0,104413.99935935492,0.8775435263823261,28.34486644918909,12,0,0
29.26688146518034,3.5302753461078558,1,64844.662956814966,7.146957593520607,75.5406941227744,27,0,2
19.657848007892657,0.9261885023228335,1,38112.724316003834,5.160027732351974,29.234617581127296,59,0,1
12.737709122770047,4.047906233309377,1,29630.61820358238,7.146957593520607,107.47774166673611,27,1,0
16.788372587836026,3.7315696757418717,1,67876.19907338815,7.146957593520607,77.97494599396666,27,1,2
37.0877858691264,1.0141269706010434,1,3008.386663215623,7.02233840948613,53.739400587441516,40,1,0
48.35952856063379,3.5963804453413566,1,37930.46285843538,6.567114734906985,9.187571808841955,44,1,1
14.656053613327135,2.337126788228141,1,88566.18153836479,9.722976693052956,77.25862308692388,8,0,0
29.88184714245272,1.2302444484009074,1,74220.30886087078,4.032530455530926,104.11946706288491,5,0,1
13.814761926325772,0.5380340310445864,0,32087.535756655416,6.7385685657160055,3.732438367914237,27,2,0
32.9697021056938,3.064847029921241,0,68110.00504282246,2.2686577960078367,103.83351539306274,35,1,2
22.156326312349073,4.323173368233222,1,64487.55277803917,2.5971492655674524,117.99861185015645,25,2,0
16.171409753083704,2.337126788228141,1,65073.68674986795,9.093144195064676,77.28515291198576,7,0,0
13.338999403091016,2.337126788228141,1,64770.861125187184,9.140393733444945,77.28515291198576,9,1,1
12.71003281389093,3.8123038844054102,1,4033.9366712824467,7.146957593520607,51.4866002585562,23,0,0
13.04479243008028,2.3137835269641425,1,89779.01853748411,5.2750217744648875,30.37742126431053,54,0,2
33.00683005644271,3.064847029921241,0,70318.97391840415,2.251923793454401,54.8144126849877,34,0,0
21.190051851029605,3.6304731173441604,1,31460.723600923662,5.271153121453834,28.7517010797583,55,0,0
16.171409753083704,2.337126788228141,1,65073.68674986795,7.827555003340453,78.59153315866169,7,0,0
27.28473349188233,3.0364963520101895,0,104413.99935935492,0.8775435263823261,52.10149932412317,12,0,0
26.177864938441427,1.7304152998583153,1,64714.17158515332,7.67741956793369,3.5633809835709798,13,2,0
37.32450419480326,3.5302753461078558,1,58371.045668006125,7.146957593520607,75.5406941227744,27,0,0
37.693952713887334,4.5769443146545825,1,39257.249820057805,2.582885523916122,117.83750848611427,26,1,1
45.227240564285935,1.3052701167956988,0,9923.19509129172,1.6562840590541041,101.83819111200823,38,0,1
26.627534702185258,4.168895254562951,0,6099.985833098875,7.6520784453145225,77.77163356318212,22,2,1
22.09868780521941,4.232100993445716,1,64502.73273317075,9.001006596487949,118.13417060475325,22,2,0
17.965285254822053,4.008159006675924,1,65639.22998127862,6.8337670080120505,112.47414203260921,27,0,0
17.571019864498112,4.591969420087646,1,39325.47076990076,7.771398303969408,85.8666447607895,7,0,2
16.16304667483129,1.3130870294572015,1,29663.734980675974,7.02233840948613,108.37108242907381,40,1,0
20.92788626331987,3.5561554393311936,1,50837.89522098471,9.738231124960116,77.60042966419556,7,0,0
11.02686714174689,3.0875596104236793,1,14540.880866207444,6.67665630438659,105.03081520918616,36,0,1
16.788372587836026,3.7315696757418717,1,67876.19907338815,7.146957593520607,77.97494599396666,26,0,0
16.165888625913983,4.591969420087646,1,39294.08446017599,9.084237100165637,38.90960144365093,22,0,0
12.037504061989772,2.9106493917136964,1,64844.662956814966,7.146957593520607,51.59735968563906,24,0,0
15.116264474412311,4.497221062765463,1,73700.52868475167,7.146957593520607,77.79958576443363,24,0,1
18.90906203275493,4.591969420087646,1,39163.00093269256,7.787269330014599,86.89336225770874,12,2,0
29.221826353537427,0.9367244405893209,0,11182.029661578312,9.12507070761345,106.32663908769847,19,1,2
19.112042302632425,4.775583318075916,0,10707.002389596264,7.787269330014599,86.89336225770874,9,2,2
15.772829907228822,3.0875596104236793,1,4061.6110276494182,6.968882469703535,46.725791800954255,17,0,0
36.816895994198845,1.0149648209627213,1,65603.76185479388,7.047679532105297,53.739400587441516,40,1,0
22.156326312349073,1.1692856152903113,1,64849.303283057874,2.5585808119970137,108.791683131078,23,2,0
29.26688146518034,3.5302753461078558,1,27982.524071362768,7.146957593520607,75.5406941227744,27,0,0
28.405158211117282,4.62672006214827,1,39231.95562902708,6.77298591116128,86.89336225770874,1,2,0
35.348740671435756,4.0373756417723445,0,32310.88381395729,7.67741956793369,107.26672310737057,90,2,2
37.89692623976107,4.0665266789484145,0,97583.67312388215,2.582885523916122,77.71352672568722,28,1,0
13.814761926325772,0.024858062297089534,0,42947.053147604136,6.7424372187270984,3.732438367914237,26,2,2
49.36478720369748,1.6502767204874873,1,39796.31579872721,2.9511395318407194,22.277521663452575,46,1,1
21.59687584167529,0.4454342830548125,0,110359.41236453873,5.50736458975634,66.74196018084578,90,2,2
27.85553304731326,2.3397345389472184,0,104413.99935935492,0.8775435263823261,51.59100728559692,12,1,0
22.156326312349073,3.088447299400248,1,64864.48323818945,9.08836289838496,115.79555046113154,25,2,1
11.595958452847173,2.755240314763778,1,99052.11530512467,0.8292651394213979,55.40934295535821,52,2,2
19.781327901380514,0.6703093623911949,0,104040.86595318322,7.550706722447459,114.114798186409,24,1,2
23.08005241655531,3.5122141829254776,1,92342.13812160023,2.5842269755554836,22.42534312280521,41,1,1
33.00683005644271,3.064847029921241,0,70318.97391840415,2.2686577960078367,102.21125411311452,34,0,0
12.782590473467486,2.337126788228141,1,88566.18153836479,9.738231124960116,77.25862308692388,7,0,0
47.231722388333026,1.4856357017196316,0,6654.0699612617655,1.6248119714228004,103.38278562466233,3,2,2
17.95292557469869,4.591969420087646,1,39294.08446017599,7.818647922346004,84.76822086278636,9,1,2
31.176240244523154,0.4171984900448994,0,62595.62208112535,5.402442204665214,74.80790030395212,66,2,2
24.249901123694116,0.7238163685670801,0,14863.878090720893,2.989622714939877,21.909359501485667,99,2,0
24.375362248948647,1.8928537638843896,0,24941.29242281197,1.40384303468987,10.875784794226838,93,0,0
46.445711883782195,1.2961192222245121,0,21685.746509024593,9.462407334812132,7.476889048313664,70,1,1
45.56942971988879,3.0810481546228456,1,28827.20992197299,5.872544482182748,17.67830433537229,93,1,0
34.41611326289761,3.472771942420591,0,44582.32031002464,8.803969644099826,27.49658968541649,45,2,2
21.190051851029605,3.5194715264989918,1,34787.02485196177,4.598481206522376,28.7517010797583,55,0,0
16.19190702898389,3.8694303164509725,1,111094.57071802569,2.958112968254487,25.857875350375153,64,1,0
28.61386955134015,0.8761814786280014,1,3008.386663215623,7.02233840948613,53.739400587441516,40,0,0
16.788372587836026,3.7315696757418717,1,67876.19907338815,7.146957593520607,77.97494599396666,27,0,0
29.88184714245272,1.2302444484009074,1,75906.78860332702,4.032530455530926,104.11946706288491,70,0,1
12.824879331003004,2.68001221779951,0,82829.39884273986,4.7559939212148645,108.3834274300476,30,1,1
10.671328338117334,1.1058228701599482,1,38112.724316003834,4.841309310033286,21.39141255634804,56,1,1
31.26037378095036,4.060873153083006,0,118419.47254958977,9.465527938455343,115.57920629111548,7,1,1
25.69779785020009,0.5394723631156584,0,72198.82647356714,1.0505525841544716,77.63310728311856,21,2,1
49.85525207949216,2.1541891979283676,0,84417.92055879648,6.344533532803265,36.85529067510481,5,2,2
13.814761926325772,0.024858062297089534,0,42947.053147604136,6.7424372187270984,3.732438367914237,26,1,2
27.85553304731326,2.3397345389472184,0,104413.99935935492,0.8775435263823261,51.59100728559692,12,2,1
28.775060657180127,3.5194715264989918,1,32546.764447235448,4.628164740389877,27.371863489855436,55,0,0
12.824879331003004,2.68001221779951,0,18271.038082814237,4.686458392784262,108.3834274300476,30,1,1
21.29560612495544,3.088447299400248,1,64864.48323818945,6.310522661524353,115.79555046113154,24,2,2
20.779598740317027,0.4454342830548125,0,110359.41236453873,2.9926009197373555,64.30003207142721,90,2,2
35.348740671435756,0.5399351623372435,0,14015.02438747263,3.000577230399312,107.26672310737057,99,2,2
47.231722388333026,1.453713731581773,0,62721.72732312216,1.6248119714228004,101.72298659850065,3,2,2
12.846856342444205,2.755240314763778,1,29297.68825340704,0.502979882290151,4.575584896355254,92,2,2
38.59976420838797,1.2302444484009074,1,75906.78860332702,4.023107150712129,104.11946706288491,70,1,1
16.19190702898389,3.8694303164509725,1,111094.57071802569,3.2978047895801463,25.857875350375153,64,1,0
31.584444699099638,3.4138783322794675,0,88852.29361653655,9.691424110462398,25.140649401795077,14,2,2
19.781327901380514,0.6703093623911949,0,104040.86595318322,7.550706722447459,114.114798186409,24,1,0
26.167270229011795,3.3361596452534528,1,92342.13812160023,2.875796511201547,22.42534312280521,33,1,1
33.88530532495149,3.064847029921241,0,68067.92797026286,2.2686577960078367,107.77863914645609,34,0,0
31.26037378095036,4.060873153083006,0,118419.47254958977,9.465527938455343,104.65339543580235,7,2,1
25.69779785020009,0.5394723631156584,0,72198.82647356714,1.0138691844581116,77.63310728311856,21,1,0
21.028860745267977,0.8761814786280014,1,5276.603032459308,6.992654875530295,55.11923819845198,40,0,0
49.317278832055145,1.1590787234254207,0,86246.07801788292,9.525916430353362,7.476889048313664,65,1,1
49.795836128774184,2.1541891979283676,0,92968.4233138079,8.868102465400934,36.85529067510481,6,2,1
49.569337647152224,1.6502767204874873,1,36010.17593002864,5.46590320204547,22.277521663452575,46,1,1
24.249901123694116,4.222601073325955,0,33159.737812299725,7.6664639969853585,21.909359501485667,90,2,0
31.227505882535226,0.4491219926428279,0,6561.431671919934,5.402442204665214,74.80790030395212,66,2,2
45.56942971988879,3.0810481546228456,1,98581.10447422511,5.872544482182748,52.83353443453274,53,1,0
29.179009173019402,4.0665266789484145,0,97583.67312388215,1.9197305707519583,77.71352672568722,28,0,0
17.95292557469869,3.652757812037177,1,41742.758309192934,7.818647922346004,84.76822086278636,9,1,2
12.782590473467486,2.3960203983558537,1,50902.66372716568,8.850766020622233,79.61460559642845,48,0,0
24.375362248948647,1.8928537638843896,0,24941.29242281197,1.40384303468987,10.875784794226838,93,0,2
15.005657470434791,3.7315696757418717,1,70127.24502152947,7.146957593520607,72.40731402288887,27,0,0
22.097281217502243,3.2333607941591516,1,38032.6929444001,4.589317330631971,21.39141255634804,56,1,1
13.819342250821151,2.68001221779951,0,82829.39884273986,3.373972542601808,110.12502612447057,30,1,2
15.005657470434791,3.84914672640213,1,52089.50862314624,7.192456312436892,72.40731402288887,27,0,0
21.190051851029605,3.5194715264989918,1,2636.114615588085,7.0083776497963175,28.7517010797583,43,0,0
29.179009173019402,0.7096559347045877,0,97554.50035065715,1.9197305707519583,71.53289105362047,28,0,0
22.34878548413155,3.088447299400248,0,64864.48323818945,2.1953969033341707,115.79555046113154,4,2,1
21.864081816366742,3.09763685139144,1,55547.14456496929,6.310522661524353,116.75684207208639,24,2,1
47.650620533306046,0.41573096228287665,0,6654.0699612617655,1.6248119714228004,104.77970519064216,3,2,2
28.853700391423608,3.652757812037177,1,41742.758309192934,7.789100498841877,23.108756364363337,9,1,2
22.1477029972703,3.111434442702339,0,85942.10700199511,2.305632878628936,62.28764065787071,90,0,2
25.69779785020009,0.5394723631156584,0,72198.82647356714,1.9276598757520913,77.63310728311856,21,2,1
16.67409464444319,3.5451671421237454,0,61041.74211805838,7.034731980851427,64.30003207142721,90,2,2
17.95292557469869,4.31017762142641,1,39286.73421746063,3.235289111124299,85.20195659010949,46,1,1
12.960775783896205,1.0669409155715044,1,14149.723394480738,4.841309310033286,21.39141255634804,30,1,1
12.782590473467486,2.2666997380831626,1,88566.18153836479,9.738231124960116,77.25862308692388,53,2,2
12.820299006507625,0.024858062297089534,0,42947.053147604136,6.7424372187270984,3.0047250705412623,26,1,1
12.782590473467486,2.548644496656506,1,68940.4001255489,8.80526727238199,79.61460559642845,45,0,0
28.61386955134015,0.8761814786280014,1,35225.85485629976,4.612441966122681,53.739400587441516,55,0,0
19.781327901380514,4.718215233027422,0,104070.03872640815,7.550706722447459,114.114798186409,24,1,0
33.88530532495149,3.064847029921241,1,68067.92797026286,9.157277695406462,107.77863914645609,34,0,0
21.296990686773707,3.450551057932338,1,91612.15262235413,2.225352230389992,20.587365374680424,41,1,2
21.028860745267977,0.8644802825888775,1,5276.603032459308,6.992654875530295,42.98103126735988,40,0,0
25.25400929460545,1.4934617547230409,0,72198.82647356714,1.0138691844581116,76.23618042610248,21,1,0
17.874285976474134,3.6288198919880705,1,32546.764447235448,4.657712113656341,89.0316756512693,49,0,0
32.73834192524195,0.3998196995400971,0,70318.97391840415,5.470389547655681,106.66483947253407,34,2,0
47.231722388333026,1.453713731581773,0,62721.72732312216,1.6175434763447774,101.72298659850065,3,2,2
20.893876683722727,0.6328172386986779,1,116852.01604579095,3.1048265106054806,77.97494599396666,27,0,0
49.36478720369748,2.26599458926377,1,39803.66604144257,7.8616158018563835,21.844046554655304,9,1,2
10.210001304547092,2.718894240921525,0,42120.45162803005,4.50652929547673,108.3834274300476,60,1,1
11.595958452847173,2.755240314763778,1,99052.11530512467,0.8292651394213979,52.07853994103594,6,0,0
11.136007127600099,1.464447422857773,1,6654.0699612617655,1.6385513332605863,103.38278562466233,9,2,2
13.991908995274827,4.0665266789484145,0,97583.67312388215,1.9197305707519583,77.71352672568722,28,0,1
22.156326312349073,1.1839793020965397,1,64864.48323818945,7.196991999781678,117.58121908234936,19,2,1
19.951219057728153,0.12207117894393105,0,34787.02485196177,1.6063246313313464,31.895473492461,55,0,0
34.086693524124065,2.337126788228141,1,88566.18153836479,9.146364003953432,106.42772106919355,7,0,0
23.11290778580905,3.6483910229817216,1,55547.14456496929,6.310522661524353,22.11831389124024,41,2,1
13.814761926325772,0.8598874433674437,0,42947.053147604136,6.7424372187270984,0.892457319834528,26,1,0
12.820690770017363,0.09427102821856392,1,50094.294845441604,8.810485793256614,79.14178471457056,48,0,0
13.134488836152002,1.464447422857773,1,6813.770419440309,1.6385513332605863,105.04941221394373,9,2,2
13.256204553186803,0.4454342830548125,0,111161.5462689659,8.687124060129879,64.30003207142721,89,2,0
15.005657470434791,3.7315696757418717,1,70127.24502152947,7.146957593520607,69.58838369322135,27,0,0
18.493465011689334,0.8761814786280014,1,40990.24486435109,6.9873696573494355,53.44319523066483,40,1,0
17.920040182721078,4.579819379946009,1,35031.984960060894,8.345270689964904,53.450409279725115,9,1,2
34.2402416131694,3.064847029921241,0,98151.0430467545,2.2686577960078367,107.77863914645609,34,0,0
16.92998953927188,3.088447299400248,0,67721.37913575939,7.106675627182008,118.87001812600813,4,2,0
27.09340519709886,1.0669409155715044,1,14149.723394480738,4.245995792396336,21.39141255634804,30,1,0
21.028860745267977,3.1048516224923026,1,5276.603032459308,8.884024595257731,42.98103126735988,40,0,0
48.675242047867954,3.7301546595038495,1,9587.313700725701,5.132172496174601,101.63107907957283,8,2,2
12.5946128102372,3.064847029921241,1,68067.92797026286,9.749143973048884,84.18108385259056,34,0,0
21.831226447113004,3.6042416494507865,1,92342.13812160023,2.4088263508376038,116.47951742918673,24,1,1
28.61386955134015,0.1777948177188342,1,3008.386663215623,7.02233840948613,56.18232991143387,40,0,2
12.782198709957749,2.35803811432209,0,46014.068527844356,6.782717207375164,3.8580910586006354,26,1,1
21.190051851029605,3.5194715264989918,1,2476.414833972619,7.0083776497963175,28.7517010797583,43,0,0
20.30600818855209,2.548644496656506,1,67753.02716583191,3.110392147168499,79.61460559642845,46,0,2
15.005657470434791,3.84914672640213,1,56260.50720504176,7.192456312436892,65.15451480809128,31,0,0
28.4558295543844,3.652757812037177,1,898.08160424156,7.794385717022734,23.216644020316966,9,0,2
28.646755034777023,0.7675976319883758,1,39487.954356414855,3.7343081804443443,85.057212165683,55,0,0
49.569337647152224,1.6238816152072166,1,36010.17593002864,5.46590320204547,22.277521663452575,51,1,1
11.331855361740129,2.755240314763778,1,68968.99970929854,0.8292651394213979,52.07853994103594,6,0,0
22.207168532908458,3.7315696757418717,1,65019.30317581821,2.7450293198906457,77.97494599396666,27,0,1
21.190051851029605,3.5194715264989918,1,34787.02485196177,4.598481206522376,116.52071227388025,55,0,0
11.331855361740129,2.755240314763778,1,68968.99970929854,0.8467120623787587,105.34636617957752,9,0,0
16.2418761577389,3.088447299400248,0,71530.87243572244,7.601358735470779,118.9630963856471,27,2,1
22.107302741957323,3.0882519896688776,0,87536.0583921187,1.8846069387971014,78.74938341389215,4,2,0
27.09340519709886,1.0669409155715044,1,15248.59706906703,5.0571406396555485,21.39141255634804,51,0,0
24.77736749123493,3.7315696757418717,1,75557.72552877422,7.146957593520607,79.66460066035005,44,0,0
35.916955394213176,2.328906464974694,1,89110.79972488775,8.457298183097793,77.97494599396666,6,0,0
28.378761113460417,2.68001221779951,0,18271.038082814237,4.214844637256254,108.3834274300476,29,1,1
14.659846816976975,3.7301737153195402,1,72653.48161804733,8.820460702975073,72.40731402288887,27,0,0
15.005657470434791,4.372119986420949,1,53756.11462794829,7.185592516103124,72.50547433324397,27,0,0
25.905108588734954,0.981071621368334,1,43203.1978917998,6.9873696573494355,48.59092633150569,40,1,0
12.5946128102372,3.064847029921241,1,78678.0294584509,9.749143973048884,83.71188268689693,34,0,0
23.753341079777588,0.41573096228287665,1,6654.0699612617655,1.6248119714228004,78.11529244505817,1,2,2
13.29704534064635,3.872138868866255,1,7509.261831687087,7.192456312436892,103.84490936566708,9,0,0
21.656819999772637,4.602176196912271,1,39811.13502707235,7.818647922346004,84.76822086278636,6,1,2
13.134488836152002,1.464447422857773,1,6813.770419440309,1.6089013452704721,51.78068182387887,6,2,2
21.864081816366742,3.09763685139144,1,54082.711403771325,6.310522661524353,116.75684207208639,4,2,0
13.024165664072338,2.3373220979595084,1,65894.60638409849,9.738231124960116,114.2809355178847,10,0,1
20.791705566803014,3.5194715264989918,1,2636.114615588085,7.0083776497963175,28.7517010797583,30,1,0
14.912596572988528,3.5194715264989918,1,2476.414833972619,7.0083776497963175,28.7517010797583,26,0,0
16.666049525042492,3.739789997042218,1,67331.58088662429,8.448646409133138,106.42772106919355,28,0,0
13.061783685746736,0.8761814786280014,1,3008.386663215623,7.02233840948613,53.739400587441516,41,0,0
12.78549695712239,2.550040456877149,1,68649.65853231477,7.131764135105666,79.61460559642845,45,0,0
21.028860745267977,0.8761814786280014,1,3757.6087049581693,6.999518671864063,55.11923819845198,40,0,0
18.50435963803178,3.1476791819953025,1,64864.48323818945,9.08836289838496,116.33040101333144,22,2,1
33.88530532495149,3.064847029921241,1,68067.92797026286,9.157277695406462,108.24782827919748,34,0,0
46.08088366764802,3.7315696757418717,0,65019.30317581821,2.7450293198906457,104.63935652641548,14,0,1
11.136007127600099,1.4548859862492978,1,55422.46236881048,1.6385513332605863,64.69233794345575,26,2,2
11.595958452847173,2.650250297344864,1,99052.11530512467,0.8292651394213979,52.07853994103594,10,0,0
17.922534938379023,3.7315696757418717,1,41298.95135470947,7.811836085622558,72.06210156400087,41,1,0
15.009535766187323,4.591969420087646,1,68122.37812762684,7.153769430244053,87.05285048076074,9,0,2
