bandwidth,cruise_speed,firm_obstacle,illuminance,obstacle_distance,obstacle_size,power,quality,smoke_intensity
19.359421218985027,2.476847168951997,0,98138.23127214791,2.304176309910493,117.18262858358511,54,2,1
19.359421218985027,2.476847168951997,0,98138.23127214791,2.304176309910493,117.18262858358511,57,2,1
19.359421218985027,2.476847168951997,0,98138.23127214791,2.304176309910493,117.18262858358511,83,2,1
19.359421218985027,2.476847168951997,0,98138.23127214791,2.304176309910493,117.18262858358511,43,2,1
19.359421218985027,2.476847168951997,0,98138.23127214791,2.304176309910493,117.18262858358511,77,2,1
19.359421218985027,2.476847168951997,0,98138.23127214791,2.304176309910493,117.18262858358511,9,2,1
19.359421218985027,2.476847168951997,0,98138.23127214791,2.304176309910493,117.18262858358511,53,2,1
19.359421218985027,2.476847168951997,0,98138.23127214791,2.304176309910493,117.18262858358511,35,2,1
19.359421218985027,2.476847168951997,0,98138.23127214791,2.304176309910493,117.18262858358511,1,2,1
19.359421218985027,2.476847168951997,0,98138.23127214791,2.304176309910493,117.18262858358511,62,2,1
19.359421218985027,2.476847168951997,0,98138.23127214791,2.304176309910493,117.18262858358511,46,2,1
19.359421218985027,2.476847168951997,0,98138.23127214791,2.304176309910493,117.18262858358511,2,2,1
19.359421218985027,2.476847168951997,0,98138.23127214791,2.304176309910493,117.18262858358511,30,2,1
19.359421218985027,2.476847168951997,0,98138.23127214791,2.304176309910493,117.18262858358511,88,2,1
19.359421218985027,2.476847168951997,0,98138.23127214791,2.304176309910493,117.18262858358511,7,2,1
19.359421218985027,2.476847168951997,0,98138.23127214791,2.304176309910493,117.18262858358511,86,2,1
19.359421218985027,2.476847168951997,0,98138.23127214791,2.304176309910493,117.18262858358511,89,2,1
19.359421218985027,2.476847168951997,0,98138.23127214791,2.304176309910493,117.18262858358511,4,2,1
19.359421218985027,2.476847168951997,0,98138.23127214791,2.304176309910493,117.18262858358511,13,2,1
19.359421218985027,2.476847168951997,0,98138.23127214791,2.304176309910493,117.18262858358511,81,2,1
19.359421218985027,2.476847168951997,0,98138.23127214791,2.304176309910493,117.18262858358511,4,2,1
19.359421218985027,2.476847168951997,0,98138.23127214791,2.304176309910493,117.18262858358511,18,2,1
19.359421218985027,2.476847168951997,0,98138.23127214791,2.304176309910493,117.18262858358511,81,2,1
19.359421218985027,2.476847168951997,0,98138.23127214791,2.304176309910493,117.18262858358511,70,2,1
19.359421218985027,2.476847168951997,0,98138.23127214791,2.304176309910493,117.18262858358511,52,2,1
19.359421218985027,2.476847168951997,0,98138.23127214791,2.304176309910493,117.18262858358511,15,2,1
19.359421218985027,2.476847168951997,0,98138.23127214791,2.304176309910493,117.18262858358511,21,2,1
19.359421218985027,2.476847168951997,0,98138.23127214791,2.304176309910493,117.18262858358511,69,2,1
19.359421218985027,2.476847168951997,0,98138.23127214791,2.304176309910493,117.18262858358511,26,2,1
19.359421218985027,2.476847168951997,0,98138.23127214791,2.304176309910493,117.18262858358511,96,2,1
19.82163101693053,4.924924938749738,1,52146.370941415575,3.558616288611578,38.247596055349746,36,0,0
19.82163101693053,3.3164763349660014,1,52146.370941415575,3.558616288611578,38.247596055349746,36,0,0
19.82163101693053,0.8179408116111847,1,52146.370941415575,3.558616288611578,38.247596055349746,36,0,0
19.82163101693053,1.9745532363783491,1,52146.370941415575,3.558616288611578,38.247596055349746,36,0,0
19.82163101693053,1.3899760632245073,1,52146.370941415575,3.558616288611578,38.247596055349746,36,0,0
19.82163101693053,4.778348476399293,1,52146.370941415575,3.558616288611578,38.247596055349746,36,0,0
19.82163101693053,1.49672531749869,1,52146.370941415575,3.558616288611578,38.247596055349746,36,0,0
19.82163101693053,2.8053849736316483,1,52146.370941415575,3.558616288611578,38.247596055349746,36,0,0
19.82163101693053,2.036826475997189,1,52146.370941415575,3.558616288611578,38.247596055349746,36,0,0
19.82163101693053,0.693637754003788,1,52146.370941415575,3.558616288611578,38.247596055349746,36,0,0
19.82163101693053,1.9237075593276098,1,52146.370941415575,3.558616288611578,38.247596055349746,36,0,0
19.82163101693053,3.847075269143572,1,52146.370941415575,3.558616288611578,38.247596055349746,36,0,0
19.82163101693053,2.0679967873218525,1,52146.370941415575,3.558616288611578,38.247596055349746,36,0,0
19.82163101693053,3.396572936290931,1,52146.370941415575,3.558616288611578,38.247596055349746,36,0,0
19.82163101693053,2.909269382481262,1,52146.370941415575,3.558616288611578,38.247596055349746,36,0,0
19.82163101693053,0.3826108955826141,1,52146.370941415575,3.558616288611578,38.247596055349746,36,0,0
19.82163101693053,3.6494242902333602,1,52146.370941415575,3.558616288611578,38.247596055349746,36,0,0
19.82163101693053,3.369880266882306,1,52146.370941415575,3.558616288611578,38.247596055349746,36,0,0
19.82163101693053,4.009663725024558,1,52146.370941415575,3.558616288611578,38.247596055349746,36,0,0
19.82163101693053,0.7446572749245567,1,52146.370941415575,3.558616288611578,38.247596055349746,36,0,0
19.82163101693053,4.872495603370005,1,52146.370941415575,3.558616288611578,38.247596055349746,36,0,0
19.82163101693053,4.338267737936935,1,52146.370941415575,3.558616288611578,38.247596055349746,36,0,0
19.82163101693053,4.515349258562002,1,52146.370941415575,3.558616288611578,38.247596055349746,36,0,0
19.82163101693053,4.809725401219054,1,52146.370941415575,3.558616288611578,38.247596055349746,36,0,0
19.82163101693053,3.105845041247291,1,52146.370941415575,3.558616288611578,38.247596055349746,36,0,0
19.82163101693053,1.8559005445323662,1,52146.370941415575,3.558616288611578,38.247596055349746,36,0,0
19.82163101693053,0.2898268523478281,1,52146.370941415575,3.558616288611578,38.247596055349746,36,0,0
19.82163101693053,3.49296709986056,1,52146.370941415575,3.558616288611578,38.247596055349746,36,0,0
19.82163101693053,3.1579597875016425,1,52146.370941415575,3.558616288611578,38.247596055349746,36,0,0
19.82163101693053,3.245184166154293,1,52146.370941415575,3.558616288611578,38.247596055349746,36,0,0
10.264691562370384,3.06572576452056,1,59454.28015277842,3.5246301677437595,117.95006517156416,93,0,1
47.827320257768015,3.06572576452056,1,59454.28015277842,3.5246301677437595,117.95006517156416,93,0,1
25.48204855836248,3.06572576452056,1,59454.28015277842,3.5246301677437595,117.95006517156416,93,0,1
12.810090082095096,3.06572576452056,1,59454.28015277842,3.5246301677437595,117.95006517156416,93,0,1
49.568118934227066,3.06572576452056,1,59454.28015277842,3.5246301677437595,117.95006517156416,93,0,1
39.430399892201926,3.06572576452056,1,59454.28015277842,3.5246301677437595,117.95006517156416,93,0,1
30.928054023537783,3.06572576452056,1,59454.28015277842,3.5246301677437595,117.95006517156416,93,0,1
40.58590520845111,3.06572576452056,1,59454.28015277842,3.5246301677437595,117.95006517156416,93,0,1
42.10364550380453,3.06572576452056,1,59454.28015277842,3.5246301677437595,117.95006517156416,93,0,1
36.665714189583426,3.06572576452056,1,59454.28015277842,3.5246301677437595,117.95006517156416,93,0,1
24.051355447855933,3.06572576452056,1,59454.28015277842,3.5246301677437595,117.95006517156416,93,0,1
22.763044524245103,3.06572576452056,1,59454.28015277842,3.5246301677437595,117.95006517156416,93,0,1
36.78563996067088,3.06572576452056,1,59454.28015277842,3.5246301677437595,117.95006517156416,93,0,1
15.753198781157467,3.06572576452056,1,59454.28015277842,3.5246301677437595,117.95006517156416,93,0,1
18.05254502660621,3.06572576452056,1,59454.28015277842,3.5246301677437595,117.95006517156416,93,0,1
17.872538885476065,3.06572576452056,1,59454.28015277842,3.5246301677437595,117.95006517156416,93,0,1
28.409890115597975,3.06572576452056,1,59454.28015277842,3.5246301677437595,117.95006517156416,93,0,1
34.572632879269065,3.06572576452056,1,59454.28015277842,3.5246301677437595,117.95006517156416,93,0,1
30.124163495252038,3.06572576452056,1,59454.28015277842,3.5246301677437595,117.95006517156416,93,0,1
40.81120502667669,3.06572576452056,1,59454.28015277842,3.5246301677437595,117.95006517156416,93,0,1
48.235485626966295,3.06572576452056,1,59454.28015277842,3.5246301677437595,117.95006517156416,93,0,1
13.546501591498679,3.06572576452056,1,59454.28015277842,3.5246301677437595,117.95006517156416,93,0,1
16.435746133674506,3.06572576452056,1,59454.28015277842,3.5246301677437595,117.95006517156416,93,0,1
40.260447790195826,3.06572576452056,1,59454.28015277842,3.5246301677437595,117.95006517156416,93,0,1
24.107727112522856,3.06572576452056,1,59454.28015277842,3.5246301677437595,117.95006517156416,93,0,1
36.147951652557786,3.06572576452056,1,59454.28015277842,3.5246301677437595,117.95006517156416,93,0,1
13.027983865998202,3.06572576452056,1,59454.28015277842,3.5246301677437595,117.95006517156416,93,0,1
15.62848902475392,3.06572576452056,1,59454.28015277842,3.5246301677437595,117.95006517156416,93,0,1
45.1425085057237,3.06572576452056,1,59454.28015277842,3.5246301677437595,117.95006517156416,93,0,1
27.349091259603675,3.06572576452056,1,59454.28015277842,3.5246301677437595,117.95006517156416,93,0,1
41.60684275605281,1.3496365012389329,0,26093.470132010236,5.061573647409596,16.34322653862966,75,2,0
41.60684275605281,1.3496365012389329,0,26093.470132010236,5.061573647409596,16.34322653862966,75,0,0
41.60684275605281,1.3496365012389329,0,26093.470132010236,5.061573647409596,16.34322653862966,75,1,0
41.60684275605281,1.3496365012389329,0,26093.470132010236,5.061573647409596,16.34322653862966,75,2,0
41.60684275605281,1.3496365012389329,0,26093.470132010236,5.061573647409596,16.34322653862966,75,1,0
41.60684275605281,1.3496365012389329,0,26093.470132010236,5.061573647409596,16.34322653862966,75,0,0
41.60684275605281,1.3496365012389329,0,26093.470132010236,5.061573647409596,16.34322653862966,75,2,0
41.60684275605281,1.3496365012389329,0,26093.470132010236,5.061573647409596,16.34322653862966,75,0,0
41.60684275605281,1.3496365012389329,0,26093.470132010236,5.061573647409596,16.34322653862966,75,1,0
41.60684275605281,1.3496365012389329,0,26093.470132010236,5.061573647409596,16.34322653862966,75,1,0
41.60684275605281,1.3496365012389329,0,26093.470132010236,5.061573647409596,16.34322653862966,75,0,0
41.60684275605281,1.3496365012389329,0,26093.470132010236,5.061573647409596,16.34322653862966,75,1,0
41.60684275605281,1.3496365012389329,0,26093.470132010236,5.061573647409596,16.34322653862966,75,0,0
41.60684275605281,1.3496365012389329,0,26093.470132010236,5.061573647409596,16.34322653862966,75,0,0
41.60684275605281,1.3496365012389329,0,26093.470132010236,5.061573647409596,16.34322653862966,75,0,0
41.60684275605281,1.3496365012389329,0,26093.470132010236,5.061573647409596,16.34322653862966,75,2,0
41.60684275605281,1.3496365012389329,0,26093.470132010236,5.061573647409596,16.34322653862966,75,0,0
41.60684275605281,1.3496365012389329,0,26093.470132010236,5.061573647409596,16.34322653862966,75,0,0
41.60684275605281,1.3496365012389329,0,26093.470132010236,5.061573647409596,16.34322653862966,75,1,0
41.60684275605281,1.3496365012389329,0,26093.470132010236,5.061573647409596,16.34322653862966,75,2,0
41.60684275605281,1.3496365012389329,0,26093.470132010236,5.061573647409596,16.34322653862966,75,2,0
41.60684275605281,1.3496365012389329,0,26093.470132010236,5.061573647409596,16.34322653862966,75,1,0
41.60684275605281,1.3496365012389329,0,26093.470132010236,5.061573647409596,16.34322653862966,75,2,0
41.60684275605281,1.3496365012389329,0,26093.470132010236,5.061573647409596,16.34322653862966,75,2,0
41.60684275605281,1.3496365012389329,0,26093.470132010236,5.061573647409596,16.34322653862966,75,0,0
41.60684275605281,1.3496365012389329,0,26093.470132010236,5.061573647409596,16.34322653862966,75,1,0
41.60684275605281,1.3496365012389329,0,26093.470132010236,5.061573647409596,16.34322653862966,75,0,0
41.60684275605281,1.3496365012389329,0,26093.470132010236,5.061573647409596,16.34322653862966,75,1,0
41.60684275605281,1.3496365012389329,0,26093.470132010236,5.061573647409596,16.34322653862966,75,0,0
41.60684275605281,1.3496365012389329,0,26093.470132010236,5.061573647409596,16.34322653862966,75,0,0
26.271448013480956,2.7615631912368284,0,97003.65265992907,0.6360391277947164,112.48949224677591,91,0,0
26.271448013480956,2.7615631912368284,0,38408.386814938836,0.6360391277947164,112.48949224677591,91,0,0
26.271448013480956,2.7615631912368284,0,64543.03796463794,0.6360391277947164,112.48949224677591,91,0,0
26.271448013480956,2.7615631912368284,0,102252.84075014926,0.6360391277947164,112.48949224677591,91,0,0
26.271448013480956,2.7615631912368284,0,80113.18360322808,0.6360391277947164,112.48949224677591,91,0,0
26.271448013480956,2.7615631912368284,0,26705.724737630306,0.6360391277947164,112.48949224677591,91,0,0
26.271448013480956,2.7615631912368284,0,118454.42465206806,0.6360391277947164,112.48949224677591,91,0,0
26.271448013480956,2.7615631912368284,0,95760.47372354516,0.6360391277947164,112.48949224677591,91,0,0
26.271448013480956,2.7615631912368284,0,61786.49993520274,0.6360391277947164,112.48949224677591,91,0,0
26.271448013480956,2.7615631912368284,0,89617.05120579057,0.6360391277947164,112.48949224677591,91,0,0
26.271448013480956,2.7615631912368284,0,36773.379535117485,0.6360391277947164,112.48949224677591,91,0,0
26.271448013480956,2.7615631912368284,0,41437.60185142046,0.6360391277947164,112.48949224677591,91,0,0
26.271448013480956,2.7615631912368284,0,52407.64504699015,0.6360391277947164,112.48949224677591,91,0,0
26.271448013480956,2.7615631912368284,0,36447.10215803477,0.6360391277947164,112.48949224677591,91,0,0
26.271448013480956,2.7615631912368284,0,39092.72989563378,0.6360391277947164,112.48949224677591,91,0,0
26.271448013480956,2.7615631912368284,0,79730.9483984989,0.6360391277947164,112.48949224677591,91,0,0
26.271448013480956,2.7615631912368284,0,56947.249182602725,0.6360391277947164,112.48949224677591,91,0,0
26.271448013480956,2.7615631912368284,0,33476.25516891816,0.6360391277947164,112.48949224677591,91,0,0
26.271448013480956,2.7615631912368284,0,74571.11343259383,0.6360391277947164,112.48949224677591,91,0,0
26.271448013480956,2.7615631912368284,0,48328.57265488085,0.6360391277947164,112.48949224677591,91,0,0
26.271448013480956,2.7615631912368284,0,57104.90534365815,0.6360391277947164,112.48949224677591,91,0,0
26.271448013480956,2.7615631912368284,0,83614.07852459117,0.6360391277947164,112.48949224677591,91,0,0
26.271448013480956,2.7615631912368284,0,75313.86605839664,0.6360391277947164,112.48949224677591,91,0,0
26.271448013480956,2.7615631912368284,0,118341.91288502303,0.6360391277947164,112.48949224677591,91,0,0
26.271448013480956,2.7615631912368284,0,39186.190338402776,0.6360391277947164,112.48949224677591,91,0,0
26.271448013480956,2.7615631912368284,0,72214.70093344635,0.6360391277947164,112.48949224677591,91,0,0
26.271448013480956,2.7615631912368284,0,98444.14424416226,0.6360391277947164,112.48949224677591,91,0,0
26.271448013480956,2.7615631912368284,0,38981.858507225836,0.6360391277947164,112.48949224677591,91,0,0
26.271448013480956,2.7615631912368284,0,42645.26550148216,0.6360391277947164,112.48949224677591,91,0,0
26.271448013480956,2.7615631912368284,0,62280.116306142714,0.6360391277947164,112.48949224677591,91,0,0
32.642736624916935,4.332247376719898,1,68264.57848279313,9.018049414323,73.142244186299,32,1,0
32.642736624916935,4.332247376719898,1,68264.57848279313,9.018049414323,73.142244186299,32,1,2
32.642736624916935,4.332247376719898,1,68264.57848279313,9.018049414323,73.142244186299,32,1,0
32.642736624916935,4.332247376719898,1,68264.57848279313,9.018049414323,73.142244186299,32,1,0
32.642736624916935,4.332247376719898,1,68264.57848279313,9.018049414323,73.142244186299,32,1,0
32.642736624916935,4.332247376719898,1,68264.57848279313,9.018049414323,73.142244186299,32,1,1
32.642736624916935,4.332247376719898,1,68264.57848279313,9.018049414323,73.142244186299,32,1,1
32.642736624916935,4.332247376719898,1,68264.57848279313,9.018049414323,73.142244186299,32,1,1
32.642736624916935,4.332247376719898,1,68264.57848279313,9.018049414323,73.142244186299,32,1,0
32.642736624916935,4.332247376719898,1,68264.57848279313,9.018049414323,73.142244186299,32,1,2
32.642736624916935,4.332247376719898,1,68264.57848279313,9.018049414323,73.142244186299,32,1,0
32.642736624916935,4.332247376719898,1,68264.57848279313,9.018049414323,73.142244186299,32,1,2
32.642736624916935,4.332247376719898,1,68264.57848279313,9.018049414323,73.142244186299,32,1,2
32.642736624916935,4.332247376719898,1,68264.57848279313,9.018049414323,73.142244186299,32,1,0
32.642736624916935,4.332247376719898,1,68264.57848279313,9.018049414323,73.142244186299,32,1,1
32.642736624916935,4.332247376719898,1,68264.57848279313,9.018049414323,73.142244186299,32,1,2
32.642736624916935,4.332247376719898,1,68264.57848279313,9.018049414323,73.142244186299,32,1,2
32.642736624916935,4.332247376719898,1,68264.57848279313,9.018049414323,73.142244186299,32,1,2
32.642736624916935,4.332247376719898,1,68264.57848279313,9.018049414323,73.142244186299,32,1,1
32.642736624916935,4.332247376719898,1,68264.57848279313,9.018049414323,73.142244186299,32,1,1
32.642736624916935,4.332247376719898,1,68264.57848279313,9.018049414323,73.142244186299,32,1,2
32.642736624916935,4.332247376719898,1,68264.57848279313,9.018049414323,73.142244186299,32,1,2
32.642736624916935,4.332247376719898,1,68264.57848279313,9.018049414323,73.142244186299,32,1,1
32.642736624916935,4.332247376719898,1,68264.57848279313,9.018049414323,73.142244186299,32,1,2
32.642736624916935,4.332247376719898,1,68264.57848279313,9.018049414323,73.142244186299,32,1,0
32.642736624916935,4.332247376719898,1,68264.57848279313,9.018049414323,73.142244186299,32,1,1
32.642736624916935,4.332247376719898,1,68264.57848279313,9.018049414323,73.142244186299,32,1,1
32.642736624916935,4.332247376719898,1,68264.57848279313,9.018049414323,73.142244186299,32,1,0
32.642736624916935,4.332247376719898,1,68264.57848279313,9.018049414323,73.142244186299,32,1,0
32.642736624916935,4.332247376719898,1,68264.57848279313,9.018049414323,73.142244186299,32,1,2
11.224012502953794,3.4254508376966113,0,110138.7772256428,9.893007917235419,52.27420305752494,15,0,0
11.224012502953794,3.4254508376966113,0,110138.7772256428,9.893007917235419,42.17976333424192,15,0,0
11.224012502953794,3.4254508376966113,0,110138.7772256428,9.893007917235419,84.50200821143068,15,0,0
11.224012502953794,3.4254508376966113,0,110138.7772256428,9.893007917235419,59.41248625720028,15,0,0
11.224012502953794,3.4254508376966113,0,110138.7772256428,9.893007917235419,7.61122945116421,15,0,0
11.224012502953794,3.4254508376966113,0,110138.7772256428,9.893007917235419,6.550497461721321,15,0,0
11.224012502953794,3.4254508376966113,0,110138.7772256428,9.893007917235419,67.45262824618298,15,0,0
11.224012502953794,3.4254508376966113,0,110138.7772256428,9.893007917235419,52.34169871257181,15,0,0
11.224012502953794,3.4254508376966113,0,110138.7772256428,9.893007917235419,78.18190350253694,15,0,0
11.224012502953794,3.4254508376966113,0,110138.7772256428,9.893007917235419,33.81125874825669,15,0,0
11.224012502953794,3.4254508376966113,0,110138.7772256428,9.893007917235419,76.64097121827817,15,0,0
11.224012502953794,3.4254508376966113,0,110138.7772256428,9.893007917235419,109.8381134687236,15,0,0
11.224012502953794,3.4254508376966113,0,110138.7772256428,9.893007917235419,8.661437169706382,15,0,0
11.224012502953794,3.4254508376966113,0,110138.7772256428,9.893007917235419,31.97397466715207,15,0,0
11.224012502953794,3.4254508376966113,0,110138.7772256428,9.893007917235419,105.74160093676915,15,0,0
11.224012502953794,3.4254508376966113,0,110138.7772256428,9.893007917235419,81.92992937449718,15,0,0
11.224012502953794,3.4254508376966113,0,110138.7772256428,9.893007917235419,17.490619257454668,15,0,0
11.224012502953794,3.4254508376966113,0,110138.7772256428,9.893007917235419,72.51130819482344,15,0,0
11.224012502953794,3.4254508376966113,0,110138.7772256428,9.893007917235419,86.8596446073145,15,0,0
11.224012502953794,3.4254508376966113,0,110138.7772256428,9.893007917235419,61.60118072414114,15,0,0
11.224012502953794,3.4254508376966113,0,110138.7772256428,9.893007917235419,54.103686008330534,15,0,0
11.224012502953794,3.4254508376966113,0,110138.7772256428,9.893007917235419,0.7754722493209032,15,0,0
11.224012502953794,3.4254508376966113,0,110138.7772256428,9.893007917235419,20.470553338158865,15,0,0
11.224012502953794,3.4254508376966113,0,110138.7772256428,9.893007917235419,95.31476781748894,15,0,0
11.224012502953794,3.4254508376966113,0,110138.7772256428,9.893007917235419,57.082813378956246,15,0,0
11.224012502953794,3.4254508376966113,0,110138.7772256428,9.893007917235419,47.930746978997135,15,0,0
11.224012502953794,3.4254508376966113,0,110138.7772256428,9.893007917235419,113.1898426045443,15,0,0
11.224012502953794,3.4254508376966113,0,110138.7772256428,9.893007917235419,18.62612753266083,15,0,0
11.224012502953794,3.4254508376966113,0,110138.7772256428,9.893007917235419,2.5618909707767212,15,0,0
11.224012502953794,3.4254508376966113,0,110138.7772256428,9.893007917235419,44.26014205662192,15,0,0
24.157299063466283,0.16876308580453414,1,37812.589981822486,0.7936699509390321,89.09914831228153,27,2,2
24.157299063466283,0.16876308580453414,1,37812.589981822486,1.796718852399244,89.09914831228153,27,2,2
24.157299063466283,0.16876308580453414,1,37812.589981822486,7.360955584455033,89.09914831228153,27,2,2
24.157299063466283,0.16876308580453414,1,37812.589981822486,0.9666064365286764,89.09914831228153,27,2,2
24.157299063466283,0.16876308580453414,1,37812.589981822486,8.802895755409828,89.09914831228153,27,2,2
24.157299063466283,0.16876308580453414,1,37812.589981822486,3.7653775544192527,89.09914831228153,27,2,2
24.157299063466283,0.16876308580453414,1,37812.589981822486,1.541858335126921,89.09914831228153,27,2,2
24.157299063466283,0.16876308580453414,1,37812.589981822486,2.775734819304343,89.09914831228153,27,2,2
24.157299063466283,0.16876308580453414,1,37812.589981822486,1.7249918628306904,89.09914831228153,27,2,2
24.157299063466283,0.16876308580453414,1,37812.589981822486,4.470460798242346,89.09914831228153,27,2,2
24.157299063466283,0.16876308580453414,1,37812.589981822486,2.7483321416696924,89.09914831228153,27,2,2
24.157299063466283,0.16876308580453414,1,37812.589981822486,8.185556248756251,89.09914831228153,27,2,2
24.157299063466283,0.16876308580453414,1,37812.589981822486,8.19921495861094,89.09914831228153,27,2,2
24.157299063466283,0.16876308580453414,1,37812.589981822486,5.014758160615788,89.09914831228153,27,2,2
24.157299063466283,0.16876308580453414,1,37812.589981822486,2.8480023808170083,89.09914831228153,27,2,2
24.157299063466283,0.16876308580453414,1,37812.589981822486,6.500608620356914,89.09914831228153,27,2,2
24.157299063466283,0.16876308580453414,1,37812.589981822486,0.899453017377928,89.09914831228153,27,2,2
24.157299063466283,0.16876308580453414,1,37812.589981822486,8.745184651531053,89.09914831228153,27,2,2
24.157299063466283,0.16876308580453414,1,37812.589981822486,2.5913176776396716,89.09914831228153,27,2,2
24.157299063466283,0.16876308580453414,1,37812.589981822486,0.05373840664341212,89.09914831228153,27,2,2
24.157299063466283,0.16876308580453414,1,37812.589981822486,2.3772056930853247,89.09914831228153,27,2,2
24.157299063466283,0.16876308580453414,1,37812.589981822486,1.4318254908198225,89.09914831228153,27,2,2
24.157299063466283,0.16876308580453414,1,37812.589981822486,0.8536386940384022,89.09914831228153,27,2,2
24.157299063466283,0.16876308580453414,1,37812.589981822486,1.86598256229477,89.09914831228153,27,2,2
24.157299063466283,0.16876308580453414,1,37812.589981822486,6.480028775816348,89.09914831228153,27,2,2
24.157299063466283,0.16876308580453414,1,37812.589981822486,3.404906229537837,89.09914831228153,27,2,2
24.157299063466283,0.16876308580453414,1,37812.589981822486,4.5610796225748444,89.09914831228153,27,2,2
24.157299063466283,0.16876308580453414,1,37812.589981822486,0.5894696555712609,89.09914831228153,27,2,2
24.157299063466283,0.16876308580453414,1,37812.589981822486,5.512530132098265,89.09914831228153,27,2,2
24.157299063466283,0.16876308580453414,1,37812.589981822486,1.40494275716616,89.09914831228153,27,2,2
17.420187656599303,1.1671525827787437,1,82634.32431771126,4.985947696947922,32.79715305442483,10,0,2
17.420187656599303,1.1671525827787437,0,82634.32431771126,4.985947696947922,32.79715305442483,10,0,2
17.420187656599303,1.1671525827787437,1,82634.32431771126,4.985947696947922,32.79715305442483,10,0,2
17.420187656599303,1.1671525827787437,0,82634.32431771126,4.985947696947922,32.79715305442483,10,0,2
17.420187656599303,1.1671525827787437,0,82634.32431771126,4.985947696947922,32.79715305442483,10,0,2
17.420187656599303,1.1671525827787437,1,82634.32431771126,4.985947696947922,32.79715305442483,10,0,2
17.420187656599303,1.1671525827787437,0,82634.32431771126,4.985947696947922,32.79715305442483,10,0,2
17.420187656599303,1.1671525827787437,0,82634.32431771126,4.985947696947922,32.79715305442483,10,0,2
17.420187656599303,1.1671525827787437,0,82634.32431771126,4.985947696947922,32.79715305442483,10,0,2
17.420187656599303,1.1671525827787437,0,82634.32431771126,4.985947696947922,32.79715305442483,10,0,2
17.420187656599303,1.1671525827787437,0,82634.32431771126,4.985947696947922,32.79715305442483,10,0,2
17.420187656599303,1.1671525827787437,0,82634.32431771126,4.985947696947922,32.79715305442483,10,0,2
17.420187656599303,1.1671525827787437,1,82634.32431771126,4.985947696947922,32.79715305442483,10,0,2
17.420187656599303,1.1671525827787437,1,82634.32431771126,4.985947696947922,32.79715305442483,10,0,2
17.420187656599303,1.1671525827787437,0,82634.32431771126,4.985947696947922,32.79715305442483,10,0,2
17.420187656599303,1.1671525827787437,0,82634.32431771126,4.985947696947922,32.79715305442483,10,0,2
17.420187656599303,1.1671525827787437,0,82634.32431771126,4.985947696947922,32.79715305442483,10,0,2
17.420187656599303,1.1671525827787437,0,82634.32431771126,4.985947696947922,32.79715305442483,10,0,2
17.420187656599303,1.1671525827787437,0,82634.32431771126,4.985947696947922,32.79715305442483,10,0,2
17.420187656599303,1.1671525827787437,0,82634.32431771126,4.985947696947922,32.79715305442483,10,0,2
17.420187656599303,1.1671525827787437,1,82634.32431771126,4.985947696947922,32.79715305442483,10,0,2
17.420187656599303,1.1671525827787437,1,82634.32431771126,4.985947696947922,32.79715305442483,10,0,2
17.420187656599303,1.1671525827787437,1,82634.32431771126,4.985947696947922,32.79715305442483,10,0,2
17.420187656599303,1.1671525827787437,0,82634.32431771126,4.985947696947922,32.79715305442483,10,0,2
17.420187656599303,1.1671525827787437,1,82634.32431771126,4.985947696947922,32.79715305442483,10,0,2
17.420187656599303,1.1671525827787437,0,82634.32431771126,4.985947696947922,32.79715305442483,10,0,2
17.420187656599303,1.1671525827787437,0,82634.32431771126,4.985947696947922,32.79715305442483,10,0,2
17.420187656599303,1.1671525827787437,0,82634.32431771126,4.985947696947922,32.79715305442483,10,0,2
17.420187656599303,1.1671525827787437,1,82634.32431771126,4.985947696947922,32.79715305442483,10,0,2
17.420187656599303,1.1671525827787437,0,82634.32431771126,4.985947696947922,32.79715305442483,10,0,2
10.264691562370384,4.924924938749738,1,97003.65265992907,0.7936699509390321,52.27420305752494,54,2,0
47.827320257768015,3.3164763349660014,0,38408.386814938836,1.796718852399244,42.17976333424192,57,0,2
25.48204855836248,0.8179408116111847,1,64543.03796463794,7.360955584455033,84.50200821143068,83,1,0
12.810090082095096,1.9745532363783491,0,102252.84075014926,0.9666064365286764,59.41248625720028,43,2,0
49.568118934227066,1.3899760632245073,0,80113.18360322808,8.802895755409828,7.61122945116421,77,1,0
39.430399892201926,4.778348476399293,1,26705.724737630306,3.7653775544192527,6.550497461721321,9,0,1
30.928054023537783,1.49672531749869,0,118454.42465206806,1.541858335126921,67.45262824618298,53,2,1
40.58590520845111,2.8053849736316483,0,95760.47372354516,2.775734819304343,52.34169871257181,35,0,1
42.10364550380453,2.036826475997189,0,61786.49993520274,1.7249918628306904,78.18190350253694,1,1,0
36.665714189583426,0.693637754003788,0,89617.05120579057,4.470460798242346,33.81125874825669,62,1,2
24.051355447855933,1.9237075593276098,0,36773.379535117485,2.7483321416696924,76.64097121827817,46,0,0
22.763044524245103,3.847075269143572,0,41437.60185142046,8.185556248756251,109.8381134687236,2,1,2
36.78563996067088,2.0679967873218525,1,52407.64504699015,8.19921495861094,8.661437169706382,30,0,2
15.753198781157467,3.396572936290931,1,36447.10215803477,5.014758160615788,31.97397466715207,88,0,0
18.05254502660621,2.909269382481262,0,39092.72989563378,2.8480023808170083,105.74160093676915,7,0,1
17.872538885476065,0.3826108955826141,0,79730.9483984989,6.500608620356914,81.92992937449718,86,2,2
28.409890115597975,3.6494242902333602,0,56947.249182602725,0.899453017377928,17.490619257454668,89,0,2
34.572632879269065,3.369880266882306,0,33476.25516891816,8.745184651531053,72.51130819482344,4,0,2
30.124163495252038,4.009663725024558,0,74571.11343259383,2.5913176776396716,86.8596446073145,13,1,1
40.81120502667669,0.7446572749245567,0,48328.57265488085,0.05373840664341212,61.60118072414114,81,2,1
48.235485626966295,4.872495603370005,1,57104.90534365815,2.3772056930853247,54.103686008330534,4,2,2
13.546501591498679,4.338267737936935,1,83614.07852459117,1.4318254908198225,0.7754722493209032,18,1,2
16.435746133674506,4.515349258562002,1,75313.86605839664,0.8536386940384022,20.470553338158865,81,2,1
40.260447790195826,4.809725401219054,0,118341.91288502303,1.86598256229477,95.31476781748894,70,2,2
24.107727112522856,3.105845041247291,1,39186.190338402776,6.480028775816348,57.082813378956246,52,0,0
36.147951652557786,1.8559005445323662,0,72214.70093344635,3.404906229537837,47.930746978997135,15,1,1
13.027983865998202,0.2898268523478281,0,98444.14424416226,4.5610796225748444,113.1898426045443,21,0,1
15.62848902475392,3.49296709986056,0,38981.858507225836,0.5894696555712609,18.62612753266083,69,1,0
45.1425085057237,3.1579597875016425,1,42645.26550148216,5.512530132098265,2.5618909707767212,26,0,0
27.349091259603675,3.245184166154293,0,62280.116306142714,1.40494275716616,44.26014205662192,96,0,2
36.2458145912636,3.369880266882306,0,32405.33665490359,8.714981533501616,71.55767646272652,4,0,2
30.124163495252038,4.009663725024558,0,74324.79689870907,3.436090039014714,86.8596446073145,13,1,1
31.527320984629853,0.9739183175563362,0,118454.42465206806,9.228218003071326,67.620762108129,53,2,1
27.439871359162492,2.80773778919479,0,76307.03251567105,2.775734819304343,52.35760098672986,35,0,1
47.85193890156784,3.1678699500681162,0,42645.26550148216,5.748917739842998,2.5618909707767212,56,0,0
40.58124914260198,4.338267737936935,1,83614.07852459117,1.504701151037731,1.9283254743710385,1,1,2
28.519517002827797,3.6494242902333602,0,56947.249182602725,6.9454194079584575,18.066838853646868,89,0,2
40.447473743394944,4.875493599191389,0,117916.8061425967,0.6924083991569582,95.31476781748894,70,2,2
12.681063784441516,2.6389064442527475,0,102252.84075014926,0.9666064365286764,63.65737641538007,43,2,0
10.217009273121741,0.02870561696369034,1,96966.12110137695,0.7936699509390321,52.27420305752494,22,2,1
15.753198781157467,3.396572936290931,1,28409.1953535879,0.8562438359734754,20.305132140109283,87,0,0
17.872538885476065,2.1824087021634258,0,52907.74600113884,8.187894056820262,9.045674464401444,86,0,2
48.235485626966295,4.868655948342542,1,60653.1488680539,2.3772056930853247,55.69473528874205,4,2,2
40.90601055933291,1.9237075593276098,0,36773.379535117485,3.808288447416662,4.612013621367026,46,0,0
22.763044524245103,3.847075269143572,0,41437.60185142046,8.157312334659032,109.8381134687236,2,1,2
33.58786895280909,1.8559005445323662,0,62171.59471226201,3.4349357776607907,48.884378711093646,15,1,1
36.665714189583426,0.693637754003788,0,89863.36773967204,4.4074264746316345,33.81125874825669,62,1,2
48.818978579470986,1.4973274360354487,0,80113.18360322808,1.1847380488176122,7.472569324515561,75,1,0
40.49512496403457,3.2428313505911515,0,112459.41322131551,1.40494275716616,44.24423978246387,96,0,2
48.426263232415856,3.0553884423179194,1,38408.386814938836,1.5603476410904826,42.17976333424192,27,0,2
13.786765555212954,0.7446572749245567,0,48328.57265488085,0.020520212154335415,60.57355413518445,78,2,1
23.99810022529303,3.105845041247291,1,39186.190338402776,1.5110299212775922,56.50661771652476,52,0,0
15.442871750666255,3.6710741505938413,0,50073.002275413884,1.7630442948817628,24.907762299948146,69,1,0
25.612078785289967,0.7276080937422744,1,64543.03796463794,7.360955584455033,84.50200821143068,83,1,0
13.08276647396416,4.99455983273298,0,98481.67580271437,4.5610796225748444,113.1898426045443,55,0,0
16.435746133674506,4.540020999128144,1,81805.34672423798,5.012418484479249,32.13939586521306,81,2,1
36.78563996067088,0.26926286155284085,1,79230.8474442366,6.511929521823309,81.58399181193622,34,2,2
42.10364550380453,2.0278876957647025,0,61784.78368211466,1.7249918628306904,76.59085422211322,1,1,0
23.615368784812016,4.778348476399293,1,26705.724737630306,2.8120569285968475,78.88757592882864,9,0,1
18.05254502660621,2.909269382481262,0,39092.72989563378,2.8762265196838035,105.74160093676915,7,0,1
24.051355447855933,1.9411189573150422,0,38125.91376678793,1.809442239364064,67.32859094491167,68,0,0
47.85193890156784,4.048994178305392,0,21432.318228347267,5.748917739842998,88.62500082926255,56,0,0
42.66283952637595,4.336604756320983,0,41389.215717626634,2.8480023808170083,100.50451025230338,7,1,1
48.235485626966295,4.868655948342542,1,60653.1488680539,8.196121205230696,55.69473528874205,4,2,2
17.79263995430812,4.009663725024558,0,74571.11343259383,2.5899719431752333,88.52896638989166,7,1,1
39.70926436798011,2.0278876957647025,0,26042.07393701125,3.9923034222558385,76.59085422211322,1,1,0
48.23874216666426,3.1067023762096815,1,38408.386814938836,6.4442645811483406,42.17976333424192,27,0,2
42.048530345549366,4.875169685958465,0,117539.01884405465,2.504901172860395,95.31476781748894,4,2,2
22.763044524245103,3.663544143453029,0,41060.700975798645,8.167123465584579,72.45482324073257,2,1,2
23.615368784812016,4.322859358081144,1,26705.724737630306,2.8120569285968475,78.88757592882864,9,0,1
36.9751956207318,3.3735613177129897,1,32405.33665490359,8.790327144840633,70.86990924230423,4,0,2
41.577031147773056,0.02870561696369034,1,97007.64765014386,0.9755236283984441,52.27420305752494,35,2,1
13.317333441225639,3.105845041247291,0,98471.24141101052,1.5614458745655262,56.50661771652476,33,0,0
30.928054023537783,1.4986395540909934,0,118454.42465206806,1.541858335126921,67.45262824618298,53,1,1
42.10364550380453,2.069311139494452,0,61786.49993520274,8.292433021741502,8.415450642860755,2,0,0
40.260447790195826,4.823065119876718,0,116240.2707107112,1.86598256229477,95.47157294229623,45,2,2
30.124163495252038,2.686204220479312,0,79958.48885509999,3.436090039014714,2.426888418847689,13,1,1
15.972398603900587,2.910931743503987,1,81317.59264362874,1.504701151037731,1.851856568619806,1,0,2
23.304146480843734,3.813689600681807,0,41437.60185142046,2.33835542624555,109.8381134687236,2,1,2
30.38406930918694,2.909269382481262,0,39092.72989563378,2.877572254148242,105.74160093676915,8,0,1
41.82478102802635,4.778348476399293,1,62448.43504567719,1.4980662463823422,6.550497461721321,10,0,1
24.23975522393294,3.054531107355529,1,39186.190338402776,0.8991382860872692,57.082813378956246,52,0,0
48.39136211363349,4.872819516602929,1,46496.93861256688,0.5647501928100882,54.103686008330534,70,2,2
34.572632879269065,3.3539314010412284,0,21967.708013826064,8.763617434702661,109.8939853171958,4,0,2
14.99158061921384,4.793756336687496,1,83614.07852459117,1.4318254908198225,0.2753458217117899,17,1,2
44.41312661255478,2.764978588788564,0,42645.26550148216,5.437171129443233,3.613427305137769,36,0,0
10.23172529560901,2.8053849736316483,0,95718.94717477824,2.5938832084474206,52.34169871257181,22,0,1
23.708893915015626,0.2898268523478281,1,22293.125471249587,4.510664426128732,113.1898426045443,21,0,1
33.58786895280909,1.8539863079400627,0,62171.59471226201,3.1298254322881607,48.884378711093646,15,2,1
37.346799572209186,2.0733198732135123,1,52407.64504699015,1.631825673120343,78.46736929900533,20,1,2
42.66283952637595,2.8863707506042906,0,41389.215717626634,2.8480023808170083,100.50451025230338,7,0,1
24.316819837352543,3.860239029174589,0,41437.60185142046,8.185556248756251,109.8381134687236,2,1,2
11.964436277241667,3.105845041247291,0,98471.24141101052,1.5614458745655262,56.50661771652476,33,1,0
41.05094922531829,0.2898268523478281,1,24003.769633047814,4.510664426128732,113.1898426045443,21,0,1
27.630128651936126,3.37432487608864,0,39092.72989563378,2.877572254148242,102.10969808981322,8,0,1
10.546427641004417,0.02870561696369034,1,58984.3920699203,0.7936699509390321,48.2958030066363,4,2,1
18.05254502660621,2.1002975594998072,0,39092.72989563378,2.7243646775453536,78.86725311221659,7,0,1
22.763044524245103,2.7525146190211673,0,41060.700975798645,8.167123465584579,72.45482324073257,6,0,0
44.627490853236054,3.0553884423179194,1,39161.49746197379,1.6150051229644398,39.665753093471665,27,0,1
25.885676923451506,1.9237075593276098,0,83056.27429314908,2.7483321416696924,76.64097121827817,46,0,0
40.810702170836784,4.778348476399293,1,26592.03192263356,3.737018561037236,75.49741788654464,1,0,1
23.99810022529303,3.1260186149787024,1,39186.190338402776,1.5110822046244863,57.001371986336366,3,0,0
24.23975522393294,3.05656278675531,1,39077.52447934929,3.9468502657620617,76.58419825043464,56,0,0
41.82478102802635,3.06890073633426,1,62448.43504567719,1.4980662463823422,3.5878681427632415,10,0,1
23.615368784812016,4.322859358081144,1,26705.724737630306,9.190339536572932,78.88757592882864,9,0,1
16.42438920045975,4.359501945149382,0,39092.72989563378,2.8480023808170083,105.74160093676915,7,1,1
23.66586673331254,4.530354813295892,1,26434.631393406213,2.8120569285968475,78.88757592882864,9,0,1
14.99158061921384,4.793756336687496,1,83614.07852459117,1.4318254908198225,8.218601462250952,18,0,2
24.761577750436064,2.069311139494452,0,60075.85898647591,8.292433021741502,8.415450642860755,2,0,0
34.572632879269065,2.9048247732749277,0,33466.31925503381,8.207662413846995,70.99981098768751,4,0,2
48.41551238996753,4.868655948342542,1,91212.2130668106,2.3772056930853247,52.06119082736393,22,2,2
38.507966086388045,2.882291696194968,1,52407.64504699015,1.631825673120343,105.34171272147073,20,1,2
44.41312661255478,3.67600811321262,0,42645.26550148216,5.437171129443233,3.613427305137769,36,1,2
16.74298168640905,0.07584590646393885,0,97690.87668569622,4.506422642954843,115.37289275876459,20,0,2
11.725784784409122,4.338267737936935,1,37331.18374721465,1.4318254908198225,0.7754722493209032,18,1,2
42.10364550380453,2.036826475997189,0,61900.193003774584,1.753350860315316,9.306589283798388,9,1,0
40.58124914260198,4.318094005126586,1,82130.55148967884,1.504648867690837,1.85815998246823,47,1,2
39.70926436798011,2.0258560163648243,0,17123.843239916947,0.9446221182678809,57.089469350634346,0,1,0
48.23874216666426,4.814248287815731,1,41703.801569192336,6.4442645811483406,45.24401801808038,27,0,2
36.9751956207318,3.3735613177129897,1,32405.33665490359,2.405546220007978,70.86990924230423,4,0,2
40.68512728210299,4.338267737936935,1,83614.07852459117,2.436793718663128,1.4476256810894483,1,1,2
39.70926436798011,4.840075800544484,1,26683.992396110894,3.9923034222558385,76.59085422211322,1,0,1
42.10977105607472,2.969854485728857,1,62448.43504567719,1.4980662463823422,8.518704798976213,8,0,1
15.092091244712883,4.338267737936935,1,44508.113247038185,1.6053216323455988,0.7754722493209032,18,1,2
41.392479510346696,4.388419079010751,0,39092.72989563378,2.8480023808170083,113.72374320040262,7,1,1
42.66283952637595,4.123239566986005,1,70813.86806783866,1.4999963354580723,100.50451025230338,7,1,1
22.728544593043356,0.42524288199585447,0,41437.60185142046,0.9059852194434264,109.63400901002032,0,1,1
23.615368784812016,4.322859358081144,1,97512.00243714833,2.800312747614263,78.91004769329122,9,0,1
23.6684030274891,0.28575505605826024,1,26434.631393406213,4.515544977872315,78.88757592882864,9,0,1
24.843956785657454,3.105845041247291,1,82921.15521446055,1.5110299212775922,1.1502408206527122,53,0,0
19.19057894854219,0.2898268523478281,0,98444.14424416226,4.5610796225748444,113.1898426045443,21,0,1
23.615368784812016,4.778348476399293,0,26705.724737630306,2.8120569285968475,72.08505321708343,10,0,0
40.810702170836784,3.0860394281132293,1,27079.7839370824,3.803903683786367,75.49741788654464,3,0,1
34.97312094693416,3.3866695088577354,0,26733.629251265524,8.745184651531053,79.16023677976466,4,0,2
24.757296865722616,1.9237075593276098,0,36512.03685864708,2.7483321416696924,76.64097121827817,46,0,0
36.87131748123075,3.8642777607939527,1,32405.33665490359,1.5698401128454027,59.33374382063461,4,0,2
39.430399892201926,1.9519467275089388,0,26063.80627853066,3.7653775544192527,6.550497461721321,9,1,0
41.81865547575616,2.5859742918673407,0,61786.49993520274,8.292433021741502,3.4846140938918104,6,0,0
11.625276375863415,4.940365473846193,1,83901.78431536708,1.4318254908198225,0.2753458217117899,15,1,2
13.305312533465887,0.27087515828606534,1,24003.769633047814,4.510664426128732,105.20770021370612,21,0,1
41.82478102802635,4.778348476399293,0,42029.5565334846,3.1580007956010197,6.550497461721321,10,0,1
10.546427641004417,4.399337433404212,1,58984.3920699203,8.078094921151054,48.48994398298065,4,2,2
10.217009273121741,0.02870561696369034,1,26026.07260248826,0.8054170288385621,52.251731292994215,22,2,1
23.706357620839064,4.667674059024579,1,17370.829925479513,2.8071763768554994,113.1898426045443,21,0,1
13.905625463227793,4.338267737936935,1,39879.113584799255,1.4318254908198225,52.807886148537015,18,1,2
31.304697093966578,2.909269382481262,0,35392.54056484729,2.877572254148242,105.74160093676915,8,0,1
42.10364550380453,2.036826475997189,1,61786.49993520274,1.7484107391504122,78.18190350253694,1,1,1
23.99810022529303,4.816396177262813,1,38698.43832395454,1.4441972472109994,57.001371986336366,1,0,0
23.21488071868586,4.306070105799169,1,33448.35065528294,9.190339536572932,72.23864734388741,9,0,1
24.055636332569385,2.069311139494452,0,60337.201663034284,8.25235831009729,8.415450642860755,2,0,0
10.264691562370384,4.924924938749738,1,97003.65265992907,0.7936699509390321,52.27420305752494,54,2,0
47.827320257768015,3.3164763349660014,0,38408.386814938836,1.796718852399244,42.17976333424192,57,0,2
25.48204855836248,0.8179408116111847,1,64543.03796463794,7.360955584455033,84.50200821143068,83,1,0
12.810090082095096,1.9745532363783491,0,102252.84075014926,0.9666064365286764,59.41248625720028,43,2,0
49.568118934227066,1.3899760632245073,0,80113.18360322808,8.802895755409828,7.61122945116421,77,1,0
39.430399892201926,4.778348476399293,1,26705.724737630306,3.7653775544192527,6.550497461721321,9,0,1
30.928054023537783,1.49672531749869,0,118454.42465206806,1.541858335126921,67.45262824618298,53,2,1
40.58590520845111,2.8053849736316483,0,95760.47372354516,2.775734819304343,52.34169871257181,35,0,1
42.10364550380453,2.036826475997189,0,61786.49993520274,1.7249918628306904,78.18190350253694,1,1,0
36.665714189583426,0.693637754003788,0,89617.05120579057,4.470460798242346,33.81125874825669,62,1,2
24.051355447855933,1.9237075593276098,0,36773.379535117485,2.7483321416696924,76.64097121827817,46,0,0
22.763044524245103,3.847075269143572,0,41437.60185142046,8.185556248756251,109.8381134687236,2,1,2
36.78563996067088,2.0679967873218525,1,52407.64504699015,8.19921495861094,8.661437169706382,30,0,2
15.753198781157467,3.396572936290931,1,36447.10215803477,5.014758160615788,31.97397466715207,88,0,0
18.05254502660621,2.909269382481262,0,39092.72989563378,2.8480023808170083,105.74160093676915,7,0,1
17.872538885476065,0.3826108955826141,0,79730.9483984989,6.500608620356914,81.92992937449718,86,2,2
28.409890115597975,3.6494242902333602,0,56947.249182602725,0.899453017377928,17.490619257454668,89,0,2
34.572632879269065,3.369880266882306,0,33476.25516891816,8.745184651531053,72.51130819482344,4,0,2
30.124163495252038,4.009663725024558,0,74571.11343259383,2.5913176776396716,86.8596446073145,13,1,1
40.81120502667669,0.7446572749245567,0,48328.57265488085,0.05373840664341212,61.60118072414114,81,2,1
48.235485626966295,4.872495603370005,1,57104.90534365815,2.3772056930853247,54.103686008330534,4,2,2
13.546501591498679,4.338267737936935,1,83614.07852459117,1.4318254908198225,0.7754722493209032,18,1,2
16.435746133674506,4.515349258562002,1,75313.86605839664,0.8536386940384022,20.470553338158865,81,2,1
40.260447790195826,4.809725401219054,0,118341.91288502303,1.86598256229477,95.31476781748894,70,2,2
24.107727112522856,3.105845041247291,1,39186.190338402776,6.480028775816348,57.082813378956246,52,0,0
36.147951652557786,1.8559005445323662,0,72214.70093344635,3.404906229537837,47.930746978997135,15,1,1
13.027983865998202,0.2898268523478281,0,98444.14424416226,4.5610796225748444,113.1898426045443,21,0,1
15.62848902475392,3.49296709986056,0,38981.858507225836,0.5894696555712609,18.62612753266083,69,1,0
45.1425085057237,3.1579597875016425,1,42645.26550148216,5.512530132098265,2.5618909707767212,26,0,0
27.349091259603675,3.245184166154293,0,62280.116306142714,1.40494275716616,44.26014205662192,96,0,2
23.539475028700487,3.847075269143572,0,39901.48792187053,8.143798627196881,107.59826823228275,2,1,2
36.147951652557786,1.8559005445323662,0,71829.2338905328,3.5785778989390593,47.930746978997135,15,1,1
27.781890180991983,0.3518738349998325,0,62280.116306142714,1.4868473842063872,61.64990314049095,96,0,2
30.193679686886874,4.013943854672879,0,89021.91085433775,2.5913176776396716,95.33140516757535,13,1,1
48.37102838067402,1.707774047406835,0,57104.90534365815,2.4303477260704294,54.103686008330534,3,2,2
45.00128047621291,3.1579597875016425,1,42645.26550148216,5.756477712389401,2.148776410443907,4,0,0
13.033536193341202,1.9745532363783491,0,102252.84075014926,4.860842921914106,60.195122339965664,43,2,0
47.9729974286167,3.5022300040674335,0,37983.41459700208,0.6868227744999819,42.17976333424192,57,0,2
16.10064927547856,4.967562055756529,1,80113.18360322808,8.802895755409828,11.856122025817545,77,1,0
15.587569590481564,3.0708939272375315,1,36375.736070550425,5.014758160615788,31.97397466715207,55,0,0
25.48204855836248,0.8179408116111847,1,61402.06859218549,6.501092368323961,81.89294243378238,82,1,0
36.665714189583426,2.161294737348133,0,53088.69225754756,8.174362337085654,8.780266759653164,62,1,2
34.572632879269065,3.371332240086894,0,37024.842232191106,8.745184651531053,74.70711165775276,4,0,2
41.20301305279688,4.338267737936935,1,83614.07852459117,3.7258003847180694,0.599532124406275,18,1,2
42.10364550380453,2.036826475997189,0,61786.49993520274,2.7429210227865575,78.18190350253694,1,1,0
10.050914245813923,4.924924938749738,1,87425.52263468925,0.8403703871670332,54.50746259998071,54,2,0
40.58590520845111,2.8053849736316483,0,96145.94075127156,3.383801187646964,52.34169871257181,35,0,1
40.3784059002668,3.2592883289129793,0,48328.57265488085,0.09520739525584598,44.2114196402722,79,2,1
40.19093159302246,4.805420795585554,0,119867.9444858127,1.86598256229477,86.84300725722808,70,2,2
34.83980527577527,4.394706082684391,1,118454.42465206806,1.488716302145179,67.45262824618298,54,2,1
28.550948749301767,3.6494242902333602,0,56947.249182602725,0.6591527954339913,17.23840423158571,86,0,2
12.804537754752094,0.2898268523478281,0,98444.14424416226,1.7206743024787148,112.38504360342856,21,0,1
15.390432586422872,3.554507258179569,0,50073.002275413884,1.6993660250187568,24.907762299948146,69,1,0
49.40592718352485,1.1459216060190962,0,75313.86605839664,0.8536386940384022,20.470553338158865,81,2,1
24.273356658740887,3.4315240503006907,1,39257.55642588713,6.480028775816348,57.082813378956246,87,0,0
17.872538885476065,0.4107608697539178,0,81325.47366733475,7.360471836487987,84.53899515214549,86,2,2
36.78563996067088,0.6003447529673929,1,88936.00389059256,4.4953122648833235,33.692518090520686,34,0,2
18.05254502660621,2.9078174092766735,0,39090.670919380005,2.8480023808170083,103.54577516468238,5,0,1
12.846010569280356,4.778348476399293,1,26705.724737630306,1.5780384275115256,6.735604986521866,9,0,1
24.051355447855933,1.9237075593276098,0,36773.379535117485,1.7304029817147155,76.64097121827817,46,0,0
13.027983865998202,0.2898268523478281,0,93208.79925659132,4.5610796225748444,114.32085667534679,25,0,2
27.40160356147138,3.245184166154293,0,62280.116306142714,2.1985101202131454,49.558689552564964,4,0,2
18.143243756137654,4.338267737936935,0,83600.343751368,2.9553383719574633,0.7754722493209032,18,1,2
35.57528249360285,1.9259738131167918,0,36773.379535117485,1.727606224282409,71.85345142537352,15,0,0
40.404437056496135,4.879403533980668,0,118642.29344086262,3.2787400671994504,95.31476781748894,17,2,2
45.00128047621291,3.1579597875016425,0,42645.26550148216,5.756477712389401,2.148776410443907,4,0,0
48.29705198396039,3.236188298859011,1,57104.90534365815,2.3772056930853247,54.103686008330534,4,2,2
42.11458468128894,2.88485538537021,0,39090.670919380005,2.842017258054437,103.12652740230264,5,0,1
11.843702328841195,4.778348476399293,1,26705.724737630306,1.56905663279775,6.550497461721321,9,0,1
17.985385749057556,4.924924938749738,0,80589.02250856467,0.8290107666740361,54.50746259998071,55,2,0
10.264691562370384,4.979481035288699,1,97003.65265992907,0.7936699509390321,52.27420305752494,53,0,0
42.10364550380453,2.037053310363065,0,61786.49993520274,8.165336721562635,75.78836369420675,27,1,2
33.80224221009535,3.847075269143572,0,41437.60185142046,8.185556248756251,109.8381134687236,4,1,2
45.1425085057237,3.1032218536558567,1,42584.144124289814,5.512530132098265,2.5618909707767212,26,0,0
41.97240212943981,1.9237075593276098,0,26175.310600420293,3.2179967510470817,76.64097121827817,46,0,0
23.539475028700487,3.8358478336598787,0,39100.67655509625,8.143798627196881,107.59826823228275,3,1,1
34.520120577401116,3.369880266882306,0,33476.25516891816,7.95130593599259,74.13456655968771,96,0,2
11.045510240590708,2.5387561505023046,1,39106.464603144654,1.3244895092237576,105.74160093676915,7,0,1
24.624024606677178,1.8536342907431844,0,71829.2338905328,3.5813746578525683,47.930746978997135,46,1,1
36.00396238625724,1.75860931380849,0,71413.47298080368,1.9921487246892093,47.930746978997135,61,1,1
40.3784059002668,3.2592883289129793,1,48328.57265488085,0.011508144893365935,44.2114196402722,79,2,1
15.587569590481564,4.704356121923431,1,40709.52807458604,5.014758160615788,31.97397466715207,55,0,0
18.041591715644643,2.0597884999036555,0,55784.58246132104,1.730976985596299,78.60115062887213,1,1,0
37.43673314658652,4.778348476399293,1,26705.724737630306,3.7743593765440613,0.5031761068589162,9,0,1
10.101941407806319,0.2908617461137619,1,88161.97379345933,7.374786718357612,84.53899515214549,85,2,2
15.753198781157467,3.289248739814998,1,36447.10215803477,5.014758160615788,31.97397466715207,96,2,0
36.78563996067088,2.067769952955976,1,53314.728549547886,2.7767751810628103,11.083939084556945,3,0,0
23.533435194839306,3.371332240086894,0,37024.842232191106,8.875893971826624,74.70711165775276,2,0,2
20.54623214994681,3.1387133207366333,1,39247.31171559512,6.480028775816348,57.082813378956246,52,0,0
24.495198893503424,4.338267737936935,1,78131.29925862497,3.7258003847180694,0.3722403316991767,21,1,2
24.051355447855933,1.9237075593276098,0,36773.379535117485,2.7483321416696924,74.86305527479834,2,0,0
18.041591715644643,2.0597884999036555,0,55784.58246132104,1.760224286934521,4.158802675899601,1,1,2
22.763044524245103,3.847075269143572,0,39060.20426295887,8.185556248756251,104.88456694668446,2,1,2
36.78563996067088,2.067769952955976,1,53314.728549547886,2.811093420182025,10.198153393208887,3,0,0
10.050914245813923,4.980015448952869,1,37478.33205190058,0.8403703871670332,54.50746259998071,52,2,0
42.11458468128894,2.8888328320999417,0,43194.16240839788,2.842017258054437,103.12652740230264,28,0,1
34.572632879269065,3.371332240086894,0,37024.842232191106,5.002668244401515,74.19822267465108,3,0,2
18.141983149046972,4.284659147919839,0,39090.670919380005,2.9563113767626645,3.9868170461946377,5,0,1
34.572632879269065,3.369880266882306,0,33476.25516891816,8.745184651531053,72.5013585388733,4,0,2
23.445079451285203,4.780822216394701,0,37021.32144020902,8.875893971826624,74.70711165775276,2,0,2
11.576476600129762,4.73199818286192,0,25839.867481992263,1.7413752355944943,76.64097121827817,45,0,0
45.38386530108097,3.1465442922298803,0,42700.133176120755,5.756477712389401,2.148776410443907,56,0,0
35.57528249360285,4.739986628966902,0,36773.379535117485,1.727606224282409,70.34195422026218,15,0,0
13.546501591498679,4.338267737936935,1,83614.07852459117,1.4318254908198225,0.25402705174630835,18,1,2
37.2599624023824,4.7943440033257705,1,77436.58114805273,3.4230276477483286,0.599532124406275,21,1,2
45.00128047621291,3.1579597875016425,1,42645.26550148216,5.756477712389401,2.148776410443907,28,0,0
24.495198893503424,4.338267737936935,1,78131.29925862497,3.6965530864580027,76.0765433653713,21,1,0
18.05254502660621,2.909269382481262,0,41470.12748409537,2.7244570609399097,105.74160093676915,7,0,1
46.146574043098994,2.7763216490608498,1,42645.26550148216,5.917696027757919,3.4477331445522585,24,0,0
24.107727112522856,3.240470873945303,1,89133.37709574681,6.480028775816348,56.42789429162315,52,0,0
45.1425085057237,3.0992444069261254,1,38480.65263527194,5.512530132098265,2.5618909707767212,5,0,0
15.587569590481564,3.0708939272375315,1,36968.07482346115,8.757255555011461,32.48286392854842,56,0,0
18.05380563369689,2.9614254187754487,0,83600.343751368,2.847029376011807,101.84523803357013,18,1,2
12.934543627192145,3.368547820618054,1,26709.24552961242,1.9759743026797438,6.735604986521866,9,0,1
24.327412268070837,1.9656557230285454,1,37639.23679075626,0.9254659605067852,6.550497461721321,9,0,1
15.201653206262813,4.715561321196454,1,40654.66039994743,4.8858308004417355,31.97397466715207,4,0,0
39.430399892201926,1.959919437341823,1,26705.724737630306,3.7653775544192527,6.550497461721321,6,0,1
11.045510240590708,2.5387561505023046,1,39106.464603144654,1.3244895092237576,105.74160093676915,9,0,1
41.37978379700058,4.322271664630921,1,26705.724737630306,3.7743593765440613,0.5031761068589162,9,0,1
34.572632879269065,1.9764744097103322,0,33476.25516891816,2.00987723998459,76.61384185378492,46,0,2
12.875923855596167,4.778348476399293,1,26705.724737630306,1.56905663279775,6.550497461721321,9,0,1
23.445079451285203,4.780822216394701,0,47149.53348327555,5.858227164324179,74.70711165775276,2,0,2
24.290120350615283,3.3734871713772048,0,37024.842232191106,8.875893971826624,74.70711165775276,2,0,2
35.57528249360285,1.9259738131167918,0,46714.02943035575,1.727606224282409,71.80190487738788,15,0,0
36.74762056371752,1.9917156928422532,1,56287.56835358566,3.017999270278585,10.198153393208887,3,0,0
45.00128047621291,3.1579597875016425,0,42645.26550148216,5.756477712389401,11.380125570416457,17,0,0
14.85978585152494,1.9656557230285454,1,37639.23679075626,1.006232921206756,6.550497461721321,9,0,1
42.210355320008965,4.322271664630921,1,26705.724737630306,3.7743593765440613,0.7970991879331,9,0,2
18.041591715644643,2.843142778186498,0,55745.44853620666,2.694198232839299,4.158802675899601,4,1,2
18.05254502660621,2.909269382481262,0,44154.5351078871,2.5901539301363794,105.74160093676915,10,0,1
12.031064323479015,3.1579597875016425,1,39498.71115106806,5.701516444060051,105.54212055000275,4,0,0
22.763044524245103,3.9803405168942594,0,41562.20804198884,7.974193244847443,111.19120573029656,15,1,0
37.84024938180382,3.1039795778020114,1,38480.65263527194,5.530569910021994,2.5618909707767212,5,0,0
11.559036496967831,3.3712256081518923,0,37024.842232191106,8.745184651531053,7.420721329299894,4,0,1
24.495198893503424,4.338267737936935,1,78378.72443092287,3.0042939517834313,76.0765433653713,23,1,0
11.81378904252666,4.778348476399293,1,26705.724737630306,1.5780384275115256,6.735604986521866,9,0,1
43.855514528545754,3.1579597875016425,1,42645.26550148216,8.774136806120461,2.148776410443907,29,0,0
18.05254502660621,2.909269382481262,0,39092.72989563378,2.8480023808170083,105.74160093676915,6,0,1
34.572632879269065,3.371332240086894,0,37011.766935368556,4.319265435697455,74.24976922263671,4,0,2
44.00615763613159,2.8523759091745897,1,42645.26550148216,5.710790180402922,3.4477331445522585,24,0,0
11.045510240590708,2.125675034346708,1,39106.464603144654,1.3244895092237576,105.74160093676915,4,0,1
24.669283864887966,4.715561321196454,1,40654.66039994743,4.805192402099156,31.97397466715207,4,0,0
12.763253377205825,4.338267737936935,1,83614.07852459117,1.4318254908198225,0.4815491682484976,18,1,1
41.668710042882914,2.101501107087369,0,42123.49904674056,2.9405201393797737,103.12652740230264,5,0,1
44.22229258429468,2.5387561505023046,1,42253.01895355875,1.3794882433727627,3.281650624475489,7,0,1
35.57528249360285,4.474788590692186,0,36648.77334454912,1.8169955283675856,70.34195422026218,2,0,2
44.73899203899157,4.772995527119175,1,26705.724737630306,3.7563195986204323,0.5031761068589162,9,0,1
34.60761105827266,3.5125191902433532,1,16256.713095717489,2.2493084688000375,74.080522140277,9,0,2
18.143243756137654,4.338267737936935,0,83352.91857907009,3.647597506632035,0.7754722493209032,18,1,2
45.00128047621291,3.1579597875016425,1,42645.26550148216,5.756477712389401,6.487843852806224,4,0,0
10.264691562370384,4.924924938749738,1,97003.65265992907,0.7936699509390321,52.27420305752494,54,2,0
47.827320257768015,3.3164763349660014,0,38408.386814938836,1.796718852399244,42.17976333424192,57,0,2
25.48204855836248,0.8179408116111847,1,64543.03796463794,7.360955584455033,84.50200821143068,83,1,0
12.810090082095096,1.9745532363783491,0,102252.84075014926,0.9666064365286764,59.41248625720028,43,2,0
49.568118934227066,1.3899760632245073,0,80113.18360322808,8.802895755409828,7.61122945116421,77,1,0
39.430399892201926,4.778348476399293,1,26705.724737630306,3.7653775544192527,6.550497461721321,9,0,1
30.928054023537783,1.49672531749869,0,118454.42465206806,1.541858335126921,67.45262824618298,53,2,1
40.58590520845111,2.8053849736316483,0,95760.47372354516,2.775734819304343,52.34169871257181,35,0,1
42.10364550380453,2.036826475997189,0,61786.49993520274,1.7249918628306904,78.18190350253694,1,1,0
36.665714189583426,0.693637754003788,0,89617.05120579057,4.470460798242346,33.81125874825669,62,1,2
24.051355447855933,1.9237075593276098,0,36773.379535117485,2.7483321416696924,76.64097121827817,46,0,0
22.763044524245103,3.847075269143572,0,41437.60185142046,8.185556248756251,109.8381134687236,2,1,2
36.78563996067088,2.0679967873218525,1,52407.64504699015,8.19921495861094,8.661437169706382,30,0,2
15.753198781157467,3.396572936290931,1,36447.10215803477,5.014758160615788,31.97397466715207,88,0,0
18.05254502660621,2.909269382481262,0,39092.72989563378,2.8480023808170083,105.74160093676915,7,0,1
17.872538885476065,0.3826108955826141,0,79730.9483984989,6.500608620356914,81.92992937449718,86,2,2
28.409890115597975,3.6494242902333602,0,56947.249182602725,0.899453017377928,17.490619257454668,89,0,2
34.572632879269065,3.369880266882306,0,33476.25516891816,8.745184651531053,72.51130819482344,4,0,2
30.124163495252038,4.009663725024558,0,74571.11343259383,2.5913176776396716,86.8596446073145,13,1,1
40.81120502667669,0.7446572749245567,0,48328.57265488085,0.05373840664341212,61.60118072414114,81,2,1
48.235485626966295,4.872495603370005,1,57104.90534365815,2.3772056930853247,54.103686008330534,4,2,2
13.546501591498679,4.338267737936935,1,83614.07852459117,1.4318254908198225,0.7754722493209032,18,1,2
16.435746133674506,4.515349258562002,1,75313.86605839664,0.8536386940384022,20.470553338158865,81,2,1
40.260447790195826,4.809725401219054,0,118341.91288502303,1.86598256229477,95.31476781748894,70,2,2
24.107727112522856,3.105845041247291,1,39186.190338402776,6.480028775816348,57.082813378956246,52,0,0
36.147951652557786,1.8559005445323662,0,72214.70093344635,3.404906229537837,47.930746978997135,15,1,1
13.027983865998202,0.2898268523478281,0,98444.14424416226,4.5610796225748444,113.1898426045443,21,0,1
15.62848902475392,3.49296709986056,0,38981.858507225836,0.5894696555712609,18.62612753266083,69,1,0
45.1425085057237,3.1579597875016425,1,42645.26550148216,5.512530132098265,2.5618909707767212,26,0,0
27.349091259603675,3.245184166154293,0,62280.116306142714,1.40494275716616,44.26014205662192,96,0,2
39.30305345886406,1.7751102526191116,1,71958.79540733635,3.7653775544192527,5.892156872932404,24,0,1
13.235680662256481,1.9745532363783491,0,102252.84075014926,2.226932417024852,49.270789325358436,46,1,0
15.753198781157467,3.404023763025619,1,49048.78008268935,0.153865426243311,32.13247280617169,81,0,0
30.156783759911107,4.0233125232080935,0,75136.4629533736,2.6019497609128375,86.8596446073145,13,1,1
22.763044524245103,3.996587490685811,0,39564.74734439505,8.185556248756251,109.47956110791583,2,2,2
24.107727112522856,0.7344164285221424,1,91858.79167029898,6.480028775816348,57.67581464212042,52,0,0
16.435746133674506,4.521309921656572,1,98812.48562832156,0.8540941571243602,53.94337912434595,81,2,1
22.46470054652037,0.6475357304302192,0,79730.9483984989,1.1975420623229567,86.96264238093448,86,2,2
27.349091259603675,3.215395866808816,0,63428.16197639115,0.5733028236075736,44.26014205662192,96,0,2
33.01516517492514,2.002094175626485,0,61786.49993520274,1.7249918628306904,78.18190350253694,4,0,0
40.151634848953236,4.809725401219054,0,38453.35740077777,1.7979865925022867,98.9214543740056,70,0,2
13.250136635297924,1.3899760632245073,0,98321.97173342927,4.562634655413651,113.24661406317435,77,1,0
20.584168050672645,2.8053849736316483,0,97366.78872538102,2.775734819304343,52.34169871257181,35,0,1
48.235485626966295,2.0314218187290827,1,56810.59015596432,2.3772056930853247,51.20271033064469,4,2,2
45.1425085057237,3.1579597875016425,1,42645.26550148216,5.512530132098265,3.5563725288556114,46,0,0
36.27529808589565,4.842085817470242,0,26961.633122247124,3.404906229537837,48.60818163180116,9,1,1
25.368976591769247,0.8179408116111847,1,64543.03796463794,7.155374926005225,84.64352551122106,83,2,0
40.81120502667669,0.7372458547871688,0,35726.894730226326,4.980734724909852,80.57764392912617,81,2,1
11.958758623794985,4.324618939753372,1,83048.72900381139,2.4388106309310458,0.7754722493209032,18,1,2
30.928054023537783,1.3472048580563298,0,118454.42465206806,1.541858335126921,67.80994462108038,54,1,1
36.665714189583426,3.0650917325036313,0,49143.031464324325,4.470460798242346,33.21825748553925,62,1,2
10.264691562370384,4.918922226640884,1,73505.032979431,1.7177846587503596,24.73819366171348,54,2,0
28.409890115597975,3.385984993905467,0,56947.249182602725,6.55808315212918,12.479616682724469,88,0,2
15.62848902475392,3.522755399206037,0,37971.75496708558,1.4211096111659363,19.30172691277212,69,1,0
43.66111202955972,3.4046125670726357,0,33476.25516891816,8.616271338457967,72.51130819482344,1,1,2
49.78993577844858,3.3164763349660014,0,117549.64975472217,1.8647148221917274,38.57271286524902,61,2,2
48.924878923480435,0.2898268523478281,0,80235.35611284776,8.801289267511237,7.503227956123034,21,0,1
39.096919178180585,2.909269382481262,0,37486.23663859006,2.8480023808170083,105.74160093676915,8,0,1
37.22806854633855,4.922234461483872,1,52701.96023468399,8.19921495861094,8.905731907785484,39,0,2
24.051355447855933,1.9237075593276098,0,36773.379535117485,2.7483321416696924,76.07280752562785,26,0,0
41.645686296688126,1.7634983721705735,1,50718.343960084996,3.7653775544192527,5.930213134603321,26,0,1
41.890939022034985,3.880409124403581,0,41437.60185142046,8.207773254817102,113.2691229798053,0,1,2
13.367256384569721,2.915553435192432,0,102252.84075014926,0.9666064365286764,59.41248625720028,43,2,0
24.051355447855933,1.9237075593276098,0,35947.410122984475,2.6012583404102037,76.07280752562785,18,0,0
43.84161497793387,2.036826475997189,0,39090.427502822124,1.662755104425698,78.18190350253694,1,1,0
36.78563996067088,2.0915855255483105,1,72551.25317584453,8.16435278756309,47.71755210709716,30,1,2
18.05254502660621,2.909269382481262,0,92031.5073568532,4.161592890459795,105.59168093128339,7,0,1
24.051355447855933,2.013847246806684,0,93699.808011117,2.7483321416696924,75.74313516052035,52,0,0
21.978431665455986,0.6421295190605356,1,51755.60453142836,8.19921495861094,88.31831843136229,39,0,2
10.264691562370384,4.924924938749738,0,97003.65265992907,1.7157082248745164,54.398203883386856,54,2,0
48.94110149323681,0.2898268523478281,1,80991.01727080838,9.019355434128686,7.503227956123034,21,2,1
39.430399892201926,4.366247974427942,1,28191.120805325383,3.7659875548248056,6.550497461721321,9,0,1
30.124163495252038,2.82529086231275,0,74684.04284916697,2.5913176776396716,88.31515567350749,25,0,1
24.19768558888524,3.105845041247291,1,84625.86427604014,6.500653831363042,57.082813378956246,52,0,0
39.03022129597723,3.3823524568484418,1,32035.86713720637,5.512530132098265,8.159810055134905,24,0,0
22.787356278199006,3.3933851315893806,0,33476.25516891816,8.594054332397118,69.06120660152025,2,1,2
38.82983383048685,1.968269183667216,0,37486.23663859006,2.108534215489762,107.23530166511905,8,0,1
30.156783759911107,4.0233125232080935,0,75962.43242514387,2.7490235621723267,86.8596446073145,13,1,1
15.753198781157467,3.396572936290931,1,59143.17459053701,5.076996372082804,31.97397466715207,92,0,0
36.147951652557786,1.8323118063059085,0,52071.092804591666,3.439759018496324,8.876386629532803,15,0,1
13.027983865998202,0.2898268523478281,0,34879.89811386978,2.848530857763792,113.33976259013487,21,0,1
24.107727112522856,0.22646862760643682,1,34932.31409797739,6.480028775816348,58.573650699877945,46,0,0
37.714337460109704,4.939902188776225,0,80677.30410121477,0.7539050975100265,7.662699541376362,86,2,2
29.90076410693378,2.002094175626485,1,61786.49993520274,0.8029535906372276,59.15785832585546,5,0,0
48.219263057204714,4.872495603370005,0,56349.24418562174,2.1560116356899934,54.103686008330534,4,0,2
11.958758623794985,4.736719335457829,1,81563.3513105509,2.438200630525901,0.7754722493209032,18,1,2
40.58590520845111,3.8371719189650753,0,95647.54430521574,2.775734819304343,50.88618751525359,35,1,1
48.235485626966295,2.0314218187290827,1,57717.6735383425,2.3336192795295583,52.88661762965924,1,2,2
17.78258040949308,0.3826108955826141,0,34291.27489089452,5.589324584341808,81.92992937449718,86,2,2
36.90470904943125,4.713692352247328,1,74270.90526340684,2.7617740961619304,8.905731907785484,39,0,2
24.107727112522856,0.22646862760643682,1,34932.31409797739,6.480028775816348,58.573650699877945,46,0,1
41.28536178220335,3.1579597875016425,1,42645.26550148216,5.512530132098265,2.396056443891375,26,0,0
24.051355447855933,1.950348386820962,0,31574.552398344822,2.7483321416696924,76.07745489344056,26,0,0
30.124163495252038,2.82529086231275,0,76483.85685277371,2.5913176776396716,113.79382663484571,27,0,1
42.41435580447322,4.366247974427942,1,28191.120805325383,3.7659875548248056,6.550497461721321,9,0,1
18.05254502660621,1.991931024142789,0,61606.97557821582,0.8295858736423529,58.776315197628264,7,0,1
24.107727112522856,3.105845041247291,1,47763.22163062988,6.531348070599962,5.483477696180103,52,0,1
28.50759838707664,1.9253136784551987,0,35947.410122984475,2.6012583404102037,76.07280752562785,18,0,0
41.890939022034985,3.880409124403581,0,41866.15939392051,8.19932445441937,113.2691229798053,0,1,2
39.03022129597723,3.067927760294234,1,32035.86713720637,5.512530132098265,8.159810055134905,24,0,0
36.147951652557786,2.0208037705200264,0,52071.092804591666,2.2820131467894917,8.876386629532803,15,0,1
22.46470054652037,1.9766582122099905,0,61174.299645936175,1.1975420623229567,86.618049670875,67,0,2
20.38794577300729,3.444427488893705,0,38475.02857593663,2.2862430793691866,54.03544220049575,1,1,2
11.958758623794985,4.324618939753372,1,90589.35984897481,2.4388106309310458,0.7754722493209032,18,1,2
35.23391277763017,2.9085610893286447,0,25601.884196580242,8.745184651531053,72.51130819482344,5,0,2
39.430399892201926,4.778348476399293,1,26705.724737630306,3.7653775544192527,6.550497461721321,9,0,0
11.914391166797124,0.2898268523478281,0,40123.842346508776,2.848530857763792,114.43785058696596,21,0,1
24.051355447855933,1.9237075593276098,0,36773.379535117485,2.7483321416696924,76.63632385046544,46,0,0
22.763044524245103,4.164146870051145,0,39637.78785501685,8.185556248756251,91.67118685178116,2,1,2
21.818106315850915,0.6421295190605356,1,43073.30939171052,8.19921495861094,88.31831843136229,39,0,2
29.90076410693378,2.822970962259754,1,39258.1582448207,2.821373020795618,106.12257793985901,5,0,0
39.30305345886406,1.7751102526191116,1,71958.79540733635,5.147939951643942,56.64706955713481,26,0,0
42.432505969851945,1.7618922530429844,1,50718.343960084996,3.897501472836934,5.930213134603321,26,0,1
36.78563996067088,2.0679967873218525,1,51979.0875044901,8.207663759008673,8.661437169706382,30,0,2
36.147951652557786,1.8559005445323662,0,72214.70093344635,3.404906229537837,50.06185314176126,15,1,1
48.235485626966295,1.8429298545149646,1,57717.6735383425,3.491365151236847,63.26518780753942,1,2,2
33.01516517492514,0.6729721372469113,0,80343.14868776337,1.7249918628306904,78.52649621259644,4,2,0
49.65417902682909,4.819732849345393,1,56709.714804983,8.68448752688961,69.12945040935504,4,2,2
30.156783759911107,4.0233125232080935,0,71758.99279311411,2.7490235621723267,86.8596446073145,4,1,1
17.391295553595562,3.4060889743585823,0,93367.82255719049,3.877124625651567,105.59168093128339,4,0,1
39.937241457772885,1.7751102526191116,1,40164.75872415936,5.147939951643942,56.64706955713481,23,0,0
39.30305345886406,1.7751102526191116,1,82086.40101664737,0.9822698256979832,5.892156872932404,8,0,1
42.036761530374825,3.1601151299441446,1,42645.26550148216,5.512530132098265,2.396056443891375,26,0,0
13.027983865998202,0.2898268523478281,0,43821.485166141996,2.848530857763792,84.13138479949033,21,0,1
12.728588311509004,0.22621129842587723,0,43096.682303032896,6.319687816754773,114.43785058696596,46,0,1
29.90076410693378,2.002094175626485,1,61786.49993520274,0.8029535906372276,68.38919931569184,5,0,0
12.207019356228447,1.9237075593276098,0,35947.410122984475,2.6061108139215396,76.07280752562785,14,1,0
39.640458177148815,2.0679967873218525,1,52407.64504699015,8.19921495861094,8.554715156765718,9,0,2
24.107727112522856,2.063679870644092,1,33380.11664188121,7.318919129058895,58.573650699877945,32,0,0
29.90076410693378,2.822970962259754,0,41942.56586908037,2.687022253075595,106.12257793985901,47,0,0
25.761761070640773,3.105845041247291,1,47737.965832367896,6.558566117594781,8.126620748773028,52,0,1
24.051355447855933,2.0576966184936154,0,36701.50182331919,2.6264955593360346,77.7133325727316,28,0,0
13.256752532574968,2.027300666197176,0,90589.35984897481,2.4404379692025455,0.7754722493209032,18,0,2
43.20682476063913,4.755047017839006,1,56709.714804983,8.68448752688961,3.5120195505616962,4,2,2
41.645686296688126,1.7634983721705735,1,32881.081516620005,3.880773088009529,5.930213134603321,27,0,1
17.41850807069487,2.909269382481262,0,70886.76658034061,2.8480023808170083,105.74160093676915,8,0,1
16.920594790102758,1.991931024142789,0,61606.97557821582,3.612725299901645,58.776315197628264,24,0,1
22.46470054652037,0.6475357304302192,0,80716.93645560632,0.6082257352680482,116.13980855775138,74,2,2
21.11803725664499,0.2900841815283877,1,34932.31409797739,3.008871829543237,58.573650699877945,21,0,1
28.50759838707664,1.5122732550838802,0,35947.410122984475,2.6012583404102037,76.07280752562785,18,0,0
23.80513377936479,4.324618939753372,1,83048.72900381139,2.4339581574197093,0.7754722493209032,18,0,2
36.57558167572398,4.366247974427942,1,28191.120805325383,3.7659875548248056,6.657219474661984,30,0,1
36.339765322304444,0.2316404989330697,1,56524.97899514298,8.401029099133105,8.661437169706382,45,0,2
24.051355447855933,1.9237075593276098,1,36773.379535117485,2.7483321416696924,76.64097121827817,2,0,0
37.37618725108145,3.067927760294234,1,32061.122935469648,5.485312085103446,5.516667002542175,24,0,0
24.051355447855933,1.6851652942829354,0,31646.43011014311,2.7483321416696924,76.07745489344056,26,0,0
34.88127249281996,4.318099781334756,1,52071.092804591666,2.2803858085179924,8.876386629532803,15,1,1
49.65371697804191,3.36549345673387,1,32039.28564192114,5.785862944519856,68.51580402144839,26,0,0
39.03022129597723,3.3823524568484418,1,49873.12958068364,5.397134598508042,8.159810055134905,24,0,0
45.1425085057237,3.1579597875016425,1,42645.26550148216,5.512530132098265,6.900958413139038,26,0,0
10.264691562370384,4.924924938749738,1,97003.65265992907,0.7936699509390321,52.27420305752494,54,2,0
47.827320257768015,3.3164763349660014,0,38408.386814938836,1.796718852399244,42.17976333424192,57,0,2
25.48204855836248,0.8179408116111847,1,64543.03796463794,7.360955584455033,84.50200821143068,83,1,0
12.810090082095096,1.9745532363783491,0,102252.84075014926,0.9666064365286764,59.41248625720028,43,2,0
49.568118934227066,1.3899760632245073,0,80113.18360322808,8.802895755409828,7.61122945116421,77,1,0
39.430399892201926,4.778348476399293,1,26705.724737630306,3.7653775544192527,6.550497461721321,9,0,1
30.928054023537783,1.49672531749869,0,118454.42465206806,1.541858335126921,67.45262824618298,53,2,1
40.58590520845111,2.8053849736316483,0,95760.47372354516,2.775734819304343,52.34169871257181,35,0,1
42.10364550380453,2.036826475997189,0,61786.49993520274,1.7249918628306904,78.18190350253694,1,1,0
36.665714189583426,0.693637754003788,0,89617.05120579057,4.470460798242346,33.81125874825669,62,1,2
24.051355447855933,1.9237075593276098,0,36773.379535117485,2.7483321416696924,76.64097121827817,46,0,0
22.763044524245103,3.847075269143572,0,41437.60185142046,8.185556248756251,109.8381134687236,2,1,2
36.78563996067088,2.0679967873218525,1,52407.64504699015,8.19921495861094,8.661437169706382,30,0,2
15.753198781157467,3.396572936290931,1,36447.10215803477,5.014758160615788,31.97397466715207,88,0,0
18.05254502660621,2.909269382481262,0,39092.72989563378,2.8480023808170083,105.74160093676915,7,0,1
17.872538885476065,0.3826108955826141,0,79730.9483984989,6.500608620356914,81.92992937449718,86,2,2
28.409890115597975,3.6494242902333602,0,56947.249182602725,0.899453017377928,17.490619257454668,89,0,2
34.572632879269065,3.369880266882306,0,33476.25516891816,8.745184651531053,72.51130819482344,4,0,2
30.124163495252038,4.009663725024558,0,74571.11343259383,2.5913176776396716,86.8596446073145,13,1,1
40.81120502667669,0.7446572749245567,0,48328.57265488085,0.05373840664341212,61.60118072414114,81,2,1
48.235485626966295,4.872495603370005,1,57104.90534365815,2.3772056930853247,54.103686008330534,4,2,2
13.546501591498679,4.338267737936935,1,83614.07852459117,1.4318254908198225,0.7754722493209032,18,1,2
16.435746133674506,4.515349258562002,1,75313.86605839664,0.8536386940384022,20.470553338158865,81,2,1
40.260447790195826,4.809725401219054,0,118341.91288502303,1.86598256229477,95.31476781748894,70,2,2
24.107727112522856,3.105845041247291,1,39186.190338402776,6.480028775816348,57.082813378956246,52,0,0
36.147951652557786,1.8559005445323662,0,72214.70093344635,3.404906229537837,47.930746978997135,15,1,1
13.027983865998202,0.2898268523478281,0,98444.14424416226,4.5610796225748444,113.1898426045443,21,0,1
15.62848902475392,3.49296709986056,0,38981.858507225836,0.5894696555712609,18.62612753266083,69,1,0
45.1425085057237,3.1579597875016425,1,42645.26550148216,5.512530132098265,2.5618909707767212,26,0,0
27.349091259603675,3.245184166154293,0,62280.116306142714,1.40494275716616,44.26014205662192,96,0,2
13.543585868988027,0.45394532441111557,1,98686.9267438325,1.4318254908198225,0.7754722493209032,18,1,2
36.147951652557786,1.9160628364522276,0,56861.13321138816,1.6741597020267809,18.469253339815808,15,0,1
45.40505486893518,2.741284937397023,1,48298.168384595745,0.35074892275210034,3.223312357059342,26,0,0
38.38503168097078,4.809498720307605,0,119818.13761838367,1.9341995400826477,51.879538160068705,70,2,2
24.107727112522856,3.105845041247291,1,95283.50003408655,6.417446175918999,57.082813378956246,36,0,0
22.794054749900397,1.9237075593276098,0,38450.04975484995,2.734483062029376,74.76718829072436,46,0,0
13.742023264254414,1.3899760632245073,0,80365.06997644823,8.160317748914139,20.568220006463036,77,1,0
12.810090082095096,1.9745532363783491,0,61172.74385586347,0.289176444986595,84.75945825241872,43,2,0
17.872538885476065,0.9566311032131558,0,79730.9483984989,4.417565930484154,37.10219448835841,85,2,2
42.10364550380453,2.0303802308980403,0,61786.49993520274,1.7249918628306904,78.18190350253694,1,0,2
27.351103605823788,1.4715821824128676,0,58466.74037176272,1.40494275716616,67.02813402148507,96,0,2
15.629320192536793,3.397028045141243,0,38989.8487619589,0.5894696555712609,31.96908140195884,69,1,0
17.919005180262527,2.9712380635723075,0,44984.12993748671,8.356544290001827,109.8381134687236,2,1,2
35.919541490470344,3.369880266882306,0,33440.45461867777,8.844750331553335,72.51130819482344,4,0,2
30.124163495252038,4.009663725024558,1,74571.11343259383,2.5913176776396716,86.8596446073145,13,1,1
12.347182390695615,4.180570308277312,0,72257.27095257657,4.5610796225748444,113.1898426045443,21,0,1
28.409890115597975,3.589261987932259,0,72300.81690466091,3.4119457002920504,46.95211504463403,96,1,2
40.548658657645134,0.7446572749245567,0,42675.669771767265,5.363794882340386,61.19628020027914,81,2,1
12.523577841656598,4.925151616409845,1,114405.84333192097,0.7254530890713357,95.70942709405102,54,2,0
44.605052326598766,2.5542072571345678,0,39663.12133500441,2.838317441199243,52.34169871257181,57,0,1
48.866806713279466,3.3164763349660014,0,36731.71659520637,1.8105679320397574,42.17976333424192,57,0,2
49.913017143187126,4.515349258562002,1,75061.97968517648,2.55167697103641,7.513563961477162,81,2,1
25.48204855836248,1.065307799383577,1,114456.53750231862,8.129176311240192,65.43666697103015,83,1,0
36.665714189583426,0.693637754003788,0,89617.05120579057,6.553503488110329,82.8838873613583,62,1,2
36.78563996067088,2.0744430324210006,1,52407.64504699015,8.19921495861094,8.661437169706382,31,1,0
30.92604167731767,3.298473278957794,0,118054.73348134675,1.541858335126921,44.684636281323534,50,2,1
15.752367613374593,3.492511991010248,1,36439.11190330172,5.014758160615788,18.631020797968635,89,0,0
22.896584370602888,3.7851065880222143,0,39092.72989563378,2.6769206901062788,105.74160093676915,7,0,1
39.126027871090145,4.778348476399293,1,26741.525287870685,3.7653775544192527,6.550497461721321,9,0,1
48.235485626966295,4.872495603370005,0,57104.90534365815,2.3772056930853247,54.103686008330534,4,2,2
35.18980002861372,2.2887695967467767,1,52407.64504699015,8.19921495861094,8.661437169706382,17,0,2
22.99125614365085,3.369880266882306,0,33440.45461867777,8.177892341049716,72.51130819482344,4,0,2
45.01768472015128,2.5542072571345678,0,39662.22986211516,2.845137677697449,52.34169871257181,57,0,1
15.627905748766874,1.9765081092018115,0,56861.13321138816,1.676255534100406,18.469253339815808,15,0,1
39.75623561039694,4.803627161508185,0,75402.53337410952,2.6875710735434244,86.8596446073145,13,0,1
24.107727112522856,3.105845041247291,1,39186.190338402776,5.595358221973926,57.082813378956246,52,0,0
39.126027871090145,4.723502121566192,0,26741.525287870685,3.7653775544192527,12.186472774265793,9,0,1
42.106090902864864,2.073281400234835,1,52407.64504699015,1.7596041841512111,77.03277522070795,31,0,0
17.116494088066766,2.909269382481262,0,117887.0955012186,1.8518144243954116,105.74160093676915,5,0,2
11.85779773890339,3.847075269143572,0,98569.25448278135,4.306561005034287,109.8381134687236,25,1,2
34.572632879269065,3.367958814691723,0,33476.25516891816,8.745184651531053,72.51130819482344,32,0,2
36.147951652557786,3.343528763002504,0,72214.70093344635,3.50992385325714,47.83174507964167,89,1,1
42.70662840459313,4.009663725024558,1,74571.11343259383,2.5913176776396716,86.8596446073145,13,1,1
13.546501591498679,4.314112107113681,1,43251.21119997282,1.4318254908198225,0.7754722493209032,18,1,2
45.129145893448545,3.1467323520269233,1,41844.36195905145,5.512530132098265,4.185196840643863,26,0,0
13.543585868988027,0.18063249411418714,1,98686.9267438325,1.4318254908198225,0.7754722493209032,30,1,2
32.28143285261201,3.7851065880222143,0,39092.72989563378,3.7045862862119545,93.81292638034164,7,0,1
23.637646625804102,1.9237075593276098,0,36774.27100800675,2.741511905171486,76.64097121827817,46,0,0
35.04310464593796,1.9141079636287652,0,61172.74385586347,0.28717021681419996,84.75945825241872,43,2,0
29.79832777262486,3.984345139907708,1,25874.31663818727,3.669124158515528,6.550497461721321,24,1,1
48.235485626966295,4.872495603370005,1,51102.9987807149,2.3772056930853247,54.103686008330534,4,2,2
12.347182390695615,3.8461154497455077,1,72257.27095257657,4.5610796225748444,113.1898426045443,21,0,1
36.783194561588026,1.3274568281763315,0,61786.49993520274,7.859454015072271,9.840641072457323,0,1,2
41.49748024760093,4.809725401219054,0,38767.33810491459,2.8621705187167947,96.9832484520369,73,2,1
23.938346024417584,0.2898268523478281,0,41312.36714363104,8.440059862372745,113.1898426045443,0,0,1
24.107727112522856,3.107766493437874,1,95283.50003408655,6.417446175918999,57.082813378956246,6,0,0
15.753198781157467,1.887076002689922,1,36447.10215803477,4.909740536896553,32.072976566509105,16,0,0
29.521178144463732,2.036826475997189,0,51102.16286465704,1.2819746603253046,81.82105179860868,0,1,0
17.919005180262527,2.995393287850738,0,85346.997083706,8.123190553152325,109.8381134687236,2,1,2
44.03758058359348,2.8655893479911816,1,48298.168384595745,0.35074892275210034,2.647402849974047,23,0,0
17.709681765280962,2.955009415755998,1,26705.724737630306,3.7653775544192527,6.550497461721321,9,0,1
12.984070811384477,0.23479993512228625,1,37174.35166398556,1.7885061356100673,0.7754722493209032,29,1,2
12.347182390695615,3.8461154497455077,1,72257.27095257657,4.438886041670604,113.1898426045443,17,0,0
30.124163495252038,4.009663725024558,0,97529.78382843334,2.5913176776396716,86.63791664189377,14,1,1
42.7970739309619,4.009663725024558,1,74571.11343259383,2.6604050861986215,86.8596446073145,13,1,1
25.712000373439103,3.105845041247291,1,39091.63967763042,5.595358221973926,58.65312533399468,7,0,0
21.350035010931304,0.1541063930308223,0,41312.36714363104,8.195874207807021,113.1898426045443,0,0,1
13.57025443713108,3.107766493437874,0,91652.80782141296,6.417446175918999,57.082813378956246,6,0,0
13.546501591498679,4.338267737936935,0,83055.5874962569,1.4732228775074774,0.6982179180138317,18,0,1
42.10364550380453,2.022888976158121,0,61674.81153161393,1.7249918628306904,78.18562770531926,1,0,2
45.129145893448545,3.1467323520269233,1,41844.36195905145,5.3844483258203315,4.273839595741962,26,0,0
23.94169934878656,1.923582422569745,0,36773.379535117485,2.7572061137302057,76.64097121827817,46,0,1
35.92220695975422,3.369880266882306,0,33440.45461867777,8.843927195952475,72.51130819482344,3,0,2
15.720729166033419,1.8865870311277184,1,98686.9267438325,4.988388099911416,0.7754722493209032,20,1,2
17.919005180262527,2.9712380635723075,0,44984.12993748671,8.025008075038492,109.8381134687236,2,1,2
39.77334985872183,4.731679165927885,0,39092.72989563378,2.8480023808170083,105.74160093676915,7,0,1
23.551005512585174,3.3247989003659733,0,94952.7513931105,8.177892341049716,76.66165300387236,5,0,2
44.03758058359348,2.8655893479911816,1,48298.168384595745,0.35074892275210034,2.647402849974047,32,0,1
10.984294116065428,3.847075269143572,0,75610.58406094849,3.836962721518657,110.05981661405755,24,1,2
34.48218733546431,3.367958814691723,0,33476.25516891816,8.745184651531053,72.51130819482344,44,0,2
25.54433625051113,3.773748057871842,0,31277.73773606222,2.6769206901062788,104.17084540678066,52,0,1
35.024835735716756,2.2887695967467767,1,52407.64504699015,8.443400613176665,8.661437169706382,17,0,2
22.885330559725773,4.180570308277312,1,72257.27095257657,4.5610796225748444,113.1898426045443,21,0,1
32.28143285261201,3.7851065880222143,1,39651.22085986483,3.663188973409928,90.92115189705024,7,1,2
42.106090902864864,2.0807726549747545,1,52519.33345057895,1.7596041841512111,77.02905101792564,30,0,0
39.126027871090145,4.778348476399293,1,26741.525287870685,3.7896609477953995,6.461854706624276,8,0,1
36.25760775137665,1.9161879732100924,0,56861.13321138816,1.6652857299702721,18.469253339815808,15,0,0
34.569967409985196,3.2184821529218826,0,33476.25516891816,8.746007787131916,72.51130819482344,4,0,2
13.57605548411555,0.45444300432046125,1,36447.10215803477,1.3531895646652545,32.072976566509105,16,0,0
39.126027871090145,4.304524841517366,0,26741.525287870685,3.7653775544192527,12.186472774265793,9,0,1
34.57876514946129,2.2887695967467767,1,97883.96477825182,8.443400613176665,8.661437169706382,17,1,2
18.012923141495236,2.955009415755998,1,26705.724737630306,3.7653775544192527,6.550497461721321,9,0,1
25.712000373439103,4.7288018714664535,1,26766.09974975814,3.646299994053767,58.65312533399468,7,0,0
12.519417385281269,3.8778217910959176,1,72257.27095257657,4.438152197278076,107.88795557932117,13,0,1
16.67601375524406,4.224865559603579,1,35707.958539046675,1.4327630503380289,0.7754722493209032,15,1,0
32.28143285261201,3.7851065880222143,0,28748.20983284566,3.7045862862119545,94.30715246548873,7,0,1
35.18980002861372,2.2887695967467767,0,52407.64504699015,8.19921495861094,8.661437169706382,19,0,2
26.183803346287682,0.1541063930308223,0,41312.36714363104,8.195874207807021,113.1898426045443,0,0,1
42.106090902864864,2.073281400234835,1,54256.959585340235,1.424691937024135,77.03277522070795,31,0,0
39.126027871090145,4.790440916544716,1,27840.476487801337,3.462300361188834,108.84218960157486,5,0,1
11.85779773890339,3.8448659748969236,1,42667.56986381645,5.5135484267124095,4.054076890099971,25,1,2
32.28143285261201,3.7851065880222143,1,39651.22085986483,3.663188973409928,110.84627822157714,6,0,2
18.059843908039973,2.9712380635723075,0,44984.12993748671,8.046013143078271,112.37118129431056,2,1,2
41.00131085015736,3.8461154497455077,1,72257.27095257657,4.438886041670604,113.2648714138422,13,0,0
13.99302358566494,0.18063249411418714,1,53210.58673038133,1.4318254908198225,0.7754722493209032,30,0,2
38.62303180815602,4.723502121566192,0,26741.525287870685,3.7653775544192527,12.186472774265793,9,0,1
39.430399892201926,3.154816718105932,1,39031.26466550308,5.7144357823410985,6.550497461721321,9,0,1
22.819486951748285,3.3693766045750357,0,34653.89941149964,8.177892341049716,77.8085569612202,2,0,2
15.516835762539028,0.3133750537476344,1,84353.2221403885,1.3522520051470481,32.072976566509105,16,0,2
34.572632879269065,3.369880266882306,0,36878.921034588966,8.745184651531053,72.01708210707481,4,0,2
34.569967409985196,3.2184821529218826,1,40940.89052120467,8.746007787131916,72.51130819482344,2,0,2
23.938346024417584,0.2898268523478281,0,41312.36714363104,8.440059862372745,114.5823832180961,0,0,1
16.23848320908663,2.957850237809494,0,53989.92312331002,8.683681370523622,5.51637108908205,2,1,2
24.107727112522856,3.107766493437874,1,95283.50003408655,7.220168408940265,57.082813378956246,6,0,0
45.129145893448545,3.1489416462727524,0,97642.44340080724,4.60677824505939,110.50686780620563,26,0,0
15.753198781157467,1.887076002689922,1,36447.10215803477,4.909740536896553,32.072976566509105,17,1,0
41.96280461732029,2.8007045766219965,0,61786.49993520274,2.6863411007486118,71.37938079173925,1,0,2
14.185454124380353,4.009663725024558,1,74571.11343259383,2.6604050861986215,86.78399093574468,17,1,1
42.10613214005097,2.0306935105667994,0,52427.28025705427,1.7249918628306904,78.14224111853733,1,0,0
42.103604266618426,2.4636409694489143,1,61766.864725138614,1.6606856748154009,77.07243760470757,31,0,2
10.264691562370384,4.924924938749738,1,97003.65265992907,0.7936699509390321,52.27420305752494,54,2,0
47.827320257768015,3.3164763349660014,0,38408.386814938836,1.796718852399244,42.17976333424192,57,0,2
25.48204855836248,0.8179408116111847,1,64543.03796463794,7.360955584455033,84.50200821143068,83,1,0
12.810090082095096,1.9745532363783491,0,102252.84075014926,0.9666064365286764,59.41248625720028,43,2,0
49.568118934227066,1.3899760632245073,0,80113.18360322808,8.802895755409828,7.61122945116421,77,1,0
39.430399892201926,4.778348476399293,1,26705.724737630306,3.7653775544192527,6.550497461721321,9,0,1
30.928054023537783,1.49672531749869,0,118454.42465206806,1.541858335126921,67.45262824618298,53,2,1
40.58590520845111,2.8053849736316483,0,95760.47372354516,2.775734819304343,52.34169871257181,35,0,1
42.10364550380453,2.036826475997189,0,61786.49993520274,1.7249918628306904,78.18190350253694,1,1,0
36.665714189583426,0.693637754003788,0,89617.05120579057,4.470460798242346,33.81125874825669,62,1,2
24.051355447855933,1.9237075593276098,0,36773.379535117485,2.7483321416696924,76.64097121827817,46,0,0
22.763044524245103,3.847075269143572,0,41437.60185142046,8.185556248756251,109.8381134687236,2,1,2
36.78563996067088,2.0679967873218525,1,52407.64504699015,8.19921495861094,8.661437169706382,30,0,2
15.753198781157467,3.396572936290931,1,36447.10215803477,5.014758160615788,31.97397466715207,88,0,0
18.05254502660621,2.909269382481262,0,39092.72989563378,2.8480023808170083,105.74160093676915,7,0,1
17.872538885476065,0.3826108955826141,0,79730.9483984989,6.500608620356914,81.92992937449718,86,2,2
28.409890115597975,3.6494242902333602,0,56947.249182602725,0.899453017377928,17.490619257454668,89,0,2
34.572632879269065,3.369880266882306,0,33476.25516891816,8.745184651531053,72.51130819482344,4,0,2
30.124163495252038,4.009663725024558,0,74571.11343259383,2.5913176776396716,86.8596446073145,13,1,1
40.81120502667669,0.7446572749245567,0,48328.57265488085,0.05373840664341212,61.60118072414114,81,2,1
48.235485626966295,4.872495603370005,1,57104.90534365815,2.3772056930853247,54.103686008330534,4,2,2
13.546501591498679,4.338267737936935,1,83614.07852459117,1.4318254908198225,0.7754722493209032,18,1,2
16.435746133674506,4.515349258562002,1,75313.86605839664,0.8536386940384022,20.470553338158865,81,2,1
40.260447790195826,4.809725401219054,0,118341.91288502303,1.86598256229477,95.31476781748894,70,2,2
24.107727112522856,3.105845041247291,1,39186.190338402776,6.480028775816348,57.082813378956246,52,0,0
36.147951652557786,1.8559005445323662,0,72214.70093344635,3.404906229537837,47.930746978997135,15,1,1
13.027983865998202,0.2898268523478281,0,98444.14424416226,4.5610796225748444,113.1898426045443,21,0,1
15.62848902475392,3.49296709986056,0,38981.858507225836,0.5894696555712609,18.62612753266083,69,1,0
45.1425085057237,3.1579597875016425,1,42645.26550148216,5.512530132098265,2.5618909707767212,26,0,0
27.349091259603675,3.245184166154293,0,62280.116306142714,1.40494275716616,44.26014205662192,96,0,2
41.951176103650404,0.2898268523478281,0,97894.07328759778,4.545924585860153,112.4963282363068,21,0,1
24.051355447855933,1.9237075593276098,0,35807.70918081034,3.5309893798903884,76.64097121827817,46,0,0
17.446848127059454,2.893039248489869,0,38408.386814938836,1.853884616119365,42.24075882524649,57,0,2
22.93774432016915,3.852561011187097,1,54724.719202315726,2.3772056930853247,109.94097009317865,4,2,2
36.22863371099245,1.942755997569955,0,72214.70093344635,3.53213728354815,47.930746978997135,13,0,1
28.256923207841297,4.924924938749738,1,97003.65265992907,0.9050470113244112,16.275493113139895,30,2,0
25.733135060438354,3.49296709986056,0,38981.858507225836,7.925391912943023,19.585604671584452,69,1,0
40.985378548439684,0.7636588409968286,0,79305.8416561214,0.654198114960141,81.92992937449718,86,2,2
12.534459581590866,2.594229711944553,0,80113.18360322808,8.802895755409828,11.856122025817545,77,1,0
13.015955945123219,1.7601489690642054,0,61217.789188923525,1.7249918628306904,78.18190350253694,3,1,2
30.928054023537783,1.49672531749869,0,19522.518358567868,1.5438131260394543,31.463785546969653,52,2,0
36.665714189583426,3.269596839226793,0,40109.23129371419,6.466635371733467,33.92113148424594,62,0,0
30.124163495252038,4.013132471589946,0,42652.26421463691,2.5913176776396716,88.10733343801635,13,1,1
46.24963052176606,3.1579597875016425,1,42645.26550148216,5.509694574938194,2.4340442541255904,26,0,0
36.78563996067088,2.0679967873218525,0,52407.64504699015,8.74229772625695,8.661437169706382,30,0,2
11.093128442301934,4.809725401219054,0,107681.92405587649,1.8811376370696014,96.00825233075146,70,2,2
40.58590520845111,2.8053849736316483,0,96725.99766334718,2.774815618828933,52.34169871257181,35,0,1
46.75866581738957,4.522109478934769,1,75313.86605839664,0.8744725796975288,20.40955786465677,79,2,1
48.01004463085661,4.866553064347632,0,75582.85329350652,8.185556248756251,53.99401606117576,2,1,2
31.33887777607508,2.9071509833037465,0,62280.116306142714,1.2777120572876854,44.26014205662192,97,1,2
10.6265790827376,3.6494242902333602,0,56947.249182602725,0.788075956992549,51.68654801286512,86,0,2
15.377405339972345,0.8179408116111847,1,64543.03796463794,1.2282059060303823,83.54329082832388,83,1,0
17.698450939475727,0.6109763179939293,0,59419.71625127713,5.98073100055449,67.88280609593981,81,2,1
49.364877833084755,1.3443197816114842,0,102252.84075014926,0.9666064365286764,59.41248625720028,43,2,0
42.66869077461188,4.613044456793201,1,84182.78927078922,1.4318254908198225,0.7754722493209032,18,1,0
15.753198781157467,3.424714044341874,1,118439.91720786136,5.012805450466519,67.96281745067837,88,0,1
24.107727112522856,0.530312173346756,1,88694.00805219595,4.483854202324194,56.97294064308974,56,1,2
18.05254502660621,2.9058006344469427,0,74558.10720405473,2.8480023808170083,104.49391200307865,5,0,1
39.26846502584412,4.778348476399293,1,26705.724737630306,3.8748485026642143,6.678344708752691,9,0,1
34.572632879269065,3.369880266882306,1,33476.25516891816,8.202101883885033,72.51130819482344,4,0,2
45.1425085057237,3.1771609919576234,1,40924.32498962349,6.516979503003439,2.0095738211051426,50,0,0
24.051355447855933,1.7221423633835697,0,36773.379535117485,2.7483321416696924,76.64097121827817,46,0,0
30.6334937797831,4.388251628761532,0,97894.07328759778,3.705855240181269,112.02123242808423,21,1,1
13.437239047111586,0.22982176718919678,1,88694.00805219595,2.0552062451793525,50.70805372852996,56,1,2
46.24963052176606,3.1579597875016425,1,42645.26550148216,6.153106553535641,2.4340442541255904,26,0,0
42.66869077461188,1.9203334451038416,1,84741.96463912325,1.8319689641570813,0.7754722493209032,18,1,1
48.235485626966295,4.885929477902928,1,57099.44099697055,2.3772056930853247,58.3038947768038,29,2,2
23.687408700909018,3.8518189544121966,1,55311.75432716539,2.5913176776396716,112.50706205499101,13,1,1
27.778951514945092,1.764624940715087,0,19522.518358567868,1.705416722014117,77.84228113626085,53,1,0
34.565986223473324,0.2362035666169351,0,98444.14424416226,4.5610796225748444,113.1898426045443,4,0,2
29.233097741682897,4.924924938749738,1,98088.55318083489,1.2129071286705981,16.275493113139895,30,1,0
36.147951652557786,1.8543065294539227,0,38001.77364330628,3.404906229537837,45.90663825561387,15,1,1
36.78563996067088,2.920353256054918,0,54223.61478211375,8.74229772625695,103.52205110872632,36,0,2
24.107727112522856,3.154538915953942,1,42615.44447777177,5.475579404911174,58.10900136141363,28,0,0
42.623259208539565,0.05615293156509793,0,42652.26421463691,2.5492230532602154,77.27329601492008,13,0,1
24.484906863670105,3.452953770969449,1,83614.07852459117,4.428475503408122,0.3158902757149873,18,1,2
41.19200923697028,4.778348476399293,1,21957.44259769031,3.7653775544192527,6.550497461721321,9,0,1
36.22863371099245,4.6343109415819095,0,71655.52556511227,3.53213728354815,47.930746978997135,25,0,0
36.78563996067088,2.0359487158345977,1,52413.109393677754,8.19921495861094,4.595297268578847,5,0,2
29.374499114514368,4.0229740304134305,0,74946.58207374392,2.3772056930853247,89.3950080125134,4,2,2
13.115870854288465,1.4922493458478086,0,61217.789188923525,1.5633882668560277,31.803408708826613,3,2,2
13.041050711795314,3.431874995576409,0,39110.3518230039,8.722729780563666,72.51130819482344,23,0,1
14.158959452498049,0.8179408116111847,1,63458.135594679465,0.9203457886841959,83.54329082832388,83,2,0
18.05254502660621,2.910863397560164,0,73305.65719444111,2.8480023808170083,107.75796888727328,7,0,1
18.05254502660621,2.0534441657138793,0,72742.13746892997,2.8480023808170083,11.344549792293012,4,0,1
23.303901306208445,3.3421872290691175,1,64543.03796463794,1.2282059060303823,83.54329082832388,83,1,0
18.33798290790271,3.424714044341874,1,30575.596897925072,5.012805450466519,67.96281745067837,88,0,1
36.7861091170676,4.778348476399293,1,26705.724737630306,3.7653775544192527,6.550497461721321,9,0,1
16.18123143984436,0.5819009628940051,1,39186.190338402776,6.480028775816348,57.082813378956246,49,0,0
47.82618355198191,3.1579597875016425,1,119618.22644966775,6.0099809935756605,2.4340442541255904,24,0,0
46.24963052176606,3.263512367240493,1,42523.50883429688,5.509694574938194,2.4340442541255904,27,1,0
39.59216811183451,0.530312173346756,1,68997.90452325814,4.483854202324194,56.97294064308974,55,0,2
36.22863371099245,4.90089369925361,0,71655.52556511227,5.794835601892891,25.39446974630416,23,0,0
39.26846502584412,4.778348476399293,1,24383.02785868755,3.4689850733734535,6.678344708752691,87,0,1
47.82618355198191,3.1579597875016425,1,119618.22644966775,2.634354565274434,0.7498714668335182,5,1,0
31.963647711683894,4.013132471589946,0,42652.26421463691,2.545260592079858,75.48218838813874,13,1,1
47.95861793932056,3.431874995576409,0,39110.3518230039,8.722729780563666,72.51130819482344,26,0,0
13.115870854288465,1.559147327241543,0,61217.789188923525,1.5633882668560277,31.893346734891903,1,2,2
34.572632879269065,3.2999770048801484,1,33667.520503572465,8.229545519313813,57.2680680038243,6,0,0
18.05254502660621,2.9058006344469427,0,72658.0195573494,2.8480023808170083,104.49391200307865,5,0,1
36.22863371099245,1.942755997569955,0,72214.70093344635,3.3667325517476616,47.930746978997135,10,0,0
41.19200923697028,3.8193805803791427,1,12366.401849701648,3.7653775544192527,107.94951793666816,9,0,2
18.05254502660621,2.910863397560164,0,73305.65719444111,2.8480023808170083,107.75796888727328,0,0,1
10.456872971318353,1.116479298084939,1,26705.724737630306,4.594858032264203,114.03538222163942,9,0,1
42.66869077461188,4.507470732021899,1,84304.54586711436,1.626450138816481,0.7754722493209032,17,0,0
23.945958502251745,4.778348476399293,1,26053.284163481065,3.7653775544192527,6.550497461721321,10,1,1
46.24963052176606,3.1579597875016425,1,42645.26550148216,3.2882593599595706,65.57367736195764,26,0,0
15.753198781157467,3.424714044341874,1,118439.91720786136,5.04420992590986,67.96281745067837,15,0,1
23.687408700909018,3.8518189544121966,1,55311.75432716539,5.9669441259143605,117.1228083883059,21,0,1
42.623259208539565,0.05615293156509793,0,42652.26421463691,2.595280138820029,77.27329601492008,13,0,1
13.134502158473968,3.1579597875016425,1,34403.78685540265,5.512530132098265,2.5618909707767212,23,0,1
27.759212676045244,1.7221423633835697,0,36773.379535117485,2.7483321416696924,76.64097121827817,46,0,0
14.158959452498049,0.8270662878934356,1,46645.86615149258,0.9203457886841959,83.45335434097257,88,2,0
16.18123143984436,0.5819009628940051,1,38077.1218593632,6.452585139452132,72.53411892911751,49,0,2
16.996088498993075,1.980473895726578,0,74642.2251156353,2.8480023808170083,11.344549792293012,5,0,1
30.928054023537783,1.49672531749869,0,31505.498625921286,1.9151340791419662,31.463785546969653,54,2,1
22.93774432016915,4.925548393732376,1,57353.40428893526,2.3772056930853247,8.689315592201034,4,2,1
40.214472275920635,4.779197211041799,0,86342.06943917366,3.731599144729894,5.734903319013149,21,0,1
13.041050711795314,3.346220436475644,0,39110.3518230039,8.722729780563666,72.51130819482344,23,0,1
42.623259208539565,0.17659480694269614,0,42652.26421463691,2.5492230532602154,77.68053992366526,13,0,1
48.785961719475715,3.431874995576409,1,39093.46599576864,9.037196751850573,5.343141711616078,26,0,1
36.22863371099245,0.09215143570103246,0,72214.70093344635,2.6361542563684233,48.02902012824243,13,0,1
46.24963052176606,3.1579597875016425,1,42645.26550148216,6.154307655800377,63.93898233671892,26,0,0
23.633140788341837,2.0359487158345977,1,52413.109393677754,8.19921495861094,4.595297268578847,4,0,2
18.099996428874192,2.910863397560164,0,72604.85662720245,2.7962382249507294,107.75796888727328,7,0,1
42.66869077461188,4.7716114920674295,1,84304.54586711436,3.7367593379525035,0.7754722493209032,17,0,1
34.572632879269065,3.2999770048801484,1,33458.64262346675,8.229545519313813,57.2680680038243,6,0,0
39.55842613706505,4.794092658078483,1,40148.7679026445,6.201736374614656,6.574733128947221,26,0,0
38.15840337327371,4.630228057574341,1,26828.632349396445,3.7834363183679747,86.4630706741255,49,0,0
49.21559345721402,3.263512367240493,1,42523.50883429688,5.509694574938194,1.9812242744886368,5,1,0
22.93774432016915,4.985358849032106,1,54724.719202315726,2.3772056930853247,109.94097009317865,3,2,2
14.32254080216152,3.431874995576409,0,39110.3518230039,8.722729780563666,72.51130819482344,5,0,1
18.05254502660621,2.853309235554467,0,73305.65719444111,2.8480023808170083,107.78139615017935,7,0,1
39.26846502584412,4.778348476399293,0,27050.766870768126,3.296976420781978,6.678344708752691,9,0,1
41.95196895490276,0.9379506081877395,1,26697.60700725588,4.696708139623738,107.82487456872045,9,0,2
13.134502158473968,3.203774082744708,0,34420.6726826379,5.197888534595565,78.64184280993837,23,0,0
42.623259208539565,2.041709260567481,0,41384.040472355875,3.4452060804399447,77.5822667742629,25,0,1
46.24963052176606,3.1579597875016425,1,62193.94580671959,3.287058257892779,2.4340442541255904,31,0,0
36.839907871475525,3.8518189544121966,1,54531.04725866229,5.607543457633326,112.66843086536367,22,0,1
23.898507100047546,4.778348476399293,1,26754.08968040042,3.8171417102855347,2.537449293665519,10,1,1
41.19200923697028,4.514207715616066,1,21957.44259769031,1.6550683675180324,6.550497461721321,9,0,0
34.572632879269065,3.369880266882306,1,33685.13304902387,8.297950375163165,74.1857221931825,4,0,2
45.01448225022167,3.141269356780914,1,26705.724737630306,3.7653775544192527,2.53765546691464,9,0,1
24.051355447855933,1.7221423633835697,0,36650.47192335137,2.730273377720976,0.6530803412615569,11,0,1
18.05254502660621,2.9058006344469427,0,72658.0195573494,2.8480023808170083,102.76569456642984,27,0,0
22.93774432016915,3.8163710776796473,1,57353.40428893526,2.3772056930853247,8.689315592201034,7,2,1
18.05254502660621,2.9058006344469427,0,74558.10720405473,1.7793071704758598,104.49391200307865,23,0,1
18.05254502660621,2.909269382481262,0,39092.72989563378,2.464119096839129,105.71817367386308,0,0,1
12.331665083631108,3.346220436475644,1,38765.30968986655,8.739898891018646,72.51130819482344,23,0,1
10.053151019131594,3.9762824376546138,1,12374.519605118949,3.663527447059718,114.1600255816076,9,0,1
10.264691562370384,4.924924938749738,1,97003.65265992907,0.7936699509390321,52.27420305752494,54,2,0
47.827320257768015,3.3164763349660014,0,38408.386814938836,1.796718852399244,42.17976333424192,57,0,2
25.48204855836248,0.8179408116111847,1,64543.03796463794,7.360955584455033,84.50200821143068,83,1,0
12.810090082095096,1.9745532363783491,0,102252.84075014926,0.9666064365286764,59.41248625720028,43,2,0
49.568118934227066,1.3899760632245073,0,80113.18360322808,8.802895755409828,7.61122945116421,77,1,0
39.430399892201926,4.778348476399293,1,26705.724737630306,3.7653775544192527,6.550497461721321,9,0,1
30.928054023537783,1.49672531749869,0,118454.42465206806,1.541858335126921,67.45262824618298,53,2,1
40.58590520845111,2.8053849736316483,0,95760.47372354516,2.775734819304343,52.34169871257181,35,0,1
42.10364550380453,2.036826475997189,0,61786.49993520274,1.7249918628306904,78.18190350253694,1,1,0
36.665714189583426,0.693637754003788,0,89617.05120579057,4.470460798242346,33.81125874825669,62,1,2
24.051355447855933,1.9237075593276098,0,36773.379535117485,2.7483321416696924,76.64097121827817,46,0,0
22.763044524245103,3.847075269143572,0,41437.60185142046,8.185556248756251,109.8381134687236,2,1,2
36.78563996067088,2.0679967873218525,1,52407.64504699015,8.19921495861094,8.661437169706382,30,0,2
15.753198781157467,3.396572936290931,1,36447.10215803477,5.014758160615788,31.97397466715207,88,0,0
18.05254502660621,2.909269382481262,0,39092.72989563378,2.8480023808170083,105.74160093676915,7,0,1
17.872538885476065,0.3826108955826141,0,79730.9483984989,6.500608620356914,81.92992937449718,86,2,2
28.409890115597975,3.6494242902333602,0,56947.249182602725,0.899453017377928,17.490619257454668,89,0,2
34.572632879269065,3.369880266882306,0,33476.25516891816,8.745184651531053,72.51130819482344,4,0,2
30.124163495252038,4.009663725024558,0,74571.11343259383,2.5913176776396716,86.8596446073145,13,1,1
40.81120502667669,0.7446572749245567,0,48328.57265488085,0.05373840664341212,61.60118072414114,81,2,1
48.235485626966295,4.872495603370005,1,57104.90534365815,2.3772056930853247,54.103686008330534,4,2,2
13.546501591498679,4.338267737936935,1,83614.07852459117,1.4318254908198225,0.7754722493209032,18,1,2
16.435746133674506,4.515349258562002,1,75313.86605839664,0.8536386940384022,20.470553338158865,81,2,1
40.260447790195826,4.809725401219054,0,118341.91288502303,1.86598256229477,95.31476781748894,70,2,2
24.107727112522856,3.105845041247291,1,39186.190338402776,6.480028775816348,57.082813378956246,52,0,0
36.147951652557786,1.8559005445323662,0,72214.70093344635,3.404906229537837,47.930746978997135,15,1,1
13.027983865998202,0.2898268523478281,0,98444.14424416226,4.5610796225748444,113.1898426045443,21,0,1
15.62848902475392,3.49296709986056,0,38981.858507225836,0.5894696555712609,18.62612753266083,69,1,0
45.1425085057237,3.1579597875016425,1,42645.26550148216,5.512530132098265,2.5618909707767212,26,0,0
27.349091259603675,3.245184166154293,0,62280.116306142714,1.40494275716616,44.26014205662192,96,0,2
40.23001940453252,4.890654443454464,0,38301.87435324676,2.1518110289835755,73.65970575352023,70,0,2
30.49813549518371,1.4958851342321184,0,36024.472589933386,2.7381613757905323,77.22550317453516,46,2,0
48.48397225718133,1.9745532363783491,0,78942.3997317979,0.9666064365286764,59.41248625720028,44,2,0
37.82793795354498,2.073401382841254,1,71926.44361557913,3.0050833315301917,8.661437169706382,30,0,2
24.534269832483155,3.248770324193865,1,80038.88613709176,6.498949057394818,57.082813378956246,51,0,0
45.18695312452529,0.5565607553716809,1,41962.022098777015,5.512530132098265,2.5618909707767212,26,0,0
15.60745619278067,3.361835624697244,0,31468.14189241351,0.5894696555712609,8.431927327581974,69,1,0
27.349091259603675,3.245184166154293,1,62280.116306142714,1.40494275716616,44.26014205662192,96,0,2
47.827320257768015,3.3164763349660014,1,38408.386814938836,1.4335482735291198,41.4219367562806,57,0,2
30.186766047791693,4.015763774096108,1,97003.65265992907,0.9124565520048453,87.78182170630693,57,2,1
40.71155952675413,0.6338123799953239,0,95760.47372354516,4.461499591558706,34.972316380093794,35,0,2
28.409890115597975,3.6494242902333602,0,98125.87133242194,0.7639151139984495,17.490619257454668,89,0,1
22.763044524245103,2.957183127238724,0,53644.93805363965,8.185556248756251,109.8381134687236,2,1,2
48.235485626966295,4.7802922417032185,1,57104.90534365815,2.3804464429423176,5.621987090894713,4,2,2
15.422086740695507,2.036826475997189,0,61786.49993520274,1.7249918628306904,78.94523253656166,88,1,0
34.6030612649283,3.808477357936832,0,116942.01282502865,8.45877105236867,95.31476781748894,4,2,2
24.481273976210467,1.9245477425941815,0,119318.75250859192,1.5520291010344356,66.86809628992597,53,0,1
13.4894839353095,1.852261148670105,0,103423.62384826363,8.000191936288415,13.892864218451525,77,1,0
36.147951652557786,1.8504959490129653,0,52695.90236485724,8.598787001657481,44.62969947635393,15,1,1
17.872538885476065,0.24728725183515565,0,38878.252608482464,6.481688338778443,81.92992937449718,87,2,2
40.76676040705908,3.3464417277958027,0,49687.190233079746,0.05373840664341212,60.054221444626485,82,2,1
15.40274668074018,4.925792109471213,1,82827.586183664,0.8536386940384022,21.798166468262,81,2,1
21.27140071691511,0.8179408116111847,0,69762.80400530297,7.360955584455033,84.50200821143068,83,1,0
13.546501591498679,4.338267737936935,0,83614.07852459117,1.7949960696899465,3.810947222786149,5,1,2
10.453076566830411,4.999001147771971,0,74571.11343259383,2.4725320523047487,52.28688193653477,10,1,0
36.540059871280235,2.8652517435403277,0,89617.05120579057,2.7846960259900833,51.180641080740024,68,1,1
13.027983865998202,0.2898268523478281,0,57265.51493761987,4.697160488471981,107.17602536303976,25,0,2
18.05254502660621,3.60675930195377,0,39092.72989563378,2.8480023808170083,105.74160093676915,7,0,1
39.430399892201926,4.870551838064978,1,26705.724737630306,3.908808645559419,55.07561494306083,9,0,1
41.529124505907944,3.396572936290931,1,36447.10215803477,5.014758160615788,31.21064713711712,2,0,0
27.029691401036143,1.4922926805702348,0,15659.497679406177,2.7483321416696924,77.23218285169486,46,2,0
34.37535797082944,0.3233064426800214,0,57265.51493761987,4.898412922004848,112.82303881845652,11,0,2
18.609711329080838,4.895881597252705,0,39092.72989563378,2.8480023808170083,105.74160093676915,7,0,1
40.260447790195826,4.809725401219054,0,31649.441336735734,1.8336293307006453,95.31476781748894,62,2,2
38.55118875720915,2.0679967873218525,1,40565.410422158864,6.447503950780133,8.661437169706382,53,0,2
15.422086740695507,4.9874474984164,0,61866.04740388347,2.3724643554783897,78.81036664876298,88,1,0
48.235485626966295,4.7802922417032185,1,80048.42396760426,1.9830619975192407,5.296545254383705,5,2,2
42.10364550380453,4.159181041227019,0,74998.40224436618,1.7249918628306904,86.44882865478243,1,1,0
22.02446502010435,0.5521152796606965,1,41419.24052435223,5.512530132098265,111.44658415025438,26,1,2
37.82793795354498,2.073401382841254,1,71926.44361557913,2.9997747339268304,12.240706972173047,30,0,2
48.385046130459926,3.3164763349660014,1,38472.461080065164,5.138107068065036,41.4219367562806,57,0,2
13.027983865998202,0.7101328275931433,0,28597.1178612125,4.561445513338198,113.1898426045443,21,0,1
39.430399892201926,3.6276489120301085,0,26771.74170304995,3.908808645559419,107.87375547963549,19,0,1
45.43835930164866,3.1579597875016425,1,84553.36991375164,6.501116080182049,2.5618909707767212,26,0,0
23.750147727299225,2.1401044847735884,0,25429.3874911282,2.7381613757905323,82.26949380233842,46,0,0
13.063642744393817,1.839269213046948,0,52695.90236485724,8.397525098741202,38.84859104002064,25,1,1
39.96293405683843,2.895948623871024,0,38301.87435324676,1.4216356396781358,75.28294554678686,70,0,2
34.572632879269065,3.369880266882306,0,118583.94856253426,8.776688482785127,72.51130819482344,4,0,2
24.107727112522856,3.105845041247291,1,51028.42496323405,8.231739782615092,57.082813378956246,29,0,0
48.235485626966295,1.7214531664807808,1,57025.35787497741,1.729733200437627,54.23855189610249,4,2,2
15.40274668074018,4.925792109471213,1,49257.316038987556,0.8541098528132752,22.123764509942873,80,2,1
30.124163495252038,1.3903533074969805,0,61359.2111234304,2.5913176776396716,78.59271945506899,13,1,1
45.91996065069526,4.031562471972006,0,41980.38342584525,7.685229460553898,2.2662563613782964,2,0,0
10.090661810008001,4.999001147771971,0,74571.11343259383,2.4778406499081105,31.81230747133751,11,1,0
15.010707645402729,3.396572936290931,1,36383.02789290844,1.310222913042624,31.97397466715207,88,0,0
39.430399892201926,4.3531341890803255,1,96552.32668383404,3.7650116636558995,6.550497461721321,9,0,1
18.05254502660621,4.69609649576408,1,39026.71293021463,2.8480023808170083,52.9391926762276,9,0,1
10.264691562370384,4.924924938749738,1,97899.52417280874,0.7579177935261083,53.95811033843038,45,2,0
24.23694403218041,3.248770324193865,1,38130.781463655556,4.619704259411037,57.082813378956246,51,0,0
24.40447044493265,1.9115528804541184,0,41725.842583857,2.7483321416696924,75.62404814720482,46,0,0
17.960146114387456,3.1579597875016425,1,42645.26550148216,6.152088603462963,32.30348043384426,88,0,0
24.488485930077406,3.234068882010922,1,80038.88613709176,6.498949057394818,57.082813378956246,51,0,0
35.87359680716361,2.0556054175819725,0,32757.969991973972,8.602929696768294,43.396965728563345,2,1,2
10.650812350516013,1.9403669006763375,0,61786.49993520274,3.1588735642905155,78.60416258751752,86,1,0
16.64841418489348,1.8800837819084848,1,39364.69234777703,1.729733200437627,54.23855189610249,12,2,2
23.513371732652416,3.396572936290931,1,36554.5953692823,5.014758160615788,34.48529039562776,50,0,0
13.027983865998202,0.5850392963391573,0,29152.212248571937,4.561445513338198,113.1898426045443,21,0,1
37.82793795354498,2.1394633414339106,1,40972.750028328024,2.9997747339268304,9.50098690748684,30,1,2
18.56862223957937,4.873623000217279,1,39092.72989563378,2.7646290844886705,1.3274135488689112,7,0,1
40.375660054784014,4.9996827554942955,1,77381.3566719876,3.908808645559419,32.36560617604158,8,0,1
24.583773755516,1.9115528804541184,0,41725.842583857,2.375670928066293,82.57643159286522,46,0,0
13.027983865998202,0.60036990888835,0,57265.51493761987,4.697160488471981,110.41125675891485,25,0,2
45.91996065069526,4.85579203555727,1,41980.38342584525,2.0324802558740216,1.2263326821194482,2,2,0
47.82045361567752,3.396572936290931,1,36447.10215803477,3.9299833355339047,2.2965937108599537,26,0,0
30.16994739765782,1.1869820940227425,0,61359.2111234304,2.5913176776396716,69.32735299026001,13,1,1
22.876979202254457,3.9925130900659367,0,52695.90236485724,8.18141355364544,111.03506560198197,15,1,1
15.227966558048516,4.999001147771971,0,85017.80804688059,2.326035654717292,52.62795188551351,12,1,0
49.15037717010672,4.535320204380119,1,55544.58938045312,2.8480023808170083,52.9391926762276,2,0,1
42.12345385714552,3.105845041247291,1,39078.697127155254,6.480028775816348,56.189995446322214,1,0,0
15.846091200711271,2.909269382481262,0,39092.72989563378,2.8480023808170083,105.74160093676915,7,0,1
41.70259584422441,2.161926643466197,0,61231.405603384206,1.7249918628306904,78.18190350253694,0,1,0
22.02446502010435,0.5521152796606965,1,72372.9341122844,5.512530132098265,113.89654822115284,26,0,2
45.47534583593185,3.21739959178774,0,84553.36991375164,6.584489424129877,109.67241252866093,26,0,0
10.194499786691942,4.869439064975551,0,23895.537866390507,2.4778406499081105,54.52231623859811,11,1,0
41.79147353123571,4.778348476399293,1,26705.724737630306,3.7882768668351896,1.5218011797521243,9,0,1
45.18695312452529,0.28152777721857614,1,41962.022098777015,5.512530132098265,1.5690584890409625,26,0,0
48.235485626966295,4.032715177172586,0,57104.90534365815,8.029945129162158,58.13542894463063,4,0,2
36.147951652557786,3.2752869215752494,0,57603.5411211024,8.598787001657481,44.07127830726799,50,0,1
21.450561513967997,4.999001147771971,1,40902.21605569763,2.5678973154938785,31.81230747133751,27,1,0
25.814566513400614,1.867746072209036,1,80038.88613709176,6.1099221932606085,57.64123454804218,16,1,0
45.18695312452529,0.28152777721857614,0,41962.022098777015,5.564399483728836,89.38545772990233,27,0,0
16.68925442776645,2.909269382481262,0,41999.77909050484,2.8480023808170083,105.74160093676915,7,0,1
24.65500390706796,1.9115528804541184,0,41725.842583857,1.3183532151676387,49.53706910023695,46,0,0
47.827320257768015,3.1242783088177077,1,37589.420684143915,1.4335482735291198,54.387462323076605,60,0,1
18.609711329080838,0.6115213512329012,0,36174.091101939404,3.7786810299040714,105.74160093676915,7,0,2
21.445793351974697,4.987584550562556,1,40902.21605569763,4.806228969248019,114.56280103463916,27,1,0
15.227966558048516,4.948329231563757,1,35755.24180068387,2.6032408728988683,49.00742349689108,15,1,0
39.430399892201926,4.870551838064978,0,26705.724737630306,3.9179619951141516,55.07561494306083,11,0,1
48.235485626966295,4.965270706649364,0,57104.90534365815,3.315197669781904,55.9126646679873,7,0,2
10.194499786691942,4.700417425787233,0,23895.537866390507,3.3444447181968204,54.52231623859811,11,1,0
41.788557953188345,3.105845041247291,1,39076.765274648686,3.8768665609089483,56.189995446322214,1,0,0
40.07812600276847,3.1273221236807314,0,62083.504631795135,5.512530132098265,2.5618909707767212,1,1,0
23.418164842874518,4.778348476399293,1,72443.3089178593,3.7882768668351896,1.5218011797521243,9,0,2
16.044635824278927,0.7165915124272613,1,34555.68376694061,4.6773824133658675,109.10663160146092,80,0,0
24.107727112522856,3.105845041247291,1,39138.24531951606,2.7535186856729843,57.082813378956246,29,0,0
30.124163495252038,1.3903533074969805,1,61359.2111234304,2.5394483355748,0.06610697257810472,12,1,1
45.06954379355196,4.031562471972006,0,40363.029184878746,7.685229460553898,2.678904088430259,16,0,0
10.857629387865039,4.999001147771971,0,74571.11343259383,2.471276790325053,83.59804358956424,10,1,0
48.235485626966295,1.7214531664807808,1,57844.324005781775,1.729733200437627,41.27302632930649,5,2,2
13.027983865998202,4.742815801602992,0,48645.632360502525,2.748279016025851,110.41125675891485,25,0,1
13.03277463858824,0.3465842663622487,0,29152.212248571937,2.323113863168757,30.145989588490167,21,0,1
18.56862223957937,4.992622329608207,0,88355.29281050582,2.7646290844886705,5.292674355189572,7,0,1
10.090661810008001,4.999001147771971,1,74571.11343259383,2.468687300354704,40.50474606900279,9,1,0
18.05254502660621,2.440873839923674,1,39092.72989563378,2.8480023808170083,102.28748949146494,4,2,1
39.430399892201926,4.687745874998618,1,26705.724737630306,3.792718295217579,6.550497461721321,9,0,1
48.155228131625066,3.396572936290931,1,36449.03401054135,6.430941151273658,2.2965937108599537,31,0,0
42.17082534354786,2.06746413981719,1,42348.26080489088,1.7249918628306904,78.18190350253694,26,0,0
41.39312899157649,0.5521152796606965,1,26635.353232673868,5.512530132098265,113.89654822115284,37,0,1
12.76337902649352,3.151526259022519,0,28597.1178612125,6.036151703435282,34.013032757639415,21,0,1
18.05254502660621,4.69609649576408,1,50983.61198217068,8.326158817242563,53.61332815345733,9,0,1
