bandwidth,cruise_speed,firm_obstacle,illuminance,obstacle_distance,obstacle_size,power,quality,smoke_intensity
30.350367117765998,3.1738463570321156,1,2673.1586585423447,7.219958157865586,73.9952009485783,50,2,1
30.350367117765998,3.1738463570321156,1,2673.1586585423447,7.219958157865586,73.9952009485783,16,2,1
30.350367117765998,3.1738463570321156,1,2673.1586585423447,7.219958157865586,73.9952009485783,86,2,1
30.350367117765998,3.1738463570321156,1,2673.1586585423447,7.219958157865586,73.9952009485783,0,2,1
30.350367117765998,3.1738463570321156,1,2673.1586585423447,7.219958157865586,73.9952009485783,23,2,1
30.350367117765998,3.1738463570321156,1,2673.1586585423447,7.219958157865586,73.9952009485783,21,2,1
30.350367117765998,3.1738463570321156,1,2673.1586585423447,7.219958157865586,73.9952009485783,54,2,1
30.350367117765998,3.1738463570321156,1,2673.1586585423447,7.219958157865586,73.9952009485783,37,2,1
30.350367117765998,3.1738463570321156,1,2673.1586585423447,7.219958157865586,73.9952009485783,15,2,1
30.350367117765998,3.1738463570321156,1,2673.1586585423447,7.219958157865586,73.9952009485783,0,2,1
30.350367117765998,3.1738463570321156,1,2673.1586585423447,7.219958157865586,73.9952009485783,60,2,1
30.350367117765998,3.1738463570321156,1,2673.1586585423447,7.219958157865586,73.9952009485783,19,2,1
30.350367117765998,3.1738463570321156,1,2673.1586585423447,7.219958157865586,73.9952009485783,26,2,1
30.350367117765998,3.1738463570321156,1,2673.1586585423447,7.219958157865586,73.9952009485783,100,2,1
30.350367117765998,3.1738463570321156,1,2673.1586585423447,7.219958157865586,73.9952009485783,55,2,1
30.350367117765998,3.1738463570321156,1,2673.1586585423447,7.219958157865586,73.9952009485783,79,2,1
30.350367117765998,3.1738463570321156,1,2673.1586585423447,7.219958157865586,73.9952009485783,68,2,1
30.350367117765998,3.1738463570321156,1,2673.1586585423447,7.219958157865586,73.9952009485783,12,2,1
30.350367117765998,3.1738463570321156,1,2673.1586585423447,7.219958157865586,73.9952009485783,20,2,1
30.350367117765998,3.1738463570321156,1,2673.1586585423447,7.219958157865586,73.9952009485783,22,2,1
30.350367117765998,3.1738463570321156,1,2673.1586585423447,7.219958157865586,73.9952009485783,9,2,1
30.350367117765998,3.1738463570321156,1,2673.1586585423447,7.219958157865586,73.9952009485783,77,2,1
30.350367117765998,3.1738463570321156,1,2673.1586585423447,7.219958157865586,73.9952009485783,2,2,1
30.350367117765998,3.1738463570321156,1,2673.1586585423447,7.219958157865586,73.9952009485783,92,2,1
30.350367117765998,3.1738463570321156,1,2673.1586585423447,7.219958157865586,73.9952009485783,29,2,1
30.350367117765998,3.1738463570321156,1,2673.1586585423447,7.219958157865586,73.9952009485783,35,2,1
30.350367117765998,3.1738463570321156,1,2673.1586585423447,7.219958157865586,73.9952009485783,15,2,1
30.350367117765998,3.1738463570321156,1,2673.1586585423447,7.219958157865586,73.9952009485783,79,2,1
30.350367117765998,3.1738463570321156,1,2673.1586585423447,7.219958157865586,73.9952009485783,42,2,1
30.350367117765998,3.1738463570321156,1,2673.1586585423447,7.219958157865586,73.9952009485783,14,2,1
28.16443147075807,2.70864278507756,0,46272.69535153247,8.138072446535464,66.69864002140142,52,1,1
28.16443147075807,2.9843058046576525,0,46272.69535153247,8.138072446535464,66.69864002140142,52,1,1
28.16443147075807,3.949504237060127,0,46272.69535153247,8.138072446535464,66.69864002140142,52,1,1
28.16443147075807,1.39316137579987,0,46272.69535153247,8.138072446535464,66.69864002140142,52,1,1
28.16443147075807,2.0681675567353723,0,46272.69535153247,8.138072446535464,66.69864002140142,52,1,1
28.16443147075807,1.8803542820881152,0,46272.69535153247,8.138072446535464,66.69864002140142,52,1,1
28.16443147075807,0.6895420729927687,0,46272.69535153247,8.138072446535464,66.69864002140142,52,1,1
28.16443147075807,3.379749229977636,0,46272.69535153247,8.138072446535464,66.69864002140142,52,1,1
28.16443147075807,2.786797383907464,0,46272.69535153247,8.138072446535464,66.69864002140142,52,1,1
28.16443147075807,2.5309066387635006,0,46272.69535153247,8.138072446535464,66.69864002140142,52,1,1
28.16443147075807,3.132060451075521,0,46272.69535153247,8.138072446535464,66.69864002140142,52,1,1
28.16443147075807,3.0262936601290154,0,46272.69535153247,8.138072446535464,66.69864002140142,52,1,1
28.16443147075807,0.36578083662571204,0,46272.69535153247,8.138072446535464,66.69864002140142,52,1,1
28.16443147075807,1.498785502301897,0,46272.69535153247,8.138072446535464,66.69864002140142,52,1,1
28.16443147075807,2.0166904298618005,0,46272.69535153247,8.138072446535464,66.69864002140142,52,1,1
28.16443147075807,0.9416009309460155,0,46272.69535153247,8.138072446535464,66.69864002140142,52,1,1
28.16443147075807,3.603867917866648,0,46272.69535153247,8.138072446535464,66.69864002140142,52,1,1
28.16443147075807,3.370971501948665,0,46272.69535153247,8.138072446535464,66.69864002140142,52,1,1
28.16443147075807,3.834816357827097,0,46272.69535153247,8.138072446535464,66.69864002140142,52,1,1
28.16443147075807,0.08081903996825068,0,46272.69535153247,8.138072446535464,66.69864002140142,52,1,1
28.16443147075807,0.4871113761499962,0,46272.69535153247,8.138072446535464,66.69864002140142,52,1,1
28.16443147075807,1.2200724670243117,0,46272.69535153247,8.138072446535464,66.69864002140142,52,1,1
28.16443147075807,2.7074504719654287,0,46272.69535153247,8.138072446535464,66.69864002140142,52,1,1
28.16443147075807,0.38747209166661134,0,46272.69535153247,8.138072446535464,66.69864002140142,52,1,1
28.16443147075807,4.636512398796757,0,46272.69535153247,8.138072446535464,66.69864002140142,52,1,1
28.16443147075807,0.14773632351427368,0,46272.69535153247,8.138072446535464,66.69864002140142,52,1,1
28.16443147075807,3.160289212034556,0,46272.69535153247,8.138072446535464,66.69864002140142,52,1,1
28.16443147075807,3.8118689118213416,0,46272.69535153247,8.138072446535464,66.69864002140142,52,1,1
28.16443147075807,2.920881063297091,0,46272.69535153247,8.138072446535464,66.69864002140142,52,1,1
28.16443147075807,1.926290319562587,0,46272.69535153247,8.138072446535464,66.69864002140142,52,1,1
44.40999302846833,3.984017249621826,0,61612.431870397886,6.994331897696027,94.89319112520319,20,0,0
21.812299058049284,3.984017249621826,0,61612.431870397886,6.994331897696027,94.89319112520319,20,0,0
17.42182749979545,3.984017249621826,0,61612.431870397886,6.994331897696027,94.89319112520319,20,0,0
32.054235634400726,3.984017249621826,0,61612.431870397886,6.994331897696027,94.89319112520319,20,0,0
14.947571287368099,3.984017249621826,0,61612.431870397886,6.994331897696027,94.89319112520319,20,0,0
13.31589541628233,3.984017249621826,0,61612.431870397886,6.994331897696027,94.89319112520319,20,0,0
47.502439472698796,3.984017249621826,0,61612.431870397886,6.994331897696027,94.89319112520319,20,0,0
28.97561172971104,3.984017249621826,0,61612.431870397886,6.994331897696027,94.89319112520319,20,0,0
18.930088603599337,3.984017249621826,0,61612.431870397886,6.994331897696027,94.89319112520319,20,0,0
38.037870403792745,3.984017249621826,0,61612.431870397886,6.994331897696027,94.89319112520319,20,0,0
45.732847421913476,3.984017249621826,0,61612.431870397886,6.994331897696027,94.89319112520319,20,0,0
13.382057119338553,3.984017249621826,0,61612.431870397886,6.994331897696027,94.89319112520319,20,0,0
26.432382455361548,3.984017249621826,0,61612.431870397886,6.994331897696027,94.89319112520319,20,0,0
23.206089106159936,3.984017249621826,0,61612.431870397886,6.994331897696027,94.89319112520319,20,0,0
45.90184128644275,3.984017249621826,0,61612.431870397886,6.994331897696027,94.89319112520319,20,0,0
17.18180866141147,3.984017249621826,0,61612.431870397886,6.994331897696027,94.89319112520319,20,0,0
20.990076967022215,3.984017249621826,0,61612.431870397886,6.994331897696027,94.89319112520319,20,0,0
13.276268436115792,3.984017249621826,0,61612.431870397886,6.994331897696027,94.89319112520319,20,0,0
34.59839758981006,3.984017249621826,0,61612.431870397886,6.994331897696027,94.89319112520319,20,0,0
18.230817178144818,3.984017249621826,0,61612.431870397886,6.994331897696027,94.89319112520319,20,0,0
36.88933838658503,3.984017249621826,0,61612.431870397886,6.994331897696027,94.89319112520319,20,0,0
19.79966985071746,3.984017249621826,0,61612.431870397886,6.994331897696027,94.89319112520319,20,0,0
43.46153940845231,3.984017249621826,0,61612.431870397886,6.994331897696027,94.89319112520319,20,0,0
38.47402413783378,3.984017249621826,0,61612.431870397886,6.994331897696027,94.89319112520319,20,0,0
47.13089259288906,3.984017249621826,0,61612.431870397886,6.994331897696027,94.89319112520319,20,0,0
27.119940466939884,3.984017249621826,0,61612.431870397886,6.994331897696027,94.89319112520319,20,0,0
16.478043322639717,3.984017249621826,0,61612.431870397886,6.994331897696027,94.89319112520319,20,0,0
47.762174298800005,3.984017249621826,0,61612.431870397886,6.994331897696027,94.89319112520319,20,0,0
35.67000045773332,3.984017249621826,0,61612.431870397886,6.994331897696027,94.89319112520319,20,0,0
46.34514269015494,3.984017249621826,0,61612.431870397886,6.994331897696027,94.89319112520319,20,0,0
37.87782405531639,1.3112886592209545,1,107034.07417240774,8.7622368724694,110.04322717412829,21,2,0
37.87782405531639,1.3112886592209545,1,107034.07417240774,8.7622368724694,110.04322717412829,21,1,0
37.87782405531639,1.3112886592209545,1,107034.07417240774,8.7622368724694,110.04322717412829,21,0,0
37.87782405531639,1.3112886592209545,1,107034.07417240774,8.7622368724694,110.04322717412829,21,2,0
37.87782405531639,1.3112886592209545,1,107034.07417240774,8.7622368724694,110.04322717412829,21,0,0
37.87782405531639,1.3112886592209545,1,107034.07417240774,8.7622368724694,110.04322717412829,21,1,0
37.87782405531639,1.3112886592209545,1,107034.07417240774,8.7622368724694,110.04322717412829,21,0,0
37.87782405531639,1.3112886592209545,1,107034.07417240774,8.7622368724694,110.04322717412829,21,1,0
37.87782405531639,1.3112886592209545,1,107034.07417240774,8.7622368724694,110.04322717412829,21,1,0
37.87782405531639,1.3112886592209545,1,107034.07417240774,8.7622368724694,110.04322717412829,21,2,0
37.87782405531639,1.3112886592209545,1,107034.07417240774,8.7622368724694,110.04322717412829,21,2,0
37.87782405531639,1.3112886592209545,1,107034.07417240774,8.7622368724694,110.04322717412829,21,0,0
37.87782405531639,1.3112886592209545,1,107034.07417240774,8.7622368724694,110.04322717412829,21,0,0
37.87782405531639,1.3112886592209545,1,107034.07417240774,8.7622368724694,110.04322717412829,21,0,0
37.87782405531639,1.3112886592209545,1,107034.07417240774,8.7622368724694,110.04322717412829,21,0,0
37.87782405531639,1.3112886592209545,1,107034.07417240774,8.7622368724694,110.04322717412829,21,1,0
37.87782405531639,1.3112886592209545,1,107034.07417240774,8.7622368724694,110.04322717412829,21,0,0
37.87782405531639,1.3112886592209545,1,107034.07417240774,8.7622368724694,110.04322717412829,21,0,0
37.87782405531639,1.3112886592209545,1,107034.07417240774,8.7622368724694,110.04322717412829,21,2,0
37.87782405531639,1.3112886592209545,1,107034.07417240774,8.7622368724694,110.04322717412829,21,0,0
37.87782405531639,1.3112886592209545,1,107034.07417240774,8.7622368724694,110.04322717412829,21,2,0
37.87782405531639,1.3112886592209545,1,107034.07417240774,8.7622368724694,110.04322717412829,21,2,0
37.87782405531639,1.3112886592209545,1,107034.07417240774,8.7622368724694,110.04322717412829,21,2,0
37.87782405531639,1.3112886592209545,1,107034.07417240774,8.7622368724694,110.04322717412829,21,1,0
37.87782405531639,1.3112886592209545,1,107034.07417240774,8.7622368724694,110.04322717412829,21,1,0
37.87782405531639,1.3112886592209545,1,107034.07417240774,8.7622368724694,110.04322717412829,21,0,0
37.87782405531639,1.3112886592209545,1,107034.07417240774,8.7622368724694,110.04322717412829,21,0,0
37.87782405531639,1.3112886592209545,1,107034.07417240774,8.7622368724694,110.04322717412829,21,1,0
37.87782405531639,1.3112886592209545,1,107034.07417240774,8.7622368724694,110.04322717412829,21,2,0
37.87782405531639,1.3112886592209545,1,107034.07417240774,8.7622368724694,110.04322717412829,21,1,0
34.0784515906131,3.957576711456361,1,31708.589115992894,0.9595604223149401,106.39048813710934,83,0,1
34.0784515906131,3.957576711456361,1,36100.02948336311,0.9595604223149401,106.39048813710934,83,0,1
34.0784515906131,3.957576711456361,1,93446.7181950537,0.9595604223149401,106.39048813710934,83,0,1
34.0784515906131,3.957576711456361,1,34188.35982783247,0.9595604223149401,106.39048813710934,83,0,1
34.0784515906131,3.957576711456361,1,8573.703547869723,0.9595604223149401,106.39048813710934,83,0,1
34.0784515906131,3.957576711456361,1,111908.62173009284,0.9595604223149401,106.39048813710934,83,0,1
34.0784515906131,3.957576711456361,1,33651.51583241787,0.9595604223149401,106.39048813710934,83,0,1
34.0784515906131,3.957576711456361,1,66497.55458757226,0.9595604223149401,106.39048813710934,83,0,1
34.0784515906131,3.957576711456361,1,52521.83125093099,0.9595604223149401,106.39048813710934,83,0,1
34.0784515906131,3.957576711456361,1,109018.2663446505,0.9595604223149401,106.39048813710934,83,0,1
34.0784515906131,3.957576711456361,1,16094.049909092366,0.9595604223149401,106.39048813710934,83,0,1
34.0784515906131,3.957576711456361,1,25428.39207146337,0.9595604223149401,106.39048813710934,83,0,1
34.0784515906131,3.957576711456361,1,61285.168869155124,0.9595604223149401,106.39048813710934,83,0,1
34.0784515906131,3.957576711456361,1,50081.22270945129,0.9595604223149401,106.39048813710934,83,0,1
34.0784515906131,3.957576711456361,1,64007.086724822686,0.9595604223149401,106.39048813710934,83,0,1
34.0784515906131,3.957576711456361,1,106567.12387194589,0.9595604223149401,106.39048813710934,83,0,1
34.0784515906131,3.957576711456361,1,80897.31332686827,0.9595604223149401,106.39048813710934,83,0,1
34.0784515906131,3.957576711456361,1,51856.34592232992,0.9595604223149401,106.39048813710934,83,0,1
34.0784515906131,3.957576711456361,1,93511.25725813411,0.9595604223149401,106.39048813710934,83,0,1
34.0784515906131,3.957576711456361,1,41874.45524677815,0.9595604223149401,106.39048813710934,83,0,1
34.0784515906131,3.957576711456361,1,56137.19806337553,0.9595604223149401,106.39048813710934,83,0,1
34.0784515906131,3.957576711456361,1,106346.83785919828,0.9595604223149401,106.39048813710934,83,0,1
34.0784515906131,3.957576711456361,1,17166.648283093415,0.9595604223149401,106.39048813710934,83,0,1
34.0784515906131,3.957576711456361,1,67207.58957456348,0.9595604223149401,106.39048813710934,83,0,1
34.0784515906131,3.957576711456361,1,112259.6466232863,0.9595604223149401,106.39048813710934,83,0,1
34.0784515906131,3.957576711456361,1,96944.51058249292,0.9595604223149401,106.39048813710934,83,0,1
34.0784515906131,3.957576711456361,1,62100.25354469497,0.9595604223149401,106.39048813710934,83,0,1
34.0784515906131,3.957576711456361,1,110833.2152434536,0.9595604223149401,106.39048813710934,83,0,1
34.0784515906131,3.957576711456361,1,111280.21858465507,0.9595604223149401,106.39048813710934,83,0,1
34.0784515906131,3.957576711456361,1,74911.24656997179,0.9595604223149401,106.39048813710934,83,0,1
41.54871129726931,4.188005225873898,0,13201.794877083381,2.8927189296243205,103.82399419597765,90,2,1
41.54871129726931,4.188005225873898,0,13201.794877083381,2.8927189296243205,103.82399419597765,90,2,0
41.54871129726931,4.188005225873898,0,13201.794877083381,2.8927189296243205,103.82399419597765,90,2,1
41.54871129726931,4.188005225873898,0,13201.794877083381,2.8927189296243205,103.82399419597765,90,2,1
41.54871129726931,4.188005225873898,0,13201.794877083381,2.8927189296243205,103.82399419597765,90,2,1
41.54871129726931,4.188005225873898,0,13201.794877083381,2.8927189296243205,103.82399419597765,90,2,0
41.54871129726931,4.188005225873898,0,13201.794877083381,2.8927189296243205,103.82399419597765,90,2,0
41.54871129726931,4.188005225873898,0,13201.794877083381,2.8927189296243205,103.82399419597765,90,2,0
41.54871129726931,4.188005225873898,0,13201.794877083381,2.8927189296243205,103.82399419597765,90,2,2
41.54871129726931,4.188005225873898,0,13201.794877083381,2.8927189296243205,103.82399419597765,90,2,0
41.54871129726931,4.188005225873898,0,13201.794877083381,2.8927189296243205,103.82399419597765,90,2,1
41.54871129726931,4.188005225873898,0,13201.794877083381,2.8927189296243205,103.82399419597765,90,2,0
41.54871129726931,4.188005225873898,0,13201.794877083381,2.8927189296243205,103.82399419597765,90,2,1
41.54871129726931,4.188005225873898,0,13201.794877083381,2.8927189296243205,103.82399419597765,90,2,2
41.54871129726931,4.188005225873898,0,13201.794877083381,2.8927189296243205,103.82399419597765,90,2,1
41.54871129726931,4.188005225873898,0,13201.794877083381,2.8927189296243205,103.82399419597765,90,2,2
41.54871129726931,4.188005225873898,0,13201.794877083381,2.8927189296243205,103.82399419597765,90,2,0
41.54871129726931,4.188005225873898,0,13201.794877083381,2.8927189296243205,103.82399419597765,90,2,1
41.54871129726931,4.188005225873898,0,13201.794877083381,2.8927189296243205,103.82399419597765,90,2,1
41.54871129726931,4.188005225873898,0,13201.794877083381,2.8927189296243205,103.82399419597765,90,2,0
41.54871129726931,4.188005225873898,0,13201.794877083381,2.8927189296243205,103.82399419597765,90,2,2
41.54871129726931,4.188005225873898,0,13201.794877083381,2.8927189296243205,103.82399419597765,90,2,2
41.54871129726931,4.188005225873898,0,13201.794877083381,2.8927189296243205,103.82399419597765,90,2,0
41.54871129726931,4.188005225873898,0,13201.794877083381,2.8927189296243205,103.82399419597765,90,2,0
41.54871129726931,4.188005225873898,0,13201.794877083381,2.8927189296243205,103.82399419597765,90,2,1
41.54871129726931,4.188005225873898,0,13201.794877083381,2.8927189296243205,103.82399419597765,90,2,2
41.54871129726931,4.188005225873898,0,13201.794877083381,2.8927189296243205,103.82399419597765,90,2,0
41.54871129726931,4.188005225873898,0,13201.794877083381,2.8927189296243205,103.82399419597765,90,2,1
41.54871129726931,4.188005225873898,0,13201.794877083381,2.8927189296243205,103.82399419597765,90,2,0
41.54871129726931,4.188005225873898,0,13201.794877083381,2.8927189296243205,103.82399419597765,90,2,0
20.937603819603005,1.6132984442661629,1,14512.39871379351,7.377830939944672,28.587285533665167,31,1,0
20.937603819603005,1.6132984442661629,1,14512.39871379351,7.377830939944672,50.96575516507745,31,1,0
20.937603819603005,1.6132984442661629,1,14512.39871379351,7.377830939944672,54.97820503082704,31,1,0
20.937603819603005,1.6132984442661629,1,14512.39871379351,7.377830939944672,91.0459056213651,31,1,0
20.937603819603005,1.6132984442661629,1,14512.39871379351,7.377830939944672,9.094356240499884,31,1,0
20.937603819603005,1.6132984442661629,1,14512.39871379351,7.377830939944672,28.59516642575482,31,1,0
20.937603819603005,1.6132984442661629,1,14512.39871379351,7.377830939944672,92.42728439687936,31,1,0
20.937603819603005,1.6132984442661629,1,14512.39871379351,7.377830939944672,9.825290816760344,31,1,0
20.937603819603005,1.6132984442661629,1,14512.39871379351,7.377830939944672,112.26588661809187,31,1,0
20.937603819603005,1.6132984442661629,1,14512.39871379351,7.377830939944672,36.83012238820851,31,1,0
20.937603819603005,1.6132984442661629,1,14512.39871379351,7.377830939944672,59.203376218432105,31,1,0
20.937603819603005,1.6132984442661629,1,14512.39871379351,7.377830939944672,72.48456194361631,31,1,0
20.937603819603005,1.6132984442661629,1,14512.39871379351,7.377830939944672,34.67213116476178,31,1,0
20.937603819603005,1.6132984442661629,1,14512.39871379351,7.377830939944672,59.029725607347146,31,1,0
20.937603819603005,1.6132984442661629,1,14512.39871379351,7.377830939944672,55.95716516143606,31,1,0
20.937603819603005,1.6132984442661629,1,14512.39871379351,7.377830939944672,98.19911303617675,31,1,0
20.937603819603005,1.6132984442661629,1,14512.39871379351,7.377830939944672,14.193778267070165,31,1,0
20.937603819603005,1.6132984442661629,1,14512.39871379351,7.377830939944672,87.90293247699745,31,1,0
20.937603819603005,1.6132984442661629,1,14512.39871379351,7.377830939944672,66.4321839158349,31,1,0
20.937603819603005,1.6132984442661629,1,14512.39871379351,7.377830939944672,13.218270078964096,31,1,0
20.937603819603005,1.6132984442661629,1,14512.39871379351,7.377830939944672,30.22174208642845,31,1,0
20.937603819603005,1.6132984442661629,1,14512.39871379351,7.377830939944672,79.8822671578677,31,1,0
20.937603819603005,1.6132984442661629,1,14512.39871379351,7.377830939944672,62.4311789128799,31,1,0
20.937603819603005,1.6132984442661629,1,14512.39871379351,7.377830939944672,34.62758636522944,31,1,0
20.937603819603005,1.6132984442661629,1,14512.39871379351,7.377830939944672,73.81421744566839,31,1,0
20.937603819603005,1.6132984442661629,1,14512.39871379351,7.377830939944672,106.10994498335593,31,1,0
20.937603819603005,1.6132984442661629,1,14512.39871379351,7.377830939944672,6.64954082740973,31,1,0
20.937603819603005,1.6132984442661629,1,14512.39871379351,7.377830939944672,87.05924746773765,31,1,0
20.937603819603005,1.6132984442661629,1,14512.39871379351,7.377830939944672,25.110815108582717,31,1,0
20.937603819603005,1.6132984442661629,1,14512.39871379351,7.377830939944672,80.99725270727143,31,1,0
12.086041354255954,1.0156555811034513,0,11287.591498465717,4.878951377677371,109.19326875990207,29,0,0
12.086041354255954,1.0156555811034513,0,11287.591498465717,0.07362323407302696,109.19326875990207,29,0,0
12.086041354255954,1.0156555811034513,0,11287.591498465717,3.0860378822604795,109.19326875990207,29,0,0
12.086041354255954,1.0156555811034513,0,11287.591498465717,6.430513403449875,109.19326875990207,29,0,0
12.086041354255954,1.0156555811034513,0,11287.591498465717,6.127434837576525,109.19326875990207,29,0,0
12.086041354255954,1.0156555811034513,0,11287.591498465717,9.49551116905895,109.19326875990207,29,0,0
12.086041354255954,1.0156555811034513,0,11287.591498465717,6.154213271459002,109.19326875990207,29,0,0
12.086041354255954,1.0156555811034513,0,11287.591498465717,2.933240248333848,109.19326875990207,29,0,0
12.086041354255954,1.0156555811034513,0,11287.591498465717,0.0819610884128763,109.19326875990207,29,0,0
12.086041354255954,1.0156555811034513,0,11287.591498465717,1.2706423908246467,109.19326875990207,29,0,0
12.086041354255954,1.0156555811034513,0,11287.591498465717,3.880775100360885,109.19326875990207,29,0,0
12.086041354255954,1.0156555811034513,0,11287.591498465717,4.51980342301886,109.19326875990207,29,0,0
12.086041354255954,1.0156555811034513,0,11287.591498465717,3.818275256744177,109.19326875990207,29,0,0
12.086041354255954,1.0156555811034513,0,11287.591498465717,3.8006832961736214,109.19326875990207,29,0,0
12.086041354255954,1.0156555811034513,0,11287.591498465717,8.231256555702828,109.19326875990207,29,0,0
12.086041354255954,1.0156555811034513,0,11287.591498465717,9.610464829490406,109.19326875990207,29,0,0
12.086041354255954,1.0156555811034513,0,11287.591498465717,4.399980035188587,109.19326875990207,29,0,0
12.086041354255954,1.0156555811034513,0,11287.591498465717,4.526221654754617,109.19326875990207,29,0,0
12.086041354255954,1.0156555811034513,0,11287.591498465717,6.7875331119632705,109.19326875990207,29,0,0
12.086041354255954,1.0156555811034513,0,11287.591498465717,9.67061175834852,109.19326875990207,29,0,0
12.086041354255954,1.0156555811034513,0,11287.591498465717,3.915293685878863,109.19326875990207,29,0,0
12.086041354255954,1.0156555811034513,0,11287.591498465717,6.819374218991251,109.19326875990207,29,0,0
12.086041354255954,1.0156555811034513,0,11287.591498465717,4.080981796320504,109.19326875990207,29,0,0
12.086041354255954,1.0156555811034513,0,11287.591498465717,5.21946206423202,109.19326875990207,29,0,0
12.086041354255954,1.0156555811034513,0,11287.591498465717,4.068887881151858,109.19326875990207,29,0,0
12.086041354255954,1.0156555811034513,0,11287.591498465717,6.886948016265882,109.19326875990207,29,0,0
12.086041354255954,1.0156555811034513,0,11287.591498465717,8.039447296683447,109.19326875990207,29,0,0
12.086041354255954,1.0156555811034513,0,11287.591498465717,5.317067389416318,109.19326875990207,29,0,0
12.086041354255954,1.0156555811034513,0,11287.591498465717,7.652404413226812,109.19326875990207,29,0,0
12.086041354255954,1.0156555811034513,0,11287.591498465717,9.27101446506033,109.19326875990207,29,0,0
21.1225894085832,2.765929980929012,0,52511.80770005712,9.20823422044804,51.78736421120287,83,0,0
21.1225894085832,2.765929980929012,1,52511.80770005712,9.20823422044804,51.78736421120287,83,0,0
21.1225894085832,2.765929980929012,0,52511.80770005712,9.20823422044804,51.78736421120287,83,0,0
21.1225894085832,2.765929980929012,1,52511.80770005712,9.20823422044804,51.78736421120287,83,0,0
21.1225894085832,2.765929980929012,0,52511.80770005712,9.20823422044804,51.78736421120287,83,0,0
21.1225894085832,2.765929980929012,1,52511.80770005712,9.20823422044804,51.78736421120287,83,0,0
21.1225894085832,2.765929980929012,0,52511.80770005712,9.20823422044804,51.78736421120287,83,0,0
21.1225894085832,2.765929980929012,1,52511.80770005712,9.20823422044804,51.78736421120287,83,0,0
21.1225894085832,2.765929980929012,0,52511.80770005712,9.20823422044804,51.78736421120287,83,0,0
21.1225894085832,2.765929980929012,1,52511.80770005712,9.20823422044804,51.78736421120287,83,0,0
21.1225894085832,2.765929980929012,0,52511.80770005712,9.20823422044804,51.78736421120287,83,0,0
21.1225894085832,2.765929980929012,1,52511.80770005712,9.20823422044804,51.78736421120287,83,0,0
21.1225894085832,2.765929980929012,1,52511.80770005712,9.20823422044804,51.78736421120287,83,0,0
21.1225894085832,2.765929980929012,0,52511.80770005712,9.20823422044804,51.78736421120287,83,0,0
21.1225894085832,2.765929980929012,1,52511.80770005712,9.20823422044804,51.78736421120287,83,0,0
21.1225894085832,2.765929980929012,1,52511.80770005712,9.20823422044804,51.78736421120287,83,0,0
21.1225894085832,2.765929980929012,1,52511.80770005712,9.20823422044804,51.78736421120287,83,0,0
21.1225894085832,2.765929980929012,0,52511.80770005712,9.20823422044804,51.78736421120287,83,0,0
21.1225894085832,2.765929980929012,1,52511.80770005712,9.20823422044804,51.78736421120287,83,0,0
21.1225894085832,2.765929980929012,1,52511.80770005712,9.20823422044804,51.78736421120287,83,0,0
21.1225894085832,2.765929980929012,0,52511.80770005712,9.20823422044804,51.78736421120287,83,0,0
21.1225894085832,2.765929980929012,0,52511.80770005712,9.20823422044804,51.78736421120287,83,0,0
21.1225894085832,2.765929980929012,1,52511.80770005712,9.20823422044804,51.78736421120287,83,0,0
21.1225894085832,2.765929980929012,0,52511.80770005712,9.20823422044804,51.78736421120287,83,0,0
21.1225894085832,2.765929980929012,0,52511.80770005712,9.20823422044804,51.78736421120287,83,0,0
21.1225894085832,2.765929980929012,1,52511.80770005712,9.20823422044804,51.78736421120287,83,0,0
21.1225894085832,2.765929980929012,1,52511.80770005712,9.20823422044804,51.78736421120287,83,0,0
21.1225894085832,2.765929980929012,0,52511.80770005712,9.20823422044804,51.78736421120287,83,0,0
21.1225894085832,2.765929980929012,1,52511.80770005712,9.20823422044804,51.78736421120287,83,0,0
21.1225894085832,2.765929980929012,1,52511.80770005712,9.20823422044804,51.78736421120287,83,0,0
44.40999302846833,2.70864278507756,0,31708.589115992894,4.878951377677371,28.587285533665167,50,2,1
21.812299058049284,2.9843058046576525,1,36100.02948336311,0.07362323407302696,50.96575516507745,16,1,0
17.42182749979545,3.949504237060127,0,93446.7181950537,3.0860378822604795,54.97820503082704,86,0,1
32.054235634400726,1.39316137579987,1,34188.35982783247,6.430513403449875,91.0459056213651,0,2,1
14.947571287368099,2.0681675567353723,0,8573.703547869723,6.127434837576525,9.094356240499884,23,0,1
13.31589541628233,1.8803542820881152,1,111908.62173009284,9.49551116905895,28.59516642575482,21,1,0
47.502439472698796,0.6895420729927687,0,33651.51583241787,6.154213271459002,92.42728439687936,54,0,0
28.97561172971104,3.379749229977636,1,66497.55458757226,2.933240248333848,9.825290816760344,37,1,0
18.930088603599337,2.786797383907464,0,52521.83125093099,0.0819610884128763,112.26588661809187,15,1,2
38.037870403792745,2.5309066387635006,1,109018.2663446505,1.2706423908246467,36.83012238820851,0,2,0
45.732847421913476,3.132060451075521,0,16094.049909092366,3.880775100360885,59.203376218432105,60,2,1
13.382057119338553,3.0262936601290154,1,25428.39207146337,4.51980342301886,72.48456194361631,19,0,0
26.432382455361548,0.36578083662571204,1,61285.168869155124,3.818275256744177,34.67213116476178,26,0,1
23.206089106159936,1.498785502301897,0,50081.22270945129,3.8006832961736214,59.029725607347146,100,0,2
45.90184128644275,2.0166904298618005,1,64007.086724822686,8.231256555702828,55.95716516143606,55,0,1
17.18180866141147,0.9416009309460155,1,106567.12387194589,9.610464829490406,98.19911303617675,79,1,2
20.990076967022215,3.603867917866648,1,80897.31332686827,4.399980035188587,14.193778267070165,68,0,0
13.276268436115792,3.370971501948665,0,51856.34592232992,4.526221654754617,87.90293247699745,12,0,1
34.59839758981006,3.834816357827097,1,93511.25725813411,6.7875331119632705,66.4321839158349,20,2,1
18.230817178144818,0.08081903996825068,1,41874.45524677815,9.67061175834852,13.218270078964096,22,0,0
36.88933838658503,0.4871113761499962,0,56137.19806337553,3.915293685878863,30.22174208642845,9,2,2
19.79966985071746,1.2200724670243117,0,106346.83785919828,6.819374218991251,79.8822671578677,77,2,2
43.46153940845231,2.7074504719654287,1,17166.648283093415,4.080981796320504,62.4311789128799,2,2,0
38.47402413783378,0.38747209166661134,0,67207.58957456348,5.21946206423202,34.62758636522944,92,1,0
47.13089259288906,4.636512398796757,0,112259.6466232863,4.068887881151858,73.81421744566839,29,1,1
27.119940466939884,0.14773632351427368,1,96944.51058249292,6.886948016265882,106.10994498335593,35,0,2
16.478043322639717,3.160289212034556,1,62100.25354469497,8.039447296683447,6.64954082740973,15,0,0
47.762174298800005,3.8118689118213416,0,110833.2152434536,5.317067389416318,87.05924746773765,79,1,1
35.67000045773332,2.920881063297091,1,111280.21858465507,7.652404413226812,25.110815108582717,42,2,0
46.34514269015494,1.926290319562587,1,74911.24656997179,9.27101446506033,80.99725270727143,14,1,0
26.553774377647322,2.5309066387635006,1,108257.28822260517,1.2706423908246467,39.48399349226811,36,0,0
43.6979831149047,2.7074504719654287,1,14545.398028531754,3.991875800055081,62.4311789128799,85,2,0
44.236551878168925,3.834816357827097,1,90774.36090045606,6.7875331119632705,58.14283451664437,20,2,1
13.668316473148518,3.3802516436933026,0,51856.34592232992,4.526221654754617,87.90293247699745,12,0,1
19.541706912416497,3.132060451075521,0,7381.1344782389315,3.880775100360885,59.00225985049174,60,2,1
26.432382455361548,0.36578083662571204,1,73238.58213966993,3.818275256744177,34.67213116476178,26,0,1
21.405728278721845,0.7317805051037458,1,80897.31332686827,4.50812573067986,14.054765419699955,68,0,0
35.37814045806228,2.9211567306522594,1,111280.21858465507,7.719020947361774,25.110815108582717,36,2,0
21.812299058049284,3.0028463104924223,0,36100.02948336311,6.016320838898842,50.96575516507745,16,1,0
16.427070699521803,3.160289212034556,1,62100.25354469497,8.039447296683447,7.370137014223227,12,1,0
32.054235634400726,3.816692807461078,1,34188.35982783247,6.446793597676616,91.0459056213651,0,2,1
38.0969850871964,0.38747209166661134,0,67207.58957456348,5.21946206423202,34.62758636522944,96,1,0
46.34514269015494,1.8663799125901708,1,111885.08081639715,9.705487581053315,80.99725270727143,11,1,0
45.90184128644275,0.07948011259486754,1,42079.89672590302,8.22032596961624,55.95716516143606,55,0,0
38.604036479155646,0.14773632351427368,1,97001.78348374888,6.886948016265882,103.45154015973705,0,2,2
17.42182749979545,3.949504237060127,0,94911.03891440493,3.1751438785259025,54.97820503082704,5,0,1
33.59076471574552,2.70864278507756,0,31708.589115992894,4.878951377677371,28.587285533665167,50,2,1
29.003588692385268,3.3704690882329977,1,66497.55458757226,2.933240248333848,9.825290816760344,37,1,0
36.88933838658503,1.554541097923173,0,56137.19806337553,3.6995785992520256,30.22174208642845,9,2,2
47.047445348509264,2.786797383907464,0,52521.83125093099,0.0819610884128763,112.44957672932962,15,1,2
47.332372204968344,3.4204457685297904,0,33651.51583241787,6.04606757596769,92.57575320388538,54,0,0
13.382057119338553,3.0260179927738475,1,25428.39207146337,4.4531868250174655,72.48456194361631,19,0,0
14.947571287368099,2.0681675567353723,1,8573.703547869723,0.259590119201798,9.094356240499884,23,0,1
13.366868040067,1.8803542820881152,1,111908.62173009284,9.49551116905895,27.8747338420799,21,0,0
47.762174298800005,1.3883369287637246,0,110833.2152434536,4.723530724057129,87.05924746773765,89,1,1
43.5204024932804,4.636512398796757,0,75283.58331697356,4.068887881151858,73.81421744566839,29,1,1
18.230817178144818,2.0292417467290926,1,70063.20023606747,9.801307849506953,13.218270078964096,22,0,1
17.21208498020521,1.39316137579987,1,34188.35982783247,9.532235362646379,89.47943642930234,77,1,1
38.78855947172532,1.869961251525468,0,109691.22051078781,9.563035236717305,29.109171895835097,24,1,0
32.72963773916613,0.9416009309460155,1,106567.12387194589,6.507313532199987,98.18996970139318,5,2,2
13.780573215501033,3.386533106136392,1,74911.24656997179,9.93260091806437,80.75181604991377,14,1,0
44.243453507231926,2.710755457032837,1,17166.648283093415,4.080981796320504,62.36656380520109,2,2,0
12.76284798482296,2.2583803289878457,0,7816.5257803282675,6.4976225917534896,9.094356240499884,24,2,1
22.458125146936965,2.7848687766294917,1,31708.589115992894,5.281570381506656,28.855914254291726,46,0,1
47.332372204968344,3.4204457685297904,0,25028.324290308396,6.04606757596769,93.41447948052082,5,0,0
13.276268436115792,3.794067653657276,0,51856.34592232992,4.50754639545468,94.15587062907791,54,0,0
29.937590467146226,1.9205370856465316,1,66344.68371678154,2.7972594749320576,13.22951068643416,40,0,0
13.309364163255978,1.88662739301547,1,111908.62173009284,9.49551116905895,28.97354229536799,22,1,0
21.5426388497073,2.9843058046576525,1,36100.02948336311,8.298664901386609,10.216277509415097,16,1,0
13.382057119338553,2.411425105267679,1,25428.39207146337,4.51980342301886,72.48456194361631,19,0,1
19.33006238668267,2.786797383907464,0,53105.93089842794,6.564139416632175,114.19932588510619,15,1,2
12.825575862056287,3.084929622131338,1,25428.39207146337,6.452912368241202,72.65296281973522,19,0,0
27.791641857552545,0.14773632351427368,1,44366.9571719857,9.987612655001778,102.46176464942032,23,0,2
36.88933838658503,1.5206953817609836,0,53712.87860597377,3.601286187644167,30.22174208642845,10,2,2
28.403193993957416,0.35801603207181454,1,77557.79465608568,3.818275256744177,34.93835418271482,17,0,1
46.23266682879276,1.9200088569359437,0,51856.34592232992,3.6264666148681055,88.14836913435511,12,0,1
21.029433832440958,2.999541325425014,0,30642.621514092207,6.352236724069219,51.030370272756265,16,1,0
34.93399171095983,0.8929798531669662,1,101856.47902205767,6.137125778023022,98.18996970139318,5,0,2
33.34722800759762,0.6555806509941215,0,80897.31332686827,4.50812573067986,12.321287497696819,61,2,0
17.42182749979545,3.949504237060127,0,98998.57777170929,3.1751438785259025,54.139477716220284,54,0,1
45.90184128644275,0.02252228427740044,1,42079.89672590302,8.23899961762347,55.42655099977407,12,0,1
17.29681716519194,3.3704690882329977,1,70216.07110685819,9.840342704987386,9.814050209290283,37,1,1
14.954102540394626,2.0487388834214544,1,8573.703547869723,0.259590119201798,8.71600273138725,20,0,1
16.747703531186925,3.160289212034556,1,62100.25354469497,0.0670002034624888,47.407774291552016,11,0,0
26.432382455361548,0.36578083662571204,1,61285.168869155124,3.818275256744177,35.03091656986827,26,0,0
38.20407094257009,0.14773632351427368,1,96417.67595943775,0.48418262028108305,103.45154015973705,0,2,2
32.61972074328919,3.506318326277107,1,34188.35982783247,4.447068054451874,90.87750474520482,5,2,1
17.221025135044528,0.08081903996825068,1,94451.96254605512,6.576539088713517,8.901933125493622,34,0,0
16.427070699521803,3.1534348526067277,1,62295.34013306102,8.039447296683447,7.370137014223227,9,1,0
32.054235634400726,1.0384448055184332,1,29869.150556423097,6.430513403449875,90.77967421071064,0,2,1
46.23266682879276,2.076431090022608,0,51856.34592232992,0.10186439624534938,83.26839437426095,12,0,1
26.557985457479134,0.36578083662571204,1,61285.168869155124,6.559446577441883,29.732527382934116,26,0,1
13.994237507521678,3.0260179927738475,1,19083.363254477823,4.453510884049063,72.48456194361631,14,0,0
17.416033062626486,0.17347036906343893,1,41207.08641463863,9.358197984576986,91.30567853126792,5,0,0
14.938977001387084,3.1534348526067277,1,61750.35907648022,8.039447296683447,8.698875989553738,9,1,0
27.791641857552545,0.14773632351427368,1,44366.9571719857,9.987612655001778,102.46176464942032,21,0,2
46.63475447684279,3.424551466125119,0,25028.324290308396,6.04606757596769,94.44029280403393,5,0,0
28.57306791739701,0.25245055056351584,1,77557.79465608568,3.974917396683867,34.70361989235456,9,0,1
27.119940466939884,0.14773632351427368,1,96944.51058249292,6.8831011031998655,112.48410359067708,35,0,0
10.440066042193795,3.160289212034556,1,73147.56120113809,8.039447296683447,33.30257915194167,29,0,0
12.825575862056287,3.084929622131338,0,30362.955054736034,6.452912368241202,72.65296281973522,19,0,0
45.9629898959025,3.0563139646222988,1,36100.02948336311,0.4836381160993968,50.96575516507745,9,1,0
13.382057119338553,2.411425105267679,1,25428.39207146337,4.606597093600781,73.18552535091479,19,0,1
31.18068113692229,3.3996235775388115,0,51856.34592232992,4.618659412230783,87.84396693399175,12,0,1
19.173591209475244,0.9874715154468023,1,95212.42443806665,6.007565629151809,14.172306592175396,68,0,0
14.947571287368099,1.9117453236487079,1,8248.709058599085,3.842317363446819,14.013994644889443,23,0,1
31.92863263228314,1.0384448055184332,1,29869.150556423097,3.6893420826132655,88.40003138557746,0,2,1
45.73798490582662,1.926290319562587,1,74911.24656997179,9.195655121691006,80.99725270727143,20,1,0
32.61972074328919,3.500844768915438,1,37409.84497573505,4.447068054451874,12.80545631798283,25,2,1
16.442196238529345,2.0487388834214544,1,9128.666958810987,0.259590119201798,7.387263756056741,20,0,1
13.31589541628233,1.8803542820881152,1,111908.62173009284,9.49551116905895,28.59516642575482,23,1,0
32.75005037219457,3.8125871098657496,1,34188.35982783247,6.446793597676616,91.0459056213651,0,2,1
16.57783144584876,3.201359717568491,1,71029.1914533019,0.035861799664879346,47.64250858191232,11,0,0
24.72670667023587,0.36578083662571204,1,61285.168869155124,3.818275256744177,37.29660010819078,26,0,2
24.7513241309827,0.36578083662571204,1,62191.2744832268,3.818275256744177,8.740073028638928,11,1,1
11.999992578551279,3.370971501948665,1,51856.34592232992,4.24160095643892,87.90293247699745,12,0,1
21.747047813131054,0.12130769475685432,1,42079.89672590302,8.278626362051472,55.42655099977407,12,0,1
12.928351195783799,1.3737894759358424,1,34188.35982783247,6.430513403449875,91.1048711643708,1,2,1
35.10647165216602,0.8929798531669662,1,81207.6680586865,4.63768587955106,94.89630714645273,5,0,2
18.230817178144818,0.08081903996825068,1,41874.45524677815,9.67061175834852,13.218270078964096,15,0,0
14.250890890004165,2.0681675567353723,1,8573.703547869723,0.259590119201798,7.746875987478589,35,0,1
32.054235634400726,1.522161056082352,1,34188.35982783247,6.430215239452894,93.69626596951967,0,2,1
45.90184128644275,0.30504087549833425,1,42079.89672590302,8.283147847544006,90.74071882489366,12,0,1
11.484282895638847,3.2869437270116832,1,51856.34592232992,4.24160095643892,90.71088235304553,12,0,1
13.382057119338553,2.411425105267679,1,6320.07626346634,3.7460144807427156,73.18552535091479,19,0,1
21.175345425571418,2.9843058046576525,1,36100.02948336311,0.07362323407302696,56.43328248425003,16,1,0
12.825575862056287,3.089641286358823,1,17479.25946937281,5.955116571879102,72.65296281973522,19,0,0
27.119940466939884,0.17935586602533682,1,59509.796678667466,6.855178540843579,108.39416554383159,11,0,0
34.88388676918798,0.8970802042067392,1,81207.6680586865,3.8271590199284713,100.49935594316683,27,0,2
28.403193993957416,0.16819901925029188,1,77557.79465608568,4.139004651935457,34.93835418271482,17,0,1
27.791641857552545,0.14773632351427368,1,113259.82140868099,9.458671883128682,104.26131268827805,23,0,2
14.954102540394626,1.875709703026462,1,19649.849034275176,0.4773938932642583,7.932353853029404,20,0,1
16.427209031007642,3.1534348526067277,1,57426.90107370846,8.039447296683447,7.370137014223227,9,1,0
13.465104638751663,3.0262936601290154,1,25428.39207146337,4.574963866546893,73.04107971128374,22,0,0
27.082950863006072,0.05306569968585917,1,93275.88347663482,6.8831011031998655,117.62861009943522,23,0,0
12.928351195783799,3.6683207634946644,1,34188.35982783247,6.4470917616735965,91.1042086505926,1,2,1
32.054235634400726,1.4106784341738323,1,34188.35982783247,5.76654634064613,55.731737689189266,0,2,1
33.20820947855725,3.506318326277107,1,34188.35982783247,4.752186379657349,111.23680132973605,5,2,1
13.970161769795645,1.9117453236487079,1,25141.560813844073,4.570848835109469,14.013994644889443,26,0,1
13.382057119338553,3.0213063285463626,1,25428.39207146337,4.195053958088528,72.48456194361631,20,0,0
16.747703531186925,3.232767225299524,1,103845.821414968,0.0670002034624888,47.05503783979857,35,0,2
26.654967338335513,0.13578449230128903,1,61285.168869155124,4.59953140041846,35.03091656986827,4,0,0
17.416033062626486,0.3632873824109451,1,38222.79933984796,9.034717911170489,94.91645928843296,5,0,0
13.31589541628233,2.106290407874561,1,42914.75723978681,9.48916726150045,26.78808541566761,21,1,0
13.994237507521678,3.0121230188717596,1,8007.218102692451,4.3623476989497085,73.31077219478021,14,0,0
16.442057907043505,2.0487388834214544,1,9082.327811644365,0.259590119201798,7.387263756056741,20,0,1
18.14776972115817,0.08081903996825068,1,41874.45524677815,9.67061175834852,12.66611674016493,19,0,0
21.747047813131054,0.12130769475685432,1,35341.669178576216,8.278626362051472,55.42655099977407,17,0,1
27.119940466939884,0.14773632351427368,1,97789.10009068246,6.886948016265882,106.10994498335593,35,0,2
32.054235634400726,3.853630922381444,1,33619.880441825786,6.446793597676616,32.82142736087739,26,0,1
44.40999302846833,2.70864278507756,0,31708.589115992894,4.878951377677371,28.587285533665167,50,2,1
21.812299058049284,2.9843058046576525,1,36100.02948336311,0.07362323407302696,50.96575516507745,16,1,0
17.42182749979545,3.949504237060127,0,93446.7181950537,3.0860378822604795,54.97820503082704,86,0,1
32.054235634400726,1.39316137579987,1,34188.35982783247,6.430513403449875,91.0459056213651,0,2,1
14.947571287368099,2.0681675567353723,0,8573.703547869723,6.127434837576525,9.094356240499884,23,0,1
13.31589541628233,1.8803542820881152,1,111908.62173009284,9.49551116905895,28.59516642575482,21,1,0
47.502439472698796,0.6895420729927687,0,33651.51583241787,6.154213271459002,92.42728439687936,54,0,0
28.97561172971104,3.379749229977636,1,66497.55458757226,2.933240248333848,9.825290816760344,37,1,0
18.930088603599337,2.786797383907464,0,52521.83125093099,0.0819610884128763,112.26588661809187,15,1,2
38.037870403792745,2.5309066387635006,1,109018.2663446505,1.2706423908246467,36.83012238820851,0,2,0
45.732847421913476,3.132060451075521,0,16094.049909092366,3.880775100360885,59.203376218432105,60,2,1
13.382057119338553,3.0262936601290154,1,25428.39207146337,4.51980342301886,72.48456194361631,19,0,0
26.432382455361548,0.36578083662571204,1,61285.168869155124,3.818275256744177,34.67213116476178,26,0,1
23.206089106159936,1.498785502301897,0,50081.22270945129,3.8006832961736214,59.029725607347146,100,0,2
45.90184128644275,2.0166904298618005,1,64007.086724822686,8.231256555702828,55.95716516143606,55,0,1
17.18180866141147,0.9416009309460155,1,106567.12387194589,9.610464829490406,98.19911303617675,79,1,2
20.990076967022215,3.603867917866648,1,80897.31332686827,4.399980035188587,14.193778267070165,68,0,0
13.276268436115792,3.370971501948665,0,51856.34592232992,4.526221654754617,87.90293247699745,12,0,1
34.59839758981006,3.834816357827097,1,93511.25725813411,6.7875331119632705,66.4321839158349,20,2,1
18.230817178144818,0.08081903996825068,1,41874.45524677815,9.67061175834852,13.218270078964096,22,0,0
36.88933838658503,0.4871113761499962,0,56137.19806337553,3.915293685878863,30.22174208642845,9,2,2
19.79966985071746,1.2200724670243117,0,106346.83785919828,6.819374218991251,79.8822671578677,77,2,2
43.46153940845231,2.7074504719654287,1,17166.648283093415,4.080981796320504,62.4311789128799,2,2,0
38.47402413783378,0.38747209166661134,0,67207.58957456348,5.21946206423202,34.62758636522944,92,1,0
47.13089259288906,4.636512398796757,0,112259.6466232863,4.068887881151858,73.81421744566839,29,1,1
27.119940466939884,0.14773632351427368,1,96944.51058249292,6.886948016265882,106.10994498335593,35,0,2
16.478043322639717,3.160289212034556,1,62100.25354469497,8.039447296683447,6.64954082740973,15,0,0
47.762174298800005,3.8118689118213416,0,110833.2152434536,5.317067389416318,87.05924746773765,79,1,1
35.67000045773332,2.920881063297091,1,111280.21858465507,7.652404413226812,25.110815108582717,42,2,0
46.34514269015494,1.926290319562587,1,74911.24656997179,9.27101446506033,80.99725270727143,14,1,0
17.024658904475956,0.1538625697959406,1,59090.39501386497,6.886948016265882,102.73242288082828,16,0,2
29.30600604821916,0.5505728720000524,1,64002.15712578771,2.933240248333848,9.825290816760344,52,1,0
46.07492127701493,0.4871113761499962,0,53400.30790246271,3.915293685878863,45.363054268840216,9,2,1
46.70273065490556,1.926290319562587,1,74911.24656997179,9.27101446506033,80.99725270727143,14,1,0
38.037870403792745,1.2177365004496887,1,109018.2663446505,1.2706423908246467,36.83012238820851,0,2,2
47.9220508788722,3.8118689118213416,0,100949.34302132102,5.317067389416318,87.05924746773765,79,1,1
26.432382455361548,4.570697410303248,1,118493.20022050689,4.071259738822941,34.67213116476178,26,1,1
17.369634975382915,0.7728300764725065,0,16094.049909092366,3.963641090590782,59.203376218432105,60,2,1
22.91429875245465,1.50706987522105,1,25381.521405608204,4.517922832374352,71.6550926329102,20,0,2
21.812299058049284,3.0028463104924223,1,36100.02948336311,0.07362323407302696,51.441478860174215,16,1,0
32.054235634400726,3.9082943374150196,1,91501.349549668,6.437184702832612,91.0459056213651,1,0,1
38.0969850871964,0.38747209166661134,0,67207.58957456348,5.21946206423202,24.97166612199795,92,1,0
18.230817178144818,0.0648895029302049,1,41874.45524677815,9.899356039414318,13.218270078964096,22,0,1
34.686756753475066,3.834816357827097,1,94728.48334773253,4.063433738452892,66.4321839158349,20,2,0
26.573325321689058,3.165615833301871,1,99250.65264384384,8.039447296683447,10.199780342409333,35,0,0
47.40823220378535,3.519252773139222,0,34909.72992707948,6.154213271459002,92.42728439687936,37,0,0
35.53517270085263,2.0166904298618005,1,64007.086724822686,8.231256555702828,32.526576038692944,55,0,2
20.990076967022215,3.603867917866648,1,80897.31332686827,4.399980035188587,14.193778267070165,64,0,0
19.79966985071746,3.600654188500763,0,106346.83785919828,6.603651163115877,79.8822671578677,77,2,0
20.861296658969263,2.786797383907464,0,52521.83125093099,0.0819610884128763,112.26588661809187,15,1,2
47.13089259288906,0.4315164521054,0,61091.96651292601,3.815903399073094,73.81421744566839,29,0,1
45.809495741243026,3.1595948817025854,1,106567.12387194589,9.515932563872488,98.19911303617675,79,1,2
13.382057119338553,3.018009287849134,0,50128.09338268152,3.80256388681813,59.85919491805325,97,0,0
13.31589541628233,1.8803542820881152,1,111908.62173009284,9.49551116905895,28.119442732267956,21,1,0
14.947571287368099,2.0681675567353723,0,8573.703547869723,6.127434837576525,9.094356240499884,40,0,1
17.42182749979545,1.4343689434371345,0,36133.70157325032,2.502600000272432,54.97820503082704,84,2,1
35.67000045773332,2.920881063297091,1,111280.21858465507,7.652404413226812,34.76673535181427,42,2,0
40.79950292885967,2.70864278507756,0,31708.589115992894,4.878951377677371,28.587285533665167,44,2,0
43.373180176512854,2.7074504719654287,1,22203.794306018164,7.088558058436044,62.4311789128799,2,2,1
35.670538990167394,1.2672663091453868,1,34188.35982783247,6.430513403449875,25.616732546167682,0,2,0
29.30600604821916,0.551085413882527,1,63870.43826590281,2.933240248333848,37.84363388010373,51,1,0
17.346758108087062,0.7101379342164479,0,8746.068383282256,3.963641090590782,59.203376218432105,59,2,1
36.25660700588186,0.07657745508781888,1,94728.48334773253,9.553272065489299,17.666446162702098,20,2,1
46.34514269015494,2.067810420509761,1,6899.633982178537,9.44495996403304,80.99725270727143,14,1,0
13.431897995191818,0.2817631068102828,1,38034.02740936294,4.548417730957172,73.47011087152276,16,0,2
11.384494860828351,2.7074504719654287,0,47052.20213870048,4.080981796320504,88.6492164313066,2,2,0
31.339284125185483,1.4095638698131616,1,84789.74846347808,6.541969291180809,91.0459056213651,0,2,1
19.79362506775601,2.901905895616853,1,34188.35982783247,7.478440485539149,25.616732546167682,0,2,0
46.07492127701493,3.112420799408774,0,98719.76909880388,4.362170180671514,45.363054268840216,37,2,1
21.814208591626837,2.786797383907464,1,52804.812332748574,0.0819610884128763,112.26588661809187,15,1,2
32.054235634400726,3.9082943374150196,1,91501.349549668,6.437184702832612,91.34835927167562,1,0,1
44.735956446443325,2.0385954074446286,1,42819.18756484818,9.67061175834852,10.249692973629095,20,0,0
13.31589541628233,1.931175835711189,1,18744.56830538452,9.49551116905895,28.814545408895977,21,1,0
16.45847933586609,3.160606013912947,1,60811.873976739495,0.4761364102226282,53.47987166026478,22,1,0
23.054929015231174,4.570697410303248,1,118493.20022050689,4.071259738822941,71.58889783752673,26,1,2
26.432382455361548,0.3652682947432632,1,61416.88772904002,3.818275256744177,6.657047925944143,27,0,1
14.970448154664139,2.1308603007204696,0,15921.685074337467,6.127434837576525,9.094356240499884,41,0,1
16.661114072218915,3.873320166435647,1,41874.45524677815,4.3537257403491045,61.985099179103955,22,0,0
14.947571287368099,1.941565263243411,0,55686.77248086642,6.127434837576525,9.094356240499884,23,0,1
16.02817853684152,2.9068657024705944,1,25428.39207146337,6.7310130137462325,90.23462870171593,19,0,0
45.66137054177308,3.188029718063153,1,17814.778139681675,4.526221654754617,61.68489495556018,8,0,1
46.70273065490556,1.2697964885651014,1,36008.194854479836,9.159504483266991,78.98444450905627,14,1,0
34.80700461321809,1.0155942946652776,0,52521.83125093099,0.0819610884128763,112.26588661809187,15,1,2
26.573325321689058,0.5405877051062056,1,53931.16820489688,8.23099949451466,10.199780342409333,7,0,0
20.859387125391706,2.9843058046576525,0,35817.0484015468,0.07362323407302696,50.96575516507745,14,1,0
38.037870403792745,2.4395914609014913,1,109018.2663446505,1.2706423908246467,36.52765941337623,0,2,0
18.753942941778377,0.07300863114257805,1,63062.35440675681,8.231256555702828,51.835675715176116,55,0,1
43.373180176512854,2.5565743906764595,1,114841.577319626,7.088558058436044,62.4311789128799,2,2,1
21.83186304510995,3.002529508614032,1,37388.40905153425,7.742738722534019,4.692932928563117,10,0,0
26.291752192585022,1.5043832160562567,1,19496.438154635725,4.603902028013534,34.7383259858895,20,0,1
46.34514269015494,1.9058734711154894,1,74911.24656997179,9.27101446506033,80.99725270727143,14,1,0
18.223008172027278,0.09044516185181734,1,59662.42000188225,6.731899037573271,102.73242288082828,16,0,0
19.543737271237497,2.9185108779889433,1,41874.45524677815,4.616529550110465,37.048904592617205,22,0,0
35.670538990167394,1.2672663091453868,1,34188.35982783247,6.588152279705948,25.616732546167682,0,2,0
18.930088603599337,2.786797383907464,0,61736.089530031066,4.306020061463263,80.27658654360208,15,1,1
11.384494860828351,2.7074504719654287,1,47052.20213870048,7.294571016915207,88.85536628075785,2,2,0
21.812299058049284,3.172037194101086,1,36100.02948336311,0.040490866335918,62.789694522117216,19,1,0
14.455581144977343,3.9082943374150196,1,41662.2275664465,4.591500375867289,91.34835927167562,1,0,1
45.659614257708505,0.3252232247332989,1,17814.778139681675,4.045626331406028,61.23663606479211,15,0,1
14.947571287368099,2.0681675567353723,1,8538.094404408774,6.1468336811636775,9.094356240499884,23,0,1
45.905622767442566,2.067810420509761,1,6899.633982178537,9.44495996403304,80.99725270727143,16,1,0
21.83186304510995,3.002529508614032,1,37467.620385807655,7.742738722534019,4.692932928563117,10,1,0
27.313437437816972,1.5126490672612722,1,18744.56830538452,9.49551116905895,28.814545408895977,21,1,1
26.50094137968714,2.2293852440249764,1,17166.648283093415,3.8202419020015457,6.509460608535292,2,0,0
21.814208591626837,2.5194417079168887,1,52804.812332748574,0.31635307725524475,112.26588661809187,15,1,2
16.02817853684152,2.5525464315458453,1,25428.39207146337,6.7310130137462325,90.23462870171593,47,0,0
17.032467910593496,0.15210709973155462,1,41302.43025876154,9.67061175834852,13.218270078964096,22,0,2
16.91100186873755,3.856715183996166,1,34188.35982783247,7.215636667251821,24.15313722619107,0,2,0
11.786549554537245,3.3084938968446975,1,25428.39207146337,4.51980342301886,72.48456194361631,19,0,0
13.276268436115792,3.370971501948665,0,45985.19804321222,0.34286038576222033,111.914068143335,12,0,2
43.373180176512854,2.7074504719654287,0,22203.794306018164,3.874968812855217,63.00890340466114,1,2,1
16.45847933586609,3.160606013912947,1,60811.873976739495,0.5104129544751765,34.61611128046599,22,1,0
31.032265325750153,0.2817631068102828,1,77115.75002013338,6.3941020579221215,73.47011087152276,16,0,2
26.65063715562418,3.7367075224479156,1,53931.16820489688,8.734884645115049,10.65183313857979,15,0,0
44.735956446443325,2.0385954074446286,0,42855.6844556756,9.647580152038701,10.249692973629095,20,0,0
26.869900808459334,0.36578083662571204,1,61285.168869155124,3.818275256744177,34.67213116476178,26,0,1
46.70273065490556,1.2697964885651014,1,35928.983520206435,9.159504483266991,76.59538124615955,14,0,0
12.30044095611661,1.5691520167402233,1,19496.438154635725,4.603902028013534,34.7383259858895,20,0,0
43.39295151051958,0.3171032701734542,1,61416.88772904002,3.904231296433826,73.20362992258707,27,2,1
37.26205812797157,1.39316137579987,1,34188.35982783247,6.430513403449875,91.0459056213651,3,2,1
46.34514269015494,2.0759805942053533,1,6899.633982178537,9.44495996403304,80.51206986735723,14,1,0
13.307998434725468,1.931175835711189,1,19410.496664790644,9.271966284451299,73.40308295124673,21,0,0
19.543737271237497,2.604320954505746,1,41874.45524677815,4.179640050082391,37.048904592617205,0,2,0
32.054235634400726,3.9082943374150196,1,86629.04812151068,6.437184702832612,93.17128952303854,0,0,1
14.313503621313629,2.2293852440249764,1,17166.648283093415,4.608023402071028,6.509460608535292,9,0,1
21.6065048072667,3.0262936601290154,1,25311.288243721167,4.51980342301886,72.48456194361631,19,1,2
46.32303361918938,1.926290319562587,1,74911.24656997179,6.280153623884414,79.61999838307415,14,1,0
43.373180176512854,2.7074504719654287,1,22203.794306018164,7.088558058436044,63.775090875301295,2,2,0
26.432382455361548,0.3725901749096264,1,52155.12423881685,2.879219075069331,34.67213116476178,7,0,1
14.947571287368099,2.0681675567353723,0,19423.05489450803,6.284558747033062,9.094356240499884,23,0,1
36.67406465374651,1.39316137579987,0,28697.86267878072,6.430513403449875,91.09528962842401,3,2,1
19.79362506775601,2.901905895616853,1,36136.591062580264,0.06006585353704397,25.616732546167682,0,1,0
21.83186304510995,2.5876632023470085,1,29740.234284611724,0.14334534433403512,6.075305203819177,15,0,0
45.659614257708505,1.3940100761746885,1,17358.765055136828,2.8232918075173403,61.71207914080227,11,0,1
16.45847933586609,3.160606013912947,1,60811.873976739495,0.5104129544751765,77.69051661862623,14,1,0
21.812299058049284,3.1638670204045556,1,36100.02948336311,0.040490866335918,63.27487736203071,19,1,0
13.439794976748681,0.2817631068102828,1,37368.09905899398,4.518632699737623,28.88157453058261,16,1,2
34.78556560887578,1.2790416024744018,1,34188.35982783247,6.430513403449875,25.616732546167682,23,0,0
16.661114072218915,3.873320166435647,1,39239.26813032795,4.3537257403491045,61.985099179103955,23,0,0
26.64307097299188,3.9082943374150196,1,41662.2275664465,3.803718875797807,91.34835927167562,1,0,0
13.571505964082073,2.5194417079168887,1,52921.91618913584,0.31635307725524475,112.26588661809187,15,0,0
14.570570561941548,1.7694426982671305,1,8538.094404408774,9.24760864042733,9.094356240499884,25,0,1
18.230817178144818,0.08081903996825068,1,41874.45524677815,9.67061175834852,11.877428203383683,22,0,1
27.63797566121386,0.5337783668223004,1,61348.75086861204,9.165487922779839,9.201001992763882,26,0,0
26.291752192585022,1.5043832160562567,1,8647.086856693824,4.603902028013534,43.72421272211467,20,0,1
11.384494860828351,2.7074504719654287,1,52542.69929004712,4.080981796320504,88.5998324242477,2,2,0
21.812299058049284,2.9843058046576525,1,34151.79824861532,7.739423227707862,50.96575516507745,16,2,0
21.570574727114646,3.0009158346934153,1,52804.812332748574,7.796336856217561,111.1479234603655,10,1,2
32.054235634400726,1.0293614883902482,1,42542.02839727666,6.807837149389291,91.95046106417294,0,2,1
46.087355498836715,1.2697964885651014,1,25768.36807946788,9.159504483266991,35.91003932759004,22,1,0
44.40999302846833,2.70864278507756,0,31708.589115992894,4.878951377677371,28.587285533665167,50,2,1
21.812299058049284,2.9843058046576525,1,36100.02948336311,0.07362323407302696,50.96575516507745,16,1,0
17.42182749979545,3.949504237060127,0,93446.7181950537,3.0860378822604795,54.97820503082704,86,0,1
32.054235634400726,1.39316137579987,1,34188.35982783247,6.430513403449875,91.0459056213651,0,2,1
14.947571287368099,2.0681675567353723,0,8573.703547869723,6.127434837576525,9.094356240499884,23,0,1
13.31589541628233,1.8803542820881152,1,111908.62173009284,9.49551116905895,28.59516642575482,21,1,0
47.502439472698796,0.6895420729927687,0,33651.51583241787,6.154213271459002,92.42728439687936,54,0,0
28.97561172971104,3.379749229977636,1,66497.55458757226,2.933240248333848,9.825290816760344,37,1,0
18.930088603599337,2.786797383907464,0,52521.83125093099,0.0819610884128763,112.26588661809187,15,1,2
38.037870403792745,2.5309066387635006,1,109018.2663446505,1.2706423908246467,36.83012238820851,0,2,0
45.732847421913476,3.132060451075521,0,16094.049909092366,3.880775100360885,59.203376218432105,60,2,1
13.382057119338553,3.0262936601290154,1,25428.39207146337,4.51980342301886,72.48456194361631,19,0,0
26.432382455361548,0.36578083662571204,1,61285.168869155124,3.818275256744177,34.67213116476178,26,0,1
23.206089106159936,1.498785502301897,0,50081.22270945129,3.8006832961736214,59.029725607347146,100,0,2
45.90184128644275,2.0166904298618005,1,64007.086724822686,8.231256555702828,55.95716516143606,55,0,1
17.18180866141147,0.9416009309460155,1,106567.12387194589,9.610464829490406,98.19911303617675,79,1,2
20.990076967022215,3.603867917866648,1,80897.31332686827,4.399980035188587,14.193778267070165,68,0,0
13.276268436115792,3.370971501948665,0,51856.34592232992,4.526221654754617,87.90293247699745,12,0,1
34.59839758981006,3.834816357827097,1,93511.25725813411,6.7875331119632705,66.4321839158349,20,2,1
18.230817178144818,0.08081903996825068,1,41874.45524677815,9.67061175834852,13.218270078964096,22,0,0
36.88933838658503,0.4871113761499962,0,56137.19806337553,3.915293685878863,30.22174208642845,9,2,2
19.79966985071746,1.2200724670243117,0,106346.83785919828,6.819374218991251,79.8822671578677,77,2,2
43.46153940845231,2.7074504719654287,1,17166.648283093415,4.080981796320504,62.4311789128799,2,2,0
38.47402413783378,0.38747209166661134,0,67207.58957456348,5.21946206423202,34.62758636522944,92,1,0
47.13089259288906,4.636512398796757,0,112259.6466232863,4.068887881151858,73.81421744566839,29,1,1
27.119940466939884,0.14773632351427368,1,96944.51058249292,6.886948016265882,106.10994498335593,35,0,2
16.478043322639717,3.160289212034556,1,62100.25354469497,8.039447296683447,6.64954082740973,15,0,0
47.762174298800005,3.8118689118213416,0,110833.2152434536,5.317067389416318,87.05924746773765,79,1,1
35.67000045773332,2.920881063297091,1,111280.21858465507,7.652404413226812,25.110815108582717,42,2,0
46.34514269015494,1.926290319562587,1,74911.24656997179,9.27101446506033,80.99725270727143,14,1,0
16.086365803711907,0.5422859096644708,0,56137.19806337553,3.687151484220764,30.22174208642845,9,2,2
38.037870403792745,2.73283223804449,1,107328.27393515888,4.0301721275472495,36.83012238820851,2,2,1
47.762174298800005,3.8118689118213416,0,110833.2152434536,5.376230986750923,28.49099932365893,79,1,0
25.679901177869013,3.379749229977636,1,66497.55458757226,3.929692726346685,9.825290816760344,37,2,0
21.009573188386454,3.6378099114573197,1,80897.31332686827,4.41280543644987,117.5922061775392,68,0,2
14.947571287368099,2.0588944098651867,0,8573.703547869723,3.1173372596997844,9.34660177009344,23,0,1
23.908406848184264,1.498785502301897,0,50194.79777989615,3.706428056124631,66.58960153502896,100,0,2
47.13089259288906,4.636512398796757,0,110801.69038562363,4.068887881151858,72.37630828111985,28,1,1
13.276268436115792,3.370971501948665,0,51562.89097633162,4.5796654812414745,87.90293247699745,10,0,1
46.35089467797913,2.7074504719654287,1,17166.648283093415,4.080981796320504,81.26871561035665,2,2,0
18.230817178144818,0.08081903996825068,1,110558.66581865455,9.899356039414318,13.218270078964096,24,2,0
17.18180866141147,0.9416009309460155,1,106567.12387194589,9.610464829490406,99.40380484046463,79,1,2
26.432382455361548,0.36564020031234334,0,57743.13164476134,3.818275256744177,34.62553551929736,26,0,0
27.119940466939884,1.2069400002407105,1,24021.835476448185,4.588671346815368,106.10994498335593,35,0,2
37.28135226352903,3.057889307523639,1,62100.25354469497,8.039447296683447,6.64954082740973,15,0,0
45.732847421913476,2.5847452608183192,0,17748.838195520744,0.9273121196494409,59.203376218432105,64,2,0
13.31589541628233,1.8803542820881152,1,111908.62173009284,9.434340399863675,87.16342734922083,21,1,1
45.90184128644275,2.0166904298618005,1,64007.086724822686,8.231256555702828,61.75078823271552,55,0,1
19.79966985071746,1.2200724670243117,0,102957.42479146087,6.242117603383425,79.8822671578677,77,1,2
18.910592382235095,2.786797383907464,0,52521.83125093099,0.11352839246678048,7.161739291186862,15,1,0
17.42182749979545,3.9222951458293256,0,93446.7181950537,6.133217229174364,43.89797710370468,86,0,1
33.896079848383074,3.834816357827097,1,93397.68024924361,6.7875331119632705,58.87230798815308,20,2,1
21.812299058049284,2.9843058046576525,1,37497.917272304476,0.07362323407302696,50.96575516507745,11,1,0
47.502439472698796,0.6895420729927687,0,33944.97077842115,6.100769444972129,92.42728439687936,56,0,0
43.455787420542,1.926290319562587,1,74911.24656997179,9.27101446506033,62.15971600979245,14,1,0
35.67000045773332,2.920881063297091,1,47603.530312350085,7.652404413226812,25.110815108582717,42,0,0
44.40999302846833,2.70864278507756,0,31708.589115992894,5.162546641112287,28.587285533665167,50,2,1
38.47402413783378,0.38761272797998003,1,67207.58957456348,5.21946206423202,34.67418201069387,92,1,1
13.382057119338553,2.535481772525981,1,95931.06513469928,6.818080092431497,72.48456194361631,19,0,0
27.119940466939884,1.3680984757942978,1,96944.51058249292,6.886948016265882,116.16110199210978,35,0,2
32.453880695751366,0.46185053643722607,1,92782.65997303577,3.9572949274940856,71.00171113732213,20,2,2
21.812299058049284,2.9812988483450114,1,37497.917272304476,0.08945734470830535,6.795502580499097,15,1,0
13.382057119338553,2.7321308286723585,1,25428.39207146337,4.51980342301886,81.38290966061723,23,0,0
43.46153940845231,2.787508449377916,1,17893.081885788433,4.080981796320504,62.4311789128799,15,2,0
38.94390048812749,2.3856693236875075,1,109018.2663446505,1.4157619528330048,36.8461886916971,1,2,0
46.673673430674334,1.2069400002407105,1,25247.47891728132,4.588671346815368,108.62272248018994,29,0,2
18.227067108617355,2.535481772525981,1,100696.32141753372,9.676633360411532,72.48456194361631,22,0,0
28.1116563887185,3.2252735140268136,0,57743.13164476134,3.818275256744177,32.04698649008573,12,0,0
14.932159788257904,1.8415235947212047,0,11078.409842011628,5.303751549777096,16.298716360671442,23,0,1
45.732847421913476,2.806072592849902,0,20654.821837755706,0.9251841850869362,110.9303267324318,16,2,0
13.2752096238636,1.8803542820881152,1,109174.80359964265,9.49551116905895,30.63672561245788,21,1,0
36.18672673535978,2.9443556478467467,0,48367.47712241263,4.068887881151858,72.37630828111985,28,1,1
21.05611289703151,3.519002387585608,1,36100.02948336311,0.07362323407302696,90.29707228553792,16,1,0
38.037870403792745,3.5482417015538075,1,62701.75253879209,4.0301721275472495,36.73368551572305,2,2,1
16.478043322639717,3.160289212034556,1,62100.25354469497,3.310471691414571,6.64954082740973,23,0,1
17.528620968921633,3.91710996347849,0,44201.847654555255,6.2162779958749494,30.423725394404116,9,2,1
37.28135226352903,3.06089626383628,1,62100.25354469497,7.302377759928702,50.83016027168942,16,0,0
46.35089467797913,3.001613303422085,1,17166.648283093415,4.080981796320504,72.37036789335573,2,2,0
18.910592382235095,2.706739406494976,0,51795.40804041107,0.11352839246678048,7.161739291186862,2,1,0
46.59627361668525,0.8347825502421501,0,33651.51583241787,6.009181771005901,92.41120514574294,55,0,0
26.787038934548093,1.926290319562587,1,73685.62148330691,9.27101446506033,78.48436206101108,14,1,0
13.385807253406766,0.08081903996825068,1,37108.2412071913,6.810168269030129,13.218270078964096,19,0,0
10.051873029058559,0.5126476109537439,0,51856.34592232992,4.526221654754617,78.86922741225762,28,0,1
13.331306915392659,1.8803542820881152,1,112317.72628313578,8.813818549732353,87.16342734922083,21,1,1
15.405360622078717,2.476099621795386,0,49615.85356584136,0.08487094674402479,61.842825105301266,63,1,2
14.239051704152061,3.370971501948665,0,51562.89097633162,2.8244261567361257,85.437069145031,10,0,1
46.487850819885224,4.612946260040213,1,110021.51532897315,7.652404413226812,25.110815108582717,42,0,0
32.81042181069798,1.39316137579987,1,34188.35982783247,6.430513403449875,51.71458813180691,0,2,1
26.432382455361548,0.298493057608058,1,105911.0845549126,3.818275256744177,34.768568037247235,26,0,1
13.683853282365668,2.0588944098651867,0,8573.703547869723,7.846306997206654,9.34660177009344,14,0,0
46.49603957030058,1.9541368589623933,1,74911.24656997179,4.310456423037174,63.343181299077365,14,1,0
13.382057119338553,2.7321308286723585,1,25428.39207146337,4.51980342301886,81.38290966061723,16,0,0
13.385807253406766,0.4916348623120975,1,37108.2412071913,6.460586912845244,13.218270078964096,19,0,0
10.026806500150144,0.47075572076099925,0,51856.34592232992,9.3668219069061,78.86922741225762,12,1,1
46.673673430674334,3.851972550216682,0,25370.19480374091,4.2461329164034085,111.1223457852739,36,2,2
14.239051704152061,3.370971501948665,0,61920.131916927945,2.8244261567361257,11.35366843323421,10,0,1
35.67000045773332,1.8615288239480656,1,47408.95578799309,7.652404413226812,25.45000750752682,42,0,0
43.46153940845231,2.787508449377916,1,37214.92361864457,4.080981796320504,61.86309688041022,15,1,0
12.93715036649535,2.9379468682926273,1,100696.32141753372,4.14562656804592,71.50444631910469,22,0,0
29.394895079705044,1.5098248823816343,1,34318.082411220166,6.430513403449875,91.0288247844039,0,1,0
26.256360858164403,0.36578083662571204,1,61285.168869155124,3.818275256744177,13.853689991391335,26,0,0
46.35089467797913,2.7098347527242654,1,17166.648283093415,4.080981796320504,81.26871561035665,1,2,0
11.71396467020796,3.0262936601290154,1,25428.39207146337,4.520551071873371,72.48456194361631,19,0,0
32.81042181069798,3.8590542904354317,1,34188.35982783247,4.568062287814264,51.71458813180691,12,0,1
43.31064252756705,2.679603932565627,1,17166.648283093415,9.040126059429912,80.08525032107306,2,2,0
21.812299058049284,2.9843058046576525,1,36100.02948336311,0.07362323407302696,50.96575516507745,23,1,0
18.910592382235095,2.706739406494976,0,51795.40804041107,0.10259485137425628,7.161739291186862,2,1,0
28.168926693781565,1.9681974941791487,1,73685.62148330691,4.427428936543514,82.54164133681059,28,0,0
15.438227449462671,0.7485987569526272,1,44079.13176837785,6.2162779958749494,27.826048483680964,10,0,1
18.230817178144818,0.08081903996825068,1,44686.22154404218,9.67061175834852,13.218270078964096,22,0,0
16.478043322639717,3.160289212034556,1,51743.012604098636,8.039447296683447,79.15195857971129,15,0,0
37.28135226352903,3.057889307523639,1,62294.828069051975,8.039447296683447,2.7527779383178403,15,0,0
21.812299058049284,2.9843058046576525,1,17227.34306680727,0.07362323407302696,51.533837197547136,39,2,0
16.47121813963071,3.6346542304121385,0,51562.89097633162,9.438043029337571,88.8830481014957,10,0,1
21.05611289703151,3.4023389002572353,1,35970.30689997542,0.07362323407302696,90.3141531224991,16,2,1
14.121714001584154,2.0588944098651867,0,8573.703547869723,7.846306997206654,34.67078663928045,14,0,1
21.812299058049284,2.9789145675861746,1,37497.917272304476,0.08945734470830535,0.33494618807295673,15,1,0
28.125311366856113,0.0705783592749254,1,105911.0845549126,3.8175276078896663,34.768568037247235,26,0,1
13.276268436115792,1.4039898820911765,0,51856.34592232992,6.407745783055574,103.13699253031925,1,2,1
26.432382455361548,1.9062430275925633,1,73558.31171862097,3.818275256744177,34.78023823865512,14,1,1
10.107301740928367,0.2106578774203821,0,41937.748221813716,7.846306997206654,9.34660177009344,22,0,0
13.382057119338553,3.063696136429445,0,15257.219257975876,2.832638220136169,72.48456194361631,18,0,1
18.230817178144818,0.08081903996825068,1,44686.22154404218,9.67061175834852,13.218270078964096,19,0,0
16.518877108676453,3.160289212034556,1,52142.9105621283,6.41523930702188,20.702230327605847,15,0,0
21.812299058049284,2.987398831455345,1,36100.02948336311,0.07362323407302696,50.96575516507745,16,1,0
21.812299058049284,2.9789145675861746,1,38409.1992721296,0.08945734470830535,0.011941777805234643,19,1,0
37.28135226352903,3.057889307523639,1,62044.78758141036,8.039447296683447,2.7527779383178403,20,0,0
14.855056550079606,2.7794343493649345,1,36705.01877230668,4.51980342301886,81.38290966061723,15,0,0
21.07262105990283,1.39316137579987,1,34188.35982783247,5.411815203314576,91.0459056213651,0,2,1
14.121714001584154,2.0588944098651867,0,8573.703547869723,7.981816626260476,34.868750361099,22,0,1
13.840246152855428,0.7282548217747749,1,44173.28142771842,6.34787415466533,27.826048483680964,10,0,1
43.31064252756705,2.679603932565627,1,51017.430246974516,9.040126059429912,80.08525032107306,2,1,0
16.47121813963071,3.329336557927834,0,51562.89097633162,9.438043029337571,87.89873998878171,10,0,1
46.673673430674334,3.430067077454143,1,25247.47891728132,4.5892112809910595,88.7100406903624,34,0,1
18.230817178144818,1.9373374108319523,1,8511.193524654333,9.67061175834852,6.100636633690639,22,0,0
14.239051704152061,2.755604941608109,1,51557.30848625665,4.511591359620522,85.437069145031,18,0,0
13.382057119338553,2.535481772525981,1,93327.5222095191,6.818080092431497,72.48456194361631,23,0,0
13.344973468248261,0.4916348623120975,1,36708.3432491619,8.084794902291083,71.6716173365519,19,0,0
21.05611289703151,3.399245873459543,1,35970.30689997542,0.07362323407302696,91.17380269321727,16,2,1
11.71396467020796,3.0262936601290154,1,25428.39207146337,4.272823238465925,72.48456194361631,15,0,0
13.386062547210152,0.024524568864435214,1,25831.61450634838,6.810168269030129,13.218270078964096,21,0,0
30.413085578580212,3.3005568406182526,1,37929.31112443961,0.12581879483155678,90.29707228553792,16,1,0
43.46153940845231,2.787508449377916,1,17893.081885788433,4.080981796320504,62.17837920280647,11,2,0
21.812299058049284,3.0046660111662256,1,34874.930498868925,0.07763115516128627,50.96575516507745,23,1,0
18.910592382235095,2.706739406494976,0,17944.634678261296,0.09118181026750416,7.161739291186862,2,2,0
12.812290017649644,3.370971501948665,0,51562.89097633162,4.5796654812414745,88.88724058971142,10,0,1
14.010577988926638,2.7321308286723585,1,25428.39207146337,4.51980342301886,81.38290966061723,23,0,0
13.276268436115792,1.1478451867563857,0,51856.34592232992,4.525681720578926,106.05163172855208,12,0,2
13.756031965558957,2.1257594841070926,1,8804.608142757377,7.576406286427633,8.848904779034253,14,0,0
15.366048766269472,0.681734651099538,0,43849.25324779309,6.318123156744963,28.323760844493187,10,0,1
44.40999302846833,2.70864278507756,0,31708.589115992894,4.878951377677371,28.587285533665167,50,2,1
21.812299058049284,2.9843058046576525,1,36100.02948336311,0.07362323407302696,50.96575516507745,16,1,0
17.42182749979545,3.949504237060127,0,93446.7181950537,3.0860378822604795,54.97820503082704,86,0,1
32.054235634400726,1.39316137579987,1,34188.35982783247,6.430513403449875,91.0459056213651,0,2,1
14.947571287368099,2.0681675567353723,0,8573.703547869723,6.127434837576525,9.094356240499884,23,0,1
13.31589541628233,1.8803542820881152,1,111908.62173009284,9.49551116905895,28.59516642575482,21,1,0
47.502439472698796,0.6895420729927687,0,33651.51583241787,6.154213271459002,92.42728439687936,54,0,0
28.97561172971104,3.379749229977636,1,66497.55458757226,2.933240248333848,9.825290816760344,37,1,0
18.930088603599337,2.786797383907464,0,52521.83125093099,0.0819610884128763,112.26588661809187,15,1,2
38.037870403792745,2.5309066387635006,1,109018.2663446505,1.2706423908246467,36.83012238820851,0,2,0
45.732847421913476,3.132060451075521,0,16094.049909092366,3.880775100360885,59.203376218432105,60,2,1
13.382057119338553,3.0262936601290154,1,25428.39207146337,4.51980342301886,72.48456194361631,19,0,0
26.432382455361548,0.36578083662571204,1,61285.168869155124,3.818275256744177,34.67213116476178,26,0,1
23.206089106159936,1.498785502301897,0,50081.22270945129,3.8006832961736214,59.029725607347146,100,0,2
45.90184128644275,2.0166904298618005,1,64007.086724822686,8.231256555702828,55.95716516143606,55,0,1
17.18180866141147,0.9416009309460155,1,106567.12387194589,9.610464829490406,98.19911303617675,79,1,2
20.990076967022215,3.603867917866648,1,80897.31332686827,4.399980035188587,14.193778267070165,68,0,0
13.276268436115792,3.370971501948665,0,51856.34592232992,4.526221654754617,87.90293247699745,12,0,1
34.59839758981006,3.834816357827097,1,93511.25725813411,6.7875331119632705,66.4321839158349,20,2,1
18.230817178144818,0.08081903996825068,1,41874.45524677815,9.67061175834852,13.218270078964096,22,0,0
36.88933838658503,0.4871113761499962,0,56137.19806337553,3.915293685878863,30.22174208642845,9,2,2
19.79966985071746,1.2200724670243117,0,106346.83785919828,6.819374218991251,79.8822671578677,77,2,2
43.46153940845231,2.7074504719654287,1,17166.648283093415,4.080981796320504,62.4311789128799,2,2,0
38.47402413783378,0.38747209166661134,0,67207.58957456348,5.21946206423202,34.62758636522944,92,1,0
47.13089259288906,4.636512398796757,0,112259.6466232863,4.068887881151858,73.81421744566839,29,1,1
27.119940466939884,0.14773632351427368,1,96944.51058249292,6.886948016265882,106.10994498335593,35,0,2
16.478043322639717,3.160289212034556,1,62100.25354469497,8.039447296683447,6.64954082740973,15,0,0
47.762174298800005,3.8118689118213416,0,110833.2152434536,5.317067389416318,87.05924746773765,79,1,1
35.67000045773332,2.920881063297091,1,111280.21858465507,7.652404413226812,25.110815108582717,42,2,0
46.34514269015494,1.926290319562587,1,74911.24656997179,9.27101446506033,80.99725270727143,14,1,0
34.59839758981006,3.834816357827097,1,93511.25725813411,6.7875331119632705,60.614724837200626,1,2,1
18.930088603599337,2.786797383907464,0,51818.13026741237,0.0819610884128763,58.9117997620454,59,1,1
47.13089259288906,4.22917448533293,0,111988.9164674055,3.8407421295237025,72.57662144376127,29,1,2
39.452802238582265,1.8803542820881152,1,100726.52849429616,9.49551116905895,28.59516642575482,21,1,0
28.97561172971104,3.379749229977636,1,66497.55458757226,3.0379876474875567,9.825290816760344,37,1,1
23.206089106159936,1.498785502301897,0,48654.75416545061,3.7838906435758357,59.72571457453242,100,0,1
37.112813988895006,3.370971501948665,0,56467.10074784093,4.526221654754617,88.07425054817512,12,2,1
17.18180866141147,0.9416009309460155,1,115863.35723765059,9.610464829490406,98.19911303617675,79,1,2
21.880174099013026,3.035323757080789,1,111486.14017088087,5.317067389416318,87.05924746773765,79,1,1
13.13877043570615,3.0330740476010263,1,25428.39207146337,4.51980342301886,72.48456194361631,19,0,0
26.432382455361548,3.1089977430179316,1,62087.114689332775,3.9568482017347355,34.67213116476178,26,0,0
38.51440184041473,0.08081903996825068,1,41874.45524677815,9.67061175834852,13.218270078964096,99,0,0
20.990076967022215,3.9545579409104836,1,81342.02959548478,4.399980035188587,14.193778267070165,68,0,0
45.96810363951569,1.926290319562587,1,74911.24656997179,9.27101446506033,80.44010430254056,14,1,0
14.9161124710402,1.160349975894273,0,106346.83785919828,6.819374218991251,13.97767410265115,77,2,1
32.054235634400726,1.39316137579987,1,34188.35982783247,6.430513403449875,91.0459056213651,20,2,1
45.732847421913476,3.132060451075521,0,16094.049909092366,3.880775100360885,113.24728217818063,16,2,2
27.119940466939884,0.5724977038673744,1,98423.38776219363,6.886948016265882,106.10994498335593,34,0,1
11.994481121252413,2.5309066387635006,1,111913.77247837122,1.2706423908246467,36.83012238820851,0,2,0
43.22891976899664,2.70864278507756,0,31708.589115992894,4.878951377677371,28.587285533665167,50,2,0
45.90184128644275,3.0841200006747282,1,61222.09365897327,8.248041897624482,55.95716516143606,55,0,2
13.065374693431455,0.4871113761499962,0,51526.443237864514,3.915293685878863,30.050428484815278,9,0,2
48.7266144899969,0.6895420729927687,0,33651.51583241787,6.154213271459002,92.42728439687936,54,0,0
47.662090607771965,3.7608509593937525,0,36100.02948336311,0.07362323407302696,50.96575516507745,16,1,0
43.46153940845231,2.7006700844934173,1,17166.648283093415,4.080981796320504,62.4311789128799,5,2,0
16.478043322639717,0.41809693513810897,1,61298.30772451731,7.900872677926544,6.64954082740973,12,0,1
18.190463927105878,0.38747209166661134,0,67207.58957456348,5.21946206423202,34.62758636522944,13,1,0
17.42182749979545,3.457541578649254,0,93446.7181950537,3.0860378822604795,54.97820503082704,86,0,1
35.67000045773332,2.920881063297091,1,104355.44822334585,7.652404413226812,25.66799280000813,42,2,0
19.8311286691567,2.0681675567353723,0,8573.703547869723,6.127434837576525,72.309830501998,23,0,2
18.30058381248652,1.040066787004917,1,74746.7168594726,9.27101446506033,80.44010430254056,14,1,0
27.564987790837808,0.5139515656713434,1,99751.0355457423,4.080981796320504,105.9890776440528,5,0,0
46.34514269015494,1.926290319562587,1,74911.24656997179,6.575793684170925,80.18691502876905,14,1,0
43.09288572897621,0.14773632351427368,1,96944.51058249292,6.889066232222413,103.41757115868748,1,0,0
26.885667068828255,0.36517300993111645,1,66975.66155070697,5.161009104053651,38.75147837768197,13,0,0
20.813338723611306,1.1889319732876742,0,111908.62173009284,9.108220182222789,25.30257286896906,79,1,2
19.892945611787823,3.131924748016974,0,6854.873294853838,6.127434837576525,72.74279433787001,14,0,0
22.068532907354903,3.370971501948665,1,53108.61484740452,4.526221654754617,51.92998286494658,12,0,0
34.512395019067746,2.5309066387635006,1,109018.2663446505,1.2706423908246467,38.756157418424515,0,2,1
28.97561172971104,3.3860396784628066,1,66497.55458757226,2.684075184470098,10.116553931466708,37,1,0
47.143644514818085,3.0262936601290154,1,25546.43267489967,8.312542347963095,72.48456194361631,19,0,0
16.348637373202763,0.6268582165112069,1,62087.114689332775,3.921503922217433,30.21439032111185,26,0,1
23.67056545296165,2.786797383907464,0,55283.09881927292,0.0819610884128763,112.26588661809187,12,1,2
37.23694940918546,1.8803542820881152,0,100726.52849429616,9.551838009556906,28.59516642575482,21,1,1
15.9312582426215,3.0530940191496168,1,118128.73752584009,4.51980342301886,36.857697823973076,0,0,0
45.89129017687172,1.8782167052545098,1,42038.9849577816,9.67061175834852,21.645742312836834,22,0,0
43.01647224626066,2.759349256575854,1,15846.679428439376,6.886948016265882,53.32745492265936,36,2,1
32.054235634400726,1.39316137579987,1,34188.35982783247,9.125681488279865,91.85624329986729,0,2,1
27.51088517115602,2.7074504719654287,1,17166.648283093415,4.078863580032747,65.12332553082828,34,2,2
17.873000053905088,0.3310469459794505,0,96899.35109347999,3.876728216922548,34.62724472297607,26,1,1
13.497395791822415,1.9114947758262606,1,113778.00890646133,7.2064871577301925,83.17492964606944,19,2,0
16.416226380010016,2.096532020752249,1,62523.553822753616,8.039447296683447,6.2946953429515915,26,0,2
13.020098134447903,2.9843058046576525,0,34847.76055829509,0.07362323407302696,86.938704722613,16,1,1
38.12387297453507,3.834816357827097,1,93511.25725813411,6.7875331119632705,58.68868980703394,1,2,0
47.662090607771965,3.7545605109085822,0,36100.02948336311,0.3413459017413951,50.67571946830124,16,1,0
12.202910822550535,2.0166904298618005,1,63889.04699439903,5.466130125135134,55.95716516143606,55,0,1
28.475714851154116,2.900706008136769,1,61298.30772451731,7.9362160047480295,6.64954082740973,12,0,0
37.112813988895006,3.35753542220737,0,56490.25202369872,5.12658492765609,82.63467367893975,15,2,1
15.676908714654036,2.0681675567353723,1,8573.703547869723,5.279247189532098,9.094356240499884,23,0,0
11.994481121252413,2.5430008825262793,1,18390.578664820478,1.0591688355871698,72.45698651645239,19,2,0
19.892945611787823,2.7383801675326835,1,6854.873294853838,6.856997986271921,72.56765188616775,21,2,0
16.52753707387261,2.0681675567353723,1,10273.565713658441,5.279247189532098,4.5092247674711725,17,0,0
26.411491821627195,0.36578083662571204,1,61531.90467936789,3.818275256744177,32.177674164898946,26,0,1
16.348637373202763,2.5960880005467217,1,62087.114689332775,4.081833132901641,30.21439032111185,19,0,1
12.483526514823893,0.08081903996825068,1,41874.45524677815,9.435537368953499,13.218270078964096,22,0,0
16.57897760429591,3.0262936601290154,1,26636.71807832187,7.9048677657199455,72.48456194361631,26,0,1
39.65997003571048,3.3540237555694694,1,100726.52849429616,9.49551116905895,28.59516642575482,12,1,0
43.46153940845231,3.4238875888536593,1,17166.648283093415,4.080981796320504,72.50883509053222,9,2,1
12.419726340158832,1.8800005998746974,1,70564.10000334281,9.49551116905895,28.59516642575482,21,1,0
43.956933114681235,3.095953077437377,1,62087.114689332775,9.61257914238552,35.132151890575585,26,0,0
14.947571287368099,2.0681675567353723,0,21252.192715880476,6.127434837576525,9.094356240499884,21,0,1
15.289281997526388,2.4862885941834394,1,111913.77247837122,1.2706423908246467,36.83012238820851,4,2,0
46.740943293452716,3.7608509593937525,0,36100.02948336311,0.09415863164694205,52.531544313818635,16,1,0
12.44193310753721,2.5430008825262793,1,18390.578664820478,6.239037380410633,90.83666790636988,0,2,0
43.01647224626066,3.152893837060145,0,15846.679428439376,6.157384867570485,53.5025973743615,36,0,1
27.51088517115602,2.7074504719654287,1,17166.648283093415,4.04856094294501,65.12332553082828,34,2,2
26.714362925458936,0.5139515656713434,1,98136.95006838733,4.531029342831242,105.9890776440528,5,0,0
26.71944032627979,0.36517300993111645,1,66728.92574049419,5.161009104053651,38.75147837768197,13,0,0
43.46153940845231,0.7382360263492104,1,17166.648283093415,3.920652585636296,62.4311789128799,2,2,0
18.615738950310416,3.0330740476010263,1,25428.39207146337,4.743781741159356,74.24309973685324,14,0,0
13.281122839749841,0.41809693513810897,1,60089.982106582705,4.515808195033243,17.877691029036377,12,0,0
21.86136398023255,1.897302028305491,1,53108.61484740452,4.526221654754617,51.92998286494658,21,0,0
13.276268436115792,2.6477539975882984,0,51856.34592232992,4.526221654754617,87.90293247699745,12,0,0
47.267647662688105,1.9266440017760047,1,113177.96935881457,9.27101446506033,80.99725270727143,14,1,0
32.3521547688367,1.8912613708353443,1,42038.9849577816,4.296633480601782,12.122526019865743,22,0,0
16.478043322639717,3.373835479245786,1,62100.25354469497,8.039447296683447,6.64954082740973,0,0,0
38.12387297453507,3.834816357827097,1,93511.25725813411,6.897102272674679,58.76843217504012,1,2,0
32.662866078540866,1.39316137579987,1,34188.35982783247,1.2510268691888595,72.66622423140562,20,2,1
47.2519773146533,2.8959376974839497,1,36841.83969527549,0.06981322133011325,34.67213116476178,26,1,0
26.829151615432288,3.725812756282874,0,61345.30447764466,4.024779199931978,46.75671592591184,16,0,0
23.246045053122042,1.8958940175829977,1,52586.84439495552,4.526221654754617,51.92998286494658,11,0,0
31.780508860181243,1.2248855735370423,1,34188.35982783247,7.246762843581746,14.987632697706495,1,2,1
22.00302540794834,3.0262936601290154,1,26636.71807832187,1.5400782200819434,72.48456194361631,26,0,1
27.51088517115602,3.1852359046524295,1,17164.527049611814,6.1296305396982795,55.96502839733422,34,2,2
26.2364182633682,0.3005806394122237,1,61285.168869155124,3.818275256744177,34.67213116476178,26,0,0
47.868605591168055,3.0292118336632745,0,25224.017641235227,4.516402516300697,51.9349053222611,16,1,0
14.533447565135344,2.0681675567353723,0,8573.703547869723,6.127434837576525,9.094356240499884,24,0,1
26.7879041306668,0.36517300993111645,1,66728.92574049419,3.963414378583301,29.73345773743769,26,0,1
14.449732686430155,2.975987572737155,1,26325.583930341272,4.51980342301886,72.48456194361631,19,0,0
13.306667862840104,3.796022672434672,0,51833.57255180688,7.866537814326438,6.161198248183354,0,0,0
16.478043322639717,0.41809693513810897,1,61298.30772451731,7.900872677926544,6.64954082740973,12,0,0
25.609018930779868,2.5309066387635006,1,106418.87909383173,1.2706423908246467,36.83012238820851,0,2,0
22.068532907354903,3.1732360932806762,1,51942.51978364669,2.5445865217477133,6.576394874583684,12,0,0
18.200609631959637,0.09658581758963436,1,41874.45524677815,9.67061175834852,13.218270078964096,22,0,0
13.31589541628233,1.89480361182026,1,111908.62173009284,9.49551116905895,77.16537073999734,21,1,0
46.34514269015494,1.9276983302850803,1,75433.01702241646,9.27101446506033,80.99725270727143,21,1,0
13.55720624298255,0.12841112250426479,1,61001.263625328844,4.590364081240187,93.94756512557484,13,0,0
16.388251255234078,2.9843058046576525,1,36100.02948336311,7.58253397635298,50.96575516507745,16,1,0
14.089009186388576,2.654139315329973,0,6856.99475421751,4.07666787791077,72.59274750091244,14,0,0
44.152780061564734,3.021063026514045,1,62087.114689332775,9.61257914238552,35.132151890575585,26,0,1
12.87953339486548,3.8118823368305144,1,36304.403913591574,0.1253540905282735,71.51541178643232,2,0,0
43.8817864178665,2.7006700844934173,1,17166.648283093415,4.080981796320504,62.4311789128799,4,2,0
17.753428964145247,0.6268582165112069,1,62087.114689332775,5.119098647687783,39.232410961356145,12,0,0
16.52753707387261,2.0681675567353723,1,1937.352529932713,5.279247189532098,4.5092247674711725,17,0,0
16.44764389680664,3.3738096279954,1,62123.02691521801,4.569159707026648,90.19907175724275,12,0,1
27.564987790837808,0.5139515656713434,1,99751.0355457423,4.080981796320504,105.9890776440528,5,0,1
13.275475728129628,0.33621029087245313,1,66975.66155070697,5.161009104053651,38.75147837768197,14,0,0
15.792384567238592,3.3580246207025444,1,62100.25354469497,8.039447296683447,52.016045002743994,15,0,0
12.024724035839633,2.1829717613640622,1,18390.578664820478,1.0591688355871698,72.45698651645239,19,2,0
18.615738950310416,3.0186247178695105,1,11143.598353074743,4.526747857332172,26.57052102661473,14,0,0
44.40999302846833,2.70864278507756,0,31708.589115992894,4.878951377677371,28.587285533665167,50,2,1
21.812299058049284,2.9843058046576525,1,36100.02948336311,0.07362323407302696,50.96575516507745,16,1,0
17.42182749979545,3.949504237060127,0,93446.7181950537,3.0860378822604795,54.97820503082704,86,0,1
32.054235634400726,1.39316137579987,1,34188.35982783247,6.430513403449875,91.0459056213651,0,2,1
14.947571287368099,2.0681675567353723,0,8573.703547869723,6.127434837576525,9.094356240499884,23,0,1
13.31589541628233,1.8803542820881152,1,111908.62173009284,9.49551116905895,28.59516642575482,21,1,0
47.502439472698796,0.6895420729927687,0,33651.51583241787,6.154213271459002,92.42728439687936,54,0,0
28.97561172971104,3.379749229977636,1,66497.55458757226,2.933240248333848,9.825290816760344,37,1,0
18.930088603599337,2.786797383907464,0,52521.83125093099,0.0819610884128763,112.26588661809187,15,1,2
38.037870403792745,2.5309066387635006,1,109018.2663446505,1.2706423908246467,36.83012238820851,0,2,0
45.732847421913476,3.132060451075521,0,16094.049909092366,3.880775100360885,59.203376218432105,60,2,1
13.382057119338553,3.0262936601290154,1,25428.39207146337,4.51980342301886,72.48456194361631,19,0,0
26.432382455361548,0.36578083662571204,1,61285.168869155124,3.818275256744177,34.67213116476178,26,0,1
23.206089106159936,1.498785502301897,0,50081.22270945129,3.8006832961736214,59.029725607347146,100,0,2
45.90184128644275,2.0166904298618005,1,64007.086724822686,8.231256555702828,55.95716516143606,55,0,1
17.18180866141147,0.9416009309460155,1,106567.12387194589,9.610464829490406,98.19911303617675,79,1,2
20.990076967022215,3.603867917866648,1,80897.31332686827,4.399980035188587,14.193778267070165,68,0,0
13.276268436115792,3.370971501948665,0,51856.34592232992,4.526221654754617,87.90293247699745,12,0,1
34.59839758981006,3.834816357827097,1,93511.25725813411,6.7875331119632705,66.4321839158349,20,2,1
18.230817178144818,0.08081903996825068,1,41874.45524677815,9.67061175834852,13.218270078964096,22,0,0
36.88933838658503,0.4871113761499962,0,56137.19806337553,3.915293685878863,30.22174208642845,9,2,2
19.79966985071746,1.2200724670243117,0,106346.83785919828,6.819374218991251,79.8822671578677,77,2,2
43.46153940845231,2.7074504719654287,1,17166.648283093415,4.080981796320504,62.4311789128799,2,2,0
38.47402413783378,0.38747209166661134,0,67207.58957456348,5.21946206423202,34.62758636522944,92,1,0
47.13089259288906,4.636512398796757,0,112259.6466232863,4.068887881151858,73.81421744566839,29,1,1
27.119940466939884,0.14773632351427368,1,96944.51058249292,6.886948016265882,106.10994498335593,35,0,2
16.478043322639717,3.160289212034556,1,62100.25354469497,8.039447296683447,6.64954082740973,15,0,0
47.762174298800005,3.8118689118213416,0,110833.2152434536,5.317067389416318,87.05924746773765,79,1,1
35.67000045773332,2.920881063297091,1,111280.21858465507,7.652404413226812,25.110815108582717,42,2,0
46.34514269015494,1.926290319562587,1,74911.24656997179,9.27101446506033,80.99725270727143,14,1,0
37.933704442520956,2.4861029202872817,1,17166.648283093415,3.8528358351073466,62.4311789128799,0,2,0
27.119940466939884,2.94894787837854,1,96660.8429512134,7.029295422379884,106.10994498335593,67,0,0
17.18180866141147,0.9416009309460155,1,106567.12387194589,6.827503685688538,66.37557376460761,79,1,2
44.20671682443852,0.6895420729927687,0,33651.51583241787,7.1505365388396145,92.42728439687936,54,2,0
46.43460785317343,0.521090948837501,0,56137.19806337553,9.284793894202501,84.91024749117736,9,1,2
16.478043322639717,2.6786922444936687,1,62100.25354469497,4.9100243089808195,6.768691968576535,15,2,0
18.546816683261202,3.949504237060127,0,93493.35506800377,2.9918228309945736,55.61335260169369,86,0,1
23.206089106159936,1.498785502301897,1,49824.606879936946,3.8006832961736214,57.59181752583109,14,0,2
13.31589541628233,1.8803542820881152,1,111171.37030770772,3.1486704472404656,28.59516642575482,18,1,0
18.24070012724743,3.370971501948665,0,51856.34592232992,4.526221654754617,88.99480284704734,12,0,0
13.382057119338553,3.0262936601290154,1,111296.00040465218,5.180564415373076,72.48456194361631,29,0,0
45.732847421913476,3.132060451075521,0,16094.049909092366,3.880775100360885,60.42821351077677,60,2,1
14.947571287368099,0.3766650496732936,0,5981.619712072963,6.127434837576525,7.9193772626152406,23,0,0
45.90184128644275,2.455855964733028,1,33601.64908883278,6.48290286987262,55.95716516143606,55,2,1
43.565705369028535,2.7006877101177245,1,109018.2663446505,1.2706423908246467,36.83012238820851,2,2,0
20.990076967022215,0.4700192027893326,1,81180.98095805362,4.041911934437994,14.193778267070165,41,0,2
34.59839758981006,3.834816357827097,1,93511.25725813411,9.569622053479986,98.25572263532972,20,2,1
18.930088603599337,2.786797383907464,0,52521.83125093099,0.0819610884128763,116.01726420685931,15,1,2
19.79966985071746,1.2200724670243117,0,102957.42479146087,6.242117603383425,79.8822671578677,77,0,2
36.79984639859487,1.926290319562587,1,74911.24656997179,3.8993861527095484,26.308802793495822,14,2,0
44.40999302846833,3.1537572554729674,0,31708.589115992894,8.045455984577092,17.746583006804862,50,0,1
34.545029481340876,2.920881063297091,1,111233.5766595607,7.652404413226812,24.47566773480665,42,2,0
21.812299058049284,2.9843058046576525,0,36356.6453128775,0.07362323407302696,50.96575516507745,93,1,0
28.97561172971104,3.379749229977636,1,67229.56374086434,9.270127789810001,9.825290816760344,39,1,0
13.266385609714316,0.08081903996825068,1,41874.45524677815,9.67061175834852,12.146627244301655,22,0,1
47.13089259288906,4.636512398796757,0,31332.023489594903,4.068887881151858,73.81421744566839,21,1,1
47.762174298800005,3.8118689118213416,0,110833.2152434536,5.600662096487903,87.05924746773765,79,1,1
38.47402413783378,2.079064428014886,0,67207.58957456348,5.21946206423202,35.80313820706156,92,1,1
32.054235634400726,1.5087887979685002,1,62174.30366892056,8.178867088535165,91.0459056213651,0,0,1
45.90184128644275,1.9834675699407551,1,64007.086724822686,8.231256555702828,68.9225737433645,55,0,1
47.15034634308583,2.6932244420670344,1,16493.00170873997,4.080981796320504,62.4311789128799,54,2,0
13.15743644527168,0.1176547127912917,0,42647.112877951375,4.526221654754617,88.99480284704734,16,0,1
32.054235634400726,0.5097541250678954,1,56333.892056926765,9.226084246584724,85.60632875212313,0,2,1
46.34514269015494,1.926290319562587,1,63110.718427512686,9.27101446506033,73.89144585439838,15,1,0
34.88978073026102,3.153954051320101,1,31708.589115992894,8.015160060170498,16.903850220526465,47,0,1
38.037870403792745,2.4679277449075685,1,109018.2663446505,8.634118316719082,36.80678048680283,0,2,0
32.10602504856075,1.5087887979685002,1,60392.87175826855,8.178867088535165,93.41511437995851,0,0,1
14.947571287368099,1.9531309951197495,0,5981.619712072963,9.762176009304785,8.114699548275976,21,0,0
14.661848631564153,2.0681675567353723,0,439.82187857408667,5.721552865623135,10.675341060523667,23,0,1
36.79700232774261,1.9757635051774922,1,108546.40045420488,7.652404413226812,26.340812399916278,43,2,0
18.78910709253137,0.21027904643132533,0,54849.55888810129,0.3361422608114424,17.716073811751272,15,1,2
13.31589541628233,1.8803542820881152,1,111171.37030770772,4.640848352318732,26.454275969711944,18,1,0
21.812299058049284,2.9850902800146626,1,113328.86583085876,3.977224949736454,50.96575516507745,16,0,0
28.97561172971104,0.5018048041442009,1,66497.55458757226,2.933240248333848,9.825290816760344,37,1,0
36.96618687384478,3.370971501948665,1,51856.34592232992,4.491485923496732,60.50162597627946,12,0,0
42.60918571499104,0.7037755756009865,0,34325.16243267245,6.154213271459002,81.49645284412111,4,0,0
18.349649650127304,3.36090373689625,1,51083.6882911567,9.67061175834852,0.8264940255557214,12,0,0
46.43460785317343,1.404498296571687,0,33991.66583436795,6.489158711541965,84.91024749117736,9,1,2
16.478043322639717,2.6786922444936687,1,73900.78168715409,4.9100243089808195,13.939815954492477,14,2,0
44.118609139728164,3.8346195619794647,0,93511.25725813411,6.817829036367016,67.27521867555384,19,2,1
16.478043322639717,3.2232681058904697,1,62100.25354469497,0.6926791494684967,6.674251195005725,15,0,0
13.332734060550168,3.0262936601290154,1,27209.824465273196,4.51980342301886,70.11535318105777,21,0,0
13.31589541628233,0.06297570664226304,1,114463.37298980565,6.204630473580675,28.399879535792856,23,1,0
41.242234389329035,2.7006877101177245,1,116715.02148345971,0.8356656388854984,34.686402903951375,2,2,0
35.67284452858558,2.9866687770908396,1,74911.24656997179,3.8993861527095484,25.078805502162265,13,2,0
18.230817178144818,1.796642762629923,1,52376.145681394075,9.499600054366574,107.2806069594067,22,0,0
23.206089106159936,1.3256998152021544,1,49824.606879936946,3.8006832961736214,59.73270822167504,14,0,2
13.382057119338553,3.0255091847720053,1,33897.00593963505,0.2872346504132963,72.48456194361631,21,1,0
26.432382455361548,3.24505986468765,1,61285.168869155124,3.818275256744177,34.67213116476178,33,0,1
14.25200395619869,2.396734034042885,0,17166.648283093415,3.8875715663652315,89.83248539867398,0,2,1
14.947571287368099,1.9531309951197495,0,5981.619712072963,9.270011035450738,6.9468274687280385,16,0,0
23.206089106159936,1.498785502301897,1,49824.606879936946,0.6011098816398515,58.67599872809282,16,0,2
35.67284452858558,2.954935405826685,1,70802.14063344989,4.51115678916378,89.21097482758621,7,2,1
26.46877990570071,1.5087887979685002,1,62203.84648389683,8.178867088535165,91.0459056213651,0,0,1
23.26905432064097,1.3256998152021544,1,47964.667478193565,3.8006832961736214,59.73270822167504,16,0,2
31.78596472307002,3.0262936601290154,1,4744.609598543884,4.677459742285934,72.48456194361631,19,0,0
16.45292268640229,3.160289212034556,1,70387.94906299906,8.039447296683447,6.64954082740973,15,0,0
26.24233273150151,0.08081903996825068,1,60323.418314719616,3.2824366402702303,12.146627244301655,22,0,1
14.947571287368099,1.8674894468240044,0,3566.3314750749705,6.312270600129316,7.433962392776044,23,0,1
20.138844556460818,0.11353322763401896,1,74157.67962846767,9.67061175834852,13.218270078964096,22,0,0
13.382057119338553,3.192407558176299,1,29161.681717546104,3.898829102422083,72.48456194361631,33,0,0
16.478043322639717,1.2263983209140972,1,73900.78168715409,5.72489161481725,91.1279156132914,10,2,0
38.037870403792745,2.5309066387635006,1,109018.2663446505,4.706274755608579,37.5614573510382,21,2,0
34.59839758981006,3.834816357827097,1,93511.25725813411,6.7875331119632705,66.4321839158349,7,2,1
21.812299058049284,2.9843058046576525,1,36100.02948336311,0.07362323407302696,52.14898104814404,21,1,0
16.478043322639717,3.2232681058904697,1,62100.25354469497,3.892819499820024,5.646968114239581,17,0,0
13.276268436115792,3.4027048732128193,0,39197.428492040795,3.379768526722021,23.77096860275624,15,0,0
32.01783818406157,3.3622387321046476,1,61255.62605417886,3.818275256744177,34.67213116476178,33,0,1
11.273593544507236,3.0255091847720053,1,33897.00593963505,0.2872346504132963,72.48456194361631,21,1,0
13.704153612909977,1.5087887979685002,1,57603.67267872169,8.178867088535165,93.41511437995851,0,0,1
18.374770286364736,3.36090373689625,1,51027.423965435264,9.67061175834852,0.8264940255557214,12,0,1
15.714467199625624,0.36578083662571204,1,42836.20580121433,8.995262280386155,34.67213116476178,26,0,1
13.31589541628233,1.8363219403546736,1,116763.12324305586,9.309965087847536,11.610362682879256,21,1,0
44.42789074060737,1.926290319562587,1,42628.02218876835,9.27101446506033,80.99725270727143,14,1,0
14.25200395619869,2.418350672357818,0,111192.10063782666,5.169306879316226,89.83248539867398,0,2,1
18.78910709253137,0.21027904643132533,0,44092.252720396755,1.6156011307108993,17.716073811751272,15,1,2
32.054235634400726,2.845455318838057,1,34188.35982783247,4.918348965292291,13.866874647008004,0,2,1
13.332734060550168,3.0262936601290154,1,27438.643442918627,1.0842277767243305,69.68184435552443,1,0,0
16.918066398038725,3.2232681058904697,1,109283.40770431417,1.263524429566191,6.674251195005725,15,0,0
37.59801878677634,2.5309066387635006,1,61832.889320311784,0.5519967165346712,36.41448020316915,1,2,0
32.15722997209896,1.39316137579987,0,3169.852079296076,6.431908612992809,5.669735726492961,2,2,1
23.206089106159936,1.5291632521834737,1,51709.54094668185,0.6011098816398515,58.67599872809282,22,0,2
12.868196053333788,2.3232349452302867,1,17392.28062165464,3.8875715663652315,89.83248539867398,21,2,1
18.25155796514928,3.0255091847720053,1,33897.00593963505,0.08104079837704536,72.48456194361631,21,1,0
18.158890043010917,3.36090373689625,1,49364.87350454838,8.82544151090599,0.8264940255557214,12,1,1
13.722047225497016,1.5087887979685002,1,57603.67267872169,8.178867088535165,93.41511437995851,0,0,1
21.812299058049284,2.9843058046576525,1,36100.02948336311,0.07362323407302696,36.28867124570995,1,1,0
11.273593544507236,3.0264606026084633,1,34417.05424587939,7.268966811537933,72.48456194361631,21,0,0
31.78596472307002,3.0262936601290154,1,40004.25602073516,5.330038767794993,72.48456194361631,22,0,0
20.138844556460818,0.11353322763401896,1,28301.115418040044,9.67061175834852,11.14160168540175,22,0,0
32.10602504856075,1.5087887979685002,1,48057.630309548105,3.8381261850863346,93.41511437995851,3,0,1
16.478043322639717,3.2645923631100944,1,62100.25354469497,7.994018485347423,0.8236158573232615,12,0,0
15.714467199625624,0.3911541147744694,1,41500.1952183433,8.994211230723437,33.8635692885091,23,0,1
13.276268436115792,3.370971501948665,1,51856.34592232992,4.526221654754617,86.1637791744391,10,0,1
13.270966323120742,3.203733945750769,1,25428.39207146337,4.422396579289065,73.73956934942537,26,0,1
14.844835993045756,1.8674894468240044,1,33969.98933016347,6.577015593736576,91.80685616946714,22,0,1
18.230817178144818,0.06100714850845157,1,41874.45524677815,9.67061175834852,13.218270078964096,16,0,0
13.332734060550168,3.0262936601290154,0,26984.192126719274,4.51980342301886,70.11535318105777,1,0,0
14.81145996841105,2.1710547095564947,1,50147.59432535222,9.563216056015548,107.2806069594067,22,0,0
13.531775768922405,1.8803542820881152,1,113487.9731751532,9.49551116905895,21.054291043269536,21,0,0
31.33943581864797,1.5087887979685002,1,61443.14674811328,8.178867088535165,91.0459056213651,0,0,1
37.59801878677634,2.5309066387635006,1,61832.889320311784,1.9619532411518188,51.091564122536774,16,2,0
16.015486754305233,3.0253422422925573,1,110729.12255241018,4.754829569497687e-05,72.48456194361631,29,1,0
13.72779539441596,0.08081903996825068,1,4024.4856980408513,9.67061175834852,12.146627244301655,19,0,1
13.382057119338553,3.192407558176299,1,75018.24916621935,3.898829102422083,72.72848187391436,33,0,0
23.26905432064097,0.9000824278813869,1,64481.32418188876,7.44236639181022,59.73270822167504,16,0,2
18.349649650127304,3.1588827504555317,1,51083.6882911567,9.715597958795087,1.1923889959584963,15,0,0
16.990844241878644,1.9845882933702748,0,1122.8696388450408,9.065638211242494,7.7560032645006896,26,0,0
13.332734060550168,2.817192444913821,0,27438.643442918627,1.2935016797775714,71.42099765807527,1,0,0
26.54389502937143,0.12744806982790413,1,61285.168869155124,3.9156821004739712,35.00495289575926,18,0,0
44.40999302846833,2.70864278507756,0,31708.589115992894,4.878951377677371,28.587285533665167,50,2,1
21.812299058049284,2.9843058046576525,1,36100.02948336311,0.07362323407302696,50.96575516507745,16,1,0
17.42182749979545,3.949504237060127,0,93446.7181950537,3.0860378822604795,54.97820503082704,86,0,1
32.054235634400726,1.39316137579987,1,34188.35982783247,6.430513403449875,91.0459056213651,0,2,1
14.947571287368099,2.0681675567353723,0,8573.703547869723,6.127434837576525,9.094356240499884,23,0,1
13.31589541628233,1.8803542820881152,1,111908.62173009284,9.49551116905895,28.59516642575482,21,1,0
47.502439472698796,0.6895420729927687,0,33651.51583241787,6.154213271459002,92.42728439687936,54,0,0
28.97561172971104,3.379749229977636,1,66497.55458757226,2.933240248333848,9.825290816760344,37,1,0
18.930088603599337,2.786797383907464,0,52521.83125093099,0.0819610884128763,112.26588661809187,15,1,2
38.037870403792745,2.5309066387635006,1,109018.2663446505,1.2706423908246467,36.83012238820851,0,2,0
45.732847421913476,3.132060451075521,0,16094.049909092366,3.880775100360885,59.203376218432105,60,2,1
13.382057119338553,3.0262936601290154,1,25428.39207146337,4.51980342301886,72.48456194361631,19,0,0
26.432382455361548,0.36578083662571204,1,61285.168869155124,3.818275256744177,34.67213116476178,26,0,1
23.206089106159936,1.498785502301897,0,50081.22270945129,3.8006832961736214,59.029725607347146,100,0,2
45.90184128644275,2.0166904298618005,1,64007.086724822686,8.231256555702828,55.95716516143606,55,0,1
17.18180866141147,0.9416009309460155,1,106567.12387194589,9.610464829490406,98.19911303617675,79,1,2
20.990076967022215,3.603867917866648,1,80897.31332686827,4.399980035188587,14.193778267070165,68,0,0
13.276268436115792,3.370971501948665,0,51856.34592232992,4.526221654754617,87.90293247699745,12,0,1
34.59839758981006,3.834816357827097,1,93511.25725813411,6.7875331119632705,66.4321839158349,20,2,1
18.230817178144818,0.08081903996825068,1,41874.45524677815,9.67061175834852,13.218270078964096,22,0,0
36.88933838658503,0.4871113761499962,0,56137.19806337553,3.915293685878863,30.22174208642845,9,2,2
19.79966985071746,1.2200724670243117,0,106346.83785919828,6.819374218991251,79.8822671578677,77,2,2
43.46153940845231,2.7074504719654287,1,17166.648283093415,4.080981796320504,62.4311789128799,2,2,0
38.47402413783378,0.38747209166661134,0,67207.58957456348,5.21946206423202,34.62758636522944,92,1,0
47.13089259288906,4.636512398796757,0,112259.6466232863,4.068887881151858,73.81421744566839,29,1,1
27.119940466939884,0.14773632351427368,1,96944.51058249292,6.886948016265882,106.10994498335593,35,0,2
16.478043322639717,3.160289212034556,1,62100.25354469497,8.039447296683447,6.64954082740973,15,0,0
47.762174298800005,3.8118689118213416,0,110833.2152434536,5.317067389416318,87.05924746773765,79,1,1
35.67000045773332,2.920881063297091,1,111280.21858465507,7.652404413226812,25.110815108582717,42,2,0
46.34514269015494,1.926290319562587,1,74911.24656997179,9.27101446506033,80.99725270727143,14,1,0
14.371537175898924,2.057355560600261,0,16094.049909092366,3.6526339765728544,59.203376218432105,22,2,1
43.46153940845231,3.1781962427238235,1,79770.73847555649,4.41823864264965,62.4311789128799,3,2,0
27.119940466939884,0.14773632351427368,1,96944.51058249292,3.1398559006244278,54.88708589185549,35,0,2
15.677961420384957,2.786797383907464,0,52521.83125093099,1.0784135664482586,112.26588661809187,15,1,2
44.55599933953765,2.7426222643064455,0,31708.589115992894,4.884730538557492,30.03317345950247,50,1,0
18.230817178144818,0.12578232414909518,1,41874.45524677815,7.6855109013805105,13.28276876695394,22,2,0
34.739630454787175,3.834816357827097,1,56234.93598440107,6.693273349308027,67.20222020671683,20,2,1
17.18180866141147,0.9416009309460155,1,105267.69529362317,9.610464829490406,96.7612038684432,75,1,2
13.382057119338553,3.0262936601290154,1,107640.41372688257,1.3773106660888434,72.48456194361631,16,0,0
16.48442997456083,3.160289212034556,1,62100.25354469497,8.039447296683447,89.09071944692803,15,0,0
26.432382455361548,0.36578083662571204,1,67148.54729011064,4.479036328214986,34.67213116476178,99,0,1
45.90184128644275,2.0166904298618005,1,64007.086724822686,8.231256555702828,57.18200279365151,55,0,1
46.34514269015494,1.9087185068547785,0,71369.2078706,9.27101446506033,73.48350996014958,14,1,1
47.502439472698796,1.751628450306999,0,33640.952935413734,6.1622517396155665,92.42728439687936,54,0,1
46.29801935570341,3.0913065252912686,0,8573.703547869723,6.127434837576525,9.094356240499884,61,0,1
20.990076967022215,2.7877325546617158,1,18294.20619280007,3.8470048942192805,14.193778267070165,72,0,0
17.42182749979545,3.949504237060127,0,93446.7181950537,6.833129998848903,106.20019952889348,86,0,1
19.79966985071746,1.2200724670243117,0,106346.83785919828,6.819374218991251,85.67396041528099,77,2,2
23.206089106159936,1.498785502301897,0,46691.864321005465,3.2234752746928894,59.029725607347146,100,0,2
28.82953706360435,3.379749229977636,1,66497.55458757226,2.927461087461758,8.379469700417195,37,2,1
35.67000045773332,2.8798065164953597,1,111280.21858465507,9.674062128649643,14.44935112000966,42,0,0
36.748105521607926,0.4871113761499962,0,93413.51891039999,3.915293685878863,29.4517060522054,9,2,2
21.812299058049284,2.9843058046576525,1,37393.42120954855,0.07362323407302696,50.96575516507745,14,1,0
38.037870403792745,2.5309066387635006,1,26776.465284234364,4.413139729757175,36.83012238820851,2,2,0
13.26988178522678,3.370971501948665,0,51856.34592232992,4.526221654754617,5.70049974651716,12,0,1
38.47402413783378,0.38747209166661134,0,66381.35114303298,5.21946206423202,34.62758636522944,19,1,0
47.762174298800005,3.8118689118213416,0,110833.2152434536,5.600662096487903,87.05924746773765,79,1,1
47.13089259288906,4.652700018385858,1,112259.6466232863,4.068887881151858,81.32796019279024,29,1,0
32.054235634400726,0.8877168430496848,1,31782.05286616455,6.422474935293311,91.0459056213651,0,2,0
47.502439472698796,1.8563904094590857,0,33651.51583241787,6.154213271459002,105.18407524024994,54,0,0
19.6125841789893,3.2142958939449837,1,106522.07340436059,7.010209904781723,61.90733361362622,3,2,0
20.325649764866114,2.9843058046576525,1,37359.65782481035,0.07362323407302696,50.96575516507745,16,1,0
14.194262473093364,2.8104211666372847,1,18294.20619280007,9.396016780747223,22.57124168781621,73,0,0
40.05539450273441,3.3737649841439943,1,66497.55458757226,2.872764830416286,9.825290816760344,39,1,0
17.42182749979545,3.949504237060127,0,84225.45495970878,3.0860378822604795,54.97820503082704,84,0,1
16.479992492896862,3.834816357827097,1,7965.560474501188,6.698344097717724,67.20222020671683,20,2,1
23.206089106159936,1.849042901033267,0,34680.07108815992,3.224322128252194,100.76557449332009,100,0,2
38.037870403792745,2.5309066387635006,1,34075.87817290225,1.2706423908246467,35.891329892333616,0,2,0
11.966581423634608,3.2985938746124273,1,61277.876542625476,4.588641955341258,34.67213116476178,26,0,1
18.230817178144818,0.12578232414909518,1,41874.45524677815,7.6855109013805105,13.282947661454953,22,2,0
39.60417507988434,1.981230544891168,0,16094.049909092366,3.655114849121126,60.64332053353294,22,2,1
17.492523722886446,3.0208044533701086,1,25151.330661999218,0.01087080224258763,72.48456194361631,19,0,0
16.379098380827227,3.3995032502227938,1,62100.25354469497,8.039447296683447,10.858675885162391,15,0,0
15.677961420384957,2.786797383907464,0,74854.88748489002,9.456848238167325,112.28332096687218,14,1,2
14.160300808695103,1.39316137579987,1,34188.35982783247,1.6052076644722981,67.29895565155414,0,2,1
43.64814598203806,1.183973005929744,0,79595.49536259247,4.227402955988373,80.40611245712012,77,2,2
21.812299058049284,2.9843058046576525,1,36133.792868101315,0.07362323407302696,50.96575516507745,14,1,0
20.368635321054768,2.157847341228943,1,102433.38443658536,3.9402389827034745,28.59516642575482,16,1,0
29.76522734957129,2.536890884596987,1,28356.9231093181,4.4736151476758454,36.83012238820851,2,2,0
13.276268436115792,3.370971501948665,0,51856.34592232992,4.526221654754617,87.90293247699745,14,0,1
33.2076074235418,2.0681675567353723,0,56854.53229004907,6.122364089166828,9.094356240499884,23,0,1
47.502439472698796,1.5061330107277158,0,45663.30906526345,6.153366418227099,63.448017554316564,54,0,0
32.054235634400726,0.8877168430496848,1,106703.72669292316,6.422474935293311,91.9846812945669,0,2,0
27.74948236825859,0.43953669315564525,0,51863.63824885956,3.5279755031955715,5.70049974651716,17,0,1
18.090269889538455,0.08081903996825068,1,41874.45524677815,9.67061175834852,13.218091184463082,22,0,0
11.668335114927293,1.0979835299182108,0,110635.37809475482,3.611713490981748,15.631104701766077,9,2,2
18.930088603599337,2.7922865906663707,0,52798.892695561706,4.032260250490003,112.26588661809187,15,1,2
16.478577054893815,3.160289212034556,1,41872.45631201324,7.071760384925959,84.98975925713674,15,0,0
46.34514269015494,1.926290319562587,1,52578.190336010965,0.8707983065440459,80.99725270727143,15,1,0
31.277896934360115,3.0262936601290154,1,107640.41372688257,6.202684432198133,90.79193507271117,16,0,0
13.21466876320363,2.971754299182337,1,37393.42120954855,0.02154260154824783,50.96575516507745,12,1,0
12.301772750599662,3.0262936601290154,1,107640.41372688257,1.3773106660888434,5.314333686722584,16,0,0
24.20097433574476,3.202419633535573,1,41874.45524677815,9.67061175834852,13.33531558213609,27,1,0
31.392357639935017,3.212303316717465,1,106522.07340436059,7.004271396266796,91.81198098376116,3,2,0
14.194262473093364,2.8228644063352255,1,18294.20619280007,6.6781523913691005,13.409115340210084,25,2,1
17.492523722886446,3.0208044533701086,1,28723.336665675055,9.688173407798258,72.48456194361631,22,1,0
33.7627747236446,1.39316137579987,1,34188.35982783247,6.430513403449875,91.0459056213651,0,2,0
14.160300808695103,1.39316137579987,1,36013.65047059206,1.6052076644722981,67.29895565155414,16,2,1
13.7179528873168,3.3135029004390013,1,25428.39207146337,4.51980342301886,72.48456194361631,9,0,0
13.934683138764875,2.057355560600261,0,16039.910601636759,3.6526339765728544,63.815466753510314,22,2,1
40.22857690540411,3.1781962427238235,1,74807.77403220037,4.41823864264965,61.880791115658425,3,2,0
20.325649764866114,2.9843058046576525,1,53053.39386329736,0.07362323407302696,78.01451111104693,16,0,0
26.367976627805096,0.4339544358991705,1,61285.168869155124,3.8904303542490903,90.89883508442259,26,0,0
11.966581423634608,0.3921165363968584,1,61538.308600893244,4.096479123481605,32.87318105749935,22,0,1
20.98137375250853,3.160289212034556,1,41872.45631201324,7.071760384925959,52.65155639003247,15,0,0
21.913551220483022,1.892905787563914,1,111908.62173009284,9.882501119532904,28.59516642575482,21,1,0
13.26988178522678,3.370971501948665,0,51856.34592232992,4.526221654754617,68.88828522391454,14,0,1
28.97561172971104,0.05249066130753999,1,66497.55458757226,2.933240248333848,9.708066419087352,37,0,0
19.498123528361575,3.028286237356534,1,107809.7229021003,6.2086229407130595,59.02670067078171,16,0,0
16.479992492896862,3.8223731180399296,1,7965.560474501188,9.416032229708325,67.20222020671683,72,0,0
18.230817178144818,0.08081903996825068,1,41874.45524677815,0.1337656793890023,13.218270078964096,19,0,0
39.0276193598019,1.8563904094590857,0,33651.51583241787,6.922252635747117,106.93760575208601,55,0,1
18.930088603599337,2.7922865906663707,0,52798.892695561706,4.032260250490003,112.26588661809187,0,1,2
13.276268436115792,3.038553897380405,0,51856.34592232992,4.526221654754617,87.90293247699745,12,0,1
21.812299058049284,2.9843058046576525,1,36187.93225959188,0.07362323407302696,50.738293640336636,14,1,0
46.56981046383626,1.926290319562587,1,79874.2110133279,9.27101446506033,81.54764050448861,14,1,0
13.276268436115792,3.5586367038471995,0,36162.6098838443,3.828929558861076,62.180432288838304,14,1,1
16.548836045991195,3.093128161356537,1,62100.25354469497,7.967290469039359,32.86400145591243,15,0,1
18.230817178144818,3.0454908480326024,1,41614.02318851196,7.6855109013805105,15.081719556350071,26,2,0
16.555568748619265,2.9843058046576525,1,36100.02948336311,0.07362323407302696,83.3039580241039,16,1,0
11.90089738978926,3.1505975679201557,1,20458.040076456535,9.396016780747223,21.764416917159487,73,0,0
16.98246671018179,3.093128161356537,1,62100.25354469497,7.967290469039359,92.26486792889335,20,2,1
16.48442997456083,3.160289212034556,1,62100.25354469497,8.039447296683447,50.08103425001576,15,0,0
14.160300808695103,1.39316137579987,1,34510.68117641244,2.2486333548493453,67.29814726323326,0,2,1
21.812299058049284,3.1616350577062455,1,36100.02948336311,0.4724616062403819,44.03390467341075,16,0,0
14.424161371458615,3.0208044533701086,1,32451.617571389164,9.744144578670575,72.48456194361631,41,1,0
32.054235634400726,1.39316137579987,1,33141.76980161414,6.430513403449875,51.54455273214279,12,2,0
23.815150152376635,3.3739825392491474,0,50792.959403866276,0.033921860123108605,0.9685363792016313,12,1,1
20.325649764866114,2.9843058046576525,1,53053.39386329736,7.5744658577927915,11.747535386189782,13,0,0
13.700754325606956,3.3112233482533897,1,52819.50234561032,4.520067500416964,87.90293247699745,14,0,1
11.966581423634608,3.2985938746124273,1,61277.876542625476,5.15569837163431,34.67213116476178,26,1,0
17.491678159499504,3.0262936601290154,1,24069.218211071762,1.1454157987725466,68.90007434434689,7,0,0
18.090269889538455,1.9282683348188494,1,41874.45524677815,9.2665460611794,12.793973113315289,16,0,0
19.011444477401753,0.09307558046296993,1,47828.415515937464,0.1337656793890023,13.218270078964096,12,0,0
20.98137375250853,3.160289212034556,1,41872.45631201324,6.2418253150946015,52.65155639003247,14,0,0
14.25994651953598,0.11076350141290447,1,61538.308600893244,4.096479123481605,33.68000582816341,17,0,1
33.32917394374908,0.6525426901865976,1,33626.582889266596,6.430513403449875,31.645011379389025,8,0,0
21.812299058049284,2.9843058046576525,1,36133.792868101315,0.07362323407302696,89.97543997114134,14,1,0
14.78328001870398,3.834816357827097,1,7965.560474501188,6.698344097717724,67.20302859503772,22,2,1
16.478577054893815,2.982959958985963,1,41872.45631201324,6.760088040582113,89.13948685929304,15,1,0
17.262624824593033,2.6543339461184012,1,18264.237535247095,6.615590344451492,13.409115340210084,22,2,1
13.21466876320363,2.971754299182337,1,34054.42743428856,0.9125425187832836,90.46710768194878,0,1,1
17.074173769456664,2.98129476735717,1,38456.80772801224,4.742491948937811,51.055845118687564,14,0,0
18.230817178144818,0.12578232414909518,1,41874.45524677815,0.28906990602986005,70.50541367114937,22,2,0
13.293466997825634,3.3732510541342764,0,24465.235729501488,4.525957577356515,72.48456194361631,9,0,0
21.812299058049284,2.9843058046576525,1,36187.93225959188,0.0022040715486044693,50.738293640336636,14,0,1
13.38290269387332,3.0208044533701086,1,108683.69634238892,0.01087080224258763,72.48456194361631,11,0,0
46.34514269015494,0.07250362391485721,1,74911.24656997179,9.675080160216808,79.13803098067409,22,1,0
14.297831956060048,3.3884307246327223,0,52047.51088986751,4.526221654754617,87.90293247699745,13,0,1
34.680500355830816,3.0262936601290154,1,107638.17768708794,7.03261950202949,89.23228188624907,13,0,0
